subject_id,item_name,rating
55595b70fdf99b387ae30d2b,swisscheese,30
55595b70fdf99b387ae30d2b,baguette,64
55595b70fdf99b387ae30d2b,doritos,89
55595b70fdf99b387ae30d2b,almonds,98
55595b70fdf99b387ae30d2b,saltinecracker,84
55595b70fdf99b387ae30d2b,butteredpopcorn,66
55595b70fdf99b387ae30d2b,churro,38
55595b70fdf99b387ae30d2b,eggrolls,58
55595b70fdf99b387ae30d2b,madeleine,7
55595b70fdf99b387ae30d2b,apple,83
55595b70fdf99b387ae30d2b,kiwi,24
55595b70fdf99b387ae30d2b,triscuits,78
55595b70fdf99b387ae30d2b,frostedbrownie,91
55595b70fdf99b387ae30d2b,deliturkey,99
55595b70fdf99b387ae30d2b,oatmealraisincookie,12
55595b70fdf99b387ae30d2b,lindtlindorchocolatetruffle,37
55595b70fdf99b387ae30d2b,chocolatewafer,80
55595b70fdf99b387ae30d2b,vanillasoftservecone,95
55595b70fdf99b387ae30d2b,boulebread,32
55595b70fdf99b387ae30d2b,slicedloafbread,98
55595b70fdf99b387ae30d2b,chocolatebark,74
55595b70fdf99b387ae30d2b,tortillachips,76
55595b70fdf99b387ae30d2b,milkchocolate,92
55595b70fdf99b387ae30d2b,twix,100
55595b70fdf99b387ae30d2b,meatballs,21
55595b70fdf99b387ae30d2b,raspberry,72
55595b70fdf99b387ae30d2b,chickentenders,100
55595b70fdf99b387ae30d2b,peanuts,1
55595b70fdf99b387ae30d2b,grape,94
55595b70fdf99b387ae30d2b,potatochips,89
55595b70fdf99b387ae30d2b,toblerone,67
55595b70fdf99b387ae30d2b,darkchocolate,77
55595b70fdf99b387ae30d2b,ritzcracker,87
55595b70fdf99b387ae30d2b,caramel,37
55595b70fdf99b387ae30d2b,vanillawafer,68
55595b70fdf99b387ae30d2b,ryebread,1
55595b70fdf99b387ae30d2b,orange,100
55595b70fdf99b387ae30d2b,twistdonut,32
55595b70fdf99b387ae30d2b,tuilecookie,22
55595b70fdf99b387ae30d2b,plum,1
55595b70fdf99b387ae30d2b,goldendeliciousapple,72
55595b70fdf99b387ae30d2b,blackberry,1
55595b70fdf99b387ae30d2b,nutrigrainbar,74
55595b70fdf99b387ae30d2b,sugarcookie,85
55595b70fdf99b387ae30d2b,wavylays,34
55595b70fdf99b387ae30d2b,pocky,90
55595b70fdf99b387ae30d2b,strawberryicecreamcone,94
55595b70fdf99b387ae30d2b,carrot,1
55595b70fdf99b387ae30d2b,wheatthins,70
55595b70fdf99b387ae30d2b,lemoncake,25
55595b70fdf99b387ae30d2b,peach,1
55595b70fdf99b387ae30d2b,greenbellpepper,49
55595b70fdf99b387ae30d2b,peanutmms,80
55595b70fdf99b387ae30d2b,honeydewmelon,77
55595b70fdf99b387ae30d2b,gouda,20
55595b70fdf99b387ae30d2b,chocolateicecreamcone,84
55595b70fdf99b387ae30d2b,brownie,89
55595b70fdf99b387ae30d2b,cherry,6
55595b70fdf99b387ae30d2b,frenchfries,76
55595b70fdf99b387ae30d2b,thumprintcookie,31
558acd52fdf99b65685f03d9,kiwi,1
558acd52fdf99b65685f03d9,eggrolls,9
558acd52fdf99b65685f03d9,thumprintcookie,1
558acd52fdf99b65685f03d9,vanillawafer,3
558acd52fdf99b65685f03d9,lemoncake,31
558acd52fdf99b65685f03d9,peanuts,1
558acd52fdf99b65685f03d9,wavylays,7
558acd52fdf99b65685f03d9,chocolateicecreamcone,77
558acd52fdf99b65685f03d9,toblerone,18
558acd52fdf99b65685f03d9,strawberryicecreamcone,94
558acd52fdf99b65685f03d9,darkchocolate,98
558acd52fdf99b65685f03d9,potatochips,9
558acd52fdf99b65685f03d9,tuilecookie,1
558acd52fdf99b65685f03d9,goldendeliciousapple,7
558acd52fdf99b65685f03d9,slicedloafbread,8
558acd52fdf99b65685f03d9,swisscheese,50
558acd52fdf99b65685f03d9,meatballs,14
558acd52fdf99b65685f03d9,plum,5
558acd52fdf99b65685f03d9,cherry,1
558acd52fdf99b65685f03d9,frostedbrownie,68
558acd52fdf99b65685f03d9,butteredpopcorn,15
558acd52fdf99b65685f03d9,wheatthins,50
558acd52fdf99b65685f03d9,boulebread,12
558acd52fdf99b65685f03d9,chickentenders,71
558acd52fdf99b65685f03d9,almonds,1
558acd52fdf99b65685f03d9,baguette,6
558acd52fdf99b65685f03d9,carrot,52
558acd52fdf99b65685f03d9,milkchocolate,76
558acd52fdf99b65685f03d9,peanutmms,1
558acd52fdf99b65685f03d9,pocky,36
558acd52fdf99b65685f03d9,brownie,98
558acd52fdf99b65685f03d9,raspberry,25
558acd52fdf99b65685f03d9,tortillachips,71
558acd52fdf99b65685f03d9,apple,13
558acd52fdf99b65685f03d9,ryebread,9
558acd52fdf99b65685f03d9,chocolatewafer,20
558acd52fdf99b65685f03d9,oatmealraisincookie,89
558acd52fdf99b65685f03d9,doritos,87
558acd52fdf99b65685f03d9,caramel,7
558acd52fdf99b65685f03d9,triscuits,7
558acd52fdf99b65685f03d9,deliturkey,13
558acd52fdf99b65685f03d9,madeleine,9
558acd52fdf99b65685f03d9,lindtlindorchocolatetruffle,54
558acd52fdf99b65685f03d9,twistdonut,18
558acd52fdf99b65685f03d9,twix,72
558acd52fdf99b65685f03d9,orange,100
558acd52fdf99b65685f03d9,ritzcracker,48
558acd52fdf99b65685f03d9,honeydewmelon,13
558acd52fdf99b65685f03d9,gouda,7
558acd52fdf99b65685f03d9,chocolatebark,1
558acd52fdf99b65685f03d9,frenchfries,29
558acd52fdf99b65685f03d9,nutrigrainbar,11
558acd52fdf99b65685f03d9,vanillasoftservecone,100
558acd52fdf99b65685f03d9,peach,93
558acd52fdf99b65685f03d9,churro,1
558acd52fdf99b65685f03d9,grape,100
558acd52fdf99b65685f03d9,saltinecracker,10
558acd52fdf99b65685f03d9,sugarcookie,33
558acd52fdf99b65685f03d9,greenbellpepper,57
558acd52fdf99b65685f03d9,blackberry,20
561bbdf9811d22000df3138a,blackberry,76
561bbdf9811d22000df3138a,peach,77
561bbdf9811d22000df3138a,gouda,34
561bbdf9811d22000df3138a,frenchfries,64
561bbdf9811d22000df3138a,cherry,80
561bbdf9811d22000df3138a,wavylays,71
561bbdf9811d22000df3138a,brownie,61
561bbdf9811d22000df3138a,strawberryicecreamcone,66
561bbdf9811d22000df3138a,almonds,43
561bbdf9811d22000df3138a,chocolateicecreamcone,57
561bbdf9811d22000df3138a,tortillachips,93
561bbdf9811d22000df3138a,ritzcracker,83
561bbdf9811d22000df3138a,plum,92
561bbdf9811d22000df3138a,vanillasoftservecone,46
561bbdf9811d22000df3138a,oatmealraisincookie,69
561bbdf9811d22000df3138a,eggrolls,90
561bbdf9811d22000df3138a,churro,71
561bbdf9811d22000df3138a,nutrigrainbar,87
561bbdf9811d22000df3138a,ryebread,68
561bbdf9811d22000df3138a,baguette,60
561bbdf9811d22000df3138a,kiwi,44
561bbdf9811d22000df3138a,orange,78
561bbdf9811d22000df3138a,greenbellpepper,45
561bbdf9811d22000df3138a,carrot,38
561bbdf9811d22000df3138a,triscuits,78
561bbdf9811d22000df3138a,butteredpopcorn,79
561bbdf9811d22000df3138a,saltinecracker,77
561bbdf9811d22000df3138a,deliturkey,62
561bbdf9811d22000df3138a,frostedbrownie,67
561bbdf9811d22000df3138a,wheatthins,74
561bbdf9811d22000df3138a,lindtlindorchocolatetruffle,62
561bbdf9811d22000df3138a,peanuts,57
561bbdf9811d22000df3138a,milkchocolate,59
561bbdf9811d22000df3138a,twix,66
561bbdf9811d22000df3138a,sugarcookie,65
561bbdf9811d22000df3138a,twistdonut,76
561bbdf9811d22000df3138a,madeleine,47
561bbdf9811d22000df3138a,caramel,43
561bbdf9811d22000df3138a,doritos,98
561bbdf9811d22000df3138a,pocky,57
561bbdf9811d22000df3138a,darkchocolate,59
561bbdf9811d22000df3138a,meatballs,79
561bbdf9811d22000df3138a,apple,83
561bbdf9811d22000df3138a,thumprintcookie,60
561bbdf9811d22000df3138a,swisscheese,41
561bbdf9811d22000df3138a,honeydewmelon,34
561bbdf9811d22000df3138a,chocolatewafer,69
561bbdf9811d22000df3138a,grape,75
561bbdf9811d22000df3138a,lemoncake,66
561bbdf9811d22000df3138a,peanutmms,67
561bbdf9811d22000df3138a,chocolatebark,83
561bbdf9811d22000df3138a,goldendeliciousapple,65
561bbdf9811d22000df3138a,potatochips,83
561bbdf9811d22000df3138a,toblerone,65
561bbdf9811d22000df3138a,boulebread,71
561bbdf9811d22000df3138a,tuilecookie,57
561bbdf9811d22000df3138a,vanillawafer,56
561bbdf9811d22000df3138a,slicedloafbread,70
561bbdf9811d22000df3138a,raspberry,83
561bbdf9811d22000df3138a,chickentenders,89
576704bffdff7a0001c12890,doritos,53
576704bffdff7a0001c12890,swisscheese,65
576704bffdff7a0001c12890,milkchocolate,22
576704bffdff7a0001c12890,peach,90
576704bffdff7a0001c12890,plum,89
576704bffdff7a0001c12890,ritzcracker,51
576704bffdff7a0001c12890,butteredpopcorn,1
576704bffdff7a0001c12890,twix,2
576704bffdff7a0001c12890,peanuts,69
576704bffdff7a0001c12890,peanutmms,1
576704bffdff7a0001c12890,almonds,20
576704bffdff7a0001c12890,blackberry,81
576704bffdff7a0001c12890,orange,49
576704bffdff7a0001c12890,toblerone,18
576704bffdff7a0001c12890,vanillawafer,58
576704bffdff7a0001c12890,eggrolls,1
576704bffdff7a0001c12890,wavylays,7
576704bffdff7a0001c12890,ryebread,58
576704bffdff7a0001c12890,brownie,52
576704bffdff7a0001c12890,raspberry,85
576704bffdff7a0001c12890,chickentenders,1
576704bffdff7a0001c12890,vanillasoftservecone,1
576704bffdff7a0001c12890,tuilecookie,1
576704bffdff7a0001c12890,wheatthins,52
576704bffdff7a0001c12890,slicedloafbread,34
576704bffdff7a0001c12890,lemoncake,4
576704bffdff7a0001c12890,honeydewmelon,99
576704bffdff7a0001c12890,meatballs,57
576704bffdff7a0001c12890,nutrigrainbar,26
576704bffdff7a0001c12890,cherry,49
576704bffdff7a0001c12890,potatochips,36
576704bffdff7a0001c12890,churro,49
576704bffdff7a0001c12890,thumprintcookie,49
576704bffdff7a0001c12890,boulebread,61
576704bffdff7a0001c12890,tortillachips,51
576704bffdff7a0001c12890,sugarcookie,38
576704bffdff7a0001c12890,chocolateicecreamcone,1
576704bffdff7a0001c12890,kiwi,69
576704bffdff7a0001c12890,apple,83
576704bffdff7a0001c12890,pocky,50
576704bffdff7a0001c12890,lindtlindorchocolatetruffle,1
576704bffdff7a0001c12890,goldendeliciousapple,92
576704bffdff7a0001c12890,baguette,54
576704bffdff7a0001c12890,oatmealraisincookie,63
576704bffdff7a0001c12890,deliturkey,1
576704bffdff7a0001c12890,grape,100
576704bffdff7a0001c12890,gouda,74
576704bffdff7a0001c12890,twistdonut,50
576704bffdff7a0001c12890,chocolatebark,10
576704bffdff7a0001c12890,greenbellpepper,80
576704bffdff7a0001c12890,frenchfries,40
576704bffdff7a0001c12890,chocolatewafer,50
576704bffdff7a0001c12890,madeleine,63
576704bffdff7a0001c12890,saltinecracker,51
576704bffdff7a0001c12890,carrot,81
576704bffdff7a0001c12890,caramel,3
576704bffdff7a0001c12890,strawberryicecreamcone,1
576704bffdff7a0001c12890,triscuits,50
576704bffdff7a0001c12890,darkchocolate,5
576704bffdff7a0001c12890,frostedbrownie,49
57bd287fe028bc00010488ab,tuilecookie,30
57bd287fe028bc00010488ab,peach,59
57bd287fe028bc00010488ab,blackberry,26
57bd287fe028bc00010488ab,swisscheese,62
57bd287fe028bc00010488ab,churro,48
57bd287fe028bc00010488ab,darkchocolate,68
57bd287fe028bc00010488ab,lindtlindorchocolatetruffle,54
57bd287fe028bc00010488ab,baguette,63
57bd287fe028bc00010488ab,chocolatebark,67
57bd287fe028bc00010488ab,frostedbrownie,52
57bd287fe028bc00010488ab,meatballs,48
57bd287fe028bc00010488ab,nutrigrainbar,37
57bd287fe028bc00010488ab,honeydewmelon,43
57bd287fe028bc00010488ab,boulebread,44
57bd287fe028bc00010488ab,plum,72
57bd287fe028bc00010488ab,strawberryicecreamcone,65
57bd287fe028bc00010488ab,almonds,65
57bd287fe028bc00010488ab,brownie,44
57bd287fe028bc00010488ab,carrot,44
57bd287fe028bc00010488ab,chocolateicecreamcone,51
57bd287fe028bc00010488ab,wavylays,43
57bd287fe028bc00010488ab,cherry,69
57bd287fe028bc00010488ab,grape,59
57bd287fe028bc00010488ab,madeleine,46
57bd287fe028bc00010488ab,kiwi,57
57bd287fe028bc00010488ab,chocolatewafer,51
57bd287fe028bc00010488ab,oatmealraisincookie,52
57bd287fe028bc00010488ab,triscuits,38
57bd287fe028bc00010488ab,goldendeliciousapple,69
57bd287fe028bc00010488ab,apple,62
57bd287fe028bc00010488ab,caramel,58
57bd287fe028bc00010488ab,peanutmms,53
57bd287fe028bc00010488ab,peanuts,53
57bd287fe028bc00010488ab,vanillawafer,51
57bd287fe028bc00010488ab,orange,69
57bd287fe028bc00010488ab,chickentenders,68
57bd287fe028bc00010488ab,raspberry,64
57bd287fe028bc00010488ab,toblerone,61
57bd287fe028bc00010488ab,lemoncake,45
57bd287fe028bc00010488ab,doritos,71
57bd287fe028bc00010488ab,pocky,33
57bd287fe028bc00010488ab,slicedloafbread,65
57bd287fe028bc00010488ab,potatochips,54
57bd287fe028bc00010488ab,sugarcookie,57
57bd287fe028bc00010488ab,twix,49
57bd287fe028bc00010488ab,ryebread,51
57bd287fe028bc00010488ab,vanillasoftservecone,63
57bd287fe028bc00010488ab,ritzcracker,45
57bd287fe028bc00010488ab,thumprintcookie,35
57bd287fe028bc00010488ab,gouda,53
57bd287fe028bc00010488ab,wheatthins,43
57bd287fe028bc00010488ab,deliturkey,64
57bd287fe028bc00010488ab,greenbellpepper,65
57bd287fe028bc00010488ab,saltinecracker,45
57bd287fe028bc00010488ab,tortillachips,49
57bd287fe028bc00010488ab,milkchocolate,74
57bd287fe028bc00010488ab,butteredpopcorn,43
57bd287fe028bc00010488ab,twistdonut,48
57bd287fe028bc00010488ab,eggrolls,46
57bd287fe028bc00010488ab,frenchfries,68
59948cbdcf1d1700016efa45,tuilecookie,18
59948cbdcf1d1700016efa45,cherry,47
59948cbdcf1d1700016efa45,frostedbrownie,46
59948cbdcf1d1700016efa45,raspberry,83
59948cbdcf1d1700016efa45,thumprintcookie,37
59948cbdcf1d1700016efa45,saltinecracker,51
59948cbdcf1d1700016efa45,kiwi,79
59948cbdcf1d1700016efa45,peanuts,63
59948cbdcf1d1700016efa45,strawberryicecreamcone,28
59948cbdcf1d1700016efa45,frenchfries,50
59948cbdcf1d1700016efa45,apple,90
59948cbdcf1d1700016efa45,gouda,72
59948cbdcf1d1700016efa45,chocolatebark,55
59948cbdcf1d1700016efa45,milkchocolate,52
59948cbdcf1d1700016efa45,vanillasoftservecone,57
59948cbdcf1d1700016efa45,eggrolls,41
59948cbdcf1d1700016efa45,carrot,52
59948cbdcf1d1700016efa45,peanutmms,69
59948cbdcf1d1700016efa45,chickentenders,31
59948cbdcf1d1700016efa45,lemoncake,18
59948cbdcf1d1700016efa45,wheatthins,49
59948cbdcf1d1700016efa45,caramel,40
59948cbdcf1d1700016efa45,greenbellpepper,59
59948cbdcf1d1700016efa45,peach,77
59948cbdcf1d1700016efa45,tortillachips,61
59948cbdcf1d1700016efa45,plum,79
59948cbdcf1d1700016efa45,blackberry,79
59948cbdcf1d1700016efa45,churro,31
59948cbdcf1d1700016efa45,doritos,52
59948cbdcf1d1700016efa45,oatmealraisincookie,40
59948cbdcf1d1700016efa45,honeydewmelon,68
59948cbdcf1d1700016efa45,almonds,58
59948cbdcf1d1700016efa45,chocolatewafer,50
59948cbdcf1d1700016efa45,madeleine,33
59948cbdcf1d1700016efa45,goldendeliciousapple,64
59948cbdcf1d1700016efa45,ryebread,50
59948cbdcf1d1700016efa45,darkchocolate,60
59948cbdcf1d1700016efa45,lindtlindorchocolatetruffle,64
59948cbdcf1d1700016efa45,meatballs,49
59948cbdcf1d1700016efa45,potatochips,65
59948cbdcf1d1700016efa45,chocolateicecreamcone,50
59948cbdcf1d1700016efa45,slicedloafbread,32
59948cbdcf1d1700016efa45,butteredpopcorn,49
59948cbdcf1d1700016efa45,orange,89
59948cbdcf1d1700016efa45,ritzcracker,50
59948cbdcf1d1700016efa45,pocky,69
59948cbdcf1d1700016efa45,nutrigrainbar,60
59948cbdcf1d1700016efa45,twistdonut,39
59948cbdcf1d1700016efa45,baguette,49
59948cbdcf1d1700016efa45,swisscheese,68
59948cbdcf1d1700016efa45,wavylays,65
59948cbdcf1d1700016efa45,toblerone,53
59948cbdcf1d1700016efa45,sugarcookie,27
59948cbdcf1d1700016efa45,twix,63
59948cbdcf1d1700016efa45,brownie,49
59948cbdcf1d1700016efa45,grape,92
59948cbdcf1d1700016efa45,vanillawafer,30
59948cbdcf1d1700016efa45,deliturkey,51
59948cbdcf1d1700016efa45,triscuits,49
59948cbdcf1d1700016efa45,boulebread,72
5a6f57166923df0001ef8d02,doritos,46
5a6f57166923df0001ef8d02,milkchocolate,79
5a6f57166923df0001ef8d02,gouda,18
5a6f57166923df0001ef8d02,chocolatewafer,56
5a6f57166923df0001ef8d02,frenchfries,78
5a6f57166923df0001ef8d02,triscuits,36
5a6f57166923df0001ef8d02,twistdonut,87
5a6f57166923df0001ef8d02,chickentenders,86
5a6f57166923df0001ef8d02,brownie,90
5a6f57166923df0001ef8d02,kiwi,17
5a6f57166923df0001ef8d02,honeydewmelon,21
5a6f57166923df0001ef8d02,peanutmms,83
5a6f57166923df0001ef8d02,caramel,88
5a6f57166923df0001ef8d02,baguette,60
5a6f57166923df0001ef8d02,deliturkey,73
5a6f57166923df0001ef8d02,thumprintcookie,36
5a6f57166923df0001ef8d02,madeleine,45
5a6f57166923df0001ef8d02,cherry,31
5a6f57166923df0001ef8d02,raspberry,15
5a6f57166923df0001ef8d02,wheatthins,71
5a6f57166923df0001ef8d02,eggrolls,69
5a6f57166923df0001ef8d02,ryebread,43
5a6f57166923df0001ef8d02,lemoncake,85
5a6f57166923df0001ef8d02,churro,61
5a6f57166923df0001ef8d02,lindtlindorchocolatetruffle,89
5a6f57166923df0001ef8d02,vanillasoftservecone,68
5a6f57166923df0001ef8d02,grape,60
5a6f57166923df0001ef8d02,boulebread,56
5a6f57166923df0001ef8d02,carrot,51
5a6f57166923df0001ef8d02,meatballs,52
5a6f57166923df0001ef8d02,oatmealraisincookie,63
5a6f57166923df0001ef8d02,pocky,51
5a6f57166923df0001ef8d02,peanuts,83
5a6f57166923df0001ef8d02,frostedbrownie,87
5a6f57166923df0001ef8d02,darkchocolate,89
5a6f57166923df0001ef8d02,slicedloafbread,62
5a6f57166923df0001ef8d02,peach,27
5a6f57166923df0001ef8d02,toblerone,52
5a6f57166923df0001ef8d02,vanillawafer,44
5a6f57166923df0001ef8d02,twix,84
5a6f57166923df0001ef8d02,chocolateicecreamcone,52
5a6f57166923df0001ef8d02,nutrigrainbar,35
5a6f57166923df0001ef8d02,tuilecookie,42
5a6f57166923df0001ef8d02,tortillachips,51
5a6f57166923df0001ef8d02,plum,39
5a6f57166923df0001ef8d02,swisscheese,22
5a6f57166923df0001ef8d02,sugarcookie,79
5a6f57166923df0001ef8d02,wavylays,60
5a6f57166923df0001ef8d02,strawberryicecreamcone,46
5a6f57166923df0001ef8d02,almonds,56
5a6f57166923df0001ef8d02,goldendeliciousapple,51
5a6f57166923df0001ef8d02,apple,60
5a6f57166923df0001ef8d02,butteredpopcorn,76
5a6f57166923df0001ef8d02,greenbellpepper,49
5a6f57166923df0001ef8d02,ritzcracker,67
5a6f57166923df0001ef8d02,orange,46
5a6f57166923df0001ef8d02,blackberry,42
5a6f57166923df0001ef8d02,saltinecracker,74
5a6f57166923df0001ef8d02,chocolatebark,80
5a6f57166923df0001ef8d02,potatochips,79
5a973481f05361000171dd86,peach,24
5a973481f05361000171dd86,vanillasoftservecone,99
5a973481f05361000171dd86,carrot,2
5a973481f05361000171dd86,blackberry,32
5a973481f05361000171dd86,twistdonut,68
5a973481f05361000171dd86,lemoncake,77
5a973481f05361000171dd86,frostedbrownie,87
5a973481f05361000171dd86,boulebread,41
5a973481f05361000171dd86,chocolateicecreamcone,86
5a973481f05361000171dd86,nutrigrainbar,54
5a973481f05361000171dd86,honeydewmelon,55
5a973481f05361000171dd86,almonds,36
5a973481f05361000171dd86,thumprintcookie,73
5a973481f05361000171dd86,madeleine,59
5a973481f05361000171dd86,frenchfries,67
5a973481f05361000171dd86,orange,62
5a973481f05361000171dd86,goldendeliciousapple,16
5a973481f05361000171dd86,vanillawafer,68
5a973481f05361000171dd86,deliturkey,32
5a973481f05361000171dd86,chickentenders,71
5a973481f05361000171dd86,eggrolls,90
5a973481f05361000171dd86,milkchocolate,70
5a973481f05361000171dd86,cherry,22
5a973481f05361000171dd86,caramel,31
5a973481f05361000171dd86,sugarcookie,61
5a973481f05361000171dd86,twix,68
5a973481f05361000171dd86,greenbellpepper,36
5a973481f05361000171dd86,gouda,22
5a973481f05361000171dd86,chocolatewafer,70
5a973481f05361000171dd86,peanutmms,66
5a973481f05361000171dd86,chocolatebark,25
5a973481f05361000171dd86,plum,28
5a973481f05361000171dd86,ryebread,18
5a973481f05361000171dd86,baguette,71
5a973481f05361000171dd86,meatballs,70
5a973481f05361000171dd86,churro,89
5a973481f05361000171dd86,brownie,71
5a973481f05361000171dd86,wavylays,63
5a973481f05361000171dd86,wheatthins,65
5a973481f05361000171dd86,oatmealraisincookie,36
5a973481f05361000171dd86,swisscheese,67
5a973481f05361000171dd86,slicedloafbread,76
5a973481f05361000171dd86,strawberryicecreamcone,32
5a973481f05361000171dd86,pocky,22
5a973481f05361000171dd86,tortillachips,74
5a973481f05361000171dd86,doritos,91
5a973481f05361000171dd86,butteredpopcorn,85
5a973481f05361000171dd86,tuilecookie,24
5a973481f05361000171dd86,kiwi,12
5a973481f05361000171dd86,peanuts,24
5a973481f05361000171dd86,toblerone,79
5a973481f05361000171dd86,grape,42
5a973481f05361000171dd86,darkchocolate,91
5a973481f05361000171dd86,saltinecracker,80
5a973481f05361000171dd86,raspberry,16
5a973481f05361000171dd86,ritzcracker,72
5a973481f05361000171dd86,potatochips,73
5a973481f05361000171dd86,lindtlindorchocolatetruffle,73
5a973481f05361000171dd86,triscuits,57
5a973481f05361000171dd86,apple,34
5b82247316aa4400016aa924,vanillawafer,19
5b82247316aa4400016aa924,slicedloafbread,42
5b82247316aa4400016aa924,baguette,80
5b82247316aa4400016aa924,peach,56
5b82247316aa4400016aa924,tuilecookie,67
5b82247316aa4400016aa924,milkchocolate,90
5b82247316aa4400016aa924,frenchfries,100
5b82247316aa4400016aa924,potatochips,87
5b82247316aa4400016aa924,tortillachips,67
5b82247316aa4400016aa924,brownie,96
5b82247316aa4400016aa924,twistdonut,91
5b82247316aa4400016aa924,blackberry,73
5b82247316aa4400016aa924,ritzcracker,57
5b82247316aa4400016aa924,chickentenders,88
5b82247316aa4400016aa924,greenbellpepper,78
5b82247316aa4400016aa924,darkchocolate,95
5b82247316aa4400016aa924,honeydewmelon,73
5b82247316aa4400016aa924,gouda,80
5b82247316aa4400016aa924,kiwi,99
5b82247316aa4400016aa924,doritos,68
5b82247316aa4400016aa924,plum,72
5b82247316aa4400016aa924,toblerone,95
5b82247316aa4400016aa924,churro,95
5b82247316aa4400016aa924,lindtlindorchocolatetruffle,67
5b82247316aa4400016aa924,frostedbrownie,92
5b82247316aa4400016aa924,pocky,68
5b82247316aa4400016aa924,raspberry,51
5b82247316aa4400016aa924,thumprintcookie,70
5b82247316aa4400016aa924,vanillasoftservecone,74
5b82247316aa4400016aa924,carrot,30
5b82247316aa4400016aa924,boulebread,72
5b82247316aa4400016aa924,swisscheese,73
5b82247316aa4400016aa924,strawberryicecreamcone,92
5b82247316aa4400016aa924,chocolatewafer,82
5b82247316aa4400016aa924,cherry,60
5b82247316aa4400016aa924,lemoncake,80
5b82247316aa4400016aa924,peanuts,67
5b82247316aa4400016aa924,almonds,92
5b82247316aa4400016aa924,eggrolls,51
5b82247316aa4400016aa924,butteredpopcorn,96
5b82247316aa4400016aa924,twix,94
5b82247316aa4400016aa924,caramel,75
5b82247316aa4400016aa924,orange,79
5b82247316aa4400016aa924,madeleine,46
5b82247316aa4400016aa924,sugarcookie,63
5b82247316aa4400016aa924,chocolatebark,83
5b82247316aa4400016aa924,oatmealraisincookie,95
5b82247316aa4400016aa924,deliturkey,71
5b82247316aa4400016aa924,wavylays,62
5b82247316aa4400016aa924,goldendeliciousapple,33
5b82247316aa4400016aa924,saltinecracker,54
5b82247316aa4400016aa924,nutrigrainbar,18
5b82247316aa4400016aa924,grape,45
5b82247316aa4400016aa924,ryebread,69
5b82247316aa4400016aa924,apple,28
5b82247316aa4400016aa924,wheatthins,52
5b82247316aa4400016aa924,peanutmms,94
5b82247316aa4400016aa924,triscuits,42
5b82247316aa4400016aa924,chocolateicecreamcone,71
5b82247316aa4400016aa924,meatballs,55
5bfd81fb2feab400014d9060,cherry,82
5bfd81fb2feab400014d9060,slicedloafbread,33
5bfd81fb2feab400014d9060,peanutmms,52
5bfd81fb2feab400014d9060,almonds,62
5bfd81fb2feab400014d9060,goldendeliciousapple,56
5bfd81fb2feab400014d9060,pocky,3
5bfd81fb2feab400014d9060,vanillasoftservecone,69
5bfd81fb2feab400014d9060,doritos,32
5bfd81fb2feab400014d9060,honeydewmelon,64
5bfd81fb2feab400014d9060,chocolatewafer,60
5bfd81fb2feab400014d9060,darkchocolate,71
5bfd81fb2feab400014d9060,swisscheese,18
5bfd81fb2feab400014d9060,ritzcracker,29
5bfd81fb2feab400014d9060,vanillawafer,29
5bfd81fb2feab400014d9060,sugarcookie,19
5bfd81fb2feab400014d9060,greenbellpepper,26
5bfd81fb2feab400014d9060,madeleine,19
5bfd81fb2feab400014d9060,carrot,80
5bfd81fb2feab400014d9060,eggrolls,58
5bfd81fb2feab400014d9060,wheatthins,59
5bfd81fb2feab400014d9060,chocolateicecreamcone,59
5bfd81fb2feab400014d9060,strawberryicecreamcone,67
5bfd81fb2feab400014d9060,blackberry,28
5bfd81fb2feab400014d9060,oatmealraisincookie,74
5bfd81fb2feab400014d9060,tortillachips,19
5bfd81fb2feab400014d9060,nutrigrainbar,43
5bfd81fb2feab400014d9060,plum,61
5bfd81fb2feab400014d9060,toblerone,62
5bfd81fb2feab400014d9060,peanuts,64
5bfd81fb2feab400014d9060,twix,61
5bfd81fb2feab400014d9060,grape,70
5bfd81fb2feab400014d9060,baguette,63
5bfd81fb2feab400014d9060,triscuits,20
5bfd81fb2feab400014d9060,frenchfries,17
5bfd81fb2feab400014d9060,gouda,68
5bfd81fb2feab400014d9060,milkchocolate,62
5bfd81fb2feab400014d9060,deliturkey,42
5bfd81fb2feab400014d9060,saltinecracker,74
5bfd81fb2feab400014d9060,meatballs,84
5bfd81fb2feab400014d9060,apple,58
5bfd81fb2feab400014d9060,thumprintcookie,26
5bfd81fb2feab400014d9060,butteredpopcorn,24
5bfd81fb2feab400014d9060,tuilecookie,31
5bfd81fb2feab400014d9060,potatochips,27
5bfd81fb2feab400014d9060,peach,74
5bfd81fb2feab400014d9060,chocolatebark,46
5bfd81fb2feab400014d9060,lindtlindorchocolatetruffle,63
5bfd81fb2feab400014d9060,lemoncake,6
5bfd81fb2feab400014d9060,caramel,31
5bfd81fb2feab400014d9060,wavylays,14
5bfd81fb2feab400014d9060,kiwi,63
5bfd81fb2feab400014d9060,brownie,73
5bfd81fb2feab400014d9060,raspberry,23
5bfd81fb2feab400014d9060,ryebread,74
5bfd81fb2feab400014d9060,twistdonut,57
5bfd81fb2feab400014d9060,orange,81
5bfd81fb2feab400014d9060,boulebread,43
5bfd81fb2feab400014d9060,churro,21
5bfd81fb2feab400014d9060,frostedbrownie,76
5bfd81fb2feab400014d9060,chickentenders,67
5c8a3087879a350016defcd9,carrot,100
5c8a3087879a350016defcd9,darkchocolate,78
5c8a3087879a350016defcd9,triscuits,79
5c8a3087879a350016defcd9,plum,100
5c8a3087879a350016defcd9,tuilecookie,100
5c8a3087879a350016defcd9,madeleine,82
5c8a3087879a350016defcd9,almonds,50
5c8a3087879a350016defcd9,boulebread,100
5c8a3087879a350016defcd9,peanutmms,100
5c8a3087879a350016defcd9,peanuts,100
5c8a3087879a350016defcd9,vanillasoftservecone,52
5c8a3087879a350016defcd9,chocolatewafer,61
5c8a3087879a350016defcd9,wheatthins,100
5c8a3087879a350016defcd9,slicedloafbread,70
5c8a3087879a350016defcd9,goldendeliciousapple,100
5c8a3087879a350016defcd9,blackberry,81
5c8a3087879a350016defcd9,swisscheese,80
5c8a3087879a350016defcd9,butteredpopcorn,76
5c8a3087879a350016defcd9,tortillachips,100
5c8a3087879a350016defcd9,greenbellpepper,83
5c8a3087879a350016defcd9,peach,100
5c8a3087879a350016defcd9,churro,90
5c8a3087879a350016defcd9,grape,100
5c8a3087879a350016defcd9,frenchfries,100
5c8a3087879a350016defcd9,eggrolls,89
5c8a3087879a350016defcd9,chocolatebark,59
5c8a3087879a350016defcd9,deliturkey,87
5c8a3087879a350016defcd9,brownie,100
5c8a3087879a350016defcd9,orange,87
5c8a3087879a350016defcd9,oatmealraisincookie,100
5c8a3087879a350016defcd9,wavylays,100
5c8a3087879a350016defcd9,gouda,100
5c8a3087879a350016defcd9,strawberryicecreamcone,58
5c8a3087879a350016defcd9,pocky,52
5c8a3087879a350016defcd9,ritzcracker,100
5c8a3087879a350016defcd9,chocolateicecreamcone,50
5c8a3087879a350016defcd9,baguette,100
5c8a3087879a350016defcd9,potatochips,51
5c8a3087879a350016defcd9,frostedbrownie,97
5c8a3087879a350016defcd9,apple,100
5c8a3087879a350016defcd9,saltinecracker,100
5c8a3087879a350016defcd9,chickentenders,100
5c8a3087879a350016defcd9,vanillawafer,50
5c8a3087879a350016defcd9,thumprintcookie,85
5c8a3087879a350016defcd9,cherry,100
5c8a3087879a350016defcd9,twistdonut,100
5c8a3087879a350016defcd9,meatballs,100
5c8a3087879a350016defcd9,lindtlindorchocolatetruffle,44
5c8a3087879a350016defcd9,raspberry,70
5c8a3087879a350016defcd9,ryebread,100
5c8a3087879a350016defcd9,kiwi,100
5c8a3087879a350016defcd9,nutrigrainbar,87
5c8a3087879a350016defcd9,doritos,100
5c8a3087879a350016defcd9,honeydewmelon,22
5c8a3087879a350016defcd9,toblerone,19
5c8a3087879a350016defcd9,sugarcookie,100
5c8a3087879a350016defcd9,milkchocolate,51
5c8a3087879a350016defcd9,caramel,26
5c8a3087879a350016defcd9,twix,63
5c8a3087879a350016defcd9,lemoncake,84
5cc3f0f9fdb33500018c5eeb,ryebread,11
5cc3f0f9fdb33500018c5eeb,slicedloafbread,87
5cc3f0f9fdb33500018c5eeb,nutrigrainbar,8
5cc3f0f9fdb33500018c5eeb,vanillawafer,65
5cc3f0f9fdb33500018c5eeb,grape,100
5cc3f0f9fdb33500018c5eeb,greenbellpepper,86
5cc3f0f9fdb33500018c5eeb,raspberry,41
5cc3f0f9fdb33500018c5eeb,milkchocolate,89
5cc3f0f9fdb33500018c5eeb,wavylays,68
5cc3f0f9fdb33500018c5eeb,caramel,73
5cc3f0f9fdb33500018c5eeb,frostedbrownie,94
5cc3f0f9fdb33500018c5eeb,peanutmms,100
5cc3f0f9fdb33500018c5eeb,apple,89
5cc3f0f9fdb33500018c5eeb,goldendeliciousapple,89
5cc3f0f9fdb33500018c5eeb,almonds,90
5cc3f0f9fdb33500018c5eeb,triscuits,82
5cc3f0f9fdb33500018c5eeb,vanillasoftservecone,70
5cc3f0f9fdb33500018c5eeb,chocolatewafer,58
5cc3f0f9fdb33500018c5eeb,butteredpopcorn,1
5cc3f0f9fdb33500018c5eeb,cherry,75
5cc3f0f9fdb33500018c5eeb,oatmealraisincookie,60
5cc3f0f9fdb33500018c5eeb,strawberryicecreamcone,12
5cc3f0f9fdb33500018c5eeb,sugarcookie,76
5cc3f0f9fdb33500018c5eeb,lindtlindorchocolatetruffle,87
5cc3f0f9fdb33500018c5eeb,saltinecracker,71
5cc3f0f9fdb33500018c5eeb,chickentenders,100
5cc3f0f9fdb33500018c5eeb,meatballs,33
5cc3f0f9fdb33500018c5eeb,gouda,24
5cc3f0f9fdb33500018c5eeb,thumprintcookie,12
5cc3f0f9fdb33500018c5eeb,tortillachips,92
5cc3f0f9fdb33500018c5eeb,lemoncake,19
5cc3f0f9fdb33500018c5eeb,madeleine,48
5cc3f0f9fdb33500018c5eeb,eggrolls,1
5cc3f0f9fdb33500018c5eeb,brownie,93
5cc3f0f9fdb33500018c5eeb,twix,84
5cc3f0f9fdb33500018c5eeb,baguette,40
5cc3f0f9fdb33500018c5eeb,chocolateicecreamcone,54
5cc3f0f9fdb33500018c5eeb,potatochips,90
5cc3f0f9fdb33500018c5eeb,deliturkey,96
5cc3f0f9fdb33500018c5eeb,darkchocolate,70
5cc3f0f9fdb33500018c5eeb,toblerone,42
5cc3f0f9fdb33500018c5eeb,ritzcracker,69
5cc3f0f9fdb33500018c5eeb,plum,93
5cc3f0f9fdb33500018c5eeb,pocky,6
5cc3f0f9fdb33500018c5eeb,carrot,86
5cc3f0f9fdb33500018c5eeb,kiwi,98
5cc3f0f9fdb33500018c5eeb,peach,100
5cc3f0f9fdb33500018c5eeb,churro,84
5cc3f0f9fdb33500018c5eeb,boulebread,22
5cc3f0f9fdb33500018c5eeb,tuilecookie,32
5cc3f0f9fdb33500018c5eeb,frenchfries,77
5cc3f0f9fdb33500018c5eeb,peanuts,90
5cc3f0f9fdb33500018c5eeb,orange,9
5cc3f0f9fdb33500018c5eeb,doritos,68
5cc3f0f9fdb33500018c5eeb,twistdonut,51
5cc3f0f9fdb33500018c5eeb,swisscheese,88
5cc3f0f9fdb33500018c5eeb,wheatthins,61
5cc3f0f9fdb33500018c5eeb,chocolatebark,42
5cc3f0f9fdb33500018c5eeb,honeydewmelon,98
5cc3f0f9fdb33500018c5eeb,blackberry,82
5d46c3ac090549001867b746,swisscheese,65
5d46c3ac090549001867b746,eggrolls,85
5d46c3ac090549001867b746,almonds,100
5d46c3ac090549001867b746,tuilecookie,46
5d46c3ac090549001867b746,doritos,49
5d46c3ac090549001867b746,meatballs,83
5d46c3ac090549001867b746,chocolatewafer,51
5d46c3ac090549001867b746,greenbellpepper,88
5d46c3ac090549001867b746,goldendeliciousapple,46
5d46c3ac090549001867b746,kiwi,9
5d46c3ac090549001867b746,boulebread,46
5d46c3ac090549001867b746,baguette,60
5d46c3ac090549001867b746,gouda,2
5d46c3ac090549001867b746,honeydewmelon,100
5d46c3ac090549001867b746,orange,100
5d46c3ac090549001867b746,pocky,43
5d46c3ac090549001867b746,vanillawafer,46
5d46c3ac090549001867b746,sugarcookie,64
5d46c3ac090549001867b746,potatochips,61
5d46c3ac090549001867b746,apple,49
5d46c3ac090549001867b746,chickentenders,60
5d46c3ac090549001867b746,peanutmms,77
5d46c3ac090549001867b746,vanillasoftservecone,79
5d46c3ac090549001867b746,peach,100
5d46c3ac090549001867b746,brownie,100
5d46c3ac090549001867b746,toblerone,56
5d46c3ac090549001867b746,chocolateicecreamcone,96
5d46c3ac090549001867b746,oatmealraisincookie,4
5d46c3ac090549001867b746,lemoncake,61
5d46c3ac090549001867b746,cherry,100
5d46c3ac090549001867b746,strawberryicecreamcone,52
5d46c3ac090549001867b746,chocolatebark,36
5d46c3ac090549001867b746,grape,49
5d46c3ac090549001867b746,tortillachips,50
5d46c3ac090549001867b746,churro,58
5d46c3ac090549001867b746,peanuts,90
5d46c3ac090549001867b746,wheatthins,2
5d46c3ac090549001867b746,deliturkey,50
5d46c3ac090549001867b746,ryebread,51
5d46c3ac090549001867b746,butteredpopcorn,22
5d46c3ac090549001867b746,lindtlindorchocolatetruffle,31
5d46c3ac090549001867b746,milkchocolate,79
5d46c3ac090549001867b746,twistdonut,49
5d46c3ac090549001867b746,frostedbrownie,84
5d46c3ac090549001867b746,ritzcracker,43
5d46c3ac090549001867b746,carrot,12
5d46c3ac090549001867b746,plum,97
5d46c3ac090549001867b746,nutrigrainbar,1
5d46c3ac090549001867b746,slicedloafbread,43
5d46c3ac090549001867b746,frenchfries,26
5d46c3ac090549001867b746,thumprintcookie,20
5d46c3ac090549001867b746,darkchocolate,82
5d46c3ac090549001867b746,wavylays,2
5d46c3ac090549001867b746,saltinecracker,40
5d46c3ac090549001867b746,raspberry,4
5d46c3ac090549001867b746,madeleine,27
5d46c3ac090549001867b746,caramel,49
5d46c3ac090549001867b746,twix,92
5d46c3ac090549001867b746,triscuits,4
5d46c3ac090549001867b746,blackberry,59
5e13ad514c81b2a01ae4aa9f,chocolatebark,100
5e13ad514c81b2a01ae4aa9f,ritzcracker,76
5e13ad514c81b2a01ae4aa9f,peanutmms,96
5e13ad514c81b2a01ae4aa9f,strawberryicecreamcone,52
5e13ad514c81b2a01ae4aa9f,oatmealraisincookie,62
5e13ad514c81b2a01ae4aa9f,lemoncake,43
5e13ad514c81b2a01ae4aa9f,almonds,28
5e13ad514c81b2a01ae4aa9f,honeydewmelon,1
5e13ad514c81b2a01ae4aa9f,lindtlindorchocolatetruffle,70
5e13ad514c81b2a01ae4aa9f,toblerone,100
5e13ad514c81b2a01ae4aa9f,peach,25
5e13ad514c81b2a01ae4aa9f,frostedbrownie,100
5e13ad514c81b2a01ae4aa9f,doritos,86
5e13ad514c81b2a01ae4aa9f,chocolateicecreamcone,100
5e13ad514c81b2a01ae4aa9f,triscuits,83
5e13ad514c81b2a01ae4aa9f,wheatthins,58
5e13ad514c81b2a01ae4aa9f,meatballs,63
5e13ad514c81b2a01ae4aa9f,twistdonut,91
5e13ad514c81b2a01ae4aa9f,apple,96
5e13ad514c81b2a01ae4aa9f,darkchocolate,100
5e13ad514c81b2a01ae4aa9f,baguette,87
5e13ad514c81b2a01ae4aa9f,madeleine,76
5e13ad514c81b2a01ae4aa9f,brownie,100
5e13ad514c81b2a01ae4aa9f,sugarcookie,64
5e13ad514c81b2a01ae4aa9f,plum,10
5e13ad514c81b2a01ae4aa9f,eggrolls,74
5e13ad514c81b2a01ae4aa9f,peanuts,55
5e13ad514c81b2a01ae4aa9f,greenbellpepper,33
5e13ad514c81b2a01ae4aa9f,butteredpopcorn,100
5e13ad514c81b2a01ae4aa9f,churro,74
5e13ad514c81b2a01ae4aa9f,chocolatewafer,100
5e13ad514c81b2a01ae4aa9f,gouda,100
5e13ad514c81b2a01ae4aa9f,caramel,97
5e13ad514c81b2a01ae4aa9f,thumprintcookie,94
5e13ad514c81b2a01ae4aa9f,potatochips,100
5e13ad514c81b2a01ae4aa9f,pocky,100
5e13ad514c81b2a01ae4aa9f,frenchfries,100
5e13ad514c81b2a01ae4aa9f,tuilecookie,69
5e13ad514c81b2a01ae4aa9f,wavylays,92
5e13ad514c81b2a01ae4aa9f,slicedloafbread,93
5e13ad514c81b2a01ae4aa9f,blackberry,58
5e13ad514c81b2a01ae4aa9f,saltinecracker,90
5e13ad514c81b2a01ae4aa9f,boulebread,91
5e13ad514c81b2a01ae4aa9f,cherry,100
5e13ad514c81b2a01ae4aa9f,tortillachips,69
5e13ad514c81b2a01ae4aa9f,carrot,100
5e13ad514c81b2a01ae4aa9f,deliturkey,84
5e13ad514c81b2a01ae4aa9f,milkchocolate,95
5e13ad514c81b2a01ae4aa9f,grape,72
5e13ad514c81b2a01ae4aa9f,goldendeliciousapple,54
5e13ad514c81b2a01ae4aa9f,nutrigrainbar,8
5e13ad514c81b2a01ae4aa9f,vanillasoftservecone,17
5e13ad514c81b2a01ae4aa9f,swisscheese,81
5e13ad514c81b2a01ae4aa9f,kiwi,1
5e13ad514c81b2a01ae4aa9f,vanillawafer,26
5e13ad514c81b2a01ae4aa9f,chickentenders,100
5e13ad514c81b2a01ae4aa9f,ryebread,95
5e13ad514c81b2a01ae4aa9f,twix,92
5e13ad514c81b2a01ae4aa9f,orange,100
5e13ad514c81b2a01ae4aa9f,raspberry,100
5e635aa4403a3e0de121c8c7,peanutmms,82
5e635aa4403a3e0de121c8c7,plum,91
5e635aa4403a3e0de121c8c7,baguette,43
5e635aa4403a3e0de121c8c7,vanillawafer,61
5e635aa4403a3e0de121c8c7,thumprintcookie,64
5e635aa4403a3e0de121c8c7,meatballs,91
5e635aa4403a3e0de121c8c7,potatochips,100
5e635aa4403a3e0de121c8c7,kiwi,89
5e635aa4403a3e0de121c8c7,saltinecracker,56
5e635aa4403a3e0de121c8c7,grape,91
5e635aa4403a3e0de121c8c7,goldendeliciousapple,93
5e635aa4403a3e0de121c8c7,lindtlindorchocolatetruffle,64
5e635aa4403a3e0de121c8c7,toblerone,30
5e635aa4403a3e0de121c8c7,honeydewmelon,86
5e635aa4403a3e0de121c8c7,chickentenders,95
5e635aa4403a3e0de121c8c7,pocky,33
5e635aa4403a3e0de121c8c7,twistdonut,70
5e635aa4403a3e0de121c8c7,lemoncake,62
5e635aa4403a3e0de121c8c7,triscuits,65
5e635aa4403a3e0de121c8c7,chocolatewafer,59
5e635aa4403a3e0de121c8c7,tuilecookie,43
5e635aa4403a3e0de121c8c7,oatmealraisincookie,72
5e635aa4403a3e0de121c8c7,boulebread,19
5e635aa4403a3e0de121c8c7,darkchocolate,39
5e635aa4403a3e0de121c8c7,ritzcracker,63
5e635aa4403a3e0de121c8c7,greenbellpepper,10
5e635aa4403a3e0de121c8c7,twix,80
5e635aa4403a3e0de121c8c7,doritos,88
5e635aa4403a3e0de121c8c7,almonds,31
5e635aa4403a3e0de121c8c7,peanuts,50
5e635aa4403a3e0de121c8c7,carrot,15
5e635aa4403a3e0de121c8c7,sugarcookie,79
5e635aa4403a3e0de121c8c7,blackberry,96
5e635aa4403a3e0de121c8c7,brownie,65
5e635aa4403a3e0de121c8c7,madeleine,25
5e635aa4403a3e0de121c8c7,nutrigrainbar,59
5e635aa4403a3e0de121c8c7,caramel,97
5e635aa4403a3e0de121c8c7,orange,92
5e635aa4403a3e0de121c8c7,swisscheese,78
5e635aa4403a3e0de121c8c7,milkchocolate,67
5e635aa4403a3e0de121c8c7,vanillasoftservecone,82
5e635aa4403a3e0de121c8c7,wavylays,41
5e635aa4403a3e0de121c8c7,slicedloafbread,38
5e635aa4403a3e0de121c8c7,churro,26
5e635aa4403a3e0de121c8c7,gouda,72
5e635aa4403a3e0de121c8c7,cherry,92
5e635aa4403a3e0de121c8c7,strawberryicecreamcone,99
5e635aa4403a3e0de121c8c7,peach,98
5e635aa4403a3e0de121c8c7,tortillachips,69
5e635aa4403a3e0de121c8c7,raspberry,98
5e635aa4403a3e0de121c8c7,chocolatebark,37
5e635aa4403a3e0de121c8c7,deliturkey,82
5e635aa4403a3e0de121c8c7,apple,98
5e635aa4403a3e0de121c8c7,frostedbrownie,75
5e635aa4403a3e0de121c8c7,frenchfries,91
5e635aa4403a3e0de121c8c7,ryebread,24
5e635aa4403a3e0de121c8c7,wheatthins,48
5e635aa4403a3e0de121c8c7,butteredpopcorn,76
5e635aa4403a3e0de121c8c7,chocolateicecreamcone,80
5e635aa4403a3e0de121c8c7,eggrolls,72
5eaf1a2c649fd108284c2b5f,twistdonut,33
5eaf1a2c649fd108284c2b5f,almonds,68
5eaf1a2c649fd108284c2b5f,potatochips,12
5eaf1a2c649fd108284c2b5f,butteredpopcorn,8
5eaf1a2c649fd108284c2b5f,chocolateicecreamcone,64
5eaf1a2c649fd108284c2b5f,vanillasoftservecone,63
5eaf1a2c649fd108284c2b5f,boulebread,88
5eaf1a2c649fd108284c2b5f,plum,92
5eaf1a2c649fd108284c2b5f,tuilecookie,55
5eaf1a2c649fd108284c2b5f,honeydewmelon,80
5eaf1a2c649fd108284c2b5f,strawberryicecreamcone,6
5eaf1a2c649fd108284c2b5f,frostedbrownie,56
5eaf1a2c649fd108284c2b5f,madeleine,56
5eaf1a2c649fd108284c2b5f,thumprintcookie,1
5eaf1a2c649fd108284c2b5f,pocky,58
5eaf1a2c649fd108284c2b5f,churro,52
5eaf1a2c649fd108284c2b5f,frenchfries,18
5eaf1a2c649fd108284c2b5f,blackberry,100
5eaf1a2c649fd108284c2b5f,saltinecracker,50
5eaf1a2c649fd108284c2b5f,tortillachips,4
5eaf1a2c649fd108284c2b5f,gouda,1
5eaf1a2c649fd108284c2b5f,oatmealraisincookie,4
5eaf1a2c649fd108284c2b5f,doritos,8
5eaf1a2c649fd108284c2b5f,wheatthins,20
5eaf1a2c649fd108284c2b5f,toblerone,20
5eaf1a2c649fd108284c2b5f,chickentenders,87
5eaf1a2c649fd108284c2b5f,goldendeliciousapple,66
5eaf1a2c649fd108284c2b5f,brownie,81
5eaf1a2c649fd108284c2b5f,orange,59
5eaf1a2c649fd108284c2b5f,deliturkey,23
5eaf1a2c649fd108284c2b5f,apple,70
5eaf1a2c649fd108284c2b5f,peanutmms,60
5eaf1a2c649fd108284c2b5f,eggrolls,64
5eaf1a2c649fd108284c2b5f,slicedloafbread,61
5eaf1a2c649fd108284c2b5f,raspberry,100
5eaf1a2c649fd108284c2b5f,caramel,1
5eaf1a2c649fd108284c2b5f,baguette,58
5eaf1a2c649fd108284c2b5f,ritzcracker,19
5eaf1a2c649fd108284c2b5f,grape,100
5eaf1a2c649fd108284c2b5f,peanuts,33
5eaf1a2c649fd108284c2b5f,triscuits,59
5eaf1a2c649fd108284c2b5f,lemoncake,69
5eaf1a2c649fd108284c2b5f,meatballs,21
5eaf1a2c649fd108284c2b5f,kiwi,71
5eaf1a2c649fd108284c2b5f,chocolatebark,30
5eaf1a2c649fd108284c2b5f,swisscheese,16
5eaf1a2c649fd108284c2b5f,carrot,9
5eaf1a2c649fd108284c2b5f,darkchocolate,66
5eaf1a2c649fd108284c2b5f,vanillawafer,56
5eaf1a2c649fd108284c2b5f,chocolatewafer,61
5eaf1a2c649fd108284c2b5f,lindtlindorchocolatetruffle,40
5eaf1a2c649fd108284c2b5f,peach,94
5eaf1a2c649fd108284c2b5f,greenbellpepper,91
5eaf1a2c649fd108284c2b5f,nutrigrainbar,26
5eaf1a2c649fd108284c2b5f,wavylays,7
5eaf1a2c649fd108284c2b5f,ryebread,85
5eaf1a2c649fd108284c2b5f,sugarcookie,7
5eaf1a2c649fd108284c2b5f,cherry,81
5eaf1a2c649fd108284c2b5f,milkchocolate,16
5eaf1a2c649fd108284c2b5f,twix,35
5f50732850c7c600098593df,darkchocolate,35
5f50732850c7c600098593df,frenchfries,59
5f50732850c7c600098593df,chickentenders,67
5f50732850c7c600098593df,meatballs,51
5f50732850c7c600098593df,chocolateicecreamcone,100
5f50732850c7c600098593df,tuilecookie,5
5f50732850c7c600098593df,pocky,1
5f50732850c7c600098593df,sugarcookie,1
5f50732850c7c600098593df,ryebread,1
5f50732850c7c600098593df,swisscheese,26
5f50732850c7c600098593df,blackberry,1
5f50732850c7c600098593df,apple,89
5f50732850c7c600098593df,goldendeliciousapple,48
5f50732850c7c600098593df,peach,19
5f50732850c7c600098593df,brownie,100
5f50732850c7c600098593df,thumprintcookie,1
5f50732850c7c600098593df,gouda,25
5f50732850c7c600098593df,chocolatebark,61
5f50732850c7c600098593df,almonds,30
5f50732850c7c600098593df,ritzcracker,8
5f50732850c7c600098593df,triscuits,1
5f50732850c7c600098593df,chocolatewafer,100
5f50732850c7c600098593df,peanutmms,1
5f50732850c7c600098593df,deliturkey,72
5f50732850c7c600098593df,milkchocolate,100
5f50732850c7c600098593df,twix,100
5f50732850c7c600098593df,slicedloafbread,33
5f50732850c7c600098593df,caramel,83
5f50732850c7c600098593df,saltinecracker,1
5f50732850c7c600098593df,boulebread,1
5f50732850c7c600098593df,greenbellpepper,68
5f50732850c7c600098593df,kiwi,1
5f50732850c7c600098593df,strawberryicecreamcone,100
5f50732850c7c600098593df,baguette,77
5f50732850c7c600098593df,lemoncake,39
5f50732850c7c600098593df,wavylays,30
5f50732850c7c600098593df,frostedbrownie,100
5f50732850c7c600098593df,twistdonut,53
5f50732850c7c600098593df,madeleine,21
5f50732850c7c600098593df,lindtlindorchocolatetruffle,53
5f50732850c7c600098593df,oatmealraisincookie,51
5f50732850c7c600098593df,cherry,1
5f50732850c7c600098593df,potatochips,57
5f50732850c7c600098593df,carrot,57
5f50732850c7c600098593df,eggrolls,54
5f50732850c7c600098593df,peanuts,20
5f50732850c7c600098593df,tortillachips,4
5f50732850c7c600098593df,grape,1
5f50732850c7c600098593df,nutrigrainbar,28
5f50732850c7c600098593df,orange,32
5f50732850c7c600098593df,vanillasoftservecone,1
5f50732850c7c600098593df,raspberry,1
5f50732850c7c600098593df,vanillawafer,28
5f50732850c7c600098593df,doritos,100
5f50732850c7c600098593df,churro,100
5f50732850c7c600098593df,toblerone,81
5f50732850c7c600098593df,honeydewmelon,1
5f50732850c7c600098593df,butteredpopcorn,1
5f50732850c7c600098593df,wheatthins,1
5f50732850c7c600098593df,plum,1
5fa562e3b58abe00096ee2d4,gouda,43
5fa562e3b58abe00096ee2d4,wavylays,1
5fa562e3b58abe00096ee2d4,thumprintcookie,1
5fa562e3b58abe00096ee2d4,toblerone,12
5fa562e3b58abe00096ee2d4,sugarcookie,14
5fa562e3b58abe00096ee2d4,ryebread,77
5fa562e3b58abe00096ee2d4,eggrolls,100
5fa562e3b58abe00096ee2d4,boulebread,100
5fa562e3b58abe00096ee2d4,strawberryicecreamcone,14
5fa562e3b58abe00096ee2d4,chickentenders,1
5fa562e3b58abe00096ee2d4,chocolateicecreamcone,1
5fa562e3b58abe00096ee2d4,frenchfries,90
5fa562e3b58abe00096ee2d4,tuilecookie,11
5fa562e3b58abe00096ee2d4,apple,25
5fa562e3b58abe00096ee2d4,greenbellpepper,1
5fa562e3b58abe00096ee2d4,chocolatebark,1
5fa562e3b58abe00096ee2d4,slicedloafbread,1
5fa562e3b58abe00096ee2d4,meatballs,100
5fa562e3b58abe00096ee2d4,grape,9
5fa562e3b58abe00096ee2d4,frostedbrownie,61
5fa562e3b58abe00096ee2d4,swisscheese,96
5fa562e3b58abe00096ee2d4,caramel,1
5fa562e3b58abe00096ee2d4,peanutmms,14
5fa562e3b58abe00096ee2d4,potatochips,34
5fa562e3b58abe00096ee2d4,doritos,57
5fa562e3b58abe00096ee2d4,oatmealraisincookie,1
5fa562e3b58abe00096ee2d4,chocolatewafer,35
5fa562e3b58abe00096ee2d4,brownie,9
5fa562e3b58abe00096ee2d4,deliturkey,1
5fa562e3b58abe00096ee2d4,triscuits,52
5fa562e3b58abe00096ee2d4,twistdonut,100
5fa562e3b58abe00096ee2d4,madeleine,91
5fa562e3b58abe00096ee2d4,milkchocolate,5
5fa562e3b58abe00096ee2d4,orange,57
5fa562e3b58abe00096ee2d4,plum,94
5fa562e3b58abe00096ee2d4,lemoncake,1
5fa562e3b58abe00096ee2d4,tortillachips,87
5fa562e3b58abe00096ee2d4,twix,1
5fa562e3b58abe00096ee2d4,saltinecracker,76
5fa562e3b58abe00096ee2d4,darkchocolate,1
5fa562e3b58abe00096ee2d4,vanillawafer,1
5fa562e3b58abe00096ee2d4,churro,100
5fa562e3b58abe00096ee2d4,peach,100
5fa562e3b58abe00096ee2d4,pocky,1
5fa562e3b58abe00096ee2d4,vanillasoftservecone,60
5fa562e3b58abe00096ee2d4,ritzcracker,41
5fa562e3b58abe00096ee2d4,butteredpopcorn,100
5fa562e3b58abe00096ee2d4,cherry,61
5fa562e3b58abe00096ee2d4,goldendeliciousapple,48
5fa562e3b58abe00096ee2d4,wheatthins,16
5fa562e3b58abe00096ee2d4,raspberry,100
5fa562e3b58abe00096ee2d4,almonds,1
5fa562e3b58abe00096ee2d4,lindtlindorchocolatetruffle,1
5fa562e3b58abe00096ee2d4,blackberry,72
5fa562e3b58abe00096ee2d4,baguette,100
5fa562e3b58abe00096ee2d4,nutrigrainbar,1
5fa562e3b58abe00096ee2d4,carrot,1
5fa562e3b58abe00096ee2d4,peanuts,100
5fa562e3b58abe00096ee2d4,honeydewmelon,5
5fa562e3b58abe00096ee2d4,kiwi,7
60833ce5197d68cff9df1b83,caramel,61
60833ce5197d68cff9df1b83,goldendeliciousapple,22
60833ce5197d68cff9df1b83,twix,46
60833ce5197d68cff9df1b83,chocolatebark,59
60833ce5197d68cff9df1b83,ryebread,51
60833ce5197d68cff9df1b83,oatmealraisincookie,52
60833ce5197d68cff9df1b83,peanutmms,52
60833ce5197d68cff9df1b83,pocky,64
60833ce5197d68cff9df1b83,eggrolls,71
60833ce5197d68cff9df1b83,swisscheese,29
60833ce5197d68cff9df1b83,potatochips,80
60833ce5197d68cff9df1b83,lemoncake,72
60833ce5197d68cff9df1b83,deliturkey,56
60833ce5197d68cff9df1b83,tuilecookie,67
60833ce5197d68cff9df1b83,chocolateicecreamcone,68
60833ce5197d68cff9df1b83,carrot,1
60833ce5197d68cff9df1b83,nutrigrainbar,18
60833ce5197d68cff9df1b83,vanillasoftservecone,64
60833ce5197d68cff9df1b83,kiwi,58
60833ce5197d68cff9df1b83,chocolatewafer,76
60833ce5197d68cff9df1b83,peanuts,73
60833ce5197d68cff9df1b83,wheatthins,77
60833ce5197d68cff9df1b83,thumprintcookie,61
60833ce5197d68cff9df1b83,meatballs,21
60833ce5197d68cff9df1b83,saltinecracker,48
60833ce5197d68cff9df1b83,honeydewmelon,1
60833ce5197d68cff9df1b83,chickentenders,72
60833ce5197d68cff9df1b83,grape,66
60833ce5197d68cff9df1b83,boulebread,60
60833ce5197d68cff9df1b83,vanillawafer,84
60833ce5197d68cff9df1b83,triscuits,16
60833ce5197d68cff9df1b83,toblerone,39
60833ce5197d68cff9df1b83,ritzcracker,70
60833ce5197d68cff9df1b83,madeleine,50
60833ce5197d68cff9df1b83,slicedloafbread,27
60833ce5197d68cff9df1b83,gouda,68
60833ce5197d68cff9df1b83,brownie,66
60833ce5197d68cff9df1b83,milkchocolate,78
60833ce5197d68cff9df1b83,darkchocolate,72
60833ce5197d68cff9df1b83,frenchfries,85
60833ce5197d68cff9df1b83,cherry,61
60833ce5197d68cff9df1b83,churro,72
60833ce5197d68cff9df1b83,almonds,68
60833ce5197d68cff9df1b83,tortillachips,65
60833ce5197d68cff9df1b83,lindtlindorchocolatetruffle,50
60833ce5197d68cff9df1b83,baguette,91
60833ce5197d68cff9df1b83,orange,19
60833ce5197d68cff9df1b83,frostedbrownie,52
60833ce5197d68cff9df1b83,twistdonut,82
60833ce5197d68cff9df1b83,doritos,78
60833ce5197d68cff9df1b83,blackberry,73
60833ce5197d68cff9df1b83,peach,87
60833ce5197d68cff9df1b83,plum,57
60833ce5197d68cff9df1b83,greenbellpepper,19
60833ce5197d68cff9df1b83,raspberry,98
60833ce5197d68cff9df1b83,butteredpopcorn,94
60833ce5197d68cff9df1b83,sugarcookie,86
60833ce5197d68cff9df1b83,wavylays,92
60833ce5197d68cff9df1b83,apple,64
60833ce5197d68cff9df1b83,strawberryicecreamcone,31
6086d528a18b6ba74ce0cd10,strawberryicecreamcone,23
6086d528a18b6ba74ce0cd10,frostedbrownie,71
6086d528a18b6ba74ce0cd10,toblerone,82
6086d528a18b6ba74ce0cd10,chocolatebark,82
6086d528a18b6ba74ce0cd10,oatmealraisincookie,82
6086d528a18b6ba74ce0cd10,raspberry,85
6086d528a18b6ba74ce0cd10,vanillawafer,34
6086d528a18b6ba74ce0cd10,deliturkey,95
6086d528a18b6ba74ce0cd10,lemoncake,76
6086d528a18b6ba74ce0cd10,chickentenders,89
6086d528a18b6ba74ce0cd10,tuilecookie,89
6086d528a18b6ba74ce0cd10,thumprintcookie,84
6086d528a18b6ba74ce0cd10,darkchocolate,78
6086d528a18b6ba74ce0cd10,peanutmms,70
6086d528a18b6ba74ce0cd10,kiwi,92
6086d528a18b6ba74ce0cd10,vanillasoftservecone,77
6086d528a18b6ba74ce0cd10,peanuts,99
6086d528a18b6ba74ce0cd10,cherry,91
6086d528a18b6ba74ce0cd10,lindtlindorchocolatetruffle,94
6086d528a18b6ba74ce0cd10,peach,97
6086d528a18b6ba74ce0cd10,doritos,87
6086d528a18b6ba74ce0cd10,ryebread,37
6086d528a18b6ba74ce0cd10,chocolatewafer,73
6086d528a18b6ba74ce0cd10,gouda,88
6086d528a18b6ba74ce0cd10,sugarcookie,55
6086d528a18b6ba74ce0cd10,meatballs,79
6086d528a18b6ba74ce0cd10,tortillachips,78
6086d528a18b6ba74ce0cd10,caramel,85
6086d528a18b6ba74ce0cd10,greenbellpepper,100
6086d528a18b6ba74ce0cd10,triscuits,77
6086d528a18b6ba74ce0cd10,saltinecracker,8
6086d528a18b6ba74ce0cd10,plum,94
6086d528a18b6ba74ce0cd10,wheatthins,16
6086d528a18b6ba74ce0cd10,wavylays,79
6086d528a18b6ba74ce0cd10,goldendeliciousapple,90
6086d528a18b6ba74ce0cd10,potatochips,31
6086d528a18b6ba74ce0cd10,slicedloafbread,14
6086d528a18b6ba74ce0cd10,eggrolls,76
6086d528a18b6ba74ce0cd10,frenchfries,69
6086d528a18b6ba74ce0cd10,twix,76
6086d528a18b6ba74ce0cd10,grape,98
6086d528a18b6ba74ce0cd10,nutrigrainbar,62
6086d528a18b6ba74ce0cd10,twistdonut,71
6086d528a18b6ba74ce0cd10,swisscheese,100
6086d528a18b6ba74ce0cd10,carrot,99
6086d528a18b6ba74ce0cd10,almonds,100
6086d528a18b6ba74ce0cd10,pocky,58
6086d528a18b6ba74ce0cd10,blackberry,100
6086d528a18b6ba74ce0cd10,madeleine,70
6086d528a18b6ba74ce0cd10,chocolateicecreamcone,66
6086d528a18b6ba74ce0cd10,orange,82
6086d528a18b6ba74ce0cd10,apple,88
6086d528a18b6ba74ce0cd10,churro,49
6086d528a18b6ba74ce0cd10,baguette,51
6086d528a18b6ba74ce0cd10,ritzcracker,34
6086d528a18b6ba74ce0cd10,brownie,70
6086d528a18b6ba74ce0cd10,boulebread,54
6086d528a18b6ba74ce0cd10,milkchocolate,38
6086d528a18b6ba74ce0cd10,butteredpopcorn,67
6086d528a18b6ba74ce0cd10,honeydewmelon,86
60903d8d7b7cd7027d556ebb,greenbellpepper,7
60903d8d7b7cd7027d556ebb,thumprintcookie,26
60903d8d7b7cd7027d556ebb,ryebread,57
60903d8d7b7cd7027d556ebb,goldendeliciousapple,89
60903d8d7b7cd7027d556ebb,caramel,33
60903d8d7b7cd7027d556ebb,tortillachips,100
60903d8d7b7cd7027d556ebb,frenchfries,97
60903d8d7b7cd7027d556ebb,almonds,80
60903d8d7b7cd7027d556ebb,meatballs,14
60903d8d7b7cd7027d556ebb,kiwi,79
60903d8d7b7cd7027d556ebb,peanuts,53
60903d8d7b7cd7027d556ebb,butteredpopcorn,87
60903d8d7b7cd7027d556ebb,brownie,74
60903d8d7b7cd7027d556ebb,oatmealraisincookie,100
60903d8d7b7cd7027d556ebb,boulebread,51
60903d8d7b7cd7027d556ebb,vanillasoftservecone,40
60903d8d7b7cd7027d556ebb,deliturkey,4
60903d8d7b7cd7027d556ebb,baguette,61
60903d8d7b7cd7027d556ebb,tuilecookie,13
60903d8d7b7cd7027d556ebb,twix,1
60903d8d7b7cd7027d556ebb,eggrolls,20
60903d8d7b7cd7027d556ebb,honeydewmelon,82
60903d8d7b7cd7027d556ebb,chocolatewafer,80
60903d8d7b7cd7027d556ebb,madeleine,54
60903d8d7b7cd7027d556ebb,slicedloafbread,55
60903d8d7b7cd7027d556ebb,lemoncake,54
60903d8d7b7cd7027d556ebb,orange,59
60903d8d7b7cd7027d556ebb,lindtlindorchocolatetruffle,94
60903d8d7b7cd7027d556ebb,pocky,53
60903d8d7b7cd7027d556ebb,milkchocolate,60
60903d8d7b7cd7027d556ebb,twistdonut,80
60903d8d7b7cd7027d556ebb,swisscheese,85
60903d8d7b7cd7027d556ebb,frostedbrownie,98
60903d8d7b7cd7027d556ebb,raspberry,97
60903d8d7b7cd7027d556ebb,saltinecracker,26
60903d8d7b7cd7027d556ebb,blackberry,76
60903d8d7b7cd7027d556ebb,cherry,49
60903d8d7b7cd7027d556ebb,carrot,100
60903d8d7b7cd7027d556ebb,churro,89
60903d8d7b7cd7027d556ebb,wheatthins,1
60903d8d7b7cd7027d556ebb,chocolateicecreamcone,1
60903d8d7b7cd7027d556ebb,grape,88
60903d8d7b7cd7027d556ebb,sugarcookie,74
60903d8d7b7cd7027d556ebb,nutrigrainbar,60
60903d8d7b7cd7027d556ebb,chickentenders,4
60903d8d7b7cd7027d556ebb,apple,100
60903d8d7b7cd7027d556ebb,chocolatebark,20
60903d8d7b7cd7027d556ebb,vanillawafer,91
60903d8d7b7cd7027d556ebb,doritos,63
60903d8d7b7cd7027d556ebb,peanutmms,61
60903d8d7b7cd7027d556ebb,strawberryicecreamcone,21
60903d8d7b7cd7027d556ebb,toblerone,1
60903d8d7b7cd7027d556ebb,plum,4
60903d8d7b7cd7027d556ebb,potatochips,97
60903d8d7b7cd7027d556ebb,peach,64
60903d8d7b7cd7027d556ebb,gouda,65
60903d8d7b7cd7027d556ebb,wavylays,100
60903d8d7b7cd7027d556ebb,ritzcracker,60
60903d8d7b7cd7027d556ebb,darkchocolate,58
60903d8d7b7cd7027d556ebb,triscuits,100
61107224a75be8c48407af9e,slicedloafbread,100
61107224a75be8c48407af9e,raspberry,74
61107224a75be8c48407af9e,sugarcookie,97
61107224a75be8c48407af9e,wheatthins,1
61107224a75be8c48407af9e,ryebread,4
61107224a75be8c48407af9e,chickentenders,100
61107224a75be8c48407af9e,goldendeliciousapple,100
61107224a75be8c48407af9e,madeleine,100
61107224a75be8c48407af9e,orange,100
61107224a75be8c48407af9e,pocky,10
61107224a75be8c48407af9e,churro,82
61107224a75be8c48407af9e,lemoncake,93
61107224a75be8c48407af9e,carrot,35
61107224a75be8c48407af9e,caramel,97
61107224a75be8c48407af9e,chocolatewafer,95
61107224a75be8c48407af9e,peanutmms,100
61107224a75be8c48407af9e,frenchfries,91
61107224a75be8c48407af9e,vanillawafer,99
61107224a75be8c48407af9e,chocolateicecreamcone,96
61107224a75be8c48407af9e,eggrolls,93
61107224a75be8c48407af9e,triscuits,24
61107224a75be8c48407af9e,lindtlindorchocolatetruffle,50
61107224a75be8c48407af9e,toblerone,76
61107224a75be8c48407af9e,vanillasoftservecone,100
61107224a75be8c48407af9e,potatochips,74
61107224a75be8c48407af9e,peach,56
61107224a75be8c48407af9e,peanuts,18
61107224a75be8c48407af9e,darkchocolate,89
61107224a75be8c48407af9e,doritos,17
61107224a75be8c48407af9e,strawberryicecreamcone,99
61107224a75be8c48407af9e,cherry,93
61107224a75be8c48407af9e,honeydewmelon,41
61107224a75be8c48407af9e,almonds,44
61107224a75be8c48407af9e,gouda,63
61107224a75be8c48407af9e,plum,90
61107224a75be8c48407af9e,greenbellpepper,95
61107224a75be8c48407af9e,brownie,92
61107224a75be8c48407af9e,oatmealraisincookie,81
61107224a75be8c48407af9e,ritzcracker,89
61107224a75be8c48407af9e,kiwi,98
61107224a75be8c48407af9e,twix,90
61107224a75be8c48407af9e,saltinecracker,40
61107224a75be8c48407af9e,meatballs,48
61107224a75be8c48407af9e,tortillachips,31
61107224a75be8c48407af9e,wavylays,90
61107224a75be8c48407af9e,chocolatebark,68
61107224a75be8c48407af9e,butteredpopcorn,25
61107224a75be8c48407af9e,swisscheese,100
61107224a75be8c48407af9e,boulebread,33
61107224a75be8c48407af9e,nutrigrainbar,84
61107224a75be8c48407af9e,twistdonut,91
61107224a75be8c48407af9e,frostedbrownie,92
61107224a75be8c48407af9e,tuilecookie,22
61107224a75be8c48407af9e,baguette,93
61107224a75be8c48407af9e,milkchocolate,94
61107224a75be8c48407af9e,deliturkey,91
61107224a75be8c48407af9e,blackberry,93
61107224a75be8c48407af9e,grape,100
61107224a75be8c48407af9e,apple,97
61107224a75be8c48407af9e,thumprintcookie,63
612cd21ab53f52338b7b4f19,wheatthins,19
612cd21ab53f52338b7b4f19,swisscheese,1
612cd21ab53f52338b7b4f19,gouda,1
612cd21ab53f52338b7b4f19,blackberry,50
612cd21ab53f52338b7b4f19,pocky,26
612cd21ab53f52338b7b4f19,toblerone,76
612cd21ab53f52338b7b4f19,greenbellpepper,1
612cd21ab53f52338b7b4f19,ryebread,75
612cd21ab53f52338b7b4f19,goldendeliciousapple,24
612cd21ab53f52338b7b4f19,chocolateicecreamcone,60
612cd21ab53f52338b7b4f19,lemoncake,82
612cd21ab53f52338b7b4f19,raspberry,78
612cd21ab53f52338b7b4f19,meatballs,94
612cd21ab53f52338b7b4f19,baguette,99
612cd21ab53f52338b7b4f19,ritzcracker,81
612cd21ab53f52338b7b4f19,peach,84
612cd21ab53f52338b7b4f19,saltinecracker,39
612cd21ab53f52338b7b4f19,peanutmms,100
612cd21ab53f52338b7b4f19,deliturkey,12
612cd21ab53f52338b7b4f19,kiwi,77
612cd21ab53f52338b7b4f19,triscuits,1
612cd21ab53f52338b7b4f19,cherry,97
612cd21ab53f52338b7b4f19,nutrigrainbar,64
612cd21ab53f52338b7b4f19,peanuts,73
612cd21ab53f52338b7b4f19,madeleine,86
612cd21ab53f52338b7b4f19,oatmealraisincookie,93
612cd21ab53f52338b7b4f19,brownie,97
612cd21ab53f52338b7b4f19,butteredpopcorn,92
612cd21ab53f52338b7b4f19,strawberryicecreamcone,99
612cd21ab53f52338b7b4f19,eggrolls,19
612cd21ab53f52338b7b4f19,vanillasoftservecone,90
612cd21ab53f52338b7b4f19,thumprintcookie,61
612cd21ab53f52338b7b4f19,frostedbrownie,98
612cd21ab53f52338b7b4f19,potatochips,100
612cd21ab53f52338b7b4f19,slicedloafbread,22
612cd21ab53f52338b7b4f19,twix,93
612cd21ab53f52338b7b4f19,chocolatebark,86
612cd21ab53f52338b7b4f19,boulebread,92
612cd21ab53f52338b7b4f19,doritos,100
612cd21ab53f52338b7b4f19,caramel,93
612cd21ab53f52338b7b4f19,frenchfries,100
612cd21ab53f52338b7b4f19,apple,81
612cd21ab53f52338b7b4f19,chickentenders,87
612cd21ab53f52338b7b4f19,darkchocolate,1
612cd21ab53f52338b7b4f19,vanillawafer,13
612cd21ab53f52338b7b4f19,orange,86
612cd21ab53f52338b7b4f19,wavylays,100
612cd21ab53f52338b7b4f19,almonds,25
612cd21ab53f52338b7b4f19,carrot,9
612cd21ab53f52338b7b4f19,honeydewmelon,56
612cd21ab53f52338b7b4f19,milkchocolate,100
612cd21ab53f52338b7b4f19,grape,85
612cd21ab53f52338b7b4f19,plum,88
612cd21ab53f52338b7b4f19,lindtlindorchocolatetruffle,10
612cd21ab53f52338b7b4f19,tortillachips,74
612cd21ab53f52338b7b4f19,churro,83
612cd21ab53f52338b7b4f19,sugarcookie,53
612cd21ab53f52338b7b4f19,chocolatewafer,63
612cd21ab53f52338b7b4f19,twistdonut,90
612cd21ab53f52338b7b4f19,tuilecookie,50
623488cb1417a113ca966af3,ritzcracker,50
623488cb1417a113ca966af3,triscuits,47
623488cb1417a113ca966af3,almonds,6
623488cb1417a113ca966af3,chocolatewafer,2
623488cb1417a113ca966af3,chocolateicecreamcone,56
623488cb1417a113ca966af3,caramel,45
623488cb1417a113ca966af3,twix,40
623488cb1417a113ca966af3,greenbellpepper,7
623488cb1417a113ca966af3,apple,63
623488cb1417a113ca966af3,eggrolls,1
623488cb1417a113ca966af3,grape,36
623488cb1417a113ca966af3,tortillachips,47
623488cb1417a113ca966af3,ryebread,13
623488cb1417a113ca966af3,gouda,37
623488cb1417a113ca966af3,plum,18
623488cb1417a113ca966af3,lindtlindorchocolatetruffle,7
623488cb1417a113ca966af3,pocky,46
623488cb1417a113ca966af3,oatmealraisincookie,39
623488cb1417a113ca966af3,lemoncake,68
623488cb1417a113ca966af3,saltinecracker,36
623488cb1417a113ca966af3,butteredpopcorn,57
623488cb1417a113ca966af3,meatballs,20
623488cb1417a113ca966af3,orange,60
623488cb1417a113ca966af3,peanutmms,6
623488cb1417a113ca966af3,slicedloafbread,65
623488cb1417a113ca966af3,tuilecookie,41
623488cb1417a113ca966af3,swisscheese,33
623488cb1417a113ca966af3,boulebread,31
623488cb1417a113ca966af3,carrot,48
623488cb1417a113ca966af3,peanuts,2
623488cb1417a113ca966af3,chocolatebark,2
623488cb1417a113ca966af3,goldendeliciousapple,52
623488cb1417a113ca966af3,nutrigrainbar,5
623488cb1417a113ca966af3,strawberryicecreamcone,59
623488cb1417a113ca966af3,potatochips,58
623488cb1417a113ca966af3,vanillawafer,72
623488cb1417a113ca966af3,chickentenders,38
623488cb1417a113ca966af3,doritos,46
623488cb1417a113ca966af3,brownie,69
623488cb1417a113ca966af3,toblerone,21
623488cb1417a113ca966af3,frostedbrownie,63
623488cb1417a113ca966af3,baguette,10
623488cb1417a113ca966af3,vanillasoftservecone,95
623488cb1417a113ca966af3,kiwi,59
623488cb1417a113ca966af3,madeleine,52
623488cb1417a113ca966af3,thumprintcookie,4
623488cb1417a113ca966af3,peach,30
623488cb1417a113ca966af3,honeydewmelon,55
623488cb1417a113ca966af3,wavylays,54
623488cb1417a113ca966af3,deliturkey,71
623488cb1417a113ca966af3,darkchocolate,4
623488cb1417a113ca966af3,frenchfries,69
623488cb1417a113ca966af3,raspberry,64
623488cb1417a113ca966af3,sugarcookie,76
623488cb1417a113ca966af3,twistdonut,89
623488cb1417a113ca966af3,blackberry,66
623488cb1417a113ca966af3,wheatthins,32
623488cb1417a113ca966af3,cherry,60
623488cb1417a113ca966af3,milkchocolate,7
623488cb1417a113ca966af3,churro,57
627952f93c698e40248a41ae,vanillawafer,40
627952f93c698e40248a41ae,thumprintcookie,67
627952f93c698e40248a41ae,grape,75
627952f93c698e40248a41ae,almonds,60
627952f93c698e40248a41ae,darkchocolate,28
627952f93c698e40248a41ae,oatmealraisincookie,61
627952f93c698e40248a41ae,saltinecracker,69
627952f93c698e40248a41ae,caramel,76
627952f93c698e40248a41ae,lindtlindorchocolatetruffle,24
627952f93c698e40248a41ae,slicedloafbread,67
627952f93c698e40248a41ae,madeleine,63
627952f93c698e40248a41ae,apple,70
627952f93c698e40248a41ae,wavylays,12
627952f93c698e40248a41ae,carrot,8
627952f93c698e40248a41ae,lemoncake,94
627952f93c698e40248a41ae,butteredpopcorn,21
627952f93c698e40248a41ae,churro,56
627952f93c698e40248a41ae,twix,88
627952f93c698e40248a41ae,chocolateicecreamcone,67
627952f93c698e40248a41ae,peanutmms,7
627952f93c698e40248a41ae,goldendeliciousapple,58
627952f93c698e40248a41ae,gouda,87
627952f93c698e40248a41ae,boulebread,51
627952f93c698e40248a41ae,doritos,2
627952f93c698e40248a41ae,twistdonut,47
627952f93c698e40248a41ae,ryebread,19
627952f93c698e40248a41ae,greenbellpepper,83
627952f93c698e40248a41ae,tortillachips,16
627952f93c698e40248a41ae,peach,97
627952f93c698e40248a41ae,chocolatebark,49
627952f93c698e40248a41ae,cherry,96
627952f93c698e40248a41ae,vanillasoftservecone,97
627952f93c698e40248a41ae,sugarcookie,78
627952f93c698e40248a41ae,chocolatewafer,38
627952f93c698e40248a41ae,nutrigrainbar,60
627952f93c698e40248a41ae,triscuits,32
627952f93c698e40248a41ae,raspberry,84
627952f93c698e40248a41ae,peanuts,36
627952f93c698e40248a41ae,swisscheese,34
627952f93c698e40248a41ae,honeydewmelon,77
627952f93c698e40248a41ae,plum,95
627952f93c698e40248a41ae,kiwi,100
627952f93c698e40248a41ae,meatballs,28
627952f93c698e40248a41ae,blackberry,72
627952f93c698e40248a41ae,chickentenders,61
627952f93c698e40248a41ae,toblerone,51
627952f93c698e40248a41ae,tuilecookie,58
627952f93c698e40248a41ae,potatochips,8
627952f93c698e40248a41ae,brownie,56
627952f93c698e40248a41ae,deliturkey,55
627952f93c698e40248a41ae,frostedbrownie,28
627952f93c698e40248a41ae,pocky,11
627952f93c698e40248a41ae,eggrolls,46
627952f93c698e40248a41ae,baguette,25
627952f93c698e40248a41ae,orange,52
627952f93c698e40248a41ae,milkchocolate,32
627952f93c698e40248a41ae,ritzcracker,27
627952f93c698e40248a41ae,strawberryicecreamcone,55
627952f93c698e40248a41ae,frenchfries,5
627952f93c698e40248a41ae,wheatthins,8
62e036569eccf0c9324081b6,eggrolls,81
62e036569eccf0c9324081b6,milkchocolate,63
62e036569eccf0c9324081b6,almonds,76
62e036569eccf0c9324081b6,chocolateicecreamcone,70
62e036569eccf0c9324081b6,ryebread,54
62e036569eccf0c9324081b6,chickentenders,1
62e036569eccf0c9324081b6,churro,14
62e036569eccf0c9324081b6,sugarcookie,67
62e036569eccf0c9324081b6,gouda,6
62e036569eccf0c9324081b6,tuilecookie,12
62e036569eccf0c9324081b6,raspberry,100
62e036569eccf0c9324081b6,plum,100
62e036569eccf0c9324081b6,kiwi,1
62e036569eccf0c9324081b6,deliturkey,1
62e036569eccf0c9324081b6,peanutmms,77
62e036569eccf0c9324081b6,triscuits,1
62e036569eccf0c9324081b6,madeleine,32
62e036569eccf0c9324081b6,swisscheese,33
62e036569eccf0c9324081b6,blackberry,100
62e036569eccf0c9324081b6,goldendeliciousapple,28
62e036569eccf0c9324081b6,cherry,100
62e036569eccf0c9324081b6,grape,62
62e036569eccf0c9324081b6,meatballs,1
62e036569eccf0c9324081b6,peanuts,55
62e036569eccf0c9324081b6,darkchocolate,85
62e036569eccf0c9324081b6,toblerone,46
62e036569eccf0c9324081b6,wavylays,88
62e036569eccf0c9324081b6,lindtlindorchocolatetruffle,78
62e036569eccf0c9324081b6,chocolatewafer,31
62e036569eccf0c9324081b6,boulebread,72
62e036569eccf0c9324081b6,baguette,81
62e036569eccf0c9324081b6,frenchfries,100
62e036569eccf0c9324081b6,brownie,90
62e036569eccf0c9324081b6,butteredpopcorn,31
62e036569eccf0c9324081b6,ritzcracker,73
62e036569eccf0c9324081b6,chocolatebark,31
62e036569eccf0c9324081b6,saltinecracker,79
62e036569eccf0c9324081b6,potatochips,100
62e036569eccf0c9324081b6,vanillawafer,51
62e036569eccf0c9324081b6,caramel,81
62e036569eccf0c9324081b6,slicedloafbread,93
62e036569eccf0c9324081b6,tortillachips,93
62e036569eccf0c9324081b6,strawberryicecreamcone,83
62e036569eccf0c9324081b6,orange,53
62e036569eccf0c9324081b6,pocky,27
62e036569eccf0c9324081b6,carrot,100
62e036569eccf0c9324081b6,wheatthins,1
62e036569eccf0c9324081b6,twix,74
62e036569eccf0c9324081b6,peach,100
62e036569eccf0c9324081b6,oatmealraisincookie,53
62e036569eccf0c9324081b6,thumprintcookie,37
62e036569eccf0c9324081b6,honeydewmelon,1
62e036569eccf0c9324081b6,doritos,100
62e036569eccf0c9324081b6,nutrigrainbar,58
62e036569eccf0c9324081b6,apple,56
62e036569eccf0c9324081b6,greenbellpepper,33
62e036569eccf0c9324081b6,twistdonut,81
62e036569eccf0c9324081b6,lemoncake,88
62e036569eccf0c9324081b6,frostedbrownie,100
62e036569eccf0c9324081b6,vanillasoftservecone,100
6304c83e3f11c9d05dc3112d,deliturkey,83
6304c83e3f11c9d05dc3112d,oatmealraisincookie,42
6304c83e3f11c9d05dc3112d,milkchocolate,76
6304c83e3f11c9d05dc3112d,raspberry,34
6304c83e3f11c9d05dc3112d,carrot,40
6304c83e3f11c9d05dc3112d,greenbellpepper,75
6304c83e3f11c9d05dc3112d,pocky,78
6304c83e3f11c9d05dc3112d,darkchocolate,100
6304c83e3f11c9d05dc3112d,doritos,68
6304c83e3f11c9d05dc3112d,grape,66
6304c83e3f11c9d05dc3112d,lemoncake,87
6304c83e3f11c9d05dc3112d,twistdonut,65
6304c83e3f11c9d05dc3112d,chickentenders,86
6304c83e3f11c9d05dc3112d,vanillawafer,17
6304c83e3f11c9d05dc3112d,potatochips,82
6304c83e3f11c9d05dc3112d,madeleine,16
6304c83e3f11c9d05dc3112d,churro,20
6304c83e3f11c9d05dc3112d,frenchfries,78
6304c83e3f11c9d05dc3112d,orange,87
6304c83e3f11c9d05dc3112d,sugarcookie,20
6304c83e3f11c9d05dc3112d,peach,98
6304c83e3f11c9d05dc3112d,triscuits,22
6304c83e3f11c9d05dc3112d,almonds,2
6304c83e3f11c9d05dc3112d,cherry,15
6304c83e3f11c9d05dc3112d,frostedbrownie,100
6304c83e3f11c9d05dc3112d,eggrolls,79
6304c83e3f11c9d05dc3112d,apple,77
6304c83e3f11c9d05dc3112d,caramel,75
6304c83e3f11c9d05dc3112d,chocolatewafer,89
6304c83e3f11c9d05dc3112d,thumprintcookie,17
6304c83e3f11c9d05dc3112d,nutrigrainbar,18
6304c83e3f11c9d05dc3112d,chocolatebark,94
6304c83e3f11c9d05dc3112d,gouda,68
6304c83e3f11c9d05dc3112d,tuilecookie,43
6304c83e3f11c9d05dc3112d,wavylays,86
6304c83e3f11c9d05dc3112d,toblerone,98
6304c83e3f11c9d05dc3112d,honeydewmelon,30
6304c83e3f11c9d05dc3112d,goldendeliciousapple,62
6304c83e3f11c9d05dc3112d,slicedloafbread,68
6304c83e3f11c9d05dc3112d,butteredpopcorn,81
6304c83e3f11c9d05dc3112d,meatballs,99
6304c83e3f11c9d05dc3112d,ritzcracker,63
6304c83e3f11c9d05dc3112d,baguette,74
6304c83e3f11c9d05dc3112d,peanutmms,83
6304c83e3f11c9d05dc3112d,blackberry,26
6304c83e3f11c9d05dc3112d,wheatthins,35
6304c83e3f11c9d05dc3112d,saltinecracker,41
6304c83e3f11c9d05dc3112d,peanuts,82
6304c83e3f11c9d05dc3112d,lindtlindorchocolatetruffle,100
6304c83e3f11c9d05dc3112d,brownie,100
6304c83e3f11c9d05dc3112d,boulebread,79
6304c83e3f11c9d05dc3112d,chocolateicecreamcone,100
6304c83e3f11c9d05dc3112d,tortillachips,85
6304c83e3f11c9d05dc3112d,plum,28
6304c83e3f11c9d05dc3112d,strawberryicecreamcone,100
6304c83e3f11c9d05dc3112d,twix,100
6304c83e3f11c9d05dc3112d,kiwi,31
6304c83e3f11c9d05dc3112d,swisscheese,43
6304c83e3f11c9d05dc3112d,ryebread,60
6304c83e3f11c9d05dc3112d,vanillasoftservecone,96
63092403fcc6e9f47ffa04dc,strawberryicecreamcone,1
63092403fcc6e9f47ffa04dc,churro,20
63092403fcc6e9f47ffa04dc,swisscheese,79
63092403fcc6e9f47ffa04dc,vanillawafer,33
63092403fcc6e9f47ffa04dc,kiwi,100
63092403fcc6e9f47ffa04dc,sugarcookie,1
63092403fcc6e9f47ffa04dc,peanuts,91
63092403fcc6e9f47ffa04dc,carrot,86
63092403fcc6e9f47ffa04dc,ryebread,57
63092403fcc6e9f47ffa04dc,toblerone,22
63092403fcc6e9f47ffa04dc,wavylays,1
63092403fcc6e9f47ffa04dc,madeleine,1
63092403fcc6e9f47ffa04dc,lindtlindorchocolatetruffle,47
63092403fcc6e9f47ffa04dc,brownie,2
63092403fcc6e9f47ffa04dc,raspberry,100
63092403fcc6e9f47ffa04dc,cherry,88
63092403fcc6e9f47ffa04dc,blackberry,100
63092403fcc6e9f47ffa04dc,peach,94
63092403fcc6e9f47ffa04dc,almonds,90
63092403fcc6e9f47ffa04dc,darkchocolate,79
63092403fcc6e9f47ffa04dc,lemoncake,1
63092403fcc6e9f47ffa04dc,pocky,53
63092403fcc6e9f47ffa04dc,doritos,1
63092403fcc6e9f47ffa04dc,eggrolls,1
63092403fcc6e9f47ffa04dc,saltinecracker,25
63092403fcc6e9f47ffa04dc,frostedbrownie,7
63092403fcc6e9f47ffa04dc,chocolateicecreamcone,1
63092403fcc6e9f47ffa04dc,triscuits,26
63092403fcc6e9f47ffa04dc,tortillachips,33
63092403fcc6e9f47ffa04dc,potatochips,1
63092403fcc6e9f47ffa04dc,chickentenders,1
63092403fcc6e9f47ffa04dc,apple,82
63092403fcc6e9f47ffa04dc,frenchfries,16
63092403fcc6e9f47ffa04dc,honeydewmelon,90
63092403fcc6e9f47ffa04dc,twistdonut,21
63092403fcc6e9f47ffa04dc,twix,1
63092403fcc6e9f47ffa04dc,baguette,20
63092403fcc6e9f47ffa04dc,tuilecookie,1
63092403fcc6e9f47ffa04dc,peanutmms,4
63092403fcc6e9f47ffa04dc,caramel,1
63092403fcc6e9f47ffa04dc,boulebread,71
63092403fcc6e9f47ffa04dc,grape,100
63092403fcc6e9f47ffa04dc,greenbellpepper,95
63092403fcc6e9f47ffa04dc,slicedloafbread,1
63092403fcc6e9f47ffa04dc,orange,100
63092403fcc6e9f47ffa04dc,nutrigrainbar,15
63092403fcc6e9f47ffa04dc,deliturkey,1
63092403fcc6e9f47ffa04dc,chocolatewafer,1
63092403fcc6e9f47ffa04dc,vanillasoftservecone,8
63092403fcc6e9f47ffa04dc,gouda,91
63092403fcc6e9f47ffa04dc,wheatthins,43
63092403fcc6e9f47ffa04dc,goldendeliciousapple,80
63092403fcc6e9f47ffa04dc,ritzcracker,1
63092403fcc6e9f47ffa04dc,meatballs,1
63092403fcc6e9f47ffa04dc,plum,100
63092403fcc6e9f47ffa04dc,milkchocolate,1
63092403fcc6e9f47ffa04dc,chocolatebark,58
63092403fcc6e9f47ffa04dc,butteredpopcorn,50
63092403fcc6e9f47ffa04dc,oatmealraisincookie,1
63092403fcc6e9f47ffa04dc,thumprintcookie,1
63254db937c17e8e9200fd54,vanillasoftservecone,28
63254db937c17e8e9200fd54,honeydewmelon,19
63254db937c17e8e9200fd54,twistdonut,6
63254db937c17e8e9200fd54,cherry,59
63254db937c17e8e9200fd54,churro,2
63254db937c17e8e9200fd54,potatochips,1
63254db937c17e8e9200fd54,tuilecookie,1
63254db937c17e8e9200fd54,plum,61
63254db937c17e8e9200fd54,boulebread,100
63254db937c17e8e9200fd54,caramel,1
63254db937c17e8e9200fd54,frostedbrownie,19
63254db937c17e8e9200fd54,frenchfries,44
63254db937c17e8e9200fd54,peach,66
63254db937c17e8e9200fd54,chocolatewafer,5
63254db937c17e8e9200fd54,baguette,100
63254db937c17e8e9200fd54,meatballs,81
63254db937c17e8e9200fd54,gouda,48
63254db937c17e8e9200fd54,greenbellpepper,74
63254db937c17e8e9200fd54,brownie,1
63254db937c17e8e9200fd54,carrot,49
63254db937c17e8e9200fd54,thumprintcookie,2
63254db937c17e8e9200fd54,triscuits,35
63254db937c17e8e9200fd54,chickentenders,67
63254db937c17e8e9200fd54,raspberry,40
63254db937c17e8e9200fd54,goldendeliciousapple,65
63254db937c17e8e9200fd54,peanutmms,1
63254db937c17e8e9200fd54,swisscheese,21
63254db937c17e8e9200fd54,butteredpopcorn,14
63254db937c17e8e9200fd54,darkchocolate,31
63254db937c17e8e9200fd54,wheatthins,61
63254db937c17e8e9200fd54,tortillachips,24
63254db937c17e8e9200fd54,strawberryicecreamcone,36
63254db937c17e8e9200fd54,almonds,59
63254db937c17e8e9200fd54,blackberry,63
63254db937c17e8e9200fd54,pocky,16
63254db937c17e8e9200fd54,eggrolls,71
63254db937c17e8e9200fd54,nutrigrainbar,39
63254db937c17e8e9200fd54,chocolateicecreamcone,40
63254db937c17e8e9200fd54,grape,76
63254db937c17e8e9200fd54,apple,78
63254db937c17e8e9200fd54,ritzcracker,37
63254db937c17e8e9200fd54,twix,16
63254db937c17e8e9200fd54,toblerone,19
63254db937c17e8e9200fd54,wavylays,23
63254db937c17e8e9200fd54,sugarcookie,1
63254db937c17e8e9200fd54,lemoncake,1
63254db937c17e8e9200fd54,kiwi,37
63254db937c17e8e9200fd54,peanuts,33
63254db937c17e8e9200fd54,oatmealraisincookie,35
63254db937c17e8e9200fd54,slicedloafbread,47
63254db937c17e8e9200fd54,deliturkey,54
63254db937c17e8e9200fd54,ryebread,86
63254db937c17e8e9200fd54,orange,75
63254db937c17e8e9200fd54,chocolatebark,28
63254db937c17e8e9200fd54,vanillawafer,19
63254db937c17e8e9200fd54,doritos,8
63254db937c17e8e9200fd54,saltinecracker,62
63254db937c17e8e9200fd54,lindtlindorchocolatetruffle,29
63254db937c17e8e9200fd54,madeleine,44
63254db937c17e8e9200fd54,milkchocolate,34
636149c88d2d393decf957f7,greenbellpepper,50
636149c88d2d393decf957f7,baguette,20
636149c88d2d393decf957f7,ritzcracker,77
636149c88d2d393decf957f7,orange,70
636149c88d2d393decf957f7,triscuits,54
636149c88d2d393decf957f7,plum,13
636149c88d2d393decf957f7,boulebread,29
636149c88d2d393decf957f7,toblerone,11
636149c88d2d393decf957f7,deliturkey,65
636149c88d2d393decf957f7,goldendeliciousapple,49
636149c88d2d393decf957f7,carrot,94
636149c88d2d393decf957f7,thumprintcookie,8
636149c88d2d393decf957f7,caramel,1
636149c88d2d393decf957f7,peach,90
636149c88d2d393decf957f7,eggrolls,93
636149c88d2d393decf957f7,almonds,51
636149c88d2d393decf957f7,twistdonut,50
636149c88d2d393decf957f7,lindtlindorchocolatetruffle,14
636149c88d2d393decf957f7,swisscheese,3
636149c88d2d393decf957f7,chocolatewafer,100
636149c88d2d393decf957f7,madeleine,4
636149c88d2d393decf957f7,pocky,2
636149c88d2d393decf957f7,milkchocolate,36
636149c88d2d393decf957f7,darkchocolate,36
636149c88d2d393decf957f7,chocolateicecreamcone,65
636149c88d2d393decf957f7,nutrigrainbar,7
636149c88d2d393decf957f7,sugarcookie,26
636149c88d2d393decf957f7,blackberry,58
636149c88d2d393decf957f7,strawberryicecreamcone,14
636149c88d2d393decf957f7,raspberry,63
636149c88d2d393decf957f7,potatochips,79
636149c88d2d393decf957f7,meatballs,12
636149c88d2d393decf957f7,honeydewmelon,13
636149c88d2d393decf957f7,vanillawafer,95
636149c88d2d393decf957f7,chocolatebark,1
636149c88d2d393decf957f7,peanuts,17
636149c88d2d393decf957f7,peanutmms,30
636149c88d2d393decf957f7,tuilecookie,27
636149c88d2d393decf957f7,kiwi,5
636149c88d2d393decf957f7,ryebread,49
636149c88d2d393decf957f7,wheatthins,52
636149c88d2d393decf957f7,frenchfries,49
636149c88d2d393decf957f7,apple,30
636149c88d2d393decf957f7,cherry,16
636149c88d2d393decf957f7,vanillasoftservecone,69
636149c88d2d393decf957f7,tortillachips,50
636149c88d2d393decf957f7,churro,61
636149c88d2d393decf957f7,butteredpopcorn,4
636149c88d2d393decf957f7,frostedbrownie,20
636149c88d2d393decf957f7,brownie,11
636149c88d2d393decf957f7,grape,79
636149c88d2d393decf957f7,lemoncake,8
636149c88d2d393decf957f7,wavylays,49
636149c88d2d393decf957f7,doritos,63
636149c88d2d393decf957f7,gouda,2
636149c88d2d393decf957f7,slicedloafbread,49
636149c88d2d393decf957f7,saltinecracker,80
636149c88d2d393decf957f7,oatmealraisincookie,65
636149c88d2d393decf957f7,twix,34
636149c88d2d393decf957f7,chickentenders,25
63721ebb22090f47e23b0a1b,ryebread,51
63721ebb22090f47e23b0a1b,tortillachips,83
63721ebb22090f47e23b0a1b,tuilecookie,27
63721ebb22090f47e23b0a1b,raspberry,96
63721ebb22090f47e23b0a1b,lemoncake,17
63721ebb22090f47e23b0a1b,kiwi,94
63721ebb22090f47e23b0a1b,caramel,5
63721ebb22090f47e23b0a1b,orange,96
63721ebb22090f47e23b0a1b,wavylays,8
63721ebb22090f47e23b0a1b,pocky,11
63721ebb22090f47e23b0a1b,gouda,81
63721ebb22090f47e23b0a1b,baguette,50
63721ebb22090f47e23b0a1b,thumprintcookie,19
63721ebb22090f47e23b0a1b,milkchocolate,70
63721ebb22090f47e23b0a1b,peanuts,82
63721ebb22090f47e23b0a1b,madeleine,6
63721ebb22090f47e23b0a1b,chocolatebark,7
63721ebb22090f47e23b0a1b,frostedbrownie,15
63721ebb22090f47e23b0a1b,ritzcracker,46
63721ebb22090f47e23b0a1b,peanutmms,9
63721ebb22090f47e23b0a1b,grape,86
63721ebb22090f47e23b0a1b,apple,99
63721ebb22090f47e23b0a1b,slicedloafbread,8
63721ebb22090f47e23b0a1b,meatballs,52
63721ebb22090f47e23b0a1b,almonds,96
63721ebb22090f47e23b0a1b,vanillasoftservecone,11
63721ebb22090f47e23b0a1b,brownie,5
63721ebb22090f47e23b0a1b,darkchocolate,31
63721ebb22090f47e23b0a1b,chickentenders,13
63721ebb22090f47e23b0a1b,twix,11
63721ebb22090f47e23b0a1b,triscuits,63
63721ebb22090f47e23b0a1b,butteredpopcorn,16
63721ebb22090f47e23b0a1b,plum,97
63721ebb22090f47e23b0a1b,boulebread,58
63721ebb22090f47e23b0a1b,frenchfries,8
63721ebb22090f47e23b0a1b,doritos,8
63721ebb22090f47e23b0a1b,blackberry,91
63721ebb22090f47e23b0a1b,goldendeliciousapple,97
63721ebb22090f47e23b0a1b,wheatthins,47
63721ebb22090f47e23b0a1b,swisscheese,74
63721ebb22090f47e23b0a1b,greenbellpepper,97
63721ebb22090f47e23b0a1b,chocolatewafer,5
63721ebb22090f47e23b0a1b,nutrigrainbar,37
63721ebb22090f47e23b0a1b,lindtlindorchocolatetruffle,10
63721ebb22090f47e23b0a1b,carrot,95
63721ebb22090f47e23b0a1b,chocolateicecreamcone,14
63721ebb22090f47e23b0a1b,peach,94
63721ebb22090f47e23b0a1b,saltinecracker,6
63721ebb22090f47e23b0a1b,strawberryicecreamcone,9
63721ebb22090f47e23b0a1b,oatmealraisincookie,31
63721ebb22090f47e23b0a1b,potatochips,1
63721ebb22090f47e23b0a1b,toblerone,7
63721ebb22090f47e23b0a1b,eggrolls,1
63721ebb22090f47e23b0a1b,cherry,89
63721ebb22090f47e23b0a1b,churro,4
63721ebb22090f47e23b0a1b,vanillawafer,4
63721ebb22090f47e23b0a1b,deliturkey,97
63721ebb22090f47e23b0a1b,twistdonut,16
63721ebb22090f47e23b0a1b,sugarcookie,8
63721ebb22090f47e23b0a1b,honeydewmelon,94
639e0331bc3cc615f5a3dd89,darkchocolate,49
639e0331bc3cc615f5a3dd89,goldendeliciousapple,43
639e0331bc3cc615f5a3dd89,pocky,44
639e0331bc3cc615f5a3dd89,frenchfries,65
639e0331bc3cc615f5a3dd89,ryebread,39
639e0331bc3cc615f5a3dd89,vanillasoftservecone,68
639e0331bc3cc615f5a3dd89,orange,67
639e0331bc3cc615f5a3dd89,nutrigrainbar,38
639e0331bc3cc615f5a3dd89,lindtlindorchocolatetruffle,58
639e0331bc3cc615f5a3dd89,toblerone,70
639e0331bc3cc615f5a3dd89,deliturkey,72
639e0331bc3cc615f5a3dd89,tortillachips,41
639e0331bc3cc615f5a3dd89,slicedloafbread,35
639e0331bc3cc615f5a3dd89,caramel,91
639e0331bc3cc615f5a3dd89,gouda,80
639e0331bc3cc615f5a3dd89,wavylays,64
639e0331bc3cc615f5a3dd89,chocolateicecreamcone,32
639e0331bc3cc615f5a3dd89,carrot,28
639e0331bc3cc615f5a3dd89,sugarcookie,71
639e0331bc3cc615f5a3dd89,churro,75
639e0331bc3cc615f5a3dd89,triscuits,26
639e0331bc3cc615f5a3dd89,ritzcracker,33
639e0331bc3cc615f5a3dd89,milkchocolate,49
639e0331bc3cc615f5a3dd89,tuilecookie,64
639e0331bc3cc615f5a3dd89,madeleine,69
639e0331bc3cc615f5a3dd89,wheatthins,39
639e0331bc3cc615f5a3dd89,peanutmms,24
639e0331bc3cc615f5a3dd89,chocolatewafer,21
639e0331bc3cc615f5a3dd89,boulebread,53
639e0331bc3cc615f5a3dd89,baguette,59
639e0331bc3cc615f5a3dd89,chocolatebark,37
639e0331bc3cc615f5a3dd89,vanillawafer,32
639e0331bc3cc615f5a3dd89,lemoncake,82
639e0331bc3cc615f5a3dd89,thumprintcookie,49
639e0331bc3cc615f5a3dd89,greenbellpepper,41
639e0331bc3cc615f5a3dd89,saltinecracker,56
639e0331bc3cc615f5a3dd89,eggrolls,94
639e0331bc3cc615f5a3dd89,peach,94
639e0331bc3cc615f5a3dd89,meatballs,87
639e0331bc3cc615f5a3dd89,potatochips,54
639e0331bc3cc615f5a3dd89,swisscheese,76
639e0331bc3cc615f5a3dd89,blackberry,72
639e0331bc3cc615f5a3dd89,chickentenders,86
639e0331bc3cc615f5a3dd89,frostedbrownie,27
639e0331bc3cc615f5a3dd89,raspberry,75
639e0331bc3cc615f5a3dd89,oatmealraisincookie,80
639e0331bc3cc615f5a3dd89,apple,42
639e0331bc3cc615f5a3dd89,butteredpopcorn,69
639e0331bc3cc615f5a3dd89,grape,63
639e0331bc3cc615f5a3dd89,twistdonut,92
639e0331bc3cc615f5a3dd89,strawberryicecreamcone,32
639e0331bc3cc615f5a3dd89,twix,37
639e0331bc3cc615f5a3dd89,almonds,44
639e0331bc3cc615f5a3dd89,plum,82
639e0331bc3cc615f5a3dd89,honeydewmelon,11
639e0331bc3cc615f5a3dd89,brownie,30
639e0331bc3cc615f5a3dd89,cherry,70
639e0331bc3cc615f5a3dd89,peanuts,71
639e0331bc3cc615f5a3dd89,doritos,63
639e0331bc3cc615f5a3dd89,kiwi,77
63bcf141136313265f65eec9,sugarcookie,67
63bcf141136313265f65eec9,gouda,83
63bcf141136313265f65eec9,cherry,97
63bcf141136313265f65eec9,vanillawafer,24
63bcf141136313265f65eec9,twistdonut,81
63bcf141136313265f65eec9,deliturkey,75
63bcf141136313265f65eec9,carrot,76
63bcf141136313265f65eec9,toblerone,66
63bcf141136313265f65eec9,chickentenders,49
63bcf141136313265f65eec9,lindtlindorchocolatetruffle,71
63bcf141136313265f65eec9,peanuts,92
63bcf141136313265f65eec9,peach,100
63bcf141136313265f65eec9,wavylays,12
63bcf141136313265f65eec9,eggrolls,28
63bcf141136313265f65eec9,plum,99
63bcf141136313265f65eec9,nutrigrainbar,49
63bcf141136313265f65eec9,pocky,13
63bcf141136313265f65eec9,blackberry,52
63bcf141136313265f65eec9,strawberryicecreamcone,58
63bcf141136313265f65eec9,doritos,3
63bcf141136313265f65eec9,orange,84
63bcf141136313265f65eec9,milkchocolate,86
63bcf141136313265f65eec9,ryebread,1
63bcf141136313265f65eec9,boulebread,4
63bcf141136313265f65eec9,tortillachips,3
63bcf141136313265f65eec9,meatballs,73
63bcf141136313265f65eec9,ritzcracker,96
63bcf141136313265f65eec9,brownie,72
63bcf141136313265f65eec9,chocolatebark,98
63bcf141136313265f65eec9,oatmealraisincookie,96
63bcf141136313265f65eec9,raspberry,80
63bcf141136313265f65eec9,wheatthins,80
63bcf141136313265f65eec9,apple,100
63bcf141136313265f65eec9,saltinecracker,21
63bcf141136313265f65eec9,potatochips,1
63bcf141136313265f65eec9,frostedbrownie,91
63bcf141136313265f65eec9,grape,100
63bcf141136313265f65eec9,chocolateicecreamcone,24
63bcf141136313265f65eec9,chocolatewafer,9
63bcf141136313265f65eec9,triscuits,89
63bcf141136313265f65eec9,lemoncake,3
63bcf141136313265f65eec9,frenchfries,2
63bcf141136313265f65eec9,baguette,69
63bcf141136313265f65eec9,kiwi,83
63bcf141136313265f65eec9,vanillasoftservecone,79
63bcf141136313265f65eec9,goldendeliciousapple,95
63bcf141136313265f65eec9,churro,11
63bcf141136313265f65eec9,tuilecookie,4
63bcf141136313265f65eec9,swisscheese,97
63bcf141136313265f65eec9,honeydewmelon,100
63bcf141136313265f65eec9,thumprintcookie,67
63bcf141136313265f65eec9,madeleine,49
63bcf141136313265f65eec9,butteredpopcorn,42
63bcf141136313265f65eec9,slicedloafbread,1
63bcf141136313265f65eec9,caramel,84
63bcf141136313265f65eec9,almonds,67
63bcf141136313265f65eec9,peanutmms,78
63bcf141136313265f65eec9,greenbellpepper,1
63bcf141136313265f65eec9,twix,60
63bcf141136313265f65eec9,darkchocolate,92
63d13c066352266a8621cc2a,butteredpopcorn,91
63d13c066352266a8621cc2a,honeydewmelon,1
63d13c066352266a8621cc2a,lindtlindorchocolatetruffle,69
63d13c066352266a8621cc2a,deliturkey,54
63d13c066352266a8621cc2a,peanuts,68
63d13c066352266a8621cc2a,chocolateicecreamcone,97
63d13c066352266a8621cc2a,pocky,86
63d13c066352266a8621cc2a,tortillachips,72
63d13c066352266a8621cc2a,boulebread,61
63d13c066352266a8621cc2a,carrot,71
63d13c066352266a8621cc2a,frenchfries,77
63d13c066352266a8621cc2a,strawberryicecreamcone,77
63d13c066352266a8621cc2a,baguette,62
63d13c066352266a8621cc2a,almonds,65
63d13c066352266a8621cc2a,plum,71
63d13c066352266a8621cc2a,darkchocolate,85
63d13c066352266a8621cc2a,madeleine,83
63d13c066352266a8621cc2a,twistdonut,74
63d13c066352266a8621cc2a,raspberry,78
63d13c066352266a8621cc2a,blackberry,79
63d13c066352266a8621cc2a,meatballs,65
63d13c066352266a8621cc2a,ritzcracker,80
63d13c066352266a8621cc2a,slicedloafbread,75
63d13c066352266a8621cc2a,gouda,65
63d13c066352266a8621cc2a,ryebread,73
63d13c066352266a8621cc2a,swisscheese,73
63d13c066352266a8621cc2a,apple,75
63d13c066352266a8621cc2a,thumprintcookie,75
63d13c066352266a8621cc2a,peanutmms,77
63d13c066352266a8621cc2a,oatmealraisincookie,57
63d13c066352266a8621cc2a,triscuits,83
63d13c066352266a8621cc2a,brownie,77
63d13c066352266a8621cc2a,grape,63
63d13c066352266a8621cc2a,nutrigrainbar,65
63d13c066352266a8621cc2a,peach,80
63d13c066352266a8621cc2a,cherry,70
63d13c066352266a8621cc2a,churro,75
63d13c066352266a8621cc2a,orange,73
63d13c066352266a8621cc2a,chocolatebark,67
63d13c066352266a8621cc2a,greenbellpepper,50
63d13c066352266a8621cc2a,saltinecracker,50
63d13c066352266a8621cc2a,chickentenders,81
63d13c066352266a8621cc2a,goldendeliciousapple,77
63d13c066352266a8621cc2a,vanillawafer,72
63d13c066352266a8621cc2a,toblerone,50
63d13c066352266a8621cc2a,tuilecookie,68
63d13c066352266a8621cc2a,lemoncake,71
63d13c066352266a8621cc2a,frostedbrownie,67
63d13c066352266a8621cc2a,caramel,67
63d13c066352266a8621cc2a,eggrolls,68
63d13c066352266a8621cc2a,chocolatewafer,76
63d13c066352266a8621cc2a,kiwi,57
63d13c066352266a8621cc2a,milkchocolate,70
63d13c066352266a8621cc2a,wheatthins,54
63d13c066352266a8621cc2a,sugarcookie,75
63d13c066352266a8621cc2a,potatochips,75
63d13c066352266a8621cc2a,doritos,71
63d13c066352266a8621cc2a,vanillasoftservecone,73
63d13c066352266a8621cc2a,wavylays,71
63d13c066352266a8621cc2a,twix,72
63d9e1f02776bb4b5cd8e5e1,goldendeliciousapple,13
63d9e1f02776bb4b5cd8e5e1,boulebread,26
63d9e1f02776bb4b5cd8e5e1,vanillasoftservecone,100
63d9e1f02776bb4b5cd8e5e1,orange,100
63d9e1f02776bb4b5cd8e5e1,pocky,100
63d9e1f02776bb4b5cd8e5e1,honeydewmelon,100
63d9e1f02776bb4b5cd8e5e1,oatmealraisincookie,78
63d9e1f02776bb4b5cd8e5e1,swisscheese,57
63d9e1f02776bb4b5cd8e5e1,baguette,100
63d9e1f02776bb4b5cd8e5e1,doritos,100
63d9e1f02776bb4b5cd8e5e1,chocolatebark,53
63d9e1f02776bb4b5cd8e5e1,ryebread,29
63d9e1f02776bb4b5cd8e5e1,apple,100
63d9e1f02776bb4b5cd8e5e1,butteredpopcorn,100
63d9e1f02776bb4b5cd8e5e1,peach,75
63d9e1f02776bb4b5cd8e5e1,sugarcookie,70
63d9e1f02776bb4b5cd8e5e1,saltinecracker,9
63d9e1f02776bb4b5cd8e5e1,darkchocolate,6
63d9e1f02776bb4b5cd8e5e1,wavylays,34
63d9e1f02776bb4b5cd8e5e1,nutrigrainbar,14
63d9e1f02776bb4b5cd8e5e1,carrot,67
63d9e1f02776bb4b5cd8e5e1,greenbellpepper,66
63d9e1f02776bb4b5cd8e5e1,tortillachips,100
63d9e1f02776bb4b5cd8e5e1,slicedloafbread,100
63d9e1f02776bb4b5cd8e5e1,toblerone,100
63d9e1f02776bb4b5cd8e5e1,twistdonut,100
63d9e1f02776bb4b5cd8e5e1,tuilecookie,16
63d9e1f02776bb4b5cd8e5e1,gouda,85
63d9e1f02776bb4b5cd8e5e1,wheatthins,12
63d9e1f02776bb4b5cd8e5e1,frostedbrownie,100
63d9e1f02776bb4b5cd8e5e1,meatballs,100
63d9e1f02776bb4b5cd8e5e1,twix,100
63d9e1f02776bb4b5cd8e5e1,deliturkey,82
63d9e1f02776bb4b5cd8e5e1,blackberry,100
63d9e1f02776bb4b5cd8e5e1,churro,100
63d9e1f02776bb4b5cd8e5e1,ritzcracker,4
63d9e1f02776bb4b5cd8e5e1,thumprintcookie,37
63d9e1f02776bb4b5cd8e5e1,raspberry,100
63d9e1f02776bb4b5cd8e5e1,milkchocolate,100
63d9e1f02776bb4b5cd8e5e1,kiwi,100
63d9e1f02776bb4b5cd8e5e1,brownie,100
63d9e1f02776bb4b5cd8e5e1,strawberryicecreamcone,67
63d9e1f02776bb4b5cd8e5e1,almonds,51
63d9e1f02776bb4b5cd8e5e1,vanillawafer,60
63d9e1f02776bb4b5cd8e5e1,potatochips,100
63d9e1f02776bb4b5cd8e5e1,peanutmms,100
63d9e1f02776bb4b5cd8e5e1,triscuits,1
63d9e1f02776bb4b5cd8e5e1,frenchfries,70
63d9e1f02776bb4b5cd8e5e1,plum,68
63d9e1f02776bb4b5cd8e5e1,madeleine,21
63d9e1f02776bb4b5cd8e5e1,chickentenders,100
63d9e1f02776bb4b5cd8e5e1,lemoncake,25
63d9e1f02776bb4b5cd8e5e1,eggrolls,100
63d9e1f02776bb4b5cd8e5e1,peanuts,34
63d9e1f02776bb4b5cd8e5e1,lindtlindorchocolatetruffle,62
63d9e1f02776bb4b5cd8e5e1,caramel,70
63d9e1f02776bb4b5cd8e5e1,chocolateicecreamcone,89
63d9e1f02776bb4b5cd8e5e1,grape,100
63d9e1f02776bb4b5cd8e5e1,chocolatewafer,39
63d9e1f02776bb4b5cd8e5e1,cherry,100
63f794e7d8d24753edbbb136,boulebread,16
63f794e7d8d24753edbbb136,lindtlindorchocolatetruffle,82
63f794e7d8d24753edbbb136,potatochips,71
63f794e7d8d24753edbbb136,tortillachips,57
63f794e7d8d24753edbbb136,madeleine,57
63f794e7d8d24753edbbb136,slicedloafbread,4
63f794e7d8d24753edbbb136,thumprintcookie,60
63f794e7d8d24753edbbb136,saltinecracker,21
63f794e7d8d24753edbbb136,honeydewmelon,98
63f794e7d8d24753edbbb136,frenchfries,36
63f794e7d8d24753edbbb136,goldendeliciousapple,72
63f794e7d8d24753edbbb136,caramel,57
63f794e7d8d24753edbbb136,eggrolls,43
63f794e7d8d24753edbbb136,ryebread,11
63f794e7d8d24753edbbb136,meatballs,13
63f794e7d8d24753edbbb136,chocolatebark,59
63f794e7d8d24753edbbb136,orange,42
63f794e7d8d24753edbbb136,gouda,93
63f794e7d8d24753edbbb136,swisscheese,93
63f794e7d8d24753edbbb136,chocolatewafer,41
63f794e7d8d24753edbbb136,nutrigrainbar,43
63f794e7d8d24753edbbb136,apple,86
63f794e7d8d24753edbbb136,vanillasoftservecone,81
63f794e7d8d24753edbbb136,peanuts,69
63f794e7d8d24753edbbb136,plum,98
63f794e7d8d24753edbbb136,lemoncake,75
63f794e7d8d24753edbbb136,churro,56
63f794e7d8d24753edbbb136,darkchocolate,74
63f794e7d8d24753edbbb136,grape,78
63f794e7d8d24753edbbb136,raspberry,93
63f794e7d8d24753edbbb136,chocolateicecreamcone,95
63f794e7d8d24753edbbb136,cherry,94
63f794e7d8d24753edbbb136,butteredpopcorn,30
63f794e7d8d24753edbbb136,baguette,60
63f794e7d8d24753edbbb136,oatmealraisincookie,71
63f794e7d8d24753edbbb136,triscuits,60
63f794e7d8d24753edbbb136,twistdonut,56
63f794e7d8d24753edbbb136,wheatthins,55
63f794e7d8d24753edbbb136,almonds,71
63f794e7d8d24753edbbb136,strawberryicecreamcone,93
63f794e7d8d24753edbbb136,peanutmms,97
63f794e7d8d24753edbbb136,frostedbrownie,93
63f794e7d8d24753edbbb136,doritos,71
63f794e7d8d24753edbbb136,tuilecookie,57
63f794e7d8d24753edbbb136,vanillawafer,41
63f794e7d8d24753edbbb136,peach,99
63f794e7d8d24753edbbb136,sugarcookie,61
63f794e7d8d24753edbbb136,deliturkey,58
63f794e7d8d24753edbbb136,twix,99
63f794e7d8d24753edbbb136,toblerone,99
63f794e7d8d24753edbbb136,pocky,99
63f794e7d8d24753edbbb136,wavylays,63
63f794e7d8d24753edbbb136,brownie,89
63f794e7d8d24753edbbb136,chickentenders,73
63f794e7d8d24753edbbb136,kiwi,99
63f794e7d8d24753edbbb136,ritzcracker,53
63f794e7d8d24753edbbb136,carrot,70
63f794e7d8d24753edbbb136,milkchocolate,98
63f794e7d8d24753edbbb136,greenbellpepper,62
63f794e7d8d24753edbbb136,blackberry,93
640d43c9451ce148162a7643,chickentenders,92
640d43c9451ce148162a7643,wheatthins,80
640d43c9451ce148162a7643,blackberry,83
640d43c9451ce148162a7643,tuilecookie,64
640d43c9451ce148162a7643,raspberry,83
640d43c9451ce148162a7643,greenbellpepper,50
640d43c9451ce148162a7643,saltinecracker,60
640d43c9451ce148162a7643,gouda,58
640d43c9451ce148162a7643,ryebread,58
640d43c9451ce148162a7643,eggrolls,72
640d43c9451ce148162a7643,tortillachips,70
640d43c9451ce148162a7643,twistdonut,60
640d43c9451ce148162a7643,kiwi,83
640d43c9451ce148162a7643,lemoncake,74
640d43c9451ce148162a7643,chocolatebark,65
640d43c9451ce148162a7643,plum,82
640d43c9451ce148162a7643,grape,82
640d43c9451ce148162a7643,churro,58
640d43c9451ce148162a7643,toblerone,75
640d43c9451ce148162a7643,sugarcookie,73
640d43c9451ce148162a7643,strawberryicecreamcone,87
640d43c9451ce148162a7643,caramel,88
640d43c9451ce148162a7643,wavylays,73
640d43c9451ce148162a7643,oatmealraisincookie,80
640d43c9451ce148162a7643,swisscheese,64
640d43c9451ce148162a7643,almonds,59
640d43c9451ce148162a7643,vanillasoftservecone,80
640d43c9451ce148162a7643,madeleine,69
640d43c9451ce148162a7643,lindtlindorchocolatetruffle,81
640d43c9451ce148162a7643,twix,84
640d43c9451ce148162a7643,vanillawafer,72
640d43c9451ce148162a7643,peach,79
640d43c9451ce148162a7643,goldendeliciousapple,66
640d43c9451ce148162a7643,peanutmms,82
640d43c9451ce148162a7643,nutrigrainbar,67
640d43c9451ce148162a7643,chocolatewafer,60
640d43c9451ce148162a7643,doritos,61
640d43c9451ce148162a7643,cherry,86
640d43c9451ce148162a7643,milkchocolate,69
640d43c9451ce148162a7643,boulebread,64
640d43c9451ce148162a7643,deliturkey,78
640d43c9451ce148162a7643,peanuts,75
640d43c9451ce148162a7643,carrot,60
640d43c9451ce148162a7643,baguette,64
640d43c9451ce148162a7643,slicedloafbread,60
640d43c9451ce148162a7643,frenchfries,72
640d43c9451ce148162a7643,frostedbrownie,94
640d43c9451ce148162a7643,apple,67
640d43c9451ce148162a7643,triscuits,71
640d43c9451ce148162a7643,honeydewmelon,65
640d43c9451ce148162a7643,orange,78
640d43c9451ce148162a7643,brownie,65
640d43c9451ce148162a7643,thumprintcookie,64
640d43c9451ce148162a7643,ritzcracker,68
640d43c9451ce148162a7643,chocolateicecreamcone,87
640d43c9451ce148162a7643,meatballs,71
640d43c9451ce148162a7643,butteredpopcorn,86
640d43c9451ce148162a7643,pocky,53
640d43c9451ce148162a7643,darkchocolate,76
640d43c9451ce148162a7643,potatochips,72
640e2036e0ad54ebd72a767d,ritzcracker,75
640e2036e0ad54ebd72a767d,boulebread,1
640e2036e0ad54ebd72a767d,carrot,54
640e2036e0ad54ebd72a767d,vanillawafer,76
640e2036e0ad54ebd72a767d,sugarcookie,73
640e2036e0ad54ebd72a767d,oatmealraisincookie,78
640e2036e0ad54ebd72a767d,kiwi,52
640e2036e0ad54ebd72a767d,meatballs,67
640e2036e0ad54ebd72a767d,vanillasoftservecone,95
640e2036e0ad54ebd72a767d,ryebread,1
640e2036e0ad54ebd72a767d,triscuits,77
640e2036e0ad54ebd72a767d,wheatthins,77
640e2036e0ad54ebd72a767d,almonds,70
640e2036e0ad54ebd72a767d,butteredpopcorn,96
640e2036e0ad54ebd72a767d,frostedbrownie,81
640e2036e0ad54ebd72a767d,baguette,1
640e2036e0ad54ebd72a767d,pocky,52
640e2036e0ad54ebd72a767d,goldendeliciousapple,70
640e2036e0ad54ebd72a767d,thumprintcookie,76
640e2036e0ad54ebd72a767d,doritos,75
640e2036e0ad54ebd72a767d,frenchfries,90
640e2036e0ad54ebd72a767d,plum,70
640e2036e0ad54ebd72a767d,greenbellpepper,16
640e2036e0ad54ebd72a767d,potatochips,64
640e2036e0ad54ebd72a767d,milkchocolate,85
640e2036e0ad54ebd72a767d,tuilecookie,70
640e2036e0ad54ebd72a767d,darkchocolate,76
640e2036e0ad54ebd72a767d,chocolatebark,94
640e2036e0ad54ebd72a767d,orange,66
640e2036e0ad54ebd72a767d,lemoncake,82
640e2036e0ad54ebd72a767d,wavylays,68
640e2036e0ad54ebd72a767d,tortillachips,83
640e2036e0ad54ebd72a767d,churro,62
640e2036e0ad54ebd72a767d,madeleine,58
640e2036e0ad54ebd72a767d,chocolateicecreamcone,94
640e2036e0ad54ebd72a767d,lindtlindorchocolatetruffle,75
640e2036e0ad54ebd72a767d,peanutmms,85
640e2036e0ad54ebd72a767d,saltinecracker,71
640e2036e0ad54ebd72a767d,strawberryicecreamcone,89
640e2036e0ad54ebd72a767d,swisscheese,67
640e2036e0ad54ebd72a767d,peanuts,56
640e2036e0ad54ebd72a767d,nutrigrainbar,81
640e2036e0ad54ebd72a767d,apple,70
640e2036e0ad54ebd72a767d,slicedloafbread,1
640e2036e0ad54ebd72a767d,twix,75
640e2036e0ad54ebd72a767d,deliturkey,64
640e2036e0ad54ebd72a767d,raspberry,80
640e2036e0ad54ebd72a767d,gouda,1
640e2036e0ad54ebd72a767d,peach,73
640e2036e0ad54ebd72a767d,toblerone,79
640e2036e0ad54ebd72a767d,brownie,78
640e2036e0ad54ebd72a767d,honeydewmelon,64
640e2036e0ad54ebd72a767d,chickentenders,75
640e2036e0ad54ebd72a767d,twistdonut,2
640e2036e0ad54ebd72a767d,cherry,98
640e2036e0ad54ebd72a767d,eggrolls,70
640e2036e0ad54ebd72a767d,blackberry,99
640e2036e0ad54ebd72a767d,caramel,94
640e2036e0ad54ebd72a767d,grape,89
640e2036e0ad54ebd72a767d,chocolatewafer,74
6544ff9e0fb2eaaf83e2de5c,peanutmms,28
6544ff9e0fb2eaaf83e2de5c,oatmealraisincookie,50
6544ff9e0fb2eaaf83e2de5c,twistdonut,63
6544ff9e0fb2eaaf83e2de5c,strawberryicecreamcone,1
6544ff9e0fb2eaaf83e2de5c,potatochips,48
6544ff9e0fb2eaaf83e2de5c,triscuits,21
6544ff9e0fb2eaaf83e2de5c,peanuts,78
6544ff9e0fb2eaaf83e2de5c,caramel,7
6544ff9e0fb2eaaf83e2de5c,toblerone,35
6544ff9e0fb2eaaf83e2de5c,pocky,25
6544ff9e0fb2eaaf83e2de5c,gouda,1
6544ff9e0fb2eaaf83e2de5c,boulebread,32
6544ff9e0fb2eaaf83e2de5c,brownie,58
6544ff9e0fb2eaaf83e2de5c,frenchfries,74
6544ff9e0fb2eaaf83e2de5c,deliturkey,40
6544ff9e0fb2eaaf83e2de5c,wavylays,13
6544ff9e0fb2eaaf83e2de5c,honeydewmelon,78
6544ff9e0fb2eaaf83e2de5c,raspberry,52
6544ff9e0fb2eaaf83e2de5c,wheatthins,16
6544ff9e0fb2eaaf83e2de5c,eggrolls,52
6544ff9e0fb2eaaf83e2de5c,sugarcookie,51
6544ff9e0fb2eaaf83e2de5c,baguette,48
6544ff9e0fb2eaaf83e2de5c,churro,62
6544ff9e0fb2eaaf83e2de5c,orange,82
6544ff9e0fb2eaaf83e2de5c,chocolateicecreamcone,1
6544ff9e0fb2eaaf83e2de5c,kiwi,100
6544ff9e0fb2eaaf83e2de5c,grape,81
6544ff9e0fb2eaaf83e2de5c,swisscheese,1
6544ff9e0fb2eaaf83e2de5c,meatballs,77
6544ff9e0fb2eaaf83e2de5c,slicedloafbread,67
6544ff9e0fb2eaaf83e2de5c,carrot,89
6544ff9e0fb2eaaf83e2de5c,chocolatebark,51
6544ff9e0fb2eaaf83e2de5c,ryebread,64
6544ff9e0fb2eaaf83e2de5c,peach,74
6544ff9e0fb2eaaf83e2de5c,cherry,100
6544ff9e0fb2eaaf83e2de5c,lindtlindorchocolatetruffle,25
6544ff9e0fb2eaaf83e2de5c,doritos,13
6544ff9e0fb2eaaf83e2de5c,ritzcracker,60
6544ff9e0fb2eaaf83e2de5c,butteredpopcorn,50
6544ff9e0fb2eaaf83e2de5c,almonds,96
6544ff9e0fb2eaaf83e2de5c,vanillasoftservecone,1
6544ff9e0fb2eaaf83e2de5c,blackberry,68
6544ff9e0fb2eaaf83e2de5c,milkchocolate,34
6544ff9e0fb2eaaf83e2de5c,greenbellpepper,96
6544ff9e0fb2eaaf83e2de5c,tuilecookie,54
6544ff9e0fb2eaaf83e2de5c,thumprintcookie,51
6544ff9e0fb2eaaf83e2de5c,chickentenders,54
6544ff9e0fb2eaaf83e2de5c,nutrigrainbar,57
6544ff9e0fb2eaaf83e2de5c,darkchocolate,68
6544ff9e0fb2eaaf83e2de5c,chocolatewafer,7
6544ff9e0fb2eaaf83e2de5c,goldendeliciousapple,99
6544ff9e0fb2eaaf83e2de5c,lemoncake,18
6544ff9e0fb2eaaf83e2de5c,frostedbrownie,64
6544ff9e0fb2eaaf83e2de5c,apple,100
6544ff9e0fb2eaaf83e2de5c,twix,18
6544ff9e0fb2eaaf83e2de5c,plum,92
6544ff9e0fb2eaaf83e2de5c,tortillachips,54
6544ff9e0fb2eaaf83e2de5c,vanillawafer,4
6544ff9e0fb2eaaf83e2de5c,saltinecracker,51
6544ff9e0fb2eaaf83e2de5c,madeleine,47
6545099b2af4091a977f3f40,vanillawafer,73
6545099b2af4091a977f3f40,chocolatewafer,75
6545099b2af4091a977f3f40,almonds,82
6545099b2af4091a977f3f40,chickentenders,97
6545099b2af4091a977f3f40,gouda,14
6545099b2af4091a977f3f40,churro,63
6545099b2af4091a977f3f40,blackberry,10
6545099b2af4091a977f3f40,carrot,28
6545099b2af4091a977f3f40,triscuits,64
6545099b2af4091a977f3f40,darkchocolate,60
6545099b2af4091a977f3f40,butteredpopcorn,97
6545099b2af4091a977f3f40,lemoncake,36
6545099b2af4091a977f3f40,twix,92
6545099b2af4091a977f3f40,greenbellpepper,62
6545099b2af4091a977f3f40,chocolatebark,66
6545099b2af4091a977f3f40,sugarcookie,57
6545099b2af4091a977f3f40,lindtlindorchocolatetruffle,59
6545099b2af4091a977f3f40,saltinecracker,40
6545099b2af4091a977f3f40,brownie,56
6545099b2af4091a977f3f40,frostedbrownie,66
6545099b2af4091a977f3f40,baguette,72
6545099b2af4091a977f3f40,vanillasoftservecone,87
6545099b2af4091a977f3f40,ryebread,49
6545099b2af4091a977f3f40,peach,72
6545099b2af4091a977f3f40,chocolateicecreamcone,78
6545099b2af4091a977f3f40,frenchfries,92
6545099b2af4091a977f3f40,swisscheese,19
6545099b2af4091a977f3f40,goldendeliciousapple,30
6545099b2af4091a977f3f40,raspberry,37
6545099b2af4091a977f3f40,milkchocolate,53
6545099b2af4091a977f3f40,doritos,96
6545099b2af4091a977f3f40,twistdonut,53
6545099b2af4091a977f3f40,madeleine,72
6545099b2af4091a977f3f40,tortillachips,74
6545099b2af4091a977f3f40,plum,34
6545099b2af4091a977f3f40,meatballs,81
6545099b2af4091a977f3f40,ritzcracker,53
6545099b2af4091a977f3f40,peanutmms,67
6545099b2af4091a977f3f40,kiwi,53
6545099b2af4091a977f3f40,peanuts,64
6545099b2af4091a977f3f40,wavylays,71
6545099b2af4091a977f3f40,caramel,69
6545099b2af4091a977f3f40,thumprintcookie,64
6545099b2af4091a977f3f40,strawberryicecreamcone,85
6545099b2af4091a977f3f40,apple,28
6545099b2af4091a977f3f40,orange,22
6545099b2af4091a977f3f40,honeydewmelon,28
6545099b2af4091a977f3f40,pocky,64
6545099b2af4091a977f3f40,grape,62
6545099b2af4091a977f3f40,cherry,5
6545099b2af4091a977f3f40,wheatthins,25
6545099b2af4091a977f3f40,nutrigrainbar,12
6545099b2af4091a977f3f40,slicedloafbread,15
6545099b2af4091a977f3f40,toblerone,75
6545099b2af4091a977f3f40,tuilecookie,37
6545099b2af4091a977f3f40,potatochips,88
6545099b2af4091a977f3f40,eggrolls,78
6545099b2af4091a977f3f40,oatmealraisincookie,80
6545099b2af4091a977f3f40,deliturkey,81
6545099b2af4091a977f3f40,boulebread,83
654cebe5afd0bb3557331628,oatmealraisincookie,80
654cebe5afd0bb3557331628,caramel,82
654cebe5afd0bb3557331628,wavylays,51
654cebe5afd0bb3557331628,chocolatewafer,47
654cebe5afd0bb3557331628,carrot,29
654cebe5afd0bb3557331628,peanutmms,67
654cebe5afd0bb3557331628,ryebread,88
654cebe5afd0bb3557331628,cherry,90
654cebe5afd0bb3557331628,thumprintcookie,46
654cebe5afd0bb3557331628,frostedbrownie,81
654cebe5afd0bb3557331628,deliturkey,23
654cebe5afd0bb3557331628,chocolatebark,76
654cebe5afd0bb3557331628,saltinecracker,85
654cebe5afd0bb3557331628,tuilecookie,82
654cebe5afd0bb3557331628,twix,77
654cebe5afd0bb3557331628,triscuits,30
654cebe5afd0bb3557331628,lindtlindorchocolatetruffle,76
654cebe5afd0bb3557331628,blackberry,25
654cebe5afd0bb3557331628,vanillawafer,20
654cebe5afd0bb3557331628,brownie,23
654cebe5afd0bb3557331628,frenchfries,36
654cebe5afd0bb3557331628,honeydewmelon,55
654cebe5afd0bb3557331628,wheatthins,28
654cebe5afd0bb3557331628,eggrolls,20
654cebe5afd0bb3557331628,darkchocolate,64
654cebe5afd0bb3557331628,nutrigrainbar,48
654cebe5afd0bb3557331628,apple,78
654cebe5afd0bb3557331628,gouda,26
654cebe5afd0bb3557331628,potatochips,29
654cebe5afd0bb3557331628,strawberryicecreamcone,78
654cebe5afd0bb3557331628,greenbellpepper,26
654cebe5afd0bb3557331628,peanuts,45
654cebe5afd0bb3557331628,doritos,40
654cebe5afd0bb3557331628,goldendeliciousapple,70
654cebe5afd0bb3557331628,chocolateicecreamcone,71
654cebe5afd0bb3557331628,boulebread,85
654cebe5afd0bb3557331628,chickentenders,78
654cebe5afd0bb3557331628,butteredpopcorn,70
654cebe5afd0bb3557331628,almonds,87
654cebe5afd0bb3557331628,plum,84
654cebe5afd0bb3557331628,tortillachips,78
654cebe5afd0bb3557331628,slicedloafbread,28
654cebe5afd0bb3557331628,sugarcookie,25
654cebe5afd0bb3557331628,raspberry,67
654cebe5afd0bb3557331628,ritzcracker,63
654cebe5afd0bb3557331628,vanillasoftservecone,84
654cebe5afd0bb3557331628,milkchocolate,74
654cebe5afd0bb3557331628,meatballs,20
654cebe5afd0bb3557331628,toblerone,21
654cebe5afd0bb3557331628,orange,78
654cebe5afd0bb3557331628,swisscheese,27
654cebe5afd0bb3557331628,baguette,85
654cebe5afd0bb3557331628,madeleine,27
654cebe5afd0bb3557331628,twistdonut,77
654cebe5afd0bb3557331628,lemoncake,24
654cebe5afd0bb3557331628,grape,80
654cebe5afd0bb3557331628,kiwi,78
654cebe5afd0bb3557331628,peach,77
654cebe5afd0bb3557331628,churro,22
654cebe5afd0bb3557331628,pocky,24
6560d73f80824412a8a74260,frenchfries,90
6560d73f80824412a8a74260,chocolatewafer,21
6560d73f80824412a8a74260,strawberryicecreamcone,73
6560d73f80824412a8a74260,tortillachips,54
6560d73f80824412a8a74260,wheatthins,33
6560d73f80824412a8a74260,eggrolls,65
6560d73f80824412a8a74260,apple,72
6560d73f80824412a8a74260,goldendeliciousapple,72
6560d73f80824412a8a74260,pocky,12
6560d73f80824412a8a74260,boulebread,51
6560d73f80824412a8a74260,thumprintcookie,37
6560d73f80824412a8a74260,greenbellpepper,65
6560d73f80824412a8a74260,ritzcracker,76
6560d73f80824412a8a74260,oatmealraisincookie,100
6560d73f80824412a8a74260,darkchocolate,26
6560d73f80824412a8a74260,frostedbrownie,88
6560d73f80824412a8a74260,potatochips,65
6560d73f80824412a8a74260,lindtlindorchocolatetruffle,19
6560d73f80824412a8a74260,peach,74
6560d73f80824412a8a74260,churro,63
6560d73f80824412a8a74260,vanillasoftservecone,74
6560d73f80824412a8a74260,brownie,84
6560d73f80824412a8a74260,chocolatebark,13
6560d73f80824412a8a74260,grape,82
6560d73f80824412a8a74260,triscuits,20
6560d73f80824412a8a74260,twix,29
6560d73f80824412a8a74260,vanillawafer,18
6560d73f80824412a8a74260,wavylays,59
6560d73f80824412a8a74260,toblerone,14
6560d73f80824412a8a74260,gouda,47
6560d73f80824412a8a74260,peanuts,60
6560d73f80824412a8a74260,caramel,25
6560d73f80824412a8a74260,tuilecookie,16
6560d73f80824412a8a74260,cherry,75
6560d73f80824412a8a74260,baguette,51
6560d73f80824412a8a74260,carrot,70
6560d73f80824412a8a74260,lemoncake,72
6560d73f80824412a8a74260,blackberry,53
6560d73f80824412a8a74260,plum,63
6560d73f80824412a8a74260,orange,71
6560d73f80824412a8a74260,saltinecracker,65
6560d73f80824412a8a74260,butteredpopcorn,75
6560d73f80824412a8a74260,swisscheese,67
6560d73f80824412a8a74260,sugarcookie,69
6560d73f80824412a8a74260,twistdonut,61
6560d73f80824412a8a74260,madeleine,25
6560d73f80824412a8a74260,nutrigrainbar,24
6560d73f80824412a8a74260,deliturkey,74
6560d73f80824412a8a74260,slicedloafbread,64
6560d73f80824412a8a74260,doritos,57
6560d73f80824412a8a74260,kiwi,68
6560d73f80824412a8a74260,meatballs,88
6560d73f80824412a8a74260,ryebread,58
6560d73f80824412a8a74260,chickentenders,99
6560d73f80824412a8a74260,peanutmms,30
6560d73f80824412a8a74260,almonds,27
6560d73f80824412a8a74260,raspberry,71
6560d73f80824412a8a74260,honeydewmelon,72
6560d73f80824412a8a74260,milkchocolate,23
6560d73f80824412a8a74260,chocolateicecreamcone,22
6567d93725b7c7757a8dad83,grape,100
6567d93725b7c7757a8dad83,tortillachips,52
6567d93725b7c7757a8dad83,oatmealraisincookie,100
6567d93725b7c7757a8dad83,thumprintcookie,1
6567d93725b7c7757a8dad83,raspberry,100
6567d93725b7c7757a8dad83,churro,92
6567d93725b7c7757a8dad83,plum,100
6567d93725b7c7757a8dad83,kiwi,100
6567d93725b7c7757a8dad83,blackberry,100
6567d93725b7c7757a8dad83,greenbellpepper,100
6567d93725b7c7757a8dad83,peanuts,100
6567d93725b7c7757a8dad83,twistdonut,100
6567d93725b7c7757a8dad83,chickentenders,50
6567d93725b7c7757a8dad83,sugarcookie,1
6567d93725b7c7757a8dad83,carrot,100
6567d93725b7c7757a8dad83,saltinecracker,100
6567d93725b7c7757a8dad83,triscuits,100
6567d93725b7c7757a8dad83,wavylays,100
6567d93725b7c7757a8dad83,butteredpopcorn,1
6567d93725b7c7757a8dad83,milkchocolate,25
6567d93725b7c7757a8dad83,peanutmms,100
6567d93725b7c7757a8dad83,cherry,100
6567d93725b7c7757a8dad83,pocky,1
6567d93725b7c7757a8dad83,goldendeliciousapple,100
6567d93725b7c7757a8dad83,chocolatewafer,100
6567d93725b7c7757a8dad83,lemoncake,1
6567d93725b7c7757a8dad83,brownie,100
6567d93725b7c7757a8dad83,deliturkey,100
6567d93725b7c7757a8dad83,gouda,100
6567d93725b7c7757a8dad83,twix,1
6567d93725b7c7757a8dad83,vanillasoftservecone,100
6567d93725b7c7757a8dad83,honeydewmelon,100
6567d93725b7c7757a8dad83,potatochips,100
6567d93725b7c7757a8dad83,apple,100
6567d93725b7c7757a8dad83,meatballs,1
6567d93725b7c7757a8dad83,toblerone,1
6567d93725b7c7757a8dad83,swisscheese,100
6567d93725b7c7757a8dad83,strawberryicecreamcone,100
6567d93725b7c7757a8dad83,peach,100
6567d93725b7c7757a8dad83,madeleine,1
6567d93725b7c7757a8dad83,chocolateicecreamcone,100
6567d93725b7c7757a8dad83,nutrigrainbar,1
6567d93725b7c7757a8dad83,ritzcracker,100
6567d93725b7c7757a8dad83,frostedbrownie,100
6567d93725b7c7757a8dad83,slicedloafbread,1
6567d93725b7c7757a8dad83,boulebread,100
6567d93725b7c7757a8dad83,baguette,100
6567d93725b7c7757a8dad83,tuilecookie,1
6567d93725b7c7757a8dad83,darkchocolate,100
6567d93725b7c7757a8dad83,doritos,1
6567d93725b7c7757a8dad83,chocolatebark,1
6567d93725b7c7757a8dad83,eggrolls,100
6567d93725b7c7757a8dad83,lindtlindorchocolatetruffle,1
6567d93725b7c7757a8dad83,ryebread,100
6567d93725b7c7757a8dad83,frenchfries,100
6567d93725b7c7757a8dad83,almonds,100
6567d93725b7c7757a8dad83,orange,100
6567d93725b7c7757a8dad83,caramel,1
6567d93725b7c7757a8dad83,vanillawafer,1
6567d93725b7c7757a8dad83,wheatthins,100
656ea0d1171b158205065fbb,grape,22
656ea0d1171b158205065fbb,plum,23
656ea0d1171b158205065fbb,baguette,32
656ea0d1171b158205065fbb,vanillawafer,7
656ea0d1171b158205065fbb,churro,7
656ea0d1171b158205065fbb,boulebread,20
656ea0d1171b158205065fbb,swisscheese,79
656ea0d1171b158205065fbb,slicedloafbread,5
656ea0d1171b158205065fbb,chocolateicecreamcone,88
656ea0d1171b158205065fbb,peanuts,63
656ea0d1171b158205065fbb,ritzcracker,3
656ea0d1171b158205065fbb,brownie,65
656ea0d1171b158205065fbb,toblerone,68
656ea0d1171b158205065fbb,saltinecracker,3
656ea0d1171b158205065fbb,milkchocolate,60
656ea0d1171b158205065fbb,tortillachips,7
656ea0d1171b158205065fbb,pocky,12
656ea0d1171b158205065fbb,eggrolls,69
656ea0d1171b158205065fbb,strawberryicecreamcone,4
656ea0d1171b158205065fbb,kiwi,54
656ea0d1171b158205065fbb,potatochips,9
656ea0d1171b158205065fbb,deliturkey,74
656ea0d1171b158205065fbb,peanutmms,52
656ea0d1171b158205065fbb,raspberry,91
656ea0d1171b158205065fbb,doritos,4
656ea0d1171b158205065fbb,twix,8
656ea0d1171b158205065fbb,apple,49
656ea0d1171b158205065fbb,blackberry,96
656ea0d1171b158205065fbb,peach,33
656ea0d1171b158205065fbb,goldendeliciousapple,52
656ea0d1171b158205065fbb,chocolatewafer,9
656ea0d1171b158205065fbb,butteredpopcorn,9
656ea0d1171b158205065fbb,wavylays,12
656ea0d1171b158205065fbb,sugarcookie,9
656ea0d1171b158205065fbb,caramel,9
656ea0d1171b158205065fbb,orange,48
656ea0d1171b158205065fbb,lemoncake,11
656ea0d1171b158205065fbb,vanillasoftservecone,80
656ea0d1171b158205065fbb,gouda,99
656ea0d1171b158205065fbb,twistdonut,67
656ea0d1171b158205065fbb,meatballs,76
656ea0d1171b158205065fbb,ryebread,47
656ea0d1171b158205065fbb,wheatthins,5
656ea0d1171b158205065fbb,lindtlindorchocolatetruffle,78
656ea0d1171b158205065fbb,chocolatebark,92
656ea0d1171b158205065fbb,oatmealraisincookie,48
656ea0d1171b158205065fbb,honeydewmelon,28
656ea0d1171b158205065fbb,almonds,80
656ea0d1171b158205065fbb,cherry,98
656ea0d1171b158205065fbb,carrot,77
656ea0d1171b158205065fbb,greenbellpepper,74
656ea0d1171b158205065fbb,darkchocolate,65
656ea0d1171b158205065fbb,frenchfries,57
656ea0d1171b158205065fbb,thumprintcookie,3
656ea0d1171b158205065fbb,chickentenders,60
656ea0d1171b158205065fbb,triscuits,29
656ea0d1171b158205065fbb,frostedbrownie,77
656ea0d1171b158205065fbb,tuilecookie,4
656ea0d1171b158205065fbb,nutrigrainbar,5
656ea0d1171b158205065fbb,madeleine,28
658301f0c304eb2e12fdcdf5,vanillasoftservecone,100
658301f0c304eb2e12fdcdf5,eggrolls,100
658301f0c304eb2e12fdcdf5,gouda,20
658301f0c304eb2e12fdcdf5,boulebread,58
658301f0c304eb2e12fdcdf5,slicedloafbread,25
658301f0c304eb2e12fdcdf5,thumprintcookie,1
658301f0c304eb2e12fdcdf5,strawberryicecreamcone,100
658301f0c304eb2e12fdcdf5,lindtlindorchocolatetruffle,53
658301f0c304eb2e12fdcdf5,cherry,20
658301f0c304eb2e12fdcdf5,greenbellpepper,85
658301f0c304eb2e12fdcdf5,vanillawafer,100
658301f0c304eb2e12fdcdf5,ryebread,39
658301f0c304eb2e12fdcdf5,apple,78
658301f0c304eb2e12fdcdf5,peanuts,37
658301f0c304eb2e12fdcdf5,doritos,89
658301f0c304eb2e12fdcdf5,brownie,100
658301f0c304eb2e12fdcdf5,wavylays,88
658301f0c304eb2e12fdcdf5,grape,100
658301f0c304eb2e12fdcdf5,raspberry,100
658301f0c304eb2e12fdcdf5,frenchfries,70
658301f0c304eb2e12fdcdf5,carrot,95
658301f0c304eb2e12fdcdf5,madeleine,45
658301f0c304eb2e12fdcdf5,swisscheese,54
658301f0c304eb2e12fdcdf5,pocky,29
658301f0c304eb2e12fdcdf5,toblerone,72
658301f0c304eb2e12fdcdf5,peach,100
658301f0c304eb2e12fdcdf5,meatballs,100
658301f0c304eb2e12fdcdf5,butteredpopcorn,1
658301f0c304eb2e12fdcdf5,sugarcookie,86
658301f0c304eb2e12fdcdf5,caramel,1
658301f0c304eb2e12fdcdf5,lemoncake,88
658301f0c304eb2e12fdcdf5,orange,69
658301f0c304eb2e12fdcdf5,potatochips,29
658301f0c304eb2e12fdcdf5,kiwi,100
658301f0c304eb2e12fdcdf5,triscuits,9
658301f0c304eb2e12fdcdf5,chocolatebark,73
658301f0c304eb2e12fdcdf5,chocolatewafer,62
658301f0c304eb2e12fdcdf5,goldendeliciousapple,77
658301f0c304eb2e12fdcdf5,tortillachips,50
658301f0c304eb2e12fdcdf5,twistdonut,70
658301f0c304eb2e12fdcdf5,oatmealraisincookie,60
658301f0c304eb2e12fdcdf5,peanutmms,89
658301f0c304eb2e12fdcdf5,milkchocolate,93
658301f0c304eb2e12fdcdf5,almonds,6
658301f0c304eb2e12fdcdf5,deliturkey,100
658301f0c304eb2e12fdcdf5,ritzcracker,51
658301f0c304eb2e12fdcdf5,churro,1
658301f0c304eb2e12fdcdf5,wheatthins,57
658301f0c304eb2e12fdcdf5,darkchocolate,84
658301f0c304eb2e12fdcdf5,blackberry,100
658301f0c304eb2e12fdcdf5,frostedbrownie,100
658301f0c304eb2e12fdcdf5,nutrigrainbar,77
658301f0c304eb2e12fdcdf5,twix,1
658301f0c304eb2e12fdcdf5,chocolateicecreamcone,66
658301f0c304eb2e12fdcdf5,honeydewmelon,2
658301f0c304eb2e12fdcdf5,baguette,69
658301f0c304eb2e12fdcdf5,plum,45
658301f0c304eb2e12fdcdf5,chickentenders,94
658301f0c304eb2e12fdcdf5,saltinecracker,47
658301f0c304eb2e12fdcdf5,tuilecookie,49
65e1fc8e3dcd357b05a330f8,boulebread,51
65e1fc8e3dcd357b05a330f8,goldendeliciousapple,16
65e1fc8e3dcd357b05a330f8,churro,89
65e1fc8e3dcd357b05a330f8,chocolatebark,50
65e1fc8e3dcd357b05a330f8,chickentenders,68
65e1fc8e3dcd357b05a330f8,orange,27
65e1fc8e3dcd357b05a330f8,tuilecookie,37
65e1fc8e3dcd357b05a330f8,vanillasoftservecone,29
65e1fc8e3dcd357b05a330f8,thumprintcookie,57
65e1fc8e3dcd357b05a330f8,twix,100
65e1fc8e3dcd357b05a330f8,toblerone,10
65e1fc8e3dcd357b05a330f8,wavylays,25
65e1fc8e3dcd357b05a330f8,doritos,27
65e1fc8e3dcd357b05a330f8,ritzcracker,54
65e1fc8e3dcd357b05a330f8,deliturkey,44
65e1fc8e3dcd357b05a330f8,saltinecracker,51
65e1fc8e3dcd357b05a330f8,brownie,29
65e1fc8e3dcd357b05a330f8,swisscheese,54
65e1fc8e3dcd357b05a330f8,darkchocolate,72
65e1fc8e3dcd357b05a330f8,wheatthins,63
65e1fc8e3dcd357b05a330f8,frostedbrownie,75
65e1fc8e3dcd357b05a330f8,meatballs,35
65e1fc8e3dcd357b05a330f8,peanuts,14
65e1fc8e3dcd357b05a330f8,frenchfries,45
65e1fc8e3dcd357b05a330f8,grape,80
65e1fc8e3dcd357b05a330f8,almonds,5
65e1fc8e3dcd357b05a330f8,potatochips,21
65e1fc8e3dcd357b05a330f8,ryebread,52
65e1fc8e3dcd357b05a330f8,peanutmms,84
65e1fc8e3dcd357b05a330f8,chocolateicecreamcone,32
65e1fc8e3dcd357b05a330f8,honeydewmelon,42
65e1fc8e3dcd357b05a330f8,slicedloafbread,26
65e1fc8e3dcd357b05a330f8,kiwi,82
65e1fc8e3dcd357b05a330f8,apple,9
65e1fc8e3dcd357b05a330f8,sugarcookie,82
65e1fc8e3dcd357b05a330f8,vanillawafer,19
65e1fc8e3dcd357b05a330f8,cherry,94
65e1fc8e3dcd357b05a330f8,butteredpopcorn,37
65e1fc8e3dcd357b05a330f8,greenbellpepper,25
65e1fc8e3dcd357b05a330f8,plum,91
65e1fc8e3dcd357b05a330f8,triscuits,57
65e1fc8e3dcd357b05a330f8,peach,75
65e1fc8e3dcd357b05a330f8,baguette,90
65e1fc8e3dcd357b05a330f8,milkchocolate,83
65e1fc8e3dcd357b05a330f8,lindtlindorchocolatetruffle,77
65e1fc8e3dcd357b05a330f8,nutrigrainbar,32
65e1fc8e3dcd357b05a330f8,chocolatewafer,28
65e1fc8e3dcd357b05a330f8,lemoncake,94
65e1fc8e3dcd357b05a330f8,strawberryicecreamcone,16
65e1fc8e3dcd357b05a330f8,eggrolls,100
65e1fc8e3dcd357b05a330f8,caramel,75
65e1fc8e3dcd357b05a330f8,pocky,9
65e1fc8e3dcd357b05a330f8,oatmealraisincookie,100
65e1fc8e3dcd357b05a330f8,tortillachips,29
65e1fc8e3dcd357b05a330f8,carrot,1
65e1fc8e3dcd357b05a330f8,blackberry,56
65e1fc8e3dcd357b05a330f8,gouda,100
65e1fc8e3dcd357b05a330f8,twistdonut,100
65e1fc8e3dcd357b05a330f8,raspberry,100
65e1fc8e3dcd357b05a330f8,madeleine,68
65fc6ca12b8b3852fbea77f1,oatmealraisincookie,93
65fc6ca12b8b3852fbea77f1,brownie,94
65fc6ca12b8b3852fbea77f1,apple,95
65fc6ca12b8b3852fbea77f1,vanillawafer,16
65fc6ca12b8b3852fbea77f1,frostedbrownie,89
65fc6ca12b8b3852fbea77f1,kiwi,95
65fc6ca12b8b3852fbea77f1,wavylays,54
65fc6ca12b8b3852fbea77f1,peach,100
65fc6ca12b8b3852fbea77f1,doritos,1
65fc6ca12b8b3852fbea77f1,butteredpopcorn,1
65fc6ca12b8b3852fbea77f1,twix,1
65fc6ca12b8b3852fbea77f1,triscuits,1
65fc6ca12b8b3852fbea77f1,wheatthins,51
65fc6ca12b8b3852fbea77f1,potatochips,68
65fc6ca12b8b3852fbea77f1,toblerone,67
65fc6ca12b8b3852fbea77f1,baguette,52
65fc6ca12b8b3852fbea77f1,chickentenders,2
65fc6ca12b8b3852fbea77f1,carrot,100
65fc6ca12b8b3852fbea77f1,vanillasoftservecone,1
65fc6ca12b8b3852fbea77f1,strawberryicecreamcone,1
65fc6ca12b8b3852fbea77f1,nutrigrainbar,64
65fc6ca12b8b3852fbea77f1,goldendeliciousapple,100
65fc6ca12b8b3852fbea77f1,peanuts,28
65fc6ca12b8b3852fbea77f1,twistdonut,32
65fc6ca12b8b3852fbea77f1,boulebread,74
65fc6ca12b8b3852fbea77f1,deliturkey,46
65fc6ca12b8b3852fbea77f1,sugarcookie,54
65fc6ca12b8b3852fbea77f1,thumprintcookie,1
65fc6ca12b8b3852fbea77f1,tortillachips,65
65fc6ca12b8b3852fbea77f1,greenbellpepper,91
65fc6ca12b8b3852fbea77f1,eggrolls,10
65fc6ca12b8b3852fbea77f1,lemoncake,1
65fc6ca12b8b3852fbea77f1,meatballs,64
65fc6ca12b8b3852fbea77f1,ritzcracker,59
65fc6ca12b8b3852fbea77f1,churro,16
65fc6ca12b8b3852fbea77f1,orange,100
65fc6ca12b8b3852fbea77f1,honeydewmelon,84
65fc6ca12b8b3852fbea77f1,grape,77
65fc6ca12b8b3852fbea77f1,raspberry,99
65fc6ca12b8b3852fbea77f1,chocolatebark,64
65fc6ca12b8b3852fbea77f1,chocolatewafer,9
65fc6ca12b8b3852fbea77f1,pocky,36
65fc6ca12b8b3852fbea77f1,darkchocolate,80
65fc6ca12b8b3852fbea77f1,lindtlindorchocolatetruffle,33
65fc6ca12b8b3852fbea77f1,peanutmms,1
65fc6ca12b8b3852fbea77f1,caramel,1
65fc6ca12b8b3852fbea77f1,gouda,38
65fc6ca12b8b3852fbea77f1,frenchfries,60
65fc6ca12b8b3852fbea77f1,plum,98
65fc6ca12b8b3852fbea77f1,tuilecookie,52
65fc6ca12b8b3852fbea77f1,slicedloafbread,3
65fc6ca12b8b3852fbea77f1,milkchocolate,75
65fc6ca12b8b3852fbea77f1,chocolateicecreamcone,60
65fc6ca12b8b3852fbea77f1,saltinecracker,23
65fc6ca12b8b3852fbea77f1,cherry,7
65fc6ca12b8b3852fbea77f1,blackberry,100
65fc6ca12b8b3852fbea77f1,swisscheese,1
65fc6ca12b8b3852fbea77f1,madeleine,63
65fc6ca12b8b3852fbea77f1,ryebread,80
65fc6ca12b8b3852fbea77f1,almonds,15
65fcab5ed252c205f819b116,twistdonut,68
65fcab5ed252c205f819b116,darkchocolate,84
65fcab5ed252c205f819b116,grape,50
65fcab5ed252c205f819b116,greenbellpepper,72
65fcab5ed252c205f819b116,sugarcookie,71
65fcab5ed252c205f819b116,boulebread,38
65fcab5ed252c205f819b116,caramel,63
65fcab5ed252c205f819b116,nutrigrainbar,48
65fcab5ed252c205f819b116,saltinecracker,55
65fcab5ed252c205f819b116,baguette,76
65fcab5ed252c205f819b116,butteredpopcorn,89
65fcab5ed252c205f819b116,gouda,88
65fcab5ed252c205f819b116,goldendeliciousapple,78
65fcab5ed252c205f819b116,meatballs,75
65fcab5ed252c205f819b116,ryebread,85
65fcab5ed252c205f819b116,madeleine,24
65fcab5ed252c205f819b116,twix,72
65fcab5ed252c205f819b116,triscuits,73
65fcab5ed252c205f819b116,chocolateicecreamcone,75
65fcab5ed252c205f819b116,potatochips,98
65fcab5ed252c205f819b116,peach,100
65fcab5ed252c205f819b116,strawberryicecreamcone,85
65fcab5ed252c205f819b116,frostedbrownie,91
65fcab5ed252c205f819b116,apple,92
65fcab5ed252c205f819b116,ritzcracker,62
65fcab5ed252c205f819b116,tortillachips,71
65fcab5ed252c205f819b116,doritos,84
65fcab5ed252c205f819b116,lindtlindorchocolatetruffle,75
65fcab5ed252c205f819b116,almonds,63
65fcab5ed252c205f819b116,slicedloafbread,61
65fcab5ed252c205f819b116,kiwi,54
65fcab5ed252c205f819b116,milkchocolate,77
65fcab5ed252c205f819b116,wheatthins,62
65fcab5ed252c205f819b116,churro,64
65fcab5ed252c205f819b116,peanuts,80
65fcab5ed252c205f819b116,vanillawafer,93
65fcab5ed252c205f819b116,raspberry,98
65fcab5ed252c205f819b116,frenchfries,97
65fcab5ed252c205f819b116,brownie,92
65fcab5ed252c205f819b116,vanillasoftservecone,91
65fcab5ed252c205f819b116,peanutmms,98
65fcab5ed252c205f819b116,eggrolls,74
65fcab5ed252c205f819b116,chocolatebark,60
65fcab5ed252c205f819b116,chickentenders,99
65fcab5ed252c205f819b116,orange,38
65fcab5ed252c205f819b116,carrot,61
65fcab5ed252c205f819b116,thumprintcookie,61
65fcab5ed252c205f819b116,chocolatewafer,97
65fcab5ed252c205f819b116,lemoncake,79
65fcab5ed252c205f819b116,deliturkey,77
65fcab5ed252c205f819b116,plum,50
65fcab5ed252c205f819b116,tuilecookie,86
65fcab5ed252c205f819b116,pocky,4
65fcab5ed252c205f819b116,wavylays,66
65fcab5ed252c205f819b116,blackberry,99
65fcab5ed252c205f819b116,swisscheese,45
65fcab5ed252c205f819b116,honeydewmelon,16
65fcab5ed252c205f819b116,oatmealraisincookie,56
65fcab5ed252c205f819b116,toblerone,64
65fcab5ed252c205f819b116,cherry,91
660dab898e5abe34444031b4,madeleine,12
660dab898e5abe34444031b4,swisscheese,87
660dab898e5abe34444031b4,tuilecookie,33
660dab898e5abe34444031b4,ritzcracker,83
660dab898e5abe34444031b4,sugarcookie,50
660dab898e5abe34444031b4,darkchocolate,90
660dab898e5abe34444031b4,apple,76
660dab898e5abe34444031b4,churro,16
660dab898e5abe34444031b4,chocolatebark,95
660dab898e5abe34444031b4,wavylays,97
660dab898e5abe34444031b4,saltinecracker,96
660dab898e5abe34444031b4,frostedbrownie,100
660dab898e5abe34444031b4,goldendeliciousapple,99
660dab898e5abe34444031b4,kiwi,63
660dab898e5abe34444031b4,milkchocolate,100
660dab898e5abe34444031b4,peanuts,87
660dab898e5abe34444031b4,wheatthins,42
660dab898e5abe34444031b4,deliturkey,100
660dab898e5abe34444031b4,chocolateicecreamcone,100
660dab898e5abe34444031b4,chickentenders,100
660dab898e5abe34444031b4,raspberry,100
660dab898e5abe34444031b4,orange,100
660dab898e5abe34444031b4,peach,100
660dab898e5abe34444031b4,vanillasoftservecone,100
660dab898e5abe34444031b4,pocky,35
660dab898e5abe34444031b4,thumprintcookie,48
660dab898e5abe34444031b4,oatmealraisincookie,43
660dab898e5abe34444031b4,baguette,58
660dab898e5abe34444031b4,butteredpopcorn,66
660dab898e5abe34444031b4,potatochips,100
660dab898e5abe34444031b4,carrot,83
660dab898e5abe34444031b4,boulebread,95
660dab898e5abe34444031b4,triscuits,14
660dab898e5abe34444031b4,brownie,100
660dab898e5abe34444031b4,honeydewmelon,19
660dab898e5abe34444031b4,ryebread,91
660dab898e5abe34444031b4,lemoncake,93
660dab898e5abe34444031b4,plum,100
660dab898e5abe34444031b4,doritos,100
660dab898e5abe34444031b4,toblerone,100
660dab898e5abe34444031b4,almonds,100
660dab898e5abe34444031b4,slicedloafbread,100
660dab898e5abe34444031b4,grape,100
660dab898e5abe34444031b4,eggrolls,83
660dab898e5abe34444031b4,gouda,97
660dab898e5abe34444031b4,blackberry,100
660dab898e5abe34444031b4,nutrigrainbar,18
660dab898e5abe34444031b4,vanillawafer,100
660dab898e5abe34444031b4,tortillachips,96
660dab898e5abe34444031b4,frenchfries,100
660dab898e5abe34444031b4,twix,71
660dab898e5abe34444031b4,cherry,100
660dab898e5abe34444031b4,strawberryicecreamcone,100
660dab898e5abe34444031b4,chocolatewafer,100
660dab898e5abe34444031b4,twistdonut,98
660dab898e5abe34444031b4,meatballs,82
660dab898e5abe34444031b4,peanutmms,100
660dab898e5abe34444031b4,greenbellpepper,1
660dab898e5abe34444031b4,caramel,93
660dab898e5abe34444031b4,lindtlindorchocolatetruffle,99
662939d4dcb829c0cd170ac9,peanuts,100
662939d4dcb829c0cd170ac9,tortillachips,100
662939d4dcb829c0cd170ac9,peach,100
662939d4dcb829c0cd170ac9,tuilecookie,15
662939d4dcb829c0cd170ac9,plum,100
662939d4dcb829c0cd170ac9,boulebread,100
662939d4dcb829c0cd170ac9,potatochips,56
662939d4dcb829c0cd170ac9,grape,100
662939d4dcb829c0cd170ac9,toblerone,61
662939d4dcb829c0cd170ac9,twix,57
662939d4dcb829c0cd170ac9,chocolatebark,55
662939d4dcb829c0cd170ac9,caramel,46
662939d4dcb829c0cd170ac9,meatballs,1
662939d4dcb829c0cd170ac9,twistdonut,66
662939d4dcb829c0cd170ac9,vanillasoftservecone,36
662939d4dcb829c0cd170ac9,doritos,100
662939d4dcb829c0cd170ac9,blackberry,100
662939d4dcb829c0cd170ac9,cherry,100
662939d4dcb829c0cd170ac9,chocolatewafer,17
662939d4dcb829c0cd170ac9,peanutmms,1
662939d4dcb829c0cd170ac9,wavylays,51
662939d4dcb829c0cd170ac9,brownie,100
662939d4dcb829c0cd170ac9,orange,100
662939d4dcb829c0cd170ac9,slicedloafbread,14
662939d4dcb829c0cd170ac9,almonds,100
662939d4dcb829c0cd170ac9,goldendeliciousapple,100
662939d4dcb829c0cd170ac9,swisscheese,99
662939d4dcb829c0cd170ac9,raspberry,100
662939d4dcb829c0cd170ac9,lemoncake,100
662939d4dcb829c0cd170ac9,madeleine,72
662939d4dcb829c0cd170ac9,milkchocolate,100
662939d4dcb829c0cd170ac9,nutrigrainbar,99
662939d4dcb829c0cd170ac9,thumprintcookie,100
662939d4dcb829c0cd170ac9,oatmealraisincookie,100
662939d4dcb829c0cd170ac9,frenchfries,100
662939d4dcb829c0cd170ac9,ritzcracker,6
662939d4dcb829c0cd170ac9,apple,100
662939d4dcb829c0cd170ac9,butteredpopcorn,50
662939d4dcb829c0cd170ac9,frostedbrownie,100
662939d4dcb829c0cd170ac9,lindtlindorchocolatetruffle,100
662939d4dcb829c0cd170ac9,ryebread,100
662939d4dcb829c0cd170ac9,greenbellpepper,100
662939d4dcb829c0cd170ac9,gouda,100
662939d4dcb829c0cd170ac9,pocky,100
662939d4dcb829c0cd170ac9,saltinecracker,100
662939d4dcb829c0cd170ac9,vanillawafer,11
662939d4dcb829c0cd170ac9,sugarcookie,100
662939d4dcb829c0cd170ac9,honeydewmelon,100
662939d4dcb829c0cd170ac9,chocolateicecreamcone,100
662939d4dcb829c0cd170ac9,triscuits,100
662939d4dcb829c0cd170ac9,wheatthins,100
662939d4dcb829c0cd170ac9,churro,51
662939d4dcb829c0cd170ac9,chickentenders,1
662939d4dcb829c0cd170ac9,kiwi,100
662939d4dcb829c0cd170ac9,strawberryicecreamcone,1
662939d4dcb829c0cd170ac9,baguette,99
662939d4dcb829c0cd170ac9,eggrolls,22
662939d4dcb829c0cd170ac9,deliturkey,52
662939d4dcb829c0cd170ac9,carrot,67
662939d4dcb829c0cd170ac9,darkchocolate,65
66295f0e9bcde360755403f0,nutrigrainbar,40
66295f0e9bcde360755403f0,toblerone,61
66295f0e9bcde360755403f0,saltinecracker,91
66295f0e9bcde360755403f0,peanutmms,42
66295f0e9bcde360755403f0,doritos,16
66295f0e9bcde360755403f0,pocky,56
66295f0e9bcde360755403f0,caramel,1
66295f0e9bcde360755403f0,sugarcookie,87
66295f0e9bcde360755403f0,chocolateicecreamcone,34
66295f0e9bcde360755403f0,wheatthins,89
66295f0e9bcde360755403f0,plum,5
66295f0e9bcde360755403f0,ritzcracker,41
66295f0e9bcde360755403f0,honeydewmelon,1
66295f0e9bcde360755403f0,butteredpopcorn,9
66295f0e9bcde360755403f0,frenchfries,28
66295f0e9bcde360755403f0,madeleine,60
66295f0e9bcde360755403f0,boulebread,83
66295f0e9bcde360755403f0,vanillasoftservecone,74
66295f0e9bcde360755403f0,greenbellpepper,10
66295f0e9bcde360755403f0,kiwi,51
66295f0e9bcde360755403f0,strawberryicecreamcone,21
66295f0e9bcde360755403f0,vanillawafer,65
66295f0e9bcde360755403f0,twix,56
66295f0e9bcde360755403f0,eggrolls,1
66295f0e9bcde360755403f0,oatmealraisincookie,76
66295f0e9bcde360755403f0,blackberry,98
66295f0e9bcde360755403f0,slicedloafbread,72
66295f0e9bcde360755403f0,frostedbrownie,41
66295f0e9bcde360755403f0,raspberry,100
66295f0e9bcde360755403f0,baguette,57
66295f0e9bcde360755403f0,potatochips,14
66295f0e9bcde360755403f0,tuilecookie,38
66295f0e9bcde360755403f0,almonds,79
66295f0e9bcde360755403f0,tortillachips,17
66295f0e9bcde360755403f0,peach,86
66295f0e9bcde360755403f0,meatballs,4
66295f0e9bcde360755403f0,milkchocolate,60
66295f0e9bcde360755403f0,gouda,65
66295f0e9bcde360755403f0,carrot,65
66295f0e9bcde360755403f0,ryebread,85
66295f0e9bcde360755403f0,lindtlindorchocolatetruffle,21
66295f0e9bcde360755403f0,chickentenders,1
66295f0e9bcde360755403f0,orange,100
66295f0e9bcde360755403f0,twistdonut,67
66295f0e9bcde360755403f0,cherry,90
66295f0e9bcde360755403f0,grape,100
66295f0e9bcde360755403f0,deliturkey,1
66295f0e9bcde360755403f0,thumprintcookie,56
66295f0e9bcde360755403f0,triscuits,78
66295f0e9bcde360755403f0,wavylays,14
66295f0e9bcde360755403f0,lemoncake,21
66295f0e9bcde360755403f0,darkchocolate,43
66295f0e9bcde360755403f0,peanuts,68
66295f0e9bcde360755403f0,apple,100
66295f0e9bcde360755403f0,goldendeliciousapple,95
66295f0e9bcde360755403f0,chocolatebark,37
66295f0e9bcde360755403f0,brownie,41
66295f0e9bcde360755403f0,swisscheese,59
66295f0e9bcde360755403f0,churro,39
66295f0e9bcde360755403f0,chocolatewafer,52
6632a8b08840feed9c8bb1e0,frostedbrownie,64
6632a8b08840feed9c8bb1e0,gouda,13
6632a8b08840feed9c8bb1e0,twix,94
6632a8b08840feed9c8bb1e0,baguette,9
6632a8b08840feed9c8bb1e0,peanuts,82
6632a8b08840feed9c8bb1e0,greenbellpepper,51
6632a8b08840feed9c8bb1e0,swisscheese,29
6632a8b08840feed9c8bb1e0,darkchocolate,13
6632a8b08840feed9c8bb1e0,lemoncake,1
6632a8b08840feed9c8bb1e0,peach,32
6632a8b08840feed9c8bb1e0,cherry,1
6632a8b08840feed9c8bb1e0,ritzcracker,88
6632a8b08840feed9c8bb1e0,ryebread,15
6632a8b08840feed9c8bb1e0,chocolatebark,28
6632a8b08840feed9c8bb1e0,sugarcookie,10
6632a8b08840feed9c8bb1e0,orange,84
6632a8b08840feed9c8bb1e0,caramel,12
6632a8b08840feed9c8bb1e0,wavylays,61
6632a8b08840feed9c8bb1e0,frenchfries,87
6632a8b08840feed9c8bb1e0,pocky,1
6632a8b08840feed9c8bb1e0,toblerone,6
6632a8b08840feed9c8bb1e0,nutrigrainbar,1
6632a8b08840feed9c8bb1e0,deliturkey,89
6632a8b08840feed9c8bb1e0,brownie,24
6632a8b08840feed9c8bb1e0,tuilecookie,1
6632a8b08840feed9c8bb1e0,plum,7
6632a8b08840feed9c8bb1e0,carrot,49
6632a8b08840feed9c8bb1e0,chickentenders,82
6632a8b08840feed9c8bb1e0,saltinecracker,94
6632a8b08840feed9c8bb1e0,milkchocolate,100
6632a8b08840feed9c8bb1e0,blackberry,11
6632a8b08840feed9c8bb1e0,meatballs,52
6632a8b08840feed9c8bb1e0,lindtlindorchocolatetruffle,69
6632a8b08840feed9c8bb1e0,eggrolls,92
6632a8b08840feed9c8bb1e0,apple,23
6632a8b08840feed9c8bb1e0,chocolateicecreamcone,1
6632a8b08840feed9c8bb1e0,doritos,100
6632a8b08840feed9c8bb1e0,chocolatewafer,15
6632a8b08840feed9c8bb1e0,grape,52
6632a8b08840feed9c8bb1e0,kiwi,14
6632a8b08840feed9c8bb1e0,vanillasoftservecone,50
6632a8b08840feed9c8bb1e0,oatmealraisincookie,21
6632a8b08840feed9c8bb1e0,almonds,91
6632a8b08840feed9c8bb1e0,wheatthins,1
6632a8b08840feed9c8bb1e0,butteredpopcorn,53
6632a8b08840feed9c8bb1e0,madeleine,1
6632a8b08840feed9c8bb1e0,vanillawafer,1
6632a8b08840feed9c8bb1e0,strawberryicecreamcone,1
6632a8b08840feed9c8bb1e0,raspberry,1
6632a8b08840feed9c8bb1e0,peanutmms,100
6632a8b08840feed9c8bb1e0,churro,37
6632a8b08840feed9c8bb1e0,slicedloafbread,91
6632a8b08840feed9c8bb1e0,tortillachips,100
6632a8b08840feed9c8bb1e0,potatochips,76
6632a8b08840feed9c8bb1e0,boulebread,1
6632a8b08840feed9c8bb1e0,thumprintcookie,1
6632a8b08840feed9c8bb1e0,goldendeliciousapple,80
6632a8b08840feed9c8bb1e0,twistdonut,8
6632a8b08840feed9c8bb1e0,honeydewmelon,100
6632a8b08840feed9c8bb1e0,triscuits,1
66371cc4de71aac65b5f1980,vanillawafer,80
66371cc4de71aac65b5f1980,frenchfries,71
66371cc4de71aac65b5f1980,swisscheese,60
66371cc4de71aac65b5f1980,baguette,38
66371cc4de71aac65b5f1980,lemoncake,94
66371cc4de71aac65b5f1980,toblerone,97
66371cc4de71aac65b5f1980,almonds,4
66371cc4de71aac65b5f1980,gouda,77
66371cc4de71aac65b5f1980,chocolatebark,80
66371cc4de71aac65b5f1980,caramel,86
66371cc4de71aac65b5f1980,ritzcracker,94
66371cc4de71aac65b5f1980,thumprintcookie,73
66371cc4de71aac65b5f1980,chocolatewafer,99
66371cc4de71aac65b5f1980,madeleine,65
66371cc4de71aac65b5f1980,ryebread,66
66371cc4de71aac65b5f1980,goldendeliciousapple,22
66371cc4de71aac65b5f1980,darkchocolate,88
66371cc4de71aac65b5f1980,blackberry,100
66371cc4de71aac65b5f1980,lindtlindorchocolatetruffle,95
66371cc4de71aac65b5f1980,greenbellpepper,12
66371cc4de71aac65b5f1980,boulebread,99
66371cc4de71aac65b5f1980,wheatthins,99
66371cc4de71aac65b5f1980,peanuts,16
66371cc4de71aac65b5f1980,butteredpopcorn,62
66371cc4de71aac65b5f1980,twix,100
66371cc4de71aac65b5f1980,cherry,71
66371cc4de71aac65b5f1980,sugarcookie,91
66371cc4de71aac65b5f1980,raspberry,87
66371cc4de71aac65b5f1980,strawberryicecreamcone,72
66371cc4de71aac65b5f1980,orange,71
66371cc4de71aac65b5f1980,pocky,83
66371cc4de71aac65b5f1980,twistdonut,93
66371cc4de71aac65b5f1980,nutrigrainbar,71
66371cc4de71aac65b5f1980,oatmealraisincookie,70
66371cc4de71aac65b5f1980,brownie,100
66371cc4de71aac65b5f1980,carrot,11
66371cc4de71aac65b5f1980,potatochips,75
66371cc4de71aac65b5f1980,milkchocolate,84
66371cc4de71aac65b5f1980,plum,86
66371cc4de71aac65b5f1980,grape,88
66371cc4de71aac65b5f1980,churro,98
66371cc4de71aac65b5f1980,triscuits,88
66371cc4de71aac65b5f1980,frostedbrownie,100
66371cc4de71aac65b5f1980,honeydewmelon,47
66371cc4de71aac65b5f1980,chickentenders,75
66371cc4de71aac65b5f1980,vanillasoftservecone,100
66371cc4de71aac65b5f1980,saltinecracker,96
66371cc4de71aac65b5f1980,wavylays,100
66371cc4de71aac65b5f1980,doritos,100
66371cc4de71aac65b5f1980,eggrolls,94
66371cc4de71aac65b5f1980,tuilecookie,89
66371cc4de71aac65b5f1980,tortillachips,85
66371cc4de71aac65b5f1980,deliturkey,61
66371cc4de71aac65b5f1980,apple,7
66371cc4de71aac65b5f1980,chocolateicecreamcone,78
66371cc4de71aac65b5f1980,peach,64
66371cc4de71aac65b5f1980,slicedloafbread,88
66371cc4de71aac65b5f1980,kiwi,97
66371cc4de71aac65b5f1980,meatballs,75
66371cc4de71aac65b5f1980,peanutmms,80
66461b42c96ee6c5a414f1a0,tortillachips,49
66461b42c96ee6c5a414f1a0,darkchocolate,61
66461b42c96ee6c5a414f1a0,twistdonut,4
66461b42c96ee6c5a414f1a0,chocolatewafer,29
66461b42c96ee6c5a414f1a0,raspberry,99
66461b42c96ee6c5a414f1a0,brownie,42
66461b42c96ee6c5a414f1a0,tuilecookie,18
66461b42c96ee6c5a414f1a0,doritos,29
66461b42c96ee6c5a414f1a0,greenbellpepper,44
66461b42c96ee6c5a414f1a0,thumprintcookie,54
66461b42c96ee6c5a414f1a0,chocolateicecreamcone,51
66461b42c96ee6c5a414f1a0,cherry,98
66461b42c96ee6c5a414f1a0,vanillasoftservecone,84
66461b42c96ee6c5a414f1a0,peanuts,1
66461b42c96ee6c5a414f1a0,potatochips,11
66461b42c96ee6c5a414f1a0,nutrigrainbar,36
66461b42c96ee6c5a414f1a0,kiwi,94
66461b42c96ee6c5a414f1a0,frostedbrownie,24
66461b42c96ee6c5a414f1a0,caramel,2
66461b42c96ee6c5a414f1a0,swisscheese,1
66461b42c96ee6c5a414f1a0,orange,18
66461b42c96ee6c5a414f1a0,baguette,85
66461b42c96ee6c5a414f1a0,butteredpopcorn,75
66461b42c96ee6c5a414f1a0,frenchfries,24
66461b42c96ee6c5a414f1a0,wavylays,51
66461b42c96ee6c5a414f1a0,vanillawafer,13
66461b42c96ee6c5a414f1a0,strawberryicecreamcone,34
66461b42c96ee6c5a414f1a0,blackberry,100
66461b42c96ee6c5a414f1a0,peanutmms,1
66461b42c96ee6c5a414f1a0,pocky,89
66461b42c96ee6c5a414f1a0,oatmealraisincookie,43
66461b42c96ee6c5a414f1a0,madeleine,14
66461b42c96ee6c5a414f1a0,honeydewmelon,100
66461b42c96ee6c5a414f1a0,sugarcookie,13
66461b42c96ee6c5a414f1a0,wheatthins,73
66461b42c96ee6c5a414f1a0,ritzcracker,30
66461b42c96ee6c5a414f1a0,twix,3
66461b42c96ee6c5a414f1a0,ryebread,81
66461b42c96ee6c5a414f1a0,milkchocolate,10
66461b42c96ee6c5a414f1a0,goldendeliciousapple,92
66461b42c96ee6c5a414f1a0,saltinecracker,96
66461b42c96ee6c5a414f1a0,eggrolls,28
66461b42c96ee6c5a414f1a0,grape,50
66461b42c96ee6c5a414f1a0,gouda,1
66461b42c96ee6c5a414f1a0,lemoncake,1
66461b42c96ee6c5a414f1a0,slicedloafbread,55
66461b42c96ee6c5a414f1a0,plum,93
66461b42c96ee6c5a414f1a0,almonds,96
66461b42c96ee6c5a414f1a0,triscuits,100
66461b42c96ee6c5a414f1a0,deliturkey,41
66461b42c96ee6c5a414f1a0,peach,71
66461b42c96ee6c5a414f1a0,apple,87
66461b42c96ee6c5a414f1a0,meatballs,92
66461b42c96ee6c5a414f1a0,carrot,100
66461b42c96ee6c5a414f1a0,boulebread,76
66461b42c96ee6c5a414f1a0,chickentenders,20
66461b42c96ee6c5a414f1a0,chocolatebark,31
66461b42c96ee6c5a414f1a0,toblerone,45
66461b42c96ee6c5a414f1a0,churro,2
66461b42c96ee6c5a414f1a0,lindtlindorchocolatetruffle,14
664c4e829445321c23a8de52,honeydewmelon,1
664c4e829445321c23a8de52,meatballs,100
664c4e829445321c23a8de52,goldendeliciousapple,100
664c4e829445321c23a8de52,baguette,100
664c4e829445321c23a8de52,wheatthins,100
664c4e829445321c23a8de52,peanutmms,6
664c4e829445321c23a8de52,oatmealraisincookie,5
664c4e829445321c23a8de52,cherry,1
664c4e829445321c23a8de52,eggrolls,1
664c4e829445321c23a8de52,twix,1
664c4e829445321c23a8de52,boulebread,1
664c4e829445321c23a8de52,toblerone,1
664c4e829445321c23a8de52,orange,73
664c4e829445321c23a8de52,chocolatebark,1
664c4e829445321c23a8de52,churro,100
664c4e829445321c23a8de52,carrot,34
664c4e829445321c23a8de52,lemoncake,3
664c4e829445321c23a8de52,slicedloafbread,14
664c4e829445321c23a8de52,apple,100
664c4e829445321c23a8de52,chocolatewafer,87
664c4e829445321c23a8de52,vanillawafer,100
664c4e829445321c23a8de52,grape,100
664c4e829445321c23a8de52,swisscheese,100
664c4e829445321c23a8de52,gouda,100
664c4e829445321c23a8de52,chickentenders,70
664c4e829445321c23a8de52,lindtlindorchocolatetruffle,1
664c4e829445321c23a8de52,peanuts,100
664c4e829445321c23a8de52,potatochips,10
664c4e829445321c23a8de52,nutrigrainbar,1
664c4e829445321c23a8de52,tortillachips,20
664c4e829445321c23a8de52,ritzcracker,6
664c4e829445321c23a8de52,wavylays,8
664c4e829445321c23a8de52,almonds,66
664c4e829445321c23a8de52,twistdonut,1
664c4e829445321c23a8de52,plum,68
664c4e829445321c23a8de52,strawberryicecreamcone,1
664c4e829445321c23a8de52,saltinecracker,100
664c4e829445321c23a8de52,milkchocolate,1
664c4e829445321c23a8de52,chocolateicecreamcone,100
664c4e829445321c23a8de52,vanillasoftservecone,1
664c4e829445321c23a8de52,deliturkey,64
664c4e829445321c23a8de52,sugarcookie,1
664c4e829445321c23a8de52,frenchfries,100
664c4e829445321c23a8de52,thumprintcookie,1
664c4e829445321c23a8de52,doritos,1
664c4e829445321c23a8de52,blackberry,22
664c4e829445321c23a8de52,peach,86
664c4e829445321c23a8de52,ryebread,1
664c4e829445321c23a8de52,frostedbrownie,1
664c4e829445321c23a8de52,pocky,1
664c4e829445321c23a8de52,butteredpopcorn,1
664c4e829445321c23a8de52,triscuits,100
664c4e829445321c23a8de52,kiwi,84
664c4e829445321c23a8de52,greenbellpepper,56
664c4e829445321c23a8de52,darkchocolate,1
664c4e829445321c23a8de52,madeleine,1
664c4e829445321c23a8de52,raspberry,100
664c4e829445321c23a8de52,tuilecookie,1
664c4e829445321c23a8de52,caramel,1
664c4e829445321c23a8de52,brownie,1
6669f862528d0daadf3d2fe6,cherry,100
6669f862528d0daadf3d2fe6,grape,6
6669f862528d0daadf3d2fe6,lemoncake,16
6669f862528d0daadf3d2fe6,madeleine,39
6669f862528d0daadf3d2fe6,wavylays,94
6669f862528d0daadf3d2fe6,toblerone,79
6669f862528d0daadf3d2fe6,tortillachips,82
6669f862528d0daadf3d2fe6,plum,8
6669f862528d0daadf3d2fe6,greenbellpepper,5
6669f862528d0daadf3d2fe6,butteredpopcorn,39
6669f862528d0daadf3d2fe6,thumprintcookie,30
6669f862528d0daadf3d2fe6,twistdonut,85
6669f862528d0daadf3d2fe6,goldendeliciousapple,63
6669f862528d0daadf3d2fe6,chocolateicecreamcone,82
6669f862528d0daadf3d2fe6,almonds,78
6669f862528d0daadf3d2fe6,kiwi,71
6669f862528d0daadf3d2fe6,chocolatebark,98
6669f862528d0daadf3d2fe6,twix,96
6669f862528d0daadf3d2fe6,meatballs,100
6669f862528d0daadf3d2fe6,nutrigrainbar,1
6669f862528d0daadf3d2fe6,darkchocolate,96
6669f862528d0daadf3d2fe6,chickentenders,100
6669f862528d0daadf3d2fe6,churro,90
6669f862528d0daadf3d2fe6,ritzcracker,37
6669f862528d0daadf3d2fe6,peanuts,77
6669f862528d0daadf3d2fe6,caramel,100
6669f862528d0daadf3d2fe6,peach,16
6669f862528d0daadf3d2fe6,triscuits,93
6669f862528d0daadf3d2fe6,orange,58
6669f862528d0daadf3d2fe6,vanillasoftservecone,100
6669f862528d0daadf3d2fe6,lindtlindorchocolatetruffle,74
6669f862528d0daadf3d2fe6,milkchocolate,89
6669f862528d0daadf3d2fe6,chocolatewafer,77
6669f862528d0daadf3d2fe6,oatmealraisincookie,84
6669f862528d0daadf3d2fe6,frenchfries,91
6669f862528d0daadf3d2fe6,apple,63
6669f862528d0daadf3d2fe6,saltinecracker,84
6669f862528d0daadf3d2fe6,tuilecookie,81
6669f862528d0daadf3d2fe6,peanutmms,99
6669f862528d0daadf3d2fe6,carrot,29
6669f862528d0daadf3d2fe6,boulebread,100
6669f862528d0daadf3d2fe6,pocky,60
6669f862528d0daadf3d2fe6,doritos,100
6669f862528d0daadf3d2fe6,gouda,65
6669f862528d0daadf3d2fe6,blackberry,1
6669f862528d0daadf3d2fe6,sugarcookie,91
6669f862528d0daadf3d2fe6,wheatthins,86
6669f862528d0daadf3d2fe6,ryebread,87
6669f862528d0daadf3d2fe6,swisscheese,92
6669f862528d0daadf3d2fe6,eggrolls,100
6669f862528d0daadf3d2fe6,vanillawafer,69
6669f862528d0daadf3d2fe6,baguette,100
6669f862528d0daadf3d2fe6,raspberry,60
6669f862528d0daadf3d2fe6,potatochips,75
6669f862528d0daadf3d2fe6,slicedloafbread,1
6669f862528d0daadf3d2fe6,frostedbrownie,40
6669f862528d0daadf3d2fe6,brownie,36
6669f862528d0daadf3d2fe6,strawberryicecreamcone,62
6669f862528d0daadf3d2fe6,honeydewmelon,68
6669f862528d0daadf3d2fe6,deliturkey,100
667afa9d6a0914703001c2f0,deliturkey,60
667afa9d6a0914703001c2f0,lindtlindorchocolatetruffle,62
667afa9d6a0914703001c2f0,wavylays,66
667afa9d6a0914703001c2f0,chocolateicecreamcone,41
667afa9d6a0914703001c2f0,ritzcracker,61
667afa9d6a0914703001c2f0,chocolatewafer,30
667afa9d6a0914703001c2f0,boulebread,50
667afa9d6a0914703001c2f0,chickentenders,81
667afa9d6a0914703001c2f0,slicedloafbread,7
667afa9d6a0914703001c2f0,churro,37
667afa9d6a0914703001c2f0,peanutmms,49
667afa9d6a0914703001c2f0,vanillawafer,5
667afa9d6a0914703001c2f0,darkchocolate,69
667afa9d6a0914703001c2f0,swisscheese,62
667afa9d6a0914703001c2f0,eggrolls,54
667afa9d6a0914703001c2f0,tortillachips,47
667afa9d6a0914703001c2f0,peanuts,67
667afa9d6a0914703001c2f0,lemoncake,5
667afa9d6a0914703001c2f0,potatochips,44
667afa9d6a0914703001c2f0,sugarcookie,21
667afa9d6a0914703001c2f0,thumprintcookie,5
667afa9d6a0914703001c2f0,caramel,3
667afa9d6a0914703001c2f0,milkchocolate,70
667afa9d6a0914703001c2f0,plum,66
667afa9d6a0914703001c2f0,saltinecracker,59
667afa9d6a0914703001c2f0,almonds,80
667afa9d6a0914703001c2f0,ryebread,52
667afa9d6a0914703001c2f0,nutrigrainbar,57
667afa9d6a0914703001c2f0,grape,80
667afa9d6a0914703001c2f0,baguette,58
667afa9d6a0914703001c2f0,oatmealraisincookie,2
667afa9d6a0914703001c2f0,vanillasoftservecone,35
667afa9d6a0914703001c2f0,blackberry,68
667afa9d6a0914703001c2f0,orange,64
667afa9d6a0914703001c2f0,goldendeliciousapple,78
667afa9d6a0914703001c2f0,frostedbrownie,14
667afa9d6a0914703001c2f0,chocolatebark,37
667afa9d6a0914703001c2f0,toblerone,5
667afa9d6a0914703001c2f0,brownie,18
667afa9d6a0914703001c2f0,raspberry,74
667afa9d6a0914703001c2f0,apple,77
667afa9d6a0914703001c2f0,cherry,64
667afa9d6a0914703001c2f0,triscuits,9
667afa9d6a0914703001c2f0,madeleine,8
667afa9d6a0914703001c2f0,wheatthins,10
667afa9d6a0914703001c2f0,meatballs,70
667afa9d6a0914703001c2f0,strawberryicecreamcone,38
667afa9d6a0914703001c2f0,pocky,50
667afa9d6a0914703001c2f0,honeydewmelon,53
667afa9d6a0914703001c2f0,doritos,42
667afa9d6a0914703001c2f0,tuilecookie,24
667afa9d6a0914703001c2f0,greenbellpepper,90
667afa9d6a0914703001c2f0,peach,86
667afa9d6a0914703001c2f0,kiwi,77
667afa9d6a0914703001c2f0,twistdonut,50
667afa9d6a0914703001c2f0,twix,45
667afa9d6a0914703001c2f0,gouda,61
667afa9d6a0914703001c2f0,frenchfries,57
667afa9d6a0914703001c2f0,butteredpopcorn,46
667afa9d6a0914703001c2f0,carrot,83
6692cfbe7457b19a1ac85192,apple,55
6692cfbe7457b19a1ac85192,peanutmms,60
6692cfbe7457b19a1ac85192,goldendeliciousapple,79
6692cfbe7457b19a1ac85192,vanillawafer,35
6692cfbe7457b19a1ac85192,almonds,82
6692cfbe7457b19a1ac85192,chocolatebark,23
6692cfbe7457b19a1ac85192,meatballs,45
6692cfbe7457b19a1ac85192,lindtlindorchocolatetruffle,24
6692cfbe7457b19a1ac85192,saltinecracker,29
6692cfbe7457b19a1ac85192,sugarcookie,31
6692cfbe7457b19a1ac85192,thumprintcookie,32
6692cfbe7457b19a1ac85192,milkchocolate,39
6692cfbe7457b19a1ac85192,nutrigrainbar,37
6692cfbe7457b19a1ac85192,honeydewmelon,82
6692cfbe7457b19a1ac85192,pocky,25
6692cfbe7457b19a1ac85192,peach,100
6692cfbe7457b19a1ac85192,chocolateicecreamcone,14
6692cfbe7457b19a1ac85192,plum,84
6692cfbe7457b19a1ac85192,boulebread,8
6692cfbe7457b19a1ac85192,ritzcracker,19
6692cfbe7457b19a1ac85192,orange,80
6692cfbe7457b19a1ac85192,frenchfries,27
6692cfbe7457b19a1ac85192,strawberryicecreamcone,30
6692cfbe7457b19a1ac85192,tuilecookie,24
6692cfbe7457b19a1ac85192,caramel,16
6692cfbe7457b19a1ac85192,brownie,24
6692cfbe7457b19a1ac85192,doritos,34
6692cfbe7457b19a1ac85192,carrot,82
6692cfbe7457b19a1ac85192,chocolatewafer,15
6692cfbe7457b19a1ac85192,oatmealraisincookie,20
6692cfbe7457b19a1ac85192,butteredpopcorn,51
6692cfbe7457b19a1ac85192,potatochips,46
6692cfbe7457b19a1ac85192,ryebread,69
6692cfbe7457b19a1ac85192,blackberry,85
6692cfbe7457b19a1ac85192,eggrolls,28
6692cfbe7457b19a1ac85192,greenbellpepper,87
6692cfbe7457b19a1ac85192,deliturkey,58
6692cfbe7457b19a1ac85192,churro,32
6692cfbe7457b19a1ac85192,gouda,26
6692cfbe7457b19a1ac85192,grape,89
6692cfbe7457b19a1ac85192,cherry,77
6692cfbe7457b19a1ac85192,slicedloafbread,25
6692cfbe7457b19a1ac85192,swisscheese,33
6692cfbe7457b19a1ac85192,wheatthins,37
6692cfbe7457b19a1ac85192,darkchocolate,20
6692cfbe7457b19a1ac85192,tortillachips,28
6692cfbe7457b19a1ac85192,kiwi,84
6692cfbe7457b19a1ac85192,lemoncake,19
6692cfbe7457b19a1ac85192,twix,11
6692cfbe7457b19a1ac85192,chickentenders,25
6692cfbe7457b19a1ac85192,madeleine,20
6692cfbe7457b19a1ac85192,peanuts,76
6692cfbe7457b19a1ac85192,raspberry,90
6692cfbe7457b19a1ac85192,wavylays,19
6692cfbe7457b19a1ac85192,toblerone,17
6692cfbe7457b19a1ac85192,triscuits,20
6692cfbe7457b19a1ac85192,vanillasoftservecone,28
6692cfbe7457b19a1ac85192,frostedbrownie,42
6692cfbe7457b19a1ac85192,twistdonut,36
6692cfbe7457b19a1ac85192,baguette,35
66954597674618ad4e1331cb,raspberry,100
66954597674618ad4e1331cb,baguette,51
66954597674618ad4e1331cb,doritos,100
66954597674618ad4e1331cb,tuilecookie,24
66954597674618ad4e1331cb,tortillachips,69
66954597674618ad4e1331cb,vanillasoftservecone,89
66954597674618ad4e1331cb,chocolateicecreamcone,100
66954597674618ad4e1331cb,twistdonut,11
66954597674618ad4e1331cb,pocky,22
66954597674618ad4e1331cb,chocolatebark,1
66954597674618ad4e1331cb,nutrigrainbar,5
66954597674618ad4e1331cb,vanillawafer,22
66954597674618ad4e1331cb,lemoncake,50
66954597674618ad4e1331cb,butteredpopcorn,3
66954597674618ad4e1331cb,peanuts,91
66954597674618ad4e1331cb,peach,1
66954597674618ad4e1331cb,thumprintcookie,1
66954597674618ad4e1331cb,twix,6
66954597674618ad4e1331cb,apple,100
66954597674618ad4e1331cb,boulebread,85
66954597674618ad4e1331cb,peanutmms,80
66954597674618ad4e1331cb,churro,48
66954597674618ad4e1331cb,strawberryicecreamcone,17
66954597674618ad4e1331cb,blackberry,88
66954597674618ad4e1331cb,ryebread,92
66954597674618ad4e1331cb,deliturkey,1
66954597674618ad4e1331cb,eggrolls,100
66954597674618ad4e1331cb,triscuits,93
66954597674618ad4e1331cb,chickentenders,100
66954597674618ad4e1331cb,potatochips,100
66954597674618ad4e1331cb,madeleine,100
66954597674618ad4e1331cb,slicedloafbread,1
66954597674618ad4e1331cb,cherry,1
66954597674618ad4e1331cb,toblerone,1
66954597674618ad4e1331cb,honeydewmelon,1
66954597674618ad4e1331cb,plum,1
66954597674618ad4e1331cb,oatmealraisincookie,63
66954597674618ad4e1331cb,wavylays,49
66954597674618ad4e1331cb,ritzcracker,71
66954597674618ad4e1331cb,sugarcookie,95
66954597674618ad4e1331cb,carrot,54
66954597674618ad4e1331cb,orange,33
66954597674618ad4e1331cb,swisscheese,83
66954597674618ad4e1331cb,kiwi,49
66954597674618ad4e1331cb,brownie,100
66954597674618ad4e1331cb,frostedbrownie,1
66954597674618ad4e1331cb,grape,35
66954597674618ad4e1331cb,milkchocolate,1
66954597674618ad4e1331cb,almonds,86
66954597674618ad4e1331cb,caramel,1
66954597674618ad4e1331cb,gouda,58
66954597674618ad4e1331cb,darkchocolate,100
66954597674618ad4e1331cb,lindtlindorchocolatetruffle,1
66954597674618ad4e1331cb,meatballs,1
66954597674618ad4e1331cb,frenchfries,56
66954597674618ad4e1331cb,saltinecracker,1
66954597674618ad4e1331cb,chocolatewafer,6
66954597674618ad4e1331cb,goldendeliciousapple,92
66954597674618ad4e1331cb,wheatthins,60
66954597674618ad4e1331cb,greenbellpepper,45
6695e02753a6952e7b9118bc,ryebread,73
6695e02753a6952e7b9118bc,swisscheese,29
6695e02753a6952e7b9118bc,twistdonut,66
6695e02753a6952e7b9118bc,raspberry,100
6695e02753a6952e7b9118bc,strawberryicecreamcone,88
6695e02753a6952e7b9118bc,thumprintcookie,65
6695e02753a6952e7b9118bc,darkchocolate,71
6695e02753a6952e7b9118bc,saltinecracker,31
6695e02753a6952e7b9118bc,peach,96
6695e02753a6952e7b9118bc,wavylays,38
6695e02753a6952e7b9118bc,frostedbrownie,59
6695e02753a6952e7b9118bc,butteredpopcorn,69
6695e02753a6952e7b9118bc,potatochips,61
6695e02753a6952e7b9118bc,chocolatewafer,25
6695e02753a6952e7b9118bc,caramel,86
6695e02753a6952e7b9118bc,almonds,24
6695e02753a6952e7b9118bc,ritzcracker,25
6695e02753a6952e7b9118bc,vanillawafer,11
6695e02753a6952e7b9118bc,chocolatebark,68
6695e02753a6952e7b9118bc,orange,83
6695e02753a6952e7b9118bc,brownie,75
6695e02753a6952e7b9118bc,meatballs,27
6695e02753a6952e7b9118bc,wheatthins,5
6695e02753a6952e7b9118bc,sugarcookie,16
6695e02753a6952e7b9118bc,twix,58
6695e02753a6952e7b9118bc,slicedloafbread,6
6695e02753a6952e7b9118bc,milkchocolate,87
6695e02753a6952e7b9118bc,apple,23
6695e02753a6952e7b9118bc,doritos,74
6695e02753a6952e7b9118bc,honeydewmelon,1
6695e02753a6952e7b9118bc,oatmealraisincookie,97
6695e02753a6952e7b9118bc,grape,71
6695e02753a6952e7b9118bc,carrot,31
6695e02753a6952e7b9118bc,goldendeliciousapple,11
6695e02753a6952e7b9118bc,toblerone,96
6695e02753a6952e7b9118bc,chocolateicecreamcone,72
6695e02753a6952e7b9118bc,blackberry,84
6695e02753a6952e7b9118bc,peanuts,20
6695e02753a6952e7b9118bc,churro,40
6695e02753a6952e7b9118bc,madeleine,39
6695e02753a6952e7b9118bc,lemoncake,59
6695e02753a6952e7b9118bc,cherry,74
6695e02753a6952e7b9118bc,tortillachips,29
6695e02753a6952e7b9118bc,deliturkey,19
6695e02753a6952e7b9118bc,pocky,24
6695e02753a6952e7b9118bc,eggrolls,66
6695e02753a6952e7b9118bc,boulebread,23
6695e02753a6952e7b9118bc,triscuits,8
6695e02753a6952e7b9118bc,chickentenders,63
6695e02753a6952e7b9118bc,greenbellpepper,11
6695e02753a6952e7b9118bc,baguette,68
6695e02753a6952e7b9118bc,nutrigrainbar,31
6695e02753a6952e7b9118bc,tuilecookie,21
6695e02753a6952e7b9118bc,plum,59
6695e02753a6952e7b9118bc,kiwi,65
6695e02753a6952e7b9118bc,lindtlindorchocolatetruffle,75
6695e02753a6952e7b9118bc,vanillasoftservecone,100
6695e02753a6952e7b9118bc,gouda,18
6695e02753a6952e7b9118bc,peanutmms,56
6695e02753a6952e7b9118bc,frenchfries,95
66a7cf3480e5c2088515ba0b,chocolateicecreamcone,40
66a7cf3480e5c2088515ba0b,sugarcookie,61
66a7cf3480e5c2088515ba0b,nutrigrainbar,2
66a7cf3480e5c2088515ba0b,toblerone,11
66a7cf3480e5c2088515ba0b,tuilecookie,85
66a7cf3480e5c2088515ba0b,potatochips,50
66a7cf3480e5c2088515ba0b,orange,86
66a7cf3480e5c2088515ba0b,meatballs,5
66a7cf3480e5c2088515ba0b,almonds,13
66a7cf3480e5c2088515ba0b,chickentenders,81
66a7cf3480e5c2088515ba0b,ritzcracker,68
66a7cf3480e5c2088515ba0b,caramel,1
66a7cf3480e5c2088515ba0b,eggrolls,62
66a7cf3480e5c2088515ba0b,goldendeliciousapple,73
66a7cf3480e5c2088515ba0b,brownie,57
66a7cf3480e5c2088515ba0b,kiwi,77
66a7cf3480e5c2088515ba0b,ryebread,14
66a7cf3480e5c2088515ba0b,vanillasoftservecone,21
66a7cf3480e5c2088515ba0b,swisscheese,76
66a7cf3480e5c2088515ba0b,plum,27
66a7cf3480e5c2088515ba0b,twistdonut,20
66a7cf3480e5c2088515ba0b,peanuts,79
66a7cf3480e5c2088515ba0b,lemoncake,33
66a7cf3480e5c2088515ba0b,gouda,78
66a7cf3480e5c2088515ba0b,honeydewmelon,3
66a7cf3480e5c2088515ba0b,pocky,69
66a7cf3480e5c2088515ba0b,lindtlindorchocolatetruffle,9
66a7cf3480e5c2088515ba0b,strawberryicecreamcone,4
66a7cf3480e5c2088515ba0b,carrot,50
66a7cf3480e5c2088515ba0b,deliturkey,63
66a7cf3480e5c2088515ba0b,chocolatewafer,37
66a7cf3480e5c2088515ba0b,boulebread,59
66a7cf3480e5c2088515ba0b,grape,66
66a7cf3480e5c2088515ba0b,cherry,1
66a7cf3480e5c2088515ba0b,peach,38
66a7cf3480e5c2088515ba0b,vanillawafer,46
66a7cf3480e5c2088515ba0b,triscuits,1
66a7cf3480e5c2088515ba0b,doritos,67
66a7cf3480e5c2088515ba0b,blackberry,93
66a7cf3480e5c2088515ba0b,frostedbrownie,11
66a7cf3480e5c2088515ba0b,oatmealraisincookie,1
66a7cf3480e5c2088515ba0b,twix,34
66a7cf3480e5c2088515ba0b,wavylays,58
66a7cf3480e5c2088515ba0b,darkchocolate,7
66a7cf3480e5c2088515ba0b,raspberry,94
66a7cf3480e5c2088515ba0b,wheatthins,52
66a7cf3480e5c2088515ba0b,madeleine,65
66a7cf3480e5c2088515ba0b,milkchocolate,12
66a7cf3480e5c2088515ba0b,peanutmms,28
66a7cf3480e5c2088515ba0b,apple,70
66a7cf3480e5c2088515ba0b,saltinecracker,50
66a7cf3480e5c2088515ba0b,baguette,83
66a7cf3480e5c2088515ba0b,slicedloafbread,23
66a7cf3480e5c2088515ba0b,tortillachips,49
66a7cf3480e5c2088515ba0b,greenbellpepper,80
66a7cf3480e5c2088515ba0b,frenchfries,69
66a7cf3480e5c2088515ba0b,butteredpopcorn,82
66a7cf3480e5c2088515ba0b,thumprintcookie,19
66a7cf3480e5c2088515ba0b,churro,13
66a7cf3480e5c2088515ba0b,chocolatebark,7
66aa3642b1885fdf7c2b9a2a,frenchfries,66
66aa3642b1885fdf7c2b9a2a,sugarcookie,13
66aa3642b1885fdf7c2b9a2a,peach,82
66aa3642b1885fdf7c2b9a2a,swisscheese,65
66aa3642b1885fdf7c2b9a2a,peanuts,38
66aa3642b1885fdf7c2b9a2a,boulebread,74
66aa3642b1885fdf7c2b9a2a,kiwi,100
66aa3642b1885fdf7c2b9a2a,oatmealraisincookie,27
66aa3642b1885fdf7c2b9a2a,frostedbrownie,2
66aa3642b1885fdf7c2b9a2a,saltinecracker,1
66aa3642b1885fdf7c2b9a2a,lindtlindorchocolatetruffle,10
66aa3642b1885fdf7c2b9a2a,pocky,1
66aa3642b1885fdf7c2b9a2a,deliturkey,64
66aa3642b1885fdf7c2b9a2a,twix,1
66aa3642b1885fdf7c2b9a2a,vanillawafer,1
66aa3642b1885fdf7c2b9a2a,chickentenders,75
66aa3642b1885fdf7c2b9a2a,carrot,79
66aa3642b1885fdf7c2b9a2a,almonds,100
66aa3642b1885fdf7c2b9a2a,greenbellpepper,51
66aa3642b1885fdf7c2b9a2a,thumprintcookie,1
66aa3642b1885fdf7c2b9a2a,chocolatebark,1
66aa3642b1885fdf7c2b9a2a,wheatthins,70
66aa3642b1885fdf7c2b9a2a,chocolateicecreamcone,19
66aa3642b1885fdf7c2b9a2a,apple,99
66aa3642b1885fdf7c2b9a2a,madeleine,25
66aa3642b1885fdf7c2b9a2a,strawberryicecreamcone,1
66aa3642b1885fdf7c2b9a2a,tortillachips,69
66aa3642b1885fdf7c2b9a2a,baguette,36
66aa3642b1885fdf7c2b9a2a,orange,100
66aa3642b1885fdf7c2b9a2a,eggrolls,69
66aa3642b1885fdf7c2b9a2a,raspberry,100
66aa3642b1885fdf7c2b9a2a,vanillasoftservecone,16
66aa3642b1885fdf7c2b9a2a,lemoncake,14
66aa3642b1885fdf7c2b9a2a,honeydewmelon,52
66aa3642b1885fdf7c2b9a2a,chocolatewafer,1
66aa3642b1885fdf7c2b9a2a,wavylays,1
66aa3642b1885fdf7c2b9a2a,ryebread,66
66aa3642b1885fdf7c2b9a2a,plum,100
66aa3642b1885fdf7c2b9a2a,triscuits,67
66aa3642b1885fdf7c2b9a2a,twistdonut,62
66aa3642b1885fdf7c2b9a2a,potatochips,29
66aa3642b1885fdf7c2b9a2a,meatballs,52
66aa3642b1885fdf7c2b9a2a,blackberry,100
66aa3642b1885fdf7c2b9a2a,cherry,100
66aa3642b1885fdf7c2b9a2a,caramel,8
66aa3642b1885fdf7c2b9a2a,darkchocolate,16
66aa3642b1885fdf7c2b9a2a,nutrigrainbar,7
66aa3642b1885fdf7c2b9a2a,goldendeliciousapple,100
66aa3642b1885fdf7c2b9a2a,doritos,30
66aa3642b1885fdf7c2b9a2a,churro,70
66aa3642b1885fdf7c2b9a2a,slicedloafbread,1
66aa3642b1885fdf7c2b9a2a,brownie,14
66aa3642b1885fdf7c2b9a2a,gouda,59
66aa3642b1885fdf7c2b9a2a,milkchocolate,1
66aa3642b1885fdf7c2b9a2a,toblerone,41
66aa3642b1885fdf7c2b9a2a,grape,100
66aa3642b1885fdf7c2b9a2a,tuilecookie,47
66aa3642b1885fdf7c2b9a2a,butteredpopcorn,2
66aa3642b1885fdf7c2b9a2a,peanutmms,1
66aa3642b1885fdf7c2b9a2a,ritzcracker,1
66ac88bc1dadfeed813c2be6,peach,81
66ac88bc1dadfeed813c2be6,churro,1
66ac88bc1dadfeed813c2be6,wheatthins,47
66ac88bc1dadfeed813c2be6,boulebread,48
66ac88bc1dadfeed813c2be6,lindtlindorchocolatetruffle,18
66ac88bc1dadfeed813c2be6,toblerone,4
66ac88bc1dadfeed813c2be6,chocolatebark,5
66ac88bc1dadfeed813c2be6,brownie,1
66ac88bc1dadfeed813c2be6,chickentenders,24
66ac88bc1dadfeed813c2be6,gouda,67
66ac88bc1dadfeed813c2be6,triscuits,69
66ac88bc1dadfeed813c2be6,orange,97
66ac88bc1dadfeed813c2be6,carrot,97
66ac88bc1dadfeed813c2be6,baguette,34
66ac88bc1dadfeed813c2be6,thumprintcookie,1
66ac88bc1dadfeed813c2be6,kiwi,89
66ac88bc1dadfeed813c2be6,apple,99
66ac88bc1dadfeed813c2be6,chocolateicecreamcone,1
66ac88bc1dadfeed813c2be6,peanuts,6
66ac88bc1dadfeed813c2be6,frostedbrownie,1
66ac88bc1dadfeed813c2be6,nutrigrainbar,5
66ac88bc1dadfeed813c2be6,butteredpopcorn,6
66ac88bc1dadfeed813c2be6,meatballs,26
66ac88bc1dadfeed813c2be6,deliturkey,50
66ac88bc1dadfeed813c2be6,doritos,1
66ac88bc1dadfeed813c2be6,vanillawafer,2
66ac88bc1dadfeed813c2be6,pocky,1
66ac88bc1dadfeed813c2be6,cherry,97
66ac88bc1dadfeed813c2be6,almonds,99
66ac88bc1dadfeed813c2be6,tuilecookie,8
66ac88bc1dadfeed813c2be6,tortillachips,32
66ac88bc1dadfeed813c2be6,ryebread,57
66ac88bc1dadfeed813c2be6,peanutmms,6
66ac88bc1dadfeed813c2be6,saltinecracker,7
66ac88bc1dadfeed813c2be6,goldendeliciousapple,100
66ac88bc1dadfeed813c2be6,greenbellpepper,100
66ac88bc1dadfeed813c2be6,potatochips,8
66ac88bc1dadfeed813c2be6,slicedloafbread,6
66ac88bc1dadfeed813c2be6,milkchocolate,30
66ac88bc1dadfeed813c2be6,madeleine,1
66ac88bc1dadfeed813c2be6,frenchfries,48
66ac88bc1dadfeed813c2be6,grape,100
66ac88bc1dadfeed813c2be6,strawberryicecreamcone,7
66ac88bc1dadfeed813c2be6,eggrolls,9
66ac88bc1dadfeed813c2be6,vanillasoftservecone,21
66ac88bc1dadfeed813c2be6,plum,100
66ac88bc1dadfeed813c2be6,oatmealraisincookie,1
66ac88bc1dadfeed813c2be6,raspberry,97
66ac88bc1dadfeed813c2be6,wavylays,1
66ac88bc1dadfeed813c2be6,chocolatewafer,1
66ac88bc1dadfeed813c2be6,darkchocolate,2
66ac88bc1dadfeed813c2be6,swisscheese,83
66ac88bc1dadfeed813c2be6,caramel,11
66ac88bc1dadfeed813c2be6,blackberry,99
66ac88bc1dadfeed813c2be6,lemoncake,7
66ac88bc1dadfeed813c2be6,ritzcracker,2
66ac88bc1dadfeed813c2be6,twistdonut,1
66ac88bc1dadfeed813c2be6,twix,4
66ac88bc1dadfeed813c2be6,honeydewmelon,82
66ac88bc1dadfeed813c2be6,sugarcookie,15
66af5de74d6ff97799fee03e,twix,23
66af5de74d6ff97799fee03e,gouda,25
66af5de74d6ff97799fee03e,ritzcracker,44
66af5de74d6ff97799fee03e,kiwi,26
66af5de74d6ff97799fee03e,chocolatewafer,33
66af5de74d6ff97799fee03e,vanillasoftservecone,13
66af5de74d6ff97799fee03e,orange,53
66af5de74d6ff97799fee03e,grape,70
66af5de74d6ff97799fee03e,raspberry,70
66af5de74d6ff97799fee03e,eggrolls,26
66af5de74d6ff97799fee03e,greenbellpepper,40
66af5de74d6ff97799fee03e,peanutmms,22
66af5de74d6ff97799fee03e,blackberry,68
66af5de74d6ff97799fee03e,cherry,73
66af5de74d6ff97799fee03e,plum,81
66af5de74d6ff97799fee03e,potatochips,74
66af5de74d6ff97799fee03e,strawberryicecreamcone,12
66af5de74d6ff97799fee03e,brownie,18
66af5de74d6ff97799fee03e,wheatthins,38
66af5de74d6ff97799fee03e,swisscheese,19
66af5de74d6ff97799fee03e,tortillachips,16
66af5de74d6ff97799fee03e,meatballs,33
66af5de74d6ff97799fee03e,nutrigrainbar,11
66af5de74d6ff97799fee03e,toblerone,9
66af5de74d6ff97799fee03e,caramel,10
66af5de74d6ff97799fee03e,pocky,6
66af5de74d6ff97799fee03e,milkchocolate,23
66af5de74d6ff97799fee03e,wavylays,13
66af5de74d6ff97799fee03e,peach,61
66af5de74d6ff97799fee03e,baguette,32
66af5de74d6ff97799fee03e,boulebread,29
66af5de74d6ff97799fee03e,deliturkey,29
66af5de74d6ff97799fee03e,doritos,19
66af5de74d6ff97799fee03e,oatmealraisincookie,40
66af5de74d6ff97799fee03e,chocolatebark,25
66af5de74d6ff97799fee03e,ryebread,20
66af5de74d6ff97799fee03e,churro,26
66af5de74d6ff97799fee03e,lindtlindorchocolatetruffle,11
66af5de74d6ff97799fee03e,apple,61
66af5de74d6ff97799fee03e,vanillawafer,27
66af5de74d6ff97799fee03e,sugarcookie,41
66af5de74d6ff97799fee03e,twistdonut,59
66af5de74d6ff97799fee03e,triscuits,7
66af5de74d6ff97799fee03e,slicedloafbread,8
66af5de74d6ff97799fee03e,honeydewmelon,10
66af5de74d6ff97799fee03e,almonds,15
66af5de74d6ff97799fee03e,chocolateicecreamcone,11
66af5de74d6ff97799fee03e,frostedbrownie,13
66af5de74d6ff97799fee03e,tuilecookie,15
66af5de74d6ff97799fee03e,lemoncake,18
66af5de74d6ff97799fee03e,madeleine,58
66af5de74d6ff97799fee03e,frenchfries,68
66af5de74d6ff97799fee03e,saltinecracker,38
66af5de74d6ff97799fee03e,butteredpopcorn,43
66af5de74d6ff97799fee03e,thumprintcookie,33
66af5de74d6ff97799fee03e,darkchocolate,9
66af5de74d6ff97799fee03e,peanuts,10
66af5de74d6ff97799fee03e,chickentenders,69
66af5de74d6ff97799fee03e,goldendeliciousapple,71
66af5de74d6ff97799fee03e,carrot,45
66b3dfae8606cb2c7c0b826c,strawberryicecreamcone,1
66b3dfae8606cb2c7c0b826c,wavylays,1
66b3dfae8606cb2c7c0b826c,twix,8
66b3dfae8606cb2c7c0b826c,oatmealraisincookie,25
66b3dfae8606cb2c7c0b826c,lemoncake,1
66b3dfae8606cb2c7c0b826c,chocolateicecreamcone,34
66b3dfae8606cb2c7c0b826c,chocolatebark,6
66b3dfae8606cb2c7c0b826c,brownie,15
66b3dfae8606cb2c7c0b826c,potatochips,1
66b3dfae8606cb2c7c0b826c,swisscheese,1
66b3dfae8606cb2c7c0b826c,honeydewmelon,85
66b3dfae8606cb2c7c0b826c,chocolatewafer,1
66b3dfae8606cb2c7c0b826c,twistdonut,4
66b3dfae8606cb2c7c0b826c,meatballs,1
66b3dfae8606cb2c7c0b826c,tortillachips,8
66b3dfae8606cb2c7c0b826c,orange,100
66b3dfae8606cb2c7c0b826c,vanillawafer,2
66b3dfae8606cb2c7c0b826c,lindtlindorchocolatetruffle,1
66b3dfae8606cb2c7c0b826c,tuilecookie,1
66b3dfae8606cb2c7c0b826c,milkchocolate,3
66b3dfae8606cb2c7c0b826c,ryebread,81
66b3dfae8606cb2c7c0b826c,carrot,100
66b3dfae8606cb2c7c0b826c,pocky,1
66b3dfae8606cb2c7c0b826c,sugarcookie,5
66b3dfae8606cb2c7c0b826c,eggrolls,2
66b3dfae8606cb2c7c0b826c,caramel,4
66b3dfae8606cb2c7c0b826c,saltinecracker,83
66b3dfae8606cb2c7c0b826c,chickentenders,1
66b3dfae8606cb2c7c0b826c,butteredpopcorn,25
66b3dfae8606cb2c7c0b826c,slicedloafbread,1
66b3dfae8606cb2c7c0b826c,madeleine,2
66b3dfae8606cb2c7c0b826c,darkchocolate,33
66b3dfae8606cb2c7c0b826c,raspberry,99
66b3dfae8606cb2c7c0b826c,boulebread,44
66b3dfae8606cb2c7c0b826c,goldendeliciousapple,100
66b3dfae8606cb2c7c0b826c,churro,1
66b3dfae8606cb2c7c0b826c,thumprintcookie,6
66b3dfae8606cb2c7c0b826c,apple,100
66b3dfae8606cb2c7c0b826c,frostedbrownie,15
66b3dfae8606cb2c7c0b826c,blackberry,100
66b3dfae8606cb2c7c0b826c,peach,100
66b3dfae8606cb2c7c0b826c,grape,98
66b3dfae8606cb2c7c0b826c,plum,98
66b3dfae8606cb2c7c0b826c,wheatthins,41
66b3dfae8606cb2c7c0b826c,almonds,99
66b3dfae8606cb2c7c0b826c,vanillasoftservecone,44
66b3dfae8606cb2c7c0b826c,baguette,1
66b3dfae8606cb2c7c0b826c,peanuts,99
66b3dfae8606cb2c7c0b826c,peanutmms,31
66b3dfae8606cb2c7c0b826c,kiwi,93
66b3dfae8606cb2c7c0b826c,triscuits,68
66b3dfae8606cb2c7c0b826c,doritos,35
66b3dfae8606cb2c7c0b826c,cherry,95
66b3dfae8606cb2c7c0b826c,deliturkey,1
66b3dfae8606cb2c7c0b826c,toblerone,1
66b3dfae8606cb2c7c0b826c,greenbellpepper,3
66b3dfae8606cb2c7c0b826c,gouda,1
66b3dfae8606cb2c7c0b826c,ritzcracker,29
66b3dfae8606cb2c7c0b826c,frenchfries,1
66b3dfae8606cb2c7c0b826c,nutrigrainbar,31
66b435b1d2d981a3ab684c2d,chocolatewafer,75
66b435b1d2d981a3ab684c2d,frenchfries,100
66b435b1d2d981a3ab684c2d,darkchocolate,88
66b435b1d2d981a3ab684c2d,peanutmms,55
66b435b1d2d981a3ab684c2d,lemoncake,59
66b435b1d2d981a3ab684c2d,meatballs,88
66b435b1d2d981a3ab684c2d,tortillachips,61
66b435b1d2d981a3ab684c2d,pocky,54
66b435b1d2d981a3ab684c2d,honeydewmelon,19
66b435b1d2d981a3ab684c2d,frostedbrownie,100
66b435b1d2d981a3ab684c2d,thumprintcookie,1
66b435b1d2d981a3ab684c2d,carrot,84
66b435b1d2d981a3ab684c2d,saltinecracker,59
66b435b1d2d981a3ab684c2d,greenbellpepper,59
66b435b1d2d981a3ab684c2d,swisscheese,100
66b435b1d2d981a3ab684c2d,orange,60
66b435b1d2d981a3ab684c2d,chocolateicecreamcone,100
66b435b1d2d981a3ab684c2d,vanillasoftservecone,100
66b435b1d2d981a3ab684c2d,goldendeliciousapple,2
66b435b1d2d981a3ab684c2d,potatochips,85
66b435b1d2d981a3ab684c2d,apple,16
66b435b1d2d981a3ab684c2d,madeleine,53
66b435b1d2d981a3ab684c2d,ritzcracker,50
66b435b1d2d981a3ab684c2d,baguette,100
66b435b1d2d981a3ab684c2d,raspberry,1
66b435b1d2d981a3ab684c2d,sugarcookie,49
66b435b1d2d981a3ab684c2d,chickentenders,100
66b435b1d2d981a3ab684c2d,milkchocolate,84
66b435b1d2d981a3ab684c2d,wheatthins,86
66b435b1d2d981a3ab684c2d,oatmealraisincookie,94
66b435b1d2d981a3ab684c2d,nutrigrainbar,1
66b435b1d2d981a3ab684c2d,almonds,53
66b435b1d2d981a3ab684c2d,twistdonut,55
66b435b1d2d981a3ab684c2d,toblerone,54
66b435b1d2d981a3ab684c2d,peach,1
66b435b1d2d981a3ab684c2d,cherry,1
66b435b1d2d981a3ab684c2d,caramel,25
66b435b1d2d981a3ab684c2d,boulebread,100
66b435b1d2d981a3ab684c2d,chocolatebark,52
66b435b1d2d981a3ab684c2d,grape,1
66b435b1d2d981a3ab684c2d,twix,79
66b435b1d2d981a3ab684c2d,peanuts,52
66b435b1d2d981a3ab684c2d,triscuits,61
66b435b1d2d981a3ab684c2d,kiwi,1
66b435b1d2d981a3ab684c2d,slicedloafbread,42
66b435b1d2d981a3ab684c2d,brownie,100
66b435b1d2d981a3ab684c2d,blackberry,1
66b435b1d2d981a3ab684c2d,strawberryicecreamcone,1
66b435b1d2d981a3ab684c2d,lindtlindorchocolatetruffle,40
66b435b1d2d981a3ab684c2d,eggrolls,7
66b435b1d2d981a3ab684c2d,gouda,77
66b435b1d2d981a3ab684c2d,churro,77
66b435b1d2d981a3ab684c2d,doritos,85
66b435b1d2d981a3ab684c2d,wavylays,87
66b435b1d2d981a3ab684c2d,vanillawafer,90
66b435b1d2d981a3ab684c2d,butteredpopcorn,87
66b435b1d2d981a3ab684c2d,plum,1
66b435b1d2d981a3ab684c2d,deliturkey,6
66b435b1d2d981a3ab684c2d,ryebread,11
66b435b1d2d981a3ab684c2d,tuilecookie,10
66b95807f4d05a33d21e6e7f,peanutmms,100
66b95807f4d05a33d21e6e7f,swisscheese,79
66b95807f4d05a33d21e6e7f,wavylays,47
66b95807f4d05a33d21e6e7f,honeydewmelon,64
66b95807f4d05a33d21e6e7f,meatballs,12
66b95807f4d05a33d21e6e7f,milkchocolate,89
66b95807f4d05a33d21e6e7f,frenchfries,41
66b95807f4d05a33d21e6e7f,apple,57
66b95807f4d05a33d21e6e7f,kiwi,71
66b95807f4d05a33d21e6e7f,gouda,67
66b95807f4d05a33d21e6e7f,baguette,100
66b95807f4d05a33d21e6e7f,plum,85
66b95807f4d05a33d21e6e7f,ritzcracker,36
66b95807f4d05a33d21e6e7f,lemoncake,21
66b95807f4d05a33d21e6e7f,brownie,65
66b95807f4d05a33d21e6e7f,grape,82
66b95807f4d05a33d21e6e7f,lindtlindorchocolatetruffle,38
66b95807f4d05a33d21e6e7f,carrot,57
66b95807f4d05a33d21e6e7f,thumprintcookie,20
66b95807f4d05a33d21e6e7f,blackberry,91
66b95807f4d05a33d21e6e7f,greenbellpepper,46
66b95807f4d05a33d21e6e7f,goldendeliciousapple,61
66b95807f4d05a33d21e6e7f,eggrolls,47
66b95807f4d05a33d21e6e7f,raspberry,74
66b95807f4d05a33d21e6e7f,pocky,45
66b95807f4d05a33d21e6e7f,slicedloafbread,22
66b95807f4d05a33d21e6e7f,vanillawafer,38
66b95807f4d05a33d21e6e7f,strawberryicecreamcone,83
66b95807f4d05a33d21e6e7f,chickentenders,68
66b95807f4d05a33d21e6e7f,ryebread,65
66b95807f4d05a33d21e6e7f,toblerone,92
66b95807f4d05a33d21e6e7f,nutrigrainbar,5
66b95807f4d05a33d21e6e7f,tuilecookie,36
66b95807f4d05a33d21e6e7f,saltinecracker,64
66b95807f4d05a33d21e6e7f,cherry,100
66b95807f4d05a33d21e6e7f,boulebread,59
66b95807f4d05a33d21e6e7f,orange,93
66b95807f4d05a33d21e6e7f,wheatthins,37
66b95807f4d05a33d21e6e7f,sugarcookie,46
66b95807f4d05a33d21e6e7f,darkchocolate,57
66b95807f4d05a33d21e6e7f,tortillachips,26
66b95807f4d05a33d21e6e7f,madeleine,95
66b95807f4d05a33d21e6e7f,peach,100
66b95807f4d05a33d21e6e7f,caramel,75
66b95807f4d05a33d21e6e7f,oatmealraisincookie,29
66b95807f4d05a33d21e6e7f,chocolatewafer,76
66b95807f4d05a33d21e6e7f,potatochips,40
66b95807f4d05a33d21e6e7f,peanuts,64
66b95807f4d05a33d21e6e7f,frostedbrownie,71
66b95807f4d05a33d21e6e7f,chocolatebark,59
66b95807f4d05a33d21e6e7f,butteredpopcorn,32
66b95807f4d05a33d21e6e7f,deliturkey,78
66b95807f4d05a33d21e6e7f,twistdonut,10
66b95807f4d05a33d21e6e7f,doritos,40
66b95807f4d05a33d21e6e7f,churro,55
66b95807f4d05a33d21e6e7f,triscuits,58
66b95807f4d05a33d21e6e7f,chocolateicecreamcone,63
66b95807f4d05a33d21e6e7f,twix,64
66b95807f4d05a33d21e6e7f,vanillasoftservecone,65
66b95807f4d05a33d21e6e7f,almonds,70
66ccb4b5272f83f89a284318,butteredpopcorn,90
66ccb4b5272f83f89a284318,baguette,85
66ccb4b5272f83f89a284318,swisscheese,51
66ccb4b5272f83f89a284318,chocolatebark,71
66ccb4b5272f83f89a284318,wavylays,97
66ccb4b5272f83f89a284318,lindtlindorchocolatetruffle,98
66ccb4b5272f83f89a284318,carrot,22
66ccb4b5272f83f89a284318,boulebread,18
66ccb4b5272f83f89a284318,eggrolls,55
66ccb4b5272f83f89a284318,slicedloafbread,56
66ccb4b5272f83f89a284318,frenchfries,91
66ccb4b5272f83f89a284318,caramel,59
66ccb4b5272f83f89a284318,honeydewmelon,65
66ccb4b5272f83f89a284318,oatmealraisincookie,97
66ccb4b5272f83f89a284318,frostedbrownie,98
66ccb4b5272f83f89a284318,triscuits,80
66ccb4b5272f83f89a284318,wheatthins,86
66ccb4b5272f83f89a284318,tortillachips,98
66ccb4b5272f83f89a284318,chocolatewafer,96
66ccb4b5272f83f89a284318,twix,97
66ccb4b5272f83f89a284318,strawberryicecreamcone,97
66ccb4b5272f83f89a284318,vanillasoftservecone,97
66ccb4b5272f83f89a284318,gouda,52
66ccb4b5272f83f89a284318,vanillawafer,96
66ccb4b5272f83f89a284318,brownie,98
66ccb4b5272f83f89a284318,almonds,97
66ccb4b5272f83f89a284318,apple,95
66ccb4b5272f83f89a284318,grape,97
66ccb4b5272f83f89a284318,peanutmms,100
66ccb4b5272f83f89a284318,madeleine,82
66ccb4b5272f83f89a284318,cherry,84
66ccb4b5272f83f89a284318,churro,98
66ccb4b5272f83f89a284318,ritzcracker,91
66ccb4b5272f83f89a284318,greenbellpepper,16
66ccb4b5272f83f89a284318,thumprintcookie,87
66ccb4b5272f83f89a284318,goldendeliciousapple,95
66ccb4b5272f83f89a284318,blackberry,91
66ccb4b5272f83f89a284318,peach,92
66ccb4b5272f83f89a284318,orange,92
66ccb4b5272f83f89a284318,lemoncake,96
66ccb4b5272f83f89a284318,twistdonut,100
66ccb4b5272f83f89a284318,meatballs,97
66ccb4b5272f83f89a284318,potatochips,99
66ccb4b5272f83f89a284318,saltinecracker,98
66ccb4b5272f83f89a284318,plum,85
66ccb4b5272f83f89a284318,pocky,62
66ccb4b5272f83f89a284318,deliturkey,81
66ccb4b5272f83f89a284318,toblerone,88
66ccb4b5272f83f89a284318,peanuts,89
66ccb4b5272f83f89a284318,doritos,98
66ccb4b5272f83f89a284318,ryebread,68
66ccb4b5272f83f89a284318,kiwi,94
66ccb4b5272f83f89a284318,milkchocolate,99
66ccb4b5272f83f89a284318,darkchocolate,98
66ccb4b5272f83f89a284318,raspberry,97
66ccb4b5272f83f89a284318,chickentenders,97
66ccb4b5272f83f89a284318,sugarcookie,91
66ccb4b5272f83f89a284318,tuilecookie,97
66ccb4b5272f83f89a284318,chocolateicecreamcone,99
66ccb4b5272f83f89a284318,nutrigrainbar,84
66d84e02c99eb8bbe8a3eb70,chocolatebark,90
66d84e02c99eb8bbe8a3eb70,frenchfries,100
66d84e02c99eb8bbe8a3eb70,peanutmms,32
66d84e02c99eb8bbe8a3eb70,orange,16
66d84e02c99eb8bbe8a3eb70,twix,65
66d84e02c99eb8bbe8a3eb70,goldendeliciousapple,84
66d84e02c99eb8bbe8a3eb70,oatmealraisincookie,100
66d84e02c99eb8bbe8a3eb70,potatochips,100
66d84e02c99eb8bbe8a3eb70,slicedloafbread,72
66d84e02c99eb8bbe8a3eb70,blackberry,56
66d84e02c99eb8bbe8a3eb70,brownie,59
66d84e02c99eb8bbe8a3eb70,tortillachips,23
66d84e02c99eb8bbe8a3eb70,madeleine,70
66d84e02c99eb8bbe8a3eb70,triscuits,85
66d84e02c99eb8bbe8a3eb70,milkchocolate,52
66d84e02c99eb8bbe8a3eb70,darkchocolate,56
66d84e02c99eb8bbe8a3eb70,wheatthins,84
66d84e02c99eb8bbe8a3eb70,almonds,100
66d84e02c99eb8bbe8a3eb70,apple,83
66d84e02c99eb8bbe8a3eb70,baguette,70
66d84e02c99eb8bbe8a3eb70,eggrolls,66
66d84e02c99eb8bbe8a3eb70,doritos,23
66d84e02c99eb8bbe8a3eb70,butteredpopcorn,100
66d84e02c99eb8bbe8a3eb70,sugarcookie,47
66d84e02c99eb8bbe8a3eb70,chocolateicecreamcone,100
66d84e02c99eb8bbe8a3eb70,lemoncake,67
66d84e02c99eb8bbe8a3eb70,grape,39
66d84e02c99eb8bbe8a3eb70,ritzcracker,80
66d84e02c99eb8bbe8a3eb70,tuilecookie,50
66d84e02c99eb8bbe8a3eb70,kiwi,67
66d84e02c99eb8bbe8a3eb70,cherry,48
66d84e02c99eb8bbe8a3eb70,raspberry,47
66d84e02c99eb8bbe8a3eb70,peach,34
66d84e02c99eb8bbe8a3eb70,swisscheese,76
66d84e02c99eb8bbe8a3eb70,greenbellpepper,20
66d84e02c99eb8bbe8a3eb70,boulebread,88
66d84e02c99eb8bbe8a3eb70,vanillasoftservecone,82
66d84e02c99eb8bbe8a3eb70,vanillawafer,49
66d84e02c99eb8bbe8a3eb70,chickentenders,100
66d84e02c99eb8bbe8a3eb70,deliturkey,67
66d84e02c99eb8bbe8a3eb70,carrot,57
66d84e02c99eb8bbe8a3eb70,churro,63
66d84e02c99eb8bbe8a3eb70,plum,56
66d84e02c99eb8bbe8a3eb70,meatballs,55
66d84e02c99eb8bbe8a3eb70,pocky,54
66d84e02c99eb8bbe8a3eb70,chocolatewafer,48
66d84e02c99eb8bbe8a3eb70,frostedbrownie,72
66d84e02c99eb8bbe8a3eb70,peanuts,43
66d84e02c99eb8bbe8a3eb70,saltinecracker,77
66d84e02c99eb8bbe8a3eb70,honeydewmelon,65
66d84e02c99eb8bbe8a3eb70,wavylays,100
66d84e02c99eb8bbe8a3eb70,lindtlindorchocolatetruffle,66
66d84e02c99eb8bbe8a3eb70,twistdonut,74
66d84e02c99eb8bbe8a3eb70,ryebread,83
66d84e02c99eb8bbe8a3eb70,thumprintcookie,60
66d84e02c99eb8bbe8a3eb70,toblerone,90
66d84e02c99eb8bbe8a3eb70,nutrigrainbar,79
66d84e02c99eb8bbe8a3eb70,caramel,62
66d84e02c99eb8bbe8a3eb70,strawberryicecreamcone,29
66d84e02c99eb8bbe8a3eb70,gouda,31
66d9869a4e9051cdf5d16fa3,chocolateicecreamcone,50
66d9869a4e9051cdf5d16fa3,plum,15
66d9869a4e9051cdf5d16fa3,milkchocolate,100
66d9869a4e9051cdf5d16fa3,sugarcookie,100
66d9869a4e9051cdf5d16fa3,madeleine,37
66d9869a4e9051cdf5d16fa3,raspberry,55
66d9869a4e9051cdf5d16fa3,peanuts,23
66d9869a4e9051cdf5d16fa3,tortillachips,28
66d9869a4e9051cdf5d16fa3,carrot,4
66d9869a4e9051cdf5d16fa3,wavylays,41
66d9869a4e9051cdf5d16fa3,saltinecracker,40
66d9869a4e9051cdf5d16fa3,swisscheese,24
66d9869a4e9051cdf5d16fa3,tuilecookie,30
66d9869a4e9051cdf5d16fa3,wheatthins,22
66d9869a4e9051cdf5d16fa3,kiwi,66
66d9869a4e9051cdf5d16fa3,twix,86
66d9869a4e9051cdf5d16fa3,toblerone,76
66d9869a4e9051cdf5d16fa3,cherry,62
66d9869a4e9051cdf5d16fa3,nutrigrainbar,38
66d9869a4e9051cdf5d16fa3,frenchfries,60
66d9869a4e9051cdf5d16fa3,grape,70
66d9869a4e9051cdf5d16fa3,orange,52
66d9869a4e9051cdf5d16fa3,goldendeliciousapple,58
66d9869a4e9051cdf5d16fa3,lindtlindorchocolatetruffle,54
66d9869a4e9051cdf5d16fa3,ryebread,4
66d9869a4e9051cdf5d16fa3,gouda,6
66d9869a4e9051cdf5d16fa3,blackberry,61
66d9869a4e9051cdf5d16fa3,oatmealraisincookie,80
66d9869a4e9051cdf5d16fa3,apple,60
66d9869a4e9051cdf5d16fa3,churro,85
66d9869a4e9051cdf5d16fa3,lemoncake,100
66d9869a4e9051cdf5d16fa3,deliturkey,29
66d9869a4e9051cdf5d16fa3,frostedbrownie,100
66d9869a4e9051cdf5d16fa3,twistdonut,76
66d9869a4e9051cdf5d16fa3,caramel,85
66d9869a4e9051cdf5d16fa3,chocolatewafer,94
66d9869a4e9051cdf5d16fa3,chocolatebark,82
66d9869a4e9051cdf5d16fa3,greenbellpepper,30
66d9869a4e9051cdf5d16fa3,doritos,42
66d9869a4e9051cdf5d16fa3,brownie,94
66d9869a4e9051cdf5d16fa3,vanillawafer,74
66d9869a4e9051cdf5d16fa3,potatochips,58
66d9869a4e9051cdf5d16fa3,almonds,14
66d9869a4e9051cdf5d16fa3,chickentenders,16
66d9869a4e9051cdf5d16fa3,thumprintcookie,56
66d9869a4e9051cdf5d16fa3,meatballs,13
66d9869a4e9051cdf5d16fa3,darkchocolate,68
66d9869a4e9051cdf5d16fa3,boulebread,2
66d9869a4e9051cdf5d16fa3,baguette,19
66d9869a4e9051cdf5d16fa3,strawberryicecreamcone,78
66d9869a4e9051cdf5d16fa3,peach,52
66d9869a4e9051cdf5d16fa3,eggrolls,40
66d9869a4e9051cdf5d16fa3,peanutmms,65
66d9869a4e9051cdf5d16fa3,butteredpopcorn,16
66d9869a4e9051cdf5d16fa3,slicedloafbread,1
66d9869a4e9051cdf5d16fa3,ritzcracker,3
66d9869a4e9051cdf5d16fa3,pocky,22
66d9869a4e9051cdf5d16fa3,triscuits,1
66d9869a4e9051cdf5d16fa3,vanillasoftservecone,59
66d9869a4e9051cdf5d16fa3,honeydewmelon,61
66d9f188cb9e1a9a3a40015d,toblerone,58
66d9f188cb9e1a9a3a40015d,triscuits,68
66d9f188cb9e1a9a3a40015d,wavylays,87
66d9f188cb9e1a9a3a40015d,peach,27
66d9f188cb9e1a9a3a40015d,peanuts,5
66d9f188cb9e1a9a3a40015d,frenchfries,95
66d9f188cb9e1a9a3a40015d,orange,81
66d9f188cb9e1a9a3a40015d,swisscheese,94
66d9f188cb9e1a9a3a40015d,tuilecookie,12
66d9f188cb9e1a9a3a40015d,grape,75
66d9f188cb9e1a9a3a40015d,slicedloafbread,37
66d9f188cb9e1a9a3a40015d,milkchocolate,15
66d9f188cb9e1a9a3a40015d,cherry,14
66d9f188cb9e1a9a3a40015d,pocky,44
66d9f188cb9e1a9a3a40015d,honeydewmelon,74
66d9f188cb9e1a9a3a40015d,potatochips,92
66d9f188cb9e1a9a3a40015d,plum,62
66d9f188cb9e1a9a3a40015d,twix,71
66d9f188cb9e1a9a3a40015d,sugarcookie,8
66d9f188cb9e1a9a3a40015d,darkchocolate,8
66d9f188cb9e1a9a3a40015d,thumprintcookie,4
66d9f188cb9e1a9a3a40015d,strawberryicecreamcone,50
66d9f188cb9e1a9a3a40015d,madeleine,10
66d9f188cb9e1a9a3a40015d,chocolatebark,25
66d9f188cb9e1a9a3a40015d,gouda,45
66d9f188cb9e1a9a3a40015d,chocolatewafer,30
66d9f188cb9e1a9a3a40015d,carrot,63
66d9f188cb9e1a9a3a40015d,frostedbrownie,18
66d9f188cb9e1a9a3a40015d,baguette,69
66d9f188cb9e1a9a3a40015d,tortillachips,47
66d9f188cb9e1a9a3a40015d,oatmealraisincookie,26
66d9f188cb9e1a9a3a40015d,vanillawafer,14
66d9f188cb9e1a9a3a40015d,wheatthins,67
66d9f188cb9e1a9a3a40015d,butteredpopcorn,16
66d9f188cb9e1a9a3a40015d,eggrolls,80
66d9f188cb9e1a9a3a40015d,twistdonut,8
66d9f188cb9e1a9a3a40015d,nutrigrainbar,2
66d9f188cb9e1a9a3a40015d,lindtlindorchocolatetruffle,3
66d9f188cb9e1a9a3a40015d,saltinecracker,60
66d9f188cb9e1a9a3a40015d,apple,81
66d9f188cb9e1a9a3a40015d,meatballs,69
66d9f188cb9e1a9a3a40015d,raspberry,80
66d9f188cb9e1a9a3a40015d,doritos,88
66d9f188cb9e1a9a3a40015d,deliturkey,36
66d9f188cb9e1a9a3a40015d,almonds,88
66d9f188cb9e1a9a3a40015d,vanillasoftservecone,54
66d9f188cb9e1a9a3a40015d,ritzcracker,95
66d9f188cb9e1a9a3a40015d,lemoncake,3
66d9f188cb9e1a9a3a40015d,churro,25
66d9f188cb9e1a9a3a40015d,blackberry,70
66d9f188cb9e1a9a3a40015d,chocolateicecreamcone,37
66d9f188cb9e1a9a3a40015d,brownie,5
66d9f188cb9e1a9a3a40015d,kiwi,40
66d9f188cb9e1a9a3a40015d,ryebread,31
66d9f188cb9e1a9a3a40015d,peanutmms,15
66d9f188cb9e1a9a3a40015d,chickentenders,97
66d9f188cb9e1a9a3a40015d,greenbellpepper,48
66d9f188cb9e1a9a3a40015d,goldendeliciousapple,90
66d9f188cb9e1a9a3a40015d,caramel,3
66d9f188cb9e1a9a3a40015d,boulebread,60
66dad383980bc872c801ed55,brownie,41
66dad383980bc872c801ed55,wheatthins,47
66dad383980bc872c801ed55,ritzcracker,38
66dad383980bc872c801ed55,eggrolls,83
66dad383980bc872c801ed55,chocolatebark,58
66dad383980bc872c801ed55,potatochips,28
66dad383980bc872c801ed55,churro,47
66dad383980bc872c801ed55,meatballs,64
66dad383980bc872c801ed55,sugarcookie,32
66dad383980bc872c801ed55,goldendeliciousapple,26
66dad383980bc872c801ed55,frostedbrownie,33
66dad383980bc872c801ed55,raspberry,26
66dad383980bc872c801ed55,strawberryicecreamcone,39
66dad383980bc872c801ed55,vanillawafer,45
66dad383980bc872c801ed55,chocolatewafer,58
66dad383980bc872c801ed55,darkchocolate,89
66dad383980bc872c801ed55,saltinecracker,26
66dad383980bc872c801ed55,frenchfries,25
66dad383980bc872c801ed55,nutrigrainbar,26
66dad383980bc872c801ed55,grape,50
66dad383980bc872c801ed55,lemoncake,51
66dad383980bc872c801ed55,twix,20
66dad383980bc872c801ed55,pocky,70
66dad383980bc872c801ed55,madeleine,48
66dad383980bc872c801ed55,tuilecookie,53
66dad383980bc872c801ed55,honeydewmelon,40
66dad383980bc872c801ed55,vanillasoftservecone,34
66dad383980bc872c801ed55,orange,62
66dad383980bc872c801ed55,wavylays,22
66dad383980bc872c801ed55,apple,57
66dad383980bc872c801ed55,plum,61
66dad383980bc872c801ed55,swisscheese,100
66dad383980bc872c801ed55,doritos,32
66dad383980bc872c801ed55,gouda,80
66dad383980bc872c801ed55,kiwi,17
66dad383980bc872c801ed55,twistdonut,65
66dad383980bc872c801ed55,baguette,57
66dad383980bc872c801ed55,deliturkey,91
66dad383980bc872c801ed55,caramel,11
66dad383980bc872c801ed55,lindtlindorchocolatetruffle,77
66dad383980bc872c801ed55,toblerone,45
66dad383980bc872c801ed55,milkchocolate,15
66dad383980bc872c801ed55,tortillachips,15
66dad383980bc872c801ed55,ryebread,62
66dad383980bc872c801ed55,carrot,8
66dad383980bc872c801ed55,triscuits,15
66dad383980bc872c801ed55,greenbellpepper,79
66dad383980bc872c801ed55,peach,94
66dad383980bc872c801ed55,boulebread,72
66dad383980bc872c801ed55,thumprintcookie,48
66dad383980bc872c801ed55,peanuts,63
66dad383980bc872c801ed55,oatmealraisincookie,12
66dad383980bc872c801ed55,cherry,51
66dad383980bc872c801ed55,butteredpopcorn,77
66dad383980bc872c801ed55,peanutmms,47
66dad383980bc872c801ed55,slicedloafbread,22
66dad383980bc872c801ed55,chickentenders,61
66dad383980bc872c801ed55,blackberry,15
66dad383980bc872c801ed55,almonds,67
66dad383980bc872c801ed55,chocolateicecreamcone,87
66e7aac02fdbefe8fcb9b4e3,boulebread,40
66e7aac02fdbefe8fcb9b4e3,eggrolls,32
66e7aac02fdbefe8fcb9b4e3,grape,77
66e7aac02fdbefe8fcb9b4e3,butteredpopcorn,57
66e7aac02fdbefe8fcb9b4e3,saltinecracker,32
66e7aac02fdbefe8fcb9b4e3,greenbellpepper,54
66e7aac02fdbefe8fcb9b4e3,thumprintcookie,46
66e7aac02fdbefe8fcb9b4e3,potatochips,44
66e7aac02fdbefe8fcb9b4e3,twistdonut,49
66e7aac02fdbefe8fcb9b4e3,goldendeliciousapple,76
66e7aac02fdbefe8fcb9b4e3,peanutmms,58
66e7aac02fdbefe8fcb9b4e3,lemoncake,47
66e7aac02fdbefe8fcb9b4e3,ryebread,48
66e7aac02fdbefe8fcb9b4e3,frenchfries,46
66e7aac02fdbefe8fcb9b4e3,peach,80
66e7aac02fdbefe8fcb9b4e3,deliturkey,1
66e7aac02fdbefe8fcb9b4e3,pocky,60
66e7aac02fdbefe8fcb9b4e3,carrot,79
66e7aac02fdbefe8fcb9b4e3,honeydewmelon,72
66e7aac02fdbefe8fcb9b4e3,sugarcookie,49
66e7aac02fdbefe8fcb9b4e3,brownie,28
66e7aac02fdbefe8fcb9b4e3,lindtlindorchocolatetruffle,48
66e7aac02fdbefe8fcb9b4e3,slicedloafbread,49
66e7aac02fdbefe8fcb9b4e3,baguette,64
66e7aac02fdbefe8fcb9b4e3,triscuits,67
66e7aac02fdbefe8fcb9b4e3,doritos,48
66e7aac02fdbefe8fcb9b4e3,milkchocolate,63
66e7aac02fdbefe8fcb9b4e3,tuilecookie,46
66e7aac02fdbefe8fcb9b4e3,twix,48
66e7aac02fdbefe8fcb9b4e3,darkchocolate,91
66e7aac02fdbefe8fcb9b4e3,churro,39
66e7aac02fdbefe8fcb9b4e3,wavylays,51
66e7aac02fdbefe8fcb9b4e3,peanuts,81
66e7aac02fdbefe8fcb9b4e3,ritzcracker,25
66e7aac02fdbefe8fcb9b4e3,gouda,79
66e7aac02fdbefe8fcb9b4e3,chocolatewafer,67
66e7aac02fdbefe8fcb9b4e3,wheatthins,26
66e7aac02fdbefe8fcb9b4e3,oatmealraisincookie,21
66e7aac02fdbefe8fcb9b4e3,chocolatebark,56
66e7aac02fdbefe8fcb9b4e3,strawberryicecreamcone,18
66e7aac02fdbefe8fcb9b4e3,orange,83
66e7aac02fdbefe8fcb9b4e3,swisscheese,81
66e7aac02fdbefe8fcb9b4e3,kiwi,84
66e7aac02fdbefe8fcb9b4e3,raspberry,92
66e7aac02fdbefe8fcb9b4e3,caramel,55
66e7aac02fdbefe8fcb9b4e3,nutrigrainbar,38
66e7aac02fdbefe8fcb9b4e3,plum,91
66e7aac02fdbefe8fcb9b4e3,chocolateicecreamcone,41
66e7aac02fdbefe8fcb9b4e3,apple,97
66e7aac02fdbefe8fcb9b4e3,madeleine,50
66e7aac02fdbefe8fcb9b4e3,meatballs,1
66e7aac02fdbefe8fcb9b4e3,toblerone,45
66e7aac02fdbefe8fcb9b4e3,vanillasoftservecone,64
66e7aac02fdbefe8fcb9b4e3,tortillachips,42
66e7aac02fdbefe8fcb9b4e3,blackberry,90
66e7aac02fdbefe8fcb9b4e3,vanillawafer,39
66e7aac02fdbefe8fcb9b4e3,almonds,93
66e7aac02fdbefe8fcb9b4e3,chickentenders,1
66e7aac02fdbefe8fcb9b4e3,cherry,96
66e7aac02fdbefe8fcb9b4e3,frostedbrownie,29
66eb51de76ab92d31be03fbb,eggrolls,18
66eb51de76ab92d31be03fbb,meatballs,10
66eb51de76ab92d31be03fbb,kiwi,28
66eb51de76ab92d31be03fbb,peanutmms,27
66eb51de76ab92d31be03fbb,thumprintcookie,1
66eb51de76ab92d31be03fbb,potatochips,31
66eb51de76ab92d31be03fbb,pocky,24
66eb51de76ab92d31be03fbb,tuilecookie,19
66eb51de76ab92d31be03fbb,baguette,73
66eb51de76ab92d31be03fbb,gouda,14
66eb51de76ab92d31be03fbb,twistdonut,52
66eb51de76ab92d31be03fbb,ryebread,45
66eb51de76ab92d31be03fbb,darkchocolate,22
66eb51de76ab92d31be03fbb,ritzcracker,4
66eb51de76ab92d31be03fbb,wheatthins,8
66eb51de76ab92d31be03fbb,vanillawafer,30
66eb51de76ab92d31be03fbb,caramel,1
66eb51de76ab92d31be03fbb,goldendeliciousapple,5
66eb51de76ab92d31be03fbb,chickentenders,51
66eb51de76ab92d31be03fbb,chocolatebark,22
66eb51de76ab92d31be03fbb,oatmealraisincookie,10
66eb51de76ab92d31be03fbb,nutrigrainbar,5
66eb51de76ab92d31be03fbb,honeydewmelon,31
66eb51de76ab92d31be03fbb,swisscheese,13
66eb51de76ab92d31be03fbb,peach,32
66eb51de76ab92d31be03fbb,doritos,28
66eb51de76ab92d31be03fbb,frenchfries,71
66eb51de76ab92d31be03fbb,cherry,68
66eb51de76ab92d31be03fbb,slicedloafbread,49
66eb51de76ab92d31be03fbb,milkchocolate,33
66eb51de76ab92d31be03fbb,madeleine,54
66eb51de76ab92d31be03fbb,sugarcookie,7
66eb51de76ab92d31be03fbb,wavylays,20
66eb51de76ab92d31be03fbb,lindtlindorchocolatetruffle,20
66eb51de76ab92d31be03fbb,tortillachips,38
66eb51de76ab92d31be03fbb,vanillasoftservecone,78
66eb51de76ab92d31be03fbb,frostedbrownie,27
66eb51de76ab92d31be03fbb,butteredpopcorn,12
66eb51de76ab92d31be03fbb,twix,5
66eb51de76ab92d31be03fbb,chocolatewafer,27
66eb51de76ab92d31be03fbb,lemoncake,21
66eb51de76ab92d31be03fbb,churro,67
66eb51de76ab92d31be03fbb,apple,11
66eb51de76ab92d31be03fbb,carrot,34
66eb51de76ab92d31be03fbb,strawberryicecreamcone,67
66eb51de76ab92d31be03fbb,toblerone,1
66eb51de76ab92d31be03fbb,almonds,77
66eb51de76ab92d31be03fbb,chocolateicecreamcone,66
66eb51de76ab92d31be03fbb,saltinecracker,2
66eb51de76ab92d31be03fbb,deliturkey,61
66eb51de76ab92d31be03fbb,grape,23
66eb51de76ab92d31be03fbb,plum,31
66eb51de76ab92d31be03fbb,boulebread,49
66eb51de76ab92d31be03fbb,greenbellpepper,39
66eb51de76ab92d31be03fbb,peanuts,1
66eb51de76ab92d31be03fbb,triscuits,15
66eb51de76ab92d31be03fbb,brownie,17
66eb51de76ab92d31be03fbb,raspberry,79
66eb51de76ab92d31be03fbb,orange,50
66eb51de76ab92d31be03fbb,blackberry,88
66ed6bba745fee41cbe32310,darkchocolate,65
66ed6bba745fee41cbe32310,goldendeliciousapple,43
66ed6bba745fee41cbe32310,wavylays,70
66ed6bba745fee41cbe32310,peach,5
66ed6bba745fee41cbe32310,ryebread,12
66ed6bba745fee41cbe32310,slicedloafbread,34
66ed6bba745fee41cbe32310,kiwi,11
66ed6bba745fee41cbe32310,deliturkey,87
66ed6bba745fee41cbe32310,tortillachips,42
66ed6bba745fee41cbe32310,strawberryicecreamcone,45
66ed6bba745fee41cbe32310,boulebread,26
66ed6bba745fee41cbe32310,churro,86
66ed6bba745fee41cbe32310,toblerone,77
66ed6bba745fee41cbe32310,twix,72
66ed6bba745fee41cbe32310,orange,50
66ed6bba745fee41cbe32310,madeleine,29
66ed6bba745fee41cbe32310,brownie,76
66ed6bba745fee41cbe32310,apple,38
66ed6bba745fee41cbe32310,chickentenders,100
66ed6bba745fee41cbe32310,cherry,1
66ed6bba745fee41cbe32310,blackberry,34
66ed6bba745fee41cbe32310,chocolatebark,45
66ed6bba745fee41cbe32310,doritos,74
66ed6bba745fee41cbe32310,thumprintcookie,34
66ed6bba745fee41cbe32310,ritzcracker,74
66ed6bba745fee41cbe32310,raspberry,24
66ed6bba745fee41cbe32310,meatballs,73
66ed6bba745fee41cbe32310,chocolatewafer,87
66ed6bba745fee41cbe32310,oatmealraisincookie,3
66ed6bba745fee41cbe32310,lemoncake,62
66ed6bba745fee41cbe32310,vanillasoftservecone,60
66ed6bba745fee41cbe32310,saltinecracker,10
66ed6bba745fee41cbe32310,plum,3
66ed6bba745fee41cbe32310,lindtlindorchocolatetruffle,72
66ed6bba745fee41cbe32310,grape,100
66ed6bba745fee41cbe32310,triscuits,2
66ed6bba745fee41cbe32310,peanuts,76
66ed6bba745fee41cbe32310,frostedbrownie,95
66ed6bba745fee41cbe32310,vanillawafer,34
66ed6bba745fee41cbe32310,eggrolls,64
66ed6bba745fee41cbe32310,sugarcookie,76
66ed6bba745fee41cbe32310,baguette,8
66ed6bba745fee41cbe32310,peanutmms,18
66ed6bba745fee41cbe32310,frenchfries,100
66ed6bba745fee41cbe32310,wheatthins,3
66ed6bba745fee41cbe32310,greenbellpepper,51
66ed6bba745fee41cbe32310,honeydewmelon,19
66ed6bba745fee41cbe32310,almonds,72
66ed6bba745fee41cbe32310,chocolateicecreamcone,68
66ed6bba745fee41cbe32310,potatochips,83
66ed6bba745fee41cbe32310,tuilecookie,2
66ed6bba745fee41cbe32310,milkchocolate,91
66ed6bba745fee41cbe32310,caramel,68
66ed6bba745fee41cbe32310,swisscheese,83
66ed6bba745fee41cbe32310,gouda,87
66ed6bba745fee41cbe32310,butteredpopcorn,10
66ed6bba745fee41cbe32310,carrot,58
66ed6bba745fee41cbe32310,nutrigrainbar,38
66ed6bba745fee41cbe32310,pocky,11
66ed6bba745fee41cbe32310,twistdonut,52
6705995e39d905d5d13b3ddf,toblerone,69
6705995e39d905d5d13b3ddf,wavylays,72
6705995e39d905d5d13b3ddf,tuilecookie,78
6705995e39d905d5d13b3ddf,ryebread,42
6705995e39d905d5d13b3ddf,blackberry,64
6705995e39d905d5d13b3ddf,oatmealraisincookie,76
6705995e39d905d5d13b3ddf,frenchfries,81
6705995e39d905d5d13b3ddf,peanutmms,70
6705995e39d905d5d13b3ddf,carrot,22
6705995e39d905d5d13b3ddf,raspberry,58
6705995e39d905d5d13b3ddf,thumprintcookie,68
6705995e39d905d5d13b3ddf,meatballs,55
6705995e39d905d5d13b3ddf,boulebread,26
6705995e39d905d5d13b3ddf,orange,77
6705995e39d905d5d13b3ddf,goldendeliciousapple,82
6705995e39d905d5d13b3ddf,baguette,38
6705995e39d905d5d13b3ddf,greenbellpepper,18
6705995e39d905d5d13b3ddf,butteredpopcorn,77
6705995e39d905d5d13b3ddf,darkchocolate,74
6705995e39d905d5d13b3ddf,saltinecracker,51
6705995e39d905d5d13b3ddf,lindtlindorchocolatetruffle,80
6705995e39d905d5d13b3ddf,twistdonut,91
6705995e39d905d5d13b3ddf,vanillasoftservecone,91
6705995e39d905d5d13b3ddf,madeleine,93
6705995e39d905d5d13b3ddf,chocolateicecreamcone,94
6705995e39d905d5d13b3ddf,pocky,90
6705995e39d905d5d13b3ddf,chocolatewafer,92
6705995e39d905d5d13b3ddf,sugarcookie,84
6705995e39d905d5d13b3ddf,honeydewmelon,55
6705995e39d905d5d13b3ddf,vanillawafer,87
6705995e39d905d5d13b3ddf,kiwi,75
6705995e39d905d5d13b3ddf,potatochips,64
6705995e39d905d5d13b3ddf,doritos,72
6705995e39d905d5d13b3ddf,tortillachips,77
6705995e39d905d5d13b3ddf,deliturkey,50
6705995e39d905d5d13b3ddf,triscuits,70
6705995e39d905d5d13b3ddf,apple,65
6705995e39d905d5d13b3ddf,swisscheese,29
6705995e39d905d5d13b3ddf,cherry,59
6705995e39d905d5d13b3ddf,gouda,62
6705995e39d905d5d13b3ddf,chocolatebark,51
6705995e39d905d5d13b3ddf,slicedloafbread,30
6705995e39d905d5d13b3ddf,chickentenders,65
6705995e39d905d5d13b3ddf,ritzcracker,76
6705995e39d905d5d13b3ddf,almonds,55
6705995e39d905d5d13b3ddf,lemoncake,92
6705995e39d905d5d13b3ddf,milkchocolate,92
6705995e39d905d5d13b3ddf,nutrigrainbar,15
6705995e39d905d5d13b3ddf,plum,74
6705995e39d905d5d13b3ddf,frostedbrownie,89
6705995e39d905d5d13b3ddf,brownie,81
6705995e39d905d5d13b3ddf,peanuts,32
6705995e39d905d5d13b3ddf,peach,74
6705995e39d905d5d13b3ddf,wheatthins,47
6705995e39d905d5d13b3ddf,caramel,64
6705995e39d905d5d13b3ddf,churro,92
6705995e39d905d5d13b3ddf,eggrolls,62
6705995e39d905d5d13b3ddf,twix,92
6705995e39d905d5d13b3ddf,grape,75
6705995e39d905d5d13b3ddf,strawberryicecreamcone,87
6717c3c692d456ef49830cd2,almonds,88
6717c3c692d456ef49830cd2,grape,89
6717c3c692d456ef49830cd2,darkchocolate,19
6717c3c692d456ef49830cd2,boulebread,1
6717c3c692d456ef49830cd2,milkchocolate,10
6717c3c692d456ef49830cd2,baguette,1
6717c3c692d456ef49830cd2,lemoncake,1
6717c3c692d456ef49830cd2,sugarcookie,1
6717c3c692d456ef49830cd2,toblerone,1
6717c3c692d456ef49830cd2,ritzcracker,1
6717c3c692d456ef49830cd2,apple,100
6717c3c692d456ef49830cd2,nutrigrainbar,63
6717c3c692d456ef49830cd2,goldendeliciousapple,100
6717c3c692d456ef49830cd2,wheatthins,1
6717c3c692d456ef49830cd2,pocky,1
6717c3c692d456ef49830cd2,tuilecookie,1
6717c3c692d456ef49830cd2,kiwi,100
6717c3c692d456ef49830cd2,lindtlindorchocolatetruffle,1
6717c3c692d456ef49830cd2,peanutmms,25
6717c3c692d456ef49830cd2,triscuits,1
6717c3c692d456ef49830cd2,vanillasoftservecone,54
6717c3c692d456ef49830cd2,plum,100
6717c3c692d456ef49830cd2,madeleine,1
6717c3c692d456ef49830cd2,eggrolls,74
6717c3c692d456ef49830cd2,peach,100
6717c3c692d456ef49830cd2,chocolatewafer,15
6717c3c692d456ef49830cd2,cherry,100
6717c3c692d456ef49830cd2,vanillawafer,9
6717c3c692d456ef49830cd2,twistdonut,8
6717c3c692d456ef49830cd2,potatochips,19
6717c3c692d456ef49830cd2,swisscheese,91
6717c3c692d456ef49830cd2,chickentenders,71
6717c3c692d456ef49830cd2,deliturkey,100
6717c3c692d456ef49830cd2,honeydewmelon,100
6717c3c692d456ef49830cd2,ryebread,2
6717c3c692d456ef49830cd2,peanuts,93
6717c3c692d456ef49830cd2,saltinecracker,5
6717c3c692d456ef49830cd2,brownie,1
6717c3c692d456ef49830cd2,frostedbrownie,1
6717c3c692d456ef49830cd2,slicedloafbread,1
6717c3c692d456ef49830cd2,thumprintcookie,1
6717c3c692d456ef49830cd2,chocolateicecreamcone,1
6717c3c692d456ef49830cd2,churro,19
6717c3c692d456ef49830cd2,wavylays,12
6717c3c692d456ef49830cd2,twix,26
6717c3c692d456ef49830cd2,frenchfries,39
6717c3c692d456ef49830cd2,greenbellpepper,91
6717c3c692d456ef49830cd2,caramel,35
6717c3c692d456ef49830cd2,oatmealraisincookie,37
6717c3c692d456ef49830cd2,doritos,35
6717c3c692d456ef49830cd2,chocolatebark,1
6717c3c692d456ef49830cd2,tortillachips,13
6717c3c692d456ef49830cd2,carrot,99
6717c3c692d456ef49830cd2,blackberry,100
6717c3c692d456ef49830cd2,meatballs,93
6717c3c692d456ef49830cd2,gouda,90
6717c3c692d456ef49830cd2,raspberry,100
6717c3c692d456ef49830cd2,strawberryicecreamcone,70
6717c3c692d456ef49830cd2,butteredpopcorn,30
6717c3c692d456ef49830cd2,orange,100
6719945077484a73423ae558,darkchocolate,10
6719945077484a73423ae558,saltinecracker,11
6719945077484a73423ae558,peanutmms,52
6719945077484a73423ae558,kiwi,73
6719945077484a73423ae558,lindtlindorchocolatetruffle,9
6719945077484a73423ae558,tuilecookie,32
6719945077484a73423ae558,cherry,66
6719945077484a73423ae558,almonds,97
6719945077484a73423ae558,toblerone,48
6719945077484a73423ae558,madeleine,48
6719945077484a73423ae558,oatmealraisincookie,67
6719945077484a73423ae558,vanillawafer,23
6719945077484a73423ae558,chocolatewafer,21
6719945077484a73423ae558,swisscheese,36
6719945077484a73423ae558,frenchfries,51
6719945077484a73423ae558,strawberryicecreamcone,55
6719945077484a73423ae558,wheatthins,64
6719945077484a73423ae558,twix,57
6719945077484a73423ae558,orange,69
6719945077484a73423ae558,twistdonut,49
6719945077484a73423ae558,lemoncake,41
6719945077484a73423ae558,apple,68
6719945077484a73423ae558,peach,73
6719945077484a73423ae558,nutrigrainbar,63
6719945077484a73423ae558,blackberry,72
6719945077484a73423ae558,potatochips,45
6719945077484a73423ae558,baguette,45
6719945077484a73423ae558,caramel,52
6719945077484a73423ae558,chocolatebark,50
6719945077484a73423ae558,raspberry,68
6719945077484a73423ae558,thumprintcookie,49
6719945077484a73423ae558,goldendeliciousapple,71
6719945077484a73423ae558,peanuts,60
6719945077484a73423ae558,boulebread,37
6719945077484a73423ae558,frostedbrownie,43
6719945077484a73423ae558,honeydewmelon,68
6719945077484a73423ae558,vanillasoftservecone,29
6719945077484a73423ae558,deliturkey,51
6719945077484a73423ae558,brownie,43
6719945077484a73423ae558,doritos,54
6719945077484a73423ae558,meatballs,54
6719945077484a73423ae558,plum,77
6719945077484a73423ae558,wavylays,48
6719945077484a73423ae558,carrot,62
6719945077484a73423ae558,milkchocolate,37
6719945077484a73423ae558,ryebread,32
6719945077484a73423ae558,sugarcookie,30
6719945077484a73423ae558,ritzcracker,17
6719945077484a73423ae558,tortillachips,61
6719945077484a73423ae558,gouda,52
6719945077484a73423ae558,slicedloafbread,33
6719945077484a73423ae558,chocolateicecreamcone,33
6719945077484a73423ae558,chickentenders,55
6719945077484a73423ae558,triscuits,59
6719945077484a73423ae558,eggrolls,56
6719945077484a73423ae558,butteredpopcorn,55
6719945077484a73423ae558,churro,38
6719945077484a73423ae558,grape,87
6719945077484a73423ae558,pocky,13
6719945077484a73423ae558,greenbellpepper,28
672106975d7804ed478646dd,churro,85
672106975d7804ed478646dd,frenchfries,100
672106975d7804ed478646dd,nutrigrainbar,60
672106975d7804ed478646dd,madeleine,78
672106975d7804ed478646dd,thumprintcookie,74
672106975d7804ed478646dd,chocolatebark,87
672106975d7804ed478646dd,chickentenders,100
672106975d7804ed478646dd,chocolateicecreamcone,62
672106975d7804ed478646dd,vanillawafer,61
672106975d7804ed478646dd,orange,73
672106975d7804ed478646dd,goldendeliciousapple,69
672106975d7804ed478646dd,butteredpopcorn,74
672106975d7804ed478646dd,sugarcookie,80
672106975d7804ed478646dd,triscuits,88
672106975d7804ed478646dd,ritzcracker,59
672106975d7804ed478646dd,plum,68
672106975d7804ed478646dd,peanutmms,89
672106975d7804ed478646dd,raspberry,94
672106975d7804ed478646dd,wavylays,83
672106975d7804ed478646dd,ryebread,36
672106975d7804ed478646dd,strawberryicecreamcone,63
672106975d7804ed478646dd,saltinecracker,15
672106975d7804ed478646dd,darkchocolate,89
672106975d7804ed478646dd,tortillachips,89
672106975d7804ed478646dd,tuilecookie,40
672106975d7804ed478646dd,deliturkey,35
672106975d7804ed478646dd,apple,60
672106975d7804ed478646dd,slicedloafbread,6
672106975d7804ed478646dd,almonds,66
672106975d7804ed478646dd,swisscheese,57
672106975d7804ed478646dd,caramel,92
672106975d7804ed478646dd,frostedbrownie,80
672106975d7804ed478646dd,honeydewmelon,82
672106975d7804ed478646dd,peanuts,59
672106975d7804ed478646dd,carrot,73
672106975d7804ed478646dd,twistdonut,59
672106975d7804ed478646dd,oatmealraisincookie,33
672106975d7804ed478646dd,toblerone,92
672106975d7804ed478646dd,pocky,28
672106975d7804ed478646dd,eggrolls,90
672106975d7804ed478646dd,twix,92
672106975d7804ed478646dd,vanillasoftservecone,36
672106975d7804ed478646dd,potatochips,100
672106975d7804ed478646dd,chocolatewafer,92
672106975d7804ed478646dd,lindtlindorchocolatetruffle,94
672106975d7804ed478646dd,boulebread,16
672106975d7804ed478646dd,doritos,100
672106975d7804ed478646dd,peach,89
672106975d7804ed478646dd,lemoncake,71
672106975d7804ed478646dd,kiwi,76
672106975d7804ed478646dd,grape,90
672106975d7804ed478646dd,brownie,93
672106975d7804ed478646dd,wheatthins,59
672106975d7804ed478646dd,cherry,81
672106975d7804ed478646dd,gouda,75
672106975d7804ed478646dd,greenbellpepper,67
672106975d7804ed478646dd,baguette,100
672106975d7804ed478646dd,blackberry,91
672106975d7804ed478646dd,meatballs,8
672106975d7804ed478646dd,milkchocolate,84
673b958d1ad263025885d7ab,peanutmms,82
673b958d1ad263025885d7ab,honeydewmelon,1
673b958d1ad263025885d7ab,nutrigrainbar,45
673b958d1ad263025885d7ab,tuilecookie,54
673b958d1ad263025885d7ab,ritzcracker,54
673b958d1ad263025885d7ab,wheatthins,79
673b958d1ad263025885d7ab,peach,94
673b958d1ad263025885d7ab,pocky,67
673b958d1ad263025885d7ab,strawberryicecreamcone,76
673b958d1ad263025885d7ab,potatochips,12
673b958d1ad263025885d7ab,carrot,92
673b958d1ad263025885d7ab,frenchfries,52
673b958d1ad263025885d7ab,triscuits,1
673b958d1ad263025885d7ab,chickentenders,1
673b958d1ad263025885d7ab,grape,98
673b958d1ad263025885d7ab,vanillasoftservecone,99
673b958d1ad263025885d7ab,oatmealraisincookie,71
673b958d1ad263025885d7ab,boulebread,59
673b958d1ad263025885d7ab,vanillawafer,85
673b958d1ad263025885d7ab,apple,50
673b958d1ad263025885d7ab,chocolatewafer,86
673b958d1ad263025885d7ab,kiwi,87
673b958d1ad263025885d7ab,brownie,95
673b958d1ad263025885d7ab,greenbellpepper,58
673b958d1ad263025885d7ab,deliturkey,1
673b958d1ad263025885d7ab,peanuts,10
673b958d1ad263025885d7ab,almonds,82
673b958d1ad263025885d7ab,meatballs,1
673b958d1ad263025885d7ab,toblerone,96
673b958d1ad263025885d7ab,chocolateicecreamcone,80
673b958d1ad263025885d7ab,wavylays,30
673b958d1ad263025885d7ab,gouda,19
673b958d1ad263025885d7ab,orange,12
673b958d1ad263025885d7ab,twix,20
673b958d1ad263025885d7ab,goldendeliciousapple,21
673b958d1ad263025885d7ab,frostedbrownie,100
673b958d1ad263025885d7ab,cherry,70
673b958d1ad263025885d7ab,sugarcookie,39
673b958d1ad263025885d7ab,baguette,42
673b958d1ad263025885d7ab,swisscheese,1
673b958d1ad263025885d7ab,raspberry,81
673b958d1ad263025885d7ab,tortillachips,9
673b958d1ad263025885d7ab,chocolatebark,94
673b958d1ad263025885d7ab,doritos,68
673b958d1ad263025885d7ab,madeleine,31
673b958d1ad263025885d7ab,butteredpopcorn,31
673b958d1ad263025885d7ab,slicedloafbread,1
673b958d1ad263025885d7ab,ryebread,71
673b958d1ad263025885d7ab,milkchocolate,19
673b958d1ad263025885d7ab,eggrolls,8
673b958d1ad263025885d7ab,churro,30
673b958d1ad263025885d7ab,thumprintcookie,13
673b958d1ad263025885d7ab,saltinecracker,1
673b958d1ad263025885d7ab,darkchocolate,51
673b958d1ad263025885d7ab,lemoncake,77
673b958d1ad263025885d7ab,blackberry,82
673b958d1ad263025885d7ab,caramel,1
673b958d1ad263025885d7ab,plum,95
673b958d1ad263025885d7ab,lindtlindorchocolatetruffle,100
673b958d1ad263025885d7ab,twistdonut,17
6740ff6c64f4f8e0f255aaa1,ritzcracker,51
6740ff6c64f4f8e0f255aaa1,slicedloafbread,12
6740ff6c64f4f8e0f255aaa1,frostedbrownie,72
6740ff6c64f4f8e0f255aaa1,churro,100
6740ff6c64f4f8e0f255aaa1,chocolatebark,67
6740ff6c64f4f8e0f255aaa1,wavylays,20
6740ff6c64f4f8e0f255aaa1,strawberryicecreamcone,86
6740ff6c64f4f8e0f255aaa1,lindtlindorchocolatetruffle,29
6740ff6c64f4f8e0f255aaa1,nutrigrainbar,75
6740ff6c64f4f8e0f255aaa1,tortillachips,13
6740ff6c64f4f8e0f255aaa1,goldendeliciousapple,38
6740ff6c64f4f8e0f255aaa1,apple,47
6740ff6c64f4f8e0f255aaa1,deliturkey,46
6740ff6c64f4f8e0f255aaa1,sugarcookie,23
6740ff6c64f4f8e0f255aaa1,grape,83
6740ff6c64f4f8e0f255aaa1,madeleine,12
6740ff6c64f4f8e0f255aaa1,ryebread,3
6740ff6c64f4f8e0f255aaa1,potatochips,13
6740ff6c64f4f8e0f255aaa1,twix,100
6740ff6c64f4f8e0f255aaa1,chocolateicecreamcone,86
6740ff6c64f4f8e0f255aaa1,baguette,26
6740ff6c64f4f8e0f255aaa1,carrot,1
6740ff6c64f4f8e0f255aaa1,twistdonut,77
6740ff6c64f4f8e0f255aaa1,tuilecookie,74
6740ff6c64f4f8e0f255aaa1,vanillawafer,11
6740ff6c64f4f8e0f255aaa1,thumprintcookie,10
6740ff6c64f4f8e0f255aaa1,meatballs,7
6740ff6c64f4f8e0f255aaa1,almonds,17
6740ff6c64f4f8e0f255aaa1,blackberry,100
6740ff6c64f4f8e0f255aaa1,triscuits,63
6740ff6c64f4f8e0f255aaa1,swisscheese,75
6740ff6c64f4f8e0f255aaa1,darkchocolate,7
6740ff6c64f4f8e0f255aaa1,caramel,100
6740ff6c64f4f8e0f255aaa1,milkchocolate,69
6740ff6c64f4f8e0f255aaa1,oatmealraisincookie,50
6740ff6c64f4f8e0f255aaa1,kiwi,36
6740ff6c64f4f8e0f255aaa1,chickentenders,75
6740ff6c64f4f8e0f255aaa1,greenbellpepper,50
6740ff6c64f4f8e0f255aaa1,butteredpopcorn,99
6740ff6c64f4f8e0f255aaa1,peach,35
6740ff6c64f4f8e0f255aaa1,boulebread,74
6740ff6c64f4f8e0f255aaa1,plum,71
6740ff6c64f4f8e0f255aaa1,frenchfries,69
6740ff6c64f4f8e0f255aaa1,chocolatewafer,12
6740ff6c64f4f8e0f255aaa1,peanutmms,95
6740ff6c64f4f8e0f255aaa1,eggrolls,80
6740ff6c64f4f8e0f255aaa1,orange,28
6740ff6c64f4f8e0f255aaa1,gouda,33
6740ff6c64f4f8e0f255aaa1,peanuts,35
6740ff6c64f4f8e0f255aaa1,toblerone,70
6740ff6c64f4f8e0f255aaa1,pocky,73
6740ff6c64f4f8e0f255aaa1,raspberry,73
6740ff6c64f4f8e0f255aaa1,saltinecracker,33
6740ff6c64f4f8e0f255aaa1,wheatthins,58
6740ff6c64f4f8e0f255aaa1,vanillasoftservecone,80
6740ff6c64f4f8e0f255aaa1,lemoncake,50
6740ff6c64f4f8e0f255aaa1,doritos,22
6740ff6c64f4f8e0f255aaa1,brownie,82
6740ff6c64f4f8e0f255aaa1,honeydewmelon,68
6740ff6c64f4f8e0f255aaa1,cherry,16
6741063bde26746348734b67,gouda,80
6741063bde26746348734b67,thumprintcookie,16
6741063bde26746348734b67,saltinecracker,46
6741063bde26746348734b67,butteredpopcorn,35
6741063bde26746348734b67,caramel,15
6741063bde26746348734b67,baguette,70
6741063bde26746348734b67,lemoncake,64
6741063bde26746348734b67,darkchocolate,58
6741063bde26746348734b67,plum,68
6741063bde26746348734b67,boulebread,20
6741063bde26746348734b67,kiwi,96
6741063bde26746348734b67,strawberryicecreamcone,87
6741063bde26746348734b67,madeleine,68
6741063bde26746348734b67,chocolatebark,19
6741063bde26746348734b67,peanuts,52
6741063bde26746348734b67,meatballs,9
6741063bde26746348734b67,toblerone,54
6741063bde26746348734b67,apple,71
6741063bde26746348734b67,orange,85
6741063bde26746348734b67,doritos,50
6741063bde26746348734b67,potatochips,66
6741063bde26746348734b67,wavylays,59
6741063bde26746348734b67,chocolateicecreamcone,89
6741063bde26746348734b67,wheatthins,58
6741063bde26746348734b67,peanutmms,64
6741063bde26746348734b67,frenchfries,69
6741063bde26746348734b67,greenbellpepper,63
6741063bde26746348734b67,vanillasoftservecone,79
6741063bde26746348734b67,deliturkey,48
6741063bde26746348734b67,honeydewmelon,32
6741063bde26746348734b67,ritzcracker,60
6741063bde26746348734b67,ryebread,25
6741063bde26746348734b67,eggrolls,59
6741063bde26746348734b67,chocolatewafer,67
6741063bde26746348734b67,almonds,49
6741063bde26746348734b67,cherry,85
6741063bde26746348734b67,pocky,28
6741063bde26746348734b67,goldendeliciousapple,76
6741063bde26746348734b67,carrot,30
6741063bde26746348734b67,oatmealraisincookie,27
6741063bde26746348734b67,lindtlindorchocolatetruffle,45
6741063bde26746348734b67,brownie,40
6741063bde26746348734b67,churro,72
6741063bde26746348734b67,twistdonut,64
6741063bde26746348734b67,swisscheese,43
6741063bde26746348734b67,tortillachips,60
6741063bde26746348734b67,nutrigrainbar,29
6741063bde26746348734b67,vanillawafer,66
6741063bde26746348734b67,frostedbrownie,58
6741063bde26746348734b67,tuilecookie,52
6741063bde26746348734b67,slicedloafbread,46
6741063bde26746348734b67,grape,70
6741063bde26746348734b67,sugarcookie,43
6741063bde26746348734b67,triscuits,10
6741063bde26746348734b67,twix,41
6741063bde26746348734b67,chickentenders,72
6741063bde26746348734b67,blackberry,53
6741063bde26746348734b67,raspberry,59
6741063bde26746348734b67,milkchocolate,64
6741063bde26746348734b67,peach,50
674247be8631586ff0a9ab46,honeydewmelon,100
674247be8631586ff0a9ab46,triscuits,75
674247be8631586ff0a9ab46,brownie,79
674247be8631586ff0a9ab46,sugarcookie,48
674247be8631586ff0a9ab46,darkchocolate,51
674247be8631586ff0a9ab46,boulebread,47
674247be8631586ff0a9ab46,chickentenders,77
674247be8631586ff0a9ab46,apple,80
674247be8631586ff0a9ab46,strawberryicecreamcone,29
674247be8631586ff0a9ab46,peanuts,69
674247be8631586ff0a9ab46,swisscheese,69
674247be8631586ff0a9ab46,tuilecookie,42
674247be8631586ff0a9ab46,potatochips,50
674247be8631586ff0a9ab46,greenbellpepper,60
674247be8631586ff0a9ab46,madeleine,56
674247be8631586ff0a9ab46,goldendeliciousapple,58
674247be8631586ff0a9ab46,lindtlindorchocolatetruffle,39
674247be8631586ff0a9ab46,plum,47
674247be8631586ff0a9ab46,tortillachips,54
674247be8631586ff0a9ab46,saltinecracker,64
674247be8631586ff0a9ab46,twix,61
674247be8631586ff0a9ab46,thumprintcookie,60
674247be8631586ff0a9ab46,oatmealraisincookie,54
674247be8631586ff0a9ab46,almonds,58
674247be8631586ff0a9ab46,toblerone,57
674247be8631586ff0a9ab46,blackberry,50
674247be8631586ff0a9ab46,ritzcracker,51
674247be8631586ff0a9ab46,chocolateicecreamcone,63
674247be8631586ff0a9ab46,frenchfries,52
674247be8631586ff0a9ab46,frostedbrownie,55
674247be8631586ff0a9ab46,wheatthins,54
674247be8631586ff0a9ab46,butteredpopcorn,52
674247be8631586ff0a9ab46,peach,53
674247be8631586ff0a9ab46,peanutmms,59
674247be8631586ff0a9ab46,baguette,53
674247be8631586ff0a9ab46,doritos,48
674247be8631586ff0a9ab46,vanillawafer,50
674247be8631586ff0a9ab46,lemoncake,47
674247be8631586ff0a9ab46,caramel,52
674247be8631586ff0a9ab46,ryebread,19
674247be8631586ff0a9ab46,eggrolls,62
674247be8631586ff0a9ab46,pocky,10
674247be8631586ff0a9ab46,orange,35
674247be8631586ff0a9ab46,deliturkey,61
674247be8631586ff0a9ab46,gouda,47
674247be8631586ff0a9ab46,grape,55
674247be8631586ff0a9ab46,twistdonut,32
674247be8631586ff0a9ab46,churro,85
674247be8631586ff0a9ab46,kiwi,34
674247be8631586ff0a9ab46,chocolatebark,19
674247be8631586ff0a9ab46,raspberry,31
674247be8631586ff0a9ab46,nutrigrainbar,33
674247be8631586ff0a9ab46,meatballs,32
674247be8631586ff0a9ab46,carrot,83
674247be8631586ff0a9ab46,wavylays,33
674247be8631586ff0a9ab46,slicedloafbread,11
674247be8631586ff0a9ab46,chocolatewafer,45
674247be8631586ff0a9ab46,vanillasoftservecone,46
674247be8631586ff0a9ab46,cherry,82
674247be8631586ff0a9ab46,milkchocolate,69
674f3fc2381df434362b65a2,ryebread,61
674f3fc2381df434362b65a2,toblerone,32
674f3fc2381df434362b65a2,frostedbrownie,13
674f3fc2381df434362b65a2,chocolatewafer,16
674f3fc2381df434362b65a2,meatballs,79
674f3fc2381df434362b65a2,pocky,20
674f3fc2381df434362b65a2,darkchocolate,9
674f3fc2381df434362b65a2,twistdonut,61
674f3fc2381df434362b65a2,wheatthins,50
674f3fc2381df434362b65a2,peach,86
674f3fc2381df434362b65a2,chickentenders,78
674f3fc2381df434362b65a2,nutrigrainbar,4
674f3fc2381df434362b65a2,honeydewmelon,87
674f3fc2381df434362b65a2,boulebread,84
674f3fc2381df434362b65a2,frenchfries,18
674f3fc2381df434362b65a2,cherry,5
674f3fc2381df434362b65a2,caramel,24
674f3fc2381df434362b65a2,blackberry,92
674f3fc2381df434362b65a2,slicedloafbread,2
674f3fc2381df434362b65a2,triscuits,50
674f3fc2381df434362b65a2,brownie,1
674f3fc2381df434362b65a2,baguette,57
674f3fc2381df434362b65a2,peanutmms,8
674f3fc2381df434362b65a2,oatmealraisincookie,10
674f3fc2381df434362b65a2,deliturkey,90
674f3fc2381df434362b65a2,milkchocolate,12
674f3fc2381df434362b65a2,sugarcookie,49
674f3fc2381df434362b65a2,raspberry,99
674f3fc2381df434362b65a2,saltinecracker,48
674f3fc2381df434362b65a2,strawberryicecreamcone,1
674f3fc2381df434362b65a2,twix,7
674f3fc2381df434362b65a2,kiwi,97
674f3fc2381df434362b65a2,lindtlindorchocolatetruffle,11
674f3fc2381df434362b65a2,plum,92
674f3fc2381df434362b65a2,grape,87
674f3fc2381df434362b65a2,thumprintcookie,24
674f3fc2381df434362b65a2,churro,7
674f3fc2381df434362b65a2,potatochips,1
674f3fc2381df434362b65a2,wavylays,12
674f3fc2381df434362b65a2,carrot,60
674f3fc2381df434362b65a2,butteredpopcorn,7
674f3fc2381df434362b65a2,ritzcracker,57
674f3fc2381df434362b65a2,swisscheese,60
674f3fc2381df434362b65a2,vanillasoftservecone,1
674f3fc2381df434362b65a2,gouda,70
674f3fc2381df434362b65a2,tortillachips,48
674f3fc2381df434362b65a2,madeleine,20
674f3fc2381df434362b65a2,greenbellpepper,77
674f3fc2381df434362b65a2,apple,86
674f3fc2381df434362b65a2,almonds,94
674f3fc2381df434362b65a2,vanillawafer,10
674f3fc2381df434362b65a2,chocolatebark,15
674f3fc2381df434362b65a2,eggrolls,18
674f3fc2381df434362b65a2,doritos,49
674f3fc2381df434362b65a2,orange,100
674f3fc2381df434362b65a2,chocolateicecreamcone,1
674f3fc2381df434362b65a2,tuilecookie,18
674f3fc2381df434362b65a2,lemoncake,1
674f3fc2381df434362b65a2,peanuts,87
674f3fc2381df434362b65a2,goldendeliciousapple,100
675c3fae9f1afa4c4207dab3,tortillachips,91
675c3fae9f1afa4c4207dab3,slicedloafbread,75
675c3fae9f1afa4c4207dab3,saltinecracker,45
675c3fae9f1afa4c4207dab3,potatochips,1
675c3fae9f1afa4c4207dab3,apple,10
675c3fae9f1afa4c4207dab3,caramel,48
675c3fae9f1afa4c4207dab3,raspberry,54
675c3fae9f1afa4c4207dab3,eggrolls,40
675c3fae9f1afa4c4207dab3,cherry,18
675c3fae9f1afa4c4207dab3,nutrigrainbar,62
675c3fae9f1afa4c4207dab3,frenchfries,64
675c3fae9f1afa4c4207dab3,lindtlindorchocolatetruffle,48
675c3fae9f1afa4c4207dab3,baguette,76
675c3fae9f1afa4c4207dab3,milkchocolate,76
675c3fae9f1afa4c4207dab3,brownie,70
675c3fae9f1afa4c4207dab3,meatballs,90
675c3fae9f1afa4c4207dab3,deliturkey,60
675c3fae9f1afa4c4207dab3,twix,100
675c3fae9f1afa4c4207dab3,chocolatebark,21
675c3fae9f1afa4c4207dab3,peach,23
675c3fae9f1afa4c4207dab3,oatmealraisincookie,60
675c3fae9f1afa4c4207dab3,chocolateicecreamcone,75
675c3fae9f1afa4c4207dab3,doritos,75
675c3fae9f1afa4c4207dab3,goldendeliciousapple,88
675c3fae9f1afa4c4207dab3,churro,60
675c3fae9f1afa4c4207dab3,orange,67
675c3fae9f1afa4c4207dab3,boulebread,46
675c3fae9f1afa4c4207dab3,blackberry,24
675c3fae9f1afa4c4207dab3,tuilecookie,28
675c3fae9f1afa4c4207dab3,ritzcracker,71
675c3fae9f1afa4c4207dab3,peanuts,33
675c3fae9f1afa4c4207dab3,madeleine,25
675c3fae9f1afa4c4207dab3,peanutmms,60
675c3fae9f1afa4c4207dab3,wavylays,66
675c3fae9f1afa4c4207dab3,grape,91
675c3fae9f1afa4c4207dab3,butteredpopcorn,75
675c3fae9f1afa4c4207dab3,vanillawafer,16
675c3fae9f1afa4c4207dab3,wheatthins,16
675c3fae9f1afa4c4207dab3,swisscheese,24
675c3fae9f1afa4c4207dab3,vanillasoftservecone,90
675c3fae9f1afa4c4207dab3,gouda,22
675c3fae9f1afa4c4207dab3,toblerone,23
675c3fae9f1afa4c4207dab3,pocky,49
675c3fae9f1afa4c4207dab3,sugarcookie,75
675c3fae9f1afa4c4207dab3,triscuits,28
675c3fae9f1afa4c4207dab3,lemoncake,49
675c3fae9f1afa4c4207dab3,kiwi,21
675c3fae9f1afa4c4207dab3,chocolatewafer,78
675c3fae9f1afa4c4207dab3,honeydewmelon,47
675c3fae9f1afa4c4207dab3,thumprintcookie,64
675c3fae9f1afa4c4207dab3,greenbellpepper,36
675c3fae9f1afa4c4207dab3,strawberryicecreamcone,82
675c3fae9f1afa4c4207dab3,ryebread,52
675c3fae9f1afa4c4207dab3,twistdonut,27
675c3fae9f1afa4c4207dab3,carrot,23
675c3fae9f1afa4c4207dab3,plum,27
675c3fae9f1afa4c4207dab3,chickentenders,98
675c3fae9f1afa4c4207dab3,frostedbrownie,78
675c3fae9f1afa4c4207dab3,almonds,20
675c3fae9f1afa4c4207dab3,darkchocolate,71
67608d216a687b28782853cf,kiwi,95
67608d216a687b28782853cf,churro,84
67608d216a687b28782853cf,twistdonut,12
67608d216a687b28782853cf,apple,91
67608d216a687b28782853cf,frenchfries,19
67608d216a687b28782853cf,slicedloafbread,5
67608d216a687b28782853cf,deliturkey,5
67608d216a687b28782853cf,almonds,6
67608d216a687b28782853cf,orange,91
67608d216a687b28782853cf,lemoncake,7
67608d216a687b28782853cf,chocolatewafer,7
67608d216a687b28782853cf,vanillasoftservecone,6
67608d216a687b28782853cf,greenbellpepper,9
67608d216a687b28782853cf,meatballs,8
67608d216a687b28782853cf,tortillachips,92
67608d216a687b28782853cf,plum,11
67608d216a687b28782853cf,milkchocolate,6
67608d216a687b28782853cf,wavylays,8
67608d216a687b28782853cf,grape,100
67608d216a687b28782853cf,tuilecookie,20
67608d216a687b28782853cf,saltinecracker,13
67608d216a687b28782853cf,vanillawafer,1
67608d216a687b28782853cf,ritzcracker,11
67608d216a687b28782853cf,triscuits,17
67608d216a687b28782853cf,butteredpopcorn,10
67608d216a687b28782853cf,toblerone,96
67608d216a687b28782853cf,peanutmms,85
67608d216a687b28782853cf,blackberry,17
67608d216a687b28782853cf,lindtlindorchocolatetruffle,8
67608d216a687b28782853cf,chocolateicecreamcone,12
67608d216a687b28782853cf,doritos,7
67608d216a687b28782853cf,honeydewmelon,95
67608d216a687b28782853cf,wheatthins,14
67608d216a687b28782853cf,eggrolls,94
67608d216a687b28782853cf,twix,92
67608d216a687b28782853cf,nutrigrainbar,10
67608d216a687b28782853cf,peanuts,13
67608d216a687b28782853cf,oatmealraisincookie,21
67608d216a687b28782853cf,brownie,12
67608d216a687b28782853cf,caramel,13
67608d216a687b28782853cf,pocky,10
67608d216a687b28782853cf,gouda,7
67608d216a687b28782853cf,goldendeliciousapple,89
67608d216a687b28782853cf,baguette,10
67608d216a687b28782853cf,sugarcookie,12
67608d216a687b28782853cf,madeleine,10
67608d216a687b28782853cf,strawberryicecreamcone,13
67608d216a687b28782853cf,chickentenders,16
67608d216a687b28782853cf,frostedbrownie,91
67608d216a687b28782853cf,raspberry,98
67608d216a687b28782853cf,swisscheese,5
67608d216a687b28782853cf,cherry,11
67608d216a687b28782853cf,chocolatebark,11
67608d216a687b28782853cf,boulebread,15
67608d216a687b28782853cf,peach,98
67608d216a687b28782853cf,potatochips,6
67608d216a687b28782853cf,darkchocolate,94
67608d216a687b28782853cf,thumprintcookie,8
67608d216a687b28782853cf,carrot,93
67608d216a687b28782853cf,ryebread,10
67625537f8654e0b5ef59c1c,peanuts,49
67625537f8654e0b5ef59c1c,lemoncake,32
67625537f8654e0b5ef59c1c,nutrigrainbar,97
67625537f8654e0b5ef59c1c,carrot,25
67625537f8654e0b5ef59c1c,darkchocolate,82
67625537f8654e0b5ef59c1c,slicedloafbread,19
67625537f8654e0b5ef59c1c,strawberryicecreamcone,100
67625537f8654e0b5ef59c1c,eggrolls,92
67625537f8654e0b5ef59c1c,boulebread,18
67625537f8654e0b5ef59c1c,tuilecookie,14
67625537f8654e0b5ef59c1c,vanillawafer,22
67625537f8654e0b5ef59c1c,triscuits,20
67625537f8654e0b5ef59c1c,twistdonut,17
67625537f8654e0b5ef59c1c,wavylays,24
67625537f8654e0b5ef59c1c,churro,5
67625537f8654e0b5ef59c1c,toblerone,83
67625537f8654e0b5ef59c1c,honeydewmelon,22
67625537f8654e0b5ef59c1c,plum,100
67625537f8654e0b5ef59c1c,cherry,100
67625537f8654e0b5ef59c1c,blackberry,10
67625537f8654e0b5ef59c1c,raspberry,14
67625537f8654e0b5ef59c1c,butteredpopcorn,100
67625537f8654e0b5ef59c1c,chickentenders,95
67625537f8654e0b5ef59c1c,twix,96
67625537f8654e0b5ef59c1c,deliturkey,6
67625537f8654e0b5ef59c1c,ritzcracker,94
67625537f8654e0b5ef59c1c,thumprintcookie,62
67625537f8654e0b5ef59c1c,peach,97
67625537f8654e0b5ef59c1c,frostedbrownie,85
67625537f8654e0b5ef59c1c,milkchocolate,87
67625537f8654e0b5ef59c1c,brownie,88
67625537f8654e0b5ef59c1c,goldendeliciousapple,84
67625537f8654e0b5ef59c1c,gouda,84
67625537f8654e0b5ef59c1c,chocolatewafer,96
67625537f8654e0b5ef59c1c,doritos,93
67625537f8654e0b5ef59c1c,frenchfries,56
67625537f8654e0b5ef59c1c,tortillachips,65
67625537f8654e0b5ef59c1c,ryebread,19
67625537f8654e0b5ef59c1c,chocolatebark,92
67625537f8654e0b5ef59c1c,pocky,1
67625537f8654e0b5ef59c1c,wheatthins,43
67625537f8654e0b5ef59c1c,kiwi,76
67625537f8654e0b5ef59c1c,orange,100
67625537f8654e0b5ef59c1c,meatballs,82
67625537f8654e0b5ef59c1c,apple,100
67625537f8654e0b5ef59c1c,caramel,40
67625537f8654e0b5ef59c1c,lindtlindorchocolatetruffle,46
67625537f8654e0b5ef59c1c,greenbellpepper,100
67625537f8654e0b5ef59c1c,sugarcookie,55
67625537f8654e0b5ef59c1c,oatmealraisincookie,100
67625537f8654e0b5ef59c1c,saltinecracker,58
67625537f8654e0b5ef59c1c,baguette,100
67625537f8654e0b5ef59c1c,madeleine,21
67625537f8654e0b5ef59c1c,vanillasoftservecone,100
67625537f8654e0b5ef59c1c,grape,100
67625537f8654e0b5ef59c1c,chocolateicecreamcone,100
67625537f8654e0b5ef59c1c,swisscheese,100
67625537f8654e0b5ef59c1c,almonds,47
67625537f8654e0b5ef59c1c,peanutmms,93
67625537f8654e0b5ef59c1c,potatochips,84
67694f69cf831ea255add981,boulebread,1
67694f69cf831ea255add981,carrot,17
67694f69cf831ea255add981,ritzcracker,58
67694f69cf831ea255add981,deliturkey,92
67694f69cf831ea255add981,raspberry,4
67694f69cf831ea255add981,grape,71
67694f69cf831ea255add981,churro,82
67694f69cf831ea255add981,honeydewmelon,4
67694f69cf831ea255add981,almonds,1
67694f69cf831ea255add981,peanuts,2
67694f69cf831ea255add981,orange,1
67694f69cf831ea255add981,tortillachips,24
67694f69cf831ea255add981,swisscheese,25
67694f69cf831ea255add981,madeleine,34
67694f69cf831ea255add981,potatochips,32
67694f69cf831ea255add981,chocolateicecreamcone,48
67694f69cf831ea255add981,ryebread,4
67694f69cf831ea255add981,sugarcookie,81
67694f69cf831ea255add981,vanillasoftservecone,82
67694f69cf831ea255add981,nutrigrainbar,68
67694f69cf831ea255add981,chocolatebark,24
67694f69cf831ea255add981,darkchocolate,42
67694f69cf831ea255add981,lemoncake,44
67694f69cf831ea255add981,pocky,62
67694f69cf831ea255add981,strawberryicecreamcone,71
67694f69cf831ea255add981,lindtlindorchocolatetruffle,19
67694f69cf831ea255add981,twistdonut,54
67694f69cf831ea255add981,peach,8
67694f69cf831ea255add981,cherry,7
67694f69cf831ea255add981,caramel,50
67694f69cf831ea255add981,goldendeliciousapple,10
67694f69cf831ea255add981,chocolatewafer,51
67694f69cf831ea255add981,slicedloafbread,15
67694f69cf831ea255add981,gouda,11
67694f69cf831ea255add981,triscuits,1
67694f69cf831ea255add981,tuilecookie,28
67694f69cf831ea255add981,meatballs,79
67694f69cf831ea255add981,kiwi,6
67694f69cf831ea255add981,butteredpopcorn,58
67694f69cf831ea255add981,wheatthins,21
67694f69cf831ea255add981,apple,28
67694f69cf831ea255add981,frenchfries,82
67694f69cf831ea255add981,frostedbrownie,86
67694f69cf831ea255add981,peanutmms,80
67694f69cf831ea255add981,chickentenders,99
67694f69cf831ea255add981,blackberry,24
67694f69cf831ea255add981,eggrolls,78
67694f69cf831ea255add981,milkchocolate,78
67694f69cf831ea255add981,oatmealraisincookie,91
67694f69cf831ea255add981,toblerone,59
67694f69cf831ea255add981,twix,70
67694f69cf831ea255add981,saltinecracker,33
67694f69cf831ea255add981,wavylays,71
67694f69cf831ea255add981,vanillawafer,46
67694f69cf831ea255add981,thumprintcookie,81
67694f69cf831ea255add981,greenbellpepper,4
67694f69cf831ea255add981,doritos,66
67694f69cf831ea255add981,baguette,29
67694f69cf831ea255add981,brownie,85
67694f69cf831ea255add981,plum,10
676ddd788bbcdbab96f9187f,grape,83
676ddd788bbcdbab96f9187f,meatballs,75
676ddd788bbcdbab96f9187f,lindtlindorchocolatetruffle,87
676ddd788bbcdbab96f9187f,triscuits,49
676ddd788bbcdbab96f9187f,wavylays,91
676ddd788bbcdbab96f9187f,plum,37
676ddd788bbcdbab96f9187f,milkchocolate,80
676ddd788bbcdbab96f9187f,peanutmms,89
676ddd788bbcdbab96f9187f,peach,33
676ddd788bbcdbab96f9187f,caramel,21
676ddd788bbcdbab96f9187f,goldendeliciousapple,18
676ddd788bbcdbab96f9187f,doritos,64
676ddd788bbcdbab96f9187f,ryebread,63
676ddd788bbcdbab96f9187f,apple,11
676ddd788bbcdbab96f9187f,nutrigrainbar,39
676ddd788bbcdbab96f9187f,baguette,37
676ddd788bbcdbab96f9187f,kiwi,31
676ddd788bbcdbab96f9187f,gouda,58
676ddd788bbcdbab96f9187f,twistdonut,56
676ddd788bbcdbab96f9187f,tuilecookie,38
676ddd788bbcdbab96f9187f,deliturkey,33
676ddd788bbcdbab96f9187f,lemoncake,40
676ddd788bbcdbab96f9187f,vanillawafer,37
676ddd788bbcdbab96f9187f,slicedloafbread,31
676ddd788bbcdbab96f9187f,oatmealraisincookie,70
676ddd788bbcdbab96f9187f,honeydewmelon,34
676ddd788bbcdbab96f9187f,peanuts,63
676ddd788bbcdbab96f9187f,pocky,64
676ddd788bbcdbab96f9187f,wheatthins,52
676ddd788bbcdbab96f9187f,chickentenders,100
676ddd788bbcdbab96f9187f,blackberry,86
676ddd788bbcdbab96f9187f,brownie,85
676ddd788bbcdbab96f9187f,chocolatebark,78
676ddd788bbcdbab96f9187f,potatochips,72
676ddd788bbcdbab96f9187f,frostedbrownie,70
676ddd788bbcdbab96f9187f,vanillasoftservecone,71
676ddd788bbcdbab96f9187f,tortillachips,65
676ddd788bbcdbab96f9187f,chocolatewafer,54
676ddd788bbcdbab96f9187f,boulebread,71
676ddd788bbcdbab96f9187f,orange,38
676ddd788bbcdbab96f9187f,strawberryicecreamcone,52
676ddd788bbcdbab96f9187f,churro,57
676ddd788bbcdbab96f9187f,cherry,33
676ddd788bbcdbab96f9187f,chocolateicecreamcone,57
676ddd788bbcdbab96f9187f,swisscheese,54
676ddd788bbcdbab96f9187f,eggrolls,50
676ddd788bbcdbab96f9187f,raspberry,58
676ddd788bbcdbab96f9187f,twix,55
676ddd788bbcdbab96f9187f,greenbellpepper,37
676ddd788bbcdbab96f9187f,thumprintcookie,61
676ddd788bbcdbab96f9187f,darkchocolate,58
676ddd788bbcdbab96f9187f,frenchfries,62
676ddd788bbcdbab96f9187f,almonds,59
676ddd788bbcdbab96f9187f,toblerone,41
676ddd788bbcdbab96f9187f,sugarcookie,37
676ddd788bbcdbab96f9187f,saltinecracker,12
676ddd788bbcdbab96f9187f,madeleine,15
676ddd788bbcdbab96f9187f,carrot,24
676ddd788bbcdbab96f9187f,ritzcracker,56
676ddd788bbcdbab96f9187f,butteredpopcorn,49
676fecbfe4338d73fce4babd,vanillawafer,1
676fecbfe4338d73fce4babd,tortillachips,13
676fecbfe4338d73fce4babd,potatochips,9
676fecbfe4338d73fce4babd,eggrolls,32
676fecbfe4338d73fce4babd,lemoncake,69
676fecbfe4338d73fce4babd,triscuits,1
676fecbfe4338d73fce4babd,brownie,84
676fecbfe4338d73fce4babd,caramel,18
676fecbfe4338d73fce4babd,plum,85
676fecbfe4338d73fce4babd,gouda,27
676fecbfe4338d73fce4babd,oatmealraisincookie,87
676fecbfe4338d73fce4babd,butteredpopcorn,6
676fecbfe4338d73fce4babd,peach,81
676fecbfe4338d73fce4babd,orange,93
676fecbfe4338d73fce4babd,frenchfries,6
676fecbfe4338d73fce4babd,carrot,88
676fecbfe4338d73fce4babd,tuilecookie,7
676fecbfe4338d73fce4babd,grape,76
676fecbfe4338d73fce4babd,cherry,70
676fecbfe4338d73fce4babd,chocolatewafer,11
676fecbfe4338d73fce4babd,lindtlindorchocolatetruffle,75
676fecbfe4338d73fce4babd,milkchocolate,86
676fecbfe4338d73fce4babd,saltinecracker,8
676fecbfe4338d73fce4babd,frostedbrownie,85
676fecbfe4338d73fce4babd,chocolateicecreamcone,69
676fecbfe4338d73fce4babd,chocolatebark,14
676fecbfe4338d73fce4babd,twix,16
676fecbfe4338d73fce4babd,thumprintcookie,5
676fecbfe4338d73fce4babd,peanuts,5
676fecbfe4338d73fce4babd,vanillasoftservecone,66
676fecbfe4338d73fce4babd,madeleine,7
676fecbfe4338d73fce4babd,meatballs,64
676fecbfe4338d73fce4babd,honeydewmelon,81
676fecbfe4338d73fce4babd,raspberry,76
676fecbfe4338d73fce4babd,ritzcracker,10
676fecbfe4338d73fce4babd,goldendeliciousapple,89
676fecbfe4338d73fce4babd,blackberry,77
676fecbfe4338d73fce4babd,wavylays,12
676fecbfe4338d73fce4babd,almonds,1
676fecbfe4338d73fce4babd,nutrigrainbar,8
676fecbfe4338d73fce4babd,baguette,67
676fecbfe4338d73fce4babd,ryebread,70
676fecbfe4338d73fce4babd,sugarcookie,7
676fecbfe4338d73fce4babd,chickentenders,63
676fecbfe4338d73fce4babd,greenbellpepper,73
676fecbfe4338d73fce4babd,boulebread,73
676fecbfe4338d73fce4babd,toblerone,90
676fecbfe4338d73fce4babd,peanutmms,50
676fecbfe4338d73fce4babd,strawberryicecreamcone,72
676fecbfe4338d73fce4babd,apple,94
676fecbfe4338d73fce4babd,darkchocolate,83
676fecbfe4338d73fce4babd,twistdonut,60
676fecbfe4338d73fce4babd,deliturkey,75
676fecbfe4338d73fce4babd,pocky,4
676fecbfe4338d73fce4babd,wheatthins,7
676fecbfe4338d73fce4babd,slicedloafbread,49
676fecbfe4338d73fce4babd,kiwi,73
676fecbfe4338d73fce4babd,swisscheese,1
676fecbfe4338d73fce4babd,doritos,16
676fecbfe4338d73fce4babd,churro,1
677a0ae1e86dac7beaa53f4d,frostedbrownie,57
677a0ae1e86dac7beaa53f4d,raspberry,76
677a0ae1e86dac7beaa53f4d,chickentenders,78
677a0ae1e86dac7beaa53f4d,sugarcookie,4
677a0ae1e86dac7beaa53f4d,wavylays,10
677a0ae1e86dac7beaa53f4d,tortillachips,15
677a0ae1e86dac7beaa53f4d,eggrolls,13
677a0ae1e86dac7beaa53f4d,peanuts,75
677a0ae1e86dac7beaa53f4d,carrot,84
677a0ae1e86dac7beaa53f4d,madeleine,12
677a0ae1e86dac7beaa53f4d,thumprintcookie,13
677a0ae1e86dac7beaa53f4d,kiwi,73
677a0ae1e86dac7beaa53f4d,vanillasoftservecone,21
677a0ae1e86dac7beaa53f4d,nutrigrainbar,21
677a0ae1e86dac7beaa53f4d,peach,88
677a0ae1e86dac7beaa53f4d,ryebread,68
677a0ae1e86dac7beaa53f4d,vanillawafer,16
677a0ae1e86dac7beaa53f4d,almonds,80
677a0ae1e86dac7beaa53f4d,swisscheese,83
677a0ae1e86dac7beaa53f4d,gouda,90
677a0ae1e86dac7beaa53f4d,peanutmms,12
677a0ae1e86dac7beaa53f4d,saltinecracker,75
677a0ae1e86dac7beaa53f4d,boulebread,66
677a0ae1e86dac7beaa53f4d,apple,73
677a0ae1e86dac7beaa53f4d,milkchocolate,66
677a0ae1e86dac7beaa53f4d,baguette,75
677a0ae1e86dac7beaa53f4d,twistdonut,34
677a0ae1e86dac7beaa53f4d,pocky,18
677a0ae1e86dac7beaa53f4d,honeydewmelon,65
677a0ae1e86dac7beaa53f4d,deliturkey,64
677a0ae1e86dac7beaa53f4d,plum,79
677a0ae1e86dac7beaa53f4d,orange,66
677a0ae1e86dac7beaa53f4d,darkchocolate,67
677a0ae1e86dac7beaa53f4d,grape,70
677a0ae1e86dac7beaa53f4d,wheatthins,70
677a0ae1e86dac7beaa53f4d,churro,34
677a0ae1e86dac7beaa53f4d,ritzcracker,76
677a0ae1e86dac7beaa53f4d,twix,70
677a0ae1e86dac7beaa53f4d,chocolatebark,75
677a0ae1e86dac7beaa53f4d,toblerone,81
677a0ae1e86dac7beaa53f4d,slicedloafbread,13
677a0ae1e86dac7beaa53f4d,tuilecookie,15
677a0ae1e86dac7beaa53f4d,oatmealraisincookie,73
677a0ae1e86dac7beaa53f4d,chocolatewafer,22
677a0ae1e86dac7beaa53f4d,strawberryicecreamcone,24
677a0ae1e86dac7beaa53f4d,goldendeliciousapple,72
677a0ae1e86dac7beaa53f4d,butteredpopcorn,19
677a0ae1e86dac7beaa53f4d,frenchfries,21
677a0ae1e86dac7beaa53f4d,doritos,19
677a0ae1e86dac7beaa53f4d,chocolateicecreamcone,19
677a0ae1e86dac7beaa53f4d,caramel,16
677a0ae1e86dac7beaa53f4d,brownie,17
677a0ae1e86dac7beaa53f4d,cherry,76
677a0ae1e86dac7beaa53f4d,lindtlindorchocolatetruffle,65
677a0ae1e86dac7beaa53f4d,greenbellpepper,27
677a0ae1e86dac7beaa53f4d,blackberry,73
677a0ae1e86dac7beaa53f4d,potatochips,22
677a0ae1e86dac7beaa53f4d,meatballs,25
677a0ae1e86dac7beaa53f4d,triscuits,25
677a0ae1e86dac7beaa53f4d,lemoncake,25
6780124ee20afb62db94dbbe,orange,75
6780124ee20afb62db94dbbe,churro,79
6780124ee20afb62db94dbbe,lindtlindorchocolatetruffle,64
6780124ee20afb62db94dbbe,goldendeliciousapple,77
6780124ee20afb62db94dbbe,madeleine,78
6780124ee20afb62db94dbbe,thumprintcookie,26
6780124ee20afb62db94dbbe,tuilecookie,30
6780124ee20afb62db94dbbe,grape,83
6780124ee20afb62db94dbbe,chocolateicecreamcone,63
6780124ee20afb62db94dbbe,chocolatebark,77
6780124ee20afb62db94dbbe,butteredpopcorn,22
6780124ee20afb62db94dbbe,doritos,72
6780124ee20afb62db94dbbe,kiwi,8
6780124ee20afb62db94dbbe,pocky,9
6780124ee20afb62db94dbbe,darkchocolate,35
6780124ee20afb62db94dbbe,lemoncake,66
6780124ee20afb62db94dbbe,chickentenders,77
6780124ee20afb62db94dbbe,brownie,72
6780124ee20afb62db94dbbe,twix,98
6780124ee20afb62db94dbbe,nutrigrainbar,43
6780124ee20afb62db94dbbe,wheatthins,34
6780124ee20afb62db94dbbe,ritzcracker,62
6780124ee20afb62db94dbbe,blackberry,26
6780124ee20afb62db94dbbe,potatochips,81
6780124ee20afb62db94dbbe,vanillasoftservecone,78
6780124ee20afb62db94dbbe,frostedbrownie,72
6780124ee20afb62db94dbbe,greenbellpepper,85
6780124ee20afb62db94dbbe,milkchocolate,78
6780124ee20afb62db94dbbe,peach,87
6780124ee20afb62db94dbbe,caramel,66
6780124ee20afb62db94dbbe,sugarcookie,57
6780124ee20afb62db94dbbe,deliturkey,97
6780124ee20afb62db94dbbe,gouda,67
6780124ee20afb62db94dbbe,carrot,70
6780124ee20afb62db94dbbe,baguette,80
6780124ee20afb62db94dbbe,eggrolls,81
6780124ee20afb62db94dbbe,frenchfries,72
6780124ee20afb62db94dbbe,wavylays,76
6780124ee20afb62db94dbbe,meatballs,72
6780124ee20afb62db94dbbe,oatmealraisincookie,64
6780124ee20afb62db94dbbe,chocolatewafer,1
6780124ee20afb62db94dbbe,cherry,72
6780124ee20afb62db94dbbe,strawberryicecreamcone,78
6780124ee20afb62db94dbbe,peanutmms,78
6780124ee20afb62db94dbbe,swisscheese,89
6780124ee20afb62db94dbbe,ryebread,71
6780124ee20afb62db94dbbe,slicedloafbread,81
6780124ee20afb62db94dbbe,peanuts,60
6780124ee20afb62db94dbbe,almonds,68
6780124ee20afb62db94dbbe,boulebread,3
6780124ee20afb62db94dbbe,tortillachips,59
6780124ee20afb62db94dbbe,plum,81
6780124ee20afb62db94dbbe,toblerone,70
6780124ee20afb62db94dbbe,twistdonut,73
6780124ee20afb62db94dbbe,honeydewmelon,29
6780124ee20afb62db94dbbe,raspberry,32
6780124ee20afb62db94dbbe,apple,79
6780124ee20afb62db94dbbe,saltinecracker,62
6780124ee20afb62db94dbbe,vanillawafer,1
6780124ee20afb62db94dbbe,triscuits,3
6786b8d88671261e12ff59aa,milkchocolate,73
6786b8d88671261e12ff59aa,gouda,80
6786b8d88671261e12ff59aa,boulebread,50
6786b8d88671261e12ff59aa,pocky,34
6786b8d88671261e12ff59aa,thumprintcookie,13
6786b8d88671261e12ff59aa,butteredpopcorn,97
6786b8d88671261e12ff59aa,lemoncake,38
6786b8d88671261e12ff59aa,tuilecookie,22
6786b8d88671261e12ff59aa,doritos,86
6786b8d88671261e12ff59aa,strawberryicecreamcone,69
6786b8d88671261e12ff59aa,chickentenders,99
6786b8d88671261e12ff59aa,chocolateicecreamcone,6
6786b8d88671261e12ff59aa,chocolatewafer,13
6786b8d88671261e12ff59aa,tortillachips,88
6786b8d88671261e12ff59aa,brownie,11
6786b8d88671261e12ff59aa,ryebread,67
6786b8d88671261e12ff59aa,saltinecracker,52
6786b8d88671261e12ff59aa,carrot,75
6786b8d88671261e12ff59aa,caramel,9
6786b8d88671261e12ff59aa,ritzcracker,50
6786b8d88671261e12ff59aa,peanuts,94
6786b8d88671261e12ff59aa,raspberry,18
6786b8d88671261e12ff59aa,deliturkey,98
6786b8d88671261e12ff59aa,cherry,5
6786b8d88671261e12ff59aa,goldendeliciousapple,41
6786b8d88671261e12ff59aa,slicedloafbread,13
6786b8d88671261e12ff59aa,apple,96
6786b8d88671261e12ff59aa,madeleine,9
6786b8d88671261e12ff59aa,peach,79
6786b8d88671261e12ff59aa,blackberry,4
6786b8d88671261e12ff59aa,twix,95
6786b8d88671261e12ff59aa,plum,98
6786b8d88671261e12ff59aa,darkchocolate,88
6786b8d88671261e12ff59aa,churro,7
6786b8d88671261e12ff59aa,vanillawafer,1
6786b8d88671261e12ff59aa,sugarcookie,60
6786b8d88671261e12ff59aa,lindtlindorchocolatetruffle,75
6786b8d88671261e12ff59aa,orange,99
6786b8d88671261e12ff59aa,triscuits,92
6786b8d88671261e12ff59aa,honeydewmelon,18
6786b8d88671261e12ff59aa,chocolatebark,67
6786b8d88671261e12ff59aa,swisscheese,51
6786b8d88671261e12ff59aa,almonds,94
6786b8d88671261e12ff59aa,toblerone,12
6786b8d88671261e12ff59aa,grape,100
6786b8d88671261e12ff59aa,baguette,74
6786b8d88671261e12ff59aa,peanutmms,49
6786b8d88671261e12ff59aa,wavylays,69
6786b8d88671261e12ff59aa,frostedbrownie,22
6786b8d88671261e12ff59aa,twistdonut,24
6786b8d88671261e12ff59aa,eggrolls,97
6786b8d88671261e12ff59aa,nutrigrainbar,16
6786b8d88671261e12ff59aa,kiwi,4
6786b8d88671261e12ff59aa,frenchfries,52
6786b8d88671261e12ff59aa,greenbellpepper,76
6786b8d88671261e12ff59aa,potatochips,50
6786b8d88671261e12ff59aa,meatballs,25
6786b8d88671261e12ff59aa,vanillasoftservecone,72
6786b8d88671261e12ff59aa,oatmealraisincookie,61
6786b8d88671261e12ff59aa,wheatthins,97
678c08156ec5027cd6328799,carrot,84
678c08156ec5027cd6328799,frenchfries,90
678c08156ec5027cd6328799,chocolatewafer,62
678c08156ec5027cd6328799,ryebread,49
678c08156ec5027cd6328799,greenbellpepper,1
678c08156ec5027cd6328799,peanutmms,100
678c08156ec5027cd6328799,sugarcookie,91
678c08156ec5027cd6328799,baguette,97
678c08156ec5027cd6328799,churro,48
678c08156ec5027cd6328799,tuilecookie,97
678c08156ec5027cd6328799,slicedloafbread,28
678c08156ec5027cd6328799,vanillasoftservecone,79
678c08156ec5027cd6328799,meatballs,87
678c08156ec5027cd6328799,gouda,76
678c08156ec5027cd6328799,oatmealraisincookie,83
678c08156ec5027cd6328799,butteredpopcorn,75
678c08156ec5027cd6328799,lindtlindorchocolatetruffle,77
678c08156ec5027cd6328799,boulebread,72
678c08156ec5027cd6328799,grape,92
678c08156ec5027cd6328799,wheatthins,24
678c08156ec5027cd6328799,saltinecracker,63
678c08156ec5027cd6328799,frostedbrownie,97
678c08156ec5027cd6328799,deliturkey,61
678c08156ec5027cd6328799,darkchocolate,90
678c08156ec5027cd6328799,peach,97
678c08156ec5027cd6328799,thumprintcookie,75
678c08156ec5027cd6328799,eggrolls,74
678c08156ec5027cd6328799,tortillachips,79
678c08156ec5027cd6328799,ritzcracker,58
678c08156ec5027cd6328799,chickentenders,60
678c08156ec5027cd6328799,toblerone,96
678c08156ec5027cd6328799,plum,90
678c08156ec5027cd6328799,twistdonut,62
678c08156ec5027cd6328799,nutrigrainbar,52
678c08156ec5027cd6328799,blackberry,84
678c08156ec5027cd6328799,goldendeliciousapple,70
678c08156ec5027cd6328799,apple,62
678c08156ec5027cd6328799,cherry,86
678c08156ec5027cd6328799,lemoncake,87
678c08156ec5027cd6328799,swisscheese,60
678c08156ec5027cd6328799,peanuts,67
678c08156ec5027cd6328799,madeleine,77
678c08156ec5027cd6328799,milkchocolate,94
678c08156ec5027cd6328799,raspberry,100
678c08156ec5027cd6328799,almonds,72
678c08156ec5027cd6328799,pocky,75
678c08156ec5027cd6328799,strawberryicecreamcone,89
678c08156ec5027cd6328799,triscuits,66
678c08156ec5027cd6328799,chocolatebark,76
678c08156ec5027cd6328799,chocolateicecreamcone,89
678c08156ec5027cd6328799,honeydewmelon,99
678c08156ec5027cd6328799,potatochips,79
678c08156ec5027cd6328799,doritos,81
678c08156ec5027cd6328799,twix,93
678c08156ec5027cd6328799,orange,97
678c08156ec5027cd6328799,kiwi,99
678c08156ec5027cd6328799,wavylays,78
678c08156ec5027cd6328799,vanillawafer,72
678c08156ec5027cd6328799,caramel,71
678c08156ec5027cd6328799,brownie,92
678ee1dbeee7fa335cdd2c6c,wavylays,99
678ee1dbeee7fa335cdd2c6c,eggrolls,49
678ee1dbeee7fa335cdd2c6c,ryebread,69
678ee1dbeee7fa335cdd2c6c,grape,37
678ee1dbeee7fa335cdd2c6c,blackberry,52
678ee1dbeee7fa335cdd2c6c,milkchocolate,55
678ee1dbeee7fa335cdd2c6c,thumprintcookie,51
678ee1dbeee7fa335cdd2c6c,honeydewmelon,54
678ee1dbeee7fa335cdd2c6c,vanillawafer,53
678ee1dbeee7fa335cdd2c6c,strawberryicecreamcone,57
678ee1dbeee7fa335cdd2c6c,oatmealraisincookie,33
678ee1dbeee7fa335cdd2c6c,orange,37
678ee1dbeee7fa335cdd2c6c,cherry,38
678ee1dbeee7fa335cdd2c6c,apple,58
678ee1dbeee7fa335cdd2c6c,peanutmms,32
678ee1dbeee7fa335cdd2c6c,butteredpopcorn,67
678ee1dbeee7fa335cdd2c6c,deliturkey,64
678ee1dbeee7fa335cdd2c6c,lindtlindorchocolatetruffle,11
678ee1dbeee7fa335cdd2c6c,lemoncake,63
678ee1dbeee7fa335cdd2c6c,vanillasoftservecone,65
678ee1dbeee7fa335cdd2c6c,raspberry,35
678ee1dbeee7fa335cdd2c6c,saltinecracker,59
678ee1dbeee7fa335cdd2c6c,peach,39
678ee1dbeee7fa335cdd2c6c,slicedloafbread,63
678ee1dbeee7fa335cdd2c6c,tortillachips,62
678ee1dbeee7fa335cdd2c6c,tuilecookie,30
678ee1dbeee7fa335cdd2c6c,chickentenders,57
678ee1dbeee7fa335cdd2c6c,triscuits,59
678ee1dbeee7fa335cdd2c6c,doritos,59
678ee1dbeee7fa335cdd2c6c,chocolateicecreamcone,59
678ee1dbeee7fa335cdd2c6c,pocky,52
678ee1dbeee7fa335cdd2c6c,swisscheese,62
678ee1dbeee7fa335cdd2c6c,ritzcracker,64
678ee1dbeee7fa335cdd2c6c,boulebread,62
678ee1dbeee7fa335cdd2c6c,goldendeliciousapple,63
678ee1dbeee7fa335cdd2c6c,toblerone,59
678ee1dbeee7fa335cdd2c6c,churro,51
678ee1dbeee7fa335cdd2c6c,meatballs,24
678ee1dbeee7fa335cdd2c6c,baguette,57
678ee1dbeee7fa335cdd2c6c,gouda,53
678ee1dbeee7fa335cdd2c6c,wheatthins,30
678ee1dbeee7fa335cdd2c6c,darkchocolate,59
678ee1dbeee7fa335cdd2c6c,frenchfries,65
678ee1dbeee7fa335cdd2c6c,twistdonut,60
678ee1dbeee7fa335cdd2c6c,frostedbrownie,57
678ee1dbeee7fa335cdd2c6c,chocolatewafer,61
678ee1dbeee7fa335cdd2c6c,plum,56
678ee1dbeee7fa335cdd2c6c,kiwi,32
678ee1dbeee7fa335cdd2c6c,greenbellpepper,63
678ee1dbeee7fa335cdd2c6c,caramel,60
678ee1dbeee7fa335cdd2c6c,chocolatebark,47
678ee1dbeee7fa335cdd2c6c,nutrigrainbar,35
678ee1dbeee7fa335cdd2c6c,peanuts,34
678ee1dbeee7fa335cdd2c6c,sugarcookie,49
678ee1dbeee7fa335cdd2c6c,brownie,55
678ee1dbeee7fa335cdd2c6c,carrot,71
678ee1dbeee7fa335cdd2c6c,almonds,31
678ee1dbeee7fa335cdd2c6c,madeleine,32
678ee1dbeee7fa335cdd2c6c,twix,56
678ee1dbeee7fa335cdd2c6c,potatochips,60
67910359def1c821d8b261f8,swisscheese,100
67910359def1c821d8b261f8,eggrolls,100
67910359def1c821d8b261f8,ryebread,100
67910359def1c821d8b261f8,twix,100
67910359def1c821d8b261f8,apple,100
67910359def1c821d8b261f8,frenchfries,100
67910359def1c821d8b261f8,tuilecookie,79
67910359def1c821d8b261f8,frostedbrownie,100
67910359def1c821d8b261f8,potatochips,14
67910359def1c821d8b261f8,raspberry,100
67910359def1c821d8b261f8,thumprintcookie,100
67910359def1c821d8b261f8,almonds,1
67910359def1c821d8b261f8,saltinecracker,97
67910359def1c821d8b261f8,greenbellpepper,100
67910359def1c821d8b261f8,chickentenders,1
67910359def1c821d8b261f8,wheatthins,100
67910359def1c821d8b261f8,gouda,100
67910359def1c821d8b261f8,ritzcracker,100
67910359def1c821d8b261f8,darkchocolate,100
67910359def1c821d8b261f8,peach,100
67910359def1c821d8b261f8,grape,1
67910359def1c821d8b261f8,lemoncake,100
67910359def1c821d8b261f8,triscuits,100
67910359def1c821d8b261f8,orange,1
67910359def1c821d8b261f8,nutrigrainbar,100
67910359def1c821d8b261f8,plum,100
67910359def1c821d8b261f8,churro,1
67910359def1c821d8b261f8,oatmealraisincookie,100
67910359def1c821d8b261f8,peanutmms,1
67910359def1c821d8b261f8,chocolatewafer,100
67910359def1c821d8b261f8,twistdonut,93
67910359def1c821d8b261f8,chocolateicecreamcone,100
67910359def1c821d8b261f8,milkchocolate,100
67910359def1c821d8b261f8,goldendeliciousapple,100
67910359def1c821d8b261f8,boulebread,100
67910359def1c821d8b261f8,toblerone,100
67910359def1c821d8b261f8,sugarcookie,100
67910359def1c821d8b261f8,brownie,100
67910359def1c821d8b261f8,baguette,100
67910359def1c821d8b261f8,cherry,100
67910359def1c821d8b261f8,carrot,100
67910359def1c821d8b261f8,deliturkey,100
67910359def1c821d8b261f8,chocolatebark,100
67910359def1c821d8b261f8,pocky,1
67910359def1c821d8b261f8,lindtlindorchocolatetruffle,100
67910359def1c821d8b261f8,vanillasoftservecone,100
67910359def1c821d8b261f8,honeydewmelon,100
67910359def1c821d8b261f8,tortillachips,53
67910359def1c821d8b261f8,meatballs,100
67910359def1c821d8b261f8,doritos,100
67910359def1c821d8b261f8,madeleine,100
67910359def1c821d8b261f8,strawberryicecreamcone,100
67910359def1c821d8b261f8,butteredpopcorn,100
67910359def1c821d8b261f8,slicedloafbread,100
67910359def1c821d8b261f8,blackberry,100
67910359def1c821d8b261f8,vanillawafer,1
67910359def1c821d8b261f8,caramel,100
67910359def1c821d8b261f8,peanuts,1
67910359def1c821d8b261f8,kiwi,100
67910359def1c821d8b261f8,wavylays,100
6792ca5d1565858a6bf38b6e,butteredpopcorn,50
6792ca5d1565858a6bf38b6e,wavylays,60
6792ca5d1565858a6bf38b6e,lemoncake,84
6792ca5d1565858a6bf38b6e,doritos,80
6792ca5d1565858a6bf38b6e,strawberryicecreamcone,51
6792ca5d1565858a6bf38b6e,eggrolls,95
6792ca5d1565858a6bf38b6e,apple,38
6792ca5d1565858a6bf38b6e,swisscheese,62
6792ca5d1565858a6bf38b6e,triscuits,67
6792ca5d1565858a6bf38b6e,saltinecracker,69
6792ca5d1565858a6bf38b6e,orange,52
6792ca5d1565858a6bf38b6e,meatballs,73
6792ca5d1565858a6bf38b6e,caramel,56
6792ca5d1565858a6bf38b6e,twistdonut,69
6792ca5d1565858a6bf38b6e,peach,51
6792ca5d1565858a6bf38b6e,blackberry,68
6792ca5d1565858a6bf38b6e,carrot,52
6792ca5d1565858a6bf38b6e,chickentenders,82
6792ca5d1565858a6bf38b6e,honeydewmelon,53
6792ca5d1565858a6bf38b6e,cherry,72
6792ca5d1565858a6bf38b6e,goldendeliciousapple,52
6792ca5d1565858a6bf38b6e,thumprintcookie,81
6792ca5d1565858a6bf38b6e,chocolateicecreamcone,50
6792ca5d1565858a6bf38b6e,slicedloafbread,88
6792ca5d1565858a6bf38b6e,ryebread,93
6792ca5d1565858a6bf38b6e,darkchocolate,94
6792ca5d1565858a6bf38b6e,tortillachips,51
6792ca5d1565858a6bf38b6e,tuilecookie,53
6792ca5d1565858a6bf38b6e,potatochips,94
6792ca5d1565858a6bf38b6e,lindtlindorchocolatetruffle,89
6792ca5d1565858a6bf38b6e,baguette,91
6792ca5d1565858a6bf38b6e,wheatthins,88
6792ca5d1565858a6bf38b6e,toblerone,95
6792ca5d1565858a6bf38b6e,chocolatebark,97
6792ca5d1565858a6bf38b6e,pocky,81
6792ca5d1565858a6bf38b6e,nutrigrainbar,60
6792ca5d1565858a6bf38b6e,brownie,94
6792ca5d1565858a6bf38b6e,peanuts,52
6792ca5d1565858a6bf38b6e,raspberry,90
6792ca5d1565858a6bf38b6e,churro,91
6792ca5d1565858a6bf38b6e,milkchocolate,100
6792ca5d1565858a6bf38b6e,oatmealraisincookie,92
6792ca5d1565858a6bf38b6e,frenchfries,54
6792ca5d1565858a6bf38b6e,gouda,76
6792ca5d1565858a6bf38b6e,grape,91
6792ca5d1565858a6bf38b6e,vanillasoftservecone,51
6792ca5d1565858a6bf38b6e,boulebread,100
6792ca5d1565858a6bf38b6e,madeleine,53
6792ca5d1565858a6bf38b6e,chocolatewafer,78
6792ca5d1565858a6bf38b6e,ritzcracker,50
6792ca5d1565858a6bf38b6e,peanutmms,83
6792ca5d1565858a6bf38b6e,greenbellpepper,51
6792ca5d1565858a6bf38b6e,kiwi,96
6792ca5d1565858a6bf38b6e,frostedbrownie,98
6792ca5d1565858a6bf38b6e,vanillawafer,53
6792ca5d1565858a6bf38b6e,twix,90
6792ca5d1565858a6bf38b6e,sugarcookie,100
6792ca5d1565858a6bf38b6e,almonds,27
6792ca5d1565858a6bf38b6e,plum,77
6792ca5d1565858a6bf38b6e,deliturkey,97
67a7d47e76eac82d5edb2092,chocolateicecreamcone,40
67a7d47e76eac82d5edb2092,churro,54
67a7d47e76eac82d5edb2092,doritos,49
67a7d47e76eac82d5edb2092,greenbellpepper,56
67a7d47e76eac82d5edb2092,orange,66
67a7d47e76eac82d5edb2092,chickentenders,58
67a7d47e76eac82d5edb2092,eggrolls,50
67a7d47e76eac82d5edb2092,brownie,81
67a7d47e76eac82d5edb2092,strawberryicecreamcone,57
67a7d47e76eac82d5edb2092,gouda,66
67a7d47e76eac82d5edb2092,raspberry,63
67a7d47e76eac82d5edb2092,grape,53
67a7d47e76eac82d5edb2092,ritzcracker,42
67a7d47e76eac82d5edb2092,honeydewmelon,36
67a7d47e76eac82d5edb2092,carrot,44
67a7d47e76eac82d5edb2092,frenchfries,55
67a7d47e76eac82d5edb2092,saltinecracker,46
67a7d47e76eac82d5edb2092,triscuits,48
67a7d47e76eac82d5edb2092,frostedbrownie,50
67a7d47e76eac82d5edb2092,twix,50
67a7d47e76eac82d5edb2092,baguette,55
67a7d47e76eac82d5edb2092,tuilecookie,46
67a7d47e76eac82d5edb2092,peach,50
67a7d47e76eac82d5edb2092,vanillasoftservecone,45
67a7d47e76eac82d5edb2092,cherry,55
67a7d47e76eac82d5edb2092,apple,48
67a7d47e76eac82d5edb2092,pocky,51
67a7d47e76eac82d5edb2092,wheatthins,52
67a7d47e76eac82d5edb2092,peanutmms,54
67a7d47e76eac82d5edb2092,milkchocolate,53
67a7d47e76eac82d5edb2092,wavylays,49
67a7d47e76eac82d5edb2092,plum,53
67a7d47e76eac82d5edb2092,chocolatebark,53
67a7d47e76eac82d5edb2092,chocolatewafer,64
67a7d47e76eac82d5edb2092,deliturkey,58
67a7d47e76eac82d5edb2092,sugarcookie,54
67a7d47e76eac82d5edb2092,almonds,49
67a7d47e76eac82d5edb2092,slicedloafbread,58
67a7d47e76eac82d5edb2092,vanillawafer,58
67a7d47e76eac82d5edb2092,darkchocolate,52
67a7d47e76eac82d5edb2092,caramel,59
67a7d47e76eac82d5edb2092,twistdonut,55
67a7d47e76eac82d5edb2092,lemoncake,51
67a7d47e76eac82d5edb2092,nutrigrainbar,50
67a7d47e76eac82d5edb2092,toblerone,53
67a7d47e76eac82d5edb2092,oatmealraisincookie,51
67a7d47e76eac82d5edb2092,meatballs,51
67a7d47e76eac82d5edb2092,thumprintcookie,56
67a7d47e76eac82d5edb2092,lindtlindorchocolatetruffle,52
67a7d47e76eac82d5edb2092,blackberry,56
67a7d47e76eac82d5edb2092,tortillachips,55
67a7d47e76eac82d5edb2092,swisscheese,52
67a7d47e76eac82d5edb2092,butteredpopcorn,51
67a7d47e76eac82d5edb2092,goldendeliciousapple,57
67a7d47e76eac82d5edb2092,madeleine,53
67a7d47e76eac82d5edb2092,potatochips,51
67a7d47e76eac82d5edb2092,kiwi,58
67a7d47e76eac82d5edb2092,boulebread,51
67a7d47e76eac82d5edb2092,peanuts,57
67a7d47e76eac82d5edb2092,ryebread,55
67aac0aba776aaeb2d43a288,twix,100
67aac0aba776aaeb2d43a288,churro,73
67aac0aba776aaeb2d43a288,milkchocolate,1
67aac0aba776aaeb2d43a288,doritos,1
67aac0aba776aaeb2d43a288,ritzcracker,100
67aac0aba776aaeb2d43a288,lemoncake,50
67aac0aba776aaeb2d43a288,blackberry,100
67aac0aba776aaeb2d43a288,ryebread,1
67aac0aba776aaeb2d43a288,frenchfries,1
67aac0aba776aaeb2d43a288,strawberryicecreamcone,1
67aac0aba776aaeb2d43a288,madeleine,1
67aac0aba776aaeb2d43a288,twistdonut,1
67aac0aba776aaeb2d43a288,wavylays,1
67aac0aba776aaeb2d43a288,pocky,94
67aac0aba776aaeb2d43a288,gouda,87
67aac0aba776aaeb2d43a288,vanillawafer,1
67aac0aba776aaeb2d43a288,chocolateicecreamcone,1
67aac0aba776aaeb2d43a288,eggrolls,88
67aac0aba776aaeb2d43a288,peach,100
67aac0aba776aaeb2d43a288,slicedloafbread,1
67aac0aba776aaeb2d43a288,triscuits,100
67aac0aba776aaeb2d43a288,tuilecookie,1
67aac0aba776aaeb2d43a288,plum,100
67aac0aba776aaeb2d43a288,meatballs,100
67aac0aba776aaeb2d43a288,chickentenders,86
67aac0aba776aaeb2d43a288,caramel,78
67aac0aba776aaeb2d43a288,boulebread,1
67aac0aba776aaeb2d43a288,peanutmms,1
67aac0aba776aaeb2d43a288,greenbellpepper,1
67aac0aba776aaeb2d43a288,chocolatewafer,1
67aac0aba776aaeb2d43a288,saltinecracker,1
67aac0aba776aaeb2d43a288,tortillachips,92
67aac0aba776aaeb2d43a288,butteredpopcorn,1
67aac0aba776aaeb2d43a288,brownie,99
67aac0aba776aaeb2d43a288,grape,97
67aac0aba776aaeb2d43a288,oatmealraisincookie,1
67aac0aba776aaeb2d43a288,nutrigrainbar,100
67aac0aba776aaeb2d43a288,wheatthins,100
67aac0aba776aaeb2d43a288,almonds,100
67aac0aba776aaeb2d43a288,cherry,100
67aac0aba776aaeb2d43a288,frostedbrownie,100
67aac0aba776aaeb2d43a288,apple,1
67aac0aba776aaeb2d43a288,goldendeliciousapple,1
67aac0aba776aaeb2d43a288,carrot,1
67aac0aba776aaeb2d43a288,thumprintcookie,98
67aac0aba776aaeb2d43a288,toblerone,1
67aac0aba776aaeb2d43a288,honeydewmelon,98
67aac0aba776aaeb2d43a288,lindtlindorchocolatetruffle,100
67aac0aba776aaeb2d43a288,chocolatebark,1
67aac0aba776aaeb2d43a288,peanuts,1
67aac0aba776aaeb2d43a288,potatochips,2
67aac0aba776aaeb2d43a288,kiwi,100
67aac0aba776aaeb2d43a288,deliturkey,100
67aac0aba776aaeb2d43a288,raspberry,100
67aac0aba776aaeb2d43a288,swisscheese,100
67aac0aba776aaeb2d43a288,baguette,1
67aac0aba776aaeb2d43a288,vanillasoftservecone,1
67aac0aba776aaeb2d43a288,darkchocolate,1
67aac0aba776aaeb2d43a288,sugarcookie,1
67aac0aba776aaeb2d43a288,orange,100
67ab7f3cdb33d558760d799c,chocolatewafer,12
67ab7f3cdb33d558760d799c,cherry,54
67ab7f3cdb33d558760d799c,potatochips,54
67ab7f3cdb33d558760d799c,carrot,38
67ab7f3cdb33d558760d799c,grape,83
67ab7f3cdb33d558760d799c,butteredpopcorn,74
67ab7f3cdb33d558760d799c,twix,43
67ab7f3cdb33d558760d799c,saltinecracker,51
67ab7f3cdb33d558760d799c,eggrolls,55
67ab7f3cdb33d558760d799c,brownie,55
67ab7f3cdb33d558760d799c,boulebread,48
67ab7f3cdb33d558760d799c,churro,76
67ab7f3cdb33d558760d799c,baguette,44
67ab7f3cdb33d558760d799c,sugarcookie,61
67ab7f3cdb33d558760d799c,frostedbrownie,47
67ab7f3cdb33d558760d799c,ryebread,9
67ab7f3cdb33d558760d799c,kiwi,89
67ab7f3cdb33d558760d799c,tuilecookie,4
67ab7f3cdb33d558760d799c,raspberry,41
67ab7f3cdb33d558760d799c,tortillachips,65
67ab7f3cdb33d558760d799c,chickentenders,16
67ab7f3cdb33d558760d799c,wavylays,58
67ab7f3cdb33d558760d799c,plum,86
67ab7f3cdb33d558760d799c,peanutmms,64
67ab7f3cdb33d558760d799c,darkchocolate,92
67ab7f3cdb33d558760d799c,goldendeliciousapple,84
67ab7f3cdb33d558760d799c,oatmealraisincookie,67
67ab7f3cdb33d558760d799c,greenbellpepper,72
67ab7f3cdb33d558760d799c,ritzcracker,69
67ab7f3cdb33d558760d799c,doritos,84
67ab7f3cdb33d558760d799c,pocky,8
67ab7f3cdb33d558760d799c,chocolateicecreamcone,80
67ab7f3cdb33d558760d799c,thumprintcookie,42
67ab7f3cdb33d558760d799c,vanillawafer,62
67ab7f3cdb33d558760d799c,blackberry,73
67ab7f3cdb33d558760d799c,deliturkey,84
67ab7f3cdb33d558760d799c,strawberryicecreamcone,54
67ab7f3cdb33d558760d799c,vanillasoftservecone,63
67ab7f3cdb33d558760d799c,peach,53
67ab7f3cdb33d558760d799c,twistdonut,56
67ab7f3cdb33d558760d799c,lemoncake,62
67ab7f3cdb33d558760d799c,meatballs,52
67ab7f3cdb33d558760d799c,triscuits,54
67ab7f3cdb33d558760d799c,lindtlindorchocolatetruffle,58
67ab7f3cdb33d558760d799c,nutrigrainbar,30
67ab7f3cdb33d558760d799c,peanuts,87
67ab7f3cdb33d558760d799c,madeleine,36
67ab7f3cdb33d558760d799c,apple,100
67ab7f3cdb33d558760d799c,gouda,18
67ab7f3cdb33d558760d799c,frenchfries,91
67ab7f3cdb33d558760d799c,wheatthins,54
67ab7f3cdb33d558760d799c,chocolatebark,100
67ab7f3cdb33d558760d799c,milkchocolate,34
67ab7f3cdb33d558760d799c,orange,95
67ab7f3cdb33d558760d799c,slicedloafbread,25
67ab7f3cdb33d558760d799c,caramel,1
67ab7f3cdb33d558760d799c,almonds,94
67ab7f3cdb33d558760d799c,honeydewmelon,99
67ab7f3cdb33d558760d799c,toblerone,51
67ab7f3cdb33d558760d799c,swisscheese,6
67ab8e5806f8df7ba434b424,strawberryicecreamcone,88
67ab8e5806f8df7ba434b424,grape,97
67ab8e5806f8df7ba434b424,oatmealraisincookie,40
67ab8e5806f8df7ba434b424,boulebread,17
67ab8e5806f8df7ba434b424,ritzcracker,64
67ab8e5806f8df7ba434b424,milkchocolate,92
67ab8e5806f8df7ba434b424,blackberry,98
67ab8e5806f8df7ba434b424,nutrigrainbar,100
67ab8e5806f8df7ba434b424,lemoncake,39
67ab8e5806f8df7ba434b424,almonds,87
67ab8e5806f8df7ba434b424,kiwi,59
67ab8e5806f8df7ba434b424,greenbellpepper,34
67ab8e5806f8df7ba434b424,pocky,42
67ab8e5806f8df7ba434b424,chocolatebark,56
67ab8e5806f8df7ba434b424,orange,100
67ab8e5806f8df7ba434b424,churro,57
67ab8e5806f8df7ba434b424,tortillachips,87
67ab8e5806f8df7ba434b424,saltinecracker,58
67ab8e5806f8df7ba434b424,madeleine,62
67ab8e5806f8df7ba434b424,twix,96
67ab8e5806f8df7ba434b424,deliturkey,34
67ab8e5806f8df7ba434b424,potatochips,63
67ab8e5806f8df7ba434b424,slicedloafbread,20
67ab8e5806f8df7ba434b424,goldendeliciousapple,100
67ab8e5806f8df7ba434b424,ryebread,30
67ab8e5806f8df7ba434b424,caramel,96
67ab8e5806f8df7ba434b424,toblerone,96
67ab8e5806f8df7ba434b424,vanillawafer,50
67ab8e5806f8df7ba434b424,darkchocolate,87
67ab8e5806f8df7ba434b424,wavylays,50
67ab8e5806f8df7ba434b424,eggrolls,51
67ab8e5806f8df7ba434b424,frenchfries,54
67ab8e5806f8df7ba434b424,plum,82
67ab8e5806f8df7ba434b424,carrot,54
67ab8e5806f8df7ba434b424,lindtlindorchocolatetruffle,50
67ab8e5806f8df7ba434b424,apple,100
67ab8e5806f8df7ba434b424,honeydewmelon,63
67ab8e5806f8df7ba434b424,vanillasoftservecone,95
67ab8e5806f8df7ba434b424,raspberry,95
67ab8e5806f8df7ba434b424,triscuits,57
67ab8e5806f8df7ba434b424,chickentenders,99
67ab8e5806f8df7ba434b424,cherry,98
67ab8e5806f8df7ba434b424,peanuts,69
67ab8e5806f8df7ba434b424,twistdonut,93
67ab8e5806f8df7ba434b424,peach,99
67ab8e5806f8df7ba434b424,peanutmms,74
67ab8e5806f8df7ba434b424,gouda,53
67ab8e5806f8df7ba434b424,brownie,100
67ab8e5806f8df7ba434b424,tuilecookie,56
67ab8e5806f8df7ba434b424,butteredpopcorn,81
67ab8e5806f8df7ba434b424,wheatthins,67
67ab8e5806f8df7ba434b424,meatballs,53
67ab8e5806f8df7ba434b424,swisscheese,26
67ab8e5806f8df7ba434b424,frostedbrownie,86
67ab8e5806f8df7ba434b424,baguette,40
67ab8e5806f8df7ba434b424,doritos,73
67ab8e5806f8df7ba434b424,chocolatewafer,80
67ab8e5806f8df7ba434b424,sugarcookie,89
67ab8e5806f8df7ba434b424,chocolateicecreamcone,96
67ab8e5806f8df7ba434b424,thumprintcookie,79
67abd2d886cfa5ebf34168e5,greenbellpepper,71
67abd2d886cfa5ebf34168e5,darkchocolate,97
67abd2d886cfa5ebf34168e5,tortillachips,90
67abd2d886cfa5ebf34168e5,churro,96
67abd2d886cfa5ebf34168e5,vanillawafer,61
67abd2d886cfa5ebf34168e5,baguette,82
67abd2d886cfa5ebf34168e5,carrot,67
67abd2d886cfa5ebf34168e5,blackberry,72
67abd2d886cfa5ebf34168e5,chickentenders,83
67abd2d886cfa5ebf34168e5,chocolateicecreamcone,78
67abd2d886cfa5ebf34168e5,caramel,63
67abd2d886cfa5ebf34168e5,meatballs,65
67abd2d886cfa5ebf34168e5,peanuts,47
67abd2d886cfa5ebf34168e5,vanillasoftservecone,89
67abd2d886cfa5ebf34168e5,raspberry,68
67abd2d886cfa5ebf34168e5,peanutmms,71
67abd2d886cfa5ebf34168e5,kiwi,61
67abd2d886cfa5ebf34168e5,apple,80
67abd2d886cfa5ebf34168e5,lemoncake,75
67abd2d886cfa5ebf34168e5,potatochips,87
67abd2d886cfa5ebf34168e5,plum,22
67abd2d886cfa5ebf34168e5,slicedloafbread,97
67abd2d886cfa5ebf34168e5,twix,100
67abd2d886cfa5ebf34168e5,almonds,35
67abd2d886cfa5ebf34168e5,brownie,96
67abd2d886cfa5ebf34168e5,oatmealraisincookie,64
67abd2d886cfa5ebf34168e5,milkchocolate,89
67abd2d886cfa5ebf34168e5,boulebread,93
67abd2d886cfa5ebf34168e5,goldendeliciousapple,53
67abd2d886cfa5ebf34168e5,twistdonut,89
67abd2d886cfa5ebf34168e5,lindtlindorchocolatetruffle,81
67abd2d886cfa5ebf34168e5,cherry,4
67abd2d886cfa5ebf34168e5,ritzcracker,81
67abd2d886cfa5ebf34168e5,peach,58
67abd2d886cfa5ebf34168e5,swisscheese,93
67abd2d886cfa5ebf34168e5,orange,5
67abd2d886cfa5ebf34168e5,eggrolls,87
67abd2d886cfa5ebf34168e5,chocolatebark,86
67abd2d886cfa5ebf34168e5,ryebread,89
67abd2d886cfa5ebf34168e5,saltinecracker,41
67abd2d886cfa5ebf34168e5,toblerone,88
67abd2d886cfa5ebf34168e5,doritos,76
67abd2d886cfa5ebf34168e5,nutrigrainbar,66
67abd2d886cfa5ebf34168e5,wavylays,87
67abd2d886cfa5ebf34168e5,strawberryicecreamcone,66
67abd2d886cfa5ebf34168e5,triscuits,45
67abd2d886cfa5ebf34168e5,frenchfries,80
67abd2d886cfa5ebf34168e5,madeleine,61
67abd2d886cfa5ebf34168e5,deliturkey,78
67abd2d886cfa5ebf34168e5,thumprintcookie,38
67abd2d886cfa5ebf34168e5,chocolatewafer,54
67abd2d886cfa5ebf34168e5,pocky,58
67abd2d886cfa5ebf34168e5,honeydewmelon,72
67abd2d886cfa5ebf34168e5,butteredpopcorn,70
67abd2d886cfa5ebf34168e5,grape,82
67abd2d886cfa5ebf34168e5,sugarcookie,64
67abd2d886cfa5ebf34168e5,frostedbrownie,84
67abd2d886cfa5ebf34168e5,gouda,63
67abd2d886cfa5ebf34168e5,tuilecookie,38
67abd2d886cfa5ebf34168e5,wheatthins,49
