subject_id,item_name,rating
1000,grapes,4.0
1000,minimuffins,5.0
1000,falafelwithpita,3.0
1000,bagelplain,5.0
1000,avocado,4.0
1000,potatochips,5.0
1000,ritz,4.0
1000,kettlecorn,5.0
1000,grahamcrackers,4.0
1000,popsicles,5.0
1000,celerysticks,4.0
1000,doughnuts,5.0
1000,skittles,4.0
1000,cocktailshrimp,5.0
1000,deliturkey,2.0
1000,kiwi,2.0
1000,cupcakes,4.0
1000,sunchips,5.0
1000,mushrooms,1.0
1000,oreos,5.0
1000,broccoli,5.0
1000,yogurtpretzels,5.0
1000,strawberries,4.0
1000,blueberries,4.0
1000,sourpatch,5.0
1000,sweetpotato,3.0
1000,lox,1.0
1000,eggs,4.0
1000,edamame,5.0
1000,appleslices,4.0
1000,cookies,5.0
1000,pretzels,4.0
1000,triscuits,2.0
1000,chocolatepretzels,5.0
1000,granolabar,1.0
1000,cheesecubes,5.0
1000,ricecakes,2.0
1000,cheezits,1.0
1000,olives,2.0
1000,mango,4.0
1000,orangeslices,2.0
1000,sushi,1.0
1000,salami,4.0
1000,poptarts,5.0
1000,trailmix,5.0
1000,bakedpotato,4.0
1000,doritos,5.0
1000,croissant,4.0
1000,kitkat,5.0
1000,mms,4.0
1000,swedishfish,5.0
1000,banana,2.0
1000,cucumberslices,4.0
1000,cherrytomato,2.0
1000,corncob,5.0
1000,wheatbread,4.0
1000,cantaloupe,5.0
1000,saltines,4.0
1000,raspberries,4.0
1000,cherries,5.0
1000,carrotsticks,3.0
1000,pear,4.0
1000,peaches,1.0
1000,icecream,5.0
1000,americancheese,4.0
1001,croissant,4.0
1001,banana,5.0
1001,cheezits,4.0
1001,granolabar,4.0
1001,deliturkey,3.0
1001,popsicles,4.0
1001,wheatbread,5.0
1001,corncob,5.0
1001,avocado,4.0
1001,appleslices,4.0
1001,mango,4.0
1001,kitkat,5.0
1001,triscuits,5.0
1001,bakedpotato,5.0
1001,cherries,4.0
1001,kiwi,4.0
1001,edamame,2.0
1001,raspberries,4.0
1001,doritos,5.0
1001,cocktailshrimp,2.0
1001,ricecakes,4.0
1001,celerysticks,3.0
1001,sourpatch,2.0
1001,poptarts,3.0
1001,sweetpotato,3.0
1001,cherrytomato,3.0
1001,eggs,4.0
1001,sushi,3.0
1001,minimuffins,4.0
1001,cantaloupe,4.0
1001,ritz,4.0
1001,falafelwithpita,4.0
1001,swedishfish,4.0
1001,cheesecubes,4.0
1001,pear,5.0
1001,chocolatepretzels,4.0
1001,mms,5.0
1001,peaches,4.0
1001,pretzels,4.0
1001,broccoli,3.0
1001,sunchips,1.0
1001,doughnuts,5.0
1001,icecream,2.0
1001,mushrooms,3.0
1001,grapes,3.0
1001,saltines,3.0
1001,yogurtpretzels,4.0
1001,trailmix,5.0
1001,olives,4.0
1001,grahamcrackers,5.0
1001,carrotsticks,4.0
1001,cupcakes,5.0
1001,orangeslices,3.0
1001,bagelplain,4.0
1001,americancheese,3.0
1001,blueberries,4.0
1001,cookies,5.0
1001,oreos,5.0
1001,lox,4.0
1001,potatochips,5.0
1001,skittles,5.0
1001,cucumberslices,2.0
1001,salami,5.0
1001,strawberries,5.0
1001,kettlecorn,4.0
1009,pretzels,4.0
1009,swedishfish,1.0
1009,icecream,5.0
1009,cheesecubes,5.0
1009,corncob,4.0
1009,mango,2.0
1009,deliturkey,5.0
1009,raspberries,5.0
1009,kitkat,5.0
1009,cantaloupe,1.0
1009,saltines,4.0
1009,grapes,5.0
1009,ricecakes,3.0
1009,minimuffins,5.0
1009,triscuits,4.0
1009,cucumberslices,4.0
1009,sunchips,4.0
1009,cookies,5.0
1009,avocado,4.0
1009,blueberries,5.0
1009,kettlecorn,3.0
1009,kiwi,4.0
1009,banana,2.0
1009,wheatbread,5.0
1009,americancheese,4.0
1009,broccoli,5.0
1009,pear,2.0
1009,potatochips,4.0
1009,croissant,5.0
1009,sourpatch,4.0
1009,eggs,5.0
1009,doughnuts,5.0
1009,popsicles,4.0
1009,cupcakes,5.0
1009,bagelplain,5.0
1009,falafelwithpita,4.0
1009,doritos,5.0
1009,skittles,5.0
1009,cherries,4.0
1009,salami,4.0
1009,sweetpotato,1.0
1009,bakedpotato,5.0
1009,cherrytomato,2.0
1009,edamame,4.0
1009,grahamcrackers,5.0
1009,chocolatepretzels,5.0
1009,sushi,5.0
1009,appleslices,4.0
1009,ritz,5.0
1009,mushrooms,2.0
1009,olives,1.0
1009,peaches,5.0
1009,lox,1.0
1009,orangeslices,5.0
1009,trailmix,4.0
1009,carrotsticks,4.0
1009,granolabar,5.0
1009,mms,5.0
1009,yogurtpretzels,5.0
1009,celerysticks,3.0
1009,cheezits,4.0
1009,poptarts,5.0
1009,cocktailshrimp,5.0
1009,oreos,5.0
1009,strawberries,5.0
1010,saltines,4.0
1010,blueberries,4.0
1010,americancheese,3.0
1010,pretzels,4.0
1010,grapes,5.0
1010,yogurtpretzels,2.0
1010,sushi,1.0
1010,edamame,4.0
1010,cheesecubes,4.0
1010,cucumberslices,4.0
1010,sourpatch,2.0
1010,kettlecorn,3.0
1010,olives,2.0
1010,celerysticks,4.0
1010,kitkat,4.0
1010,cherries,4.0
1010,grahamcrackers,5.0
1010,lox,4.0
1010,icecream,2.0
1010,orangeslices,5.0
1010,bakedpotato,3.0
1010,avocado,5.0
1010,doughnuts,5.0
1010,wheatbread,4.0
1010,banana,5.0
1010,cupcakes,4.0
1010,corncob,4.0
1010,trailmix,5.0
1010,bagelplain,4.0
1010,broccoli,3.0
1010,skittles,4.0
1010,cherrytomato,4.0
1010,cheezits,4.0
1010,cookies,4.0
1010,triscuits,4.0
1010,cocktailshrimp,2.0
1010,appleslices,5.0
1010,eggs,4.0
1010,kiwi,5.0
1010,mushrooms,4.0
1010,mms,4.0
1010,popsicles,4.0
1010,peaches,4.0
1010,falafelwithpita,3.0
1010,granolabar,4.0
1010,sunchips,4.0
1010,swedishfish,4.0
1010,salami,4.0
1010,oreos,4.0
1010,cantaloupe,3.0
1010,chocolatepretzels,3.0
1010,strawberries,5.0
1010,ricecakes,2.0
1010,deliturkey,3.0
1010,carrotsticks,4.0
1010,ritz,4.0
1010,poptarts,4.0
1010,raspberries,5.0
1010,mango,5.0
1010,sweetpotato,2.0
1010,doritos,5.0
1010,potatochips,4.0
1010,minimuffins,4.0
1010,pear,5.0
1010,croissant,4.0
1011,cherrytomato,4.0
1011,skittles,5.0
1011,cantaloupe,4.0
1011,salami,2.0
1011,cookies,3.0
1011,ritz,4.0
1011,celerysticks,2.0
1011,sourpatch,5.0
1011,grahamcrackers,3.0
1011,americancheese,4.0
1011,deliturkey,4.0
1011,strawberries,5.0
1011,carrotsticks,3.0
1011,yogurtpretzels,5.0
1011,saltines,4.0
1011,granolabar,3.0
1011,appleslices,4.0
1011,eggs,3.0
1011,mango,3.0
1011,cupcakes,3.0
1011,blueberries,4.0
1011,falafelwithpita,1.0
1011,croissant,5.0
1011,triscuits,3.0
1011,kitkat,3.0
1011,avocado,1.0
1011,kiwi,3.0
1011,trailmix,4.0
1011,pear,4.0
1011,edamame,2.0
1011,mms,5.0
1011,cheezits,4.0
1011,lox,1.0
1011,cocktailshrimp,2.0
1011,ricecakes,3.0
1011,doritos,4.0
1011,broccoli,3.0
1011,swedishfish,1.0
1011,icecream,3.0
1011,peaches,3.0
1011,mushrooms,3.0
1011,cheesecubes,3.0
1011,popsicles,3.0
1011,minimuffins,3.0
1011,cucumberslices,2.0
1011,cherries,2.0
1011,grapes,5.0
1011,sushi,3.0
1011,chocolatepretzels,2.0
1011,sweetpotato,3.0
1011,bakedpotato,5.0
1011,banana,4.0
1011,wheatbread,3.0
1011,doughnuts,3.0
1011,bagelplain,4.0
1011,orangeslices,4.0
1011,pretzels,3.0
1011,corncob,3.0
1011,potatochips,4.0
1011,oreos,3.0
1011,kettlecorn,3.0
1011,olives,1.0
1011,raspberries,4.0
1011,sunchips,4.0
1011,poptarts,5.0
1013,wheatbread,4.0
1013,americancheese,4.0
1013,grapes,2.0
1013,grahamcrackers,4.0
1013,carrotsticks,4.0
1013,sunchips,5.0
1013,oreos,4.0
1013,bagelplain,5.0
1013,icecream,5.0
1013,cherries,5.0
1013,saltines,4.0
1013,triscuits,4.0
1013,celerysticks,5.0
1013,avocado,5.0
1013,sushi,4.0
1013,blueberries,5.0
1013,skittles,2.0
1013,deliturkey,4.0
1013,cantaloupe,1.0
1013,edamame,5.0
1013,swedishfish,4.0
1013,raspberries,5.0
1013,doritos,4.0
1013,lox,2.0
1013,chocolatepretzels,2.0
1013,orangeslices,4.0
1013,mushrooms,5.0
1013,cheesecubes,4.0
1013,trailmix,4.0
1013,pretzels,2.0
1013,granolabar,2.0
1013,falafelwithpita,5.0
1013,kettlecorn,4.0
1013,appleslices,4.0
1013,salami,5.0
1013,kitkat,5.0
1013,broccoli,4.0
1013,ritz,4.0
1013,banana,4.0
1013,cupcakes,4.0
1013,peaches,2.0
1013,bakedpotato,5.0
1013,kiwi,5.0
1013,doughnuts,4.0
1013,popsicles,2.0
1013,strawberries,4.0
1013,mms,5.0
1013,minimuffins,2.0
1013,yogurtpretzels,4.0
1013,sourpatch,4.0
1013,corncob,4.0
1013,cocktailshrimp,2.0
1013,pear,4.0
1013,olives,5.0
1013,ricecakes,2.0
1013,cookies,4.0
1013,croissant,5.0
1013,poptarts,4.0
1013,eggs,4.0
1013,cherrytomato,4.0
1013,cucumberslices,4.0
1013,sweetpotato,5.0
1013,mango,2.0
1013,potatochips,4.0
1013,cheezits,4.0
1014,deliturkey,4.0
1014,cocktailshrimp,2.0
1014,popsicles,5.0
1014,pear,4.0
1014,doritos,3.0
1014,doughnuts,1.0
1014,blueberries,5.0
1014,croissant,5.0
1014,trailmix,4.0
1014,granolabar,4.0
1014,raspberries,4.0
1014,carrotsticks,4.0
1014,strawberries,5.0
1014,mushrooms,1.0
1014,cantaloupe,5.0
1014,banana,5.0
1014,grapes,5.0
1014,wheatbread,4.0
1014,kitkat,1.0
1014,sunchips,3.0
1014,olives,5.0
1014,broccoli,5.0
1014,edamame,5.0
1014,corncob,4.0
1014,lox,1.0
1014,kettlecorn,2.0
1014,celerysticks,5.0
1014,cookies,5.0
1014,falafelwithpita,2.0
1014,mango,3.0
1014,eggs,5.0
1014,triscuits,3.0
1014,bakedpotato,2.0
1014,cherrytomato,5.0
1014,chocolatepretzels,2.0
1014,icecream,3.0
1014,poptarts,1.0
1014,sweetpotato,4.0
1014,ricecakes,3.0
1014,oreos,1.0
1014,mms,3.0
1014,sourpatch,4.0
1014,minimuffins,5.0
1014,americancheese,2.0
1014,orangeslices,1.0
1014,avocado,5.0
1014,sushi,2.0
1014,kiwi,4.0
1014,cheezits,4.0
1014,potatochips,5.0
1014,ritz,2.0
1014,pretzels,5.0
1014,saltines,5.0
1014,skittles,3.0
1014,peaches,4.0
1014,swedishfish,4.0
1014,cherries,1.0
1014,cheesecubes,4.0
1014,salami,4.0
1014,cucumberslices,5.0
1014,cupcakes,1.0
1014,bagelplain,4.0
1014,yogurtpretzels,1.0
1014,appleslices,4.0
1014,grahamcrackers,2.0
1015,orangeslices,3.0
1015,peaches,2.0
1015,ricecakes,3.0
1015,poptarts,3.0
1015,blueberries,4.0
1015,pretzels,5.0
1015,cherrytomato,4.0
1015,cantaloupe,4.0
1015,oreos,3.0
1015,trailmix,3.0
1015,kiwi,3.0
1015,popsicles,3.0
1015,cupcakes,3.0
1015,avocado,2.0
1015,icecream,3.0
1015,sourpatch,4.0
1015,grapes,4.0
1015,bagelplain,3.0
1015,croissant,3.0
1015,eggs,4.0
1015,banana,3.0
1015,grahamcrackers,3.0
1015,bakedpotato,3.0
1015,sunchips,4.0
1015,corncob,4.0
1015,olives,4.0
1015,americancheese,3.0
1015,sushi,5.0
1015,edamame,4.0
1015,mango,3.0
1015,appleslices,3.0
1015,cucumberslices,4.0
1015,pear,4.0
1015,saltines,4.0
1015,potatochips,2.0
1015,swedishfish,3.0
1015,lox,3.0
1015,kitkat,4.0
1015,wheatbread,3.0
1015,doughnuts,5.0
1015,cheezits,4.0
1015,celerysticks,3.0
1015,cheesecubes,4.0
1015,carrotsticks,3.0
1015,sweetpotato,4.0
1015,broccoli,2.0
1015,mushrooms,3.0
1015,raspberries,4.0
1015,chocolatepretzels,3.0
1015,deliturkey,4.0
1015,cocktailshrimp,4.0
1015,strawberries,4.0
1015,yogurtpretzels,3.0
1015,kettlecorn,3.0
1015,salami,4.0
1015,cookies,5.0
1015,mms,4.0
1015,ritz,4.0
1015,cherries,4.0
1015,doritos,4.0
1015,triscuits,3.0
1015,falafelwithpita,4.0
1015,minimuffins,3.0
1015,granolabar,4.0
1015,skittles,4.0
1016,icecream,5.0
1016,croissant,4.0
1016,oreos,4.0
1016,cocktailshrimp,5.0
1016,broccoli,4.0
1016,lox,2.0
1016,swedishfish,1.0
1016,minimuffins,3.0
1016,falafelwithpita,3.0
1016,chocolatepretzels,3.0
1016,peaches,4.0
1016,salami,3.0
1016,eggs,2.0
1016,ricecakes,2.0
1016,celerysticks,4.0
1016,banana,4.0
1016,strawberries,5.0
1016,sweetpotato,2.0
1016,appleslices,3.0
1016,edamame,3.0
1016,wheatbread,4.0
1016,granolabar,3.0
1016,raspberries,2.0
1016,cupcakes,3.0
1016,popsicles,4.0
1016,grapes,4.0
1016,trailmix,2.0
1016,poptarts,2.0
1016,orangeslices,4.0
1016,mms,4.0
1016,bakedpotato,4.0
1016,sushi,5.0
1016,carrotsticks,4.0
1016,yogurtpretzels,2.0
1016,cucumberslices,4.0
1016,mushrooms,5.0
1016,skittles,2.0
1016,cookies,3.0
1016,triscuits,2.0
1016,corncob,4.0
1016,grahamcrackers,3.0
1016,cherries,1.0
1016,kiwi,3.0
1016,americancheese,4.0
1016,cheezits,2.0
1016,cherrytomato,4.0
1016,olives,1.0
1016,deliturkey,4.0
1016,ritz,3.0
1016,saltines,3.0
1016,doritos,3.0
1016,pretzels,2.0
1016,sunchips,4.0
1016,potatochips,4.0
1016,avocado,4.0
1016,cantaloupe,3.0
1016,kettlecorn,2.0
1016,mango,3.0
1016,sourpatch,2.0
1016,blueberries,2.0
1016,kitkat,4.0
1016,pear,4.0
1016,bagelplain,4.0
1016,cheesecubes,3.0
1016,doughnuts,5.0
1017,kitkat,5.0
1017,lox,3.0
1017,popsicles,2.0
1017,cheesecubes,4.0
1017,pretzels,4.0
1017,banana,4.0
1017,mms,4.0
1017,mango,4.0
1017,triscuits,4.0
1017,cherries,4.0
1017,oreos,5.0
1017,avocado,5.0
1017,cucumberslices,5.0
1017,bagelplain,4.0
1017,edamame,4.0
1017,kiwi,2.0
1017,wheatbread,4.0
1017,cookies,4.0
1017,cocktailshrimp,5.0
1017,kettlecorn,2.0
1017,ricecakes,2.0
1017,deliturkey,4.0
1017,croissant,4.0
1017,orangeslices,5.0
1017,cantaloupe,5.0
1017,grahamcrackers,5.0
1017,celerysticks,4.0
1017,chocolatepretzels,4.0
1017,trailmix,4.0
1017,sushi,5.0
1017,saltines,4.0
1017,skittles,4.0
1017,bakedpotato,4.0
1017,sunchips,4.0
1017,ritz,4.0
1017,peaches,4.0
1017,sweetpotato,4.0
1017,doughnuts,5.0
1017,sourpatch,2.0
1017,cheezits,2.0
1017,yogurtpretzels,4.0
1017,carrotsticks,4.0
1017,appleslices,5.0
1017,falafelwithpita,4.0
1017,broccoli,4.0
1017,cherrytomato,5.0
1017,swedishfish,4.0
1017,cupcakes,5.0
1017,granolabar,2.0
1017,raspberries,2.0
1017,strawberries,4.0
1017,potatochips,4.0
1017,blueberries,2.0
1017,pear,5.0
1017,corncob,4.0
1017,olives,1.0
1017,poptarts,2.0
1017,minimuffins,4.0
1017,icecream,3.0
1017,americancheese,3.0
1017,mushrooms,4.0
1017,grapes,5.0
1017,salami,2.0
1017,doritos,4.0
1017,eggs,4.0
1018,celerysticks,4.0
1018,olives,4.0
1018,ricecakes,4.0
1018,falafelwithpita,4.0
1018,granolabar,4.0
1018,chocolatepretzels,5.0
1018,bagelplain,5.0
1018,kiwi,5.0
1018,americancheese,4.0
1018,sushi,5.0
1018,icecream,5.0
1018,pretzels,4.0
1018,sourpatch,5.0
1018,cantaloupe,3.0
1018,cherries,4.0
1018,appleslices,4.0
1018,lox,4.0
1018,eggs,4.0
1018,mango,5.0
1018,sweetpotato,4.0
1018,broccoli,4.0
1018,cherrytomato,4.0
1018,yogurtpretzels,4.0
1018,trailmix,4.0
1018,cookies,5.0
1018,saltines,4.0
1018,corncob,4.0
1018,pear,5.0
1018,minimuffins,5.0
1018,kettlecorn,5.0
1018,cupcakes,4.0
1018,carrotsticks,4.0
1018,cheezits,5.0
1018,blueberries,5.0
1018,raspberries,5.0
1018,poptarts,4.0
1018,mushrooms,3.0
1018,banana,4.0
1018,cucumberslices,5.0
1018,grapes,5.0
1018,salami,5.0
1018,cocktailshrimp,4.0
1018,ritz,4.0
1018,swedishfish,4.0
1018,skittles,4.0
1018,doughnuts,5.0
1018,strawberries,5.0
1018,croissant,5.0
1018,bakedpotato,5.0
1018,sunchips,4.0
1018,grahamcrackers,3.0
1018,deliturkey,4.0
1018,popsicles,5.0
1018,triscuits,4.0
1018,oreos,4.0
1018,potatochips,5.0
1018,wheatbread,5.0
1018,peaches,5.0
1018,orangeslices,5.0
1018,doritos,5.0
1018,avocado,5.0
1018,kitkat,5.0
1018,cheesecubes,5.0
1018,edamame,4.0
1018,mms,5.0
1019,mushrooms,1.0
1019,avocado,4.0
1019,salami,4.0
1019,falafelwithpita,3.0
1019,chocolatepretzels,4.0
1019,edamame,4.0
1019,bagelplain,4.0
1019,mango,4.0
1019,olives,5.0
1019,cherrytomato,4.0
1019,doughnuts,4.0
1019,grapes,3.0
1019,pretzels,4.0
1019,lox,1.0
1019,kitkat,4.0
1019,kettlecorn,4.0
1019,celerysticks,3.0
1019,swedishfish,4.0
1019,saltines,4.0
1019,skittles,4.0
1019,cheezits,4.0
1019,popsicles,4.0
1019,wheatbread,4.0
1019,raspberries,5.0
1019,bakedpotato,4.0
1019,grahamcrackers,4.0
1019,trailmix,5.0
1019,carrotsticks,4.0
1019,pear,4.0
1019,appleslices,4.0
1019,minimuffins,4.0
1019,cherries,4.0
1019,granolabar,4.0
1019,corncob,4.0
1019,doritos,4.0
1019,sushi,1.0
1019,cantaloupe,4.0
1019,yogurtpretzels,4.0
1019,cocktailshrimp,1.0
1019,cookies,4.0
1019,eggs,5.0
1019,cupcakes,4.0
1019,blueberries,4.0
1019,kiwi,2.0
1019,oreos,4.0
1019,triscuits,4.0
1019,cheesecubes,5.0
1019,ritz,5.0
1019,peaches,4.0
1019,orangeslices,3.0
1019,cucumberslices,4.0
1019,banana,4.0
1019,ricecakes,3.0
1019,poptarts,4.0
1019,sourpatch,4.0
1019,mms,4.0
1019,deliturkey,4.0
1019,sunchips,4.0
1019,croissant,5.0
1019,sweetpotato,4.0
1019,strawberries,4.0
1019,broccoli,5.0
1019,potatochips,5.0
1019,icecream,1.0
1019,americancheese,4.0
1020,broccoli,4.0
1020,blueberries,5.0
1020,triscuits,3.0
1020,deliturkey,4.0
1020,oreos,4.0
1020,wheatbread,3.0
1020,trailmix,4.0
1020,kettlecorn,3.0
1020,doritos,4.0
1020,pretzels,4.0
1020,potatochips,4.0
1020,skittles,3.0
1020,mms,4.0
1020,grahamcrackers,4.0
1020,avocado,1.0
1020,chocolatepretzels,5.0
1020,cantaloupe,1.0
1020,popsicles,4.0
1020,cherrytomato,1.0
1020,sunchips,5.0
1020,peaches,5.0
1020,mushrooms,1.0
1020,poptarts,4.0
1020,cupcakes,4.0
1020,cucumberslices,3.0
1020,grapes,5.0
1020,cheesecubes,3.0
1020,strawberries,5.0
1020,yogurtpretzels,2.0
1020,olives,1.0
1020,appleslices,5.0
1020,bakedpotato,5.0
1020,croissant,3.0
1020,corncob,4.0
1020,kitkat,5.0
1020,falafelwithpita,2.0
1020,granolabar,4.0
1020,saltines,3.0
1020,banana,5.0
1020,sourpatch,4.0
1020,celerysticks,3.0
1020,doughnuts,5.0
1020,orangeslices,5.0
1020,salami,4.0
1020,ricecakes,2.0
1020,lox,5.0
1020,sweetpotato,2.0
1020,edamame,4.0
1020,americancheese,4.0
1020,sushi,5.0
1020,cherries,5.0
1020,raspberries,4.0
1020,minimuffins,4.0
1020,kiwi,5.0
1020,mango,5.0
1020,cocktailshrimp,5.0
1020,pear,5.0
1020,icecream,5.0
1020,ritz,3.0
1020,cookies,5.0
1020,cheezits,3.0
1020,eggs,3.0
1020,carrotsticks,3.0
1020,bagelplain,4.0
1020,swedishfish,5.0
1021,eggs,4.0
1021,cheezits,4.0
1021,wheatbread,4.0
1021,granolabar,4.0
1021,sunchips,4.0
1021,bakedpotato,4.0
1021,cheesecubes,4.0
1021,raspberries,4.0
1021,cantaloupe,4.0
1021,cupcakes,4.0
1021,banana,4.0
1021,cocktailshrimp,4.0
1021,cherries,4.0
1021,deliturkey,4.0
1021,celerysticks,4.0
1021,lox,4.0
1021,orangeslices,5.0
1021,cucumberslices,4.0
1021,peaches,4.0
1021,swedishfish,4.0
1021,yogurtpretzels,4.0
1021,popsicles,4.0
1021,sweetpotato,4.0
1021,strawberries,5.0
1021,saltines,3.0
1021,triscuits,3.0
1021,falafelwithpita,3.0
1021,mms,2.0
1021,croissant,5.0
1021,oreos,5.0
1021,potatochips,2.0
1021,edamame,5.0
1021,carrotsticks,2.0
1021,chocolatepretzels,2.0
1021,corncob,5.0
1021,sushi,4.0
1021,mango,4.0
1021,poptarts,5.0
1021,blueberries,3.0
1021,minimuffins,5.0
1021,grapes,5.0
1021,salami,3.0
1021,appleslices,5.0
1021,bagelplain,4.0
1021,icecream,4.0
1021,doritos,5.0
1021,kiwi,5.0
1021,americancheese,5.0
1021,kitkat,4.0
1021,skittles,5.0
1021,pretzels,4.0
1021,kettlecorn,5.0
1021,broccoli,3.0
1021,grahamcrackers,5.0
1021,trailmix,1.0
1021,ritz,2.0
1021,sourpatch,1.0
1021,pear,1.0
1021,cookies,1.0
1021,ricecakes,4.0
1021,avocado,1.0
1021,doughnuts,4.0
1021,mushrooms,2.0
1021,cherrytomato,3.0
1021,olives,4.0
1022,raspberries,5.0
1022,saltines,4.0
1022,bakedpotato,4.0
1022,deliturkey,1.0
1022,sunchips,4.0
1022,salami,1.0
1022,mms,5.0
1022,cherrytomato,3.0
1022,appleslices,3.0
1022,corncob,4.0
1022,sushi,4.0
1022,banana,4.0
1022,cherries,5.0
1022,cookies,4.0
1022,chocolatepretzels,4.0
1022,cheesecubes,5.0
1022,cantaloupe,5.0
1022,doughnuts,5.0
1022,cocktailshrimp,1.0
1022,oreos,5.0
1022,americancheese,5.0
1022,granolabar,4.0
1022,lox,1.0
1022,yogurtpretzels,4.0
1022,pear,3.0
1022,sweetpotato,3.0
1022,ritz,4.0
1022,bagelplain,4.0
1022,olives,1.0
1022,kiwi,4.0
1022,kettlecorn,4.0
1022,cupcakes,5.0
1022,orangeslices,4.0
1022,celerysticks,3.0
1022,grahamcrackers,3.0
1022,avocado,5.0
1022,sourpatch,5.0
1022,poptarts,4.0
1022,trailmix,4.0
1022,cucumberslices,3.0
1022,carrotsticks,3.0
1022,mango,4.0
1022,edamame,5.0
1022,doritos,5.0
1022,falafelwithpita,5.0
1022,peaches,5.0
1022,minimuffins,4.0
1022,mushrooms,3.0
1022,blueberries,4.0
1022,eggs,4.0
1022,croissant,4.0
1022,wheatbread,3.0
1022,icecream,2.0
1022,kitkat,4.0
1022,ricecakes,3.0
1022,swedishfish,5.0
1022,grapes,4.0
1022,potatochips,5.0
1022,pretzels,5.0
1022,broccoli,3.0
1022,cheezits,5.0
1022,strawberries,5.0
1022,popsicles,4.0
1022,skittles,5.0
1022,triscuits,3.0
1025,sourpatch,5.0
1025,trailmix,4.0
1025,cocktailshrimp,5.0
1025,ricecakes,4.0
1025,orangeslices,5.0
1025,chocolatepretzels,5.0
1025,kettlecorn,3.0
1025,swedishfish,2.0
1025,saltines,3.0
1025,cantaloupe,5.0
1025,yogurtpretzels,5.0
1025,falafelwithpita,3.0
1025,ritz,5.0
1025,pear,4.0
1025,deliturkey,5.0
1025,doritos,4.0
1025,salami,5.0
1025,sushi,5.0
1025,olives,5.0
1025,cheezits,5.0
1025,cherrytomato,5.0
1025,wheatbread,4.0
1025,pretzels,4.0
1025,icecream,5.0
1025,kitkat,5.0
1025,sweetpotato,1.0
1025,appleslices,5.0
1025,potatochips,4.0
1025,grahamcrackers,5.0
1025,raspberries,5.0
1025,americancheese,4.0
1025,peaches,4.0
1025,cupcakes,5.0
1025,blueberries,5.0
1025,eggs,5.0
1025,sunchips,5.0
1025,banana,4.0
1025,celerysticks,2.0
1025,bakedpotato,5.0
1025,doughnuts,4.0
1025,oreos,5.0
1025,carrotsticks,5.0
1025,triscuits,4.0
1025,grapes,5.0
1025,avocado,5.0
1025,bagelplain,4.0
1025,edamame,3.0
1025,cookies,5.0
1025,skittles,4.0
1025,kiwi,5.0
1025,croissant,5.0
1025,broccoli,5.0
1025,granolabar,5.0
1025,mango,5.0
1025,popsicles,5.0
1025,cheesecubes,5.0
1025,poptarts,4.0
1025,cucumberslices,3.0
1025,corncob,5.0
1025,minimuffins,4.0
1025,lox,3.0
1025,mushrooms,3.0
1025,mms,3.0
1025,strawberries,5.0
1025,cherries,5.0
1026,mms,4.0
1026,icecream,5.0
1026,grahamcrackers,5.0
1026,sweetpotato,3.0
1026,falafelwithpita,5.0
1026,cheesecubes,5.0
1026,yogurtpretzels,4.0
1026,mango,4.0
1026,appleslices,5.0
1026,cherries,5.0
1026,ritz,5.0
1026,strawberries,5.0
1026,celerysticks,5.0
1026,kettlecorn,3.0
1026,sushi,4.0
1026,lox,4.0
1026,cucumberslices,5.0
1026,popsicles,3.0
1026,skittles,2.0
1026,deliturkey,4.0
1026,corncob,5.0
1026,pretzels,5.0
1026,trailmix,4.0
1026,potatochips,4.0
1026,sunchips,4.0
1026,triscuits,5.0
1026,doughnuts,5.0
1026,ricecakes,5.0
1026,americancheese,5.0
1026,avocado,5.0
1026,edamame,5.0
1026,kitkat,5.0
1026,cantaloupe,5.0
1026,granolabar,5.0
1026,chocolatepretzels,5.0
1026,orangeslices,5.0
1026,kiwi,5.0
1026,doritos,5.0
1026,raspberries,5.0
1026,wheatbread,5.0
1026,carrotsticks,5.0
1026,cupcakes,5.0
1026,sourpatch,5.0
1026,salami,5.0
1026,minimuffins,5.0
1026,bagelplain,5.0
1026,pear,5.0
1026,swedishfish,5.0
1026,olives,5.0
1026,blueberries,5.0
1026,banana,5.0
1026,saltines,5.0
1026,mushrooms,5.0
1026,eggs,5.0
1026,bakedpotato,5.0
1026,peaches,5.0
1026,oreos,5.0
1026,cookies,5.0
1026,croissant,5.0
1026,cheezits,5.0
1026,broccoli,3.0
1026,cherrytomato,5.0
1026,grapes,5.0
1026,cocktailshrimp,5.0
1026,poptarts,5.0
1027,mango,4.0
1027,pretzels,2.0
1027,sweetpotato,3.0
1027,orangeslices,4.0
1027,strawberries,5.0
1027,cheesecubes,4.0
1027,ricecakes,4.0
1027,celerysticks,5.0
1027,wheatbread,4.0
1027,swedishfish,5.0
1027,blueberries,2.0
1027,chocolatepretzels,1.0
1027,peaches,4.0
1027,croissant,4.0
1027,banana,5.0
1027,skittles,2.0
1027,sourpatch,1.0
1027,pear,4.0
1027,mushrooms,2.0
1027,americancheese,1.0
1027,cocktailshrimp,4.0
1027,eggs,5.0
1027,icecream,4.0
1027,lox,2.0
1027,mms,1.0
1027,yogurtpretzels,4.0
1027,popsicles,2.0
1027,cucumberslices,5.0
1027,kiwi,4.0
1027,cantaloupe,4.0
1027,potatochips,4.0
1027,carrotsticks,2.0
1027,broccoli,4.0
1027,bagelplain,4.0
1027,grahamcrackers,5.0
1027,doritos,2.0
1027,cupcakes,4.0
1027,cheezits,4.0
1027,grapes,5.0
1027,cherrytomato,4.0
1027,raspberries,4.0
1027,saltines,4.0
1027,granolabar,4.0
1027,sushi,5.0
1027,oreos,4.0
1027,poptarts,4.0
1027,edamame,5.0
1027,minimuffins,4.0
1027,salami,2.0
1027,trailmix,2.0
1027,kettlecorn,4.0
1027,cookies,4.0
1027,ritz,5.0
1027,sunchips,4.0
1027,triscuits,4.0
1027,cherries,5.0
1027,corncob,4.0
1027,olives,5.0
1027,falafelwithpita,2.0
1027,avocado,4.0
1027,kitkat,4.0
1027,deliturkey,2.0
1027,doughnuts,4.0
1027,bakedpotato,4.0
1027,appleslices,5.0
1028,chocolatepretzels,2.0
1028,avocado,4.0
1028,broccoli,4.0
1028,sweetpotato,4.0
1028,strawberries,4.0
1028,grapes,4.0
1028,kitkat,5.0
1028,sushi,1.0
1028,appleslices,4.0
1028,mushrooms,4.0
1028,banana,3.0
1028,wheatbread,2.0
1028,orangeslices,4.0
1028,icecream,4.0
1028,pretzels,3.0
1028,cucumberslices,4.0
1028,cheesecubes,1.0
1028,cherries,4.0
1028,mango,2.0
1028,bakedpotato,4.0
1028,granolabar,2.0
1028,popsicles,1.0
1028,yogurtpretzels,5.0
1028,triscuits,2.0
1028,ritz,2.0
1028,blueberries,4.0
1028,lox,2.0
1028,ricecakes,1.0
1028,swedishfish,1.0
1028,oreos,2.0
1028,poptarts,1.0
1028,trailmix,3.0
1028,mms,2.0
1028,pear,4.0
1028,carrotsticks,4.0
1028,olives,4.0
1028,skittles,3.0
1028,croissant,2.0
1028,americancheese,2.0
1028,salami,4.0
1028,cantaloupe,4.0
1028,edamame,4.0
1028,minimuffins,2.0
1028,cocktailshrimp,4.0
1028,kettlecorn,2.0
1028,raspberries,3.0
1028,cupcakes,1.0
1028,deliturkey,4.0
1028,falafelwithpita,2.0
1028,sunchips,1.0
1028,celerysticks,4.0
1028,doritos,3.0
1028,potatochips,2.0
1028,kiwi,4.0
1028,eggs,5.0
1028,bagelplain,2.0
1028,grahamcrackers,2.0
1028,corncob,2.0
1028,saltines,3.0
1028,cheezits,1.0
1028,cookies,4.0
1028,sourpatch,1.0
1028,cherrytomato,5.0
1028,doughnuts,1.0
1028,peaches,4.0
1029,doughnuts,5.0
1029,chocolatepretzels,2.0
1029,icecream,4.0
1029,kettlecorn,2.0
1029,mango,4.0
1029,kitkat,3.0
1029,cherries,5.0
1029,banana,4.0
1029,mushrooms,1.0
1029,salami,2.0
1029,corncob,3.0
1029,deliturkey,4.0
1029,triscuits,4.0
1029,doritos,4.0
1029,cherrytomato,3.0
1029,swedishfish,3.0
1029,eggs,5.0
1029,pretzels,3.0
1029,cookies,4.0
1029,cantaloupe,4.0
1029,sweetpotato,3.0
1029,celerysticks,3.0
1029,carrotsticks,3.0
1029,broccoli,2.0
1029,appleslices,5.0
1029,olives,2.0
1029,potatochips,3.0
1029,edamame,1.0
1029,cucumberslices,5.0
1029,mms,3.0
1029,raspberries,3.0
1029,avocado,4.0
1029,pear,5.0
1029,ricecakes,1.0
1029,trailmix,3.0
1029,grahamcrackers,4.0
1029,americancheese,3.0
1029,minimuffins,5.0
1029,croissant,3.0
1029,cheesecubes,4.0
1029,saltines,4.0
1029,falafelwithpita,2.0
1029,poptarts,3.0
1029,cocktailshrimp,2.0
1029,granolabar,3.0
1029,sunchips,3.0
1029,blueberries,2.0
1029,oreos,2.0
1029,sushi,4.0
1029,strawberries,5.0
1029,bagelplain,4.0
1029,popsicles,3.0
1029,orangeslices,4.0
1029,skittles,3.0
1029,ritz,4.0
1029,peaches,4.0
1029,sourpatch,3.0
1029,grapes,5.0
1029,lox,2.0
1029,kiwi,5.0
1029,wheatbread,3.0
1029,yogurtpretzels,3.0
1029,cupcakes,5.0
1029,cheezits,4.0
1029,bakedpotato,4.0
1030,sunchips,5.0
1030,trailmix,5.0
1030,cherries,5.0
1030,mango,5.0
1030,celerysticks,5.0
1030,sweetpotato,5.0
1030,cucumberslices,5.0
1030,ritz,5.0
1030,swedishfish,5.0
1030,bagelplain,5.0
1030,oreos,5.0
1030,kitkat,5.0
1030,potatochips,5.0
1030,cookies,5.0
1030,minimuffins,5.0
1030,doughnuts,5.0
1030,olives,5.0
1030,grahamcrackers,5.0
1030,saltines,5.0
1030,icecream,5.0
1030,kettlecorn,5.0
1030,grapes,5.0
1030,pretzels,5.0
1030,banana,5.0
1030,raspberries,5.0
1030,pear,5.0
1030,doritos,5.0
1030,cocktailshrimp,5.0
1030,peaches,5.0
1030,wheatbread,5.0
1030,appleslices,5.0
1030,cupcakes,5.0
1030,popsicles,4.0
1030,sushi,5.0
1030,triscuits,5.0
1030,edamame,5.0
1030,bakedpotato,5.0
1030,croissant,5.0
1030,mushrooms,5.0
1030,eggs,5.0
1030,granolabar,5.0
1030,strawberries,5.0
1030,mms,5.0
1030,avocado,5.0
1030,skittles,5.0
1030,salami,5.0
1030,chocolatepretzels,5.0
1030,corncob,5.0
1030,lox,5.0
1030,orangeslices,5.0
1030,cheezits,5.0
1030,broccoli,4.0
1030,ricecakes,5.0
1030,cantaloupe,5.0
1030,falafelwithpita,5.0
1030,kiwi,5.0
1030,poptarts,5.0
1030,cheesecubes,5.0
1030,deliturkey,5.0
1030,sourpatch,5.0
1030,blueberries,5.0
1030,cherrytomato,5.0
1030,carrotsticks,5.0
1030,yogurtpretzels,5.0
1030,americancheese,5.0
1031,saltines,4.0
1031,yogurtpretzels,3.0
1031,cucumberslices,4.0
1031,broccoli,2.0
1031,trailmix,4.0
1031,pear,4.0
1031,mms,1.0
1031,icecream,3.0
1031,raspberries,3.0
1031,popsicles,4.0
1031,corncob,4.0
1031,chocolatepretzels,4.0
1031,americancheese,5.0
1031,peaches,3.0
1031,sourpatch,1.0
1031,carrotsticks,4.0
1031,kiwi,2.0
1031,doughnuts,4.0
1031,bagelplain,4.0
1031,cupcakes,3.0
1031,strawberries,3.0
1031,grapes,4.0
1031,eggs,5.0
1031,sushi,3.0
1031,doritos,4.0
1031,salami,4.0
1031,pretzels,4.0
1031,sunchips,2.0
1031,potatochips,1.0
1031,banana,4.0
1031,ricecakes,2.0
1031,mushrooms,4.0
1031,granolabar,4.0
1031,oreos,4.0
1031,sweetpotato,4.0
1031,cherries,3.0
1031,kettlecorn,3.0
1031,deliturkey,4.0
1031,grahamcrackers,3.0
1031,ritz,4.0
1031,poptarts,5.0
1031,cantaloupe,4.0
1031,edamame,4.0
1031,skittles,5.0
1031,celerysticks,2.0
1031,minimuffins,4.0
1031,olives,3.0
1031,lox,4.0
1031,bakedpotato,4.0
1031,wheatbread,4.0
1031,orangeslices,4.0
1031,mango,4.0
1031,swedishfish,1.0
1031,cocktailshrimp,4.0
1031,triscuits,3.0
1031,cookies,5.0
1031,appleslices,4.0
1031,cheezits,4.0
1031,falafelwithpita,4.0
1031,croissant,3.0
1031,kitkat,5.0
1031,cherrytomato,4.0
1031,cheesecubes,5.0
1031,blueberries,3.0
1031,avocado,3.0
1032,olives,2.0
1032,skittles,4.0
1032,cupcakes,4.0
1032,sunchips,2.0
1032,trailmix,4.0
1032,doughnuts,5.0
1032,ricecakes,3.0
1032,blueberries,5.0
1032,chocolatepretzels,3.0
1032,pear,4.0
1032,mushrooms,3.0
1032,mms,4.0
1032,appleslices,5.0
1032,sushi,3.0
1032,kitkat,5.0
1032,doritos,4.0
1032,poptarts,5.0
1032,avocado,4.0
1032,sweetpotato,3.0
1032,cantaloupe,4.0
1032,oreos,5.0
1032,deliturkey,3.0
1032,bakedpotato,5.0
1032,yogurtpretzels,4.0
1032,saltines,4.0
1032,salami,4.0
1032,americancheese,4.0
1032,granolabar,5.0
1032,cookies,4.0
1032,bagelplain,4.0
1032,cucumberslices,1.0
1032,celerysticks,4.0
1032,strawberries,5.0
1032,falafelwithpita,3.0
1032,minimuffins,5.0
1032,carrotsticks,1.0
1032,grapes,5.0
1032,lox,3.0
1032,raspberries,4.0
1032,sourpatch,4.0
1032,popsicles,4.0
1032,cherries,5.0
1032,corncob,5.0
1032,peaches,4.0
1032,cherrytomato,4.0
1032,cheesecubes,4.0
1032,mango,4.0
1032,triscuits,3.0
1032,icecream,5.0
1032,eggs,4.0
1032,swedishfish,4.0
1032,grahamcrackers,4.0
1032,broccoli,5.0
1032,potatochips,4.0
1032,pretzels,4.0
1032,wheatbread,5.0
1032,croissant,4.0
1032,orangeslices,5.0
1032,kiwi,4.0
1032,ritz,4.0
1032,edamame,4.0
1032,cocktailshrimp,4.0
1032,banana,5.0
1032,cheezits,4.0
1032,kettlecorn,4.0
1033,cupcakes,4.0
1033,olives,4.0
1033,cocktailshrimp,4.0
1033,doughnuts,4.0
1033,skittles,4.0
1033,kiwi,4.0
1033,blueberries,4.0
1033,potatochips,4.0
1033,poptarts,5.0
1033,kitkat,5.0
1033,cheezits,4.0
1033,yogurtpretzels,4.0
1033,cookies,4.0
1033,mms,4.0
1033,orangeslices,4.0
1033,kettlecorn,5.0
1033,bagelplain,4.0
1033,lox,2.0
1033,chocolatepretzels,4.0
1033,celerysticks,3.0
1033,granolabar,3.0
1033,grapes,4.0
1033,edamame,3.0
1033,strawberries,4.0
1033,broccoli,4.0
1033,mango,3.0
1033,sunchips,4.0
1033,cherrytomato,4.0
1033,triscuits,4.0
1033,icecream,4.0
1033,americancheese,4.0
1033,salami,4.0
1033,bakedpotato,2.0
1033,oreos,2.0
1033,sourpatch,4.0
1033,banana,1.0
1033,falafelwithpita,2.0
1033,cherries,4.0
1033,cantaloupe,4.0
1033,saltines,3.0
1033,grahamcrackers,3.0
1033,wheatbread,2.0
1033,peaches,4.0
1033,mushrooms,2.0
1033,ritz,3.0
1033,avocado,2.0
1033,popsicles,5.0
1033,trailmix,2.0
1033,raspberries,3.0
1033,eggs,4.0
1033,swedishfish,4.0
1033,minimuffins,4.0
1033,sushi,2.0
1033,carrotsticks,3.0
1033,ricecakes,4.0
1033,croissant,4.0
1033,pretzels,3.0
1033,sweetpotato,3.0
1033,cucumberslices,4.0
1033,cheesecubes,4.0
1033,appleslices,4.0
1033,pear,4.0
1033,corncob,4.0
1033,doritos,4.0
1033,deliturkey,4.0
1034,mms,3.0
1034,cherrytomato,4.0
1034,ricecakes,2.0
1034,oreos,2.0
1034,edamame,4.0
1034,strawberries,5.0
1034,lox,4.0
1034,banana,5.0
1034,olives,5.0
1034,poptarts,1.0
1034,kitkat,4.0
1034,pretzels,4.0
1034,broccoli,4.0
1034,raspberries,5.0
1034,grapes,4.0
1034,potatochips,4.0
1034,kettlecorn,3.0
1034,chocolatepretzels,3.0
1034,appleslices,5.0
1034,trailmix,3.0
1034,pear,4.0
1034,cantaloupe,4.0
1034,ritz,3.0
1034,cookies,2.0
1034,swedishfish,1.0
1034,orangeslices,4.0
1034,salami,1.0
1034,eggs,4.0
1034,grahamcrackers,4.0
1034,avocado,5.0
1034,sushi,5.0
1034,popsicles,1.0
1034,wheatbread,3.0
1034,bagelplain,1.0
1034,americancheese,3.0
1034,blueberries,4.0
1034,sourpatch,1.0
1034,corncob,4.0
1034,doughnuts,2.0
1034,bakedpotato,3.0
1034,cherries,3.0
1034,peaches,5.0
1034,cupcakes,1.0
1034,mango,4.0
1034,saltines,2.0
1034,sunchips,1.0
1034,cocktailshrimp,2.0
1034,sweetpotato,4.0
1034,croissant,1.0
1034,icecream,1.0
1034,mushrooms,4.0
1034,cheezits,1.0
1034,granolabar,1.0
1034,kiwi,5.0
1034,falafelwithpita,1.0
1034,celerysticks,4.0
1034,cucumberslices,4.0
1034,deliturkey,1.0
1034,skittles,2.0
1034,yogurtpretzels,1.0
1034,triscuits,5.0
1034,doritos,1.0
1034,carrotsticks,5.0
1034,cheesecubes,4.0
1034,minimuffins,1.0
1035,peaches,3.0
1035,skittles,2.0
1035,carrotsticks,3.0
1035,bakedpotato,4.0
1035,granolabar,3.0
1035,potatochips,4.0
1035,sunchips,5.0
1035,cherrytomato,2.0
1035,cantaloupe,4.0
1035,falafelwithpita,4.0
1035,cherries,3.0
1035,cheesecubes,4.0
1035,mango,3.0
1035,cheezits,4.0
1035,wheatbread,3.0
1035,cookies,5.0
1035,icecream,4.0
1035,edamame,3.0
1035,saltines,3.0
1035,cupcakes,4.0
1035,kitkat,5.0
1035,doughnuts,4.0
1035,broccoli,4.0
1035,oreos,4.0
1035,grapes,4.0
1035,kettlecorn,4.0
1035,pretzels,2.0
1035,mms,3.0
1035,poptarts,4.0
1035,avocado,5.0
1035,lox,4.0
1035,sweetpotato,4.0
1035,strawberries,4.0
1035,grahamcrackers,3.0
1035,croissant,4.0
1035,kiwi,5.0
1035,sushi,5.0
1035,deliturkey,4.0
1035,mushrooms,1.0
1035,corncob,4.0
1035,ricecakes,3.0
1035,trailmix,1.0
1035,americancheese,4.0
1035,celerysticks,3.0
1035,orangeslices,3.0
1035,eggs,5.0
1035,raspberries,4.0
1035,appleslices,4.0
1035,olives,4.0
1035,sourpatch,1.0
1035,minimuffins,4.0
1035,triscuits,4.0
1035,chocolatepretzels,3.0
1035,salami,4.0
1035,yogurtpretzels,3.0
1035,banana,3.0
1035,popsicles,3.0
1035,blueberries,4.0
1035,pear,3.0
1035,swedishfish,1.0
1035,cocktailshrimp,5.0
1035,ritz,5.0
1035,cucumberslices,3.0
1035,doritos,5.0
1035,bagelplain,4.0
1037,cucumberslices,4.0
1037,doughnuts,4.0
1037,popsicles,4.0
1037,croissant,4.0
1037,broccoli,4.0
1037,wheatbread,3.0
1037,falafelwithpita,2.0
1037,deliturkey,4.0
1037,banana,4.0
1037,grahamcrackers,4.0
1037,cocktailshrimp,4.0
1037,cantaloupe,4.0
1037,mango,4.0
1037,grapes,4.0
1037,orangeslices,4.0
1037,potatochips,4.0
1037,trailmix,2.0
1037,bakedpotato,4.0
1037,lox,1.0
1037,mms,4.0
1037,doritos,4.0
1037,sunchips,4.0
1037,poptarts,4.0
1037,bagelplain,4.0
1037,eggs,4.0
1037,cheezits,4.0
1037,cookies,5.0
1037,celerysticks,3.0
1037,triscuits,4.0
1037,kitkat,4.0
1037,kiwi,4.0
1037,minimuffins,4.0
1037,cheesecubes,4.0
1037,olives,4.0
1037,ricecakes,4.0
1037,salami,4.0
1037,sweetpotato,4.0
1037,appleslices,4.0
1037,oreos,4.0
1037,avocado,4.0
1037,carrotsticks,3.0
1037,sushi,1.0
1037,strawberries,4.0
1037,cupcakes,4.0
1037,cherries,4.0
1037,blueberries,4.0
1037,pretzels,2.0
1037,skittles,4.0
1037,chocolatepretzels,4.0
1037,edamame,3.0
1037,corncob,4.0
1037,granolabar,3.0
1037,peaches,4.0
1037,mushrooms,2.0
1037,swedishfish,4.0
1037,pear,4.0
1037,ritz,4.0
1037,sourpatch,4.0
1037,cherrytomato,4.0
1037,yogurtpretzels,2.0
1037,raspberries,4.0
1037,americancheese,4.0
1037,saltines,3.0
1037,kettlecorn,2.0
1037,icecream,4.0
1038,kitkat,3.0
1038,kettlecorn,5.0
1038,granolabar,4.0
1038,ritz,4.0
1038,lox,4.0
1038,chocolatepretzels,3.0
1038,bagelplain,4.0
1038,banana,4.0
1038,orangeslices,4.0
1038,cupcakes,4.0
1038,wheatbread,4.0
1038,mushrooms,5.0
1038,potatochips,5.0
1038,ricecakes,4.0
1038,skittles,4.0
1038,salami,4.0
1038,olives,2.0
1038,croissant,4.0
1038,falafelwithpita,4.0
1038,cantaloupe,4.0
1038,deliturkey,4.0
1038,americancheese,4.0
1038,blueberries,5.0
1038,grapes,4.0
1038,doritos,5.0
1038,edamame,5.0
1038,doughnuts,5.0
1038,popsicles,4.0
1038,carrotsticks,4.0
1038,cocktailshrimp,5.0
1038,bakedpotato,5.0
1038,trailmix,4.0
1038,broccoli,4.0
1038,triscuits,4.0
1038,eggs,3.0
1038,minimuffins,4.0
1038,sunchips,5.0
1038,cheesecubes,5.0
1038,sourpatch,5.0
1038,cucumberslices,4.0
1038,cheezits,3.0
1038,strawberries,5.0
1038,pretzels,4.0
1038,cookies,4.0
1038,mms,4.0
1038,kiwi,4.0
1038,peaches,5.0
1038,sushi,3.0
1038,yogurtpretzels,4.0
1038,mango,3.0
1038,avocado,5.0
1038,corncob,5.0
1038,grahamcrackers,5.0
1038,sweetpotato,4.0
1038,pear,5.0
1038,poptarts,4.0
1038,celerysticks,4.0
1038,cherrytomato,5.0
1038,cherries,5.0
1038,raspberries,5.0
1038,saltines,4.0
1038,icecream,5.0
1038,appleslices,4.0
1038,oreos,3.0
1038,swedishfish,4.0
1039,cucumberslices,4.0
1039,carrotsticks,4.0
1039,pretzels,5.0
1039,doughnuts,5.0
1039,sunchips,4.0
1039,strawberries,4.0
1039,raspberries,4.0
1039,ritz,4.0
1039,americancheese,4.0
1039,eggs,5.0
1039,icecream,5.0
1039,pear,5.0
1039,cherrytomato,5.0
1039,croissant,5.0
1039,popsicles,4.0
1039,celerysticks,4.0
1039,yogurtpretzels,3.0
1039,cocktailshrimp,4.0
1039,lox,3.0
1039,blueberries,4.0
1039,peaches,5.0
1039,cupcakes,4.0
1039,broccoli,2.0
1039,salami,5.0
1039,kiwi,3.0
1039,cantaloupe,5.0
1039,poptarts,5.0
1039,cheezits,4.0
1039,minimuffins,4.0
1039,mushrooms,3.0
1039,grapes,5.0
1039,kettlecorn,5.0
1039,oreos,5.0
1039,sweetpotato,5.0
1039,avocado,5.0
1039,orangeslices,5.0
1039,sushi,4.0
1039,doritos,4.0
1039,cheesecubes,5.0
1039,cookies,4.0
1039,grahamcrackers,4.0
1039,cherries,5.0
1039,wheatbread,5.0
1039,chocolatepretzels,5.0
1039,potatochips,4.0
1039,triscuits,4.0
1039,swedishfish,5.0
1039,granolabar,4.0
1039,banana,4.0
1039,edamame,2.0
1039,ricecakes,4.0
1039,mms,4.0
1039,kitkat,4.0
1039,saltines,4.0
1039,falafelwithpita,4.0
1039,corncob,4.0
1039,bagelplain,4.0
1039,skittles,4.0
1039,bakedpotato,4.0
1039,deliturkey,4.0
1039,appleslices,4.0
1039,olives,4.0
1039,sourpatch,4.0
1039,mango,5.0
1039,trailmix,5.0
1042,deliturkey,3.0
1042,cucumberslices,4.0
1042,popsicles,4.0
1042,eggs,5.0
1042,chocolatepretzels,3.0
1042,grapes,3.0
1042,cookies,4.0
1042,triscuits,5.0
1042,icecream,4.0
1042,cherrytomato,4.0
1042,falafelwithpita,3.0
1042,grahamcrackers,4.0
1042,olives,3.0
1042,celerysticks,4.0
1042,swedishfish,3.0
1042,pear,4.0
1042,raspberries,4.0
1042,edamame,4.0
1042,doughnuts,4.0
1042,cupcakes,4.0
1042,oreos,3.0
1042,carrotsticks,4.0
1042,banana,5.0
1042,mango,5.0
1042,orangeslices,5.0
1042,wheatbread,5.0
1042,potatochips,4.0
1042,cheezits,4.0
1042,saltines,4.0
1042,bakedpotato,1.0
1042,salami,1.0
1042,bagelplain,5.0
1042,avocado,4.0
1042,sushi,2.0
1042,broccoli,2.0
1042,skittles,3.0
1042,ricecakes,4.0
1042,appleslices,4.0
1042,blueberries,4.0
1042,doritos,4.0
1042,americancheese,4.0
1042,granolabar,5.0
1042,kettlecorn,4.0
1042,mms,4.0
1042,lox,4.0
1042,cantaloupe,4.0
1042,corncob,5.0
1042,cherries,4.0
1042,kitkat,5.0
1042,mushrooms,4.0
1042,poptarts,5.0
1042,sunchips,4.0
1042,croissant,4.0
1042,cheesecubes,4.0
1042,trailmix,3.0
1042,ritz,4.0
1042,kiwi,4.0
1042,strawberries,5.0
1042,minimuffins,5.0
1042,sourpatch,5.0
1042,yogurtpretzels,4.0
1042,peaches,4.0
1042,sweetpotato,3.0
1042,cocktailshrimp,4.0
1042,pretzels,3.0
1043,celerysticks,3.0
1043,croissant,4.0
1043,cherrytomato,3.0
1043,sourpatch,4.0
1043,cocktailshrimp,5.0
1043,swedishfish,3.0
1043,yogurtpretzels,3.0
1043,triscuits,3.0
1043,grahamcrackers,3.0
1043,wheatbread,3.0
1043,cucumberslices,4.0
1043,mushrooms,4.0
1043,appleslices,4.0
1043,kettlecorn,4.0
1043,eggs,4.0
1043,grapes,5.0
1043,banana,5.0
1043,cantaloupe,5.0
1043,pretzels,2.0
1043,deliturkey,2.0
1043,cherries,4.0
1043,cheezits,4.0
1043,oreos,1.0
1043,bagelplain,5.0
1043,granolabar,3.0
1043,salami,2.0
1043,orangeslices,4.0
1043,bakedpotato,3.0
1043,icecream,3.0
1043,sweetpotato,4.0
1043,blueberries,4.0
1043,skittles,4.0
1043,raspberries,5.0
1043,chocolatepretzels,2.0
1043,sushi,5.0
1043,doughnuts,1.0
1043,sunchips,2.0
1043,ricecakes,2.0
1043,popsicles,3.0
1043,cheesecubes,4.0
1043,edamame,5.0
1043,mango,4.0
1043,americancheese,2.0
1043,broccoli,4.0
1043,cupcakes,2.0
1043,lox,2.0
1043,strawberries,4.0
1043,ritz,3.0
1043,corncob,4.0
1043,potatochips,1.0
1043,peaches,4.0
1043,pear,4.0
1043,carrotsticks,4.0
1043,trailmix,4.0
1043,minimuffins,3.0
1043,kiwi,4.0
1043,olives,1.0
1043,falafelwithpita,1.0
1043,mms,3.0
1043,kitkat,5.0
1043,saltines,2.0
1043,avocado,5.0
1043,cookies,3.0
1043,poptarts,3.0
1043,doritos,3.0
1044,swedishfish,4.0
1044,olives,4.0
1044,ritz,4.0
1044,doughnuts,5.0
1044,deliturkey,4.0
1044,sushi,1.0
1044,avocado,3.0
1044,cherrytomato,4.0
1044,celerysticks,3.0
1044,cupcakes,4.0
1044,doritos,4.0
1044,sourpatch,4.0
1044,kiwi,4.0
1044,orangeslices,4.0
1044,banana,4.0
1044,skittles,4.0
1044,mms,2.0
1044,americancheese,4.0
1044,corncob,4.0
1044,kitkat,4.0
1044,cherries,4.0
1044,ricecakes,4.0
1044,lox,1.0
1044,cheezits,3.0
1044,minimuffins,4.0
1044,bagelplain,4.0
1044,mango,4.0
1044,mushrooms,2.0
1044,broccoli,3.0
1044,sweetpotato,3.0
1044,salami,4.0
1044,sunchips,4.0
1044,oreos,4.0
1044,cheesecubes,4.0
1044,cantaloupe,4.0
1044,icecream,4.0
1044,yogurtpretzels,3.0
1044,trailmix,2.0
1044,wheatbread,4.0
1044,strawberries,4.0
1044,cocktailshrimp,4.0
1044,grapes,4.0
1044,appleslices,4.0
1044,potatochips,4.0
1044,peaches,4.0
1044,granolabar,4.0
1044,triscuits,4.0
1044,edamame,4.0
1044,poptarts,4.0
1044,cookies,4.0
1044,croissant,4.0
1044,pear,4.0
1044,carrotsticks,4.0
1044,chocolatepretzels,3.0
1044,cucumberslices,4.0
1044,saltines,3.0
1044,eggs,4.0
1044,blueberries,4.0
1044,bakedpotato,4.0
1044,grahamcrackers,4.0
1044,falafelwithpita,4.0
1044,kettlecorn,3.0
1044,popsicles,4.0
1044,raspberries,4.0
1044,pretzels,3.0
1046,lox,5.0
1046,sourpatch,5.0
1046,cocktailshrimp,5.0
1046,appleslices,5.0
1046,edamame,4.0
1046,oreos,5.0
1046,skittles,5.0
1046,kettlecorn,5.0
1046,ricecakes,5.0
1046,carrotsticks,5.0
1046,orangeslices,5.0
1046,saltines,5.0
1046,falafelwithpita,5.0
1046,chocolatepretzels,5.0
1046,mango,5.0
1046,icecream,5.0
1046,olives,5.0
1046,sushi,5.0
1046,avocado,5.0
1046,popsicles,5.0
1046,cheezits,5.0
1046,bakedpotato,5.0
1046,triscuits,5.0
1046,poptarts,5.0
1046,mms,5.0
1046,kitkat,5.0
1046,mushrooms,5.0
1046,cantaloupe,5.0
1046,broccoli,2.0
1046,doritos,4.0
1046,raspberries,2.0
1046,sunchips,4.0
1046,yogurtpretzels,5.0
1046,salami,5.0
1046,corncob,4.0
1046,cherries,5.0
1046,grahamcrackers,5.0
1046,potatochips,5.0
1046,deliturkey,5.0
1046,cookies,5.0
1046,pear,5.0
1046,peaches,5.0
1046,cheesecubes,5.0
1046,cupcakes,5.0
1046,doughnuts,5.0
1046,celerysticks,2.0
1046,cucumberslices,4.0
1046,bagelplain,5.0
1046,eggs,5.0
1046,swedishfish,5.0
1046,americancheese,4.0
1046,blueberries,5.0
1046,cherrytomato,5.0
1046,sweetpotato,3.0
1046,grapes,5.0
1046,croissant,5.0
1046,banana,5.0
1046,ritz,5.0
1046,pretzels,4.0
1046,strawberries,2.0
1046,wheatbread,5.0
1046,minimuffins,5.0
1046,granolabar,5.0
1046,kiwi,5.0
1046,trailmix,5.0
1047,appleslices,5.0
1047,bagelplain,5.0
1047,kiwi,4.0
1047,cheesecubes,4.0
1047,trailmix,4.0
1047,triscuits,4.0
1047,bakedpotato,3.0
1047,doritos,3.0
1047,yogurtpretzels,4.0
1047,carrotsticks,4.0
1047,grahamcrackers,4.0
1047,cupcakes,5.0
1047,edamame,3.0
1047,celerysticks,1.0
1047,swedishfish,4.0
1047,mushrooms,4.0
1047,oreos,3.0
1047,sourpatch,3.0
1047,wheatbread,4.0
1047,pear,4.0
1047,cantaloupe,4.0
1047,mango,4.0
1047,grapes,4.0
1047,sweetpotato,5.0
1047,banana,3.0
1047,cherrytomato,2.0
1047,deliturkey,4.0
1047,mms,5.0
1047,poptarts,2.0
1047,cocktailshrimp,4.0
1047,icecream,4.0
1047,sunchips,4.0
1047,broccoli,4.0
1047,ricecakes,3.0
1047,raspberries,5.0
1047,doughnuts,5.0
1047,lox,4.0
1047,popsicles,3.0
1047,kitkat,4.0
1047,orangeslices,4.0
1047,cheezits,3.0
1047,sushi,5.0
1047,potatochips,4.0
1047,cucumberslices,4.0
1047,peaches,4.0
1047,cookies,5.0
1047,minimuffins,4.0
1047,croissant,5.0
1047,strawberries,5.0
1047,americancheese,4.0
1047,chocolatepretzels,5.0
1047,avocado,5.0
1047,saltines,3.0
1047,skittles,4.0
1047,kettlecorn,4.0
1047,granolabar,2.0
1047,blueberries,4.0
1047,pretzels,5.0
1047,cherries,4.0
1047,falafelwithpita,3.0
1047,corncob,5.0
1047,olives,2.0
1047,eggs,4.0
1047,ritz,4.0
1047,salami,4.0
1048,granolabar,4.0
1048,celerysticks,3.0
1048,mango,4.0
1048,kiwi,3.0
1048,popsicles,3.0
1048,kettlecorn,2.0
1048,avocado,3.0
1048,minimuffins,4.0
1048,potatochips,5.0
1048,olives,3.0
1048,salami,4.0
1048,cherries,2.0
1048,cantaloupe,3.0
1048,deliturkey,4.0
1048,mushrooms,3.0
1048,grapes,4.0
1048,bagelplain,4.0
1048,mms,4.0
1048,cherrytomato,4.0
1048,cupcakes,5.0
1048,blueberries,3.0
1048,pretzels,5.0
1048,sushi,4.0
1048,oreos,4.0
1048,orangeslices,4.0
1048,broccoli,3.0
1048,strawberries,4.0
1048,banana,3.0
1048,lox,3.0
1048,ricecakes,4.0
1048,doritos,5.0
1048,skittles,4.0
1048,edamame,4.0
1048,bakedpotato,5.0
1048,sweetpotato,4.0
1048,ritz,4.0
1048,cookies,4.0
1048,appleslices,4.0
1048,saltines,4.0
1048,kitkat,4.0
1048,wheatbread,4.0
1048,americancheese,4.0
1048,carrotsticks,3.0
1048,icecream,4.0
1048,triscuits,4.0
1048,peaches,4.0
1048,cheesecubes,3.0
1048,cucumberslices,4.0
1048,swedishfish,2.0
1048,doughnuts,4.0
1048,falafelwithpita,3.0
1048,sourpatch,2.0
1048,yogurtpretzels,4.0
1048,sunchips,4.0
1048,croissant,5.0
1048,corncob,5.0
1048,raspberries,3.0
1048,pear,4.0
1048,eggs,2.0
1048,cocktailshrimp,5.0
1048,chocolatepretzels,4.0
1048,grahamcrackers,4.0
1048,trailmix,4.0
1048,cheezits,4.0
1048,poptarts,3.0
1049,ricecakes,4.0
1049,bagelplain,5.0
1049,trailmix,3.0
1049,sushi,5.0
1049,banana,4.0
1049,swedishfish,5.0
1049,pear,2.0
1049,cheezits,2.0
1049,yogurtpretzels,4.0
1049,kitkat,4.0
1049,oreos,4.0
1049,skittles,5.0
1049,cucumberslices,5.0
1049,cantaloupe,4.0
1049,mushrooms,5.0
1049,corncob,5.0
1049,kiwi,3.0
1049,celerysticks,3.0
1049,orangeslices,2.0
1049,olives,5.0
1049,croissant,4.0
1049,eggs,5.0
1049,cookies,4.0
1049,americancheese,5.0
1049,grapes,5.0
1049,granolabar,2.0
1049,potatochips,2.0
1049,cheesecubes,5.0
1049,blueberries,5.0
1049,poptarts,3.0
1049,icecream,5.0
1049,sourpatch,5.0
1049,salami,5.0
1049,bakedpotato,4.0
1049,deliturkey,4.0
1049,cupcakes,2.0
1049,falafelwithpita,4.0
1049,strawberries,4.0
1049,cocktailshrimp,5.0
1049,broccoli,5.0
1049,saltines,3.0
1049,doughnuts,5.0
1049,avocado,5.0
1049,carrotsticks,3.0
1049,raspberries,2.0
1049,pretzels,3.0
1049,sweetpotato,2.0
1049,sunchips,3.0
1049,lox,5.0
1049,appleslices,4.0
1049,ritz,4.0
1049,chocolatepretzels,4.0
1049,doritos,4.0
1049,mms,5.0
1049,mango,4.0
1049,wheatbread,4.0
1049,triscuits,3.0
1049,cherrytomato,4.0
1049,grahamcrackers,4.0
1049,cherries,5.0
1049,kettlecorn,4.0
1049,minimuffins,3.0
1049,popsicles,2.0
1049,edamame,3.0
1049,peaches,4.0
1051,sushi,1.0
1051,popsicles,5.0
1051,strawberries,1.0
1051,corncob,5.0
1051,grahamcrackers,5.0
1051,kiwi,2.0
1051,carrotsticks,5.0
1051,celerysticks,1.0
1051,cupcakes,5.0
1051,salami,5.0
1051,deliturkey,5.0
1051,mushrooms,1.0
1051,appleslices,5.0
1051,cheesecubes,3.0
1051,mango,2.0
1051,sourpatch,5.0
1051,chocolatepretzels,5.0
1051,pear,5.0
1051,croissant,5.0
1051,ricecakes,5.0
1051,yogurtpretzels,5.0
1051,raspberries,2.0
1051,avocado,2.0
1051,americancheese,5.0
1051,cherries,1.0
1051,granolabar,5.0
1051,bagelplain,5.0
1051,eggs,5.0
1051,cocktailshrimp,1.0
1051,saltines,5.0
1051,cheezits,5.0
1051,grapes,5.0
1051,potatochips,5.0
1051,peaches,3.0
1051,wheatbread,5.0
1051,mms,5.0
1051,olives,2.0
1051,skittles,5.0
1051,blueberries,4.0
1051,trailmix,5.0
1051,lox,1.0
1051,falafelwithpita,1.0
1051,orangeslices,5.0
1051,ritz,5.0
1051,triscuits,5.0
1051,cantaloupe,2.0
1051,doughnuts,5.0
1051,bakedpotato,5.0
1051,edamame,4.0
1051,broccoli,1.0
1051,cherrytomato,2.0
1051,kettlecorn,5.0
1051,pretzels,5.0
1051,icecream,3.0
1051,banana,5.0
1051,cookies,5.0
1051,sunchips,5.0
1051,sweetpotato,1.0
1051,cucumberslices,1.0
1051,kitkat,5.0
1051,oreos,5.0
1051,doritos,5.0
1051,minimuffins,5.0
1051,swedishfish,5.0
1051,poptarts,5.0
1052,popsicles,4.0
1052,corncob,4.0
1052,ritz,5.0
1052,triscuits,4.0
1052,doritos,4.0
1052,lox,2.0
1052,cupcakes,5.0
1052,croissant,4.0
1052,yogurtpretzels,4.0
1052,peaches,4.0
1052,appleslices,4.0
1052,kitkat,4.0
1052,potatochips,4.0
1052,sourpatch,5.0
1052,saltines,4.0
1052,pretzels,4.0
1052,grahamcrackers,4.0
1052,cantaloupe,3.0
1052,avocado,2.0
1052,skittles,4.0
1052,strawberries,3.0
1052,kettlecorn,4.0
1052,minimuffins,4.0
1052,orangeslices,4.0
1052,edamame,3.0
1052,salami,3.0
1052,bagelplain,4.0
1052,falafelwithpita,4.0
1052,cherrytomato,2.0
1052,deliturkey,3.0
1052,granolabar,4.0
1052,grapes,4.0
1052,sunchips,4.0
1052,pear,4.0
1052,carrotsticks,3.0
1052,celerysticks,3.0
1052,olives,4.0
1052,chocolatepretzels,4.0
1052,trailmix,4.0
1052,broccoli,2.0
1052,icecream,4.0
1052,americancheese,4.0
1052,bakedpotato,4.0
1052,cheezits,4.0
1052,cookies,4.0
1052,banana,4.0
1052,ricecakes,4.0
1052,cocktailshrimp,2.0
1052,poptarts,4.0
1052,wheatbread,4.0
1052,cherries,4.0
1052,raspberries,4.0
1052,blueberries,4.0
1052,cucumberslices,2.0
1052,oreos,4.0
1052,mango,4.0
1052,cheesecubes,4.0
1052,sushi,2.0
1052,kiwi,2.0
1052,mushrooms,2.0
1052,eggs,4.0
1052,mms,4.0
1052,sweetpotato,4.0
1052,swedishfish,4.0
1052,doughnuts,4.0
1053,mango,5.0
1053,granolabar,4.0
1053,bagelplain,4.0
1053,corncob,4.0
1053,avocado,4.0
1053,pretzels,4.0
1053,minimuffins,2.0
1053,celerysticks,4.0
1053,cookies,4.0
1053,sourpatch,2.0
1053,carrotsticks,4.0
1053,sushi,2.0
1053,broccoli,4.0
1053,mms,4.0
1053,grahamcrackers,4.0
1053,cheezits,5.0
1053,orangeslices,5.0
1053,swedishfish,4.0
1053,appleslices,4.0
1053,skittles,5.0
1053,poptarts,2.0
1053,lox,1.0
1053,oreos,4.0
1053,bakedpotato,4.0
1053,ritz,4.0
1053,cherrytomato,3.0
1053,trailmix,4.0
1053,eggs,3.0
1053,kitkat,5.0
1053,salami,3.0
1053,blueberries,5.0
1053,triscuits,4.0
1053,cocktailshrimp,4.0
1053,deliturkey,2.0
1053,ricecakes,2.0
1053,sunchips,4.0
1053,strawberries,5.0
1053,saltines,4.0
1053,wheatbread,3.0
1053,doritos,5.0
1053,icecream,3.0
1053,mushrooms,3.0
1053,sweetpotato,2.0
1053,kettlecorn,4.0
1053,grapes,5.0
1053,falafelwithpita,4.0
1053,edamame,2.0
1053,raspberries,4.0
1053,peaches,5.0
1053,croissant,5.0
1053,popsicles,4.0
1053,cantaloupe,5.0
1053,doughnuts,5.0
1053,americancheese,3.0
1053,pear,5.0
1053,yogurtpretzels,4.0
1053,olives,1.0
1053,cucumberslices,5.0
1053,chocolatepretzels,4.0
1053,kiwi,5.0
1053,cupcakes,2.0
1053,potatochips,5.0
1053,cheesecubes,3.0
1053,cherries,4.0
1053,banana,5.0
1055,corncob,5.0
1055,falafelwithpita,4.0
1055,doritos,4.0
1055,minimuffins,4.0
1055,sourpatch,3.0
1055,pear,4.0
1055,poptarts,3.0
1055,cucumberslices,4.0
1055,trailmix,4.0
1055,lox,4.0
1055,croissant,4.0
1055,cheezits,5.0
1055,cherries,4.0
1055,carrotsticks,4.0
1055,avocado,4.0
1055,sushi,4.0
1055,chocolatepretzels,4.0
1055,mango,5.0
1055,salami,4.0
1055,eggs,4.0
1055,appleslices,4.0
1055,wheatbread,4.0
1055,yogurtpretzels,2.0
1055,celerysticks,4.0
1055,kiwi,4.0
1055,banana,4.0
1055,cantaloupe,4.0
1055,cupcakes,4.0
1055,mushrooms,4.0
1055,swedishfish,3.0
1055,grahamcrackers,4.0
1055,broccoli,4.0
1055,bakedpotato,5.0
1055,deliturkey,4.0
1055,cherrytomato,4.0
1055,cocktailshrimp,5.0
1055,sweetpotato,4.0
1055,peaches,5.0
1055,pretzels,1.0
1055,americancheese,2.0
1055,sunchips,3.0
1055,edamame,4.0
1055,cookies,5.0
1055,bagelplain,4.0
1055,strawberries,4.0
1055,doughnuts,4.0
1055,granolabar,4.0
1055,orangeslices,4.0
1055,ricecakes,4.0
1055,cheesecubes,4.0
1055,mms,2.0
1055,kettlecorn,3.0
1055,olives,4.0
1055,saltines,4.0
1055,kitkat,4.0
1055,potatochips,4.0
1055,oreos,3.0
1055,ritz,4.0
1055,popsicles,3.0
1055,raspberries,4.0
1055,blueberries,4.0
1055,icecream,4.0
1055,skittles,2.0
1055,grapes,4.0
1055,triscuits,4.0
1056,cherries,3.0
1056,cherrytomato,2.0
1056,kiwi,1.0
1056,triscuits,4.0
1056,cupcakes,5.0
1056,pear,4.0
1056,appleslices,4.0
1056,skittles,4.0
1056,lox,1.0
1056,peaches,4.0
1056,potatochips,3.0
1056,sourpatch,3.0
1056,cheezits,4.0
1056,cheesecubes,4.0
1056,banana,3.0
1056,grapes,5.0
1056,grahamcrackers,4.0
1056,olives,1.0
1056,popsicles,4.0
1056,icecream,4.0
1056,bagelplain,2.0
1056,eggs,2.0
1056,ricecakes,4.0
1056,pretzels,5.0
1056,cantaloupe,4.0
1056,trailmix,4.0
1056,falafelwithpita,3.0
1056,cucumberslices,4.0
1056,sunchips,4.0
1056,mango,4.0
1056,granolabar,2.0
1056,swedishfish,4.0
1056,avocado,1.0
1056,sushi,1.0
1056,doughnuts,4.0
1056,sweetpotato,1.0
1056,corncob,5.0
1056,carrotsticks,3.0
1056,salami,4.0
1056,strawberries,5.0
1056,bakedpotato,5.0
1056,yogurtpretzels,4.0
1056,kettlecorn,4.0
1056,saltines,4.0
1056,cocktailshrimp,1.0
1056,kitkat,5.0
1056,edamame,2.0
1056,raspberries,4.0
1056,chocolatepretzels,5.0
1056,croissant,4.0
1056,orangeslices,4.0
1056,cookies,5.0
1056,mushrooms,3.0
1056,celerysticks,4.0
1056,doritos,4.0
1056,blueberries,4.0
1056,oreos,5.0
1056,wheatbread,4.0
1056,poptarts,4.0
1056,americancheese,4.0
1056,ritz,4.0
1056,deliturkey,4.0
1056,minimuffins,2.0
1056,mms,4.0
1056,broccoli,2.0
1057,grapes,2.0
1057,grahamcrackers,4.0
1057,yogurtpretzels,5.0
1057,strawberries,1.0
1057,cucumberslices,1.0
1057,cheesecubes,4.0
1057,americancheese,4.0
1057,corncob,5.0
1057,pretzels,3.0
1057,sunchips,4.0
1057,bakedpotato,4.0
1057,kiwi,2.0
1057,cookies,4.0
1057,peaches,3.0
1057,sweetpotato,3.0
1057,skittles,3.0
1057,kitkat,5.0
1057,kettlecorn,5.0
1057,edamame,3.0
1057,bagelplain,4.0
1057,swedishfish,2.0
1057,granolabar,4.0
1057,salami,4.0
1057,icecream,3.0
1057,cheezits,3.0
1057,cherries,2.0
1057,sushi,3.0
1057,chocolatepretzels,5.0
1057,triscuits,3.0
1057,celerysticks,1.0
1057,raspberries,2.0
1057,doughnuts,4.0
1057,saltines,4.0
1057,wheatbread,4.0
1057,lox,3.0
1057,appleslices,2.0
1057,sourpatch,4.0
1057,orangeslices,4.0
1057,avocado,1.0
1057,ritz,4.0
1057,broccoli,4.0
1057,deliturkey,4.0
1057,ricecakes,1.0
1057,falafelwithpita,2.0
1057,popsicles,2.0
1057,poptarts,4.0
1057,cocktailshrimp,4.0
1057,mushrooms,3.0
1057,potatochips,5.0
1057,trailmix,5.0
1057,eggs,4.0
1057,mango,1.0
1057,carrotsticks,2.0
1057,blueberries,4.0
1057,doritos,5.0
1057,oreos,4.0
1057,croissant,4.0
1057,minimuffins,4.0
1057,cantaloupe,1.0
1057,pear,3.0
1057,olives,1.0
1057,cherrytomato,2.0
1057,mms,4.0
1057,banana,3.0
1057,cupcakes,5.0
1058,croissant,5.0
1058,pretzels,3.0
1058,grahamcrackers,3.0
1058,yogurtpretzels,4.0
1058,broccoli,5.0
1058,peaches,5.0
1058,cupcakes,5.0
1058,granolabar,4.0
1058,saltines,3.0
1058,mushrooms,5.0
1058,cherrytomato,5.0
1058,bakedpotato,4.0
1058,oreos,5.0
1058,avocado,5.0
1058,swedishfish,3.0
1058,orangeslices,5.0
1058,raspberries,2.0
1058,minimuffins,4.0
1058,eggs,4.0
1058,banana,4.0
1058,doritos,5.0
1058,trailmix,3.0
1058,sunchips,5.0
1058,sushi,4.0
1058,chocolatepretzels,4.0
1058,ricecakes,3.0
1058,cherries,5.0
1058,sourpatch,2.0
1058,bagelplain,4.0
1058,skittles,3.0
1058,corncob,5.0
1058,falafelwithpita,3.0
1058,icecream,5.0
1058,kettlecorn,3.0
1058,pear,3.0
1058,celerysticks,1.0
1058,mms,3.0
1058,strawberries,5.0
1058,wheatbread,4.0
1058,cocktailshrimp,5.0
1058,sweetpotato,2.0
1058,triscuits,4.0
1058,cheezits,3.0
1058,cucumberslices,4.0
1058,doughnuts,3.0
1058,popsicles,3.0
1058,poptarts,1.0
1058,deliturkey,5.0
1058,cantaloupe,5.0
1058,americancheese,5.0
1058,carrotsticks,3.0
1058,ritz,5.0
1058,potatochips,4.0
1058,cookies,4.0
1058,cheesecubes,4.0
1058,kitkat,5.0
1058,kiwi,4.0
1058,edamame,4.0
1058,lox,5.0
1058,grapes,3.0
1058,olives,3.0
1058,mango,3.0
1058,salami,1.0
1058,appleslices,3.0
1058,blueberries,5.0
1059,americancheese,4.0
1059,pear,5.0
1059,edamame,1.0
1059,olives,1.0
1059,cupcakes,5.0
1059,icecream,5.0
1059,oreos,1.0
1059,cherries,1.0
1059,saltines,4.0
1059,ricecakes,2.0
1059,deliturkey,1.0
1059,kettlecorn,1.0
1059,cucumberslices,3.0
1059,sweetpotato,1.0
1059,cocktailshrimp,4.0
1059,corncob,4.0
1059,peaches,2.0
1059,triscuits,2.0
1059,skittles,1.0
1059,grapes,4.0
1059,doritos,2.0
1059,chocolatepretzels,1.0
1059,carrotsticks,1.0
1059,appleslices,4.0
1059,popsicles,2.0
1059,croissant,4.0
1059,yogurtpretzels,1.0
1059,bagelplain,4.0
1059,cheesecubes,2.0
1059,pretzels,1.0
1059,minimuffins,1.0
1059,mms,1.0
1059,cantaloupe,4.0
1059,kitkat,1.0
1059,strawberries,4.0
1059,granolabar,2.0
1059,falafelwithpita,2.0
1059,ritz,2.0
1059,bakedpotato,4.0
1059,potatochips,2.0
1059,celerysticks,2.0
1059,grahamcrackers,2.0
1059,eggs,2.0
1059,wheatbread,5.0
1059,poptarts,2.0
1059,mango,4.0
1059,cherrytomato,4.0
1059,broccoli,2.0
1059,banana,4.0
1059,salami,1.0
1059,lox,1.0
1059,sushi,1.0
1059,avocado,4.0
1059,raspberries,4.0
1059,sunchips,1.0
1059,doughnuts,1.0
1059,orangeslices,4.0
1059,cheezits,1.0
1059,kiwi,1.0
1059,blueberries,1.0
1059,trailmix,2.0
1059,mushrooms,2.0
1059,swedishfish,2.0
1059,sourpatch,1.0
1059,cookies,4.0
1060,kitkat,4.0
1060,avocado,2.0
1060,cantaloupe,4.0
1060,appleslices,5.0
1060,oreos,3.0
1060,blueberries,2.0
1060,icecream,4.0
1060,saltines,5.0
1060,doughnuts,4.0
1060,orangeslices,4.0
1060,corncob,4.0
1060,grahamcrackers,4.0
1060,eggs,4.0
1060,skittles,5.0
1060,chocolatepretzels,4.0
1060,cherries,5.0
1060,cheezits,4.0
1060,poptarts,2.0
1060,minimuffins,4.0
1060,yogurtpretzels,2.0
1060,triscuits,5.0
1060,cookies,4.0
1060,swedishfish,4.0
1060,edamame,1.0
1060,olives,2.0
1060,sushi,2.0
1060,mango,3.0
1060,salami,1.0
1060,trailmix,4.0
1060,americancheese,4.0
1060,cheesecubes,2.0
1060,lox,2.0
1060,bakedpotato,4.0
1060,celerysticks,4.0
1060,pretzels,4.0
1060,banana,5.0
1060,bagelplain,4.0
1060,popsicles,5.0
1060,granolabar,4.0
1060,peaches,5.0
1060,grapes,5.0
1060,doritos,4.0
1060,wheatbread,4.0
1060,sourpatch,5.0
1060,kettlecorn,5.0
1060,cherrytomato,4.0
1060,croissant,4.0
1060,kiwi,5.0
1060,cocktailshrimp,2.0
1060,sunchips,4.0
1060,ritz,4.0
1060,cucumberslices,5.0
1060,strawberries,5.0
1060,sweetpotato,2.0
1060,mushrooms,2.0
1060,pear,5.0
1060,cupcakes,3.0
1060,potatochips,4.0
1060,ricecakes,2.0
1060,carrotsticks,5.0
1060,raspberries,2.0
1060,falafelwithpita,1.0
1060,mms,4.0
1060,broccoli,3.0
1060,deliturkey,2.0
1061,kettlecorn,5.0
1061,banana,4.0
1061,salami,4.0
1061,bakedpotato,4.0
1061,blueberries,4.0
1061,corncob,3.0
1061,bagelplain,3.0
1061,oreos,4.0
1061,kitkat,4.0
1061,pretzels,4.0
1061,ricecakes,2.0
1061,falafelwithpita,1.0
1061,mms,5.0
1061,sweetpotato,1.0
1061,mango,5.0
1061,doughnuts,3.0
1061,raspberries,3.0
1061,grahamcrackers,4.0
1061,trailmix,4.0
1061,sushi,1.0
1061,carrotsticks,2.0
1061,triscuits,5.0
1061,sunchips,5.0
1061,minimuffins,5.0
1061,lox,3.0
1061,cheesecubes,5.0
1061,celerysticks,3.0
1061,sourpatch,4.0
1061,cupcakes,5.0
1061,cantaloupe,1.0
1061,icecream,5.0
1061,pear,5.0
1061,wheatbread,5.0
1061,orangeslices,4.0
1061,ritz,5.0
1061,strawberries,5.0
1061,potatochips,5.0
1061,cherries,5.0
1061,edamame,1.0
1061,broccoli,2.0
1061,olives,5.0
1061,croissant,5.0
1061,swedishfish,5.0
1061,kiwi,4.0
1061,eggs,4.0
1061,doritos,3.0
1061,cookies,5.0
1061,chocolatepretzels,5.0
1061,grapes,5.0
1061,americancheese,5.0
1061,saltines,5.0
1061,granolabar,4.0
1061,poptarts,5.0
1061,skittles,3.0
1061,cocktailshrimp,4.0
1061,mushrooms,3.0
1061,appleslices,4.0
1061,popsicles,3.0
1061,deliturkey,5.0
1061,avocado,4.0
1061,yogurtpretzels,5.0
1061,cucumberslices,2.0
1061,cherrytomato,2.0
1061,peaches,5.0
1061,cheezits,5.0
1062,cheezits,4.0
1062,croissant,5.0
1062,appleslices,5.0
1062,minimuffins,3.0
1062,cheesecubes,5.0
1062,cucumberslices,5.0
1062,orangeslices,4.0
1062,lox,2.0
1062,wheatbread,2.0
1062,doughnuts,1.0
1062,potatochips,5.0
1062,grahamcrackers,2.0
1062,swedishfish,2.0
1062,pretzels,5.0
1062,sweetpotato,5.0
1062,icecream,4.0
1062,blueberries,5.0
1062,olives,5.0
1062,kiwi,5.0
1062,triscuits,4.0
1062,yogurtpretzels,2.0
1062,skittles,3.0
1062,kettlecorn,1.0
1062,deliturkey,5.0
1062,americancheese,5.0
1062,banana,2.0
1062,sunchips,4.0
1062,cherries,5.0
1062,falafelwithpita,1.0
1062,strawberries,5.0
1062,oreos,2.0
1062,poptarts,4.0
1062,eggs,5.0
1062,popsicles,5.0
1062,celerysticks,5.0
1062,doritos,5.0
1062,granolabar,1.0
1062,broccoli,5.0
1062,ritz,4.0
1062,pear,5.0
1062,carrotsticks,5.0
1062,sushi,1.0
1062,cocktailshrimp,5.0
1062,mms,5.0
1062,sourpatch,3.0
1062,bakedpotato,4.0
1062,mango,5.0
1062,saltines,3.0
1062,cupcakes,2.0
1062,grapes,5.0
1062,peaches,5.0
1062,cherrytomato,5.0
1062,edamame,3.0
1062,kitkat,5.0
1062,trailmix,2.0
1062,raspberries,5.0
1062,salami,5.0
1062,avocado,1.0
1062,chocolatepretzels,5.0
1062,mushrooms,5.0
1062,bagelplain,5.0
1062,cookies,5.0
1062,corncob,5.0
1062,cantaloupe,4.0
1062,ricecakes,5.0
1063,popsicles,3.0
1063,salami,4.0
1063,mms,5.0
1063,sunchips,4.0
1063,grapes,4.0
1063,sweetpotato,3.0
1063,oreos,5.0
1063,kitkat,5.0
1063,olives,4.0
1063,trailmix,4.0
1063,sourpatch,3.0
1063,broccoli,3.0
1063,carrotsticks,4.0
1063,cherries,4.0
1063,poptarts,2.0
1063,cucumberslices,3.0
1063,cupcakes,4.0
1063,strawberries,5.0
1063,pear,5.0
1063,appleslices,4.0
1063,raspberries,3.0
1063,kiwi,2.0
1063,pretzels,5.0
1063,swedishfish,2.0
1063,deliturkey,3.0
1063,granolabar,3.0
1063,triscuits,4.0
1063,sushi,3.0
1063,cherrytomato,2.0
1063,doughnuts,4.0
1063,grahamcrackers,4.0
1063,banana,2.0
1063,potatochips,4.0
1063,mango,4.0
1063,bagelplain,4.0
1063,celerysticks,2.0
1063,wheatbread,3.0
1063,cantaloupe,2.0
1063,kettlecorn,5.0
1063,falafelwithpita,2.0
1063,orangeslices,5.0
1063,americancheese,2.0
1063,edamame,2.0
1063,avocado,2.0
1063,cocktailshrimp,4.0
1063,eggs,1.0
1063,cookies,5.0
1063,bakedpotato,4.0
1063,minimuffins,4.0
1063,ricecakes,1.0
1063,peaches,5.0
1063,skittles,5.0
1063,lox,4.0
1063,ritz,4.0
1063,blueberries,3.0
1063,croissant,5.0
1063,cheesecubes,3.0
1063,mushrooms,3.0
1063,doritos,5.0
1063,chocolatepretzels,5.0
1063,cheezits,4.0
1063,yogurtpretzels,3.0
1063,corncob,4.0
1063,saltines,3.0
1063,icecream,5.0
1065,grapes,4.0
1065,potatochips,2.0
1065,kettlecorn,4.0
1065,avocado,4.0
1065,mushrooms,2.0
1065,ritz,2.0
1065,celerysticks,3.0
1065,cucumberslices,5.0
1065,kiwi,5.0
1065,pear,4.0
1065,appleslices,5.0
1065,cherries,3.0
1065,deliturkey,4.0
1065,banana,4.0
1065,olives,2.0
1065,triscuits,4.0
1065,mms,3.0
1065,falafelwithpita,4.0
1065,trailmix,3.0
1065,cocktailshrimp,5.0
1065,bagelplain,4.0
1065,popsicles,2.0
1065,sweetpotato,3.0
1065,pretzels,3.0
1065,ricecakes,4.0
1065,grahamcrackers,4.0
1065,mango,4.0
1065,cantaloupe,4.0
1065,chocolatepretzels,4.0
1065,cheesecubes,4.0
1065,croissant,3.0
1065,swedishfish,1.0
1065,peaches,4.0
1065,eggs,4.0
1065,kitkat,2.0
1065,salami,3.0
1065,raspberries,4.0
1065,cheezits,4.0
1065,yogurtpretzels,4.0
1065,edamame,1.0
1065,carrotsticks,2.0
1065,granolabar,2.0
1065,bakedpotato,4.0
1065,cookies,4.0
1065,sourpatch,3.0
1065,americancheese,4.0
1065,doughnuts,4.0
1065,saltines,4.0
1065,doritos,4.0
1065,icecream,4.0
1065,oreos,4.0
1065,poptarts,4.0
1065,sunchips,4.0
1065,orangeslices,4.0
1065,cupcakes,5.0
1065,wheatbread,4.0
1065,minimuffins,5.0
1065,sushi,1.0
1065,blueberries,3.0
1065,skittles,2.0
1065,corncob,2.0
1065,broccoli,1.0
1065,cherrytomato,4.0
1065,lox,1.0
1065,strawberries,5.0
1066,lox,3.0
1066,ricecakes,4.0
1066,potatochips,5.0
1066,granolabar,4.0
1066,trailmix,3.0
1066,broccoli,3.0
1066,ritz,3.0
1066,salami,2.0
1066,doughnuts,3.0
1066,chocolatepretzels,4.0
1066,kitkat,4.0
1066,cupcakes,2.0
1066,eggs,1.0
1066,mango,2.0
1066,sushi,3.0
1066,sunchips,4.0
1066,appleslices,4.0
1066,bagelplain,3.0
1066,corncob,4.0
1066,cucumberslices,2.0
1066,orangeslices,3.0
1066,cheesecubes,2.0
1066,banana,3.0
1066,grapes,4.0
1066,bakedpotato,3.0
1066,swedishfish,4.0
1066,kettlecorn,4.0
1066,poptarts,3.0
1066,cherries,1.0
1066,croissant,3.0
1066,pretzels,5.0
1066,popsicles,4.0
1066,olives,1.0
1066,cookies,4.0
1066,peaches,2.0
1066,yogurtpretzels,4.0
1066,sweetpotato,4.0
1066,deliturkey,4.0
1066,blueberries,3.0
1066,minimuffins,3.0
1066,mms,2.0
1066,grahamcrackers,3.0
1066,carrotsticks,2.0
1066,kiwi,5.0
1066,saltines,3.0
1066,pear,3.0
1066,strawberries,5.0
1066,wheatbread,4.0
1066,celerysticks,3.0
1066,sourpatch,5.0
1066,raspberries,3.0
1066,avocado,1.0
1066,cheezits,4.0
1066,triscuits,2.0
1066,cocktailshrimp,2.0
1066,cherrytomato,3.0
1066,americancheese,1.0
1066,edamame,3.0
1066,cantaloupe,3.0
1066,oreos,4.0
1066,doritos,5.0
1066,icecream,3.0
1066,mushrooms,2.0
1066,falafelwithpita,3.0
1066,skittles,3.0
1068,celerysticks,4.0
1068,cocktailshrimp,5.0
1068,mango,5.0
1068,doughnuts,4.0
1068,cheesecubes,4.0
1068,pear,3.0
1068,icecream,5.0
1068,avocado,5.0
1068,skittles,5.0
1068,bakedpotato,5.0
1068,broccoli,5.0
1068,eggs,3.0
1068,falafelwithpita,4.0
1068,yogurtpretzels,3.0
1068,ritz,3.0
1068,banana,4.0
1068,kitkat,5.0
1068,popsicles,2.0
1068,swedishfish,3.0
1068,potatochips,4.0
1068,raspberries,5.0
1068,blueberries,5.0
1068,oreos,3.0
1068,bagelplain,3.0
1068,wheatbread,4.0
1068,sushi,5.0
1068,mushrooms,4.0
1068,cucumberslices,3.0
1068,chocolatepretzels,5.0
1068,cherrytomato,5.0
1068,olives,1.0
1068,edamame,5.0
1068,minimuffins,3.0
1068,corncob,4.0
1068,triscuits,3.0
1068,cookies,5.0
1068,grahamcrackers,3.0
1068,poptarts,2.0
1068,kettlecorn,4.0
1068,americancheese,4.0
1068,cheezits,3.0
1068,trailmix,3.0
1068,saltines,3.0
1068,doritos,5.0
1068,appleslices,4.0
1068,strawberries,4.0
1068,croissant,3.0
1068,peaches,5.0
1068,orangeslices,5.0
1068,cantaloupe,2.0
1068,carrotsticks,4.0
1068,granolabar,3.0
1068,sunchips,2.0
1068,grapes,4.0
1068,mms,5.0
1068,kiwi,2.0
1068,pretzels,3.0
1068,deliturkey,1.0
1068,lox,4.0
1068,ricecakes,2.0
1068,cupcakes,5.0
1068,sweetpotato,4.0
1068,cherries,5.0
1068,salami,1.0
1068,sourpatch,3.0
1069,ricecakes,4.0
1069,grapes,5.0
1069,grahamcrackers,4.0
1069,pretzels,1.0
1069,cookies,5.0
1069,celerysticks,4.0
1069,blueberries,5.0
1069,cherrytomato,5.0
1069,corncob,5.0
1069,sunchips,4.0
1069,carrotsticks,4.0
1069,poptarts,5.0
1069,cocktailshrimp,5.0
1069,cupcakes,5.0
1069,potatochips,3.0
1069,deliturkey,4.0
1069,kettlecorn,5.0
1069,edamame,5.0
1069,icecream,5.0
1069,cucumberslices,4.0
1069,bagelplain,4.0
1069,cherries,5.0
1069,bakedpotato,4.0
1069,wheatbread,3.0
1069,falafelwithpita,5.0
1069,americancheese,5.0
1069,eggs,4.0
1069,popsicles,1.0
1069,kiwi,5.0
1069,triscuits,3.0
1069,croissant,5.0
1069,doughnuts,5.0
1069,strawberries,5.0
1069,ritz,5.0
1069,granolabar,1.0
1069,broccoli,4.0
1069,saltines,2.0
1069,banana,3.0
1069,trailmix,3.0
1069,lox,5.0
1069,orangeslices,5.0
1069,olives,4.0
1069,mms,2.0
1069,chocolatepretzels,1.0
1069,minimuffins,5.0
1069,mushrooms,5.0
1069,avocado,5.0
1069,cheezits,3.0
1069,peaches,5.0
1069,raspberries,5.0
1069,kitkat,5.0
1069,cheesecubes,5.0
1069,doritos,1.0
1069,salami,5.0
1069,yogurtpretzels,1.0
1069,sweetpotato,5.0
1069,sourpatch,1.0
1069,oreos,2.0
1069,swedishfish,1.0
1069,sushi,5.0
1069,mango,5.0
1069,appleslices,4.0
1069,pear,3.0
1069,skittles,1.0
1069,cantaloupe,5.0
1070,pear,4.0
1070,raspberries,2.0
1070,swedishfish,1.0
1070,doritos,4.0
1070,broccoli,4.0
1070,doughnuts,5.0
1070,ricecakes,3.0
1070,minimuffins,4.0
1070,cupcakes,4.0
1070,sunchips,5.0
1070,americancheese,4.0
1070,lox,1.0
1070,cherries,4.0
1070,cherrytomato,3.0
1070,wheatbread,2.0
1070,cookies,5.0
1070,trailmix,5.0
1070,icecream,5.0
1070,peaches,5.0
1070,yogurtpretzels,5.0
1070,cheezits,4.0
1070,strawberries,5.0
1070,sweetpotato,3.0
1070,sourpatch,2.0
1070,cucumberslices,5.0
1070,poptarts,5.0
1070,grahamcrackers,4.0
1070,pretzels,4.0
1070,eggs,2.0
1070,appleslices,4.0
1070,ritz,5.0
1070,kettlecorn,4.0
1070,chocolatepretzels,5.0
1070,mushrooms,2.0
1070,olives,2.0
1070,grapes,5.0
1070,banana,3.0
1070,potatochips,5.0
1070,saltines,4.0
1070,edamame,5.0
1070,orangeslices,3.0
1070,salami,4.0
1070,blueberries,4.0
1070,skittles,3.0
1070,cocktailshrimp,2.0
1070,celerysticks,5.0
1070,cheesecubes,4.0
1070,avocado,5.0
1070,mango,5.0
1070,kiwi,4.0
1070,popsicles,2.0
1070,triscuits,4.0
1070,cantaloupe,2.0
1070,mms,3.0
1070,sushi,5.0
1070,granolabar,5.0
1070,croissant,5.0
1070,deliturkey,4.0
1070,kitkat,5.0
1070,bagelplain,5.0
1070,carrotsticks,5.0
1070,bakedpotato,4.0
1070,corncob,5.0
1070,oreos,5.0
1070,falafelwithpita,5.0
1072,sourpatch,1.0
1072,grapes,5.0
1072,granolabar,1.0
1072,kettlecorn,1.0
1072,oreos,1.0
1072,carrotsticks,5.0
1072,corncob,5.0
1072,eggs,5.0
1072,sushi,4.0
1072,sweetpotato,5.0
1072,americancheese,1.0
1072,cantaloupe,5.0
1072,cucumberslices,5.0
1072,appleslices,5.0
1072,bagelplain,3.0
1072,deliturkey,5.0
1072,avocado,5.0
1072,mms,1.0
1072,cupcakes,1.0
1072,doughnuts,1.0
1072,banana,5.0
1072,wheatbread,5.0
1072,yogurtpretzels,1.0
1072,pretzels,5.0
1072,bakedpotato,5.0
1072,cheesecubes,5.0
1072,pear,5.0
1072,cocktailshrimp,5.0
1072,popsicles,4.0
1072,potatochips,5.0
1072,cherries,5.0
1072,croissant,5.0
1072,strawberries,5.0
1072,icecream,5.0
1072,grahamcrackers,5.0
1072,ricecakes,3.0
1072,mushrooms,5.0
1072,kiwi,5.0
1072,swedishfish,1.0
1072,broccoli,5.0
1072,cherrytomato,5.0
1072,ritz,1.0
1072,salami,5.0
1072,peaches,5.0
1072,mango,5.0
1072,cheezits,5.0
1072,kitkat,5.0
1072,lox,5.0
1072,skittles,1.0
1072,orangeslices,5.0
1072,celerysticks,5.0
1072,cookies,5.0
1072,minimuffins,3.0
1072,raspberries,5.0
1072,doritos,1.0
1072,triscuits,1.0
1072,sunchips,1.0
1072,chocolatepretzels,1.0
1072,trailmix,2.0
1072,falafelwithpita,1.0
1072,blueberries,2.0
1072,olives,1.0
1072,edamame,5.0
1072,saltines,2.0
1072,poptarts,3.0
1074,eggs,3.0
1074,edamame,2.0
1074,saltines,5.0
1074,mushrooms,1.0
1074,icecream,3.0
1074,falafelwithpita,4.0
1074,salami,5.0
1074,ricecakes,4.0
1074,chocolatepretzels,5.0
1074,americancheese,5.0
1074,cookies,5.0
1074,mango,3.0
1074,pretzels,5.0
1074,trailmix,4.0
1074,cocktailshrimp,5.0
1074,sweetpotato,4.0
1074,sunchips,4.0
1074,avocado,4.0
1074,bagelplain,5.0
1074,grahamcrackers,5.0
1074,cheesecubes,4.0
1074,carrotsticks,5.0
1074,appleslices,5.0
1074,cantaloupe,3.0
1074,banana,5.0
1074,mms,5.0
1074,cucumberslices,4.0
1074,poptarts,5.0
1074,pear,5.0
1074,triscuits,5.0
1074,potatochips,5.0
1074,cherries,5.0
1074,kiwi,3.0
1074,celerysticks,5.0
1074,bakedpotato,5.0
1074,doritos,5.0
1074,cherrytomato,3.0
1074,deliturkey,5.0
1074,cheezits,5.0
1074,croissant,5.0
1074,doughnuts,5.0
1074,raspberries,4.0
1074,popsicles,5.0
1074,orangeslices,5.0
1074,blueberries,4.0
1074,ritz,5.0
1074,skittles,5.0
1074,wheatbread,5.0
1074,peaches,2.0
1074,corncob,5.0
1074,kitkat,5.0
1074,swedishfish,4.0
1074,yogurtpretzels,5.0
1074,olives,2.0
1074,lox,4.0
1074,oreos,5.0
1074,sourpatch,5.0
1074,minimuffins,4.0
1074,grapes,5.0
1074,broccoli,1.0
1074,cupcakes,5.0
1074,strawberries,4.0
1074,sushi,5.0
1074,granolabar,4.0
1074,kettlecorn,2.0
1075,olives,4.0
1075,oreos,4.0
1075,swedishfish,2.0
1075,salami,4.0
1075,eggs,4.0
1075,carrotsticks,4.0
1075,icecream,4.0
1075,sourpatch,2.0
1075,cheesecubes,5.0
1075,kettlecorn,4.0
1075,croissant,4.0
1075,peaches,4.0
1075,bagelplain,4.0
1075,sweetpotato,1.0
1075,cherrytomato,5.0
1075,strawberries,5.0
1075,blueberries,5.0
1075,popsicles,4.0
1075,cheezits,4.0
1075,potatochips,4.0
1075,granolabar,2.0
1075,mushrooms,4.0
1075,trailmix,5.0
1075,mango,4.0
1075,bakedpotato,4.0
1075,cocktailshrimp,5.0
1075,cantaloupe,4.0
1075,lox,4.0
1075,minimuffins,4.0
1075,kitkat,4.0
1075,grapes,4.0
1075,triscuits,2.0
1075,yogurtpretzels,4.0
1075,orangeslices,4.0
1075,pretzels,4.0
1075,grahamcrackers,4.0
1075,saltines,4.0
1075,cucumberslices,4.0
1075,banana,4.0
1075,appleslices,4.0
1075,cupcakes,4.0
1075,broccoli,4.0
1075,avocado,5.0
1075,sunchips,4.0
1075,raspberries,4.0
1075,cookies,4.0
1075,doritos,4.0
1075,pear,4.0
1075,edamame,1.0
1075,americancheese,4.0
1075,corncob,5.0
1075,wheatbread,4.0
1075,falafelwithpita,3.0
1075,kiwi,2.0
1075,ritz,4.0
1075,celerysticks,4.0
1075,ricecakes,2.0
1075,doughnuts,5.0
1075,poptarts,4.0
1075,cherries,4.0
1075,skittles,5.0
1075,mms,4.0
1075,chocolatepretzels,4.0
1075,deliturkey,4.0
1075,sushi,5.0
1076,oreos,4.0
1076,broccoli,4.0
1076,minimuffins,2.0
1076,cantaloupe,4.0
1076,americancheese,5.0
1076,trailmix,3.0
1076,cupcakes,2.0
1076,olives,1.0
1076,carrotsticks,4.0
1076,ricecakes,2.0
1076,swedishfish,2.0
1076,kettlecorn,4.0
1076,wheatbread,4.0
1076,orangeslices,4.0
1076,falafelwithpita,3.0
1076,deliturkey,4.0
1076,peaches,5.0
1076,eggs,3.0
1076,pear,4.0
1076,banana,3.0
1076,cocktailshrimp,4.0
1076,chocolatepretzels,3.0
1076,doritos,4.0
1076,cucumberslices,4.0
1076,sushi,5.0
1076,mushrooms,3.0
1076,cookies,4.0
1076,yogurtpretzels,2.0
1076,salami,4.0
1076,saltines,4.0
1076,grahamcrackers,3.0
1076,pretzels,3.0
1076,lox,4.0
1076,avocado,5.0
1076,mms,4.0
1076,popsicles,4.0
1076,grapes,4.0
1076,edamame,4.0
1076,skittles,4.0
1076,bakedpotato,3.0
1076,sourpatch,4.0
1076,granolabar,4.0
1076,poptarts,3.0
1076,cheesecubes,5.0
1076,raspberries,5.0
1076,cherrytomato,2.0
1076,icecream,4.0
1076,cherries,4.0
1076,mango,5.0
1076,ritz,4.0
1076,triscuits,3.0
1076,kitkat,3.0
1076,kiwi,5.0
1076,sunchips,3.0
1076,cheezits,4.0
1076,sweetpotato,2.0
1076,bagelplain,3.0
1076,strawberries,5.0
1076,appleslices,4.0
1076,blueberries,4.0
1076,croissant,4.0
1076,doughnuts,4.0
1076,celerysticks,3.0
1076,corncob,4.0
1076,potatochips,4.0
1077,cookies,5.0
1077,trailmix,4.0
1077,cherries,4.0
1077,ritz,3.0
1077,cherrytomato,4.0
1077,mms,4.0
1077,potatochips,4.0
1077,cucumberslices,5.0
1077,skittles,4.0
1077,deliturkey,4.0
1077,sushi,4.0
1077,grahamcrackers,4.0
1077,cheesecubes,4.0
1077,corncob,4.0
1077,kiwi,3.0
1077,triscuits,4.0
1077,chocolatepretzels,4.0
1077,popsicles,3.0
1077,pretzels,4.0
1077,avocado,5.0
1077,kitkat,5.0
1077,americancheese,5.0
1077,celerysticks,4.0
1077,poptarts,5.0
1077,strawberries,5.0
1077,yogurtpretzels,5.0
1077,doughnuts,5.0
1077,salami,4.0
1077,sunchips,5.0
1077,sourpatch,4.0
1077,edamame,4.0
1077,orangeslices,4.0
1077,granolabar,3.0
1077,peaches,4.0
1077,appleslices,4.0
1077,bagelplain,5.0
1077,pear,4.0
1077,cheezits,4.0
1077,falafelwithpita,3.0
1077,croissant,4.0
1077,bakedpotato,4.0
1077,banana,4.0
1077,cantaloupe,3.0
1077,blueberries,4.0
1077,oreos,4.0
1077,eggs,4.0
1077,kettlecorn,5.0
1077,broccoli,4.0
1077,icecream,4.0
1077,mango,5.0
1077,raspberries,4.0
1077,minimuffins,3.0
1077,grapes,4.0
1077,lox,4.0
1077,ricecakes,4.0
1077,mushrooms,5.0
1077,cupcakes,5.0
1077,sweetpotato,5.0
1077,carrotsticks,4.0
1077,olives,4.0
1077,wheatbread,4.0
1077,cocktailshrimp,4.0
1077,swedishfish,4.0
1077,doritos,4.0
1077,saltines,4.0
1078,cheezits,2.0
1078,mms,2.0
1078,cocktailshrimp,3.0
1078,croissant,4.0
1078,skittles,4.0
1078,kitkat,3.0
1078,trailmix,3.0
1078,sushi,1.0
1078,cupcakes,4.0
1078,appleslices,4.0
1078,popsicles,4.0
1078,salami,3.0
1078,yogurtpretzels,4.0
1078,bakedpotato,5.0
1078,avocado,4.0
1078,grahamcrackers,4.0
1078,kiwi,3.0
1078,kettlecorn,4.0
1078,edamame,3.0
1078,blueberries,4.0
1078,cherrytomato,5.0
1078,mango,5.0
1078,olives,3.0
1078,icecream,4.0
1078,deliturkey,4.0
1078,chocolatepretzels,4.0
1078,swedishfish,3.0
1078,raspberries,4.0
1078,cantaloupe,2.0
1078,peaches,5.0
1078,strawberries,5.0
1078,ricecakes,3.0
1078,mushrooms,3.0
1078,eggs,4.0
1078,potatochips,3.0
1078,cookies,4.0
1078,doritos,4.0
1078,corncob,2.0
1078,pear,2.0
1078,bagelplain,3.0
1078,cheesecubes,3.0
1078,orangeslices,4.0
1078,pretzels,4.0
1078,ritz,5.0
1078,poptarts,4.0
1078,cucumberslices,3.0
1078,broccoli,4.0
1078,lox,1.0
1078,americancheese,3.0
1078,minimuffins,4.0
1078,sunchips,4.0
1078,triscuits,4.0
1078,celerysticks,4.0
1078,doughnuts,4.0
1078,sweetpotato,5.0
1078,oreos,4.0
1078,falafelwithpita,3.0
1078,wheatbread,4.0
1078,banana,3.0
1078,carrotsticks,3.0
1078,grapes,3.0
1078,sourpatch,4.0
1078,granolabar,4.0
1078,saltines,5.0
1078,cherries,4.0
1079,popsicles,3.0
1079,salami,3.0
1079,strawberries,4.0
1079,icecream,3.0
1079,peaches,4.0
1079,kitkat,4.0
1079,eggs,4.0
1079,cucumberslices,4.0
1079,swedishfish,3.0
1079,carrotsticks,4.0
1079,potatochips,3.0
1079,corncob,3.0
1079,minimuffins,4.0
1079,sourpatch,3.0
1079,pear,5.0
1079,sunchips,3.0
1079,kiwi,4.0
1079,doritos,3.0
1079,doughnuts,2.0
1079,falafelwithpita,2.0
1079,wheatbread,2.0
1079,triscuits,2.0
1079,sushi,3.0
1079,cupcakes,2.0
1079,ricecakes,3.0
1079,cocktailshrimp,4.0
1079,grahamcrackers,2.0
1079,olives,4.0
1079,broccoli,3.0
1079,celerysticks,3.0
1079,cookies,2.0
1079,yogurtpretzels,3.0
1079,cherrytomato,4.0
1079,appleslices,5.0
1079,orangeslices,5.0
1079,granolabar,2.0
1079,avocado,5.0
1079,ritz,2.0
1079,grapes,5.0
1079,edamame,4.0
1079,bakedpotato,2.0
1079,skittles,3.0
1079,croissant,3.0
1079,americancheese,3.0
1079,banana,4.0
1079,deliturkey,3.0
1079,kettlecorn,3.0
1079,bagelplain,3.0
1079,sweetpotato,3.0
1079,lox,3.0
1079,cheesecubes,3.0
1079,chocolatepretzels,3.0
1079,mushrooms,4.0
1079,blueberries,4.0
1079,cheezits,3.0
1079,poptarts,3.0
1079,pretzels,3.0
1079,raspberries,5.0
1079,trailmix,3.0
1079,saltines,3.0
1079,mms,3.0
1079,cherries,4.0
1079,cantaloupe,4.0
1079,mango,4.0
1079,oreos,3.0
1081,americancheese,4.0
1081,deliturkey,4.0
1081,cantaloupe,2.0
1081,doughnuts,5.0
1081,sunchips,5.0
1081,pear,3.0
1081,sourpatch,4.0
1081,sweetpotato,4.0
1081,grahamcrackers,3.0
1081,eggs,3.0
1081,kettlecorn,4.0
1081,strawberries,4.0
1081,skittles,3.0
1081,bakedpotato,4.0
1081,blueberries,3.0
1081,bagelplain,4.0
1081,peaches,3.0
1081,lox,2.0
1081,mushrooms,3.0
1081,cherries,4.0
1081,croissant,4.0
1081,trailmix,3.0
1081,ritz,3.0
1081,cucumberslices,3.0
1081,kitkat,5.0
1081,yogurtpretzels,4.0
1081,chocolatepretzels,3.0
1081,wheatbread,3.0
1081,mango,4.0
1081,olives,3.0
1081,raspberries,3.0
1081,carrotsticks,3.0
1081,cocktailshrimp,3.0
1081,cherrytomato,2.0
1081,mms,4.0
1081,doritos,4.0
1081,banana,3.0
1081,edamame,3.0
1081,kiwi,3.0
1081,sushi,3.0
1081,poptarts,3.0
1081,cheezits,3.0
1081,granolabar,4.0
1081,icecream,4.0
1081,swedishfish,4.0
1081,corncob,4.0
1081,pretzels,3.0
1081,falafelwithpita,3.0
1081,minimuffins,3.0
1081,triscuits,3.0
1081,oreos,4.0
1081,potatochips,2.0
1081,celerysticks,2.0
1081,popsicles,2.0
1081,cupcakes,3.0
1081,orangeslices,4.0
1081,salami,3.0
1081,broccoli,4.0
1081,ricecakes,3.0
1081,avocado,2.0
1081,saltines,3.0
1081,appleslices,4.0
1081,cheesecubes,4.0
1081,grapes,4.0
1081,cookies,4.0
1082,corncob,3.0
1082,croissant,4.0
1082,grapes,5.0
1082,bagelplain,4.0
1082,edamame,4.0
1082,poptarts,2.0
1082,yogurtpretzels,2.0
1082,kiwi,5.0
1082,pretzels,2.0
1082,granolabar,4.0
1082,mushrooms,4.0
1082,lox,4.0
1082,appleslices,5.0
1082,sourpatch,5.0
1082,wheatbread,4.0
1082,cherrytomato,5.0
1082,raspberries,5.0
1082,saltines,2.0
1082,cupcakes,4.0
1082,carrotsticks,4.0
1082,ritz,2.0
1082,trailmix,5.0
1082,cocktailshrimp,1.0
1082,peaches,5.0
1082,banana,4.0
1082,swedishfish,3.0
1082,skittles,4.0
1082,deliturkey,4.0
1082,blueberries,5.0
1082,oreos,4.0
1082,pear,5.0
1082,potatochips,4.0
1082,olives,5.0
1082,celerysticks,4.0
1082,cherries,5.0
1082,mango,5.0
1082,broccoli,4.0
1082,sweetpotato,4.0
1082,cookies,4.0
1082,eggs,4.0
1082,chocolatepretzels,2.0
1082,doughnuts,5.0
1082,salami,4.0
1082,avocado,4.0
1082,cheesecubes,4.0
1082,mms,4.0
1082,sunchips,2.0
1082,kettlecorn,2.0
1082,orangeslices,5.0
1082,strawberries,5.0
1082,triscuits,2.0
1082,icecream,4.0
1082,falafelwithpita,4.0
1082,doritos,5.0
1082,cheezits,3.0
1082,sushi,1.0
1082,cucumberslices,5.0
1082,kitkat,5.0
1082,americancheese,4.0
1082,popsicles,5.0
1082,grahamcrackers,4.0
1082,bakedpotato,4.0
1082,minimuffins,4.0
1082,ricecakes,2.0
1082,cantaloupe,4.0
1083,ricecakes,3.0
1083,appleslices,5.0
1083,popsicles,5.0
1083,cheezits,5.0
1083,granolabar,3.0
1083,kitkat,5.0
1083,celerysticks,1.0
1083,skittles,5.0
1083,kettlecorn,5.0
1083,avocado,5.0
1083,doritos,5.0
1083,mushrooms,1.0
1083,bakedpotato,5.0
1083,deliturkey,4.0
1083,lox,1.0
1083,corncob,5.0
1083,raspberries,3.0
1083,orangeslices,5.0
1083,icecream,5.0
1083,peaches,5.0
1083,cupcakes,5.0
1083,sushi,1.0
1083,broccoli,4.0
1083,doughnuts,5.0
1083,eggs,5.0
1083,ritz,5.0
1083,cookies,1.0
1083,saltines,5.0
1083,bagelplain,1.0
1083,potatochips,5.0
1083,pretzels,4.0
1083,grahamcrackers,5.0
1083,swedishfish,5.0
1083,oreos,5.0
1083,pear,5.0
1083,kiwi,5.0
1083,minimuffins,5.0
1083,cherries,1.0
1083,cucumberslices,5.0
1083,trailmix,2.0
1083,croissant,2.0
1083,sweetpotato,1.0
1083,wheatbread,5.0
1083,mms,5.0
1083,yogurtpretzels,5.0
1083,falafelwithpita,1.0
1083,americancheese,5.0
1083,blueberries,1.0
1083,poptarts,5.0
1083,sourpatch,5.0
1083,grapes,5.0
1083,mango,5.0
1083,olives,1.0
1083,cheesecubes,5.0
1083,triscuits,5.0
1083,cantaloupe,5.0
1083,banana,5.0
1083,carrotsticks,5.0
1083,edamame,5.0
1083,salami,1.0
1083,sunchips,4.0
1083,cocktailshrimp,1.0
1083,strawberries,5.0
1083,chocolatepretzels,5.0
1083,cherrytomato,4.0
1084,cheesecubes,4.0
1084,yogurtpretzels,5.0
1084,cupcakes,4.0
1084,sushi,2.0
1084,chocolatepretzels,4.0
1084,sweetpotato,5.0
1084,granolabar,4.0
1084,swedishfish,2.0
1084,doughnuts,3.0
1084,avocado,5.0
1084,cherrytomato,5.0
1084,carrotsticks,3.0
1084,trailmix,4.0
1084,raspberries,4.0
1084,popsicles,3.0
1084,bagelplain,4.0
1084,bakedpotato,4.0
1084,corncob,5.0
1084,wheatbread,4.0
1084,orangeslices,4.0
1084,strawberries,4.0
1084,grapes,4.0
1084,lox,2.0
1084,grahamcrackers,3.0
1084,triscuits,2.0
1084,sourpatch,2.0
1084,falafelwithpita,3.0
1084,cucumberslices,4.0
1084,broccoli,5.0
1084,celerysticks,3.0
1084,ricecakes,2.0
1084,eggs,4.0
1084,peaches,4.0
1084,olives,5.0
1084,cherries,5.0
1084,potatochips,3.0
1084,pretzels,3.0
1084,pear,4.0
1084,mango,4.0
1084,banana,4.0
1084,kitkat,3.0
1084,mushrooms,5.0
1084,deliturkey,4.0
1084,appleslices,4.0
1084,salami,4.0
1084,blueberries,4.0
1084,kiwi,4.0
1084,edamame,4.0
1084,croissant,4.0
1084,cocktailshrimp,1.0
1084,cheezits,2.0
1084,kettlecorn,4.0
1084,doritos,4.0
1084,mms,4.0
1084,icecream,5.0
1084,saltines,3.0
1084,skittles,4.0
1084,sunchips,4.0
1084,cookies,4.0
1084,americancheese,4.0
1084,cantaloupe,4.0
1084,poptarts,3.0
1084,ritz,4.0
1084,oreos,5.0
1084,minimuffins,3.0
1085,peaches,5.0
1085,cherrytomato,4.0
1085,cocktailshrimp,2.0
1085,chocolatepretzels,4.0
1085,granolabar,4.0
1085,grahamcrackers,3.0
1085,kettlecorn,4.0
1085,cucumberslices,4.0
1085,icecream,4.0
1085,mushrooms,2.0
1085,swedishfish,3.0
1085,cherries,5.0
1085,popsicles,3.0
1085,sunchips,1.0
1085,orangeslices,4.0
1085,lox,4.0
1085,avocado,5.0
1085,banana,4.0
1085,appleslices,3.0
1085,cheesecubes,4.0
1085,ricecakes,4.0
1085,potatochips,2.0
1085,carrotsticks,4.0
1085,strawberries,4.0
1085,celerysticks,3.0
1085,cantaloupe,1.0
1085,cookies,5.0
1085,kitkat,2.0
1085,doritos,3.0
1085,mms,3.0
1085,yogurtpretzels,4.0
1085,skittles,3.0
1085,pretzels,4.0
1085,triscuits,2.0
1085,blueberries,5.0
1085,ritz,4.0
1085,raspberries,5.0
1085,minimuffins,4.0
1085,bagelplain,4.0
1085,grapes,4.0
1085,olives,1.0
1085,cheezits,3.0
1085,pear,3.0
1085,falafelwithpita,4.0
1085,croissant,4.0
1085,corncob,3.0
1085,sweetpotato,4.0
1085,oreos,5.0
1085,deliturkey,3.0
1085,trailmix,4.0
1085,mango,5.0
1085,cupcakes,3.0
1085,poptarts,2.0
1085,kiwi,3.0
1085,bakedpotato,4.0
1085,broccoli,4.0
1085,edamame,3.0
1085,wheatbread,2.0
1085,eggs,3.0
1085,americancheese,1.0
1085,salami,1.0
1085,sourpatch,3.0
1085,saltines,3.0
1085,sushi,5.0
1085,doughnuts,3.0
1086,celerysticks,4.0
1086,ritz,5.0
1086,salami,5.0
1086,blueberries,4.0
1086,strawberries,5.0
1086,bagelplain,5.0
1086,croissant,4.0
1086,cherries,5.0
1086,grahamcrackers,5.0
1086,mushrooms,1.0
1086,ricecakes,2.0
1086,skittles,4.0
1086,lox,1.0
1086,cheesecubes,4.0
1086,granolabar,5.0
1086,poptarts,5.0
1086,cookies,4.0
1086,corncob,4.0
1086,appleslices,4.0
1086,americancheese,4.0
1086,sourpatch,4.0
1086,pretzels,4.0
1086,cheezits,4.0
1086,cantaloupe,3.0
1086,deliturkey,4.0
1086,carrotsticks,3.0
1086,edamame,2.0
1086,cucumberslices,2.0
1086,wheatbread,4.0
1086,kiwi,1.0
1086,triscuits,3.0
1086,cocktailshrimp,5.0
1086,sunchips,5.0
1086,chocolatepretzels,3.0
1086,minimuffins,1.0
1086,sweetpotato,5.0
1086,yogurtpretzels,4.0
1086,orangeslices,2.0
1086,cupcakes,5.0
1086,avocado,3.0
1086,kitkat,3.0
1086,popsicles,3.0
1086,peaches,5.0
1086,oreos,5.0
1086,grapes,2.0
1086,banana,4.0
1086,potatochips,1.0
1086,trailmix,5.0
1086,kettlecorn,2.0
1086,bakedpotato,1.0
1086,icecream,2.0
1086,doritos,1.0
1086,broccoli,4.0
1086,swedishfish,4.0
1086,raspberries,5.0
1086,mms,1.0
1086,cherrytomato,3.0
1086,eggs,2.0
1086,sushi,4.0
1086,falafelwithpita,3.0
1086,olives,1.0
1086,doughnuts,5.0
1086,saltines,4.0
1086,pear,2.0
1086,mango,2.0
1087,kiwi,3.0
1087,raspberries,3.0
1087,cheezits,3.0
1087,blueberries,4.0
1087,yogurtpretzels,4.0
1087,icecream,5.0
1087,bagelplain,4.0
1087,celerysticks,1.0
1087,pretzels,3.0
1087,peaches,4.0
1087,strawberries,4.0
1087,carrotsticks,3.0
1087,triscuits,2.0
1087,grahamcrackers,2.0
1087,cheesecubes,3.0
1087,mango,5.0
1087,sweetpotato,4.0
1087,cucumberslices,2.0
1087,deliturkey,3.0
1087,doughnuts,2.0
1087,salami,3.0
1087,potatochips,4.0
1087,bakedpotato,3.0
1087,americancheese,3.0
1087,ritz,4.0
1087,orangeslices,4.0
1087,cherrytomato,2.0
1087,cupcakes,3.0
1087,avocado,4.0
1087,skittles,2.0
1087,mushrooms,3.0
1087,edamame,4.0
1087,eggs,4.0
1087,kitkat,2.0
1087,poptarts,1.0
1087,minimuffins,2.0
1087,pear,2.0
1087,cocktailshrimp,3.0
1087,sourpatch,2.0
1087,corncob,5.0
1087,popsicles,2.0
1087,cookies,2.0
1087,ricecakes,2.0
1087,appleslices,3.0
1087,saltines,2.0
1087,sunchips,2.0
1087,falafelwithpita,2.0
1087,granolabar,2.0
1087,grapes,4.0
1087,cantaloupe,3.0
1087,doritos,2.0
1087,banana,3.0
1087,trailmix,3.0
1087,wheatbread,3.0
1087,oreos,4.0
1087,mms,2.0
1087,lox,3.0
1087,sushi,4.0
1087,croissant,4.0
1087,broccoli,3.0
1087,chocolatepretzels,4.0
1087,kettlecorn,2.0
1087,swedishfish,2.0
1087,cherries,5.0
1087,olives,2.0
1088,broccoli,4.0
1088,wheatbread,4.0
1088,orangeslices,5.0
1088,cocktailshrimp,2.0
1088,ricecakes,3.0
1088,cheesecubes,5.0
1088,bakedpotato,5.0
1088,deliturkey,1.0
1088,cookies,5.0
1088,ritz,3.0
1088,doritos,5.0
1088,pear,4.0
1088,celerysticks,4.0
1088,kitkat,4.0
1088,sourpatch,5.0
1088,mms,5.0
1088,oreos,5.0
1088,grapes,5.0
1088,carrotsticks,4.0
1088,banana,5.0
1088,granolabar,3.0
1088,swedishfish,5.0
1088,trailmix,4.0
1088,skittles,4.0
1088,potatochips,3.0
1088,yogurtpretzels,3.0
1088,edamame,5.0
1088,cupcakes,4.0
1088,mango,3.0
1088,mushrooms,3.0
1088,cucumberslices,4.0
1088,appleslices,5.0
1088,corncob,5.0
1088,avocado,5.0
1088,cherries,5.0
1088,cheezits,5.0
1088,falafelwithpita,4.0
1088,sweetpotato,4.0
1088,croissant,4.0
1088,bagelplain,4.0
1088,americancheese,4.0
1088,lox,1.0
1088,saltines,5.0
1088,sushi,4.0
1088,pretzels,5.0
1088,grahamcrackers,4.0
1088,popsicles,4.0
1088,strawberries,5.0
1088,minimuffins,5.0
1088,kiwi,5.0
1088,cantaloupe,5.0
1088,triscuits,3.0
1088,raspberries,5.0
1088,cherrytomato,2.0
1088,blueberries,5.0
1088,eggs,5.0
1088,peaches,5.0
1088,salami,1.0
1088,chocolatepretzels,4.0
1088,sunchips,4.0
1088,icecream,5.0
1088,doughnuts,5.0
1088,olives,5.0
1088,kettlecorn,4.0
1088,poptarts,4.0
1089,sunchips,4.0
1089,cheesecubes,4.0
1089,cookies,5.0
1089,celerysticks,2.0
1089,cucumberslices,2.0
1089,potatochips,5.0
1089,corncob,4.0
1089,ricecakes,4.0
1089,popsicles,5.0
1089,triscuits,4.0
1089,sushi,3.0
1089,kettlecorn,5.0
1089,falafelwithpita,4.0
1089,mms,5.0
1089,doritos,5.0
1089,orangeslices,4.0
1089,americancheese,4.0
1089,avocado,1.0
1089,grapes,5.0
1089,olives,5.0
1089,cupcakes,5.0
1089,pretzels,5.0
1089,mushrooms,1.0
1089,sourpatch,4.0
1089,cheezits,5.0
1089,carrotsticks,4.0
1089,kiwi,4.0
1089,swedishfish,4.0
1089,doughnuts,5.0
1089,icecream,5.0
1089,lox,1.0
1089,strawberries,4.0
1089,kitkat,5.0
1089,ritz,4.0
1089,poptarts,5.0
1089,cocktailshrimp,4.0
1089,blueberries,4.0
1089,saltines,4.0
1089,yogurtpretzels,5.0
1089,cherrytomato,1.0
1089,chocolatepretzels,5.0
1089,salami,4.0
1089,bagelplain,4.0
1089,oreos,5.0
1089,mango,4.0
1089,bakedpotato,5.0
1089,minimuffins,5.0
1089,grahamcrackers,4.0
1089,peaches,4.0
1089,cherries,4.0
1089,croissant,4.0
1089,pear,4.0
1089,skittles,5.0
1089,granolabar,4.0
1089,sweetpotato,4.0
1089,trailmix,5.0
1089,broccoli,4.0
1089,eggs,2.0
1089,deliturkey,5.0
1089,edamame,2.0
1089,raspberries,3.0
1089,cantaloupe,4.0
1089,banana,4.0
1089,appleslices,4.0
1089,wheatbread,5.0
1090,celerysticks,4.0
1090,triscuits,5.0
1090,lox,3.0
1090,wheatbread,3.0
1090,skittles,5.0
1090,avocado,5.0
1090,chocolatepretzels,4.0
1090,kettlecorn,5.0
1090,edamame,1.0
1090,carrotsticks,4.0
1090,banana,1.0
1090,cookies,5.0
1090,granolabar,5.0
1090,minimuffins,5.0
1090,olives,1.0
1090,mushrooms,3.0
1090,bagelplain,5.0
1090,salami,4.0
1090,bakedpotato,4.0
1090,kiwi,5.0
1090,mango,1.0
1090,broccoli,4.0
1090,americancheese,4.0
1090,cheezits,5.0
1090,cherries,5.0
1090,grapes,5.0
1090,kitkat,5.0
1090,cucumberslices,4.0
1090,yogurtpretzels,5.0
1090,popsicles,4.0
1090,orangeslices,5.0
1090,sourpatch,4.0
1090,sunchips,5.0
1090,ricecakes,2.0
1090,doughnuts,5.0
1090,appleslices,4.0
1090,doritos,4.0
1090,cherrytomato,1.0
1090,corncob,5.0
1090,croissant,5.0
1090,mms,5.0
1090,grahamcrackers,4.0
1090,cheesecubes,5.0
1090,icecream,4.0
1090,cantaloupe,5.0
1090,eggs,4.0
1090,potatochips,5.0
1090,raspberries,5.0
1090,trailmix,2.0
1090,blueberries,5.0
1090,sushi,1.0
1090,ritz,5.0
1090,pear,4.0
1090,swedishfish,4.0
1090,peaches,5.0
1090,oreos,4.0
1090,poptarts,5.0
1090,falafelwithpita,4.0
1090,cocktailshrimp,4.0
1090,deliturkey,4.0
1090,sweetpotato,5.0
1090,pretzels,4.0
1090,saltines,4.0
1090,cupcakes,5.0
1090,strawberries,5.0
1091,trailmix,2.0
1091,skittles,5.0
1091,orangeslices,4.0
1091,peaches,4.0
1091,mms,4.0
1091,broccoli,3.0
1091,doughnuts,5.0
1091,grapes,4.0
1091,carrotsticks,4.0
1091,mango,4.0
1091,grahamcrackers,4.0
1091,sunchips,5.0
1091,edamame,4.0
1091,kettlecorn,5.0
1091,cupcakes,4.0
1091,cherries,5.0
1091,bagelplain,5.0
1091,icecream,5.0
1091,croissant,5.0
1091,celerysticks,2.0
1091,salami,5.0
1091,popsicles,5.0
1091,cucumberslices,2.0
1091,oreos,5.0
1091,triscuits,5.0
1091,ritz,5.0
1091,poptarts,5.0
1091,potatochips,5.0
1091,lox,5.0
1091,doritos,5.0
1091,eggs,5.0
1091,pear,5.0
1091,swedishfish,5.0
1091,strawberries,5.0
1091,avocado,5.0
1091,corncob,5.0
1091,kitkat,5.0
1091,yogurtpretzels,5.0
1091,mushrooms,5.0
1091,cocktailshrimp,4.0
1091,cheesecubes,5.0
1091,granolabar,3.0
1091,bakedpotato,2.0
1091,raspberries,3.0
1091,sushi,1.0
1091,ricecakes,4.0
1091,cherrytomato,2.0
1091,cheezits,5.0
1091,cookies,2.0
1091,americancheese,4.0
1091,saltines,5.0
1091,sourpatch,3.0
1091,banana,3.0
1091,deliturkey,3.0
1091,chocolatepretzels,4.0
1091,falafelwithpita,3.0
1091,cantaloupe,3.0
1091,minimuffins,2.0
1091,blueberries,2.0
1091,appleslices,3.0
1091,kiwi,5.0
1091,pretzels,1.0
1091,olives,5.0
1091,sweetpotato,2.0
1091,wheatbread,2.0
1092,mms,4.0
1092,icecream,4.0
1092,cherrytomato,3.0
1092,sourpatch,4.0
1092,sushi,5.0
1092,deliturkey,3.0
1092,blueberries,5.0
1092,americancheese,4.0
1092,sunchips,3.0
1092,orangeslices,4.0
1092,kitkat,4.0
1092,popsicles,2.0
1092,celerysticks,2.0
1092,kettlecorn,4.0
1092,doughnuts,4.0
1092,pretzels,3.0
1092,cheezits,2.0
1092,doritos,4.0
1092,wheatbread,3.0
1092,skittles,3.0
1092,grapes,4.0
1092,cantaloupe,3.0
1092,carrotsticks,4.0
1092,minimuffins,5.0
1092,strawberries,5.0
1092,bakedpotato,4.0
1092,mushrooms,2.0
1092,cucumberslices,3.0
1092,oreos,5.0
1092,bagelplain,5.0
1092,granolabar,3.0
1092,cookies,5.0
1092,cheesecubes,5.0
1092,grahamcrackers,3.0
1092,lox,4.0
1092,cocktailshrimp,4.0
1092,broccoli,3.0
1092,peaches,5.0
1092,mango,4.0
1092,avocado,5.0
1092,raspberries,4.0
1092,cupcakes,4.0
1092,saltines,3.0
1092,cherries,4.0
1092,trailmix,3.0
1092,pear,4.0
1092,falafelwithpita,3.0
1092,swedishfish,1.0
1092,yogurtpretzels,4.0
1092,croissant,4.0
1092,chocolatepretzels,4.0
1092,salami,5.0
1092,ricecakes,2.0
1092,appleslices,3.0
1092,kiwi,4.0
1092,olives,1.0
1092,banana,4.0
1092,triscuits,3.0
1092,corncob,4.0
1092,eggs,4.0
1092,potatochips,4.0
1092,edamame,4.0
1092,ritz,5.0
1092,poptarts,3.0
1092,sweetpotato,2.0
1093,avocado,5.0
1093,corncob,5.0
1093,bagelplain,4.0
1093,celerysticks,4.0
1093,cheesecubes,4.0
1093,americancheese,3.0
1093,edamame,4.0
1093,sunchips,3.0
1093,grahamcrackers,4.0
1093,kitkat,4.0
1093,salami,4.0
1093,sushi,3.0
1093,appleslices,4.0
1093,banana,5.0
1093,raspberries,3.0
1093,cantaloupe,4.0
1093,doritos,3.0
1093,orangeslices,4.0
1093,doughnuts,4.0
1093,swedishfish,2.0
1093,pretzels,2.0
1093,minimuffins,4.0
1093,cupcakes,4.0
1093,croissant,4.0
1093,potatochips,4.0
1093,icecream,4.0
1093,broccoli,2.0
1093,cheezits,4.0
1093,kiwi,4.0
1093,grapes,5.0
1093,poptarts,4.0
1093,kettlecorn,4.0
1093,skittles,4.0
1093,cherries,5.0
1093,lox,3.0
1093,olives,3.0
1093,carrotsticks,4.0
1093,cookies,4.0
1093,strawberries,5.0
1093,bakedpotato,4.0
1093,sourpatch,3.0
1093,oreos,4.0
1093,mushrooms,4.0
1093,blueberries,3.0
1093,triscuits,4.0
1093,deliturkey,4.0
1093,mango,4.0
1093,popsicles,4.0
1093,peaches,4.0
1093,pear,5.0
1093,cocktailshrimp,3.0
1093,chocolatepretzels,3.0
1093,cucumberslices,4.0
1093,falafelwithpita,4.0
1093,eggs,5.0
1093,sweetpotato,2.0
1093,ricecakes,4.0
1093,mms,4.0
1093,granolabar,4.0
1093,wheatbread,4.0
1093,yogurtpretzels,4.0
1093,ritz,4.0
1093,trailmix,4.0
1093,saltines,4.0
1093,cherrytomato,4.0
1094,cantaloupe,4.0
1094,sunchips,4.0
1094,cookies,5.0
1094,corncob,4.0
1094,kettlecorn,3.0
1094,raspberries,3.0
1094,doughnuts,4.0
1094,cherrytomato,5.0
1094,sushi,3.0
1094,sweetpotato,3.0
1094,mushrooms,3.0
1094,eggs,4.0
1094,poptarts,4.0
1094,cheezits,4.0
1094,orangeslices,5.0
1094,lox,4.0
1094,edamame,4.0
1094,potatochips,4.0
1094,minimuffins,5.0
1094,bakedpotato,4.0
1094,carrotsticks,3.0
1094,ritz,4.0
1094,cupcakes,4.0
1094,swedishfish,2.0
1094,chocolatepretzels,3.0
1094,avocado,5.0
1094,croissant,4.0
1094,banana,5.0
1094,salami,3.0
1094,saltines,4.0
1094,blueberries,2.0
1094,mms,2.0
1094,icecream,3.0
1094,yogurtpretzels,3.0
1094,falafelwithpita,3.0
1094,skittles,2.0
1094,granolabar,3.0
1094,kiwi,3.0
1094,ricecakes,4.0
1094,olives,3.0
1094,celerysticks,3.0
1094,sourpatch,2.0
1094,cheesecubes,3.0
1094,grahamcrackers,3.0
1094,oreos,3.0
1094,americancheese,4.0
1094,appleslices,5.0
1094,broccoli,3.0
1094,pretzels,3.0
1094,mango,5.0
1094,cherries,2.0
1094,cucumberslices,4.0
1094,kitkat,3.0
1094,deliturkey,3.0
1094,strawberries,4.0
1094,grapes,4.0
1094,pear,4.0
1094,triscuits,3.0
1094,trailmix,4.0
1094,bagelplain,4.0
1094,popsicles,2.0
1094,peaches,4.0
1094,doritos,3.0
1094,cocktailshrimp,3.0
1094,wheatbread,3.0
1095,oreos,4.0
1095,granolabar,4.0
1095,sushi,1.0
1095,kettlecorn,4.0
1095,kiwi,2.0
1095,trailmix,4.0
1095,falafelwithpita,3.0
1095,wheatbread,3.0
1095,kitkat,4.0
1095,edamame,1.0
1095,sunchips,4.0
1095,saltines,3.0
1095,mango,5.0
1095,sweetpotato,3.0
1095,swedishfish,5.0
1095,olives,1.0
1095,cupcakes,4.0
1095,salami,5.0
1095,corncob,4.0
1095,cucumberslices,4.0
1095,ritz,3.0
1095,poptarts,3.0
1095,avocado,1.0
1095,strawberries,5.0
1095,mms,5.0
1095,chocolatepretzels,5.0
1095,bakedpotato,4.0
1095,carrotsticks,3.0
1095,minimuffins,4.0
1095,doughnuts,4.0
1095,pretzels,5.0
1095,eggs,3.0
1095,grahamcrackers,3.0
1095,broccoli,1.0
1095,triscuits,3.0
1095,cherrytomato,2.0
1095,lox,1.0
1095,peaches,4.0
1095,croissant,4.0
1095,cookies,4.0
1095,mushrooms,1.0
1095,pear,4.0
1095,cantaloupe,4.0
1095,grapes,4.0
1095,popsicles,4.0
1095,icecream,5.0
1095,sourpatch,5.0
1095,ricecakes,3.0
1095,deliturkey,3.0
1095,raspberries,4.0
1095,cheezits,5.0
1095,bagelplain,3.0
1095,celerysticks,2.0
1095,yogurtpretzels,5.0
1095,cocktailshrimp,1.0
1095,potatochips,5.0
1095,blueberries,4.0
1095,appleslices,3.0
1095,americancheese,3.0
1095,orangeslices,4.0
1095,banana,3.0
1095,cheesecubes,2.0
1095,doritos,4.0
1095,cherries,4.0
1095,skittles,5.0
1096,oreos,2.0
1096,americancheese,4.0
1096,mms,3.0
1096,doughnuts,3.0
1096,deliturkey,4.0
1096,avocado,5.0
1096,carrotsticks,4.0
1096,bagelplain,3.0
1096,kitkat,4.0
1096,yogurtpretzels,3.0
1096,cupcakes,2.0
1096,sourpatch,3.0
1096,popsicles,4.0
1096,grahamcrackers,4.0
1096,sunchips,4.0
1096,cantaloupe,4.0
1096,cocktailshrimp,4.0
1096,kiwi,2.0
1096,salami,4.0
1096,saltines,4.0
1096,doritos,2.0
1096,chocolatepretzels,4.0
1096,grapes,4.0
1096,bakedpotato,4.0
1096,granolabar,2.0
1096,raspberries,4.0
1096,icecream,5.0
1096,orangeslices,5.0
1096,pretzels,4.0
1096,eggs,5.0
1096,olives,2.0
1096,minimuffins,1.0
1096,cheesecubes,2.0
1096,trailmix,5.0
1096,kettlecorn,3.0
1096,cherrytomato,4.0
1096,blueberries,2.0
1096,wheatbread,4.0
1096,pear,5.0
1096,potatochips,2.0
1096,sushi,2.0
1096,croissant,2.0
1096,strawberries,4.0
1096,poptarts,1.0
1096,sweetpotato,2.0
1096,celerysticks,4.0
1096,edamame,4.0
1096,ritz,4.0
1096,cucumberslices,4.0
1096,cheezits,2.0
1096,skittles,4.0
1096,lox,1.0
1096,triscuits,4.0
1096,cherries,2.0
1096,peaches,4.0
1096,corncob,5.0
1096,broccoli,4.0
1096,mushrooms,4.0
1096,ricecakes,2.0
1096,banana,4.0
1096,appleslices,5.0
1096,mango,4.0
1096,cookies,4.0
1096,falafelwithpita,2.0
1096,swedishfish,2.0
1097,orangeslices,4.0
1097,popsicles,3.0
1097,cheesecubes,3.0
1097,bagelplain,4.0
1097,peaches,4.0
1097,raspberries,4.0
1097,wheatbread,4.0
1097,avocado,4.0
1097,falafelwithpita,3.0
1097,blueberries,5.0
1097,croissant,3.0
1097,cupcakes,4.0
1097,grapes,4.0
1097,cocktailshrimp,4.0
1097,corncob,5.0
1097,ricecakes,3.0
1097,doughnuts,5.0
1097,minimuffins,4.0
1097,chocolatepretzels,2.0
1097,icecream,5.0
1097,strawberries,5.0
1097,edamame,4.0
1097,grahamcrackers,3.0
1097,pretzels,4.0
1097,kitkat,5.0
1097,banana,2.0
1097,americancheese,5.0
1097,mms,4.0
1097,potatochips,4.0
1097,granolabar,4.0
1097,celerysticks,4.0
1097,mushrooms,5.0
1097,cherries,3.0
1097,saltines,3.0
1097,mango,4.0
1097,sourpatch,2.0
1097,pear,2.0
1097,bakedpotato,2.0
1097,olives,2.0
1097,appleslices,4.0
1097,triscuits,4.0
1097,deliturkey,4.0
1097,lox,3.0
1097,poptarts,2.0
1097,kettlecorn,4.0
1097,doritos,4.0
1097,cantaloupe,3.0
1097,cheezits,2.0
1097,trailmix,3.0
1097,ritz,4.0
1097,cookies,5.0
1097,salami,5.0
1097,cherrytomato,2.0
1097,carrotsticks,4.0
1097,skittles,4.0
1097,oreos,3.0
1097,sushi,2.0
1097,sweetpotato,2.0
1097,swedishfish,5.0
1097,sunchips,4.0
1097,kiwi,5.0
1097,yogurtpretzels,2.0
1097,eggs,5.0
1097,cucumberslices,5.0
1097,broccoli,5.0
1099,kitkat,5.0
1099,mms,5.0
1099,croissant,4.0
1099,cherrytomato,2.0
1099,pear,4.0
1099,americancheese,4.0
1099,bakedpotato,3.0
1099,carrotsticks,4.0
1099,cheesecubes,4.0
1099,granolabar,2.0
1099,deliturkey,5.0
1099,saltines,2.0
1099,olives,3.0
1099,grahamcrackers,3.0
1099,mango,5.0
1099,cantaloupe,2.0
1099,avocado,4.0
1099,sunchips,2.0
1099,ritz,4.0
1099,mushrooms,4.0
1099,blueberries,5.0
1099,banana,4.0
1099,pretzels,2.0
1099,raspberries,4.0
1099,swedishfish,1.0
1099,trailmix,4.0
1099,bagelplain,4.0
1099,sourpatch,1.0
1099,appleslices,4.0
1099,cookies,5.0
1099,falafelwithpita,5.0
1099,wheatbread,5.0
1099,lox,5.0
1099,cocktailshrimp,5.0
1099,oreos,3.0
1099,ricecakes,2.0
1099,triscuits,2.0
1099,strawberries,4.0
1099,broccoli,4.0
1099,icecream,5.0
1099,skittles,1.0
1099,edamame,3.0
1099,salami,2.0
1099,corncob,4.0
1099,cherries,2.0
1099,minimuffins,5.0
1099,cupcakes,5.0
1099,yogurtpretzels,4.0
1099,celerysticks,3.0
1099,eggs,4.0
1099,sweetpotato,4.0
1099,potatochips,4.0
1099,popsicles,1.0
1099,poptarts,2.0
1099,kiwi,3.0
1099,cucumberslices,2.0
1099,grapes,4.0
1099,orangeslices,5.0
1099,sushi,5.0
1099,chocolatepretzels,5.0
1099,doughnuts,4.0
1099,doritos,4.0
1099,kettlecorn,3.0
1099,peaches,4.0
1099,cheezits,3.0
1100,minimuffins,4.0
1100,yogurtpretzels,3.0
1100,sourpatch,5.0
1100,banana,3.0
1100,swedishfish,5.0
1100,triscuits,5.0
1100,lox,2.0
1100,croissant,5.0
1100,falafelwithpita,4.0
1100,ritz,4.0
1100,olives,1.0
1100,cheezits,5.0
1100,celerysticks,2.0
1100,blueberries,3.0
1100,bakedpotato,5.0
1100,icecream,5.0
1100,mms,4.0
1100,orangeslices,3.0
1100,carrotsticks,4.0
1100,trailmix,1.0
1100,kitkat,4.0
1100,cocktailshrimp,1.0
1100,appleslices,2.0
1100,cherries,3.0
1100,cupcakes,4.0
1100,cookies,4.0
1100,mushrooms,3.0
1100,cherrytomato,5.0
1100,cucumberslices,4.0
1100,granolabar,1.0
1100,eggs,4.0
1100,grahamcrackers,3.0
1100,edamame,1.0
1100,corncob,4.0
1100,peaches,1.0
1100,bagelplain,4.0
1100,popsicles,3.0
1100,avocado,2.0
1100,sweetpotato,1.0
1100,doritos,5.0
1100,grapes,4.0
1100,mango,1.0
1100,pretzels,3.0
1100,doughnuts,4.0
1100,cantaloupe,4.0
1100,chocolatepretzels,5.0
1100,saltines,3.0
1100,strawberries,5.0
1100,sunchips,3.0
1100,salami,4.0
1100,poptarts,4.0
1100,skittles,3.0
1100,kiwi,1.0
1100,deliturkey,3.0
1100,sushi,3.0
1100,wheatbread,2.0
1100,kettlecorn,3.0
1100,cheesecubes,3.0
1100,broccoli,4.0
1100,raspberries,5.0
1100,ricecakes,1.0
1100,pear,2.0
1100,potatochips,4.0
1100,oreos,4.0
1100,americancheese,3.0
1101,celerysticks,4.0
1101,cherries,4.0
1101,cantaloupe,1.0
1101,carrotsticks,5.0
1101,americancheese,3.0
1101,broccoli,4.0
1101,strawberries,5.0
1101,sushi,2.0
1101,kettlecorn,4.0
1101,trailmix,5.0
1101,avocado,5.0
1101,mms,3.0
1101,appleslices,4.0
1101,edamame,3.0
1101,cheesecubes,3.0
1101,grahamcrackers,5.0
1101,doritos,4.0
1101,orangeslices,5.0
1101,triscuits,4.0
1101,sunchips,3.0
1101,blueberries,5.0
1101,yogurtpretzels,2.0
1101,grapes,4.0
1101,granolabar,3.0
1101,mushrooms,5.0
1101,pear,5.0
1101,mango,4.0
1101,popsicles,5.0
1101,skittles,3.0
1101,bagelplain,3.0
1101,deliturkey,4.0
1101,oreos,3.0
1101,kiwi,3.0
1101,cheezits,2.0
1101,doughnuts,4.0
1101,swedishfish,3.0
1101,falafelwithpita,3.0
1101,chocolatepretzels,4.0
1101,icecream,5.0
1101,sweetpotato,3.0
1101,saltines,4.0
1101,kitkat,1.0
1101,cupcakes,4.0
1101,corncob,5.0
1101,olives,1.0
1101,wheatbread,4.0
1101,salami,4.0
1101,raspberries,5.0
1101,ricecakes,3.0
1101,croissant,5.0
1101,poptarts,3.0
1101,cucumberslices,4.0
1101,lox,4.0
1101,minimuffins,4.0
1101,pretzels,4.0
1101,cherrytomato,5.0
1101,bakedpotato,4.0
1101,potatochips,5.0
1101,cocktailshrimp,5.0
1101,peaches,4.0
1101,banana,5.0
1101,sourpatch,2.0
1101,ritz,4.0
1101,eggs,3.0
1101,cookies,5.0
1102,bakedpotato,4.0
1102,trailmix,3.0
1102,doughnuts,4.0
1102,minimuffins,5.0
1102,kiwi,4.0
1102,chocolatepretzels,2.0
1102,corncob,4.0
1102,doritos,3.0
1102,pear,2.0
1102,grahamcrackers,3.0
1102,granolabar,1.0
1102,triscuits,3.0
1102,saltines,3.0
1102,croissant,4.0
1102,cupcakes,4.0
1102,mms,2.0
1102,mushrooms,2.0
1102,sunchips,3.0
1102,olives,1.0
1102,cheezits,4.0
1102,edamame,4.0
1102,cantaloupe,5.0
1102,sourpatch,3.0
1102,pretzels,1.0
1102,broccoli,4.0
1102,swedishfish,3.0
1102,blueberries,2.0
1102,bagelplain,5.0
1102,icecream,5.0
1102,skittles,1.0
1102,yogurtpretzels,2.0
1102,raspberries,5.0
1102,sweetpotato,3.0
1102,oreos,3.0
1102,celerysticks,3.0
1102,strawberries,5.0
1102,cucumberslices,4.0
1102,americancheese,3.0
1102,wheatbread,3.0
1102,cheesecubes,3.0
1102,lox,3.0
1102,ritz,4.0
1102,appleslices,4.0
1102,falafelwithpita,3.0
1102,mango,2.0
1102,peaches,2.0
1102,eggs,2.0
1102,cherries,1.0
1102,banana,4.0
1102,ricecakes,2.0
1102,sushi,5.0
1102,carrotsticks,3.0
1102,kitkat,4.0
1102,popsicles,2.0
1102,cookies,4.0
1102,cocktailshrimp,4.0
1102,deliturkey,1.0
1102,potatochips,2.0
1102,orangeslices,4.0
1102,salami,3.0
1102,kettlecorn,3.0
1102,poptarts,4.0
1102,grapes,4.0
1102,cherrytomato,4.0
1102,avocado,2.0
1103,doughnuts,4.0
1103,bakedpotato,3.0
1103,orangeslices,4.0
1103,ricecakes,4.0
1103,carrotsticks,3.0
1103,americancheese,4.0
1103,cucumberslices,4.0
1103,sushi,5.0
1103,kitkat,5.0
1103,cantaloupe,4.0
1103,cherries,5.0
1103,cheezits,5.0
1103,poptarts,5.0
1103,strawberries,5.0
1103,yogurtpretzels,3.0
1103,kiwi,5.0
1103,oreos,5.0
1103,pretzels,4.0
1103,peaches,4.0
1103,falafelwithpita,3.0
1103,mushrooms,4.0
1103,popsicles,4.0
1103,salami,5.0
1103,trailmix,2.0
1103,appleslices,4.0
1103,blueberries,5.0
1103,celerysticks,4.0
1103,chocolatepretzels,4.0
1103,deliturkey,4.0
1103,pear,5.0
1103,triscuits,4.0
1103,sourpatch,5.0
1103,olives,2.0
1103,skittles,5.0
1103,granolabar,5.0
1103,ritz,4.0
1103,grapes,4.0
1103,saltines,3.0
1103,cocktailshrimp,4.0
1103,potatochips,4.0
1103,banana,4.0
1103,cupcakes,4.0
1103,eggs,3.0
1103,corncob,3.0
1103,sweetpotato,4.0
1103,minimuffins,3.0
1103,swedishfish,5.0
1103,mango,5.0
1103,edamame,3.0
1103,doritos,4.0
1103,wheatbread,3.0
1103,lox,4.0
1103,kettlecorn,4.0
1103,cookies,4.0
1103,croissant,5.0
1103,cheesecubes,3.0
1103,mms,5.0
1103,bagelplain,5.0
1103,raspberries,5.0
1103,cherrytomato,4.0
1103,icecream,5.0
1103,broccoli,4.0
1103,sunchips,4.0
1103,avocado,4.0
1103,grahamcrackers,4.0
1104,oreos,5.0
1104,edamame,3.0
1104,icecream,5.0
1104,carrotsticks,4.0
1104,eggs,2.0
1104,falafelwithpita,2.0
1104,salami,4.0
1104,mushrooms,3.0
1104,trailmix,2.0
1104,sourpatch,4.0
1104,swedishfish,5.0
1104,celerysticks,3.0
1104,potatochips,2.0
1104,americancheese,2.0
1104,bagelplain,4.0
1104,avocado,1.0
1104,granolabar,3.0
1104,cheesecubes,2.0
1104,bakedpotato,2.0
1104,croissant,4.0
1104,ritz,3.0
1104,cocktailshrimp,5.0
1104,mms,5.0
1104,grahamcrackers,4.0
1104,cookies,5.0
1104,cherrytomato,3.0
1104,cheezits,3.0
1104,doritos,4.0
1104,cherries,4.0
1104,sushi,5.0
1104,sunchips,4.0
1104,broccoli,5.0
1104,orangeslices,2.0
1104,strawberries,4.0
1104,kettlecorn,3.0
1104,yogurtpretzels,2.0
1104,skittles,4.0
1104,cucumberslices,5.0
1104,pretzels,2.0
1104,sweetpotato,1.0
1104,saltines,3.0
1104,appleslices,4.0
1104,doughnuts,5.0
1104,poptarts,5.0
1104,olives,4.0
1104,corncob,2.0
1104,wheatbread,4.0
1104,mango,1.0
1104,grapes,4.0
1104,kiwi,1.0
1104,kitkat,5.0
1104,deliturkey,5.0
1104,lox,5.0
1104,cupcakes,5.0
1104,cantaloupe,4.0
1104,pear,5.0
1104,minimuffins,5.0
1104,chocolatepretzels,5.0
1104,banana,5.0
1104,blueberries,5.0
1104,peaches,1.0
1104,popsicles,2.0
1104,ricecakes,4.0
1104,raspberries,5.0
1104,triscuits,5.0
1105,edamame,3.0
1105,cheesecubes,4.0
1105,saltines,4.0
1105,chocolatepretzels,3.0
1105,grapes,5.0
1105,granolabar,4.0
1105,cupcakes,4.0
1105,broccoli,2.0
1105,strawberries,5.0
1105,cocktailshrimp,3.0
1105,corncob,5.0
1105,oreos,5.0
1105,cheezits,4.0
1105,ritz,5.0
1105,pear,5.0
1105,celerysticks,3.0
1105,mushrooms,5.0
1105,avocado,4.0
1105,cucumberslices,4.0
1105,peaches,5.0
1105,falafelwithpita,3.0
1105,sweetpotato,3.0
1105,raspberries,4.0
1105,banana,5.0
1105,grahamcrackers,5.0
1105,ricecakes,3.0
1105,doritos,4.0
1105,doughnuts,4.0
1105,kitkat,4.0
1105,trailmix,3.0
1105,cherrytomato,5.0
1105,poptarts,3.0
1105,americancheese,3.0
1105,popsicles,3.0
1105,salami,4.0
1105,cherries,3.0
1105,eggs,5.0
1105,olives,3.0
1105,bakedpotato,3.0
1105,triscuits,4.0
1105,potatochips,5.0
1105,bagelplain,5.0
1105,croissant,4.0
1105,sunchips,3.0
1105,wheatbread,5.0
1105,pretzels,3.0
1105,kettlecorn,4.0
1105,icecream,3.0
1105,minimuffins,4.0
1105,cantaloupe,4.0
1105,blueberries,5.0
1105,carrotsticks,5.0
1105,yogurtpretzels,3.0
1105,orangeslices,5.0
1105,sushi,4.0
1105,skittles,3.0
1105,cookies,5.0
1105,sourpatch,2.0
1105,deliturkey,1.0
1105,mango,4.0
1105,kiwi,3.0
1105,mms,2.0
1105,swedishfish,4.0
1105,appleslices,1.0
1105,lox,5.0
1106,doritos,4.0
1106,saltines,4.0
1106,cucumberslices,4.0
1106,celerysticks,3.0
1106,trailmix,4.0
1106,cherrytomato,4.0
1106,americancheese,4.0
1106,icecream,4.0
1106,poptarts,4.0
1106,sweetpotato,3.0
1106,chocolatepretzels,3.0
1106,grahamcrackers,4.0
1106,pear,4.0
1106,carrotsticks,4.0
1106,olives,2.0
1106,sunchips,2.0
1106,ritz,1.0
1106,granolabar,1.0
1106,salami,1.0
1106,appleslices,1.0
1106,banana,1.0
1106,cookies,3.0
1106,triscuits,1.0
1106,skittles,2.0
1106,broccoli,4.0
1106,mango,5.0
1106,wheatbread,2.0
1106,potatochips,1.0
1106,edamame,4.0
1106,kettlecorn,1.0
1106,sushi,4.0
1106,cupcakes,4.0
1106,swedishfish,1.0
1106,minimuffins,1.0
1106,falafelwithpita,2.0
1106,doughnuts,3.0
1106,popsicles,2.0
1106,sourpatch,5.0
1106,cheezits,4.0
1106,mushrooms,3.0
1106,lox,5.0
1106,croissant,3.0
1106,bagelplain,1.0
1106,cantaloupe,5.0
1106,grapes,1.0
1106,kiwi,1.0
1106,pretzels,5.0
1106,yogurtpretzels,1.0
1106,oreos,4.0
1106,eggs,3.0
1106,blueberries,4.0
1106,bakedpotato,1.0
1106,deliturkey,5.0
1106,cheesecubes,4.0
1106,ricecakes,2.0
1106,cherries,5.0
1106,peaches,3.0
1106,orangeslices,5.0
1106,raspberries,5.0
1106,strawberries,5.0
1106,mms,2.0
1106,kitkat,4.0
1106,cocktailshrimp,5.0
1106,corncob,5.0
1106,avocado,5.0
1107,cocktailshrimp,5.0
1107,icecream,4.0
1107,strawberries,4.0
1107,cheesecubes,2.0
1107,mms,4.0
1107,ritz,5.0
1107,minimuffins,4.0
1107,cupcakes,4.0
1107,pretzels,4.0
1107,cucumberslices,3.0
1107,cantaloupe,3.0
1107,sushi,3.0
1107,poptarts,4.0
1107,mango,2.0
1107,carrotsticks,2.0
1107,pear,4.0
1107,broccoli,3.0
1107,americancheese,1.0
1107,mushrooms,3.0
1107,trailmix,3.0
1107,kettlecorn,3.0
1107,olives,2.0
1107,wheatbread,2.0
1107,bagelplain,2.0
1107,grahamcrackers,4.0
1107,cookies,2.0
1107,raspberries,4.0
1107,cheezits,5.0
1107,chocolatepretzels,4.0
1107,triscuits,4.0
1107,popsicles,3.0
1107,avocado,1.0
1107,celerysticks,2.0
1107,potatochips,4.0
1107,skittles,4.0
1107,oreos,3.0
1107,swedishfish,4.0
1107,lox,1.0
1107,croissant,5.0
1107,peaches,4.0
1107,sunchips,4.0
1107,bakedpotato,5.0
1107,doughnuts,2.0
1107,cherrytomato,3.0
1107,eggs,4.0
1107,blueberries,4.0
1107,kiwi,4.0
1107,deliturkey,2.0
1107,falafelwithpita,3.0
1107,sourpatch,4.0
1107,salami,4.0
1107,saltines,4.0
1107,cherries,5.0
1107,orangeslices,5.0
1107,yogurtpretzels,3.0
1107,edamame,5.0
1107,doritos,4.0
1107,appleslices,4.0
1107,ricecakes,3.0
1107,grapes,5.0
1107,banana,4.0
1107,corncob,5.0
1107,sweetpotato,1.0
1107,granolabar,4.0
1107,kitkat,4.0
1108,kitkat,4.0
1108,cherrytomato,2.0
1108,popsicles,2.0
1108,oreos,4.0
1108,cocktailshrimp,2.0
1108,peaches,3.0
1108,strawberries,2.0
1108,kettlecorn,4.0
1108,minimuffins,2.0
1108,grapes,4.0
1108,appleslices,5.0
1108,corncob,3.0
1108,mushrooms,2.0
1108,yogurtpretzels,3.0
1108,cucumberslices,3.0
1108,ritz,3.0
1108,blueberries,2.0
1108,skittles,4.0
1108,ricecakes,4.0
1108,bagelplain,3.0
1108,pretzels,3.0
1108,raspberries,2.0
1108,carrotsticks,4.0
1108,poptarts,4.0
1108,broccoli,4.0
1108,sourpatch,4.0
1108,cupcakes,4.0
1108,cheesecubes,4.0
1108,triscuits,3.0
1108,potatochips,3.0
1108,cheezits,3.0
1108,orangeslices,4.0
1108,pear,3.0
1108,eggs,4.0
1108,swedishfish,4.0
1108,edamame,1.0
1108,doritos,4.0
1108,avocado,4.0
1108,deliturkey,4.0
1108,cantaloupe,3.0
1108,sweetpotato,5.0
1108,americancheese,4.0
1108,salami,4.0
1108,banana,4.0
1108,trailmix,4.0
1108,wheatbread,4.0
1108,bakedpotato,5.0
1108,mms,4.0
1108,sushi,1.0
1108,sunchips,3.0
1108,celerysticks,3.0
1108,doughnuts,4.0
1108,granolabar,3.0
1108,grahamcrackers,5.0
1108,falafelwithpita,5.0
1108,saltines,5.0
1108,olives,2.0
1108,kiwi,3.0
1108,chocolatepretzels,4.0
1108,lox,3.0
1108,icecream,1.0
1108,mango,2.0
1108,cookies,4.0
1108,cherries,1.0
1108,croissant,3.0
1109,celerysticks,3.0
1109,sweetpotato,4.0
1109,ricecakes,3.0
1109,pear,4.0
1109,cocktailshrimp,1.0
1109,yogurtpretzels,5.0
1109,cookies,4.0
1109,salami,2.0
1109,orangeslices,2.0
1109,strawberries,4.0
1109,falafelwithpita,3.0
1109,triscuits,3.0
1109,minimuffins,4.0
1109,skittles,5.0
1109,cupcakes,5.0
1109,poptarts,5.0
1109,peaches,4.0
1109,doritos,4.0
1109,sushi,4.0
1109,lox,2.0
1109,granolabar,3.0
1109,edamame,2.0
1109,corncob,4.0
1109,raspberries,3.0
1109,eggs,4.0
1109,trailmix,3.0
1109,appleslices,3.0
1109,broccoli,2.0
1109,cucumberslices,2.0
1109,bagelplain,4.0
1109,kitkat,4.0
1109,doughnuts,4.0
1109,croissant,4.0
1109,wheatbread,3.0
1109,mms,4.0
1109,carrotsticks,2.0
1109,blueberries,2.0
1109,grahamcrackers,3.0
1109,pretzels,3.0
1109,cherrytomato,2.0
1109,sunchips,3.0
1109,kiwi,4.0
1109,deliturkey,4.0
1109,oreos,4.0
1109,grapes,3.0
1109,olives,2.0
1109,bakedpotato,4.0
1109,americancheese,4.0
1109,banana,4.0
1109,kettlecorn,3.0
1109,saltines,3.0
1109,cherries,3.0
1109,potatochips,4.0
1109,chocolatepretzels,4.0
1109,cheezits,3.0
1109,popsicles,5.0
1109,icecream,4.0
1109,ritz,4.0
1109,mango,4.0
1109,mushrooms,2.0
1109,cheesecubes,4.0
1109,sourpatch,4.0
1109,cantaloupe,3.0
1109,swedishfish,3.0
1109,avocado,4.0
1110,sweetpotato,3.0
1110,kiwi,4.0
1110,croissant,4.0
1110,wheatbread,4.0
1110,lox,5.0
1110,celerysticks,4.0
1110,skittles,2.0
1110,olives,4.0
1110,americancheese,4.0
1110,cupcakes,2.0
1110,doritos,4.0
1110,kitkat,4.0
1110,yogurtpretzels,4.0
1110,orangeslices,5.0
1110,kettlecorn,4.0
1110,carrotsticks,3.0
1110,cherrytomato,5.0
1110,popsicles,3.0
1110,peaches,4.0
1110,icecream,2.0
1110,sushi,5.0
1110,cucumberslices,4.0
1110,bagelplain,4.0
1110,blueberries,4.0
1110,grahamcrackers,4.0
1110,granolabar,4.0
1110,raspberries,3.0
1110,saltines,4.0
1110,poptarts,4.0
1110,mushrooms,4.0
1110,falafelwithpita,3.0
1110,swedishfish,3.0
1110,banana,5.0
1110,cookies,4.0
1110,corncob,5.0
1110,oreos,4.0
1110,deliturkey,4.0
1110,triscuits,4.0
1110,salami,4.0
1110,cocktailshrimp,5.0
1110,cantaloupe,4.0
1110,ricecakes,2.0
1110,bakedpotato,5.0
1110,mango,4.0
1110,broccoli,4.0
1110,potatochips,4.0
1110,cherries,4.0
1110,cheezits,4.0
1110,pretzels,4.0
1110,eggs,5.0
1110,sunchips,3.0
1110,cheesecubes,4.0
1110,appleslices,4.0
1110,strawberries,5.0
1110,edamame,4.0
1110,trailmix,3.0
1110,sourpatch,2.0
1110,avocado,5.0
1110,chocolatepretzels,2.0
1110,ritz,4.0
1110,grapes,4.0
1110,mms,2.0
1110,pear,5.0
1110,doughnuts,4.0
1110,minimuffins,4.0
1111,wheatbread,4.0
1111,cocktailshrimp,5.0
1111,corncob,5.0
1111,chocolatepretzels,3.0
1111,croissant,5.0
1111,ricecakes,2.0
1111,sourpatch,3.0
1111,avocado,2.0
1111,swedishfish,1.0
1111,olives,1.0
1111,grapes,5.0
1111,broccoli,5.0
1111,sunchips,4.0
1111,cherrytomato,2.0
1111,grahamcrackers,5.0
1111,peaches,5.0
1111,americancheese,5.0
1111,mango,3.0
1111,saltines,4.0
1111,banana,5.0
1111,lox,4.0
1111,cucumberslices,5.0
1111,doughnuts,5.0
1111,celerysticks,1.0
1111,sushi,1.0
1111,granolabar,3.0
1111,mms,4.0
1111,cheesecubes,5.0
1111,cheezits,5.0
1111,cookies,5.0
1111,deliturkey,4.0
1111,icecream,4.0
1111,poptarts,5.0
1111,trailmix,5.0
1111,strawberries,5.0
1111,carrotsticks,1.0
1111,salami,5.0
1111,raspberries,5.0
1111,bakedpotato,5.0
1111,falafelwithpita,3.0
1111,cherries,4.0
1111,triscuits,3.0
1111,ritz,4.0
1111,sweetpotato,1.0
1111,cantaloupe,1.0
1111,appleslices,5.0
1111,skittles,4.0
1111,pear,5.0
1111,popsicles,5.0
1111,kettlecorn,5.0
1111,cupcakes,5.0
1111,kiwi,5.0
1111,eggs,2.0
1111,bagelplain,5.0
1111,yogurtpretzels,5.0
1111,orangeslices,4.0
1111,potatochips,5.0
1111,edamame,4.0
1111,blueberries,5.0
1111,kitkat,4.0
1111,minimuffins,4.0
1111,oreos,5.0
1111,doritos,5.0
1111,pretzels,3.0
1111,mushrooms,5.0
1112,salami,4.0
1112,minimuffins,5.0
1112,cucumberslices,5.0
1112,saltines,4.0
1112,kiwi,2.0
1112,lox,3.0
1112,cookies,5.0
1112,orangeslices,4.0
1112,olives,3.0
1112,cherrytomato,3.0
1112,wheatbread,4.0
1112,deliturkey,5.0
1112,oreos,5.0
1112,broccoli,3.0
1112,bagelplain,4.0
1112,ritz,5.0
1112,blueberries,4.0
1112,icecream,3.0
1112,mango,5.0
1112,pear,4.0
1112,grahamcrackers,3.0
1112,cheezits,3.0
1112,cupcakes,4.0
1112,eggs,4.0
1112,edamame,3.0
1112,peaches,5.0
1112,trailmix,5.0
1112,bakedpotato,4.0
1112,cherries,4.0
1112,sweetpotato,3.0
1112,doritos,5.0
1112,chocolatepretzels,4.0
1112,grapes,4.0
1112,avocado,3.0
1112,mushrooms,3.0
1112,sourpatch,3.0
1112,poptarts,5.0
1112,kettlecorn,3.0
1112,granolabar,4.0
1112,kitkat,3.0
1112,croissant,3.0
1112,appleslices,5.0
1112,cantaloupe,4.0
1112,celerysticks,5.0
1112,swedishfish,4.0
1112,yogurtpretzels,4.0
1112,sunchips,3.0
1112,triscuits,4.0
1112,falafelwithpita,3.0
1112,potatochips,4.0
1112,strawberries,3.0
1112,cocktailshrimp,4.0
1112,doughnuts,5.0
1112,corncob,4.0
1112,sushi,3.0
1112,carrotsticks,4.0
1112,popsicles,4.0
1112,raspberries,4.0
1112,pretzels,3.0
1112,cheesecubes,3.0
1112,skittles,3.0
1112,banana,5.0
1112,ricecakes,4.0
1112,mms,3.0
1112,americancheese,3.0
1113,trailmix,4.0
1113,potatochips,4.0
1113,kettlecorn,4.0
1113,grahamcrackers,2.0
1113,cupcakes,4.0
1113,swedishfish,2.0
1113,strawberries,5.0
1113,corncob,5.0
1113,mms,3.0
1113,cherrytomato,5.0
1113,croissant,4.0
1113,falafelwithpita,4.0
1113,edamame,4.0
1113,peaches,4.0
1113,oreos,4.0
1113,bakedpotato,3.0
1113,eggs,2.0
1113,mango,5.0
1113,celerysticks,4.0
1113,salami,4.0
1113,doritos,3.0
1113,granolabar,2.0
1113,blueberries,4.0
1113,triscuits,3.0
1113,saltines,4.0
1113,skittles,3.0
1113,avocado,4.0
1113,kiwi,4.0
1113,cheezits,3.0
1113,grapes,5.0
1113,cantaloupe,3.0
1113,icecream,5.0
1113,banana,5.0
1113,sunchips,3.0
1113,raspberries,3.0
1113,cucumberslices,3.0
1113,yogurtpretzels,3.0
1113,orangeslices,5.0
1113,kitkat,4.0
1113,cherries,3.0
1113,chocolatepretzels,3.0
1113,pretzels,3.0
1113,olives,3.0
1113,cheesecubes,3.0
1113,sweetpotato,4.0
1113,mushrooms,3.0
1113,sushi,4.0
1113,appleslices,5.0
1113,poptarts,4.0
1113,carrotsticks,3.0
1113,broccoli,2.0
1113,cookies,3.0
1113,minimuffins,4.0
1113,cocktailshrimp,3.0
1113,popsicles,2.0
1113,doughnuts,4.0
1113,wheatbread,3.0
1113,americancheese,3.0
1113,pear,5.0
1113,ricecakes,1.0
1113,sourpatch,2.0
1113,deliturkey,3.0
1113,bagelplain,4.0
1113,ritz,3.0
1113,lox,2.0
1114,blueberries,4.0
1114,trailmix,3.0
1114,carrotsticks,4.0
1114,pretzels,5.0
1114,grapes,5.0
1114,lox,4.0
1114,ritz,3.0
1114,cocktailshrimp,5.0
1114,cupcakes,5.0
1114,mms,5.0
1114,mango,3.0
1114,orangeslices,4.0
1114,deliturkey,5.0
1114,celerysticks,4.0
1114,peaches,5.0
1114,granolabar,3.0
1114,yogurtpretzels,5.0
1114,pear,4.0
1114,corncob,4.0
1114,ricecakes,3.0
1114,minimuffins,5.0
1114,americancheese,5.0
1114,bagelplain,4.0
1114,chocolatepretzels,5.0
1114,cookies,5.0
1114,raspberries,4.0
1114,sushi,5.0
1114,avocado,3.0
1114,croissant,5.0
1114,cucumberslices,4.0
1114,edamame,4.0
1114,kettlecorn,4.0
1114,bakedpotato,4.0
1114,swedishfish,4.0
1114,cheezits,5.0
1114,kitkat,5.0
1114,potatochips,5.0
1114,skittles,5.0
1114,triscuits,2.0
1114,sourpatch,5.0
1114,mushrooms,4.0
1114,saltines,4.0
1114,kiwi,5.0
1114,popsicles,4.0
1114,cherrytomato,4.0
1114,strawberries,5.0
1114,broccoli,4.0
1114,salami,5.0
1114,falafelwithpita,3.0
1114,eggs,4.0
1114,cantaloupe,3.0
1114,cheesecubes,5.0
1114,icecream,4.0
1114,oreos,5.0
1114,poptarts,4.0
1114,doritos,5.0
1114,sweetpotato,3.0
1114,olives,3.0
1114,banana,5.0
1114,grahamcrackers,3.0
1114,sunchips,4.0
1114,wheatbread,5.0
1114,appleslices,4.0
1114,doughnuts,5.0
1114,cherries,4.0
1116,avocado,4.0
1116,sunchips,4.0
1116,blueberries,5.0
1116,icecream,4.0
1116,mms,5.0
1116,trailmix,4.0
1116,poptarts,5.0
1116,kitkat,4.0
1116,edamame,4.0
1116,saltines,3.0
1116,banana,5.0
1116,cantaloupe,5.0
1116,raspberries,5.0
1116,broccoli,4.0
1116,deliturkey,3.0
1116,orangeslices,5.0
1116,carrotsticks,4.0
1116,cucumberslices,3.0
1116,oreos,2.0
1116,cocktailshrimp,5.0
1116,cupcakes,3.0
1116,popsicles,3.0
1116,sourpatch,5.0
1116,peaches,5.0
1116,olives,1.0
1116,corncob,4.0
1116,minimuffins,3.0
1116,cheezits,3.0
1116,grapes,5.0
1116,doughnuts,1.0
1116,croissant,4.0
1116,doritos,4.0
1116,eggs,5.0
1116,potatochips,4.0
1116,strawberries,5.0
1116,pear,5.0
1116,wheatbread,3.0
1116,sweetpotato,4.0
1116,mushrooms,4.0
1116,cherrytomato,4.0
1116,cookies,4.0
1116,celerysticks,2.0
1116,yogurtpretzels,2.0
1116,chocolatepretzels,2.0
1116,mango,5.0
1116,cherries,5.0
1116,falafelwithpita,5.0
1116,kiwi,4.0
1116,kettlecorn,2.0
1116,grahamcrackers,3.0
1116,skittles,4.0
1116,sushi,5.0
1116,americancheese,3.0
1116,appleslices,4.0
1116,granolabar,2.0
1116,pretzels,3.0
1116,ritz,3.0
1116,lox,5.0
1116,swedishfish,4.0
1116,triscuits,3.0
1116,bagelplain,4.0
1116,cheesecubes,3.0
1116,ricecakes,2.0
1116,salami,4.0
1116,bakedpotato,4.0
1117,trailmix,4.0
1117,deliturkey,4.0
1117,salami,5.0
1117,popsicles,4.0
1117,strawberries,5.0
1117,blueberries,5.0
1117,doughnuts,3.0
1117,doritos,3.0
1117,sourpatch,5.0
1117,wheatbread,4.0
1117,grahamcrackers,3.0
1117,cherrytomato,4.0
1117,oreos,5.0
1117,broccoli,4.0
1117,croissant,4.0
1117,bagelplain,5.0
1117,cheesecubes,5.0
1117,celerysticks,2.0
1117,cocktailshrimp,3.0
1117,orangeslices,4.0
1117,eggs,4.0
1117,mango,3.0
1117,mushrooms,4.0
1117,potatochips,4.0
1117,peaches,5.0
1117,bakedpotato,2.0
1117,yogurtpretzels,4.0
1117,granolabar,2.0
1117,raspberries,4.0
1117,carrotsticks,3.0
1117,corncob,2.0
1117,edamame,2.0
1117,cucumberslices,3.0
1117,sweetpotato,4.0
1117,poptarts,2.0
1117,cantaloupe,2.0
1117,lox,1.0
1117,swedishfish,5.0
1117,kitkat,3.0
1117,skittles,4.0
1117,saltines,3.0
1117,banana,4.0
1117,cookies,4.0
1117,falafelwithpita,3.0
1117,grapes,4.0
1117,appleslices,3.0
1117,mms,4.0
1117,ritz,4.0
1117,pretzels,3.0
1117,americancheese,2.0
1117,olives,4.0
1117,ricecakes,2.0
1117,avocado,5.0
1117,triscuits,4.0
1117,sushi,2.0
1117,icecream,3.0
1117,minimuffins,4.0
1117,pear,3.0
1117,kettlecorn,4.0
1117,cherries,2.0
1117,cheezits,5.0
1117,cupcakes,3.0
1117,sunchips,4.0
1117,chocolatepretzels,3.0
1117,kiwi,5.0
1118,ritz,5.0
1118,strawberries,5.0
1118,saltines,4.0
1118,cheesecubes,5.0
1118,minimuffins,4.0
1118,mango,5.0
1118,pretzels,5.0
1118,bagelplain,4.0
1118,falafelwithpita,5.0
1118,blueberries,4.0
1118,cucumberslices,5.0
1118,kettlecorn,5.0
1118,chocolatepretzels,5.0
1118,bakedpotato,5.0
1118,cupcakes,3.0
1118,raspberries,3.0
1118,popsicles,5.0
1118,wheatbread,4.0
1118,cherrytomato,5.0
1118,swedishfish,5.0
1118,croissant,4.0
1118,sushi,4.0
1118,oreos,5.0
1118,broccoli,4.0
1118,orangeslices,5.0
1118,yogurtpretzels,5.0
1118,cocktailshrimp,5.0
1118,edamame,4.0
1118,carrotsticks,5.0
1118,triscuits,5.0
1118,avocado,5.0
1118,doritos,4.0
1118,corncob,4.0
1118,kitkat,3.0
1118,celerysticks,4.0
1118,icecream,4.0
1118,grahamcrackers,2.0
1118,pear,4.0
1118,cantaloupe,5.0
1118,mms,5.0
1118,trailmix,4.0
1118,doughnuts,5.0
1118,peaches,4.0
1118,cherries,5.0
1118,ricecakes,4.0
1118,deliturkey,4.0
1118,olives,5.0
1118,salami,4.0
1118,appleslices,5.0
1118,lox,4.0
1118,sourpatch,4.0
1118,poptarts,5.0
1118,americancheese,4.0
1118,eggs,5.0
1118,grapes,5.0
1118,granolabar,4.0
1118,cheezits,5.0
1118,banana,4.0
1118,cookies,5.0
1118,potatochips,5.0
1118,sunchips,5.0
1118,sweetpotato,4.0
1118,mushrooms,5.0
1118,kiwi,5.0
1118,skittles,5.0
1119,skittles,5.0
1119,corncob,5.0
1119,icecream,3.0
1119,deliturkey,4.0
1119,falafelwithpita,3.0
1119,pear,4.0
1119,mms,3.0
1119,salami,4.0
1119,bakedpotato,5.0
1119,carrotsticks,3.0
1119,grahamcrackers,4.0
1119,peaches,5.0
1119,wheatbread,5.0
1119,minimuffins,5.0
1119,blueberries,2.0
1119,pretzels,2.0
1119,doritos,2.0
1119,kitkat,3.0
1119,orangeslices,4.0
1119,celerysticks,3.0
1119,popsicles,2.0
1119,cherrytomato,5.0
1119,doughnuts,2.0
1119,edamame,2.0
1119,poptarts,4.0
1119,potatochips,4.0
1119,swedishfish,2.0
1119,cheesecubes,2.0
1119,sushi,2.0
1119,granolabar,4.0
1119,sunchips,5.0
1119,appleslices,5.0
1119,lox,4.0
1119,strawberries,5.0
1119,raspberries,5.0
1119,croissant,5.0
1119,triscuits,5.0
1119,kiwi,3.0
1119,cucumberslices,5.0
1119,grapes,5.0
1119,ricecakes,3.0
1119,cantaloupe,5.0
1119,chocolatepretzels,2.0
1119,kettlecorn,4.0
1119,banana,5.0
1119,mushrooms,3.0
1119,ritz,4.0
1119,cookies,5.0
1119,avocado,5.0
1119,sourpatch,4.0
1119,saltines,3.0
1119,yogurtpretzels,1.0
1119,eggs,5.0
1119,cheezits,3.0
1119,sweetpotato,5.0
1119,bagelplain,5.0
1119,olives,3.0
1119,cherries,4.0
1119,broccoli,3.0
1119,trailmix,4.0
1119,cocktailshrimp,2.0
1119,mango,5.0
1119,cupcakes,4.0
1119,americancheese,5.0
1119,oreos,4.0
1122,cookies,5.0
1122,minimuffins,5.0
1122,celerysticks,2.0
1122,oreos,4.0
1122,granolabar,5.0
1122,cheezits,4.0
1122,corncob,4.0
1122,orangeslices,5.0
1122,saltines,5.0
1122,lox,2.0
1122,edamame,3.0
1122,potatochips,4.0
1122,mushrooms,4.0
1122,grahamcrackers,4.0
1122,raspberries,4.0
1122,cantaloupe,2.0
1122,sunchips,4.0
1122,cocktailshrimp,1.0
1122,sushi,1.0
1122,doritos,4.0
1122,doughnuts,5.0
1122,peaches,5.0
1122,cucumberslices,1.0
1122,pretzels,3.0
1122,cupcakes,5.0
1122,appleslices,5.0
1122,kitkat,4.0
1122,ritz,4.0
1122,cherrytomato,5.0
1122,skittles,3.0
1122,broccoli,2.0
1122,icecream,3.0
1122,poptarts,1.0
1122,americancheese,1.0
1122,carrotsticks,3.0
1122,chocolatepretzels,3.0
1122,banana,5.0
1122,mango,5.0
1122,triscuits,4.0
1122,kiwi,2.0
1122,grapes,5.0
1122,avocado,4.0
1122,cherries,4.0
1122,olives,1.0
1122,ricecakes,3.0
1122,pear,5.0
1122,swedishfish,4.0
1122,bagelplain,5.0
1122,salami,1.0
1122,sourpatch,4.0
1122,blueberries,3.0
1122,mms,2.0
1122,bakedpotato,4.0
1122,falafelwithpita,3.0
1122,sweetpotato,4.0
1122,cheesecubes,5.0
1122,yogurtpretzels,3.0
1122,eggs,5.0
1122,wheatbread,4.0
1122,popsicles,3.0
1122,trailmix,3.0
1122,deliturkey,3.0
1122,kettlecorn,4.0
1122,croissant,4.0
1122,strawberries,4.0
1123,avocado,3.0
1123,strawberries,5.0
1123,cherrytomato,4.0
1123,celerysticks,5.0
1123,cantaloupe,5.0
1123,deliturkey,4.0
1123,granolabar,2.0
1123,lox,3.0
1123,ritz,3.0
1123,raspberries,4.0
1123,kitkat,5.0
1123,falafelwithpita,3.0
1123,salami,3.0
1123,cherries,3.0
1123,yogurtpretzels,3.0
1123,ricecakes,3.0
1123,eggs,3.0
1123,popsicles,3.0
1123,olives,2.0
1123,cookies,2.0
1123,banana,4.0
1123,sweetpotato,5.0
1123,kiwi,4.0
1123,icecream,2.0
1123,carrotsticks,5.0
1123,grapes,1.0
1123,oreos,1.0
1123,chocolatepretzels,2.0
1123,orangeslices,2.0
1123,sushi,5.0
1123,minimuffins,1.0
1123,triscuits,1.0
1123,wheatbread,4.0
1123,doughnuts,1.0
1123,pear,3.0
1123,grahamcrackers,3.0
1123,trailmix,3.0
1123,cucumberslices,3.0
1123,cheezits,2.0
1123,saltines,5.0
1123,kettlecorn,4.0
1123,sunchips,5.0
1123,skittles,4.0
1123,croissant,4.0
1123,cupcakes,4.0
1123,peaches,4.0
1123,poptarts,4.0
1123,potatochips,3.0
1123,cocktailshrimp,4.0
1123,mms,4.0
1123,mango,3.0
1123,broccoli,4.0
1123,swedishfish,4.0
1123,doritos,3.0
1123,corncob,3.0
1123,bakedpotato,3.0
1123,bagelplain,3.0
1123,cheesecubes,4.0
1123,sourpatch,3.0
1123,appleslices,3.0
1123,americancheese,3.0
1123,blueberries,3.0
1123,pretzels,5.0
1123,mushrooms,4.0
1123,edamame,4.0
1124,orangeslices,5.0
1124,granolabar,4.0
1124,poptarts,3.0
1124,avocado,4.0
1124,falafelwithpita,3.0
1124,banana,5.0
1124,cucumberslices,4.0
1124,appleslices,5.0
1124,carrotsticks,5.0
1124,cocktailshrimp,3.0
1124,raspberries,3.0
1124,minimuffins,3.0
1124,olives,3.0
1124,corncob,4.0
1124,doughnuts,3.0
1124,strawberries,5.0
1124,pretzels,3.0
1124,cantaloupe,3.0
1124,bagelplain,5.0
1124,yogurtpretzels,3.0
1124,mms,5.0
1124,doritos,3.0
1124,swedishfish,5.0
1124,grapes,3.0
1124,wheatbread,3.0
1124,potatochips,5.0
1124,ritz,3.0
1124,croissant,5.0
1124,ricecakes,3.0
1124,cherries,3.0
1124,kiwi,5.0
1124,chocolatepretzels,3.0
1124,cheesecubes,3.0
1124,deliturkey,3.0
1124,skittles,5.0
1124,salami,3.0
1124,americancheese,4.0
1124,cherrytomato,3.0
1124,sunchips,3.0
1124,cupcakes,2.0
1124,celerysticks,5.0
1124,peaches,3.0
1124,edamame,4.0
1124,sourpatch,4.0
1124,kitkat,5.0
1124,sweetpotato,2.0
1124,trailmix,3.0
1124,popsicles,4.0
1124,cheezits,4.0
1124,bakedpotato,4.0
1124,mango,5.0
1124,kettlecorn,3.0
1124,triscuits,4.0
1124,oreos,2.0
1124,broccoli,3.0
1124,sushi,3.0
1124,icecream,3.0
1124,grahamcrackers,3.0
1124,saltines,5.0
1124,pear,3.0
1124,eggs,4.0
1124,cookies,3.0
1124,lox,5.0
1124,mushrooms,3.0
1124,blueberries,3.0
1125,sushi,4.0
1125,kettlecorn,5.0
1125,avocado,4.0
1125,potatochips,4.0
1125,bagelplain,4.0
1125,cupcakes,5.0
1125,sourpatch,4.0
1125,pretzels,4.0
1125,corncob,4.0
1125,raspberries,2.0
1125,yogurtpretzels,4.0
1125,edamame,1.0
1125,grapes,4.0
1125,cheesecubes,5.0
1125,appleslices,5.0
1125,swedishfish,4.0
1125,croissant,4.0
1125,falafelwithpita,4.0
1125,saltines,4.0
1125,lox,2.0
1125,wheatbread,4.0
1125,trailmix,2.0
1125,kitkat,4.0
1125,eggs,5.0
1125,cherrytomato,4.0
1125,mms,4.0
1125,ricecakes,3.0
1125,sunchips,4.0
1125,cocktailshrimp,5.0
1125,granolabar,4.0
1125,poptarts,4.0
1125,grahamcrackers,5.0
1125,blueberries,4.0
1125,doritos,3.0
1125,triscuits,4.0
1125,cherries,3.0
1125,cucumberslices,2.0
1125,ritz,4.0
1125,bakedpotato,4.0
1125,strawberries,5.0
1125,banana,4.0
1125,olives,1.0
1125,cheezits,4.0
1125,oreos,5.0
1125,carrotsticks,5.0
1125,kiwi,2.0
1125,minimuffins,4.0
1125,skittles,4.0
1125,celerysticks,5.0
1125,chocolatepretzels,4.0
1125,cookies,5.0
1125,pear,3.0
1125,americancheese,1.0
1125,orangeslices,4.0
1125,doughnuts,5.0
1125,sweetpotato,3.0
1125,salami,4.0
1125,mushrooms,2.0
1125,peaches,4.0
1125,mango,4.0
1125,popsicles,2.0
1125,broccoli,3.0
1125,cantaloupe,4.0
1125,icecream,5.0
1125,deliturkey,4.0
1126,mango,4.0
1126,pretzels,3.0
1126,peaches,5.0
1126,saltines,4.0
1126,kiwi,4.0
1126,deliturkey,2.0
1126,doughnuts,4.0
1126,trailmix,3.0
1126,icecream,2.0
1126,sunchips,3.0
1126,swedishfish,2.0
1126,mushrooms,4.0
1126,cookies,4.0
1126,cherrytomato,2.0
1126,broccoli,2.0
1126,lox,1.0
1126,sourpatch,3.0
1126,wheatbread,5.0
1126,orangeslices,4.0
1126,granolabar,4.0
1126,banana,4.0
1126,sweetpotato,4.0
1126,blueberries,4.0
1126,salami,2.0
1126,croissant,4.0
1126,triscuits,4.0
1126,kettlecorn,1.0
1126,strawberries,5.0
1126,popsicles,4.0
1126,ricecakes,2.0
1126,yogurtpretzels,3.0
1126,pear,4.0
1126,sushi,2.0
1126,edamame,3.0
1126,cupcakes,5.0
1126,cherries,4.0
1126,bagelplain,4.0
1126,avocado,4.0
1126,falafelwithpita,4.0
1126,corncob,3.0
1126,potatochips,4.0
1126,chocolatepretzels,3.0
1126,cucumberslices,4.0
1126,oreos,3.0
1126,kitkat,4.0
1126,americancheese,4.0
1126,grapes,4.0
1126,mms,4.0
1126,cocktailshrimp,4.0
1126,carrotsticks,4.0
1126,olives,2.0
1126,celerysticks,2.0
1126,bakedpotato,3.0
1126,grahamcrackers,4.0
1126,ritz,4.0
1126,cheezits,4.0
1126,appleslices,5.0
1126,raspberries,4.0
1126,cheesecubes,2.0
1126,cantaloupe,4.0
1126,minimuffins,4.0
1126,skittles,4.0
1126,eggs,3.0
1126,poptarts,1.0
1126,doritos,4.0
1128,wheatbread,4.0
1128,falafelwithpita,3.0
1128,cherries,4.0
1128,poptarts,5.0
1128,cheezits,4.0
1128,sourpatch,2.0
1128,edamame,4.0
1128,minimuffins,5.0
1128,pear,5.0
1128,potatochips,3.0
1128,mushrooms,3.0
1128,kiwi,5.0
1128,bakedpotato,4.0
1128,doughnuts,5.0
1128,avocado,4.0
1128,raspberries,4.0
1128,bagelplain,5.0
1128,trailmix,4.0
1128,oreos,5.0
1128,peaches,5.0
1128,croissant,4.0
1128,mms,4.0
1128,grahamcrackers,4.0
1128,ritz,5.0
1128,triscuits,4.0
1128,sunchips,5.0
1128,cookies,4.0
1128,deliturkey,3.0
1128,lox,3.0
1128,ricecakes,4.0
1128,cucumberslices,5.0
1128,grapes,5.0
1128,mango,4.0
1128,corncob,5.0
1128,pretzels,2.0
1128,broccoli,5.0
1128,skittles,4.0
1128,popsicles,2.0
1128,cupcakes,5.0
1128,cheesecubes,4.0
1128,celerysticks,4.0
1128,kettlecorn,5.0
1128,doritos,4.0
1128,blueberries,5.0
1128,granolabar,4.0
1128,sweetpotato,2.0
1128,salami,3.0
1128,saltines,5.0
1128,cantaloupe,4.0
1128,cherrytomato,4.0
1128,yogurtpretzels,5.0
1128,americancheese,5.0
1128,chocolatepretzels,2.0
1128,banana,5.0
1128,olives,5.0
1128,cocktailshrimp,5.0
1128,appleslices,5.0
1128,carrotsticks,5.0
1128,orangeslices,5.0
1128,swedishfish,1.0
1128,sushi,5.0
1128,strawberries,5.0
1128,icecream,5.0
1128,kitkat,5.0
1128,eggs,4.0
1131,strawberries,5.0
1131,chocolatepretzels,3.0
1131,trailmix,4.0
1131,sushi,5.0
1131,ritz,4.0
1131,mango,4.0
1131,orangeslices,5.0
1131,wheatbread,4.0
1131,ricecakes,4.0
1131,cherries,5.0
1131,peaches,2.0
1131,cocktailshrimp,5.0
1131,popsicles,4.0
1131,kitkat,5.0
1131,kettlecorn,5.0
1131,cheesecubes,5.0
1131,cherrytomato,5.0
1131,deliturkey,5.0
1131,doritos,4.0
1131,swedishfish,4.0
1131,oreos,5.0
1131,pretzels,4.0
1131,grahamcrackers,4.0
1131,avocado,4.0
1131,minimuffins,5.0
1131,bakedpotato,4.0
1131,bagelplain,5.0
1131,eggs,4.0
1131,sourpatch,3.0
1131,pear,4.0
1131,banana,5.0
1131,carrotsticks,4.0
1131,croissant,5.0
1131,saltines,5.0
1131,cheezits,4.0
1131,yogurtpretzels,4.0
1131,sweetpotato,4.0
1131,corncob,3.0
1131,cupcakes,4.0
1131,skittles,4.0
1131,poptarts,5.0
1131,broccoli,4.0
1131,grapes,4.0
1131,granolabar,3.0
1131,falafelwithpita,4.0
1131,mushrooms,5.0
1131,cucumberslices,4.0
1131,potatochips,2.0
1131,doughnuts,3.0
1131,olives,4.0
1131,raspberries,5.0
1131,sunchips,4.0
1131,celerysticks,5.0
1131,triscuits,5.0
1131,blueberries,4.0
1131,icecream,4.0
1131,lox,4.0
1131,kiwi,5.0
1131,mms,3.0
1131,salami,4.0
1131,cookies,4.0
1131,appleslices,4.0
1131,americancheese,4.0
1131,edamame,4.0
1131,cantaloupe,4.0
1132,icecream,4.0
1132,yogurtpretzels,4.0
1132,pear,4.0
1132,oreos,4.0
1132,triscuits,4.0
1132,cocktailshrimp,5.0
1132,strawberries,4.0
1132,cupcakes,4.0
1132,popsicles,4.0
1132,orangeslices,4.0
1132,granolabar,3.0
1132,ricecakes,4.0
1132,cheezits,4.0
1132,deliturkey,4.0
1132,edamame,4.0
1132,trailmix,5.0
1132,falafelwithpita,5.0
1132,cantaloupe,4.0
1132,cucumberslices,4.0
1132,sourpatch,3.0
1132,mango,4.0
1132,corncob,4.0
1132,americancheese,4.0
1132,grahamcrackers,4.0
1132,pretzels,4.0
1132,cheesecubes,4.0
1132,cherries,5.0
1132,saltines,4.0
1132,skittles,4.0
1132,peaches,2.0
1132,bagelplain,4.0
1132,salami,3.0
1132,kitkat,3.0
1132,sushi,3.0
1132,minimuffins,4.0
1132,carrotsticks,4.0
1132,avocado,4.0
1132,poptarts,4.0
1132,cookies,4.0
1132,blueberries,5.0
1132,cherrytomato,4.0
1132,olives,3.0
1132,sweetpotato,4.0
1132,broccoli,3.0
1132,doughnuts,5.0
1132,sunchips,3.0
1132,croissant,4.0
1132,doritos,4.0
1132,mushrooms,4.0
1132,bakedpotato,4.0
1132,mms,3.0
1132,ritz,4.0
1132,chocolatepretzels,3.0
1132,grapes,5.0
1132,raspberries,5.0
1132,appleslices,5.0
1132,banana,5.0
1132,wheatbread,5.0
1132,kiwi,4.0
1132,kettlecorn,3.0
1132,lox,4.0
1132,swedishfish,3.0
1132,potatochips,4.0
1132,celerysticks,4.0
1132,eggs,5.0
1134,cucumberslices,4.0
1134,eggs,5.0
1134,sourpatch,3.0
1134,cupcakes,4.0
1134,skittles,4.0
1134,icecream,4.0
1134,minimuffins,3.0
1134,salami,3.0
1134,grahamcrackers,3.0
1134,sushi,2.0
1134,popsicles,4.0
1134,lox,1.0
1134,cheezits,2.0
1134,pear,4.0
1134,peaches,4.0
1134,americancheese,4.0
1134,blueberries,5.0
1134,banana,5.0
1134,avocado,4.0
1134,swedishfish,3.0
1134,doritos,4.0
1134,celerysticks,2.0
1134,falafelwithpita,4.0
1134,raspberries,4.0
1134,mms,4.0
1134,corncob,4.0
1134,ricecakes,5.0
1134,carrotsticks,4.0
1134,cantaloupe,4.0
1134,strawberries,5.0
1134,trailmix,3.0
1134,bagelplain,4.0
1134,cookies,5.0
1134,wheatbread,5.0
1134,cheesecubes,4.0
1134,triscuits,4.0
1134,pretzels,3.0
1134,potatochips,4.0
1134,granolabar,2.0
1134,orangeslices,4.0
1134,deliturkey,5.0
1134,sweetpotato,3.0
1134,poptarts,4.0
1134,yogurtpretzels,2.0
1134,sunchips,3.0
1134,broccoli,4.0
1134,chocolatepretzels,2.0
1134,appleslices,4.0
1134,cherrytomato,4.0
1134,olives,1.0
1134,cocktailshrimp,2.0
1134,grapes,4.0
1134,kiwi,3.0
1134,oreos,4.0
1134,doughnuts,5.0
1134,mushrooms,4.0
1134,kitkat,3.0
1134,ritz,4.0
1134,saltines,4.0
1134,croissant,5.0
1134,cherries,3.0
1134,edamame,2.0
1134,mango,4.0
1134,kettlecorn,3.0
1134,bakedpotato,3.0
1135,bakedpotato,4.0
1135,doughnuts,5.0
1135,blueberries,3.0
1135,triscuits,4.0
1135,raspberries,4.0
1135,cucumberslices,2.0
1135,appleslices,5.0
1135,corncob,5.0
1135,icecream,3.0
1135,americancheese,4.0
1135,kettlecorn,4.0
1135,celerysticks,3.0
1135,carrotsticks,4.0
1135,skittles,3.0
1135,deliturkey,3.0
1135,yogurtpretzels,5.0
1135,pretzels,3.0
1135,edamame,4.0
1135,olives,2.0
1135,grahamcrackers,4.0
1135,mushrooms,3.0
1135,croissant,4.0
1135,doritos,3.0
1135,cherrytomato,3.0
1135,oreos,3.0
1135,sourpatch,3.0
1135,cantaloupe,4.0
1135,cheezits,4.0
1135,sweetpotato,3.0
1135,broccoli,2.0
1135,banana,4.0
1135,ritz,4.0
1135,orangeslices,4.0
1135,lox,4.0
1135,ricecakes,4.0
1135,potatochips,3.0
1135,swedishfish,3.0
1135,sunchips,4.0
1135,peaches,4.0
1135,cocktailshrimp,3.0
1135,falafelwithpita,3.0
1135,minimuffins,3.0
1135,cherries,4.0
1135,mms,3.0
1135,grapes,4.0
1135,wheatbread,5.0
1135,avocado,5.0
1135,bagelplain,4.0
1135,eggs,4.0
1135,cupcakes,4.0
1135,cookies,4.0
1135,saltines,4.0
1135,strawberries,4.0
1135,chocolatepretzels,3.0
1135,pear,5.0
1135,sushi,3.0
1135,mango,4.0
1135,cheesecubes,4.0
1135,kitkat,4.0
1135,kiwi,3.0
1135,poptarts,3.0
1135,trailmix,3.0
1135,popsicles,4.0
1135,salami,3.0
1135,granolabar,4.0
1136,cherries,4.0
1136,broccoli,2.0
1136,skittles,3.0
1136,granolabar,4.0
1136,kettlecorn,4.0
1136,potatochips,4.0
1136,corncob,4.0
1136,edamame,4.0
1136,olives,4.0
1136,grahamcrackers,3.0
1136,cucumberslices,5.0
1136,bagelplain,3.0
1136,cocktailshrimp,3.0
1136,avocado,4.0
1136,poptarts,3.0
1136,kitkat,3.0
1136,salami,2.0
1136,strawberries,3.0
1136,yogurtpretzels,2.0
1136,icecream,1.0
1136,orangeslices,5.0
1136,bakedpotato,4.0
1136,cupcakes,3.0
1136,cantaloupe,4.0
1136,minimuffins,3.0
1136,pear,5.0
1136,ritz,4.0
1136,sourpatch,4.0
1136,chocolatepretzels,1.0
1136,cookies,4.0
1136,falafelwithpita,5.0
1136,mms,2.0
1136,grapes,3.0
1136,doughnuts,4.0
1136,sweetpotato,3.0
1136,cherrytomato,3.0
1136,peaches,3.0
1136,lox,4.0
1136,blueberries,3.0
1136,banana,5.0
1136,trailmix,4.0
1136,mango,4.0
1136,cheesecubes,4.0
1136,carrotsticks,4.0
1136,appleslices,3.0
1136,kiwi,4.0
1136,pretzels,4.0
1136,eggs,4.0
1136,deliturkey,2.0
1136,swedishfish,4.0
1136,ricecakes,4.0
1136,mushrooms,4.0
1136,sushi,4.0
1136,sunchips,3.0
1136,americancheese,4.0
1136,popsicles,1.0
1136,triscuits,3.0
1136,doritos,3.0
1136,croissant,3.0
1136,celerysticks,3.0
1136,oreos,1.0
1136,raspberries,3.0
1136,cheezits,2.0
1136,wheatbread,5.0
1136,saltines,2.0
1137,carrotsticks,3.0
1137,popsicles,4.0
1137,eggs,4.0
1137,lox,5.0
1137,bagelplain,3.0
1137,doritos,4.0
1137,ritz,3.0
1137,kitkat,5.0
1137,croissant,3.0
1137,salami,4.0
1137,pretzels,2.0
1137,cookies,4.0
1137,broccoli,5.0
1137,chocolatepretzels,4.0
1137,edamame,4.0
1137,grahamcrackers,4.0
1137,wheatbread,3.0
1137,kiwi,4.0
1137,cupcakes,3.0
1137,raspberries,4.0
1137,mushrooms,4.0
1137,appleslices,3.0
1137,bakedpotato,4.0
1137,potatochips,1.0
1137,pear,3.0
1137,peaches,4.0
1137,cucumberslices,5.0
1137,orangeslices,3.0
1137,granolabar,4.0
1137,cocktailshrimp,4.0
1137,saltines,5.0
1137,banana,3.0
1137,deliturkey,4.0
1137,sourpatch,2.0
1137,swedishfish,4.0
1137,oreos,3.0
1137,americancheese,4.0
1137,sweetpotato,5.0
1137,poptarts,3.0
1137,cheesecubes,4.0
1137,cherrytomato,3.0
1137,minimuffins,4.0
1137,blueberries,4.0
1137,cherries,4.0
1137,corncob,4.0
1137,celerysticks,4.0
1137,triscuits,4.0
1137,falafelwithpita,3.0
1137,ricecakes,4.0
1137,cantaloupe,4.0
1137,skittles,3.0
1137,doughnuts,4.0
1137,trailmix,4.0
1137,strawberries,4.0
1137,olives,4.0
1137,yogurtpretzels,4.0
1137,mms,3.0
1137,kettlecorn,4.0
1137,sushi,3.0
1137,avocado,4.0
1137,sunchips,3.0
1137,mango,4.0
1137,cheezits,4.0
1137,grapes,4.0
1137,icecream,2.0
1138,mango,4.0
1138,avocado,5.0
1138,edamame,3.0
1138,lox,4.0
1138,grapes,5.0
1138,olives,1.0
1138,ricecakes,3.0
1138,bakedpotato,4.0
1138,raspberries,5.0
1138,bagelplain,5.0
1138,croissant,4.0
1138,cherries,4.0
1138,sunchips,3.0
1138,deliturkey,5.0
1138,salami,5.0
1138,kettlecorn,4.0
1138,kitkat,5.0
1138,peaches,5.0
1138,yogurtpretzels,3.0
1138,sourpatch,4.0
1138,cheezits,3.0
1138,cupcakes,5.0
1138,cheesecubes,1.0
1138,celerysticks,2.0
1138,wheatbread,4.0
1138,swedishfish,4.0
1138,oreos,5.0
1138,cantaloupe,5.0
1138,banana,5.0
1138,sushi,5.0
1138,strawberries,4.0
1138,saltines,3.0
1138,corncob,5.0
1138,chocolatepretzels,3.0
1138,popsicles,3.0
1138,sweetpotato,3.0
1138,falafelwithpita,3.0
1138,orangeslices,4.0
1138,icecream,4.0
1138,cherrytomato,4.0
1138,cookies,5.0
1138,kiwi,4.0
1138,skittles,4.0
1138,triscuits,3.0
1138,eggs,5.0
1138,blueberries,5.0
1138,broccoli,5.0
1138,grahamcrackers,3.0
1138,doughnuts,4.0
1138,doritos,1.0
1138,americancheese,1.0
1138,mms,4.0
1138,trailmix,4.0
1138,cocktailshrimp,5.0
1138,pear,4.0
1138,minimuffins,5.0
1138,pretzels,3.0
1138,potatochips,4.0
1138,cucumberslices,1.0
1138,carrotsticks,3.0
1138,poptarts,3.0
1138,mushrooms,4.0
1138,granolabar,3.0
1138,ritz,3.0
1138,appleslices,5.0
1140,cheesecubes,2.0
1140,grapes,5.0
1140,salami,3.0
1140,saltines,4.0
1140,broccoli,2.0
1140,raspberries,4.0
1140,appleslices,5.0
1140,olives,1.0
1140,trailmix,4.0
1140,mms,5.0
1140,cherries,5.0
1140,cantaloupe,4.0
1140,grahamcrackers,5.0
1140,strawberries,2.0
1140,banana,5.0
1140,cupcakes,5.0
1140,cucumberslices,3.0
1140,orangeslices,4.0
1140,corncob,4.0
1140,lox,1.0
1140,cocktailshrimp,3.0
1140,kitkat,4.0
1140,falafelwithpita,5.0
1140,mushrooms,5.0
1140,doritos,3.0
1140,celerysticks,2.0
1140,edamame,4.0
1140,skittles,5.0
1140,bagelplain,5.0
1140,cherrytomato,4.0
1140,americancheese,3.0
1140,pear,5.0
1140,popsicles,4.0
1140,eggs,5.0
1140,sunchips,4.0
1140,sushi,1.0
1140,chocolatepretzels,4.0
1140,croissant,5.0
1140,granolabar,4.0
1140,blueberries,2.0
1140,icecream,4.0
1140,carrotsticks,4.0
1140,mango,5.0
1140,pretzels,5.0
1140,triscuits,3.0
1140,swedishfish,4.0
1140,peaches,5.0
1140,ricecakes,5.0
1140,oreos,2.0
1140,kettlecorn,3.0
1140,ritz,4.0
1140,sourpatch,3.0
1140,doughnuts,5.0
1140,kiwi,1.0
1140,avocado,5.0
1140,cheezits,4.0
1140,bakedpotato,3.0
1140,wheatbread,4.0
1140,deliturkey,4.0
1140,sweetpotato,2.0
1140,poptarts,5.0
1140,cookies,4.0
1140,minimuffins,4.0
1140,yogurtpretzels,4.0
1140,potatochips,5.0
1141,poptarts,4.0
1141,cherrytomato,4.0
1141,cupcakes,5.0
1141,ricecakes,4.0
1141,mushrooms,5.0
1141,potatochips,5.0
1141,peaches,5.0
1141,oreos,3.0
1141,mms,4.0
1141,strawberries,4.0
1141,falafelwithpita,3.0
1141,swedishfish,4.0
1141,cherries,4.0
1141,carrotsticks,4.0
1141,sushi,3.0
1141,ritz,4.0
1141,americancheese,4.0
1141,icecream,2.0
1141,bakedpotato,3.0
1141,banana,4.0
1141,minimuffins,4.0
1141,grahamcrackers,4.0
1141,chocolatepretzels,4.0
1141,skittles,4.0
1141,olives,4.0
1141,trailmix,4.0
1141,mango,4.0
1141,eggs,4.0
1141,lox,4.0
1141,corncob,5.0
1141,broccoli,3.0
1141,granolabar,4.0
1141,cocktailshrimp,4.0
1141,grapes,5.0
1141,cantaloupe,4.0
1141,pretzels,5.0
1141,kettlecorn,4.0
1141,deliturkey,4.0
1141,raspberries,4.0
1141,avocado,4.0
1141,sunchips,5.0
1141,orangeslices,3.0
1141,doughnuts,5.0
1141,cookies,4.0
1141,pear,5.0
1141,cheezits,4.0
1141,sweetpotato,4.0
1141,kitkat,4.0
1141,kiwi,4.0
1141,cucumberslices,4.0
1141,celerysticks,4.0
1141,edamame,4.0
1141,appleslices,5.0
1141,salami,4.0
1141,yogurtpretzels,4.0
1141,doritos,4.0
1141,sourpatch,4.0
1141,blueberries,5.0
1141,croissant,4.0
1141,cheesecubes,4.0
1141,saltines,4.0
1141,wheatbread,5.0
1141,popsicles,4.0
1141,bagelplain,4.0
1141,triscuits,5.0
1142,saltines,4.0
1142,skittles,5.0
1142,corncob,3.0
1142,cheezits,4.0
1142,celerysticks,4.0
1142,chocolatepretzels,5.0
1142,minimuffins,4.0
1142,potatochips,4.0
1142,bakedpotato,4.0
1142,poptarts,3.0
1142,olives,2.0
1142,appleslices,5.0
1142,swedishfish,4.0
1142,deliturkey,4.0
1142,cheesecubes,3.0
1142,cherries,5.0
1142,icecream,4.0
1142,mms,5.0
1142,sourpatch,4.0
1142,eggs,5.0
1142,mango,4.0
1142,triscuits,4.0
1142,salami,4.0
1142,cucumberslices,3.0
1142,yogurtpretzels,4.0
1142,orangeslices,3.0
1142,granolabar,4.0
1142,oreos,5.0
1142,falafelwithpita,4.0
1142,cocktailshrimp,4.0
1142,sushi,3.0
1142,avocado,3.0
1142,cantaloupe,5.0
1142,pear,5.0
1142,doritos,4.0
1142,kettlecorn,3.0
1142,carrotsticks,4.0
1142,bagelplain,4.0
1142,americancheese,4.0
1142,kiwi,2.0
1142,wheatbread,4.0
1142,strawberries,5.0
1142,blueberries,4.0
1142,banana,4.0
1142,kitkat,5.0
1142,popsicles,4.0
1142,pretzels,4.0
1142,peaches,4.0
1142,grapes,4.0
1142,cupcakes,5.0
1142,ritz,4.0
1142,mushrooms,3.0
1142,sweetpotato,2.0
1142,sunchips,4.0
1142,ricecakes,4.0
1142,edamame,2.0
1142,raspberries,4.0
1142,broccoli,2.0
1142,grahamcrackers,4.0
1142,croissant,4.0
1142,doughnuts,4.0
1142,trailmix,4.0
1142,cookies,4.0
1142,cherrytomato,5.0
1142,lox,4.0
1143,swedishfish,5.0
1143,avocado,4.0
1143,sourpatch,5.0
1143,blueberries,4.0
1143,grapes,4.0
1143,skittles,3.0
1143,deliturkey,4.0
1143,mango,3.0
1143,peaches,4.0
1143,mushrooms,5.0
1143,banana,4.0
1143,corncob,4.0
1143,cherrytomato,4.0
1143,trailmix,5.0
1143,cupcakes,5.0
1143,ricecakes,4.0
1143,falafelwithpita,4.0
1143,grahamcrackers,5.0
1143,salami,4.0
1143,kettlecorn,4.0
1143,olives,5.0
1143,saltines,5.0
1143,potatochips,4.0
1143,edamame,4.0
1143,raspberries,4.0
1143,croissant,4.0
1143,cheezits,4.0
1143,cheesecubes,3.0
1143,poptarts,4.0
1143,doritos,5.0
1143,bakedpotato,4.0
1143,sweetpotato,4.0
1143,kitkat,4.0
1143,mms,5.0
1143,celerysticks,4.0
1143,pear,4.0
1143,wheatbread,5.0
1143,chocolatepretzels,4.0
1143,orangeslices,5.0
1143,pretzels,4.0
1143,bagelplain,5.0
1143,americancheese,4.0
1143,strawberries,5.0
1143,eggs,4.0
1143,doughnuts,5.0
1143,icecream,2.0
1143,minimuffins,3.0
1143,triscuits,3.0
1143,carrotsticks,4.0
1143,cocktailshrimp,4.0
1143,ritz,5.0
1143,cookies,4.0
1143,kiwi,4.0
1143,lox,5.0
1143,cantaloupe,4.0
1143,appleslices,5.0
1143,granolabar,4.0
1143,popsicles,5.0
1143,cucumberslices,4.0
1143,sunchips,5.0
1143,broccoli,3.0
1143,oreos,3.0
1143,yogurtpretzels,3.0
1143,sushi,2.0
1143,cherries,4.0
1144,triscuits,4.0
1144,avocado,3.0
1144,orangeslices,4.0
1144,wheatbread,5.0
1144,mango,4.0
1144,sunchips,4.0
1144,salami,4.0
1144,cocktailshrimp,4.0
1144,bagelplain,4.0
1144,bakedpotato,5.0
1144,cucumberslices,2.0
1144,raspberries,2.0
1144,trailmix,4.0
1144,doritos,5.0
1144,appleslices,3.0
1144,strawberries,3.0
1144,minimuffins,5.0
1144,cherries,3.0
1144,cheezits,5.0
1144,lox,2.0
1144,kitkat,5.0
1144,pretzels,4.0
1144,sweetpotato,2.0
1144,sushi,2.0
1144,olives,2.0
1144,cupcakes,5.0
1144,cherrytomato,2.0
1144,grapes,4.0
1144,skittles,5.0
1144,croissant,5.0
1144,saltines,5.0
1144,yogurtpretzels,5.0
1144,carrotsticks,4.0
1144,blueberries,2.0
1144,mms,2.0
1144,kiwi,2.0
1144,americancheese,2.0
1144,oreos,5.0
1144,kettlecorn,5.0
1144,pear,3.0
1144,grahamcrackers,5.0
1144,broccoli,2.0
1144,granolabar,5.0
1144,swedishfish,5.0
1144,doughnuts,5.0
1144,banana,2.0
1144,cookies,5.0
1144,falafelwithpita,5.0
1144,deliturkey,2.0
1144,poptarts,2.0
1144,ricecakes,5.0
1144,popsicles,3.0
1144,celerysticks,2.0
1144,mushrooms,2.0
1144,potatochips,5.0
1144,corncob,2.0
1144,chocolatepretzels,5.0
1144,icecream,5.0
1144,eggs,5.0
1144,cantaloupe,5.0
1144,ritz,5.0
1144,sourpatch,3.0
1144,peaches,5.0
1144,edamame,2.0
1144,cheesecubes,2.0
1145,doughnuts,5.0
1145,edamame,4.0
1145,grahamcrackers,5.0
1145,wheatbread,4.0
1145,broccoli,3.0
1145,grapes,5.0
1145,triscuits,5.0
1145,minimuffins,4.0
1145,bagelplain,4.0
1145,cookies,3.0
1145,cupcakes,4.0
1145,mms,4.0
1145,orangeslices,3.0
1145,cheesecubes,4.0
1145,peaches,4.0
1145,banana,3.0
1145,trailmix,4.0
1145,sourpatch,5.0
1145,ritz,5.0
1145,cantaloupe,4.0
1145,kiwi,4.0
1145,avocado,5.0
1145,olives,5.0
1145,yogurtpretzels,4.0
1145,deliturkey,4.0
1145,carrotsticks,3.0
1145,appleslices,4.0
1145,cherrytomato,5.0
1145,popsicles,5.0
1145,corncob,2.0
1145,cherries,4.0
1145,kitkat,5.0
1145,cocktailshrimp,3.0
1145,sunchips,5.0
1145,pear,4.0
1145,icecream,3.0
1145,falafelwithpita,3.0
1145,doritos,3.0
1145,eggs,4.0
1145,salami,5.0
1145,blueberries,4.0
1145,cucumberslices,5.0
1145,celerysticks,2.0
1145,strawberries,4.0
1145,raspberries,3.0
1145,kettlecorn,4.0
1145,croissant,5.0
1145,ricecakes,4.0
1145,pretzels,5.0
1145,skittles,3.0
1145,mushrooms,4.0
1145,sweetpotato,5.0
1145,granolabar,4.0
1145,oreos,5.0
1145,lox,3.0
1145,chocolatepretzels,4.0
1145,potatochips,5.0
1145,sushi,5.0
1145,mango,4.0
1145,bakedpotato,5.0
1145,swedishfish,4.0
1145,cheezits,5.0
1145,poptarts,4.0
1145,americancheese,5.0
1145,saltines,4.0
1146,icecream,4.0
1146,americancheese,4.0
1146,potatochips,4.0
1146,broccoli,2.0
1146,cantaloupe,4.0
1146,pear,4.0
1146,banana,4.0
1146,sourpatch,4.0
1146,mango,4.0
1146,swedishfish,4.0
1146,grapes,5.0
1146,peaches,5.0
1146,triscuits,4.0
1146,raspberries,5.0
1146,sunchips,5.0
1146,ricecakes,5.0
1146,blueberries,3.0
1146,cocktailshrimp,5.0
1146,lox,4.0
1146,salami,4.0
1146,yogurtpretzels,4.0
1146,granolabar,4.0
1146,carrotsticks,4.0
1146,strawberries,4.0
1146,pretzels,5.0
1146,mms,1.0
1146,sushi,5.0
1146,minimuffins,4.0
1146,grahamcrackers,2.0
1146,ritz,3.0
1146,kiwi,3.0
1146,appleslices,4.0
1146,cherries,5.0
1146,edamame,2.0
1146,sweetpotato,4.0
1146,saltines,5.0
1146,chocolatepretzels,2.0
1146,orangeslices,2.0
1146,bagelplain,4.0
1146,skittles,4.0
1146,mushrooms,5.0
1146,cookies,5.0
1146,doritos,3.0
1146,deliturkey,4.0
1146,oreos,2.0
1146,wheatbread,2.0
1146,cheesecubes,3.0
1146,kitkat,3.0
1146,eggs,1.0
1146,cupcakes,4.0
1146,olives,5.0
1146,kettlecorn,4.0
1146,celerysticks,2.0
1146,cucumberslices,5.0
1146,croissant,3.0
1146,falafelwithpita,1.0
1146,cheezits,4.0
1146,popsicles,5.0
1146,doughnuts,1.0
1146,poptarts,3.0
1146,corncob,3.0
1146,bakedpotato,3.0
1146,cherrytomato,1.0
1146,trailmix,3.0
1146,avocado,4.0
1147,cookies,4.0
1147,bakedpotato,4.0
1147,americancheese,4.0
1147,grahamcrackers,4.0
1147,banana,4.0
1147,triscuits,4.0
1147,popsicles,5.0
1147,ricecakes,4.0
1147,edamame,4.0
1147,carrotsticks,4.0
1147,granolabar,4.0
1147,cantaloupe,3.0
1147,swedishfish,4.0
1147,wheatbread,4.0
1147,yogurtpretzels,4.0
1147,falafelwithpita,4.0
1147,mms,4.0
1147,kiwi,4.0
1147,cherrytomato,4.0
1147,cucumberslices,4.0
1147,bagelplain,4.0
1147,pretzels,4.0
1147,cocktailshrimp,4.0
1147,doritos,4.0
1147,avocado,4.0
1147,oreos,4.0
1147,skittles,3.0
1147,kitkat,4.0
1147,sweetpotato,4.0
1147,cherries,3.0
1147,salami,2.0
1147,grapes,3.0
1147,sushi,4.0
1147,pear,4.0
1147,cupcakes,3.0
1147,ritz,4.0
1147,potatochips,4.0
1147,celerysticks,4.0
1147,saltines,4.0
1147,doughnuts,4.0
1147,kettlecorn,4.0
1147,strawberries,4.0
1147,sunchips,2.0
1147,trailmix,1.0
1147,corncob,3.0
1147,raspberries,3.0
1147,blueberries,4.0
1147,chocolatepretzels,3.0
1147,mango,3.0
1147,broccoli,3.0
1147,cheesecubes,3.0
1147,deliturkey,3.0
1147,appleslices,3.0
1147,eggs,4.0
1147,croissant,3.0
1147,peaches,4.0
1147,orangeslices,4.0
1147,lox,4.0
1147,poptarts,4.0
1147,sourpatch,4.0
1147,cheezits,4.0
1147,icecream,4.0
1147,mushrooms,3.0
1147,minimuffins,4.0
1147,olives,3.0
1148,potatochips,4.0
1148,minimuffins,2.0
1148,avocado,4.0
1148,kiwi,1.0
1148,americancheese,4.0
1148,lox,4.0
1148,blueberries,4.0
1148,skittles,4.0
1148,appleslices,4.0
1148,strawberries,4.0
1148,pear,4.0
1148,granolabar,4.0
1148,sunchips,2.0
1148,cookies,4.0
1148,poptarts,3.0
1148,mushrooms,4.0
1148,bakedpotato,3.0
1148,saltines,2.0
1148,pretzels,4.0
1148,celerysticks,2.0
1148,deliturkey,3.0
1148,cherries,4.0
1148,grapes,4.0
1148,swedishfish,4.0
1148,cheezits,3.0
1148,cupcakes,3.0
1148,doughnuts,4.0
1148,eggs,4.0
1148,orangeslices,4.0
1148,raspberries,4.0
1148,yogurtpretzels,3.0
1148,sourpatch,4.0
1148,icecream,3.0
1148,ricecakes,3.0
1148,ritz,3.0
1148,kettlecorn,3.0
1148,chocolatepretzels,4.0
1148,edamame,2.0
1148,banana,4.0
1148,mango,4.0
1148,doritos,2.0
1148,trailmix,3.0
1148,wheatbread,4.0
1148,sushi,3.0
1148,salami,4.0
1148,popsicles,4.0
1148,corncob,4.0
1148,cheesecubes,4.0
1148,bagelplain,3.0
1148,croissant,4.0
1148,carrotsticks,4.0
1148,cucumberslices,3.0
1148,cocktailshrimp,2.0
1148,grahamcrackers,3.0
1148,olives,3.0
1148,falafelwithpita,3.0
1148,peaches,4.0
1148,kitkat,5.0
1148,mms,4.0
1148,broccoli,2.0
1148,oreos,3.0
1148,triscuits,2.0
1148,cherrytomato,4.0
1148,sweetpotato,3.0
1148,cantaloupe,4.0
1149,sunchips,3.0
1149,sweetpotato,2.0
1149,popsicles,1.0
1149,cheesecubes,3.0
1149,kitkat,5.0
1149,pear,2.0
1149,americancheese,3.0
1149,yogurtpretzels,2.0
1149,grahamcrackers,1.0
1149,cheezits,2.0
1149,blueberries,4.0
1149,grapes,4.0
1149,cucumberslices,1.0
1149,olives,1.0
1149,doughnuts,3.0
1149,trailmix,4.0
1149,wheatbread,4.0
1149,edamame,1.0
1149,potatochips,4.0
1149,cocktailshrimp,2.0
1149,sushi,2.0
1149,deliturkey,3.0
1149,chocolatepretzels,2.0
1149,falafelwithpita,1.0
1149,cupcakes,2.0
1149,triscuits,1.0
1149,cherries,2.0
1149,kiwi,1.0
1149,peaches,4.0
1149,mms,3.0
1149,strawberries,3.0
1149,cantaloupe,3.0
1149,cookies,3.0
1149,eggs,1.0
1149,ricecakes,1.0
1149,ritz,1.0
1149,raspberries,4.0
1149,pretzels,1.0
1149,icecream,5.0
1149,appleslices,2.0
1149,minimuffins,2.0
1149,avocado,1.0
1149,lox,1.0
1149,sourpatch,1.0
1149,skittles,4.0
1149,broccoli,1.0
1149,banana,3.0
1149,cherrytomato,2.0
1149,poptarts,2.0
1149,celerysticks,1.0
1149,mushrooms,1.0
1149,bagelplain,2.0
1149,swedishfish,1.0
1149,bakedpotato,2.0
1149,orangeslices,1.0
1149,carrotsticks,2.0
1149,granolabar,2.0
1149,salami,5.0
1149,mango,2.0
1149,croissant,2.0
1149,doritos,3.0
1149,saltines,1.0
1149,corncob,2.0
1149,kettlecorn,1.0
1149,oreos,4.0
1150,sushi,4.0
1150,edamame,4.0
1150,broccoli,4.0
1150,croissant,5.0
1150,cherries,1.0
1150,cucumberslices,2.0
1150,avocado,4.0
1150,lox,3.0
1150,sunchips,4.0
1150,oreos,2.0
1150,banana,4.0
1150,sweetpotato,3.0
1150,kettlecorn,4.0
1150,bagelplain,2.0
1150,ricecakes,2.0
1150,americancheese,4.0
1150,raspberries,4.0
1150,doughnuts,4.0
1150,trailmix,5.0
1150,saltines,2.0
1150,bakedpotato,4.0
1150,pretzels,1.0
1150,doritos,1.0
1150,poptarts,4.0
1150,potatochips,5.0
1150,cocktailshrimp,4.0
1150,granolabar,5.0
1150,eggs,5.0
1150,minimuffins,5.0
1150,chocolatepretzels,4.0
1150,icecream,5.0
1150,corncob,5.0
1150,triscuits,3.0
1150,carrotsticks,3.0
1150,peaches,3.0
1150,ritz,4.0
1150,cookies,3.0
1150,olives,5.0
1150,orangeslices,3.0
1150,salami,4.0
1150,wheatbread,5.0
1150,strawberries,4.0
1150,mango,4.0
1150,skittles,5.0
1150,yogurtpretzels,5.0
1150,cantaloupe,5.0
1150,falafelwithpita,4.0
1150,pear,5.0
1150,popsicles,5.0
1150,mms,1.0
1150,sourpatch,3.0
1150,mushrooms,4.0
1150,swedishfish,5.0
1150,grapes,4.0
1150,kitkat,5.0
1150,cherrytomato,4.0
1150,appleslices,4.0
1150,cupcakes,5.0
1150,blueberries,5.0
1150,grahamcrackers,4.0
1150,deliturkey,3.0
1150,cheezits,4.0
1150,kiwi,5.0
1150,celerysticks,4.0
1150,cheesecubes,4.0
1151,oreos,3.0
1151,raspberries,5.0
1151,skittles,2.0
1151,carrotsticks,3.0
1151,swedishfish,3.0
1151,cheezits,4.0
1151,mms,3.0
1151,yogurtpretzels,3.0
1151,doritos,5.0
1151,potatochips,4.0
1151,falafelwithpita,5.0
1151,deliturkey,4.0
1151,appleslices,4.0
1151,corncob,5.0
1151,wheatbread,3.0
1151,cherrytomato,3.0
1151,cantaloupe,3.0
1151,ritz,4.0
1151,kiwi,5.0
1151,banana,4.0
1151,bagelplain,4.0
1151,chocolatepretzels,4.0
1151,popsicles,4.0
1151,cheesecubes,4.0
1151,pear,4.0
1151,cupcakes,3.0
1151,cherries,4.0
1151,avocado,5.0
1151,sweetpotato,4.0
1151,salami,5.0
1151,kettlecorn,4.0
1151,cookies,4.0
1151,saltines,3.0
1151,sourpatch,3.0
1151,strawberries,5.0
1151,poptarts,4.0
1151,blueberries,3.0
1151,cucumberslices,3.0
1151,orangeslices,4.0
1151,pretzels,3.0
1151,grapes,4.0
1151,triscuits,3.0
1151,olives,3.0
1151,mango,3.0
1151,grahamcrackers,3.0
1151,broccoli,5.0
1151,sushi,4.0
1151,bakedpotato,4.0
1151,cocktailshrimp,5.0
1151,lox,3.0
1151,trailmix,3.0
1151,kitkat,3.0
1151,granolabar,4.0
1151,doughnuts,4.0
1151,celerysticks,3.0
1151,croissant,4.0
1151,edamame,3.0
1151,peaches,4.0
1151,americancheese,4.0
1151,icecream,5.0
1151,mushrooms,4.0
1151,ricecakes,3.0
1151,eggs,4.0
1151,sunchips,3.0
1151,minimuffins,4.0
1152,olives,1.0
1152,triscuits,4.0
1152,mushrooms,2.0
1152,swedishfish,4.0
1152,grahamcrackers,4.0
1152,edamame,2.0
1152,kitkat,4.0
1152,popsicles,4.0
1152,cupcakes,4.0
1152,trailmix,1.0
1152,doughnuts,2.0
1152,falafelwithpita,3.0
1152,bakedpotato,5.0
1152,ritz,4.0
1152,doritos,4.0
1152,cheezits,4.0
1152,kiwi,2.0
1152,deliturkey,5.0
1152,potatochips,2.0
1152,orangeslices,4.0
1152,avocado,2.0
1152,sunchips,1.0
1152,corncob,4.0
1152,wheatbread,4.0
1152,raspberries,5.0
1152,croissant,4.0
1152,pear,4.0
1152,eggs,2.0
1152,broccoli,2.0
1152,oreos,4.0
1152,peaches,4.0
1152,lox,2.0
1152,carrotsticks,2.0
1152,americancheese,4.0
1152,mms,1.0
1152,saltines,4.0
1152,sweetpotato,3.0
1152,banana,4.0
1152,chocolatepretzels,2.0
1152,pretzels,2.0
1152,salami,5.0
1152,poptarts,2.0
1152,cantaloupe,1.0
1152,appleslices,4.0
1152,sourpatch,2.0
1152,cheesecubes,3.0
1152,mango,4.0
1152,blueberries,2.0
1152,kettlecorn,2.0
1152,yogurtpretzels,2.0
1152,skittles,1.0
1152,cocktailshrimp,5.0
1152,granolabar,4.0
1152,cookies,4.0
1152,ricecakes,1.0
1152,cherrytomato,2.0
1152,strawberries,5.0
1152,cucumberslices,1.0
1152,bagelplain,4.0
1152,grapes,4.0
1152,sushi,4.0
1152,icecream,5.0
1152,minimuffins,4.0
1152,cherries,2.0
1152,celerysticks,1.0
1153,potatochips,2.0
1153,peaches,4.0
1153,blueberries,2.0
1153,sourpatch,2.0
1153,yogurtpretzels,1.0
1153,trailmix,1.0
1153,bakedpotato,5.0
1153,carrotsticks,2.0
1153,strawberries,5.0
1153,cocktailshrimp,5.0
1153,popsicles,4.0
1153,poptarts,2.0
1153,americancheese,4.0
1153,edamame,2.0
1153,cantaloupe,1.0
1153,sunchips,1.0
1153,pear,4.0
1153,salami,5.0
1153,croissant,4.0
1153,orangeslices,4.0
1153,cupcakes,4.0
1153,granolabar,2.0
1153,oreos,4.0
1153,doughnuts,4.0
1153,kettlecorn,2.0
1153,cheesecubes,3.0
1153,broccoli,2.0
1153,banana,4.0
1153,wheatbread,4.0
1153,mushrooms,4.0
1153,avocado,2.0
1153,pretzels,2.0
1153,deliturkey,4.0
1153,mms,1.0
1153,skittles,1.0
1153,cherries,2.0
1153,mango,2.0
1153,chocolatepretzels,2.0
1153,grapes,4.0
1153,triscuits,4.0
1153,olives,1.0
1153,doritos,5.0
1153,bagelplain,4.0
1153,raspberries,5.0
1153,swedishfish,2.0
1153,falafelwithpita,3.0
1153,appleslices,4.0
1153,saltines,4.0
1153,kiwi,4.0
1153,kitkat,4.0
1153,celerysticks,1.0
1153,icecream,5.0
1153,sushi,4.0
1153,ritz,4.0
1153,grahamcrackers,2.0
1153,cherrytomato,2.0
1153,minimuffins,4.0
1153,sweetpotato,3.0
1153,eggs,2.0
1153,cheezits,4.0
1153,corncob,4.0
1153,cucumberslices,2.0
1153,lox,2.0
1153,ricecakes,1.0
1153,cookies,4.0
1154,grahamcrackers,2.0
1154,minimuffins,3.0
1154,trailmix,3.0
1154,poptarts,2.0
1154,chocolatepretzels,5.0
1154,americancheese,3.0
1154,cucumberslices,2.0
1154,popsicles,3.0
1154,carrotsticks,4.0
1154,yogurtpretzels,4.0
1154,pretzels,3.0
1154,appleslices,4.0
1154,raspberries,5.0
1154,cherries,3.0
1154,doritos,4.0
1154,sourpatch,2.0
1154,salami,2.0
1154,avocado,2.0
1154,saltines,3.0
1154,orangeslices,5.0
1154,icecream,4.0
1154,pear,3.0
1154,ricecakes,1.0
1154,triscuits,2.0
1154,lox,2.0
1154,sunchips,2.0
1154,deliturkey,2.0
1154,sushi,1.0
1154,doughnuts,4.0
1154,celerysticks,2.0
1154,bagelplain,1.0
1154,potatochips,2.0
1154,mms,5.0
1154,cheesecubes,2.0
1154,croissant,2.0
1154,olives,1.0
1154,skittles,5.0
1154,cocktailshrimp,2.0
1154,eggs,3.0
1154,edamame,2.0
1154,grapes,5.0
1154,cantaloupe,5.0
1154,cheezits,2.0
1154,banana,5.0
1154,broccoli,3.0
1154,cherrytomato,4.0
1154,kiwi,5.0
1154,blueberries,3.0
1154,bakedpotato,1.0
1154,wheatbread,2.0
1154,kettlecorn,1.0
1154,swedishfish,2.0
1154,oreos,3.0
1154,kitkat,4.0
1154,sweetpotato,1.0
1154,mango,1.0
1154,strawberries,5.0
1154,cookies,5.0
1154,corncob,2.0
1154,cupcakes,4.0
1154,falafelwithpita,2.0
1154,peaches,2.0
1154,ritz,1.0
1154,granolabar,2.0
1154,mushrooms,2.0
1156,cookies,4.0
1156,doritos,5.0
1156,mms,2.0
1156,grahamcrackers,2.0
1156,minimuffins,4.0
1156,appleslices,5.0
1156,wheatbread,5.0
1156,salami,2.0
1156,skittles,2.0
1156,sweetpotato,1.0
1156,blueberries,2.0
1156,kiwi,1.0
1156,eggs,4.0
1156,chocolatepretzels,5.0
1156,poptarts,2.0
1156,strawberries,2.0
1156,falafelwithpita,5.0
1156,sunchips,5.0
1156,mango,4.0
1156,avocado,1.0
1156,olives,2.0
1156,americancheese,4.0
1156,orangeslices,4.0
1156,pear,4.0
1156,kettlecorn,4.0
1156,grapes,5.0
1156,deliturkey,1.0
1156,pretzels,5.0
1156,croissant,5.0
1156,bakedpotato,4.0
1156,carrotsticks,2.0
1156,cherries,2.0
1156,bagelplain,5.0
1156,sourpatch,4.0
1156,raspberries,5.0
1156,potatochips,5.0
1156,cupcakes,5.0
1156,sushi,1.0
1156,cocktailshrimp,1.0
1156,cheesecubes,2.0
1156,oreos,4.0
1156,kitkat,5.0
1156,swedishfish,4.0
1156,popsicles,1.0
1156,peaches,5.0
1156,mushrooms,1.0
1156,trailmix,4.0
1156,cherrytomato,1.0
1156,ricecakes,5.0
1156,edamame,1.0
1156,icecream,5.0
1156,ritz,5.0
1156,doughnuts,5.0
1156,granolabar,4.0
1156,saltines,5.0
1156,broccoli,2.0
1156,celerysticks,1.0
1156,banana,5.0
1156,cheezits,5.0
1156,corncob,5.0
1156,lox,1.0
1156,cantaloupe,4.0
1156,cucumberslices,2.0
1156,triscuits,4.0
1156,yogurtpretzels,5.0
1157,cucumberslices,5.0
1157,peaches,5.0
1157,sushi,5.0
1157,falafelwithpita,4.0
1157,grahamcrackers,3.0
1157,cherrytomato,3.0
1157,trailmix,4.0
1157,sunchips,2.0
1157,celerysticks,4.0
1157,ritz,3.0
1157,cupcakes,1.0
1157,olives,4.0
1157,doritos,1.0
1157,chocolatepretzels,4.0
1157,kitkat,4.0
1157,icecream,4.0
1157,croissant,5.0
1157,popsicles,3.0
1157,banana,3.0
1157,mushrooms,5.0
1157,saltines,4.0
1157,wheatbread,3.0
1157,edamame,5.0
1157,americancheese,4.0
1157,triscuits,3.0
1157,lox,5.0
1157,mango,4.0
1157,granolabar,1.0
1157,bakedpotato,4.0
1157,blueberries,4.0
1157,grapes,3.0
1157,eggs,4.0
1157,bagelplain,5.0
1157,mms,1.0
1157,kettlecorn,3.0
1157,cocktailshrimp,5.0
1157,sourpatch,4.0
1157,kiwi,5.0
1157,cheezits,2.0
1157,broccoli,4.0
1157,cherries,5.0
1157,pear,3.0
1157,pretzels,2.0
1157,raspberries,3.0
1157,orangeslices,2.0
1157,salami,4.0
1157,doughnuts,1.0
1157,carrotsticks,3.0
1157,appleslices,3.0
1157,cheesecubes,4.0
1157,ricecakes,2.0
1157,strawberries,5.0
1157,cantaloupe,4.0
1157,poptarts,2.0
1157,avocado,5.0
1157,deliturkey,4.0
1157,skittles,1.0
1157,cookies,2.0
1157,corncob,4.0
1157,yogurtpretzels,2.0
1157,swedishfish,3.0
1157,oreos,2.0
1157,potatochips,4.0
1157,sweetpotato,5.0
1157,minimuffins,2.0
1158,cheezits,3.0
1158,celerysticks,2.0
1158,falafelwithpita,4.0
1158,carrotsticks,2.0
1158,eggs,5.0
1158,cupcakes,4.0
1158,skittles,4.0
1158,poptarts,4.0
1158,bakedpotato,4.0
1158,cantaloupe,4.0
1158,raspberries,4.0
1158,saltines,4.0
1158,kettlecorn,4.0
1158,kitkat,2.0
1158,broccoli,2.0
1158,bagelplain,4.0
1158,potatochips,4.0
1158,olives,2.0
1158,triscuits,4.0
1158,kiwi,2.0
1158,swedishfish,4.0
1158,deliturkey,4.0
1158,pear,4.0
1158,cucumberslices,5.0
1158,doughnuts,5.0
1158,americancheese,5.0
1158,cherries,5.0
1158,sweetpotato,4.0
1158,oreos,2.0
1158,corncob,2.0
1158,pretzels,2.0
1158,ritz,4.0
1158,minimuffins,2.0
1158,granolabar,4.0
1158,ricecakes,4.0
1158,icecream,4.0
1158,grapes,2.0
1158,grahamcrackers,5.0
1158,edamame,5.0
1158,sunchips,4.0
1158,orangeslices,2.0
1158,doritos,4.0
1158,salami,4.0
1158,blueberries,2.0
1158,mango,5.0
1158,mms,5.0
1158,cheesecubes,2.0
1158,mushrooms,4.0
1158,wheatbread,5.0
1158,yogurtpretzels,2.0
1158,lox,2.0
1158,peaches,4.0
1158,sourpatch,3.0
1158,cookies,4.0
1158,cocktailshrimp,2.0
1158,sushi,4.0
1158,chocolatepretzels,2.0
1158,avocado,4.0
1158,trailmix,2.0
1158,appleslices,4.0
1158,popsicles,4.0
1158,croissant,4.0
1158,cherrytomato,4.0
1158,banana,5.0
1158,strawberries,4.0
1159,cheezits,4.0
1159,salami,2.0
1159,cookies,4.0
1159,saltines,4.0
1159,lox,2.0
1159,granolabar,4.0
1159,yogurtpretzels,4.0
1159,grahamcrackers,4.0
1159,banana,4.0
1159,skittles,4.0
1159,poptarts,4.0
1159,trailmix,4.0
1159,popsicles,4.0
1159,oreos,4.0
1159,cupcakes,4.0
1159,olives,2.0
1159,ricecakes,4.0
1159,kettlecorn,4.0
1159,broccoli,4.0
1159,cherrytomato,4.0
1159,wheatbread,4.0
1159,edamame,4.0
1159,corncob,4.0
1159,blueberries,4.0
1159,swedishfish,4.0
1159,cheesecubes,4.0
1159,sunchips,4.0
1159,avocado,4.0
1159,kitkat,4.0
1159,orangeslices,4.0
1159,sweetpotato,4.0
1159,sushi,2.0
1159,bagelplain,4.0
1159,cocktailshrimp,2.0
1159,pear,4.0
1159,potatochips,4.0
1159,minimuffins,4.0
1159,carrotsticks,4.0
1159,americancheese,4.0
1159,doughnuts,4.0
1159,mms,4.0
1159,mango,4.0
1159,chocolatepretzels,4.0
1159,triscuits,4.0
1159,icecream,4.0
1159,ritz,4.0
1159,sourpatch,2.0
1159,doritos,2.0
1159,eggs,2.0
1159,falafelwithpita,2.0
1159,mushrooms,2.0
1159,celerysticks,4.0
1159,cherries,4.0
1159,peaches,4.0
1159,bakedpotato,4.0
1159,strawberries,4.0
1159,raspberries,4.0
1159,grapes,4.0
1159,cucumberslices,4.0
1159,kiwi,2.0
1159,deliturkey,4.0
1159,cantaloupe,4.0
1159,appleslices,4.0
1159,croissant,4.0
1159,pretzels,4.0
1160,triscuits,4.0
1160,cantaloupe,3.0
1160,popsicles,4.0
1160,cocktailshrimp,2.0
1160,croissant,4.0
1160,granolabar,4.0
1160,sunchips,4.0
1160,falafelwithpita,3.0
1160,kettlecorn,4.0
1160,icecream,4.0
1160,trailmix,3.0
1160,grahamcrackers,5.0
1160,strawberries,5.0
1160,celerysticks,1.0
1160,cherrytomato,5.0
1160,sourpatch,4.0
1160,oreos,4.0
1160,sushi,1.0
1160,pretzels,2.0
1160,grapes,5.0
1160,lox,4.0
1160,edamame,3.0
1160,eggs,5.0
1160,chocolatepretzels,4.0
1160,wheatbread,4.0
1160,swedishfish,3.0
1160,cupcakes,4.0
1160,cherries,5.0
1160,broccoli,3.0
1160,carrotsticks,3.0
1160,bagelplain,5.0
1160,cookies,4.0
1160,appleslices,4.0
1160,sweetpotato,4.0
1160,corncob,4.0
1160,mms,4.0
1160,orangeslices,5.0
1160,yogurtpretzels,4.0
1160,ricecakes,2.0
1160,banana,3.0
1160,poptarts,4.0
1160,cheezits,4.0
1160,kiwi,4.0
1160,americancheese,4.0
1160,doritos,4.0
1160,mango,3.0
1160,skittles,4.0
1160,avocado,3.0
1160,mushrooms,3.0
1160,peaches,3.0
1160,ritz,4.0
1160,blueberries,4.0
1160,salami,5.0
1160,kitkat,4.0
1160,cheesecubes,4.0
1160,cucumberslices,3.0
1160,doughnuts,4.0
1160,deliturkey,5.0
1160,bakedpotato,5.0
1160,minimuffins,5.0
1160,potatochips,4.0
1160,raspberries,5.0
1160,saltines,3.0
1160,olives,4.0
1160,pear,4.0
1162,saltines,4.0
1162,americancheese,5.0
1162,mango,2.0
1162,icecream,4.0
1162,cookies,4.0
1162,potatochips,5.0
1162,eggs,5.0
1162,kitkat,4.0
1162,raspberries,5.0
1162,swedishfish,4.0
1162,grapes,2.0
1162,cupcakes,3.0
1162,cucumberslices,3.0
1162,croissant,5.0
1162,broccoli,1.0
1162,poptarts,4.0
1162,orangeslices,1.0
1162,bakedpotato,5.0
1162,grahamcrackers,5.0
1162,corncob,5.0
1162,falafelwithpita,4.0
1162,minimuffins,4.0
1162,peaches,1.0
1162,celerysticks,1.0
1162,kiwi,1.0
1162,sunchips,4.0
1162,sourpatch,4.0
1162,salami,5.0
1162,lox,5.0
1162,ritz,5.0
1162,kettlecorn,4.0
1162,pear,1.0
1162,chocolatepretzels,4.0
1162,popsicles,4.0
1162,oreos,4.0
1162,olives,5.0
1162,pretzels,5.0
1162,ricecakes,4.0
1162,sushi,5.0
1162,carrotsticks,5.0
1162,avocado,4.0
1162,strawberries,2.0
1162,mms,4.0
1162,yogurtpretzels,4.0
1162,blueberries,2.0
1162,mushrooms,1.0
1162,sweetpotato,1.0
1162,cheezits,5.0
1162,trailmix,4.0
1162,cocktailshrimp,5.0
1162,banana,1.0
1162,doughnuts,3.0
1162,cherrytomato,1.0
1162,granolabar,4.0
1162,bagelplain,5.0
1162,cantaloupe,1.0
1162,edamame,3.0
1162,wheatbread,5.0
1162,deliturkey,5.0
1162,doritos,5.0
1162,skittles,4.0
1162,cherries,1.0
1162,triscuits,5.0
1162,appleslices,1.0
1162,cheesecubes,5.0
1163,blueberries,5.0
1163,kettlecorn,2.0
1163,triscuits,2.0
1163,cocktailshrimp,5.0
1163,bagelplain,5.0
1163,peaches,5.0
1163,raspberries,5.0
1163,mms,1.0
1163,mango,5.0
1163,americancheese,1.0
1163,cantaloupe,5.0
1163,carrotsticks,3.0
1163,orangeslices,5.0
1163,doritos,4.0
1163,bakedpotato,5.0
1163,salami,1.0
1163,mushrooms,5.0
1163,oreos,5.0
1163,falafelwithpita,1.0
1163,sushi,1.0
1163,ritz,1.0
1163,cucumberslices,4.0
1163,grahamcrackers,3.0
1163,appleslices,5.0
1163,grapes,5.0
1163,lox,3.0
1163,doughnuts,1.0
1163,sunchips,1.0
1163,ricecakes,2.0
1163,minimuffins,2.0
1163,cookies,2.0
1163,avocado,5.0
1163,swedishfish,3.0
1163,pretzels,4.0
1163,croissant,5.0
1163,banana,5.0
1163,cherrytomato,4.0
1163,strawberries,5.0
1163,sweetpotato,3.0
1163,cupcakes,2.0
1163,chocolatepretzels,4.0
1163,celerysticks,4.0
1163,cheesecubes,5.0
1163,olives,4.0
1163,kitkat,2.0
1163,poptarts,1.0
1163,wheatbread,1.0
1163,cherries,5.0
1163,kiwi,5.0
1163,saltines,5.0
1163,skittles,1.0
1163,yogurtpretzels,3.0
1163,icecream,2.0
1163,eggs,5.0
1163,broccoli,5.0
1163,cheezits,3.0
1163,granolabar,1.0
1163,edamame,5.0
1163,corncob,5.0
1163,pear,5.0
1163,trailmix,3.0
1163,sourpatch,2.0
1163,popsicles,1.0
1163,potatochips,5.0
1163,deliturkey,1.0
1164,celerysticks,4.0
1164,cocktailshrimp,1.0
1164,strawberries,5.0
1164,carrotsticks,2.0
1164,triscuits,4.0
1164,popsicles,4.0
1164,grapes,5.0
1164,ricecakes,3.0
1164,avocado,4.0
1164,cantaloupe,5.0
1164,bagelplain,4.0
1164,swedishfish,2.0
1164,cheesecubes,4.0
1164,pretzels,4.0
1164,orangeslices,4.0
1164,mms,4.0
1164,croissant,3.0
1164,grahamcrackers,4.0
1164,yogurtpretzels,3.0
1164,kettlecorn,4.0
1164,deliturkey,1.0
1164,chocolatepretzels,4.0
1164,corncob,5.0
1164,trailmix,4.0
1164,icecream,4.0
1164,cheezits,4.0
1164,oreos,4.0
1164,olives,4.0
1164,banana,5.0
1164,granolabar,4.0
1164,falafelwithpita,5.0
1164,doritos,4.0
1164,cookies,4.0
1164,sweetpotato,4.0
1164,blueberries,5.0
1164,pear,5.0
1164,sourpatch,2.0
1164,cupcakes,3.0
1164,edamame,5.0
1164,kitkat,4.0
1164,skittles,4.0
1164,broccoli,5.0
1164,ritz,4.0
1164,wheatbread,4.0
1164,mango,5.0
1164,poptarts,3.0
1164,lox,1.0
1164,minimuffins,3.0
1164,raspberries,5.0
1164,sunchips,4.0
1164,mushrooms,4.0
1164,doughnuts,3.0
1164,salami,1.0
1164,cucumberslices,5.0
1164,sushi,1.0
1164,americancheese,4.0
1164,cherrytomato,5.0
1164,saltines,4.0
1164,bakedpotato,4.0
1164,peaches,5.0
1164,cherries,5.0
1164,eggs,1.0
1164,potatochips,4.0
1164,kiwi,5.0
1164,appleslices,5.0
1165,yogurtpretzels,4.0
1165,banana,5.0
1165,cucumberslices,4.0
1165,corncob,2.0
1165,ritz,2.0
1165,cocktailshrimp,5.0
1165,popsicles,2.0
1165,doritos,2.0
1165,falafelwithpita,4.0
1165,eggs,5.0
1165,broccoli,4.0
1165,granolabar,4.0
1165,triscuits,2.0
1165,sushi,2.0
1165,bagelplain,2.0
1165,chocolatepretzels,4.0
1165,deliturkey,5.0
1165,strawberries,5.0
1165,sourpatch,1.0
1165,poptarts,4.0
1165,wheatbread,5.0
1165,cupcakes,4.0
1165,trailmix,5.0
1165,grahamcrackers,2.0
1165,ricecakes,1.0
1165,raspberries,5.0
1165,lox,5.0
1165,bakedpotato,5.0
1165,edamame,2.0
1165,skittles,2.0
1165,doughnuts,4.0
1165,cherrytomato,5.0
1165,avocado,5.0
1165,orangeslices,5.0
1165,sunchips,2.0
1165,americancheese,4.0
1165,minimuffins,4.0
1165,cherries,5.0
1165,mushrooms,4.0
1165,cantaloupe,5.0
1165,salami,4.0
1165,kettlecorn,4.0
1165,olives,4.0
1165,appleslices,5.0
1165,mms,1.0
1165,oreos,2.0
1165,carrotsticks,5.0
1165,cheezits,2.0
1165,kiwi,4.0
1165,mango,5.0
1165,peaches,5.0
1165,celerysticks,4.0
1165,pear,5.0
1165,cookies,4.0
1165,cheesecubes,5.0
1165,grapes,5.0
1165,blueberries,5.0
1165,potatochips,2.0
1165,icecream,4.0
1165,kitkat,4.0
1165,swedishfish,1.0
1165,croissant,4.0
1165,sweetpotato,5.0
1165,saltines,2.0
1165,pretzels,2.0
1166,wheatbread,5.0
1166,broccoli,1.0
1166,cantaloupe,4.0
1166,kitkat,5.0
1166,kiwi,2.0
1166,corncob,5.0
1166,grahamcrackers,4.0
1166,cupcakes,4.0
1166,pretzels,4.0
1166,doughnuts,4.0
1166,deliturkey,4.0
1166,cookies,5.0
1166,cheezits,3.0
1166,trailmix,2.0
1166,bagelplain,5.0
1166,oreos,5.0
1166,celerysticks,2.0
1166,skittles,4.0
1166,saltines,3.0
1166,swedishfish,4.0
1166,croissant,5.0
1166,carrotsticks,5.0
1166,grapes,3.0
1166,potatochips,4.0
1166,edamame,1.0
1166,raspberries,3.0
1166,kettlecorn,3.0
1166,blueberries,3.0
1166,sourpatch,2.0
1166,yogurtpretzels,2.0
1166,bakedpotato,5.0
1166,mms,4.0
1166,appleslices,5.0
1166,sunchips,4.0
1166,cucumberslices,5.0
1166,popsicles,4.0
1166,sushi,1.0
1166,poptarts,1.0
1166,eggs,5.0
1166,mango,4.0
1166,doritos,5.0
1166,mushrooms,2.0
1166,banana,4.0
1166,lox,1.0
1166,cocktailshrimp,1.0
1166,olives,1.0
1166,ricecakes,4.0
1166,granolabar,4.0
1166,icecream,5.0
1166,cherrytomato,2.0
1166,minimuffins,4.0
1166,triscuits,3.0
1166,sweetpotato,4.0
1166,cherries,2.0
1166,chocolatepretzels,3.0
1166,ritz,4.0
1166,pear,4.0
1166,orangeslices,4.0
1166,cheesecubes,4.0
1166,falafelwithpita,4.0
1166,americancheese,5.0
1166,peaches,3.0
1166,strawberries,5.0
1166,salami,1.0
1166,avocado,4.0
1168,kiwi,5.0
1168,lox,5.0
1168,poptarts,2.0
1168,grapes,5.0
1168,oreos,5.0
1168,ritz,5.0
1168,sourpatch,5.0
1168,strawberries,5.0
1168,bagelplain,5.0
1168,carrotsticks,2.0
1168,croissant,5.0
1168,granolabar,5.0
1168,mushrooms,5.0
1168,sweetpotato,5.0
1168,wheatbread,4.0
1168,sunchips,3.0
1168,cheezits,5.0
1168,chocolatepretzels,4.0
1168,raspberries,4.0
1168,cupcakes,5.0
1168,avocado,5.0
1168,kettlecorn,5.0
1168,americancheese,2.0
1168,cocktailshrimp,5.0
1168,mango,5.0
1168,trailmix,5.0
1168,grahamcrackers,5.0
1168,banana,5.0
1168,cheesecubes,5.0
1168,cookies,5.0
1168,doritos,5.0
1168,triscuits,5.0
1168,celerysticks,2.0
1168,bakedpotato,5.0
1168,ricecakes,5.0
1168,cherries,5.0
1168,yogurtpretzels,5.0
1168,mms,2.0
1168,potatochips,5.0
1168,swedishfish,5.0
1168,deliturkey,5.0
1168,popsicles,2.0
1168,falafelwithpita,5.0
1168,olives,5.0
1168,pretzels,5.0
1168,appleslices,5.0
1168,pear,5.0
1168,eggs,1.0
1168,sushi,5.0
1168,edamame,5.0
1168,minimuffins,5.0
1168,icecream,5.0
1168,salami,5.0
1168,cantaloupe,5.0
1168,cherrytomato,5.0
1168,cucumberslices,5.0
1168,doughnuts,5.0
1168,orangeslices,5.0
1168,corncob,5.0
1168,broccoli,5.0
1168,saltines,5.0
1168,kitkat,5.0
1168,peaches,5.0
1168,blueberries,5.0
1168,skittles,1.0
1169,swedishfish,2.0
1169,mms,4.0
1169,banana,4.0
1169,ritz,4.0
1169,orangeslices,4.0
1169,edamame,3.0
1169,granolabar,2.0
1169,chocolatepretzels,5.0
1169,doritos,4.0
1169,avocado,1.0
1169,sourpatch,2.0
1169,cucumberslices,4.0
1169,minimuffins,3.0
1169,bagelplain,3.0
1169,cantaloupe,1.0
1169,appleslices,4.0
1169,lox,1.0
1169,bakedpotato,4.0
1169,popsicles,3.0
1169,sushi,3.0
1169,cupcakes,4.0
1169,strawberries,5.0
1169,mango,3.0
1169,grapes,4.0
1169,pear,4.0
1169,carrotsticks,2.0
1169,falafelwithpita,1.0
1169,ricecakes,3.0
1169,grahamcrackers,3.0
1169,doughnuts,4.0
1169,cherries,5.0
1169,eggs,4.0
1169,peaches,4.0
1169,celerysticks,2.0
1169,oreos,4.0
1169,kettlecorn,4.0
1169,wheatbread,3.0
1169,sweetpotato,4.0
1169,potatochips,5.0
1169,americancheese,4.0
1169,triscuits,2.0
1169,icecream,4.0
1169,cookies,5.0
1169,cheesecubes,3.0
1169,deliturkey,4.0
1169,trailmix,3.0
1169,skittles,3.0
1169,cocktailshrimp,4.0
1169,yogurtpretzels,5.0
1169,cheezits,4.0
1169,poptarts,3.0
1169,saltines,3.0
1169,corncob,4.0
1169,kitkat,4.0
1169,pretzels,4.0
1169,cherrytomato,4.0
1169,sunchips,5.0
1169,croissant,5.0
1169,salami,2.0
1169,kiwi,4.0
1169,blueberries,5.0
1169,olives,3.0
1169,mushrooms,3.0
1169,broccoli,4.0
1169,raspberries,1.0
1170,sweetpotato,2.0
1170,avocado,2.0
1170,swedishfish,3.0
1170,grahamcrackers,4.0
1170,cherries,3.0
1170,skittles,5.0
1170,pretzels,4.0
1170,cupcakes,5.0
1170,bakedpotato,5.0
1170,doughnuts,5.0
1170,cherrytomato,2.0
1170,blueberries,4.0
1170,poptarts,4.0
1170,americancheese,4.0
1170,kitkat,4.0
1170,icecream,4.0
1170,sourpatch,3.0
1170,cheezits,4.0
1170,corncob,4.0
1170,pear,3.0
1170,edamame,3.0
1170,popsicles,4.0
1170,oreos,5.0
1170,mms,5.0
1170,sushi,2.0
1170,minimuffins,5.0
1170,trailmix,3.0
1170,peaches,3.0
1170,olives,3.0
1170,raspberries,4.0
1170,doritos,4.0
1170,cocktailshrimp,5.0
1170,falafelwithpita,5.0
1170,grapes,3.0
1170,triscuits,3.0
1170,potatochips,3.0
1170,cheesecubes,4.0
1170,kettlecorn,4.0
1170,cookies,5.0
1170,appleslices,4.0
1170,salami,4.0
1170,ritz,5.0
1170,broccoli,5.0
1170,mushrooms,3.0
1170,yogurtpretzels,4.0
1170,granolabar,3.0
1170,deliturkey,3.0
1170,bagelplain,3.0
1170,mango,3.0
1170,ricecakes,3.0
1170,kiwi,2.0
1170,orangeslices,3.0
1170,sunchips,3.0
1170,wheatbread,3.0
1170,cucumberslices,3.0
1170,saltines,3.0
1170,carrotsticks,1.0
1170,eggs,5.0
1170,cantaloupe,3.0
1170,lox,1.0
1170,croissant,4.0
1170,strawberries,5.0
1170,chocolatepretzels,4.0
1170,celerysticks,3.0
1170,banana,3.0
1171,banana,5.0
1171,potatochips,5.0
1171,bakedpotato,5.0
1171,poptarts,4.0
1171,grapes,5.0
1171,croissant,4.0
1171,skittles,4.0
1171,cantaloupe,4.0
1171,ritz,4.0
1171,falafelwithpita,3.0
1171,minimuffins,4.0
1171,grahamcrackers,3.0
1171,ricecakes,2.0
1171,eggs,4.0
1171,pretzels,4.0
1171,saltines,3.0
1171,icecream,5.0
1171,yogurtpretzels,4.0
1171,edamame,4.0
1171,granolabar,4.0
1171,sushi,2.0
1171,olives,2.0
1171,swedishfish,4.0
1171,sweetpotato,4.0
1171,sourpatch,2.0
1171,doritos,4.0
1171,popsicles,4.0
1171,mango,4.0
1171,peaches,4.0
1171,trailmix,4.0
1171,carrotsticks,4.0
1171,doughnuts,4.0
1171,blueberries,4.0
1171,cocktailshrimp,4.0
1171,mushrooms,4.0
1171,salami,2.0
1171,cupcakes,4.0
1171,cheezits,4.0
1171,avocado,3.0
1171,broccoli,4.0
1171,cookies,4.0
1171,celerysticks,5.0
1171,strawberries,5.0
1171,orangeslices,5.0
1171,wheatbread,4.0
1171,corncob,4.0
1171,cherrytomato,5.0
1171,cherries,5.0
1171,deliturkey,4.0
1171,oreos,3.0
1171,cheesecubes,3.0
1171,kitkat,4.0
1171,appleslices,4.0
1171,raspberries,4.0
1171,pear,4.0
1171,bagelplain,4.0
1171,americancheese,3.0
1171,lox,2.0
1171,mms,4.0
1171,kiwi,4.0
1171,kettlecorn,3.0
1171,sunchips,4.0
1171,chocolatepretzels,4.0
1171,triscuits,3.0
1171,cucumberslices,5.0
1172,orangeslices,4.0
1172,raspberries,4.0
1172,yogurtpretzels,4.0
1172,peaches,4.0
1172,wheatbread,3.0
1172,deliturkey,4.0
1172,sunchips,4.0
1172,skittles,4.0
1172,popsicles,4.0
1172,strawberries,5.0
1172,saltines,3.0
1172,sourpatch,4.0
1172,eggs,5.0
1172,cantaloupe,4.0
1172,corncob,5.0
1172,olives,4.0
1172,cookies,5.0
1172,ritz,4.0
1172,minimuffins,4.0
1172,blueberries,4.0
1172,kitkat,5.0
1172,grapes,5.0
1172,appleslices,4.0
1172,ricecakes,3.0
1172,cheesecubes,4.0
1172,cherrytomato,5.0
1172,cherries,4.0
1172,falafelwithpita,4.0
1172,triscuits,3.0
1172,mango,4.0
1172,salami,4.0
1172,croissant,4.0
1172,bakedpotato,4.0
1172,cucumberslices,3.0
1172,kettlecorn,4.0
1172,poptarts,5.0
1172,swedishfish,4.0
1172,cocktailshrimp,5.0
1172,mushrooms,5.0
1172,trailmix,4.0
1172,potatochips,4.0
1172,chocolatepretzels,4.0
1172,lox,4.0
1172,carrotsticks,5.0
1172,sweetpotato,4.0
1172,granolabar,4.0
1172,bagelplain,3.0
1172,cupcakes,5.0
1172,americancheese,3.0
1172,kiwi,2.0
1172,sushi,4.0
1172,doritos,4.0
1172,icecream,1.0
1172,pretzels,3.0
1172,pear,4.0
1172,oreos,5.0
1172,celerysticks,3.0
1172,mms,4.0
1172,edamame,3.0
1172,broccoli,4.0
1172,avocado,4.0
1172,banana,5.0
1172,grahamcrackers,3.0
1172,cheezits,4.0
1172,doughnuts,5.0
1173,orangeslices,5.0
1173,trailmix,3.0
1173,lox,4.0
1173,americancheese,5.0
1173,sunchips,4.0
1173,raspberries,4.0
1173,olives,2.0
1173,corncob,5.0
1173,pear,5.0
1173,skittles,5.0
1173,chocolatepretzels,5.0
1173,cantaloupe,5.0
1173,doritos,5.0
1173,cupcakes,5.0
1173,triscuits,4.0
1173,wheatbread,5.0
1173,mms,5.0
1173,falafelwithpita,4.0
1173,edamame,4.0
1173,peaches,5.0
1173,carrotsticks,5.0
1173,cookies,5.0
1173,sushi,5.0
1173,celerysticks,4.0
1173,broccoli,4.0
1173,cucumberslices,5.0
1173,sweetpotato,4.0
1173,popsicles,5.0
1173,kiwi,5.0
1173,strawberries,5.0
1173,oreos,4.0
1173,doughnuts,5.0
1173,swedishfish,5.0
1173,sourpatch,5.0
1173,bakedpotato,5.0
1173,appleslices,5.0
1173,deliturkey,5.0
1173,salami,1.0
1173,cheesecubes,5.0
1173,minimuffins,5.0
1173,saltines,4.0
1173,bagelplain,4.0
1173,kettlecorn,5.0
1173,cocktailshrimp,5.0
1173,eggs,5.0
1173,blueberries,5.0
1173,kitkat,5.0
1173,grahamcrackers,4.0
1173,poptarts,4.0
1173,pretzels,5.0
1173,mushrooms,2.0
1173,granolabar,4.0
1173,banana,5.0
1173,croissant,5.0
1173,yogurtpretzels,5.0
1173,potatochips,5.0
1173,ricecakes,3.0
1173,cherries,5.0
1173,ritz,5.0
1173,cherrytomato,4.0
1173,icecream,4.0
1173,grapes,5.0
1173,mango,5.0
1173,avocado,4.0
1173,cheezits,5.0
1174,salami,4.0
1174,doritos,4.0
1174,pretzels,3.0
1174,bakedpotato,4.0
1174,sushi,5.0
1174,banana,4.0
1174,blueberries,4.0
1174,bagelplain,4.0
1174,yogurtpretzels,4.0
1174,broccoli,4.0
1174,swedishfish,4.0
1174,ricecakes,2.0
1174,americancheese,3.0
1174,cheezits,3.0
1174,kitkat,4.0
1174,orangeslices,4.0
1174,grahamcrackers,3.0
1174,cheesecubes,4.0
1174,pear,4.0
1174,kiwi,3.0
1174,appleslices,4.0
1174,oreos,4.0
1174,cherrytomato,3.0
1174,kettlecorn,1.0
1174,avocado,4.0
1174,cherries,4.0
1174,grapes,4.0
1174,carrotsticks,4.0
1174,olives,4.0
1174,celerysticks,3.0
1174,minimuffins,2.0
1174,sunchips,5.0
1174,doughnuts,4.0
1174,cookies,4.0
1174,wheatbread,3.0
1174,skittles,3.0
1174,mushrooms,3.0
1174,raspberries,4.0
1174,peaches,4.0
1174,chocolatepretzels,4.0
1174,granolabar,5.0
1174,ritz,4.0
1174,eggs,4.0
1174,saltines,3.0
1174,triscuits,4.0
1174,falafelwithpita,4.0
1174,corncob,3.0
1174,sweetpotato,4.0
1174,edamame,4.0
1174,popsicles,4.0
1174,lox,4.0
1174,icecream,5.0
1174,potatochips,3.0
1174,mms,3.0
1174,mango,4.0
1174,croissant,4.0
1174,cucumberslices,1.0
1174,poptarts,2.0
1174,strawberries,4.0
1174,deliturkey,4.0
1174,sourpatch,3.0
1174,trailmix,4.0
1174,cantaloupe,2.0
1174,cocktailshrimp,4.0
1174,cupcakes,3.0
1175,broccoli,2.0
1175,triscuits,3.0
1175,trailmix,3.0
1175,deliturkey,4.0
1175,celerysticks,2.0
1175,granolabar,3.0
1175,yogurtpretzels,3.0
1175,peaches,3.0
1175,bakedpotato,3.0
1175,orangeslices,3.0
1175,sourpatch,3.0
1175,sushi,4.0
1175,mushrooms,2.0
1175,cherrytomato,3.0
1175,cookies,4.0
1175,minimuffins,3.0
1175,blueberries,3.0
1175,carrotsticks,2.0
1175,doritos,4.0
1175,banana,3.0
1175,lox,4.0
1175,cocktailshrimp,4.0
1175,cupcakes,3.0
1175,saltines,3.0
1175,pear,3.0
1175,kiwi,3.0
1175,icecream,4.0
1175,mango,3.0
1175,popsicles,4.0
1175,grapes,3.0
1175,wheatbread,3.0
1175,strawberries,2.0
1175,corncob,3.0
1175,eggs,3.0
1175,skittles,3.0
1175,ritz,3.0
1175,appleslices,3.0
1175,pretzels,3.0
1175,edamame,2.0
1175,oreos,2.0
1175,bagelplain,3.0
1175,kettlecorn,3.0
1175,poptarts,3.0
1175,americancheese,2.0
1175,mms,3.0
1175,chocolatepretzels,3.0
1175,ricecakes,3.0
1175,croissant,3.0
1175,cherries,3.0
1175,cucumberslices,3.0
1175,raspberries,3.0
1175,doughnuts,3.0
1175,cheezits,3.0
1175,potatochips,3.0
1175,avocado,2.0
1175,sweetpotato,2.0
1175,kitkat,4.0
1175,cheesecubes,3.0
1175,falafelwithpita,3.0
1175,grahamcrackers,3.0
1175,swedishfish,3.0
1175,sunchips,3.0
1175,salami,4.0
1175,cantaloupe,3.0
1175,olives,3.0
1176,cucumberslices,4.0
1176,saltines,4.0
1176,minimuffins,5.0
1176,sunchips,4.0
1176,edamame,3.0
1176,croissant,5.0
1176,oreos,5.0
1176,kitkat,5.0
1176,bakedpotato,4.0
1176,olives,2.0
1176,corncob,4.0
1176,sourpatch,4.0
1176,deliturkey,5.0
1176,bagelplain,4.0
1176,kettlecorn,4.0
1176,cheesecubes,3.0
1176,cookies,5.0
1176,peaches,4.0
1176,wheatbread,5.0
1176,appleslices,5.0
1176,triscuits,3.0
1176,popsicles,4.0
1176,ricecakes,4.0
1176,carrotsticks,4.0
1176,celerysticks,3.0
1176,grapes,5.0
1176,trailmix,4.0
1176,sweetpotato,2.0
1176,poptarts,4.0
1176,pear,4.0
1176,doritos,4.0
1176,cupcakes,5.0
1176,cheezits,3.0
1176,avocado,5.0
1176,mms,5.0
1176,skittles,5.0
1176,chocolatepretzels,5.0
1176,granolabar,5.0
1176,grahamcrackers,4.0
1176,lox,2.0
1176,sushi,2.0
1176,americancheese,5.0
1176,yogurtpretzels,4.0
1176,mushrooms,4.0
1176,ritz,4.0
1176,raspberries,5.0
1176,salami,4.0
1176,cocktailshrimp,4.0
1176,eggs,5.0
1176,kiwi,4.0
1176,pretzels,4.0
1176,banana,5.0
1176,broccoli,4.0
1176,strawberries,5.0
1176,cantaloupe,5.0
1176,blueberries,4.0
1176,swedishfish,3.0
1176,doughnuts,4.0
1176,potatochips,4.0
1176,cherries,5.0
1176,icecream,4.0
1176,mango,2.0
1176,falafelwithpita,1.0
1176,cherrytomato,4.0
1176,orangeslices,5.0
1177,mushrooms,4.0
1177,celerysticks,3.0
1177,lox,2.0
1177,bakedpotato,5.0
1177,appleslices,4.0
1177,raspberries,4.0
1177,mango,3.0
1177,olives,1.0
1177,grahamcrackers,4.0
1177,cantaloupe,4.0
1177,ritz,4.0
1177,eggs,5.0
1177,kiwi,5.0
1177,mms,5.0
1177,croissant,4.0
1177,corncob,4.0
1177,carrotsticks,4.0
1177,edamame,5.0
1177,salami,4.0
1177,minimuffins,5.0
1177,chocolatepretzels,4.0
1177,bagelplain,4.0
1177,doughnuts,5.0
1177,cookies,5.0
1177,deliturkey,3.0
1177,cucumberslices,4.0
1177,orangeslices,5.0
1177,wheatbread,3.0
1177,sweetpotato,3.0
1177,cherrytomato,4.0
1177,cocktailshrimp,4.0
1177,cheesecubes,4.0
1177,kettlecorn,5.0
1177,peaches,4.0
1177,icecream,5.0
1177,broccoli,4.0
1177,pretzels,4.0
1177,blueberries,4.0
1177,potatochips,4.0
1177,saltines,4.0
1177,pear,4.0
1177,grapes,5.0
1177,strawberries,5.0
1177,banana,5.0
1177,yogurtpretzels,5.0
1177,trailmix,2.0
1177,avocado,4.0
1177,doritos,4.0
1177,cupcakes,5.0
1177,americancheese,4.0
1177,sushi,5.0
1177,triscuits,4.0
1177,poptarts,5.0
1177,granolabar,3.0
1177,sourpatch,4.0
1177,cheezits,4.0
1177,kitkat,5.0
1177,sunchips,4.0
1177,cherries,4.0
1177,ricecakes,2.0
1177,swedishfish,4.0
1177,skittles,4.0
1177,oreos,5.0
1177,popsicles,4.0
1177,falafelwithpita,3.0
1178,kettlecorn,4.0
1178,bakedpotato,5.0
1178,edamame,3.0
1178,corncob,5.0
1178,cherrytomato,5.0
1178,falafelwithpita,2.0
1178,sweetpotato,2.0
1178,pear,4.0
1178,cocktailshrimp,1.0
1178,salami,2.0
1178,wheatbread,5.0
1178,mushrooms,4.0
1178,avocado,5.0
1178,ricecakes,3.0
1178,icecream,5.0
1178,grapes,4.0
1178,blueberries,2.0
1178,cucumberslices,2.0
1178,sourpatch,2.0
1178,chocolatepretzels,3.0
1178,mms,2.0
1178,deliturkey,2.0
1178,pretzels,3.0
1178,doritos,5.0
1178,grahamcrackers,3.0
1178,celerysticks,2.0
1178,carrotsticks,2.0
1178,cheesecubes,2.0
1178,ritz,4.0
1178,doughnuts,5.0
1178,yogurtpretzels,4.0
1178,cheezits,4.0
1178,orangeslices,5.0
1178,potatochips,4.0
1178,cantaloupe,5.0
1178,americancheese,4.0
1178,croissant,4.0
1178,bagelplain,5.0
1178,saltines,4.0
1178,oreos,2.0
1178,swedishfish,2.0
1178,mango,5.0
1178,strawberries,2.0
1178,raspberries,3.0
1178,trailmix,4.0
1178,cupcakes,4.0
1178,peaches,4.0
1178,cherries,2.0
1178,broccoli,2.0
1178,kiwi,2.0
1178,eggs,4.0
1178,triscuits,3.0
1178,lox,2.0
1178,kitkat,2.0
1178,sunchips,4.0
1178,banana,5.0
1178,granolabar,4.0
1178,cookies,4.0
1178,minimuffins,3.0
1178,olives,3.0
1178,appleslices,5.0
1178,popsicles,2.0
1178,poptarts,3.0
1178,sushi,3.0
1178,skittles,2.0
1180,cupcakes,5.0
1180,appleslices,5.0
1180,peaches,5.0
1180,eggs,5.0
1180,skittles,2.0
1180,cantaloupe,2.0
1180,kiwi,4.0
1180,carrotsticks,4.0
1180,triscuits,4.0
1180,ritz,4.0
1180,doritos,2.0
1180,blueberries,4.0
1180,banana,5.0
1180,sushi,5.0
1180,cherrytomato,4.0
1180,pear,5.0
1180,raspberries,5.0
1180,grapes,5.0
1180,celerysticks,1.0
1180,salami,1.0
1180,cheezits,2.0
1180,saltines,4.0
1180,grahamcrackers,4.0
1180,mms,4.0
1180,bagelplain,2.0
1180,kitkat,2.0
1180,sourpatch,2.0
1180,cheesecubes,5.0
1180,oreos,4.0
1180,croissant,4.0
1180,olives,2.0
1180,cocktailshrimp,4.0
1180,cucumberslices,4.0
1180,poptarts,1.0
1180,trailmix,4.0
1180,yogurtpretzels,2.0
1180,minimuffins,2.0
1180,mango,3.0
1180,potatochips,4.0
1180,strawberries,4.0
1180,broccoli,4.0
1180,icecream,2.0
1180,falafelwithpita,2.0
1180,lox,5.0
1180,kettlecorn,2.0
1180,granolabar,2.0
1180,mushrooms,4.0
1180,swedishfish,2.0
1180,bakedpotato,5.0
1180,doughnuts,2.0
1180,popsicles,1.0
1180,orangeslices,4.0
1180,ricecakes,2.0
1180,corncob,4.0
1180,deliturkey,1.0
1180,cherries,2.0
1180,pretzels,4.0
1180,sunchips,4.0
1180,wheatbread,2.0
1180,sweetpotato,5.0
1180,edamame,5.0
1180,americancheese,5.0
1180,cookies,2.0
1180,chocolatepretzels,4.0
1180,avocado,5.0
1181,olives,1.0
1181,pretzels,2.0
1181,cantaloupe,3.0
1181,bagelplain,4.0
1181,cucumberslices,4.0
1181,cherries,5.0
1181,carrotsticks,3.0
1181,doritos,4.0
1181,deliturkey,4.0
1181,granolabar,4.0
1181,mms,4.0
1181,banana,5.0
1181,sushi,5.0
1181,grapes,5.0
1181,appleslices,5.0
1181,popsicles,5.0
1181,yogurtpretzels,2.0
1181,sunchips,4.0
1181,ricecakes,3.0
1181,cupcakes,4.0
1181,lox,4.0
1181,americancheese,4.0
1181,peaches,5.0
1181,swedishfish,5.0
1181,doughnuts,4.0
1181,celerysticks,2.0
1181,poptarts,4.0
1181,pear,5.0
1181,blueberries,5.0
1181,falafelwithpita,3.0
1181,cherrytomato,2.0
1181,strawberries,5.0
1181,grahamcrackers,2.0
1181,avocado,4.0
1181,kiwi,5.0
1181,trailmix,4.0
1181,sourpatch,5.0
1181,cocktailshrimp,5.0
1181,mango,4.0
1181,sweetpotato,2.0
1181,croissant,4.0
1181,potatochips,4.0
1181,cookies,4.0
1181,edamame,2.0
1181,corncob,4.0
1181,cheezits,4.0
1181,oreos,4.0
1181,ritz,3.0
1181,triscuits,2.0
1181,salami,4.0
1181,skittles,4.0
1181,minimuffins,4.0
1181,saltines,3.0
1181,icecream,2.0
1181,kettlecorn,4.0
1181,kitkat,2.0
1181,chocolatepretzels,2.0
1181,orangeslices,5.0
1181,eggs,4.0
1181,mushrooms,4.0
1181,wheatbread,4.0
1181,raspberries,5.0
1181,cheesecubes,4.0
1181,bakedpotato,4.0
1181,broccoli,2.0
1182,oreos,5.0
1182,raspberries,4.0
1182,cantaloupe,4.0
1182,corncob,4.0
1182,appleslices,5.0
1182,skittles,3.0
1182,sweetpotato,3.0
1182,saltines,2.0
1182,sushi,4.0
1182,cupcakes,5.0
1182,cherrytomato,5.0
1182,banana,4.0
1182,peaches,2.0
1182,croissant,4.0
1182,chocolatepretzels,3.0
1182,doughnuts,5.0
1182,eggs,4.0
1182,edamame,3.0
1182,poptarts,5.0
1182,lox,4.0
1182,ritz,2.0
1182,bagelplain,1.0
1182,kiwi,4.0
1182,sourpatch,4.0
1182,broccoli,3.0
1182,cocktailshrimp,4.0
1182,granolabar,2.0
1182,triscuits,4.0
1182,americancheese,4.0
1182,mushrooms,1.0
1182,sunchips,4.0
1182,bakedpotato,4.0
1182,doritos,4.0
1182,grahamcrackers,3.0
1182,avocado,5.0
1182,swedishfish,5.0
1182,celerysticks,3.0
1182,mango,5.0
1182,grapes,5.0
1182,orangeslices,4.0
1182,cheezits,3.0
1182,olives,2.0
1182,pear,4.0
1182,minimuffins,5.0
1182,wheatbread,5.0
1182,strawberries,5.0
1182,salami,3.0
1182,cheesecubes,3.0
1182,ricecakes,3.0
1182,cherries,2.0
1182,deliturkey,2.0
1182,icecream,5.0
1182,pretzels,3.0
1182,falafelwithpita,3.0
1182,kitkat,5.0
1182,potatochips,3.0
1182,mms,2.0
1182,popsicles,4.0
1182,carrotsticks,4.0
1182,trailmix,3.0
1182,cucumberslices,2.0
1182,kettlecorn,3.0
1182,blueberries,3.0
1182,yogurtpretzels,3.0
1182,cookies,4.0
1183,salami,5.0
1183,sunchips,4.0
1183,edamame,1.0
1183,bakedpotato,5.0
1183,icecream,3.0
1183,yogurtpretzels,4.0
1183,potatochips,5.0
1183,cheesecubes,5.0
1183,chocolatepretzels,5.0
1183,skittles,4.0
1183,bagelplain,3.0
1183,cupcakes,3.0
1183,pear,2.0
1183,peaches,2.0
1183,celerysticks,3.0
1183,ritz,4.0
1183,sourpatch,3.0
1183,raspberries,2.0
1183,wheatbread,4.0
1183,granolabar,4.0
1183,strawberries,4.0
1183,kettlecorn,4.0
1183,falafelwithpita,2.0
1183,cookies,4.0
1183,banana,4.0
1183,blueberries,3.0
1183,cucumberslices,2.0
1183,grapes,3.0
1183,grahamcrackers,4.0
1183,mango,2.0
1183,corncob,4.0
1183,saltines,4.0
1183,mms,4.0
1183,minimuffins,4.0
1183,americancheese,5.0
1183,cherrytomato,3.0
1183,mushrooms,1.0
1183,doughnuts,4.0
1183,broccoli,4.0
1183,deliturkey,4.0
1183,croissant,4.0
1183,avocado,1.0
1183,cherries,2.0
1183,appleslices,3.0
1183,olives,1.0
1183,poptarts,4.0
1183,cantaloupe,1.0
1183,eggs,3.0
1183,sweetpotato,2.0
1183,kiwi,1.0
1183,trailmix,4.0
1183,lox,1.0
1183,doritos,5.0
1183,popsicles,5.0
1183,cocktailshrimp,2.0
1183,sushi,1.0
1183,ricecakes,4.0
1183,cheezits,4.0
1183,kitkat,4.0
1183,oreos,4.0
1183,pretzels,5.0
1183,orangeslices,4.0
1183,triscuits,5.0
1183,swedishfish,4.0
1183,carrotsticks,2.0
1184,trailmix,2.0
1184,celerysticks,3.0
1184,orangeslices,4.0
1184,pear,4.0
1184,granolabar,5.0
1184,sushi,5.0
1184,cantaloupe,2.0
1184,skittles,3.0
1184,sweetpotato,4.0
1184,poptarts,2.0
1184,mushrooms,4.0
1184,chocolatepretzels,4.0
1184,mms,3.0
1184,olives,4.0
1184,sourpatch,3.0
1184,peaches,3.0
1184,kitkat,4.0
1184,bakedpotato,4.0
1184,icecream,5.0
1184,minimuffins,3.0
1184,strawberries,3.0
1184,kiwi,3.0
1184,carrotsticks,3.0
1184,corncob,3.0
1184,croissant,4.0
1184,cucumberslices,4.0
1184,triscuits,3.0
1184,americancheese,3.0
1184,bagelplain,3.0
1184,yogurtpretzels,4.0
1184,cookies,4.0
1184,deliturkey,4.0
1184,raspberries,3.0
1184,doritos,3.0
1184,sunchips,5.0
1184,banana,4.0
1184,popsicles,4.0
1184,oreos,4.0
1184,cocktailshrimp,5.0
1184,appleslices,3.0
1184,potatochips,3.0
1184,pretzels,3.0
1184,eggs,4.0
1184,kettlecorn,1.0
1184,cheezits,3.0
1184,ricecakes,2.0
1184,avocado,4.0
1184,falafelwithpita,4.0
1184,grahamcrackers,3.0
1184,lox,4.0
1184,edamame,3.0
1184,saltines,2.0
1184,swedishfish,3.0
1184,cheesecubes,4.0
1184,wheatbread,3.0
1184,salami,4.0
1184,grapes,4.0
1184,blueberries,4.0
1184,cupcakes,3.0
1184,broccoli,4.0
1184,cherrytomato,3.0
1184,cherries,4.0
1184,mango,4.0
1184,doughnuts,4.0
1184,ritz,4.0
1185,banana,5.0
1185,saltines,4.0
1185,corncob,4.0
1185,cucumberslices,1.0
1185,sweetpotato,1.0
1185,poptarts,4.0
1185,sourpatch,5.0
1185,kitkat,5.0
1185,peaches,2.0
1185,avocado,2.0
1185,yogurtpretzels,3.0
1185,broccoli,1.0
1185,appleslices,5.0
1185,bagelplain,5.0
1185,olives,1.0
1185,grapes,5.0
1185,swedishfish,5.0
1185,minimuffins,4.0
1185,triscuits,4.0
1185,cheesecubes,3.0
1185,lox,2.0
1185,oreos,5.0
1185,cocktailshrimp,2.0
1185,popsicles,5.0
1185,trailmix,4.0
1185,cookies,5.0
1185,sushi,1.0
1185,grahamcrackers,4.0
1185,mushrooms,1.0
1185,chocolatepretzels,4.0
1185,cheezits,4.0
1185,ritz,4.0
1185,icecream,5.0
1185,cantaloupe,1.0
1185,blueberries,3.0
1185,potatochips,5.0
1185,eggs,5.0
1185,mango,3.0
1185,wheatbread,4.0
1185,bakedpotato,4.0
1185,kiwi,2.0
1185,skittles,5.0
1185,sunchips,4.0
1185,strawberries,3.0
1185,kettlecorn,3.0
1185,americancheese,4.0
1185,carrotsticks,2.0
1185,salami,4.0
1185,falafelwithpita,4.0
1185,raspberries,2.0
1185,ricecakes,1.0
1185,deliturkey,5.0
1185,granolabar,2.0
1185,cherries,2.0
1185,cupcakes,5.0
1185,croissant,5.0
1185,doritos,5.0
1185,pretzels,4.0
1185,doughnuts,5.0
1185,mms,5.0
1185,pear,5.0
1185,orangeslices,5.0
1185,edamame,1.0
1185,cherrytomato,3.0
1185,celerysticks,1.0
1186,corncob,5.0
1186,strawberries,5.0
1186,yogurtpretzels,4.0
1186,peaches,5.0
1186,olives,5.0
1186,cookies,5.0
1186,cantaloupe,5.0
1186,triscuits,5.0
1186,cocktailshrimp,2.0
1186,cheesecubes,5.0
1186,croissant,5.0
1186,salami,5.0
1186,swedishfish,1.0
1186,doritos,4.0
1186,icecream,5.0
1186,granolabar,5.0
1186,carrotsticks,4.0
1186,cherries,5.0
1186,wheatbread,2.0
1186,kettlecorn,5.0
1186,lox,1.0
1186,sunchips,5.0
1186,poptarts,4.0
1186,minimuffins,5.0
1186,potatochips,4.0
1186,grahamcrackers,4.0
1186,skittles,5.0
1186,grapes,5.0
1186,chocolatepretzels,4.0
1186,kiwi,4.0
1186,mushrooms,5.0
1186,deliturkey,4.0
1186,cheezits,4.0
1186,trailmix,4.0
1186,broccoli,5.0
1186,blueberries,5.0
1186,kitkat,2.0
1186,falafelwithpita,2.0
1186,americancheese,4.0
1186,avocado,4.0
1186,eggs,5.0
1186,mango,4.0
1186,sweetpotato,5.0
1186,celerysticks,4.0
1186,oreos,4.0
1186,orangeslices,5.0
1186,appleslices,5.0
1186,popsicles,4.0
1186,bagelplain,5.0
1186,doughnuts,5.0
1186,cherrytomato,5.0
1186,ricecakes,2.0
1186,ritz,4.0
1186,saltines,4.0
1186,cucumberslices,3.0
1186,bakedpotato,5.0
1186,mms,5.0
1186,sourpatch,5.0
1186,banana,4.0
1186,pretzels,3.0
1186,cupcakes,4.0
1186,pear,5.0
1186,raspberries,5.0
1186,sushi,4.0
1186,edamame,1.0
1187,olives,1.0
1187,cherrytomato,3.0
1187,bagelplain,3.0
1187,croissant,3.0
1187,granolabar,4.0
1187,salami,5.0
1187,lox,3.0
1187,cucumberslices,3.0
1187,bakedpotato,4.0
1187,deliturkey,5.0
1187,potatochips,4.0
1187,orangeslices,5.0
1187,doritos,5.0
1187,cantaloupe,3.0
1187,ritz,3.0
1187,mms,4.0
1187,chocolatepretzels,4.0
1187,cookies,4.0
1187,minimuffins,4.0
1187,swedishfish,2.0
1187,kettlecorn,3.0
1187,avocado,3.0
1187,falafelwithpita,3.0
1187,grahamcrackers,4.0
1187,sushi,2.0
1187,sweetpotato,3.0
1187,mushrooms,2.0
1187,oreos,4.0
1187,celerysticks,2.0
1187,peaches,5.0
1187,mango,5.0
1187,cheesecubes,3.0
1187,broccoli,3.0
1187,pear,5.0
1187,cheezits,5.0
1187,eggs,4.0
1187,poptarts,2.0
1187,trailmix,4.0
1187,grapes,5.0
1187,triscuits,3.0
1187,cocktailshrimp,2.0
1187,cupcakes,4.0
1187,yogurtpretzels,4.0
1187,kitkat,5.0
1187,skittles,4.0
1187,icecream,4.0
1187,saltines,4.0
1187,sunchips,5.0
1187,carrotsticks,2.0
1187,popsicles,2.0
1187,edamame,2.0
1187,banana,5.0
1187,pretzels,3.0
1187,corncob,3.0
1187,americancheese,2.0
1187,doughnuts,4.0
1187,cherries,4.0
1187,sourpatch,4.0
1187,wheatbread,3.0
1187,raspberries,4.0
1187,ricecakes,2.0
1187,strawberries,4.0
1187,appleslices,5.0
1187,blueberries,5.0
1187,kiwi,5.0
1189,americancheese,4.0
1189,kettlecorn,4.0
1189,croissant,4.0
1189,olives,3.0
1189,cherrytomato,5.0
1189,cookies,3.0
1189,pear,4.0
1189,oreos,4.0
1189,cherries,4.0
1189,popsicles,3.0
1189,lox,3.0
1189,cocktailshrimp,4.0
1189,broccoli,4.0
1189,sushi,4.0
1189,saltines,3.0
1189,corncob,4.0
1189,bakedpotato,5.0
1189,orangeslices,4.0
1189,swedishfish,3.0
1189,poptarts,3.0
1189,cucumberslices,4.0
1189,doritos,4.0
1189,mms,4.0
1189,carrotsticks,4.0
1189,ritz,3.0
1189,skittles,4.0
1189,falafelwithpita,3.0
1189,banana,4.0
1189,mushrooms,5.0
1189,sweetpotato,2.0
1189,strawberries,4.0
1189,pretzels,2.0
1189,cheezits,3.0
1189,appleslices,4.0
1189,cupcakes,4.0
1189,blueberries,4.0
1189,yogurtpretzels,2.0
1189,chocolatepretzels,2.0
1189,peaches,3.0
1189,cheesecubes,3.0
1189,avocado,5.0
1189,minimuffins,4.0
1189,celerysticks,2.0
1189,wheatbread,3.0
1189,ricecakes,4.0
1189,potatochips,4.0
1189,grahamcrackers,4.0
1189,kiwi,4.0
1189,triscuits,3.0
1189,bagelplain,3.0
1189,mango,4.0
1189,granolabar,4.0
1189,sourpatch,3.0
1189,salami,5.0
1189,doughnuts,4.0
1189,icecream,3.0
1189,kitkat,4.0
1189,grapes,4.0
1189,eggs,4.0
1189,edamame,3.0
1189,trailmix,4.0
1189,deliturkey,4.0
1189,raspberries,4.0
1189,cantaloupe,4.0
1189,sunchips,4.0
1190,yogurtpretzels,2.0
1190,potatochips,4.0
1190,broccoli,1.0
1190,minimuffins,5.0
1190,doritos,4.0
1190,chocolatepretzels,3.0
1190,croissant,5.0
1190,orangeslices,4.0
1190,americancheese,3.0
1190,swedishfish,4.0
1190,corncob,4.0
1190,sweetpotato,4.0
1190,eggs,2.0
1190,peaches,1.0
1190,appleslices,1.0
1190,doughnuts,5.0
1190,ritz,3.0
1190,mango,3.0
1190,sushi,1.0
1190,triscuits,4.0
1190,edamame,2.0
1190,carrotsticks,1.0
1190,cheesecubes,4.0
1190,raspberries,4.0
1190,falafelwithpita,4.0
1190,sourpatch,3.0
1190,kiwi,2.0
1190,salami,5.0
1190,bagelplain,4.0
1190,avocado,1.0
1190,cherrytomato,3.0
1190,cupcakes,3.0
1190,granolabar,2.0
1190,cookies,5.0
1190,banana,4.0
1190,cantaloupe,4.0
1190,popsicles,3.0
1190,sunchips,4.0
1190,cherries,4.0
1190,icecream,4.0
1190,grahamcrackers,4.0
1190,kitkat,2.0
1190,strawberries,3.0
1190,kettlecorn,3.0
1190,saltines,3.0
1190,olives,2.0
1190,oreos,4.0
1190,lox,3.0
1190,mushrooms,4.0
1190,pear,4.0
1190,blueberries,4.0
1190,deliturkey,2.0
1190,cucumberslices,3.0
1190,pretzels,2.0
1190,poptarts,2.0
1190,skittles,3.0
1190,mms,3.0
1190,grapes,4.0
1190,wheatbread,4.0
1190,trailmix,2.0
1190,ricecakes,5.0
1190,cocktailshrimp,1.0
1190,celerysticks,3.0
1190,cheezits,3.0
1190,bakedpotato,1.0
1191,bakedpotato,4.0
1191,mushrooms,4.0
1191,falafelwithpita,4.0
1191,kettlecorn,4.0
1191,trailmix,4.0
1191,yogurtpretzels,5.0
1191,sourpatch,5.0
1191,mango,5.0
1191,kiwi,4.0
1191,poptarts,4.0
1191,potatochips,5.0
1191,lox,4.0
1191,triscuits,4.0
1191,strawberries,5.0
1191,doritos,5.0
1191,sunchips,5.0
1191,cocktailshrimp,5.0
1191,minimuffins,5.0
1191,peaches,5.0
1191,celerysticks,4.0
1191,corncob,5.0
1191,edamame,5.0
1191,icecream,4.0
1191,raspberries,4.0
1191,appleslices,4.0
1191,cantaloupe,5.0
1191,americancheese,5.0
1191,mms,5.0
1191,eggs,5.0
1191,salami,5.0
1191,croissant,4.0
1191,doughnuts,5.0
1191,banana,5.0
1191,ricecakes,4.0
1191,cheesecubes,4.0
1191,sweetpotato,2.0
1191,cucumberslices,3.0
1191,blueberries,5.0
1191,oreos,5.0
1191,cherries,5.0
1191,pretzels,4.0
1191,popsicles,3.0
1191,cherrytomato,4.0
1191,cupcakes,5.0
1191,sushi,5.0
1191,grapes,5.0
1191,orangeslices,5.0
1191,granolabar,4.0
1191,kitkat,5.0
1191,olives,5.0
1191,cheezits,5.0
1191,wheatbread,5.0
1191,cookies,5.0
1191,saltines,4.0
1191,deliturkey,5.0
1191,avocado,3.0
1191,ritz,4.0
1191,chocolatepretzels,5.0
1191,bagelplain,5.0
1191,broccoli,4.0
1191,skittles,5.0
1191,carrotsticks,4.0
1191,grahamcrackers,4.0
1191,pear,4.0
1191,swedishfish,4.0
1193,falafelwithpita,4.0
1193,poptarts,2.0
1193,cocktailshrimp,4.0
1193,wheatbread,4.0
1193,grahamcrackers,4.0
1193,minimuffins,4.0
1193,kiwi,4.0
1193,trailmix,4.0
1193,doritos,2.0
1193,cookies,4.0
1193,sourpatch,2.0
1193,orangeslices,5.0
1193,celerysticks,4.0
1193,bagelplain,4.0
1193,swedishfish,2.0
1193,cupcakes,4.0
1193,ritz,4.0
1193,blueberries,5.0
1193,cantaloupe,4.0
1193,americancheese,2.0
1193,mango,4.0
1193,carrotsticks,4.0
1193,potatochips,4.0
1193,doughnuts,4.0
1193,skittles,4.0
1193,sushi,4.0
1193,cucumberslices,5.0
1193,broccoli,4.0
1193,lox,4.0
1193,cherries,5.0
1193,mms,4.0
1193,peaches,4.0
1193,pretzels,4.0
1193,yogurtpretzels,2.0
1193,banana,4.0
1193,oreos,3.0
1193,ricecakes,4.0
1193,cherrytomato,4.0
1193,salami,4.0
1193,bakedpotato,4.0
1193,chocolatepretzels,4.0
1193,cheesecubes,4.0
1193,saltines,4.0
1193,olives,2.0
1193,mushrooms,4.0
1193,edamame,2.0
1193,strawberries,5.0
1193,popsicles,4.0
1193,deliturkey,4.0
1193,croissant,5.0
1193,kettlecorn,4.0
1193,appleslices,5.0
1193,triscuits,4.0
1193,grapes,5.0
1193,sweetpotato,4.0
1193,avocado,5.0
1193,granolabar,4.0
1193,eggs,4.0
1193,pear,5.0
1193,cheezits,2.0
1193,icecream,4.0
1193,sunchips,4.0
1193,raspberries,4.0
1193,corncob,4.0
1193,kitkat,4.0
1194,cherrytomato,3.0
1194,potatochips,3.0
1194,pear,5.0
1194,minimuffins,3.0
1194,americancheese,3.0
1194,swedishfish,3.0
1194,edamame,3.0
1194,cucumberslices,2.0
1194,skittles,2.0
1194,appleslices,5.0
1194,oreos,3.0
1194,sushi,3.0
1194,sunchips,3.0
1194,bagelplain,4.0
1194,mms,3.0
1194,kettlecorn,4.0
1194,peaches,5.0
1194,cantaloupe,4.0
1194,bakedpotato,4.0
1194,triscuits,3.0
1194,avocado,3.0
1194,cheesecubes,3.0
1194,corncob,3.0
1194,sweetpotato,2.0
1194,salami,4.0
1194,strawberries,4.0
1194,eggs,5.0
1194,wheatbread,4.0
1194,falafelwithpita,3.0
1194,lox,3.0
1194,trailmix,3.0
1194,croissant,3.0
1194,poptarts,3.0
1194,granolabar,2.0
1194,banana,4.0
1194,pretzels,2.0
1194,icecream,2.0
1194,kiwi,3.0
1194,doughnuts,3.0
1194,mango,4.0
1194,celerysticks,2.0
1194,cheezits,3.0
1194,olives,3.0
1194,popsicles,3.0
1194,broccoli,2.0
1194,ricecakes,4.0
1194,ritz,4.0
1194,grapes,5.0
1194,sourpatch,2.0
1194,yogurtpretzels,2.0
1194,cocktailshrimp,2.0
1194,chocolatepretzels,2.0
1194,cherries,4.0
1194,blueberries,4.0
1194,cupcakes,2.0
1194,carrotsticks,3.0
1194,grahamcrackers,3.0
1194,kitkat,5.0
1194,cookies,3.0
1194,raspberries,5.0
1194,doritos,2.0
1194,orangeslices,4.0
1194,mushrooms,3.0
1194,deliturkey,2.0
1194,saltines,3.0
1195,triscuits,4.0
1195,cherrytomato,4.0
1195,edamame,2.0
1195,carrotsticks,4.0
1195,deliturkey,3.0
1195,popsicles,2.0
1195,cocktailshrimp,2.0
1195,cucumberslices,4.0
1195,mms,5.0
1195,eggs,4.0
1195,icecream,5.0
1195,banana,4.0
1195,saltines,4.0
1195,peaches,4.0
1195,granolabar,2.0
1195,lox,2.0
1195,avocado,4.0
1195,grahamcrackers,4.0
1195,croissant,4.0
1195,cheesecubes,2.0
1195,cheezits,4.0
1195,appleslices,4.0
1195,grapes,4.0
1195,mushrooms,2.0
1195,pear,4.0
1195,corncob,5.0
1195,celerysticks,2.0
1195,sushi,1.0
1195,kettlecorn,4.0
1195,doritos,5.0
1195,cupcakes,4.0
1195,blueberries,3.0
1195,poptarts,4.0
1195,orangeslices,4.0
1195,americancheese,5.0
1195,falafelwithpita,2.0
1195,bakedpotato,4.0
1195,ritz,4.0
1195,oreos,5.0
1195,pretzels,4.0
1195,yogurtpretzels,2.0
1195,doughnuts,5.0
1195,chocolatepretzels,4.0
1195,swedishfish,4.0
1195,ricecakes,2.0
1195,kiwi,4.0
1195,wheatbread,4.0
1195,kitkat,5.0
1195,bagelplain,4.0
1195,raspberries,4.0
1195,potatochips,4.0
1195,skittles,4.0
1195,cherries,2.0
1195,olives,2.0
1195,strawberries,5.0
1195,sweetpotato,4.0
1195,sourpatch,4.0
1195,trailmix,2.0
1195,cantaloupe,1.0
1195,cookies,5.0
1195,sunchips,4.0
1195,broccoli,4.0
1195,mango,2.0
1195,minimuffins,4.0
1195,salami,4.0
1196,cocktailshrimp,4.0
1196,sunchips,4.0
1196,kitkat,3.0
1196,icecream,5.0
1196,minimuffins,5.0
1196,sweetpotato,2.0
1196,chocolatepretzels,3.0
1196,pretzels,3.0
1196,lox,4.0
1196,swedishfish,3.0
1196,peaches,4.0
1196,raspberries,4.0
1196,oreos,5.0
1196,ritz,3.0
1196,kiwi,1.0
1196,sourpatch,2.0
1196,cookies,4.0
1196,corncob,4.0
1196,carrotsticks,3.0
1196,appleslices,4.0
1196,sushi,4.0
1196,edamame,2.0
1196,kettlecorn,3.0
1196,cherrytomato,2.0
1196,broccoli,3.0
1196,trailmix,3.0
1196,cupcakes,5.0
1196,blueberries,2.0
1196,deliturkey,1.0
1196,doritos,4.0
1196,pear,4.0
1196,yogurtpretzels,2.0
1196,grahamcrackers,2.0
1196,mango,4.0
1196,salami,2.0
1196,bagelplain,2.0
1196,eggs,2.0
1196,doughnuts,4.0
1196,wheatbread,4.0
1196,cherries,4.0
1196,celerysticks,1.0
1196,cucumberslices,2.0
1196,banana,5.0
1196,potatochips,4.0
1196,ricecakes,1.0
1196,triscuits,3.0
1196,cantaloupe,1.0
1196,popsicles,5.0
1196,avocado,4.0
1196,bakedpotato,4.0
1196,skittles,2.0
1196,poptarts,3.0
1196,olives,1.0
1196,mms,3.0
1196,saltines,5.0
1196,cheesecubes,4.0
1196,croissant,4.0
1196,grapes,3.0
1196,strawberries,4.0
1196,falafelwithpita,3.0
1196,cheezits,2.0
1196,granolabar,3.0
1196,mushrooms,4.0
1196,americancheese,4.0
1196,orangeslices,5.0
1197,icecream,4.0
1197,falafelwithpita,3.0
1197,mango,5.0
1197,mms,4.0
1197,kitkat,5.0
1197,sourpatch,2.0
1197,skittles,3.0
1197,saltines,4.0
1197,pear,4.0
1197,bakedpotato,4.0
1197,granolabar,2.0
1197,trailmix,2.0
1197,broccoli,4.0
1197,blueberries,4.0
1197,cherries,4.0
1197,mushrooms,5.0
1197,avocado,5.0
1197,sunchips,3.0
1197,strawberries,4.0
1197,bagelplain,5.0
1197,cherrytomato,4.0
1197,corncob,4.0
1197,appleslices,4.0
1197,peaches,4.0
1197,cookies,5.0
1197,orangeslices,5.0
1197,yogurtpretzels,4.0
1197,banana,4.0
1197,chocolatepretzels,3.0
1197,celerysticks,3.0
1197,sweetpotato,2.0
1197,carrotsticks,4.0
1197,pretzels,4.0
1197,croissant,5.0
1197,ricecakes,2.0
1197,swedishfish,1.0
1197,kiwi,3.0
1197,cheezits,2.0
1197,oreos,4.0
1197,deliturkey,4.0
1197,cheesecubes,4.0
1197,salami,4.0
1197,edamame,1.0
1197,cantaloupe,5.0
1197,potatochips,4.0
1197,doughnuts,5.0
1197,poptarts,4.0
1197,kettlecorn,4.0
1197,triscuits,4.0
1197,ritz,4.0
1197,sushi,2.0
1197,doritos,4.0
1197,grapes,5.0
1197,popsicles,2.0
1197,americancheese,4.0
1197,cocktailshrimp,4.0
1197,wheatbread,3.0
1197,cucumberslices,4.0
1197,lox,4.0
1197,cupcakes,5.0
1197,grahamcrackers,4.0
1197,olives,5.0
1197,raspberries,4.0
1197,minimuffins,4.0
1197,eggs,5.0
1199,sweetpotato,2.0
1199,minimuffins,2.0
1199,yogurtpretzels,3.0
1199,saltines,4.0
1199,americancheese,2.0
1199,avocado,2.0
1199,pear,3.0
1199,kiwi,3.0
1199,banana,5.0
1199,mms,4.0
1199,kettlecorn,3.0
1199,lox,3.0
1199,ritz,3.0
1199,orangeslices,4.0
1199,cantaloupe,2.0
1199,bakedpotato,3.0
1199,chocolatepretzels,4.0
1199,triscuits,3.0
1199,doritos,5.0
1199,popsicles,3.0
1199,peaches,3.0
1199,potatochips,2.0
1199,croissant,4.0
1199,cherries,4.0
1199,deliturkey,1.0
1199,cookies,4.0
1199,salami,4.0
1199,broccoli,2.0
1199,mango,1.0
1199,kitkat,4.0
1199,sourpatch,2.0
1199,appleslices,2.0
1199,skittles,5.0
1199,cheesecubes,1.0
1199,cucumberslices,2.0
1199,bagelplain,4.0
1199,ricecakes,3.0
1199,sunchips,2.0
1199,cocktailshrimp,1.0
1199,raspberries,3.0
1199,granolabar,5.0
1199,blueberries,4.0
1199,grapes,2.0
1199,trailmix,2.0
1199,olives,4.0
1199,celerysticks,1.0
1199,corncob,4.0
1199,poptarts,3.0
1199,icecream,4.0
1199,mushrooms,4.0
1199,cupcakes,4.0
1199,doughnuts,2.0
1199,pretzels,2.0
1199,eggs,2.0
1199,edamame,3.0
1199,wheatbread,5.0
1199,oreos,3.0
1199,sushi,2.0
1199,cherrytomato,3.0
1199,swedishfish,2.0
1199,strawberries,2.0
1199,falafelwithpita,2.0
1199,cheezits,2.0
1199,carrotsticks,5.0
1199,grahamcrackers,4.0
1200,appleslices,4.0
1200,minimuffins,5.0
1200,cheesecubes,3.0
1200,peaches,5.0
1200,carrotsticks,4.0
1200,avocado,5.0
1200,celerysticks,4.0
1200,kettlecorn,2.0
1200,croissant,5.0
1200,ritz,4.0
1200,wheatbread,4.0
1200,kiwi,5.0
1200,cucumberslices,5.0
1200,saltines,4.0
1200,potatochips,4.0
1200,americancheese,4.0
1200,trailmix,2.0
1200,poptarts,2.0
1200,cheezits,4.0
1200,mushrooms,5.0
1200,raspberries,5.0
1200,corncob,4.0
1200,bakedpotato,5.0
1200,yogurtpretzels,2.0
1200,cherries,5.0
1200,doritos,5.0
1200,grahamcrackers,4.0
1200,doughnuts,4.0
1200,ricecakes,2.0
1200,mms,5.0
1200,lox,3.0
1200,skittles,5.0
1200,strawberries,5.0
1200,cantaloupe,4.0
1200,cherrytomato,4.0
1200,deliturkey,4.0
1200,popsicles,4.0
1200,sushi,5.0
1200,grapes,5.0
1200,icecream,5.0
1200,granolabar,4.0
1200,oreos,4.0
1200,cocktailshrimp,1.0
1200,swedishfish,4.0
1200,broccoli,5.0
1200,banana,4.0
1200,bagelplain,4.0
1200,triscuits,4.0
1200,blueberries,5.0
1200,sourpatch,4.0
1200,orangeslices,4.0
1200,pretzels,1.0
1200,chocolatepretzels,1.0
1200,kitkat,5.0
1200,edamame,2.0
1200,eggs,5.0
1200,sweetpotato,4.0
1200,pear,5.0
1200,falafelwithpita,5.0
1200,olives,4.0
1200,sunchips,4.0
1200,cupcakes,4.0
1200,mango,5.0
1200,cookies,5.0
1200,salami,1.0
1201,mushrooms,2.0
1201,deliturkey,2.0
1201,saltines,3.0
1201,swedishfish,2.0
1201,banana,4.0
1201,sourpatch,4.0
1201,sweetpotato,2.0
1201,triscuits,3.0
1201,granolabar,3.0
1201,orangeslices,5.0
1201,cantaloupe,4.0
1201,oreos,1.0
1201,sushi,1.0
1201,yogurtpretzels,3.0
1201,celerysticks,3.0
1201,doughnuts,3.0
1201,mms,2.0
1201,appleslices,4.0
1201,cookies,2.0
1201,blueberries,3.0
1201,cherries,3.0
1201,wheatbread,2.0
1201,grapes,4.0
1201,chocolatepretzels,3.0
1201,grahamcrackers,3.0
1201,mango,3.0
1201,carrotsticks,3.0
1201,kiwi,3.0
1201,salami,2.0
1201,ritz,3.0
1201,croissant,4.0
1201,broccoli,3.0
1201,cherrytomato,2.0
1201,bakedpotato,2.0
1201,lox,2.0
1201,corncob,3.0
1201,eggs,3.0
1201,avocado,3.0
1201,cheesecubes,3.0
1201,cupcakes,2.0
1201,trailmix,3.0
1201,pretzels,4.0
1201,kettlecorn,3.0
1201,doritos,2.0
1201,popsicles,2.0
1201,poptarts,4.0
1201,skittles,2.0
1201,potatochips,4.0
1201,peaches,3.0
1201,pear,3.0
1201,americancheese,2.0
1201,cocktailshrimp,3.0
1201,strawberries,4.0
1201,raspberries,4.0
1201,olives,3.0
1201,kitkat,2.0
1201,cheezits,5.0
1201,cucumberslices,3.0
1201,falafelwithpita,3.0
1201,sunchips,3.0
1201,icecream,3.0
1201,minimuffins,3.0
1201,edamame,3.0
1201,ricecakes,3.0
1201,bagelplain,3.0
1202,mango,3.0
1202,saltines,4.0
1202,eggs,5.0
1202,grapes,5.0
1202,deliturkey,1.0
1202,mushrooms,4.0
1202,wheatbread,2.0
1202,edamame,1.0
1202,bakedpotato,2.0
1202,lox,4.0
1202,olives,2.0
1202,poptarts,4.0
1202,appleslices,5.0
1202,popsicles,4.0
1202,bagelplain,4.0
1202,doritos,4.0
1202,orangeslices,4.0
1202,cherries,4.0
1202,cocktailshrimp,5.0
1202,cookies,4.0
1202,potatochips,4.0
1202,cheesecubes,4.0
1202,carrotsticks,2.0
1202,banana,4.0
1202,celerysticks,5.0
1202,mms,4.0
1202,trailmix,4.0
1202,minimuffins,4.0
1202,cucumberslices,4.0
1202,sushi,5.0
1202,croissant,4.0
1202,falafelwithpita,3.0
1202,avocado,2.0
1202,blueberries,4.0
1202,ritz,4.0
1202,sourpatch,4.0
1202,kettlecorn,4.0
1202,sweetpotato,1.0
1202,cheezits,4.0
1202,kiwi,4.0
1202,pretzels,4.0
1202,granolabar,4.0
1202,oreos,4.0
1202,corncob,3.0
1202,grahamcrackers,4.0
1202,icecream,5.0
1202,raspberries,4.0
1202,doughnuts,4.0
1202,cupcakes,4.0
1202,yogurtpretzels,4.0
1202,triscuits,4.0
1202,sunchips,4.0
1202,cherrytomato,1.0
1202,swedishfish,4.0
1202,ricecakes,4.0
1202,chocolatepretzels,5.0
1202,cantaloupe,2.0
1202,salami,1.0
1202,broccoli,4.0
1202,americancheese,4.0
1202,skittles,5.0
1202,peaches,4.0
1202,kitkat,5.0
1202,pear,4.0
1202,strawberries,4.0
1203,trailmix,4.0
1203,oreos,4.0
1203,cheezits,5.0
1203,avocado,2.0
1203,raspberries,4.0
1203,deliturkey,4.0
1203,triscuits,2.0
1203,sunchips,2.0
1203,banana,4.0
1203,edamame,1.0
1203,granolabar,2.0
1203,kiwi,4.0
1203,corncob,4.0
1203,chocolatepretzels,5.0
1203,olives,1.0
1203,yogurtpretzels,2.0
1203,carrotsticks,3.0
1203,falafelwithpita,3.0
1203,kitkat,2.0
1203,minimuffins,2.0
1203,grapes,5.0
1203,appleslices,4.0
1203,skittles,2.0
1203,bagelplain,5.0
1203,cocktailshrimp,5.0
1203,sourpatch,5.0
1203,pretzels,5.0
1203,salami,5.0
1203,doughnuts,4.0
1203,kettlecorn,4.0
1203,ricecakes,1.0
1203,strawberries,4.0
1203,popsicles,3.0
1203,peaches,4.0
1203,poptarts,4.0
1203,sushi,4.0
1203,cheesecubes,3.0
1203,mushrooms,4.0
1203,cupcakes,3.0
1203,lox,2.0
1203,celerysticks,4.0
1203,doritos,5.0
1203,croissant,4.0
1203,pear,4.0
1203,cookies,2.0
1203,bakedpotato,4.0
1203,broccoli,4.0
1203,mms,1.0
1203,cantaloupe,4.0
1203,swedishfish,4.0
1203,cucumberslices,2.0
1203,americancheese,4.0
1203,mango,5.0
1203,sweetpotato,5.0
1203,wheatbread,5.0
1203,potatochips,4.0
1203,icecream,5.0
1203,blueberries,4.0
1203,saltines,4.0
1203,cherrytomato,1.0
1203,cherries,5.0
1203,ritz,3.0
1203,grahamcrackers,3.0
1203,orangeslices,5.0
1203,eggs,1.0
1205,banana,4.0
1205,icecream,4.0
1205,croissant,5.0
1205,bakedpotato,3.0
1205,minimuffins,4.0
1205,mango,3.0
1205,cheezits,3.0
1205,olives,2.0
1205,wheatbread,4.0
1205,cupcakes,4.0
1205,kitkat,4.0
1205,saltines,3.0
1205,oreos,2.0
1205,orangeslices,3.0
1205,eggs,4.0
1205,cucumberslices,5.0
1205,cheesecubes,3.0
1205,celerysticks,4.0
1205,falafelwithpita,1.0
1205,chocolatepretzels,2.0
1205,sourpatch,3.0
1205,corncob,4.0
1205,avocado,5.0
1205,grapes,3.0
1205,popsicles,2.0
1205,mushrooms,2.0
1205,ricecakes,3.0
1205,pear,4.0
1205,swedishfish,4.0
1205,broccoli,4.0
1205,salami,2.0
1205,mms,2.0
1205,cherrytomato,3.0
1205,bagelplain,2.0
1205,carrotsticks,5.0
1205,peaches,4.0
1205,potatochips,5.0
1205,sweetpotato,3.0
1205,kiwi,4.0
1205,grahamcrackers,4.0
1205,skittles,4.0
1205,ritz,5.0
1205,kettlecorn,3.0
1205,lox,4.0
1205,deliturkey,4.0
1205,trailmix,4.0
1205,triscuits,4.0
1205,raspberries,4.0
1205,doritos,4.0
1205,cherries,4.0
1205,yogurtpretzels,5.0
1205,americancheese,4.0
1205,sushi,4.0
1205,edamame,4.0
1205,poptarts,4.0
1205,cookies,4.0
1205,appleslices,4.0
1205,cantaloupe,4.0
1205,sunchips,5.0
1205,pretzels,4.0
1205,cocktailshrimp,3.0
1205,granolabar,2.0
1205,doughnuts,4.0
1205,strawberries,5.0
1205,blueberries,3.0
1207,chocolatepretzels,4.0
1207,oreos,5.0
1207,cookies,5.0
1207,edamame,4.0
1207,grahamcrackers,4.0
1207,bakedpotato,3.0
1207,poptarts,3.0
1207,cheesecubes,3.0
1207,ritz,4.0
1207,skittles,5.0
1207,grapes,5.0
1207,potatochips,5.0
1207,swedishfish,5.0
1207,olives,1.0
1207,sunchips,3.0
1207,cantaloupe,5.0
1207,cucumberslices,5.0
1207,banana,5.0
1207,ricecakes,4.0
1207,broccoli,4.0
1207,peaches,5.0
1207,deliturkey,2.0
1207,sweetpotato,2.0
1207,triscuits,3.0
1207,croissant,4.0
1207,corncob,4.0
1207,celerysticks,3.0
1207,salami,5.0
1207,sushi,1.0
1207,wheatbread,4.0
1207,mms,5.0
1207,bagelplain,5.0
1207,eggs,4.0
1207,blueberries,5.0
1207,cheezits,4.0
1207,kettlecorn,5.0
1207,kiwi,5.0
1207,cherrytomato,5.0
1207,cocktailshrimp,5.0
1207,raspberries,3.0
1207,appleslices,5.0
1207,cupcakes,5.0
1207,strawberries,5.0
1207,mango,5.0
1207,doughnuts,5.0
1207,pear,5.0
1207,mushrooms,1.0
1207,saltines,4.0
1207,kitkat,5.0
1207,popsicles,5.0
1207,icecream,5.0
1207,trailmix,4.0
1207,sourpatch,5.0
1207,orangeslices,5.0
1207,cherries,5.0
1207,pretzels,5.0
1207,doritos,5.0
1207,lox,3.0
1207,avocado,5.0
1207,americancheese,5.0
1207,yogurtpretzels,5.0
1207,minimuffins,5.0
1207,falafelwithpita,4.0
1207,carrotsticks,4.0
1207,granolabar,5.0
1208,poptarts,3.0
1208,strawberries,4.0
1208,popsicles,4.0
1208,bakedpotato,4.0
1208,saltines,3.0
1208,kiwi,4.0
1208,ricecakes,3.0
1208,mms,4.0
1208,avocado,5.0
1208,sunchips,3.0
1208,olives,4.0
1208,oreos,5.0
1208,salami,5.0
1208,croissant,5.0
1208,cherries,5.0
1208,blueberries,4.0
1208,granolabar,4.0
1208,wheatbread,3.0
1208,cheezits,4.0
1208,edamame,4.0
1208,raspberries,5.0
1208,carrotsticks,4.0
1208,grapes,4.0
1208,bagelplain,4.0
1208,sushi,5.0
1208,falafelwithpita,5.0
1208,potatochips,4.0
1208,ritz,4.0
1208,chocolatepretzels,4.0
1208,cucumberslices,4.0
1208,skittles,4.0
1208,eggs,5.0
1208,sweetpotato,4.0
1208,sourpatch,5.0
1208,mushrooms,4.0
1208,mango,4.0
1208,cookies,5.0
1208,cherrytomato,5.0
1208,kitkat,4.0
1208,cantaloupe,5.0
1208,grahamcrackers,4.0
1208,yogurtpretzels,4.0
1208,cheesecubes,4.0
1208,icecream,5.0
1208,appleslices,4.0
1208,celerysticks,4.0
1208,peaches,4.0
1208,deliturkey,4.0
1208,swedishfish,5.0
1208,orangeslices,4.0
1208,lox,5.0
1208,cocktailshrimp,5.0
1208,broccoli,4.0
1208,triscuits,4.0
1208,cupcakes,5.0
1208,americancheese,4.0
1208,kettlecorn,5.0
1208,minimuffins,4.0
1208,corncob,4.0
1208,banana,4.0
1208,doritos,4.0
1208,trailmix,4.0
1208,doughnuts,5.0
1208,pretzels,4.0
1208,pear,3.0
1210,carrotsticks,3.0
1210,eggs,4.0
1210,orangeslices,4.0
1210,cucumberslices,1.0
1210,olives,1.0
1210,appleslices,5.0
1210,potatochips,5.0
1210,cheezits,4.0
1210,ricecakes,4.0
1210,wheatbread,4.0
1210,salami,5.0
1210,yogurtpretzels,5.0
1210,croissant,4.0
1210,doritos,5.0
1210,raspberries,4.0
1210,oreos,5.0
1210,kiwi,3.0
1210,falafelwithpita,3.0
1210,grapes,5.0
1210,mushrooms,3.0
1210,sourpatch,5.0
1210,cheesecubes,5.0
1210,americancheese,4.0
1210,cupcakes,5.0
1210,saltines,4.0
1210,blueberries,3.0
1210,ritz,4.0
1210,cherrytomato,1.0
1210,bakedpotato,4.0
1210,cantaloupe,3.0
1210,chocolatepretzels,5.0
1210,strawberries,4.0
1210,sunchips,4.0
1210,celerysticks,4.0
1210,cherries,3.0
1210,triscuits,4.0
1210,poptarts,5.0
1210,doughnuts,4.0
1210,skittles,5.0
1210,granolabar,4.0
1210,minimuffins,4.0
1210,peaches,3.0
1210,sushi,3.0
1210,mango,3.0
1210,swedishfish,5.0
1210,avocado,3.0
1210,icecream,4.0
1210,bagelplain,4.0
1210,sweetpotato,3.0
1210,lox,1.0
1210,cocktailshrimp,4.0
1210,broccoli,3.0
1210,popsicles,4.0
1210,kettlecorn,4.0
1210,cookies,5.0
1210,corncob,4.0
1210,trailmix,4.0
1210,kitkat,5.0
1210,mms,5.0
1210,edamame,4.0
1210,pretzels,5.0
1210,deliturkey,5.0
1210,grahamcrackers,4.0
1210,pear,5.0
1210,banana,5.0
1211,mango,4.0
1211,banana,1.0
1211,cherries,4.0
1211,sourpatch,3.0
1211,ritz,4.0
1211,skittles,3.0
1211,wheatbread,4.0
1211,bagelplain,5.0
1211,americancheese,5.0
1211,swedishfish,1.0
1211,cucumberslices,3.0
1211,cheezits,5.0
1211,popsicles,4.0
1211,grapes,5.0
1211,mushrooms,5.0
1211,poptarts,2.0
1211,lox,3.0
1211,kettlecorn,2.0
1211,carrotsticks,3.0
1211,granolabar,2.0
1211,oreos,1.0
1211,sweetpotato,4.0
1211,avocado,5.0
1211,croissant,5.0
1211,ricecakes,1.0
1211,olives,1.0
1211,blueberries,4.0
1211,edamame,4.0
1211,icecream,3.0
1211,cupcakes,4.0
1211,yogurtpretzels,3.0
1211,saltines,2.0
1211,corncob,4.0
1211,orangeslices,5.0
1211,peaches,5.0
1211,celerysticks,1.0
1211,sushi,4.0
1211,doughnuts,4.0
1211,strawberries,5.0
1211,cantaloupe,1.0
1211,triscuits,2.0
1211,kiwi,3.0
1211,potatochips,4.0
1211,cherrytomato,3.0
1211,pretzels,2.0
1211,doritos,4.0
1211,trailmix,4.0
1211,cheesecubes,5.0
1211,mms,2.0
1211,raspberries,4.0
1211,broccoli,4.0
1211,pear,4.0
1211,chocolatepretzels,2.0
1211,appleslices,2.0
1211,sunchips,2.0
1211,deliturkey,2.0
1211,salami,5.0
1211,cookies,4.0
1211,bakedpotato,4.0
1211,grahamcrackers,2.0
1211,cocktailshrimp,1.0
1211,minimuffins,4.0
1211,kitkat,5.0
1211,eggs,1.0
1211,falafelwithpita,3.0
1212,blueberries,5.0
1212,cheezits,4.0
1212,wheatbread,4.0
1212,skittles,3.0
1212,granolabar,4.0
1212,strawberries,5.0
1212,bakedpotato,4.0
1212,raspberries,4.0
1212,swedishfish,2.0
1212,banana,5.0
1212,cherries,5.0
1212,kettlecorn,4.0
1212,saltines,4.0
1212,poptarts,4.0
1212,edamame,5.0
1212,icecream,4.0
1212,cherrytomato,5.0
1212,avocado,5.0
1212,orangeslices,5.0
1212,mango,4.0
1212,pear,5.0
1212,oreos,3.0
1212,croissant,3.0
1212,potatochips,3.0
1212,cocktailshrimp,1.0
1212,peaches,5.0
1212,pretzels,5.0
1212,bagelplain,4.0
1212,kitkat,4.0
1212,mms,3.0
1212,minimuffins,4.0
1212,corncob,5.0
1212,doughnuts,4.0
1212,eggs,5.0
1212,sweetpotato,4.0
1212,cantaloupe,1.0
1212,cupcakes,3.0
1212,lox,2.0
1212,cheesecubes,4.0
1212,ricecakes,4.0
1212,falafelwithpita,2.0
1212,triscuits,2.0
1212,grapes,5.0
1212,celerysticks,5.0
1212,kiwi,4.0
1212,salami,3.0
1212,yogurtpretzels,3.0
1212,olives,2.0
1212,sunchips,4.0
1212,sushi,1.0
1212,appleslices,5.0
1212,deliturkey,4.0
1212,grahamcrackers,4.0
1212,broccoli,5.0
1212,chocolatepretzels,4.0
1212,trailmix,5.0
1212,ritz,3.0
1212,mushrooms,5.0
1212,carrotsticks,5.0
1212,sourpatch,4.0
1212,cookies,3.0
1212,cucumberslices,5.0
1212,doritos,4.0
1212,popsicles,5.0
1212,americancheese,4.0
1213,trailmix,5.0
1213,croissant,3.0
1213,chocolatepretzels,3.0
1213,appleslices,5.0
1213,cucumberslices,5.0
1213,strawberries,2.0
1213,kettlecorn,4.0
1213,americancheese,3.0
1213,lox,1.0
1213,blueberries,4.0
1213,mms,1.0
1213,cherrytomato,1.0
1213,peaches,5.0
1213,raspberries,2.0
1213,carrotsticks,2.0
1213,broccoli,4.0
1213,ricecakes,5.0
1213,cupcakes,3.0
1213,grapes,3.0
1213,sourpatch,4.0
1213,saltines,4.0
1213,orangeslices,4.0
1213,cherries,1.0
1213,mushrooms,2.0
1213,swedishfish,1.0
1213,cheesecubes,5.0
1213,triscuits,4.0
1213,kitkat,2.0
1213,granolabar,2.0
1213,cocktailshrimp,4.0
1213,deliturkey,5.0
1213,potatochips,4.0
1213,ritz,3.0
1213,oreos,2.0
1213,pear,1.0
1213,avocado,5.0
1213,banana,2.0
1213,sunchips,2.0
1213,salami,4.0
1213,wheatbread,4.0
1213,bagelplain,1.0
1213,grahamcrackers,5.0
1213,doughnuts,1.0
1213,skittles,3.0
1213,poptarts,1.0
1213,sweetpotato,1.0
1213,sushi,5.0
1213,kiwi,5.0
1213,mango,3.0
1213,yogurtpretzels,3.0
1213,falafelwithpita,4.0
1213,bakedpotato,4.0
1213,celerysticks,4.0
1213,cheezits,4.0
1213,popsicles,3.0
1213,minimuffins,1.0
1213,doritos,4.0
1213,olives,1.0
1213,icecream,4.0
1213,corncob,5.0
1213,cookies,4.0
1213,eggs,1.0
1213,cantaloupe,3.0
1213,pretzels,4.0
1213,edamame,3.0
1214,celerysticks,2.0
1214,cucumberslices,2.0
1214,cherrytomato,4.0
1214,yogurtpretzels,4.0
1214,cocktailshrimp,3.0
1214,swedishfish,5.0
1214,wheatbread,5.0
1214,carrotsticks,4.0
1214,corncob,5.0
1214,croissant,4.0
1214,blueberries,3.0
1214,doughnuts,5.0
1214,sourpatch,5.0
1214,falafelwithpita,3.0
1214,kiwi,3.0
1214,raspberries,5.0
1214,ricecakes,4.0
1214,cupcakes,5.0
1214,ritz,4.0
1214,appleslices,4.0
1214,bakedpotato,5.0
1214,peaches,5.0
1214,broccoli,1.0
1214,poptarts,5.0
1214,sunchips,4.0
1214,triscuits,4.0
1214,edamame,2.0
1214,doritos,5.0
1214,cheesecubes,3.0
1214,mushrooms,3.0
1214,chocolatepretzels,5.0
1214,avocado,4.0
1214,sushi,5.0
1214,bagelplain,5.0
1214,eggs,5.0
1214,cookies,4.0
1214,trailmix,4.0
1214,salami,5.0
1214,mms,5.0
1214,minimuffins,5.0
1214,olives,5.0
1214,americancheese,5.0
1214,grapes,4.0
1214,cherries,5.0
1214,mango,5.0
1214,kitkat,5.0
1214,potatochips,5.0
1214,popsicles,5.0
1214,cheezits,5.0
1214,kettlecorn,5.0
1214,pear,5.0
1214,oreos,5.0
1214,lox,4.0
1214,orangeslices,5.0
1214,skittles,5.0
1214,pretzels,5.0
1214,sweetpotato,4.0
1214,strawberries,5.0
1214,granolabar,3.0
1214,banana,5.0
1214,saltines,4.0
1214,deliturkey,5.0
1214,icecream,5.0
1214,grahamcrackers,4.0
1214,cantaloupe,4.0
1215,icecream,4.0
1215,carrotsticks,2.0
1215,sweetpotato,2.0
1215,bagelplain,4.0
1215,swedishfish,5.0
1215,granolabar,4.0
1215,wheatbread,3.0
1215,kettlecorn,5.0
1215,sourpatch,5.0
1215,deliturkey,2.0
1215,yogurtpretzels,4.0
1215,edamame,2.0
1215,cucumberslices,2.0
1215,kiwi,3.0
1215,chocolatepretzels,4.0
1215,sushi,2.0
1215,raspberries,4.0
1215,salami,4.0
1215,celerysticks,2.0
1215,appleslices,4.0
1215,mango,3.0
1215,poptarts,4.0
1215,oreos,4.0
1215,pretzels,4.0
1215,minimuffins,4.0
1215,popsicles,5.0
1215,grapes,4.0
1215,avocado,2.0
1215,cherries,2.0
1215,olives,1.0
1215,croissant,4.0
1215,cupcakes,4.0
1215,trailmix,4.0
1215,bakedpotato,4.0
1215,ritz,4.0
1215,saltines,3.0
1215,cookies,4.0
1215,mushrooms,1.0
1215,triscuits,4.0
1215,doritos,5.0
1215,cherrytomato,2.0
1215,skittles,4.0
1215,orangeslices,4.0
1215,cantaloupe,2.0
1215,doughnuts,5.0
1215,americancheese,4.0
1215,strawberries,4.0
1215,eggs,1.0
1215,peaches,3.0
1215,cheezits,4.0
1215,corncob,5.0
1215,lox,1.0
1215,falafelwithpita,1.0
1215,blueberries,4.0
1215,sunchips,3.0
1215,broccoli,4.0
1215,mms,4.0
1215,ricecakes,3.0
1215,banana,3.0
1215,pear,5.0
1215,cocktailshrimp,1.0
1215,potatochips,5.0
1215,kitkat,5.0
1215,grahamcrackers,5.0
1215,cheesecubes,4.0
1216,corncob,3.0
1216,strawberries,5.0
1216,celerysticks,3.0
1216,cherrytomato,2.0
1216,ricecakes,4.0
1216,kiwi,3.0
1216,cupcakes,5.0
1216,minimuffins,4.0
1216,potatochips,5.0
1216,banana,4.0
1216,swedishfish,3.0
1216,sweetpotato,2.0
1216,raspberries,5.0
1216,olives,1.0
1216,eggs,3.0
1216,cherries,4.0
1216,blueberries,2.0
1216,doritos,5.0
1216,lox,4.0
1216,pretzels,3.0
1216,mushrooms,3.0
1216,cantaloupe,3.0
1216,americancheese,5.0
1216,grahamcrackers,4.0
1216,grapes,5.0
1216,sunchips,3.0
1216,cucumberslices,3.0
1216,sushi,5.0
1216,doughnuts,5.0
1216,orangeslices,4.0
1216,cookies,5.0
1216,saltines,3.0
1216,kettlecorn,2.0
1216,trailmix,1.0
1216,mango,4.0
1216,bagelplain,5.0
1216,falafelwithpita,4.0
1216,ritz,4.0
1216,deliturkey,4.0
1216,cheezits,5.0
1216,cheesecubes,5.0
1216,yogurtpretzels,5.0
1216,broccoli,3.0
1216,sourpatch,4.0
1216,pear,3.0
1216,wheatbread,4.0
1216,appleslices,3.0
1216,carrotsticks,3.0
1216,popsicles,5.0
1216,poptarts,2.0
1216,granolabar,2.0
1216,oreos,5.0
1216,avocado,4.0
1216,edamame,4.0
1216,chocolatepretzels,5.0
1216,skittles,3.0
1216,croissant,5.0
1216,triscuits,3.0
1216,mms,4.0
1216,icecream,4.0
1216,cocktailshrimp,5.0
1216,kitkat,4.0
1216,salami,5.0
1216,bakedpotato,3.0
1216,peaches,5.0
1217,kitkat,3.0
1217,celerysticks,3.0
1217,appleslices,4.0
1217,falafelwithpita,3.0
1217,minimuffins,4.0
1217,granolabar,3.0
1217,popsicles,4.0
1217,broccoli,2.0
1217,mango,4.0
1217,eggs,3.0
1217,carrotsticks,3.0
1217,doritos,3.0
1217,wheatbread,3.0
1217,yogurtpretzels,3.0
1217,mushrooms,3.0
1217,grahamcrackers,3.0
1217,bakedpotato,3.0
1217,raspberries,3.0
1217,americancheese,3.0
1217,strawberries,4.0
1217,cookies,4.0
1217,kettlecorn,3.0
1217,cherrytomato,4.0
1217,banana,4.0
1217,pear,4.0
1217,triscuits,3.0
1217,orangeslices,4.0
1217,trailmix,3.0
1217,corncob,4.0
1217,ricecakes,3.0
1217,doughnuts,4.0
1217,lox,4.0
1217,potatochips,3.0
1217,swedishfish,4.0
1217,icecream,4.0
1217,edamame,4.0
1217,ritz,3.0
1217,oreos,3.0
1217,sweetpotato,3.0
1217,salami,4.0
1217,deliturkey,3.0
1217,olives,2.0
1217,sourpatch,3.0
1217,grapes,4.0
1217,sushi,4.0
1217,saltines,3.0
1217,cupcakes,4.0
1217,cherries,4.0
1217,cucumberslices,3.0
1217,cheesecubes,3.0
1217,sunchips,3.0
1217,avocado,5.0
1217,chocolatepretzels,3.0
1217,kiwi,4.0
1217,cantaloupe,2.0
1217,skittles,3.0
1217,mms,4.0
1217,cheezits,2.0
1217,poptarts,3.0
1217,cocktailshrimp,5.0
1217,peaches,2.0
1217,croissant,1.0
1217,pretzels,2.0
1217,bagelplain,2.0
1217,blueberries,2.0
1218,croissant,4.0
1218,kiwi,4.0
1218,broccoli,2.0
1218,sourpatch,4.0
1218,cheesecubes,4.0
1218,cantaloupe,4.0
1218,lox,2.0
1218,ricecakes,4.0
1218,sushi,1.0
1218,carrotsticks,2.0
1218,saltines,2.0
1218,grahamcrackers,2.0
1218,kettlecorn,4.0
1218,poptarts,4.0
1218,grapes,5.0
1218,sweetpotato,2.0
1218,swedishfish,4.0
1218,cupcakes,4.0
1218,potatochips,2.0
1218,cookies,4.0
1218,wheatbread,2.0
1218,skittles,2.0
1218,strawberries,5.0
1218,mango,4.0
1218,avocado,2.0
1218,chocolatepretzels,2.0
1218,banana,4.0
1218,cucumberslices,2.0
1218,minimuffins,2.0
1218,granolabar,4.0
1218,cheezits,4.0
1218,celerysticks,2.0
1218,cherrytomato,2.0
1218,eggs,2.0
1218,kitkat,4.0
1218,ritz,4.0
1218,orangeslices,4.0
1218,bagelplain,4.0
1218,falafelwithpita,3.0
1218,raspberries,4.0
1218,trailmix,4.0
1218,blueberries,4.0
1218,bakedpotato,4.0
1218,cocktailshrimp,2.0
1218,doughnuts,2.0
1218,cherries,5.0
1218,americancheese,4.0
1218,popsicles,2.0
1218,mushrooms,1.0
1218,yogurtpretzels,2.0
1218,deliturkey,4.0
1218,edamame,2.0
1218,mms,4.0
1218,appleslices,4.0
1218,salami,4.0
1218,pear,4.0
1218,corncob,5.0
1218,triscuits,3.0
1218,sunchips,4.0
1218,peaches,4.0
1218,pretzels,1.0
1218,oreos,4.0
1218,olives,1.0
1218,doritos,4.0
1218,icecream,4.0
1219,icecream,5.0
1219,mms,4.0
1219,falafelwithpita,1.0
1219,kitkat,2.0
1219,carrotsticks,4.0
1219,cucumberslices,4.0
1219,grahamcrackers,4.0
1219,chocolatepretzels,5.0
1219,cocktailshrimp,2.0
1219,grapes,5.0
1219,sushi,1.0
1219,blueberries,4.0
1219,avocado,3.0
1219,olives,4.0
1219,corncob,5.0
1219,sweetpotato,3.0
1219,doughnuts,5.0
1219,yogurtpretzels,2.0
1219,ritz,4.0
1219,doritos,4.0
1219,banana,2.0
1219,cupcakes,4.0
1219,kiwi,4.0
1219,mushrooms,3.0
1219,triscuits,4.0
1219,poptarts,4.0
1219,bagelplain,3.0
1219,edamame,4.0
1219,peaches,5.0
1219,sourpatch,5.0
1219,orangeslices,5.0
1219,trailmix,1.0
1219,kettlecorn,4.0
1219,croissant,5.0
1219,minimuffins,4.0
1219,deliturkey,4.0
1219,potatochips,4.0
1219,strawberries,5.0
1219,cantaloupe,4.0
1219,eggs,2.0
1219,lox,1.0
1219,salami,3.0
1219,saltines,4.0
1219,pear,2.0
1219,sunchips,3.0
1219,americancheese,4.0
1219,popsicles,4.0
1219,bakedpotato,5.0
1219,ricecakes,4.0
1219,cookies,4.0
1219,cheezits,4.0
1219,cherrytomato,4.0
1219,cheesecubes,5.0
1219,cherries,4.0
1219,wheatbread,4.0
1219,granolabar,3.0
1219,swedishfish,4.0
1219,celerysticks,4.0
1219,raspberries,5.0
1219,skittles,4.0
1219,mango,4.0
1219,oreos,4.0
1219,appleslices,4.0
1219,pretzels,4.0
1219,broccoli,4.0
1221,cherries,4.0
1221,mms,5.0
1221,triscuits,3.0
1221,sunchips,3.0
1221,cheezits,4.0
1221,blueberries,2.0
1221,banana,5.0
1221,cheesecubes,3.0
1221,kitkat,5.0
1221,wheatbread,4.0
1221,salami,2.0
1221,falafelwithpita,2.0
1221,kettlecorn,3.0
1221,bagelplain,2.0
1221,cherrytomato,4.0
1221,swedishfish,1.0
1221,cookies,4.0
1221,pear,5.0
1221,americancheese,2.0
1221,broccoli,2.0
1221,oreos,3.0
1221,sushi,2.0
1221,cantaloupe,1.0
1221,lox,1.0
1221,avocado,5.0
1221,mango,4.0
1221,trailmix,4.0
1221,ritz,5.0
1221,yogurtpretzels,3.0
1221,sourpatch,2.0
1221,deliturkey,4.0
1221,orangeslices,4.0
1221,croissant,2.0
1221,icecream,2.0
1221,corncob,5.0
1221,edamame,3.0
1221,bakedpotato,1.0
1221,peaches,4.0
1221,sweetpotato,3.0
1221,doritos,3.0
1221,popsicles,2.0
1221,cupcakes,5.0
1221,kiwi,2.0
1221,cocktailshrimp,2.0
1221,mushrooms,4.0
1221,grahamcrackers,5.0
1221,appleslices,5.0
1221,chocolatepretzels,4.0
1221,raspberries,3.0
1221,saltines,3.0
1221,doughnuts,3.0
1221,strawberries,3.0
1221,pretzels,1.0
1221,skittles,3.0
1221,minimuffins,4.0
1221,granolabar,5.0
1221,grapes,4.0
1221,potatochips,4.0
1221,carrotsticks,2.0
1221,ricecakes,2.0
1221,poptarts,1.0
1221,eggs,4.0
1221,cucumberslices,1.0
1221,celerysticks,3.0
1221,olives,2.0
1222,ricecakes,2.0
1222,peaches,2.0
1222,granolabar,5.0
1222,minimuffins,5.0
1222,cookies,5.0
1222,sweetpotato,2.0
1222,chocolatepretzels,4.0
1222,cheezits,5.0
1222,raspberries,5.0
1222,pear,4.0
1222,saltines,5.0
1222,swedishfish,5.0
1222,kettlecorn,4.0
1222,cupcakes,5.0
1222,olives,5.0
1222,edamame,2.0
1222,carrotsticks,4.0
1222,falafelwithpita,2.0
1222,sunchips,5.0
1222,corncob,5.0
1222,banana,4.0
1222,blueberries,2.0
1222,popsicles,5.0
1222,orangeslices,2.0
1222,doughnuts,5.0
1222,deliturkey,4.0
1222,poptarts,4.0
1222,bagelplain,5.0
1222,salami,5.0
1222,broccoli,5.0
1222,triscuits,5.0
1222,lox,1.0
1222,cucumberslices,2.0
1222,pretzels,4.0
1222,mushrooms,2.0
1222,eggs,1.0
1222,oreos,5.0
1222,kitkat,5.0
1222,trailmix,4.0
1222,yogurtpretzels,2.0
1222,strawberries,5.0
1222,appleslices,4.0
1222,icecream,4.0
1222,grapes,4.0
1222,celerysticks,1.0
1222,mango,2.0
1222,potatochips,5.0
1222,croissant,5.0
1222,doritos,5.0
1222,wheatbread,5.0
1222,cherrytomato,3.0
1222,sourpatch,4.0
1222,grahamcrackers,4.0
1222,bakedpotato,4.0
1222,cherries,2.0
1222,avocado,1.0
1222,ritz,4.0
1222,cocktailshrimp,1.0
1222,cheesecubes,5.0
1222,mms,5.0
1222,cantaloupe,2.0
1222,kiwi,3.0
1222,sushi,1.0
1222,americancheese,4.0
1222,skittles,5.0
1223,celerysticks,3.0
1223,appleslices,4.0
1223,cocktailshrimp,1.0
1223,sunchips,3.0
1223,wheatbread,4.0
1223,deliturkey,2.0
1223,kettlecorn,4.0
1223,kitkat,5.0
1223,doughnuts,4.0
1223,banana,4.0
1223,strawberries,3.0
1223,kiwi,2.0
1223,cherrytomato,2.0
1223,cantaloupe,2.0
1223,blueberries,2.0
1223,swedishfish,2.0
1223,peaches,2.0
1223,bagelplain,3.0
1223,ritz,4.0
1223,cheesecubes,2.0
1223,popsicles,3.0
1223,cherries,4.0
1223,mushrooms,4.0
1223,icecream,5.0
1223,raspberries,2.0
1223,sourpatch,2.0
1223,doritos,1.0
1223,carrotsticks,2.0
1223,lox,2.0
1223,cupcakes,5.0
1223,oreos,4.0
1223,potatochips,4.0
1223,olives,2.0
1223,grahamcrackers,4.0
1223,trailmix,2.0
1223,sweetpotato,2.0
1223,yogurtpretzels,3.0
1223,cheezits,2.0
1223,ricecakes,3.0
1223,mms,4.0
1223,granolabar,2.0
1223,sushi,2.0
1223,skittles,3.0
1223,broccoli,2.0
1223,poptarts,3.0
1223,eggs,2.0
1223,mango,3.0
1223,cookies,5.0
1223,cucumberslices,2.0
1223,bakedpotato,3.0
1223,edamame,1.0
1223,corncob,5.0
1223,croissant,3.0
1223,pear,2.0
1223,orangeslices,2.0
1223,minimuffins,3.0
1223,falafelwithpita,2.0
1223,americancheese,2.0
1223,grapes,1.0
1223,chocolatepretzels,3.0
1223,avocado,1.0
1223,saltines,3.0
1223,pretzels,1.0
1223,salami,2.0
1223,triscuits,3.0
1224,broccoli,5.0
1224,kitkat,5.0
1224,orangeslices,4.0
1224,cherries,4.0
1224,cocktailshrimp,4.0
1224,raspberries,3.0
1224,oreos,5.0
1224,pear,4.0
1224,blueberries,3.0
1224,chocolatepretzels,3.0
1224,saltines,4.0
1224,cheezits,5.0
1224,cantaloupe,2.0
1224,doritos,4.0
1224,kiwi,2.0
1224,cucumberslices,3.0
1224,edamame,4.0
1224,cheesecubes,5.0
1224,salami,5.0
1224,triscuits,3.0
1224,grahamcrackers,4.0
1224,deliturkey,4.0
1224,bakedpotato,4.0
1224,corncob,5.0
1224,cupcakes,5.0
1224,sushi,4.0
1224,falafelwithpita,4.0
1224,ricecakes,3.0
1224,doughnuts,5.0
1224,mms,4.0
1224,yogurtpretzels,4.0
1224,pretzels,3.0
1224,lox,4.0
1224,kettlecorn,3.0
1224,carrotsticks,3.0
1224,granolabar,4.0
1224,poptarts,5.0
1224,cherrytomato,2.0
1224,swedishfish,4.0
1224,mushrooms,4.0
1224,mango,2.0
1224,sourpatch,2.0
1224,americancheese,5.0
1224,appleslices,5.0
1224,icecream,5.0
1224,popsicles,3.0
1224,grapes,4.0
1224,olives,1.0
1224,peaches,4.0
1224,sweetpotato,3.0
1224,wheatbread,4.0
1224,croissant,5.0
1224,sunchips,4.0
1224,trailmix,4.0
1224,bagelplain,5.0
1224,minimuffins,5.0
1224,banana,4.0
1224,avocado,4.0
1224,skittles,3.0
1224,ritz,4.0
1224,cookies,5.0
1224,celerysticks,2.0
1224,strawberries,4.0
1224,eggs,5.0
1224,potatochips,4.0
1225,olives,2.0
1225,swedishfish,4.0
1225,poptarts,4.0
1225,edamame,2.0
1225,cocktailshrimp,2.0
1225,granolabar,5.0
1225,mango,4.0
1225,cantaloupe,5.0
1225,kiwi,4.0
1225,celerysticks,3.0
1225,salami,4.0
1225,pear,4.0
1225,saltines,4.0
1225,strawberries,3.0
1225,carrotsticks,4.0
1225,cupcakes,4.0
1225,triscuits,4.0
1225,sushi,1.0
1225,ricecakes,5.0
1225,skittles,4.0
1225,cookies,4.0
1225,broccoli,1.0
1225,cherrytomato,1.0
1225,deliturkey,4.0
1225,avocado,2.0
1225,eggs,5.0
1225,blueberries,2.0
1225,mms,5.0
1225,orangeslices,5.0
1225,croissant,4.0
1225,minimuffins,4.0
1225,sweetpotato,5.0
1225,grahamcrackers,4.0
1225,ritz,4.0
1225,pretzels,4.0
1225,cherries,3.0
1225,cheesecubes,4.0
1225,americancheese,4.0
1225,sourpatch,4.0
1225,kitkat,4.0
1225,sunchips,5.0
1225,bakedpotato,2.0
1225,corncob,5.0
1225,peaches,4.0
1225,lox,1.0
1225,falafelwithpita,1.0
1225,doughnuts,4.0
1225,bagelplain,4.0
1225,kettlecorn,2.0
1225,wheatbread,4.0
1225,mushrooms,2.0
1225,doritos,4.0
1225,trailmix,4.0
1225,potatochips,4.0
1225,raspberries,3.0
1225,appleslices,4.0
1225,yogurtpretzels,2.0
1225,chocolatepretzels,4.0
1225,icecream,3.0
1225,banana,5.0
1225,cucumberslices,2.0
1225,popsicles,4.0
1225,oreos,4.0
1225,cheezits,4.0
1225,grapes,4.0
1229,deliturkey,4.0
1229,yogurtpretzels,2.0
1229,bagelplain,4.0
1229,kitkat,4.0
1229,avocado,1.0
1229,appleslices,4.0
1229,grapes,3.0
1229,sunchips,3.0
1229,raspberries,3.0
1229,corncob,4.0
1229,wheatbread,4.0
1229,cherrytomato,3.0
1229,kiwi,1.0
1229,swedishfish,2.0
1229,mushrooms,3.0
1229,eggs,3.0
1229,potatochips,5.0
1229,bakedpotato,3.0
1229,ricecakes,4.0
1229,sushi,1.0
1229,minimuffins,3.0
1229,banana,4.0
1229,mango,2.0
1229,icecream,3.0
1229,peaches,4.0
1229,pretzels,2.0
1229,granolabar,3.0
1229,mms,4.0
1229,sourpatch,2.0
1229,sweetpotato,4.0
1229,doughnuts,4.0
1229,doritos,4.0
1229,saltines,4.0
1229,americancheese,4.0
1229,cookies,4.0
1229,cheezits,5.0
1229,oreos,4.0
1229,orangeslices,5.0
1229,edamame,2.0
1229,cheesecubes,4.0
1229,cucumberslices,1.0
1229,cocktailshrimp,1.0
1229,pear,4.0
1229,falafelwithpita,2.0
1229,cherries,3.0
1229,salami,2.0
1229,lox,1.0
1229,grahamcrackers,4.0
1229,kettlecorn,3.0
1229,cupcakes,4.0
1229,cantaloupe,2.0
1229,poptarts,2.0
1229,blueberries,2.0
1229,broccoli,3.0
1229,strawberries,3.0
1229,celerysticks,3.0
1229,triscuits,3.0
1229,croissant,4.0
1229,popsicles,3.0
1229,trailmix,4.0
1229,chocolatepretzels,2.0
1229,skittles,4.0
1229,olives,1.0
1229,carrotsticks,4.0
1229,ritz,4.0
1230,blueberries,4.0
1230,doritos,4.0
1230,wheatbread,4.0
1230,salami,4.0
1230,triscuits,4.0
1230,granolabar,4.0
1230,broccoli,4.0
1230,bakedpotato,5.0
1230,cookies,5.0
1230,cherries,5.0
1230,trailmix,4.0
1230,pear,4.0
1230,corncob,5.0
1230,minimuffins,5.0
1230,potatochips,4.0
1230,ricecakes,3.0
1230,appleslices,4.0
1230,banana,4.0
1230,falafelwithpita,4.0
1230,ritz,5.0
1230,deliturkey,1.0
1230,yogurtpretzels,4.0
1230,carrotsticks,4.0
1230,cheesecubes,5.0
1230,americancheese,5.0
1230,olives,4.0
1230,skittles,4.0
1230,sourpatch,4.0
1230,cheezits,4.0
1230,raspberries,4.0
1230,grapes,5.0
1230,celerysticks,4.0
1230,lox,4.0
1230,mushrooms,5.0
1230,eggs,4.0
1230,croissant,4.0
1230,cherrytomato,3.0
1230,cantaloupe,3.0
1230,avocado,4.0
1230,chocolatepretzels,4.0
1230,icecream,5.0
1230,swedishfish,4.0
1230,strawberries,5.0
1230,poptarts,4.0
1230,sweetpotato,3.0
1230,edamame,5.0
1230,grahamcrackers,4.0
1230,doughnuts,5.0
1230,oreos,4.0
1230,mms,5.0
1230,pretzels,4.0
1230,sunchips,5.0
1230,bagelplain,5.0
1230,mango,5.0
1230,cocktailshrimp,5.0
1230,orangeslices,4.0
1230,cucumberslices,5.0
1230,saltines,1.0
1230,kettlecorn,1.0
1230,kiwi,4.0
1230,kitkat,4.0
1230,cupcakes,5.0
1230,sushi,4.0
1230,popsicles,4.0
1230,peaches,5.0
1233,lox,4.0
1233,salami,5.0
1233,blueberries,4.0
1233,mushrooms,4.0
1233,ritz,4.0
1233,olives,4.0
1233,skittles,5.0
1233,swedishfish,4.0
1233,oreos,4.0
1233,mms,4.0
1233,doughnuts,4.0
1233,grahamcrackers,3.0
1233,trailmix,3.0
1233,cupcakes,4.0
1233,pear,5.0
1233,croissant,5.0
1233,falafelwithpita,3.0
1233,doritos,5.0
1233,cherries,4.0
1233,sweetpotato,4.0
1233,poptarts,3.0
1233,sushi,4.0
1233,triscuits,2.0
1233,granolabar,5.0
1233,yogurtpretzels,4.0
1233,orangeslices,4.0
1233,eggs,5.0
1233,cherrytomato,4.0
1233,peaches,4.0
1233,cantaloupe,4.0
1233,chocolatepretzels,4.0
1233,cheezits,4.0
1233,americancheese,5.0
1233,raspberries,4.0
1233,appleslices,5.0
1233,cocktailshrimp,4.0
1233,edamame,2.0
1233,carrotsticks,4.0
1233,cookies,4.0
1233,banana,4.0
1233,celerysticks,5.0
1233,pretzels,4.0
1233,popsicles,4.0
1233,potatochips,5.0
1233,avocado,4.0
1233,deliturkey,4.0
1233,ricecakes,3.0
1233,sourpatch,4.0
1233,cheesecubes,4.0
1233,saltines,3.0
1233,wheatbread,3.0
1233,mango,4.0
1233,kitkat,5.0
1233,grapes,5.0
1233,kettlecorn,5.0
1233,broccoli,2.0
1233,sunchips,5.0
1233,icecream,5.0
1233,cucumberslices,4.0
1233,corncob,4.0
1233,minimuffins,4.0
1233,bakedpotato,4.0
1233,kiwi,4.0
1233,bagelplain,4.0
1233,strawberries,4.0
1236,peaches,5.0
1236,pear,5.0
1236,banana,5.0
1236,cocktailshrimp,5.0
1236,swedishfish,5.0
1236,kiwi,5.0
1236,chocolatepretzels,5.0
1236,doughnuts,5.0
1236,trailmix,5.0
1236,cheezits,5.0
1236,ritz,5.0
1236,cheesecubes,5.0
1236,bagelplain,4.0
1236,eggs,5.0
1236,sushi,5.0
1236,mango,5.0
1236,blueberries,5.0
1236,raspberries,5.0
1236,grapes,5.0
1236,edamame,5.0
1236,celerysticks,5.0
1236,granolabar,5.0
1236,kettlecorn,5.0
1236,cherrytomato,5.0
1236,wheatbread,5.0
1236,triscuits,5.0
1236,mushrooms,5.0
1236,olives,5.0
1236,corncob,5.0
1236,doritos,5.0
1236,carrotsticks,5.0
1236,mms,4.0
1236,minimuffins,5.0
1236,kitkat,5.0
1236,lox,5.0
1236,skittles,5.0
1236,ricecakes,5.0
1236,cherries,5.0
1236,oreos,5.0
1236,potatochips,4.0
1236,poptarts,5.0
1236,pretzels,5.0
1236,saltines,5.0
1236,cupcakes,5.0
1236,americancheese,5.0
1236,grahamcrackers,5.0
1236,orangeslices,5.0
1236,bakedpotato,5.0
1236,sourpatch,5.0
1236,avocado,5.0
1236,deliturkey,5.0
1236,cantaloupe,5.0
1236,popsicles,5.0
1236,sweetpotato,5.0
1236,appleslices,5.0
1236,croissant,5.0
1236,icecream,5.0
1236,broccoli,4.0
1236,yogurtpretzels,4.0
1236,falafelwithpita,4.0
1236,strawberries,4.0
1236,cookies,4.0
1236,sunchips,4.0
1236,salami,4.0
1236,cucumberslices,4.0
1237,blueberries,4.0
1237,pretzels,3.0
1237,salami,3.0
1237,croissant,3.0
1237,trailmix,2.0
1237,corncob,4.0
1237,celerysticks,2.0
1237,cookies,5.0
1237,minimuffins,4.0
1237,carrotsticks,4.0
1237,deliturkey,1.0
1237,raspberries,5.0
1237,saltines,4.0
1237,bakedpotato,5.0
1237,bagelplain,2.0
1237,sushi,1.0
1237,poptarts,2.0
1237,edamame,2.0
1237,orangeslices,3.0
1237,sweetpotato,2.0
1237,mms,2.0
1237,swedishfish,2.0
1237,sunchips,3.0
1237,triscuits,3.0
1237,doritos,5.0
1237,americancheese,2.0
1237,grahamcrackers,2.0
1237,broccoli,2.0
1237,doughnuts,5.0
1237,potatochips,5.0
1237,popsicles,3.0
1237,chocolatepretzels,4.0
1237,cupcakes,5.0
1237,strawberries,5.0
1237,lox,1.0
1237,sourpatch,3.0
1237,cucumberslices,2.0
1237,granolabar,3.0
1237,cheezits,5.0
1237,skittles,2.0
1237,eggs,4.0
1237,ritz,2.0
1237,olives,5.0
1237,banana,4.0
1237,cherrytomato,3.0
1237,kitkat,5.0
1237,wheatbread,2.0
1237,cantaloupe,4.0
1237,pear,4.0
1237,yogurtpretzels,4.0
1237,avocado,5.0
1237,oreos,3.0
1237,ricecakes,3.0
1237,peaches,5.0
1237,kettlecorn,3.0
1237,mushrooms,2.0
1237,mango,5.0
1237,falafelwithpita,4.0
1237,cherries,5.0
1237,icecream,5.0
1237,appleslices,4.0
1237,cocktailshrimp,1.0
1237,cheesecubes,5.0
1237,kiwi,3.0
1237,grapes,4.0
1238,doritos,3.0
1238,sweetpotato,4.0
1238,celerysticks,1.0
1238,doughnuts,4.0
1238,oreos,4.0
1238,mango,3.0
1238,strawberries,3.0
1238,pear,3.0
1238,poptarts,1.0
1238,granolabar,2.0
1238,popsicles,3.0
1238,skittles,2.0
1238,cheesecubes,4.0
1238,deliturkey,2.0
1238,lox,3.0
1238,cherries,2.0
1238,peaches,4.0
1238,yogurtpretzels,2.0
1238,saltines,1.0
1238,croissant,2.0
1238,cupcakes,3.0
1238,avocado,2.0
1238,grahamcrackers,3.0
1238,edamame,3.0
1238,kiwi,1.0
1238,banana,3.0
1238,triscuits,2.0
1238,cucumberslices,2.0
1238,cantaloupe,1.0
1238,mms,2.0
1238,orangeslices,2.0
1238,sunchips,4.0
1238,eggs,5.0
1238,salami,4.0
1238,bakedpotato,3.0
1238,blueberries,2.0
1238,appleslices,2.0
1238,raspberries,2.0
1238,sourpatch,3.0
1238,pretzels,3.0
1238,icecream,2.0
1238,carrotsticks,3.0
1238,cherrytomato,2.0
1238,olives,3.0
1238,falafelwithpita,2.0
1238,corncob,2.0
1238,bagelplain,3.0
1238,cheezits,2.0
1238,wheatbread,3.0
1238,grapes,2.0
1238,chocolatepretzels,2.0
1238,sushi,5.0
1238,americancheese,3.0
1238,ricecakes,4.0
1238,kettlecorn,2.0
1238,trailmix,3.0
1238,minimuffins,3.0
1238,ritz,2.0
1238,potatochips,3.0
1238,broccoli,3.0
1238,mushrooms,1.0
1238,cocktailshrimp,3.0
1238,swedishfish,2.0
1238,cookies,2.0
1238,kitkat,1.0
1239,minimuffins,4.0
1239,ritz,4.0
1239,chocolatepretzels,2.0
1239,oreos,5.0
1239,cheesecubes,4.0
1239,lox,2.0
1239,sweetpotato,3.0
1239,eggs,2.0
1239,cantaloupe,5.0
1239,deliturkey,4.0
1239,avocado,2.0
1239,falafelwithpita,4.0
1239,yogurtpretzels,1.0
1239,sourpatch,2.0
1239,edamame,4.0
1239,kiwi,2.0
1239,triscuits,4.0
1239,americancheese,5.0
1239,peaches,4.0
1239,cookies,5.0
1239,poptarts,2.0
1239,grapes,5.0
1239,mango,3.0
1239,bakedpotato,3.0
1239,grahamcrackers,4.0
1239,trailmix,4.0
1239,potatochips,1.0
1239,mushrooms,2.0
1239,bagelplain,5.0
1239,saltines,4.0
1239,doughnuts,5.0
1239,skittles,5.0
1239,celerysticks,3.0
1239,orangeslices,5.0
1239,sunchips,4.0
1239,wheatbread,3.0
1239,kettlecorn,5.0
1239,cocktailshrimp,5.0
1239,strawberries,4.0
1239,cucumberslices,4.0
1239,banana,5.0
1239,granolabar,1.0
1239,raspberries,2.0
1239,sushi,2.0
1239,mms,5.0
1239,olives,2.0
1239,pretzels,2.0
1239,pear,4.0
1239,swedishfish,2.0
1239,blueberries,2.0
1239,corncob,4.0
1239,popsicles,4.0
1239,salami,5.0
1239,carrotsticks,5.0
1239,cupcakes,5.0
1239,doritos,5.0
1239,kitkat,5.0
1239,icecream,4.0
1239,cherrytomato,2.0
1239,ricecakes,4.0
1239,appleslices,5.0
1239,broccoli,4.0
1239,cherries,2.0
1239,croissant,4.0
1239,cheezits,2.0
1240,sweetpotato,4.0
1240,croissant,4.0
1240,cupcakes,5.0
1240,cocktailshrimp,1.0
1240,banana,4.0
1240,cantaloupe,4.0
1240,trailmix,4.0
1240,olives,3.0
1240,cheesecubes,4.0
1240,edamame,3.0
1240,wheatbread,3.0
1240,granolabar,5.0
1240,sushi,2.0
1240,broccoli,3.0
1240,triscuits,3.0
1240,deliturkey,1.0
1240,swedishfish,4.0
1240,appleslices,4.0
1240,cheezits,4.0
1240,potatochips,4.0
1240,eggs,2.0
1240,americancheese,3.0
1240,cherrytomato,4.0
1240,cherries,4.0
1240,yogurtpretzels,5.0
1240,avocado,5.0
1240,doritos,5.0
1240,bagelplain,3.0
1240,icecream,5.0
1240,bakedpotato,3.0
1240,strawberries,5.0
1240,doughnuts,5.0
1240,grahamcrackers,3.0
1240,corncob,3.0
1240,carrotsticks,4.0
1240,cucumberslices,4.0
1240,sourpatch,5.0
1240,pear,4.0
1240,ricecakes,3.0
1240,kettlecorn,3.0
1240,pretzels,4.0
1240,grapes,4.0
1240,ritz,4.0
1240,mushrooms,4.0
1240,kiwi,4.0
1240,poptarts,4.0
1240,popsicles,4.0
1240,skittles,4.0
1240,peaches,4.0
1240,celerysticks,3.0
1240,mms,4.0
1240,chocolatepretzels,5.0
1240,raspberries,4.0
1240,falafelwithpita,5.0
1240,orangeslices,4.0
1240,kitkat,5.0
1240,sunchips,4.0
1240,blueberries,4.0
1240,cookies,4.0
1240,mango,3.0
1240,oreos,4.0
1240,lox,1.0
1240,saltines,4.0
1240,minimuffins,4.0
1240,salami,1.0
1241,lox,3.0
1241,olives,1.0
1241,strawberries,4.0
1241,cheezits,4.0
1241,cherries,5.0
1241,corncob,2.0
1241,blueberries,4.0
1241,wheatbread,3.0
1241,banana,5.0
1241,grapes,4.0
1241,sweetpotato,1.0
1241,cheesecubes,4.0
1241,skittles,5.0
1241,falafelwithpita,3.0
1241,avocado,4.0
1241,pretzels,3.0
1241,cucumberslices,4.0
1241,ritz,2.0
1241,ricecakes,2.0
1241,trailmix,4.0
1241,kiwi,5.0
1241,croissant,3.0
1241,kitkat,4.0
1241,cantaloupe,4.0
1241,doritos,4.0
1241,mushrooms,4.0
1241,kettlecorn,3.0
1241,yogurtpretzels,4.0
1241,icecream,3.0
1241,cherrytomato,4.0
1241,grahamcrackers,3.0
1241,mms,5.0
1241,peaches,4.0
1241,minimuffins,4.0
1241,chocolatepretzels,4.0
1241,broccoli,4.0
1241,cocktailshrimp,4.0
1241,salami,4.0
1241,swedishfish,3.0
1241,bakedpotato,4.0
1241,sunchips,4.0
1241,sushi,4.0
1241,edamame,2.0
1241,sourpatch,4.0
1241,oreos,3.0
1241,celerysticks,3.0
1241,cupcakes,4.0
1241,triscuits,5.0
1241,orangeslices,4.0
1241,pear,4.0
1241,carrotsticks,4.0
1241,deliturkey,3.0
1241,eggs,3.0
1241,granolabar,3.0
1241,mango,3.0
1241,cookies,5.0
1241,raspberries,4.0
1241,bagelplain,4.0
1241,doughnuts,5.0
1241,appleslices,4.0
1241,saltines,3.0
1241,potatochips,5.0
1241,poptarts,4.0
1241,popsicles,3.0
1241,americancheese,3.0
1242,popsicles,5.0
1242,yogurtpretzels,5.0
1242,sunchips,5.0
1242,minimuffins,5.0
1242,cherrytomato,4.0
1242,celerysticks,1.0
1242,wheatbread,5.0
1242,broccoli,5.0
1242,kettlecorn,5.0
1242,doughnuts,5.0
1242,potatochips,5.0
1242,sourpatch,5.0
1242,mms,5.0
1242,mango,4.0
1242,raspberries,2.0
1242,skittles,4.0
1242,sweetpotato,5.0
1242,grapes,5.0
1242,triscuits,5.0
1242,ritz,5.0
1242,edamame,1.0
1242,swedishfish,5.0
1242,icecream,5.0
1242,doritos,5.0
1242,cocktailshrimp,5.0
1242,oreos,5.0
1242,salami,4.0
1242,eggs,5.0
1242,bakedpotato,5.0
1242,mushrooms,2.0
1242,saltines,5.0
1242,carrotsticks,4.0
1242,banana,5.0
1242,peaches,5.0
1242,trailmix,5.0
1242,corncob,5.0
1242,poptarts,5.0
1242,americancheese,5.0
1242,appleslices,5.0
1242,cookies,5.0
1242,strawberries,2.0
1242,orangeslices,5.0
1242,ricecakes,4.0
1242,cantaloupe,5.0
1242,grahamcrackers,5.0
1242,cupcakes,5.0
1242,lox,2.0
1242,chocolatepretzels,5.0
1242,pretzels,5.0
1242,cherries,4.0
1242,granolabar,5.0
1242,blueberries,2.0
1242,pear,5.0
1242,olives,4.0
1242,cucumberslices,4.0
1242,bagelplain,5.0
1242,deliturkey,5.0
1242,kiwi,4.0
1242,avocado,2.0
1242,kitkat,5.0
1242,falafelwithpita,3.0
1242,cheesecubes,5.0
1242,croissant,5.0
1242,sushi,2.0
1242,cheezits,5.0
1243,sushi,2.0
1243,carrotsticks,4.0
1243,strawberries,4.0
1243,kettlecorn,5.0
1243,poptarts,4.0
1243,mms,5.0
1243,sweetpotato,4.0
1243,avocado,5.0
1243,raspberries,5.0
1243,banana,5.0
1243,mushrooms,4.0
1243,celerysticks,2.0
1243,ricecakes,2.0
1243,peaches,5.0
1243,cucumberslices,4.0
1243,grahamcrackers,4.0
1243,cantaloupe,4.0
1243,granolabar,4.0
1243,kiwi,4.0
1243,cherrytomato,4.0
1243,americancheese,4.0
1243,sunchips,4.0
1243,cheezits,5.0
1243,doughnuts,5.0
1243,minimuffins,4.0
1243,chocolatepretzels,5.0
1243,appleslices,4.0
1243,pear,4.0
1243,cupcakes,4.0
1243,eggs,4.0
1243,deliturkey,3.0
1243,icecream,5.0
1243,corncob,4.0
1243,cookies,5.0
1243,pretzels,4.0
1243,oreos,4.0
1243,salami,2.0
1243,blueberries,4.0
1243,swedishfish,4.0
1243,grapes,4.0
1243,lox,1.0
1243,trailmix,4.0
1243,cocktailshrimp,5.0
1243,ritz,4.0
1243,broccoli,4.0
1243,skittles,4.0
1243,wheatbread,4.0
1243,olives,5.0
1243,kitkat,5.0
1243,doritos,4.0
1243,triscuits,4.0
1243,orangeslices,4.0
1243,croissant,4.0
1243,cherries,5.0
1243,falafelwithpita,4.0
1243,popsicles,4.0
1243,cheesecubes,5.0
1243,yogurtpretzels,4.0
1243,edamame,2.0
1243,bagelplain,5.0
1243,potatochips,5.0
1243,saltines,4.0
1243,bakedpotato,4.0
1243,sourpatch,4.0
1243,mango,5.0
1244,kiwi,3.0
1244,strawberries,5.0
1244,pretzels,5.0
1244,celerysticks,2.0
1244,grapes,5.0
1244,sunchips,4.0
1244,icecream,4.0
1244,skittles,5.0
1244,trailmix,4.0
1244,avocado,3.0
1244,yogurtpretzels,5.0
1244,mushrooms,3.0
1244,edamame,2.0
1244,corncob,4.0
1244,appleslices,5.0
1244,lox,4.0
1244,doritos,5.0
1244,saltines,4.0
1244,granolabar,4.0
1244,mango,4.0
1244,minimuffins,4.0
1244,banana,5.0
1244,salami,3.0
1244,ritz,4.0
1244,doughnuts,5.0
1244,orangeslices,4.0
1244,eggs,3.0
1244,cantaloupe,4.0
1244,potatochips,4.0
1244,cherries,3.0
1244,cucumberslices,2.0
1244,oreos,3.0
1244,wheatbread,5.0
1244,cheesecubes,5.0
1244,blueberries,4.0
1244,sushi,2.0
1244,grahamcrackers,4.0
1244,deliturkey,3.0
1244,cheezits,5.0
1244,croissant,5.0
1244,bakedpotato,5.0
1244,kitkat,5.0
1244,kettlecorn,4.0
1244,falafelwithpita,3.0
1244,cherrytomato,3.0
1244,broccoli,2.0
1244,triscuits,4.0
1244,popsicles,5.0
1244,cocktailshrimp,2.0
1244,chocolatepretzels,5.0
1244,ricecakes,3.0
1244,cupcakes,4.0
1244,raspberries,4.0
1244,cookies,5.0
1244,sourpatch,5.0
1244,olives,1.0
1244,swedishfish,5.0
1244,bagelplain,4.0
1244,pear,5.0
1244,mms,5.0
1244,carrotsticks,2.0
1244,peaches,5.0
1244,americancheese,5.0
1244,sweetpotato,3.0
1244,poptarts,5.0
1246,cherrytomato,4.0
1246,pear,4.0
1246,carrotsticks,3.0
1246,celerysticks,4.0
1246,sushi,4.0
1246,cheezits,4.0
1246,kettlecorn,3.0
1246,eggs,5.0
1246,swedishfish,3.0
1246,doughnuts,4.0
1246,orangeslices,3.0
1246,banana,4.0
1246,croissant,4.0
1246,americancheese,3.0
1246,cantaloupe,3.0
1246,strawberries,5.0
1246,lox,3.0
1246,minimuffins,5.0
1246,saltines,4.0
1246,ritz,4.0
1246,falafelwithpita,5.0
1246,cocktailshrimp,4.0
1246,triscuits,4.0
1246,kitkat,3.0
1246,poptarts,4.0
1246,oreos,4.0
1246,appleslices,5.0
1246,pretzels,4.0
1246,mushrooms,5.0
1246,cherries,5.0
1246,wheatbread,3.0
1246,peaches,5.0
1246,cookies,4.0
1246,bakedpotato,4.0
1246,skittles,4.0
1246,potatochips,4.0
1246,sweetpotato,4.0
1246,edamame,4.0
1246,raspberries,3.0
1246,avocado,4.0
1246,olives,4.0
1246,ricecakes,4.0
1246,trailmix,4.0
1246,bagelplain,3.0
1246,kiwi,4.0
1246,blueberries,5.0
1246,corncob,4.0
1246,grahamcrackers,4.0
1246,yogurtpretzels,3.0
1246,deliturkey,4.0
1246,broccoli,4.0
1246,icecream,5.0
1246,mms,5.0
1246,popsicles,4.0
1246,grapes,4.0
1246,doritos,4.0
1246,salami,4.0
1246,granolabar,3.0
1246,mango,4.0
1246,sourpatch,5.0
1246,cupcakes,4.0
1246,chocolatepretzels,5.0
1246,cheesecubes,4.0
1246,sunchips,3.0
1246,cucumberslices,4.0
1247,doughnuts,4.0
1247,cherries,5.0
1247,skittles,3.0
1247,potatochips,3.0
1247,cookies,3.0
1247,cucumberslices,5.0
1247,doritos,3.0
1247,broccoli,1.0
1247,appleslices,5.0
1247,avocado,1.0
1247,mms,3.0
1247,carrotsticks,5.0
1247,kettlecorn,4.0
1247,grapes,5.0
1247,sunchips,3.0
1247,sweetpotato,5.0
1247,pear,5.0
1247,kiwi,1.0
1247,cocktailshrimp,5.0
1247,grahamcrackers,4.0
1247,oreos,4.0
1247,falafelwithpita,1.0
1247,granolabar,3.0
1247,sourpatch,1.0
1247,blueberries,5.0
1247,minimuffins,4.0
1247,mushrooms,2.0
1247,ricecakes,1.0
1247,ritz,4.0
1247,mango,5.0
1247,salami,3.0
1247,cantaloupe,5.0
1247,triscuits,4.0
1247,raspberries,3.0
1247,saltines,3.0
1247,poptarts,2.0
1247,cheezits,3.0
1247,chocolatepretzels,3.0
1247,swedishfish,3.0
1247,peaches,5.0
1247,olives,5.0
1247,bakedpotato,5.0
1247,bagelplain,5.0
1247,lox,5.0
1247,croissant,4.0
1247,eggs,4.0
1247,cupcakes,2.0
1247,americancheese,3.0
1247,corncob,5.0
1247,kitkat,2.0
1247,deliturkey,5.0
1247,orangeslices,5.0
1247,cherrytomato,5.0
1247,edamame,3.0
1247,wheatbread,4.0
1247,sushi,1.0
1247,strawberries,3.0
1247,pretzels,5.0
1247,celerysticks,5.0
1247,yogurtpretzels,2.0
1247,banana,5.0
1247,cheesecubes,5.0
1247,trailmix,2.0
1247,popsicles,3.0
1247,icecream,2.0
1248,eggs,4.0
1248,bakedpotato,3.0
1248,granolabar,2.0
1248,edamame,4.0
1248,corncob,5.0
1248,icecream,4.0
1248,mushrooms,5.0
1248,cherrytomato,3.0
1248,lox,3.0
1248,cherries,3.0
1248,grahamcrackers,3.0
1248,chocolatepretzels,3.0
1248,sweetpotato,3.0
1248,saltines,3.0
1248,cheesecubes,4.0
1248,bagelplain,3.0
1248,falafelwithpita,2.0
1248,cantaloupe,5.0
1248,cupcakes,5.0
1248,cheezits,4.0
1248,minimuffins,3.0
1248,raspberries,2.0
1248,celerysticks,3.0
1248,skittles,5.0
1248,appleslices,4.0
1248,salami,3.0
1248,kiwi,2.0
1248,potatochips,4.0
1248,orangeslices,4.0
1248,yogurtpretzels,5.0
1248,kitkat,5.0
1248,pear,3.0
1248,peaches,3.0
1248,triscuits,3.0
1248,doritos,1.0
1248,trailmix,3.0
1248,avocado,2.0
1248,poptarts,4.0
1248,ritz,4.0
1248,grapes,5.0
1248,mango,4.0
1248,pretzels,3.0
1248,cocktailshrimp,3.0
1248,mms,5.0
1248,olives,1.0
1248,ricecakes,2.0
1248,doughnuts,5.0
1248,sushi,4.0
1248,kettlecorn,4.0
1248,croissant,4.0
1248,cucumberslices,4.0
1248,carrotsticks,4.0
1248,oreos,5.0
1248,sourpatch,2.0
1248,sunchips,2.0
1248,swedishfish,3.0
1248,strawberries,4.0
1248,banana,5.0
1248,popsicles,4.0
1248,cookies,5.0
1248,wheatbread,5.0
1248,americancheese,4.0
1248,blueberries,2.0
1248,deliturkey,5.0
1248,broccoli,5.0
1249,peaches,4.0
1249,chocolatepretzels,4.0
1249,grahamcrackers,4.0
1249,pear,3.0
1249,edamame,3.0
1249,yogurtpretzels,4.0
1249,wheatbread,2.0
1249,cherries,3.0
1249,bagelplain,4.0
1249,strawberries,4.0
1249,trailmix,4.0
1249,ricecakes,2.0
1249,skittles,2.0
1249,cookies,4.0
1249,celerysticks,2.0
1249,salami,4.0
1249,orangeslices,4.0
1249,cocktailshrimp,4.0
1249,mms,2.0
1249,oreos,2.0
1249,avocado,4.0
1249,saltines,4.0
1249,ritz,4.0
1249,eggs,4.0
1249,doughnuts,2.0
1249,raspberries,4.0
1249,cheesecubes,4.0
1249,deliturkey,3.0
1249,sunchips,4.0
1249,falafelwithpita,3.0
1249,mango,4.0
1249,minimuffins,4.0
1249,carrotsticks,3.0
1249,swedishfish,2.0
1249,bakedpotato,4.0
1249,sweetpotato,4.0
1249,corncob,4.0
1249,cheezits,4.0
1249,popsicles,2.0
1249,broccoli,4.0
1249,olives,2.0
1249,pretzels,4.0
1249,blueberries,4.0
1249,potatochips,5.0
1249,sushi,4.0
1249,grapes,4.0
1249,croissant,4.0
1249,appleslices,4.0
1249,lox,2.0
1249,americancheese,1.0
1249,kitkat,4.0
1249,banana,4.0
1249,kettlecorn,2.0
1249,doritos,4.0
1249,triscuits,4.0
1249,sourpatch,2.0
1249,granolabar,2.0
1249,mushrooms,2.0
1249,cherrytomato,2.0
1249,kiwi,5.0
1249,poptarts,1.0
1249,cucumberslices,2.0
1249,icecream,2.0
1249,cantaloupe,4.0
1249,cupcakes,4.0
1250,chocolatepretzels,3.0
1250,cheesecubes,4.0
1250,mushrooms,3.0
1250,cocktailshrimp,4.0
1250,salami,4.0
1250,minimuffins,4.0
1250,corncob,4.0
1250,blueberries,4.0
1250,doughnuts,3.0
1250,poptarts,2.0
1250,triscuits,3.0
1250,kitkat,4.0
1250,olives,4.0
1250,mango,3.0
1250,peaches,3.0
1250,cheezits,3.0
1250,deliturkey,4.0
1250,grapes,4.0
1250,pear,4.0
1250,icecream,3.0
1250,ritz,3.0
1250,edamame,4.0
1250,wheatbread,2.0
1250,ricecakes,2.0
1250,sourpatch,2.0
1250,cucumberslices,3.0
1250,potatochips,4.0
1250,lox,4.0
1250,popsicles,3.0
1250,pretzels,3.0
1250,doritos,3.0
1250,americancheese,3.0
1250,carrotsticks,3.0
1250,cherries,4.0
1250,granolabar,2.0
1250,sunchips,3.0
1250,orangeslices,4.0
1250,oreos,3.0
1250,cantaloupe,3.0
1250,falafelwithpita,3.0
1250,swedishfish,1.0
1250,grahamcrackers,3.0
1250,saltines,3.0
1250,cherrytomato,3.0
1250,eggs,3.0
1250,bakedpotato,4.0
1250,avocado,4.0
1250,banana,1.0
1250,celerysticks,2.0
1250,yogurtpretzels,3.0
1250,cookies,4.0
1250,cupcakes,4.0
1250,skittles,4.0
1250,kiwi,3.0
1250,croissant,4.0
1250,sweetpotato,2.0
1250,broccoli,2.0
1250,sushi,5.0
1250,appleslices,4.0
1250,trailmix,2.0
1250,mms,3.0
1250,strawberries,4.0
1250,raspberries,3.0
1250,kettlecorn,3.0
1250,bagelplain,3.0
1251,edamame,5.0
1251,pear,5.0
1251,minimuffins,4.0
1251,triscuits,4.0
1251,cupcakes,4.0
1251,poptarts,4.0
1251,icecream,4.0
1251,sunchips,3.0
1251,swedishfish,5.0
1251,grahamcrackers,4.0
1251,sushi,3.0
1251,bagelplain,3.0
1251,granolabar,4.0
1251,corncob,3.0
1251,croissant,4.0
1251,mms,3.0
1251,mango,4.0
1251,cookies,4.0
1251,raspberries,4.0
1251,falafelwithpita,3.0
1251,blueberries,4.0
1251,oreos,4.0
1251,cocktailshrimp,4.0
1251,doughnuts,4.0
1251,kiwi,4.0
1251,grapes,4.0
1251,popsicles,5.0
1251,bakedpotato,4.0
1251,pretzels,4.0
1251,kitkat,4.0
1251,mushrooms,4.0
1251,salami,4.0
1251,sourpatch,4.0
1251,skittles,4.0
1251,wheatbread,4.0
1251,eggs,4.0
1251,carrotsticks,4.0
1251,deliturkey,3.0
1251,peaches,4.0
1251,saltines,4.0
1251,kettlecorn,4.0
1251,americancheese,4.0
1251,cherrytomato,4.0
1251,cheesecubes,4.0
1251,avocado,4.0
1251,cucumberslices,4.0
1251,sweetpotato,3.0
1251,cherries,4.0
1251,olives,3.0
1251,lox,3.0
1251,cantaloupe,4.0
1251,appleslices,4.0
1251,potatochips,5.0
1251,strawberries,4.0
1251,chocolatepretzels,4.0
1251,yogurtpretzels,3.0
1251,cheezits,4.0
1251,broccoli,4.0
1251,banana,4.0
1251,doritos,3.0
1251,ricecakes,4.0
1251,celerysticks,4.0
1251,orangeslices,3.0
1251,ritz,4.0
1251,trailmix,1.0
1252,strawberries,4.0
1252,sweetpotato,4.0
1252,salami,5.0
1252,potatochips,4.0
1252,cherrytomato,4.0
1252,kettlecorn,4.0
1252,bakedpotato,3.0
1252,edamame,2.0
1252,peaches,2.0
1252,grapes,4.0
1252,yogurtpretzels,5.0
1252,minimuffins,3.0
1252,oreos,3.0
1252,skittles,4.0
1252,sourpatch,3.0
1252,cheezits,2.0
1252,lox,5.0
1252,pretzels,3.0
1252,mango,1.0
1252,cheesecubes,3.0
1252,wheatbread,4.0
1252,cookies,4.0
1252,cupcakes,3.0
1252,orangeslices,4.0
1252,cucumberslices,5.0
1252,saltines,3.0
1252,ritz,4.0
1252,popsicles,2.0
1252,granolabar,2.0
1252,cherries,4.0
1252,falafelwithpita,3.0
1252,corncob,5.0
1252,olives,5.0
1252,avocado,5.0
1252,appleslices,4.0
1252,trailmix,3.0
1252,poptarts,4.0
1252,grahamcrackers,3.0
1252,eggs,4.0
1252,deliturkey,3.0
1252,swedishfish,2.0
1252,kiwi,4.0
1252,americancheese,3.0
1252,sushi,5.0
1252,raspberries,5.0
1252,chocolatepretzels,4.0
1252,celerysticks,3.0
1252,croissant,4.0
1252,ricecakes,1.0
1252,icecream,3.0
1252,banana,4.0
1252,bagelplain,4.0
1252,mms,4.0
1252,doughnuts,4.0
1252,kitkat,4.0
1252,triscuits,3.0
1252,broccoli,4.0
1252,cantaloupe,5.0
1252,carrotsticks,3.0
1252,cocktailshrimp,5.0
1252,sunchips,2.0
1252,pear,3.0
1252,mushrooms,5.0
1252,doritos,3.0
1252,blueberries,4.0
1253,sweetpotato,2.0
1253,corncob,4.0
1253,peaches,3.0
1253,pretzels,5.0
1253,deliturkey,5.0
1253,strawberries,1.0
1253,granolabar,4.0
1253,trailmix,4.0
1253,grahamcrackers,5.0
1253,celerysticks,3.0
1253,ritz,4.0
1253,carrotsticks,2.0
1253,ricecakes,2.0
1253,cocktailshrimp,4.0
1253,sourpatch,5.0
1253,orangeslices,4.0
1253,skittles,4.0
1253,kitkat,4.0
1253,kiwi,2.0
1253,yogurtpretzels,3.0
1253,banana,3.0
1253,popsicles,4.0
1253,cookies,4.0
1253,lox,3.0
1253,doritos,4.0
1253,avocado,4.0
1253,mms,4.0
1253,salami,5.0
1253,broccoli,3.0
1253,appleslices,4.0
1253,bagelplain,4.0
1253,cucumberslices,3.0
1253,kettlecorn,4.0
1253,triscuits,5.0
1253,potatochips,5.0
1253,oreos,4.0
1253,mango,3.0
1253,cheezits,4.0
1253,eggs,5.0
1253,minimuffins,3.0
1253,olives,2.0
1253,cupcakes,4.0
1253,doughnuts,5.0
1253,sunchips,4.0
1253,blueberries,3.0
1253,pear,4.0
1253,grapes,4.0
1253,croissant,5.0
1253,chocolatepretzels,4.0
1253,edamame,3.0
1253,icecream,1.0
1253,cherries,4.0
1253,raspberries,1.0
1253,americancheese,5.0
1253,sushi,4.0
1253,poptarts,4.0
1253,mushrooms,3.0
1253,cantaloupe,3.0
1253,falafelwithpita,3.0
1253,cherrytomato,2.0
1253,cheesecubes,5.0
1253,wheatbread,4.0
1253,saltines,4.0
1253,swedishfish,4.0
1253,bakedpotato,4.0
1254,poptarts,3.0
1254,lox,4.0
1254,icecream,2.0
1254,carrotsticks,4.0
1254,deliturkey,3.0
1254,olives,4.0
1254,doughnuts,2.0
1254,salami,4.0
1254,cherrytomato,5.0
1254,kitkat,2.0
1254,cupcakes,1.0
1254,wheatbread,3.0
1254,bakedpotato,2.0
1254,sunchips,4.0
1254,saltines,2.0
1254,kettlecorn,2.0
1254,pretzels,3.0
1254,mushrooms,3.0
1254,corncob,4.0
1254,raspberries,2.0
1254,yogurtpretzels,2.0
1254,celerysticks,5.0
1254,avocado,4.0
1254,strawberries,5.0
1254,sourpatch,2.0
1254,granolabar,1.0
1254,ritz,2.0
1254,peaches,5.0
1254,orangeslices,4.0
1254,cucumberslices,5.0
1254,edamame,4.0
1254,popsicles,1.0
1254,cantaloupe,4.0
1254,ricecakes,2.0
1254,americancheese,2.0
1254,sweetpotato,4.0
1254,doritos,2.0
1254,cheesecubes,5.0
1254,mango,4.0
1254,falafelwithpita,4.0
1254,cocktailshrimp,4.0
1254,mms,2.0
1254,swedishfish,1.0
1254,kiwi,4.0
1254,grahamcrackers,1.0
1254,minimuffins,4.0
1254,potatochips,2.0
1254,cheezits,1.0
1254,eggs,5.0
1254,cookies,2.0
1254,grapes,4.0
1254,croissant,4.0
1254,cherries,5.0
1254,chocolatepretzels,2.0
1254,banana,4.0
1254,triscuits,1.0
1254,sushi,2.0
1254,broccoli,4.0
1254,skittles,1.0
1254,appleslices,4.0
1254,pear,5.0
1254,bagelplain,1.0
1254,trailmix,5.0
1254,blueberries,3.0
1254,oreos,2.0
1255,icecream,4.0
1255,skittles,4.0
1255,granolabar,4.0
1255,mushrooms,4.0
1255,potatochips,4.0
1255,cheesecubes,4.0
1255,ritz,4.0
1255,orangeslices,2.0
1255,oreos,3.0
1255,sunchips,4.0
1255,banana,5.0
1255,doughnuts,5.0
1255,pear,4.0
1255,doritos,4.0
1255,blueberries,3.0
1255,poptarts,3.0
1255,deliturkey,5.0
1255,salami,5.0
1255,peaches,4.0
1255,swedishfish,4.0
1255,yogurtpretzels,4.0
1255,minimuffins,4.0
1255,eggs,4.0
1255,cookies,4.0
1255,mms,4.0
1255,cantaloupe,4.0
1255,avocado,5.0
1255,cupcakes,5.0
1255,raspberries,4.0
1255,cocktailshrimp,5.0
1255,corncob,5.0
1255,cheezits,4.0
1255,carrotsticks,3.0
1255,kettlecorn,4.0
1255,chocolatepretzels,4.0
1255,lox,4.0
1255,grahamcrackers,3.0
1255,cherrytomato,2.0
1255,triscuits,3.0
1255,trailmix,4.0
1255,mango,4.0
1255,cucumberslices,4.0
1255,strawberries,4.0
1255,cherries,3.0
1255,bakedpotato,5.0
1255,celerysticks,3.0
1255,popsicles,4.0
1255,olives,4.0
1255,kiwi,4.0
1255,grapes,4.0
1255,sweetpotato,4.0
1255,sushi,3.0
1255,pretzels,4.0
1255,americancheese,5.0
1255,saltines,3.0
1255,ricecakes,2.0
1255,falafelwithpita,3.0
1255,appleslices,4.0
1255,edamame,4.0
1255,kitkat,4.0
1255,wheatbread,4.0
1255,broccoli,4.0
1255,bagelplain,4.0
1255,sourpatch,3.0
1255,croissant,5.0
1256,eggs,3.0
1256,popsicles,3.0
1256,falafelwithpita,4.0
1256,cucumberslices,4.0
1256,ritz,4.0
1256,bagelplain,3.0
1256,cheesecubes,4.0
1256,cherrytomato,3.0
1256,swedishfish,4.0
1256,granolabar,4.0
1256,sourpatch,4.0
1256,oreos,3.0
1256,yogurtpretzels,4.0
1256,chocolatepretzels,4.0
1256,celerysticks,4.0
1256,cocktailshrimp,4.0
1256,grahamcrackers,3.0
1256,peaches,4.0
1256,trailmix,4.0
1256,triscuits,4.0
1256,potatochips,4.0
1256,saltines,4.0
1256,corncob,4.0
1256,minimuffins,4.0
1256,cookies,4.0
1256,poptarts,4.0
1256,cherries,4.0
1256,doritos,4.0
1256,deliturkey,4.0
1256,kitkat,4.0
1256,olives,4.0
1256,edamame,4.0
1256,appleslices,4.0
1256,icecream,4.0
1256,cupcakes,4.0
1256,croissant,3.0
1256,kiwi,4.0
1256,wheatbread,4.0
1256,mms,1.0
1256,raspberries,3.0
1256,orangeslices,5.0
1256,broccoli,2.0
1256,salami,3.0
1256,blueberries,2.0
1256,mushrooms,1.0
1256,pear,5.0
1256,pretzels,1.0
1256,bakedpotato,4.0
1256,cantaloupe,4.0
1256,mango,4.0
1256,avocado,3.0
1256,ricecakes,2.0
1256,sushi,4.0
1256,cheezits,1.0
1256,sweetpotato,1.0
1256,carrotsticks,3.0
1256,sunchips,2.0
1256,banana,4.0
1256,grapes,4.0
1256,skittles,1.0
1256,strawberries,4.0
1256,lox,4.0
1256,kettlecorn,1.0
1256,doughnuts,3.0
1256,americancheese,4.0
1257,croissant,2.0
1257,chocolatepretzels,4.0
1257,pretzels,4.0
1257,pear,4.0
1257,kitkat,4.0
1257,grahamcrackers,4.0
1257,swedishfish,2.0
1257,grapes,4.0
1257,mms,2.0
1257,carrotsticks,4.0
1257,triscuits,2.0
1257,mango,3.0
1257,salami,2.0
1257,broccoli,5.0
1257,cookies,4.0
1257,celerysticks,4.0
1257,cherries,4.0
1257,cherrytomato,4.0
1257,sushi,4.0
1257,sunchips,4.0
1257,cocktailshrimp,2.0
1257,corncob,5.0
1257,avocado,3.0
1257,icecream,4.0
1257,doughnuts,4.0
1257,cantaloupe,5.0
1257,bakedpotato,2.0
1257,sweetpotato,2.0
1257,orangeslices,4.0
1257,cupcakes,5.0
1257,cucumberslices,4.0
1257,strawberries,4.0
1257,popsicles,1.0
1257,edamame,1.0
1257,skittles,4.0
1257,potatochips,1.0
1257,granolabar,4.0
1257,saltines,4.0
1257,falafelwithpita,1.0
1257,wheatbread,3.0
1257,peaches,4.0
1257,banana,2.0
1257,ricecakes,1.0
1257,blueberries,4.0
1257,mushrooms,4.0
1257,sourpatch,5.0
1257,doritos,2.0
1257,appleslices,4.0
1257,americancheese,1.0
1257,lox,3.0
1257,oreos,2.0
1257,yogurtpretzels,2.0
1257,trailmix,5.0
1257,eggs,4.0
1257,poptarts,1.0
1257,cheesecubes,3.0
1257,ritz,4.0
1257,minimuffins,3.0
1257,cheezits,2.0
1257,kiwi,4.0
1257,raspberries,5.0
1257,kettlecorn,4.0
1257,olives,2.0
1257,deliturkey,2.0
1257,bagelplain,4.0
1258,avocado,5.0
1258,oreos,2.0
1258,sweetpotato,3.0
1258,cheesecubes,4.0
1258,raspberries,5.0
1258,potatochips,2.0
1258,kiwi,5.0
1258,cucumberslices,4.0
1258,salami,4.0
1258,ritz,2.0
1258,corncob,4.0
1258,mms,2.0
1258,popsicles,1.0
1258,strawberries,4.0
1258,skittles,2.0
1258,bagelplain,3.0
1258,kettlecorn,2.0
1258,broccoli,5.0
1258,doritos,3.0
1258,doughnuts,1.0
1258,banana,4.0
1258,celerysticks,5.0
1258,eggs,5.0
1258,americancheese,2.0
1258,triscuits,3.0
1258,lox,4.0
1258,cherrytomato,5.0
1258,croissant,2.0
1258,icecream,1.0
1258,yogurtpretzels,2.0
1258,cocktailshrimp,5.0
1258,mushrooms,2.0
1258,sunchips,1.0
1258,peaches,5.0
1258,cupcakes,1.0
1258,pretzels,2.0
1258,sushi,5.0
1258,appleslices,5.0
1258,cheezits,2.0
1258,cookies,1.0
1258,bakedpotato,3.0
1258,cherries,5.0
1258,kitkat,1.0
1258,saltines,2.0
1258,minimuffins,2.0
1258,chocolatepretzels,1.0
1258,grapes,5.0
1258,olives,4.0
1258,poptarts,1.0
1258,wheatbread,2.0
1258,trailmix,1.0
1258,falafelwithpita,5.0
1258,blueberries,2.0
1258,carrotsticks,5.0
1258,orangeslices,5.0
1258,cantaloupe,5.0
1258,edamame,4.0
1258,granolabar,2.0
1258,pear,5.0
1258,ricecakes,2.0
1258,mango,4.0
1258,sourpatch,2.0
1258,grahamcrackers,2.0
1258,swedishfish,1.0
1258,deliturkey,3.0
1259,appleslices,4.0
1259,mushrooms,4.0
1259,croissant,5.0
1259,mms,4.0
1259,americancheese,4.0
1259,corncob,4.0
1259,cheezits,4.0
1259,edamame,4.0
1259,pretzels,3.0
1259,grapes,3.0
1259,lox,2.0
1259,ricecakes,3.0
1259,bagelplain,4.0
1259,chocolatepretzels,3.0
1259,kiwi,3.0
1259,poptarts,4.0
1259,blueberries,5.0
1259,triscuits,3.0
1259,mango,4.0
1259,cocktailshrimp,3.0
1259,sunchips,4.0
1259,carrotsticks,3.0
1259,granolabar,4.0
1259,orangeslices,4.0
1259,ritz,4.0
1259,olives,2.0
1259,pear,3.0
1259,cucumberslices,4.0
1259,strawberries,4.0
1259,broccoli,3.0
1259,cherries,4.0
1259,cupcakes,5.0
1259,deliturkey,4.0
1259,sweetpotato,4.0
1259,kettlecorn,4.0
1259,grahamcrackers,4.0
1259,swedishfish,4.0
1259,yogurtpretzels,3.0
1259,sushi,1.0
1259,cookies,4.0
1259,popsicles,3.0
1259,raspberries,4.0
1259,falafelwithpita,5.0
1259,icecream,4.0
1259,sourpatch,4.0
1259,peaches,4.0
1259,minimuffins,4.0
1259,avocado,4.0
1259,celerysticks,3.0
1259,kitkat,4.0
1259,doritos,5.0
1259,salami,4.0
1259,cantaloupe,3.0
1259,saltines,4.0
1259,doughnuts,5.0
1259,eggs,3.0
1259,oreos,4.0
1259,cheesecubes,5.0
1259,cherrytomato,3.0
1259,wheatbread,3.0
1259,skittles,4.0
1259,trailmix,4.0
1259,potatochips,4.0
1259,banana,2.0
1259,bakedpotato,4.0
1261,sunchips,4.0
1261,poptarts,4.0
1261,trailmix,3.0
1261,grahamcrackers,4.0
1261,pretzels,4.0
1261,doritos,4.0
1261,mushrooms,4.0
1261,falafelwithpita,4.0
1261,bagelplain,4.0
1261,yogurtpretzels,3.0
1261,icecream,3.0
1261,granolabar,4.0
1261,raspberries,4.0
1261,cherries,4.0
1261,ricecakes,4.0
1261,chocolatepretzels,3.0
1261,doughnuts,4.0
1261,swedishfish,4.0
1261,skittles,4.0
1261,blueberries,4.0
1261,edamame,4.0
1261,mms,4.0
1261,peaches,4.0
1261,appleslices,4.0
1261,cantaloupe,4.0
1261,eggs,4.0
1261,sushi,3.0
1261,banana,4.0
1261,carrotsticks,4.0
1261,triscuits,4.0
1261,deliturkey,4.0
1261,celerysticks,4.0
1261,olives,4.0
1261,croissant,4.0
1261,cherrytomato,4.0
1261,kitkat,4.0
1261,kiwi,4.0
1261,ritz,4.0
1261,pear,4.0
1261,minimuffins,4.0
1261,cupcakes,4.0
1261,bakedpotato,4.0
1261,cheesecubes,3.0
1261,oreos,3.0
1261,cookies,4.0
1261,strawberries,4.0
1261,americancheese,4.0
1261,saltines,4.0
1261,kettlecorn,4.0
1261,avocado,4.0
1261,popsicles,4.0
1261,mango,4.0
1261,potatochips,3.0
1261,cucumberslices,4.0
1261,grapes,4.0
1261,salami,4.0
1261,cocktailshrimp,4.0
1261,broccoli,3.0
1261,corncob,4.0
1261,sweetpotato,4.0
1261,sourpatch,3.0
1261,cheezits,4.0
1261,orangeslices,4.0
1261,wheatbread,4.0
1261,lox,4.0
1263,cupcakes,4.0
1263,croissant,3.0
1263,peaches,3.0
1263,cantaloupe,3.0
1263,ritz,4.0
1263,trailmix,5.0
1263,cookies,3.0
1263,icecream,3.0
1263,yogurtpretzels,4.0
1263,swedishfish,4.0
1263,cucumberslices,3.0
1263,deliturkey,4.0
1263,celerysticks,3.0
1263,cocktailshrimp,5.0
1263,sunchips,4.0
1263,strawberries,4.0
1263,falafelwithpita,3.0
1263,americancheese,4.0
1263,edamame,3.0
1263,popsicles,4.0
1263,cheezits,3.0
1263,chocolatepretzels,4.0
1263,raspberries,4.0
1263,cherrytomato,3.0
1263,salami,5.0
1263,avocado,2.0
1263,skittles,4.0
1263,ricecakes,3.0
1263,grahamcrackers,1.0
1263,kiwi,3.0
1263,kitkat,4.0
1263,triscuits,4.0
1263,kettlecorn,5.0
1263,orangeslices,5.0
1263,blueberries,4.0
1263,sweetpotato,4.0
1263,doritos,1.0
1263,carrotsticks,4.0
1263,olives,5.0
1263,pretzels,4.0
1263,banana,2.0
1263,poptarts,4.0
1263,mango,3.0
1263,bagelplain,4.0
1263,appleslices,4.0
1263,broccoli,4.0
1263,corncob,5.0
1263,granolabar,3.0
1263,mushrooms,4.0
1263,grapes,4.0
1263,doughnuts,5.0
1263,wheatbread,4.0
1263,potatochips,4.0
1263,oreos,4.0
1263,mms,4.0
1263,lox,2.0
1263,pear,4.0
1263,minimuffins,4.0
1263,saltines,3.0
1263,sushi,4.0
1263,eggs,4.0
1263,sourpatch,4.0
1263,bakedpotato,4.0
1263,cheesecubes,5.0
1263,cherries,3.0
1264,kitkat,4.0
1264,sushi,3.0
1264,pretzels,3.0
1264,saltines,3.0
1264,blueberries,5.0
1264,carrotsticks,3.0
1264,appleslices,4.0
1264,sourpatch,3.0
1264,cherrytomato,3.0
1264,icecream,4.0
1264,olives,4.0
1264,cucumberslices,4.0
1264,wheatbread,3.0
1264,deliturkey,4.0
1264,swedishfish,5.0
1264,eggs,4.0
1264,minimuffins,5.0
1264,cookies,5.0
1264,strawberries,5.0
1264,doughnuts,5.0
1264,chocolatepretzels,4.0
1264,salami,4.0
1264,avocado,2.0
1264,grahamcrackers,3.0
1264,falafelwithpita,3.0
1264,yogurtpretzels,4.0
1264,mms,4.0
1264,bakedpotato,3.0
1264,kiwi,2.0
1264,edamame,2.0
1264,cantaloupe,4.0
1264,peaches,4.0
1264,pear,4.0
1264,mushrooms,5.0
1264,banana,4.0
1264,trailmix,3.0
1264,popsicles,2.0
1264,skittles,4.0
1264,potatochips,3.0
1264,triscuits,2.0
1264,raspberries,5.0
1264,cocktailshrimp,4.0
1264,celerysticks,3.0
1264,sunchips,5.0
1264,cheesecubes,4.0
1264,cheezits,4.0
1264,lox,1.0
1264,doritos,4.0
1264,ritz,3.0
1264,orangeslices,4.0
1264,cupcakes,4.0
1264,ricecakes,1.0
1264,bagelplain,3.0
1264,granolabar,3.0
1264,broccoli,2.0
1264,poptarts,1.0
1264,kettlecorn,4.0
1264,mango,3.0
1264,corncob,5.0
1264,cherries,4.0
1264,oreos,4.0
1264,americancheese,4.0
1264,croissant,5.0
1264,sweetpotato,3.0
1264,grapes,4.0
1265,triscuits,2.0
1265,sunchips,2.0
1265,mms,1.0
1265,wheatbread,2.0
1265,potatochips,1.0
1265,sweetpotato,2.0
1265,skittles,1.0
1265,trailmix,4.0
1265,celerysticks,5.0
1265,banana,4.0
1265,saltines,1.0
1265,ricecakes,2.0
1265,oreos,1.0
1265,sourpatch,3.0
1265,orangeslices,5.0
1265,cocktailshrimp,4.0
1265,granolabar,1.0
1265,eggs,5.0
1265,swedishfish,1.0
1265,icecream,2.0
1265,cheesecubes,5.0
1265,minimuffins,2.0
1265,yogurtpretzels,1.0
1265,cantaloupe,4.0
1265,mushrooms,4.0
1265,falafelwithpita,4.0
1265,doritos,1.0
1265,pretzels,2.0
1265,cucumberslices,5.0
1265,cherries,5.0
1265,cookies,2.0
1265,pear,5.0
1265,broccoli,5.0
1265,blueberries,2.0
1265,ritz,2.0
1265,carrotsticks,4.0
1265,doughnuts,2.0
1265,americancheese,1.0
1265,appleslices,5.0
1265,cherrytomato,5.0
1265,mango,4.0
1265,corncob,5.0
1265,kiwi,5.0
1265,grahamcrackers,2.0
1265,lox,5.0
1265,popsicles,2.0
1265,kettlecorn,1.0
1265,avocado,5.0
1265,cheezits,2.0
1265,croissant,2.0
1265,cupcakes,2.0
1265,chocolatepretzels,1.0
1265,kitkat,2.0
1265,poptarts,1.0
1265,bagelplain,2.0
1265,strawberries,5.0
1265,deliturkey,5.0
1265,grapes,4.0
1265,peaches,5.0
1265,raspberries,4.0
1265,olives,5.0
1265,sushi,5.0
1265,bakedpotato,3.0
1265,salami,2.0
1265,edamame,5.0
1266,pretzels,5.0
1266,skittles,4.0
1266,mms,3.0
1266,ricecakes,4.0
1266,grapes,1.0
1266,doughnuts,5.0
1266,mango,5.0
1266,cookies,4.0
1266,cocktailshrimp,4.0
1266,celerysticks,5.0
1266,icecream,4.0
1266,chocolatepretzels,3.0
1266,bagelplain,4.0
1266,swedishfish,5.0
1266,orangeslices,4.0
1266,falafelwithpita,4.0
1266,sourpatch,4.0
1266,salami,3.0
1266,carrotsticks,3.0
1266,raspberries,4.0
1266,broccoli,4.0
1266,granolabar,4.0
1266,kitkat,5.0
1266,poptarts,4.0
1266,eggs,1.0
1266,minimuffins,4.0
1266,sunchips,3.0
1266,peaches,4.0
1266,wheatbread,3.0
1266,corncob,4.0
1266,pear,4.0
1266,cherrytomato,4.0
1266,appleslices,3.0
1266,kettlecorn,4.0
1266,yogurtpretzels,3.0
1266,doritos,4.0
1266,cheezits,4.0
1266,lox,4.0
1266,sushi,5.0
1266,cherries,4.0
1266,oreos,2.0
1266,deliturkey,4.0
1266,edamame,5.0
1266,sweetpotato,4.0
1266,mushrooms,4.0
1266,americancheese,4.0
1266,ritz,3.0
1266,potatochips,4.0
1266,cantaloupe,5.0
1266,cupcakes,3.0
1266,kiwi,4.0
1266,cheesecubes,5.0
1266,avocado,4.0
1266,strawberries,5.0
1266,popsicles,4.0
1266,banana,4.0
1266,croissant,5.0
1266,trailmix,4.0
1266,bakedpotato,4.0
1266,saltines,5.0
1266,blueberries,3.0
1266,grahamcrackers,4.0
1266,triscuits,4.0
1266,cucumberslices,3.0
1266,olives,1.0
1267,mango,4.0
1267,minimuffins,5.0
1267,croissant,5.0
1267,banana,4.0
1267,lox,1.0
1267,sourpatch,5.0
1267,cantaloupe,4.0
1267,falafelwithpita,3.0
1267,kettlecorn,4.0
1267,saltines,4.0
1267,cucumberslices,4.0
1267,bagelplain,4.0
1267,cookies,4.0
1267,trailmix,4.0
1267,peaches,4.0
1267,icecream,5.0
1267,granolabar,3.0
1267,edamame,1.0
1267,appleslices,4.0
1267,cocktailshrimp,1.0
1267,wheatbread,5.0
1267,swedishfish,5.0
1267,broccoli,4.0
1267,doritos,2.0
1267,poptarts,3.0
1267,yogurtpretzels,4.0
1267,bakedpotato,5.0
1267,doughnuts,5.0
1267,eggs,1.0
1267,cheesecubes,1.0
1267,corncob,4.0
1267,ritz,4.0
1267,mms,4.0
1267,celerysticks,3.0
1267,strawberries,3.0
1267,kiwi,3.0
1267,cupcakes,5.0
1267,deliturkey,2.0
1267,sunchips,3.0
1267,olives,3.0
1267,salami,2.0
1267,potatochips,4.0
1267,cheezits,4.0
1267,cherrytomato,4.0
1267,oreos,5.0
1267,pear,4.0
1267,blueberries,4.0
1267,cherries,4.0
1267,raspberries,5.0
1267,grapes,4.0
1267,sushi,1.0
1267,chocolatepretzels,4.0
1267,sweetpotato,4.0
1267,popsicles,4.0
1267,skittles,5.0
1267,orangeslices,4.0
1267,grahamcrackers,3.0
1267,kitkat,4.0
1267,americancheese,1.0
1267,mushrooms,2.0
1267,ricecakes,3.0
1267,avocado,4.0
1267,carrotsticks,2.0
1267,triscuits,3.0
1267,pretzels,4.0
1268,eggs,4.0
1268,icecream,5.0
1268,falafelwithpita,4.0
1268,croissant,4.0
1268,doughnuts,4.0
1268,grapes,2.0
1268,minimuffins,4.0
1268,cantaloupe,4.0
1268,lox,5.0
1268,popsicles,2.0
1268,celerysticks,3.0
1268,granolabar,4.0
1268,poptarts,2.0
1268,strawberries,2.0
1268,bagelplain,3.0
1268,grahamcrackers,4.0
1268,carrotsticks,4.0
1268,trailmix,3.0
1268,kettlecorn,4.0
1268,cookies,5.0
1268,banana,2.0
1268,ritz,4.0
1268,salami,2.0
1268,blueberries,2.0
1268,cucumberslices,4.0
1268,ricecakes,1.0
1268,yogurtpretzels,4.0
1268,mushrooms,5.0
1268,wheatbread,4.0
1268,sweetpotato,4.0
1268,peaches,2.0
1268,orangeslices,4.0
1268,triscuits,3.0
1268,cherries,1.0
1268,swedishfish,1.0
1268,mango,3.0
1268,raspberries,2.0
1268,broccoli,4.0
1268,edamame,4.0
1268,kiwi,2.0
1268,cocktailshrimp,5.0
1268,mms,5.0
1268,cheezits,4.0
1268,chocolatepretzels,3.0
1268,americancheese,4.0
1268,oreos,2.0
1268,doritos,5.0
1268,corncob,4.0
1268,potatochips,4.0
1268,appleslices,2.0
1268,saltines,3.0
1268,pretzels,4.0
1268,sushi,4.0
1268,avocado,4.0
1268,cupcakes,5.0
1268,skittles,5.0
1268,sunchips,4.0
1268,sourpatch,1.0
1268,olives,1.0
1268,cherrytomato,4.0
1268,kitkat,5.0
1268,bakedpotato,4.0
1268,deliturkey,5.0
1268,cheesecubes,4.0
1268,pear,2.0
1269,strawberries,5.0
1269,popsicles,5.0
1269,ricecakes,2.0
1269,peaches,5.0
1269,mango,3.0
1269,saltines,2.0
1269,cheezits,4.0
1269,eggs,1.0
1269,olives,4.0
1269,cherrytomato,1.0
1269,sushi,5.0
1269,grapes,5.0
1269,triscuits,3.0
1269,doughnuts,4.0
1269,swedishfish,4.0
1269,carrotsticks,2.0
1269,cheesecubes,4.0
1269,mushrooms,4.0
1269,sweetpotato,4.0
1269,avocado,5.0
1269,chocolatepretzels,1.0
1269,minimuffins,4.0
1269,blueberries,5.0
1269,mms,5.0
1269,granolabar,5.0
1269,appleslices,5.0
1269,sunchips,2.0
1269,wheatbread,1.0
1269,kettlecorn,5.0
1269,croissant,4.0
1269,kitkat,5.0
1269,salami,5.0
1269,sourpatch,5.0
1269,cherries,5.0
1269,bakedpotato,5.0
1269,falafelwithpita,1.0
1269,raspberries,5.0
1269,doritos,4.0
1269,cookies,5.0
1269,potatochips,2.0
1269,banana,5.0
1269,pear,5.0
1269,americancheese,4.0
1269,orangeslices,5.0
1269,edamame,5.0
1269,cucumberslices,5.0
1269,poptarts,2.0
1269,ritz,1.0
1269,cantaloupe,5.0
1269,oreos,5.0
1269,lox,3.0
1269,deliturkey,5.0
1269,icecream,3.0
1269,celerysticks,2.0
1269,trailmix,5.0
1269,kiwi,5.0
1269,broccoli,5.0
1269,skittles,5.0
1269,corncob,5.0
1269,bagelplain,5.0
1269,cocktailshrimp,5.0
1269,grahamcrackers,1.0
1269,yogurtpretzels,4.0
1269,pretzels,1.0
1269,cupcakes,5.0
1270,mms,4.0
1270,bagelplain,5.0
1270,appleslices,1.0
1270,potatochips,4.0
1270,doritos,2.0
1270,cherrytomato,5.0
1270,sourpatch,1.0
1270,americancheese,5.0
1270,olives,1.0
1270,salami,1.0
1270,granolabar,5.0
1270,peaches,4.0
1270,chocolatepretzels,4.0
1270,mushrooms,5.0
1270,cantaloupe,5.0
1270,bakedpotato,5.0
1270,minimuffins,5.0
1270,kiwi,4.0
1270,grahamcrackers,4.0
1270,doughnuts,4.0
1270,ricecakes,5.0
1270,blueberries,4.0
1270,cucumberslices,4.0
1270,triscuits,2.0
1270,edamame,4.0
1270,grapes,5.0
1270,sushi,1.0
1270,icecream,3.0
1270,ritz,4.0
1270,swedishfish,1.0
1270,mango,2.0
1270,saltines,4.0
1270,cocktailshrimp,1.0
1270,popsicles,5.0
1270,strawberries,4.0
1270,kettlecorn,5.0
1270,raspberries,4.0
1270,eggs,5.0
1270,broccoli,5.0
1270,kitkat,4.0
1270,trailmix,2.0
1270,poptarts,2.0
1270,banana,3.0
1270,croissant,4.0
1270,celerysticks,5.0
1270,orangeslices,5.0
1270,oreos,2.0
1270,corncob,5.0
1270,cheesecubes,4.0
1270,cheezits,3.0
1270,deliturkey,2.0
1270,carrotsticks,1.0
1270,skittles,4.0
1270,cupcakes,3.0
1270,lox,1.0
1270,cookies,4.0
1270,wheatbread,5.0
1270,sunchips,2.0
1270,yogurtpretzels,4.0
1270,avocado,5.0
1270,pear,1.0
1270,cherries,2.0
1270,falafelwithpita,5.0
1270,pretzels,4.0
1270,sweetpotato,4.0
1271,doritos,4.0
1271,oreos,4.0
1271,americancheese,4.0
1271,mushrooms,4.0
1271,orangeslices,3.0
1271,kiwi,2.0
1271,sushi,2.0
1271,bagelplain,3.0
1271,potatochips,4.0
1271,trailmix,4.0
1271,banana,3.0
1271,peaches,2.0
1271,edamame,3.0
1271,croissant,2.0
1271,cantaloupe,2.0
1271,swedishfish,2.0
1271,cheesecubes,4.0
1271,skittles,4.0
1271,corncob,4.0
1271,mms,4.0
1271,celerysticks,2.0
1271,pear,4.0
1271,cucumberslices,2.0
1271,lox,2.0
1271,wheatbread,3.0
1271,minimuffins,4.0
1271,pretzels,4.0
1271,yogurtpretzels,2.0
1271,broccoli,4.0
1271,kettlecorn,3.0
1271,chocolatepretzels,4.0
1271,carrotsticks,2.0
1271,bakedpotato,4.0
1271,strawberries,3.0
1271,saltines,3.0
1271,avocado,5.0
1271,sunchips,3.0
1271,doughnuts,4.0
1271,sweetpotato,2.0
1271,grapes,3.0
1271,cherrytomato,2.0
1271,sourpatch,3.0
1271,kitkat,4.0
1271,ritz,4.0
1271,eggs,1.0
1271,triscuits,3.0
1271,icecream,3.0
1271,poptarts,4.0
1271,cherries,2.0
1271,grahamcrackers,3.0
1271,granolabar,4.0
1271,raspberries,3.0
1271,salami,4.0
1271,popsicles,3.0
1271,ricecakes,3.0
1271,cookies,5.0
1271,deliturkey,2.0
1271,olives,3.0
1271,blueberries,1.0
1271,appleslices,2.0
1271,falafelwithpita,3.0
1271,cocktailshrimp,4.0
1271,cheezits,4.0
1271,cupcakes,2.0
1271,mango,3.0
1272,cookies,5.0
1272,corncob,5.0
1272,deliturkey,4.0
1272,ritz,5.0
1272,granolabar,5.0
1272,doughnuts,5.0
1272,cheesecubes,3.0
1272,falafelwithpita,4.0
1272,kiwi,3.0
1272,wheatbread,5.0
1272,carrotsticks,4.0
1272,grapes,3.0
1272,popsicles,4.0
1272,cheezits,4.0
1272,chocolatepretzels,2.0
1272,peaches,2.0
1272,ricecakes,3.0
1272,potatochips,3.0
1272,pear,5.0
1272,banana,5.0
1272,mango,5.0
1272,broccoli,1.0
1272,raspberries,1.0
1272,yogurtpretzels,1.0
1272,blueberries,1.0
1272,avocado,5.0
1272,poptarts,4.0
1272,croissant,4.0
1272,triscuits,2.0
1272,sushi,4.0
1272,eggs,5.0
1272,pretzels,3.0
1272,cherrytomato,5.0
1272,lox,2.0
1272,grahamcrackers,4.0
1272,cucumberslices,5.0
1272,cantaloupe,5.0
1272,cupcakes,5.0
1272,orangeslices,5.0
1272,cherries,4.0
1272,salami,2.0
1272,skittles,2.0
1272,bakedpotato,3.0
1272,celerysticks,3.0
1272,kitkat,5.0
1272,doritos,4.0
1272,mms,1.0
1272,strawberries,5.0
1272,edamame,5.0
1272,minimuffins,3.0
1272,trailmix,4.0
1272,saltines,5.0
1272,bagelplain,4.0
1272,mushrooms,4.0
1272,americancheese,3.0
1272,appleslices,4.0
1272,cocktailshrimp,3.0
1272,sweetpotato,1.0
1272,sourpatch,3.0
1272,icecream,4.0
1272,oreos,5.0
1272,swedishfish,1.0
1272,olives,1.0
1272,sunchips,4.0
1272,kettlecorn,2.0
1273,pretzels,5.0
1273,ritz,5.0
1273,pear,5.0
1273,carrotsticks,5.0
1273,cherrytomato,2.0
1273,peaches,4.0
1273,oreos,5.0
1273,granolabar,3.0
1273,sunchips,5.0
1273,eggs,5.0
1273,cookies,4.0
1273,ricecakes,2.0
1273,appleslices,5.0
1273,swedishfish,2.0
1273,cupcakes,4.0
1273,wheatbread,3.0
1273,deliturkey,4.0
1273,grahamcrackers,4.0
1273,strawberries,4.0
1273,banana,4.0
1273,cocktailshrimp,5.0
1273,minimuffins,2.0
1273,salami,5.0
1273,chocolatepretzels,2.0
1273,mushrooms,4.0
1273,corncob,4.0
1273,orangeslices,5.0
1273,bagelplain,4.0
1273,blueberries,4.0
1273,raspberries,3.0
1273,saltines,4.0
1273,popsicles,5.0
1273,icecream,5.0
1273,cucumberslices,5.0
1273,poptarts,4.0
1273,celerysticks,5.0
1273,cheezits,5.0
1273,falafelwithpita,3.0
1273,trailmix,5.0
1273,triscuits,4.0
1273,cherries,4.0
1273,edamame,3.0
1273,lox,2.0
1273,kiwi,2.0
1273,skittles,1.0
1273,cheesecubes,4.0
1273,kitkat,4.0
1273,mango,5.0
1273,sweetpotato,5.0
1273,kettlecorn,2.0
1273,yogurtpretzels,3.0
1273,sourpatch,2.0
1273,americancheese,4.0
1273,grapes,5.0
1273,sushi,5.0
1273,olives,2.0
1273,potatochips,5.0
1273,doughnuts,4.0
1273,avocado,4.0
1273,broccoli,5.0
1273,mms,2.0
1273,cantaloupe,2.0
1273,bakedpotato,2.0
1273,doritos,1.0
1273,croissant,3.0
1274,kitkat,5.0
1274,bagelplain,5.0
1274,oreos,5.0
1274,popsicles,5.0
1274,saltines,4.0
1274,chocolatepretzels,2.0
1274,trailmix,4.0
1274,broccoli,4.0
1274,deliturkey,5.0
1274,cupcakes,5.0
1274,granolabar,2.0
1274,skittles,5.0
1274,minimuffins,5.0
1274,strawberries,5.0
1274,cantaloupe,5.0
1274,poptarts,4.0
1274,doughnuts,5.0
1274,avocado,4.0
1274,bakedpotato,5.0
1274,edamame,2.0
1274,pear,5.0
1274,wheatbread,5.0
1274,cucumberslices,5.0
1274,cherrytomato,4.0
1274,carrotsticks,4.0
1274,celerysticks,4.0
1274,appleslices,5.0
1274,icecream,5.0
1274,americancheese,5.0
1274,yogurtpretzels,1.0
1274,doritos,5.0
1274,pretzels,5.0
1274,corncob,5.0
1274,potatochips,5.0
1274,peaches,5.0
1274,sweetpotato,2.0
1274,falafelwithpita,2.0
1274,ritz,4.0
1274,swedishfish,5.0
1274,kettlecorn,5.0
1274,sourpatch,5.0
1274,cocktailshrimp,4.0
1274,olives,3.0
1274,kiwi,4.0
1274,sunchips,5.0
1274,cheesecubes,5.0
1274,grapes,4.0
1274,mms,5.0
1274,croissant,5.0
1274,lox,2.0
1274,mushrooms,1.0
1274,cheezits,4.0
1274,salami,5.0
1274,raspberries,4.0
1274,triscuits,5.0
1274,mango,5.0
1274,ricecakes,4.0
1274,cookies,5.0
1274,eggs,5.0
1274,sushi,1.0
1274,orangeslices,5.0
1274,banana,5.0
1274,grahamcrackers,5.0
1274,cherries,5.0
1274,blueberries,5.0
1275,americancheese,4.0
1275,saltines,3.0
1275,cheesecubes,2.0
1275,pear,4.0
1275,sunchips,4.0
1275,orangeslices,4.0
1275,croissant,2.0
1275,bagelplain,4.0
1275,skittles,4.0
1275,poptarts,3.0
1275,lox,2.0
1275,olives,1.0
1275,broccoli,4.0
1275,triscuits,3.0
1275,doughnuts,4.0
1275,ritz,3.0
1275,avocado,4.0
1275,chocolatepretzels,4.0
1275,oreos,4.0
1275,popsicles,4.0
1275,ricecakes,2.0
1275,trailmix,4.0
1275,cucumberslices,2.0
1275,pretzels,3.0
1275,sourpatch,5.0
1275,bakedpotato,4.0
1275,sushi,5.0
1275,appleslices,4.0
1275,cantaloupe,4.0
1275,grahamcrackers,3.0
1275,kiwi,4.0
1275,cheezits,2.0
1275,peaches,4.0
1275,sweetpotato,3.0
1275,corncob,4.0
1275,mango,4.0
1275,raspberries,2.0
1275,wheatbread,3.0
1275,mms,5.0
1275,falafelwithpita,3.0
1275,mushrooms,3.0
1275,salami,2.0
1275,banana,4.0
1275,potatochips,4.0
1275,strawberries,5.0
1275,cookies,5.0
1275,cherries,2.0
1275,grapes,4.0
1275,deliturkey,2.0
1275,yogurtpretzels,4.0
1275,minimuffins,4.0
1275,cupcakes,5.0
1275,granolabar,4.0
1275,icecream,4.0
1275,blueberries,3.0
1275,kettlecorn,2.0
1275,cocktailshrimp,4.0
1275,cherrytomato,4.0
1275,swedishfish,4.0
1275,celerysticks,1.0
1275,kitkat,4.0
1275,edamame,4.0
1275,carrotsticks,3.0
1275,eggs,4.0
1275,doritos,4.0
1276,kettlecorn,4.0
1276,mango,5.0
1276,cookies,5.0
1276,swedishfish,4.0
1276,banana,3.0
1276,pear,3.0
1276,olives,2.0
1276,cocktailshrimp,3.0
1276,kitkat,4.0
1276,chocolatepretzels,4.0
1276,yogurtpretzels,4.0
1276,cucumberslices,2.0
1276,mms,4.0
1276,cupcakes,5.0
1276,grapes,4.0
1276,appleslices,3.0
1276,americancheese,4.0
1276,skittles,5.0
1276,croissant,4.0
1276,oreos,4.0
1276,cherries,4.0
1276,peaches,4.0
1276,sweetpotato,3.0
1276,orangeslices,3.0
1276,grahamcrackers,3.0
1276,trailmix,3.0
1276,cheesecubes,4.0
1276,icecream,5.0
1276,popsicles,5.0
1276,lox,4.0
1276,potatochips,3.0
1276,saltines,2.0
1276,kiwi,5.0
1276,falafelwithpita,4.0
1276,ricecakes,3.0
1276,broccoli,4.0
1276,edamame,5.0
1276,raspberries,4.0
1276,celerysticks,3.0
1276,minimuffins,4.0
1276,cherrytomato,4.0
1276,salami,3.0
1276,cantaloupe,5.0
1276,doughnuts,5.0
1276,doritos,3.0
1276,avocado,4.0
1276,sushi,4.0
1276,cheezits,3.0
1276,triscuits,3.0
1276,bagelplain,4.0
1276,bakedpotato,4.0
1276,wheatbread,2.0
1276,corncob,4.0
1276,blueberries,5.0
1276,strawberries,4.0
1276,carrotsticks,3.0
1276,mushrooms,3.0
1276,pretzels,3.0
1276,granolabar,3.0
1276,deliturkey,3.0
1276,ritz,3.0
1276,sunchips,3.0
1276,eggs,5.0
1276,poptarts,4.0
1276,sourpatch,4.0
1277,icecream,3.0
1277,ricecakes,4.0
1277,mms,5.0
1277,bagelplain,5.0
1277,celerysticks,3.0
1277,doughnuts,5.0
1277,croissant,5.0
1277,olives,1.0
1277,edamame,2.0
1277,raspberries,3.0
1277,popsicles,3.0
1277,mushrooms,2.0
1277,sunchips,4.0
1277,granolabar,5.0
1277,wheatbread,5.0
1277,strawberries,1.0
1277,kiwi,2.0
1277,chocolatepretzels,5.0
1277,cantaloupe,2.0
1277,ritz,5.0
1277,blueberries,2.0
1277,doritos,5.0
1277,americancheese,4.0
1277,yogurtpretzels,3.0
1277,swedishfish,2.0
1277,eggs,1.0
1277,cookies,5.0
1277,kettlecorn,5.0
1277,kitkat,5.0
1277,falafelwithpita,3.0
1277,cherrytomato,3.0
1277,peaches,3.0
1277,avocado,2.0
1277,deliturkey,5.0
1277,carrotsticks,5.0
1277,broccoli,2.0
1277,sweetpotato,1.0
1277,cheesecubes,4.0
1277,poptarts,4.0
1277,appleslices,4.0
1277,cherries,3.0
1277,salami,5.0
1277,trailmix,4.0
1277,oreos,3.0
1277,cupcakes,4.0
1277,cocktailshrimp,1.0
1277,mango,3.0
1277,potatochips,1.0
1277,minimuffins,4.0
1277,sourpatch,2.0
1277,banana,3.0
1277,bakedpotato,5.0
1277,sushi,1.0
1277,lox,1.0
1277,grahamcrackers,5.0
1277,triscuits,4.0
1277,cheezits,4.0
1277,cucumberslices,2.0
1277,corncob,4.0
1277,pretzels,4.0
1277,saltines,4.0
1277,grapes,4.0
1277,skittles,4.0
1277,pear,4.0
1277,orangeslices,3.0
1278,bagelplain,4.0
1278,kiwi,4.0
1278,lox,1.0
1278,icecream,5.0
1278,ricecakes,3.0
1278,triscuits,4.0
1278,chocolatepretzels,5.0
1278,corncob,4.0
1278,americancheese,3.0
1278,raspberries,5.0
1278,peaches,5.0
1278,ritz,3.0
1278,avocado,1.0
1278,grapes,3.0
1278,cupcakes,4.0
1278,deliturkey,3.0
1278,kitkat,5.0
1278,swedishfish,5.0
1278,edamame,2.0
1278,trailmix,3.0
1278,cherries,1.0
1278,grahamcrackers,3.0
1278,granolabar,3.0
1278,strawberries,4.0
1278,cantaloupe,5.0
1278,cocktailshrimp,1.0
1278,appleslices,4.0
1278,salami,4.0
1278,mango,3.0
1278,croissant,4.0
1278,potatochips,4.0
1278,oreos,3.0
1278,broccoli,3.0
1278,sweetpotato,1.0
1278,kettlecorn,4.0
1278,doritos,4.0
1278,orangeslices,5.0
1278,sunchips,3.0
1278,mms,4.0
1278,sourpatch,4.0
1278,cheesecubes,4.0
1278,sushi,1.0
1278,blueberries,1.0
1278,eggs,3.0
1278,skittles,3.0
1278,cookies,4.0
1278,saltines,3.0
1278,olives,1.0
1278,doughnuts,3.0
1278,wheatbread,3.0
1278,cherrytomato,3.0
1278,pretzels,4.0
1278,poptarts,4.0
1278,banana,5.0
1278,falafelwithpita,2.0
1278,pear,4.0
1278,mushrooms,1.0
1278,yogurtpretzels,3.0
1278,carrotsticks,4.0
1278,celerysticks,4.0
1278,minimuffins,3.0
1278,cucumberslices,4.0
1278,cheezits,3.0
1278,bakedpotato,4.0
1278,popsicles,4.0
1279,peaches,2.0
1279,sourpatch,2.0
1279,triscuits,3.0
1279,deliturkey,4.0
1279,mms,3.0
1279,cupcakes,2.0
1279,sushi,5.0
1279,oreos,3.0
1279,grahamcrackers,4.0
1279,kiwi,3.0
1279,celerysticks,4.0
1279,lox,5.0
1279,avocado,5.0
1279,cucumberslices,3.0
1279,croissant,3.0
1279,bakedpotato,4.0
1279,bagelplain,4.0
1279,cherries,4.0
1279,salami,4.0
1279,yogurtpretzels,3.0
1279,sweetpotato,4.0
1279,saltines,4.0
1279,sunchips,4.0
1279,ritz,4.0
1279,cheezits,4.0
1279,skittles,3.0
1279,strawberries,4.0
1279,cheesecubes,3.0
1279,doritos,4.0
1279,poptarts,3.0
1279,potatochips,4.0
1279,kettlecorn,3.0
1279,cookies,4.0
1279,cherrytomato,4.0
1279,raspberries,4.0
1279,carrotsticks,3.0
1279,trailmix,4.0
1279,banana,4.0
1279,icecream,5.0
1279,cantaloupe,3.0
1279,kitkat,3.0
1279,broccoli,4.0
1279,falafelwithpita,3.0
1279,chocolatepretzels,3.0
1279,orangeslices,4.0
1279,popsicles,2.0
1279,cocktailshrimp,4.0
1279,mango,3.0
1279,ricecakes,3.0
1279,doughnuts,1.0
1279,pretzels,3.0
1279,eggs,4.0
1279,corncob,4.0
1279,olives,4.0
1279,pear,4.0
1279,mushrooms,4.0
1279,swedishfish,1.0
1279,blueberries,4.0
1279,wheatbread,4.0
1279,granolabar,4.0
1279,minimuffins,3.0
1279,edamame,3.0
1279,grapes,4.0
1279,appleslices,4.0
1279,americancheese,4.0
1280,cheesecubes,5.0
1280,grahamcrackers,3.0
1280,trailmix,4.0
1280,ritz,4.0
1280,ricecakes,3.0
1280,cookies,2.0
1280,raspberries,4.0
1280,kettlecorn,4.0
1280,triscuits,3.0
1280,appleslices,2.0
1280,kitkat,4.0
1280,oreos,2.0
1280,edamame,4.0
1280,cantaloupe,4.0
1280,cherries,4.0
1280,carrotsticks,3.0
1280,lox,4.0
1280,popsicles,3.0
1280,sweetpotato,4.0
1280,blueberries,3.0
1280,kiwi,4.0
1280,cocktailshrimp,3.0
1280,salami,4.0
1280,sourpatch,3.0
1280,skittles,4.0
1280,cherrytomato,3.0
1280,sunchips,4.0
1280,cupcakes,3.0
1280,orangeslices,3.0
1280,icecream,2.0
1280,sushi,4.0
1280,deliturkey,4.0
1280,bagelplain,3.0
1280,banana,4.0
1280,pear,3.0
1280,minimuffins,4.0
1280,croissant,3.0
1280,americancheese,4.0
1280,pretzels,4.0
1280,strawberries,4.0
1280,potatochips,3.0
1280,wheatbread,4.0
1280,swedishfish,1.0
1280,doughnuts,4.0
1280,peaches,4.0
1280,chocolatepretzels,4.0
1280,yogurtpretzels,4.0
1280,olives,4.0
1280,doritos,4.0
1280,falafelwithpita,4.0
1280,eggs,3.0
1280,bakedpotato,4.0
1280,poptarts,3.0
1280,saltines,4.0
1280,cucumberslices,3.0
1280,granolabar,4.0
1280,mushrooms,3.0
1280,cheezits,4.0
1280,mms,3.0
1280,corncob,4.0
1280,avocado,4.0
1280,celerysticks,5.0
1280,mango,2.0
1280,broccoli,4.0
1280,grapes,4.0
1281,appleslices,4.0
1281,mms,3.0
1281,poptarts,4.0
1281,bakedpotato,5.0
1281,cherrytomato,4.0
1281,deliturkey,4.0
1281,mushrooms,5.0
1281,swedishfish,2.0
1281,mango,3.0
1281,strawberries,4.0
1281,cocktailshrimp,5.0
1281,eggs,5.0
1281,pretzels,4.0
1281,potatochips,4.0
1281,broccoli,3.0
1281,cheesecubes,4.0
1281,sourpatch,4.0
1281,popsicles,2.0
1281,cupcakes,2.0
1281,doritos,4.0
1281,bagelplain,4.0
1281,ritz,3.0
1281,yogurtpretzels,4.0
1281,grapes,4.0
1281,edamame,3.0
1281,skittles,4.0
1281,celerysticks,4.0
1281,raspberries,5.0
1281,sweetpotato,5.0
1281,cucumberslices,3.0
1281,orangeslices,4.0
1281,triscuits,2.0
1281,oreos,3.0
1281,sunchips,1.0
1281,americancheese,4.0
1281,cheezits,5.0
1281,kiwi,5.0
1281,doughnuts,4.0
1281,pear,5.0
1281,cantaloupe,3.0
1281,cookies,3.0
1281,grahamcrackers,5.0
1281,wheatbread,3.0
1281,lox,4.0
1281,cherries,2.0
1281,blueberries,4.0
1281,banana,4.0
1281,trailmix,4.0
1281,icecream,4.0
1281,ricecakes,2.0
1281,minimuffins,2.0
1281,falafelwithpita,3.0
1281,kettlecorn,4.0
1281,chocolatepretzels,3.0
1281,sushi,5.0
1281,corncob,3.0
1281,olives,5.0
1281,granolabar,4.0
1281,avocado,4.0
1281,kitkat,3.0
1281,croissant,4.0
1281,carrotsticks,4.0
1281,salami,5.0
1281,saltines,4.0
1281,peaches,4.0
1284,sunchips,2.0
1284,olives,1.0
1284,grahamcrackers,4.0
1284,carrotsticks,3.0
1284,yogurtpretzels,4.0
1284,raspberries,4.0
1284,orangeslices,4.0
1284,poptarts,3.0
1284,lox,1.0
1284,deliturkey,3.0
1284,sourpatch,5.0
1284,mango,3.0
1284,americancheese,1.0
1284,edamame,2.0
1284,bagelplain,5.0
1284,cupcakes,5.0
1284,cheesecubes,2.0
1284,celerysticks,3.0
1284,saltines,5.0
1284,blueberries,4.0
1284,granolabar,2.0
1284,broccoli,5.0
1284,popsicles,4.0
1284,sushi,1.0
1284,pear,4.0
1284,kitkat,4.0
1284,cherrytomato,2.0
1284,pretzels,4.0
1284,chocolatepretzels,5.0
1284,cantaloupe,2.0
1284,oreos,5.0
1284,salami,1.0
1284,sweetpotato,3.0
1284,skittles,5.0
1284,corncob,5.0
1284,eggs,3.0
1284,ricecakes,3.0
1284,ritz,4.0
1284,icecream,5.0
1284,mushrooms,1.0
1284,appleslices,4.0
1284,bakedpotato,5.0
1284,cucumberslices,4.0
1284,cocktailshrimp,1.0
1284,doughnuts,5.0
1284,cookies,5.0
1284,avocado,3.0
1284,strawberries,5.0
1284,kettlecorn,4.0
1284,cheezits,4.0
1284,falafelwithpita,1.0
1284,banana,4.0
1284,wheatbread,4.0
1284,kiwi,4.0
1284,trailmix,2.0
1284,swedishfish,4.0
1284,peaches,3.0
1284,croissant,5.0
1284,triscuits,2.0
1284,cherries,2.0
1284,grapes,5.0
1284,doritos,4.0
1284,mms,5.0
1284,minimuffins,5.0
1284,potatochips,5.0
1285,mushrooms,4.0
1285,eggs,3.0
1285,popsicles,4.0
1285,ricecakes,3.0
1285,americancheese,3.0
1285,sushi,4.0
1285,oreos,5.0
1285,pear,5.0
1285,bakedpotato,5.0
1285,bagelplain,5.0
1285,banana,5.0
1285,icecream,5.0
1285,grahamcrackers,5.0
1285,peaches,5.0
1285,mango,5.0
1285,lox,5.0
1285,corncob,5.0
1285,potatochips,4.0
1285,olives,4.0
1285,minimuffins,5.0
1285,cherrytomato,5.0
1285,ritz,5.0
1285,kitkat,4.0
1285,wheatbread,4.0
1285,cheezits,4.0
1285,carrotsticks,4.0
1285,edamame,4.0
1285,poptarts,4.0
1285,kiwi,4.0
1285,grapes,4.0
1285,sourpatch,4.0
1285,strawberries,4.0
1285,falafelwithpita,4.0
1285,croissant,4.0
1285,cupcakes,4.0
1285,cucumberslices,4.0
1285,trailmix,4.0
1285,cocktailshrimp,4.0
1285,sweetpotato,4.0
1285,saltines,4.0
1285,triscuits,4.0
1285,pretzels,4.0
1285,kettlecorn,4.0
1285,raspberries,4.0
1285,cantaloupe,4.0
1285,swedishfish,4.0
1285,yogurtpretzels,4.0
1285,salami,4.0
1285,avocado,4.0
1285,appleslices,4.0
1285,granolabar,4.0
1285,deliturkey,4.0
1285,broccoli,3.0
1285,cherries,4.0
1285,cheesecubes,4.0
1285,sunchips,4.0
1285,chocolatepretzels,4.0
1285,doughnuts,3.0
1285,mms,4.0
1285,blueberries,4.0
1285,celerysticks,3.0
1285,doritos,5.0
1285,orangeslices,4.0
1285,cookies,5.0
1285,skittles,4.0
1286,oreos,4.0
1286,cheesecubes,4.0
1286,raspberries,5.0
1286,deliturkey,4.0
1286,kettlecorn,5.0
1286,yogurtpretzels,4.0
1286,mango,5.0
1286,grapes,5.0
1286,chocolatepretzels,4.0
1286,triscuits,4.0
1286,mushrooms,5.0
1286,appleslices,5.0
1286,croissant,4.0
1286,eggs,5.0
1286,cocktailshrimp,4.0
1286,cucumberslices,5.0
1286,strawberries,5.0
1286,olives,5.0
1286,poptarts,3.0
1286,ritz,4.0
1286,broccoli,5.0
1286,corncob,5.0
1286,salami,4.0
1286,grahamcrackers,4.0
1286,peaches,5.0
1286,orangeslices,5.0
1286,saltines,4.0
1286,blueberries,5.0
1286,kitkat,4.0
1286,sushi,3.0
1286,avocado,5.0
1286,cantaloupe,5.0
1286,cupcakes,4.0
1286,lox,4.0
1286,minimuffins,4.0
1286,icecream,4.0
1286,ricecakes,3.0
1286,cherrytomato,5.0
1286,bagelplain,3.0
1286,sunchips,4.0
1286,swedishfish,4.0
1286,sweetpotato,5.0
1286,celerysticks,5.0
1286,cheezits,4.0
1286,mms,4.0
1286,granolabar,4.0
1286,bakedpotato,3.0
1286,potatochips,4.0
1286,pear,5.0
1286,trailmix,4.0
1286,skittles,4.0
1286,cookies,4.0
1286,sourpatch,4.0
1286,doughnuts,4.0
1286,falafelwithpita,4.0
1286,edamame,5.0
1286,banana,5.0
1286,popsicles,4.0
1286,cherries,5.0
1286,carrotsticks,5.0
1286,kiwi,5.0
1286,americancheese,3.0
1286,pretzels,3.0
1286,doritos,3.0
1286,wheatbread,5.0
1287,cheezits,4.0
1287,pear,3.0
1287,mushrooms,3.0
1287,cherrytomato,4.0
1287,grapes,5.0
1287,cantaloupe,5.0
1287,blueberries,4.0
1287,salami,5.0
1287,bagelplain,5.0
1287,sushi,4.0
1287,edamame,3.0
1287,peaches,3.0
1287,sweetpotato,4.0
1287,wheatbread,4.0
1287,falafelwithpita,3.0
1287,celerysticks,2.0
1287,trailmix,5.0
1287,potatochips,5.0
1287,minimuffins,4.0
1287,lox,2.0
1287,orangeslices,3.0
1287,ritz,4.0
1287,carrotsticks,4.0
1287,triscuits,3.0
1287,mms,4.0
1287,olives,1.0
1287,icecream,3.0
1287,corncob,5.0
1287,pretzels,4.0
1287,popsicles,5.0
1287,cucumberslices,5.0
1287,chocolatepretzels,5.0
1287,kitkat,5.0
1287,swedishfish,4.0
1287,yogurtpretzels,5.0
1287,granolabar,4.0
1287,banana,5.0
1287,doritos,5.0
1287,eggs,5.0
1287,raspberries,4.0
1287,appleslices,3.0
1287,cherries,5.0
1287,avocado,5.0
1287,doughnuts,5.0
1287,kettlecorn,4.0
1287,sourpatch,5.0
1287,ricecakes,4.0
1287,skittles,4.0
1287,strawberries,4.0
1287,cocktailshrimp,3.0
1287,croissant,5.0
1287,grahamcrackers,4.0
1287,kiwi,5.0
1287,mango,5.0
1287,cupcakes,4.0
1287,sunchips,5.0
1287,poptarts,5.0
1287,cheesecubes,4.0
1287,oreos,4.0
1287,broccoli,4.0
1287,deliturkey,4.0
1287,cookies,5.0
1287,bakedpotato,5.0
1287,saltines,4.0
1287,americancheese,4.0
1288,yogurtpretzels,3.0
1288,kettlecorn,3.0
1288,pretzels,2.0
1288,trailmix,4.0
1288,mms,4.0
1288,raspberries,3.0
1288,bakedpotato,2.0
1288,icecream,5.0
1288,corncob,4.0
1288,deliturkey,5.0
1288,doughnuts,5.0
1288,pear,3.0
1288,saltines,3.0
1288,doritos,5.0
1288,sweetpotato,3.0
1288,oreos,5.0
1288,grahamcrackers,4.0
1288,potatochips,4.0
1288,popsicles,4.0
1288,lox,1.0
1288,grapes,3.0
1288,kiwi,4.0
1288,banana,3.0
1288,sushi,1.0
1288,americancheese,4.0
1288,avocado,4.0
1288,celerysticks,3.0
1288,ritz,4.0
1288,poptarts,4.0
1288,cookies,5.0
1288,appleslices,3.0
1288,cherrytomato,3.0
1288,croissant,4.0
1288,orangeslices,4.0
1288,skittles,4.0
1288,sourpatch,5.0
1288,kitkat,4.0
1288,olives,3.0
1288,peaches,4.0
1288,cucumberslices,3.0
1288,salami,5.0
1288,sunchips,4.0
1288,cantaloupe,4.0
1288,granolabar,3.0
1288,swedishfish,5.0
1288,wheatbread,3.0
1288,blueberries,4.0
1288,cheesecubes,3.0
1288,ricecakes,2.0
1288,mushrooms,5.0
1288,mango,3.0
1288,cherries,4.0
1288,bagelplain,4.0
1288,strawberries,4.0
1288,carrotsticks,3.0
1288,edamame,2.0
1288,eggs,4.0
1288,cocktailshrimp,5.0
1288,broccoli,3.0
1288,triscuits,3.0
1288,falafelwithpita,3.0
1288,chocolatepretzels,3.0
1288,cheezits,3.0
1288,cupcakes,5.0
1288,minimuffins,4.0
1289,cookies,3.0
1289,wheatbread,3.0
1289,bagelplain,4.0
1289,swedishfish,3.0
1289,chocolatepretzels,2.0
1289,cherrytomato,4.0
1289,avocado,4.0
1289,sweetpotato,4.0
1289,mms,4.0
1289,kiwi,4.0
1289,broccoli,2.0
1289,raspberries,3.0
1289,blueberries,4.0
1289,pretzels,3.0
1289,poptarts,4.0
1289,triscuits,4.0
1289,cucumberslices,4.0
1289,strawberries,4.0
1289,cantaloupe,5.0
1289,olives,2.0
1289,cheesecubes,3.0
1289,corncob,4.0
1289,sourpatch,2.0
1289,ritz,3.0
1289,trailmix,4.0
1289,sushi,4.0
1289,kettlecorn,4.0
1289,banana,4.0
1289,salami,1.0
1289,croissant,4.0
1289,oreos,5.0
1289,cupcakes,4.0
1289,kitkat,4.0
1289,mushrooms,3.0
1289,orangeslices,4.0
1289,granolabar,3.0
1289,eggs,2.0
1289,potatochips,4.0
1289,ricecakes,3.0
1289,icecream,4.0
1289,celerysticks,2.0
1289,sunchips,4.0
1289,skittles,4.0
1289,cherries,4.0
1289,popsicles,4.0
1289,americancheese,4.0
1289,carrotsticks,3.0
1289,deliturkey,1.0
1289,peaches,4.0
1289,cheezits,3.0
1289,cocktailshrimp,3.0
1289,lox,5.0
1289,doritos,4.0
1289,bakedpotato,4.0
1289,doughnuts,4.0
1289,grahamcrackers,3.0
1289,saltines,2.0
1289,grapes,3.0
1289,pear,3.0
1289,yogurtpretzels,5.0
1289,mango,4.0
1289,edamame,3.0
1289,falafelwithpita,4.0
1289,minimuffins,4.0
1289,appleslices,4.0
1290,edamame,4.0
1290,americancheese,5.0
1290,cucumberslices,4.0
1290,appleslices,5.0
1290,pretzels,3.0
1290,cherrytomato,4.0
1290,avocado,4.0
1290,lox,2.0
1290,kiwi,4.0
1290,potatochips,5.0
1290,cherries,5.0
1290,ricecakes,3.0
1290,skittles,5.0
1290,sunchips,3.0
1290,grahamcrackers,2.0
1290,mushrooms,2.0
1290,cheesecubes,4.0
1290,poptarts,4.0
1290,celerysticks,3.0
1290,cheezits,2.0
1290,bakedpotato,2.0
1290,sweetpotato,2.0
1290,corncob,4.0
1290,carrotsticks,4.0
1290,granolabar,2.0
1290,broccoli,3.0
1290,raspberries,4.0
1290,kitkat,5.0
1290,falafelwithpita,4.0
1290,strawberries,4.0
1290,wheatbread,5.0
1290,mango,3.0
1290,blueberries,5.0
1290,sushi,1.0
1290,peaches,2.0
1290,salami,4.0
1290,orangeslices,4.0
1290,olives,2.0
1290,swedishfish,3.0
1290,doughnuts,4.0
1290,pear,5.0
1290,cocktailshrimp,5.0
1290,eggs,3.0
1290,deliturkey,4.0
1290,triscuits,2.0
1290,popsicles,3.0
1290,minimuffins,4.0
1290,sourpatch,3.0
1290,trailmix,4.0
1290,cookies,4.0
1290,oreos,4.0
1290,banana,3.0
1290,kettlecorn,4.0
1290,cantaloupe,3.0
1290,yogurtpretzels,3.0
1290,chocolatepretzels,3.0
1290,icecream,4.0
1290,doritos,5.0
1290,croissant,4.0
1290,saltines,3.0
1290,cupcakes,4.0
1290,ritz,3.0
1290,bagelplain,4.0
1290,grapes,5.0
1290,mms,4.0
1291,trailmix,4.0
1291,sunchips,3.0
1291,deliturkey,1.0
1291,icecream,3.0
1291,cupcakes,4.0
1291,appleslices,5.0
1291,skittles,2.0
1291,lox,1.0
1291,cheezits,3.0
1291,cantaloupe,4.0
1291,raspberries,3.0
1291,blueberries,4.0
1291,ricecakes,3.0
1291,cheesecubes,2.0
1291,bagelplain,5.0
1291,orangeslices,4.0
1291,olives,1.0
1291,pear,5.0
1291,banana,5.0
1291,strawberries,4.0
1291,doritos,4.0
1291,sushi,1.0
1291,doughnuts,3.0
1291,saltines,3.0
1291,grapes,4.0
1291,swedishfish,2.0
1291,kiwi,1.0
1291,kitkat,4.0
1291,wheatbread,3.0
1291,granolabar,4.0
1291,mms,3.0
1291,bakedpotato,4.0
1291,cocktailshrimp,1.0
1291,americancheese,1.0
1291,triscuits,4.0
1291,cucumberslices,4.0
1291,carrotsticks,5.0
1291,potatochips,4.0
1291,avocado,2.0
1291,cookies,4.0
1291,grahamcrackers,3.0
1291,corncob,5.0
1291,poptarts,1.0
1291,pretzels,4.0
1291,chocolatepretzels,4.0
1291,eggs,2.0
1291,popsicles,1.0
1291,peaches,4.0
1291,sourpatch,2.0
1291,yogurtpretzels,4.0
1291,kettlecorn,4.0
1291,minimuffins,3.0
1291,cherries,4.0
1291,mushrooms,1.0
1291,croissant,3.0
1291,falafelwithpita,4.0
1291,oreos,4.0
1291,edamame,5.0
1291,ritz,3.0
1291,mango,4.0
1291,sweetpotato,2.0
1291,cherrytomato,4.0
1291,celerysticks,4.0
1291,salami,1.0
1291,broccoli,4.0
1292,deliturkey,5.0
1292,kiwi,4.0
1292,eggs,5.0
1292,edamame,2.0
1292,mango,2.0
1292,mushrooms,3.0
1292,bagelplain,4.0
1292,grapes,5.0
1292,pear,2.0
1292,raspberries,2.0
1292,skittles,5.0
1292,trailmix,3.0
1292,celerysticks,2.0
1292,grahamcrackers,4.0
1292,icecream,5.0
1292,ricecakes,2.0
1292,banana,4.0
1292,corncob,4.0
1292,cherries,5.0
1292,appleslices,5.0
1292,cantaloupe,5.0
1292,olives,5.0
1292,cupcakes,5.0
1292,lox,2.0
1292,sourpatch,5.0
1292,falafelwithpita,3.0
1292,strawberries,5.0
1292,potatochips,5.0
1292,blueberries,5.0
1292,cucumberslices,5.0
1292,doughnuts,5.0
1292,cocktailshrimp,5.0
1292,ritz,5.0
1292,cherrytomato,5.0
1292,cheezits,5.0
1292,sweetpotato,2.0
1292,minimuffins,4.0
1292,doritos,5.0
1292,popsicles,5.0
1292,peaches,2.0
1292,granolabar,3.0
1292,salami,5.0
1292,avocado,5.0
1292,kettlecorn,3.0
1292,triscuits,4.0
1292,chocolatepretzels,5.0
1292,oreos,5.0
1292,poptarts,4.0
1292,yogurtpretzels,5.0
1292,cookies,5.0
1292,kitkat,5.0
1292,orangeslices,5.0
1292,bakedpotato,2.0
1292,saltines,4.0
1292,mms,5.0
1292,swedishfish,5.0
1292,pretzels,5.0
1292,broccoli,5.0
1292,carrotsticks,4.0
1292,croissant,4.0
1292,wheatbread,5.0
1292,cheesecubes,5.0
1292,americancheese,5.0
1292,sunchips,4.0
1292,sushi,5.0
1293,bagelplain,4.0
1293,lox,2.0
1293,ritz,4.0
1293,sushi,2.0
1293,olives,2.0
1293,granolabar,4.0
1293,cheesecubes,5.0
1293,skittles,5.0
1293,kiwi,4.0
1293,grahamcrackers,4.0
1293,cookies,4.0
1293,wheatbread,4.0
1293,carrotsticks,3.0
1293,sweetpotato,4.0
1293,potatochips,5.0
1293,cheezits,5.0
1293,peaches,3.0
1293,poptarts,5.0
1293,mushrooms,2.0
1293,oreos,5.0
1293,swedishfish,4.0
1293,mms,4.0
1293,salami,2.0
1293,avocado,4.0
1293,sourpatch,4.0
1293,yogurtpretzels,4.0
1293,broccoli,4.0
1293,celerysticks,4.0
1293,doughnuts,5.0
1293,edamame,2.0
1293,pretzels,4.0
1293,minimuffins,4.0
1293,deliturkey,1.0
1293,saltines,4.0
1293,appleslices,4.0
1293,ricecakes,4.0
1293,cocktailshrimp,2.0
1293,icecream,3.0
1293,pear,4.0
1293,bakedpotato,4.0
1293,trailmix,4.0
1293,popsicles,4.0
1293,mango,3.0
1293,corncob,4.0
1293,banana,4.0
1293,blueberries,4.0
1293,falafelwithpita,4.0
1293,kettlecorn,4.0
1293,americancheese,5.0
1293,kitkat,4.0
1293,chocolatepretzels,4.0
1293,cantaloupe,3.0
1293,strawberries,4.0
1293,orangeslices,4.0
1293,croissant,5.0
1293,eggs,3.0
1293,triscuits,4.0
1293,grapes,4.0
1293,sunchips,1.0
1293,cherries,3.0
1293,doritos,4.0
1293,cupcakes,5.0
1293,cucumberslices,3.0
1293,raspberries,4.0
1293,cherrytomato,4.0
1294,mushrooms,5.0
1294,carrotsticks,4.0
1294,orangeslices,3.0
1294,kitkat,4.0
1294,wheatbread,4.0
1294,broccoli,5.0
1294,doritos,4.0
1294,sweetpotato,4.0
1294,yogurtpretzels,4.0
1294,ricecakes,4.0
1294,swedishfish,4.0
1294,grapes,5.0
1294,grahamcrackers,3.0
1294,olives,2.0
1294,sushi,5.0
1294,triscuits,4.0
1294,strawberries,5.0
1294,eggs,4.0
1294,bagelplain,4.0
1294,raspberries,5.0
1294,lox,5.0
1294,salami,2.0
1294,peaches,5.0
1294,pear,5.0
1294,potatochips,5.0
1294,bakedpotato,4.0
1294,ritz,4.0
1294,falafelwithpita,3.0
1294,trailmix,4.0
1294,icecream,4.0
1294,cherrytomato,4.0
1294,saltines,4.0
1294,minimuffins,4.0
1294,deliturkey,4.0
1294,mango,5.0
1294,kettlecorn,5.0
1294,mms,4.0
1294,avocado,4.0
1294,cocktailshrimp,5.0
1294,cantaloupe,5.0
1294,granolabar,4.0
1294,banana,4.0
1294,popsicles,4.0
1294,cheezits,4.0
1294,blueberries,5.0
1294,cherries,5.0
1294,cookies,4.0
1294,cheesecubes,4.0
1294,celerysticks,4.0
1294,appleslices,5.0
1294,poptarts,2.0
1294,sunchips,4.0
1294,edamame,5.0
1294,chocolatepretzels,4.0
1294,croissant,5.0
1294,kiwi,5.0
1294,cucumberslices,4.0
1294,americancheese,4.0
1294,corncob,4.0
1294,oreos,4.0
1294,sourpatch,2.0
1294,skittles,4.0
1294,pretzels,4.0
1294,doughnuts,4.0
1294,cupcakes,3.0
1295,swedishfish,1.0
1295,skittles,1.0
1295,yogurtpretzels,4.0
1295,cocktailshrimp,2.0
1295,cheesecubes,4.0
1295,kiwi,5.0
1295,poptarts,1.0
1295,sushi,1.0
1295,trailmix,4.0
1295,sweetpotato,4.0
1295,potatochips,4.0
1295,strawberries,5.0
1295,triscuits,2.0
1295,cherrytomato,4.0
1295,edamame,5.0
1295,raspberries,5.0
1295,peaches,5.0
1295,americancheese,4.0
1295,pretzels,3.0
1295,oreos,1.0
1295,kitkat,2.0
1295,icecream,2.0
1295,olives,3.0
1295,chocolatepretzels,2.0
1295,sunchips,4.0
1295,mushrooms,2.0
1295,deliturkey,3.0
1295,corncob,4.0
1295,bagelplain,2.0
1295,cucumberslices,5.0
1295,grapes,5.0
1295,mango,4.0
1295,orangeslices,5.0
1295,blueberries,5.0
1295,lox,2.0
1295,falafelwithpita,2.0
1295,croissant,2.0
1295,sourpatch,1.0
1295,eggs,4.0
1295,doritos,2.0
1295,cupcakes,1.0
1295,ritz,3.0
1295,cheezits,2.0
1295,kettlecorn,3.0
1295,cookies,1.0
1295,minimuffins,2.0
1295,broccoli,5.0
1295,avocado,2.0
1295,carrotsticks,5.0
1295,cherries,5.0
1295,bakedpotato,3.0
1295,grahamcrackers,3.0
1295,salami,4.0
1295,cantaloupe,5.0
1295,wheatbread,1.0
1295,banana,5.0
1295,mms,1.0
1295,appleslices,5.0
1295,celerysticks,5.0
1295,saltines,3.0
1295,granolabar,1.0
1295,doughnuts,1.0
1295,ricecakes,1.0
1295,pear,4.0
1295,popsicles,2.0
1296,grapes,4.0
1296,ritz,4.0
1296,grahamcrackers,5.0
1296,cookies,5.0
1296,oreos,2.0
1296,mushrooms,4.0
1296,deliturkey,3.0
1296,olives,4.0
1296,cantaloupe,1.0
1296,kettlecorn,4.0
1296,mms,2.0
1296,popsicles,2.0
1296,appleslices,5.0
1296,wheatbread,4.0
1296,doughnuts,3.0
1296,orangeslices,4.0
1296,sunchips,4.0
1296,cherries,5.0
1296,cheezits,1.0
1296,americancheese,1.0
1296,lox,5.0
1296,banana,5.0
1296,chocolatepretzels,5.0
1296,swedishfish,1.0
1296,strawberries,5.0
1296,bagelplain,4.0
1296,kitkat,4.0
1296,corncob,4.0
1296,sweetpotato,5.0
1296,cherrytomato,5.0
1296,yogurtpretzels,1.0
1296,edamame,2.0
1296,falafelwithpita,5.0
1296,cheesecubes,4.0
1296,salami,2.0
1296,kiwi,4.0
1296,pretzels,4.0
1296,saltines,4.0
1296,potatochips,2.0
1296,ricecakes,4.0
1296,sushi,5.0
1296,broccoli,4.0
1296,eggs,5.0
1296,granolabar,2.0
1296,mango,5.0
1296,cocktailshrimp,5.0
1296,peaches,5.0
1296,avocado,4.0
1296,doritos,4.0
1296,celerysticks,3.0
1296,pear,5.0
1296,sourpatch,1.0
1296,cucumberslices,4.0
1296,minimuffins,3.0
1296,poptarts,1.0
1296,carrotsticks,4.0
1296,skittles,1.0
1296,raspberries,4.0
1296,trailmix,4.0
1296,triscuits,4.0
1296,cupcakes,3.0
1296,blueberries,4.0
1296,icecream,4.0
1296,croissant,3.0
1296,bakedpotato,5.0
1297,popsicles,4.0
1297,eggs,4.0
1297,granolabar,4.0
1297,chocolatepretzels,4.0
1297,avocado,4.0
1297,cheesecubes,4.0
1297,trailmix,2.0
1297,strawberries,4.0
1297,mango,2.0
1297,ritz,4.0
1297,pretzels,4.0
1297,cherries,4.0
1297,salami,2.0
1297,sushi,1.0
1297,mms,4.0
1297,appleslices,2.0
1297,potatochips,4.0
1297,banana,4.0
1297,doughnuts,4.0
1297,sourpatch,4.0
1297,triscuits,2.0
1297,bagelplain,2.0
1297,corncob,4.0
1297,celerysticks,4.0
1297,cherrytomato,4.0
1297,cookies,5.0
1297,sunchips,4.0
1297,grapes,4.0
1297,raspberries,2.0
1297,oreos,4.0
1297,swedishfish,4.0
1297,peaches,4.0
1297,edamame,3.0
1297,mushrooms,2.0
1297,minimuffins,4.0
1297,americancheese,2.0
1297,carrotsticks,3.0
1297,yogurtpretzels,4.0
1297,broccoli,4.0
1297,icecream,3.0
1297,kiwi,2.0
1297,croissant,4.0
1297,falafelwithpita,3.0
1297,lox,2.0
1297,cocktailshrimp,4.0
1297,doritos,4.0
1297,pear,2.0
1297,blueberries,4.0
1297,cheezits,4.0
1297,deliturkey,4.0
1297,kettlecorn,3.0
1297,cantaloupe,1.0
1297,olives,4.0
1297,poptarts,4.0
1297,cucumberslices,4.0
1297,cupcakes,4.0
1297,grahamcrackers,5.0
1297,sweetpotato,4.0
1297,bakedpotato,5.0
1297,saltines,4.0
1297,orangeslices,2.0
1297,ricecakes,2.0
1297,wheatbread,2.0
1297,kitkat,5.0
1297,skittles,4.0
1298,sweetpotato,2.0
1298,triscuits,4.0
1298,trailmix,5.0
1298,cantaloupe,4.0
1298,grahamcrackers,4.0
1298,ritz,5.0
1298,blueberries,5.0
1298,pear,5.0
1298,cookies,5.0
1298,peaches,4.0
1298,carrotsticks,4.0
1298,ricecakes,2.0
1298,raspberries,4.0
1298,bakedpotato,5.0
1298,potatochips,5.0
1298,poptarts,4.0
1298,appleslices,4.0
1298,cupcakes,4.0
1298,kettlecorn,3.0
1298,pretzels,3.0
1298,sushi,5.0
1298,falafelwithpita,3.0
1298,saltines,5.0
1298,deliturkey,4.0
1298,kiwi,5.0
1298,orangeslices,5.0
1298,salami,5.0
1298,cucumberslices,5.0
1298,olives,3.0
1298,doritos,5.0
1298,avocado,5.0
1298,corncob,5.0
1298,cherries,5.0
1298,celerysticks,3.0
1298,banana,5.0
1298,popsicles,5.0
1298,chocolatepretzels,5.0
1298,grapes,4.0
1298,doughnuts,4.0
1298,sunchips,5.0
1298,minimuffins,5.0
1298,skittles,5.0
1298,americancheese,5.0
1298,bagelplain,4.0
1298,mms,5.0
1298,wheatbread,4.0
1298,cocktailshrimp,5.0
1298,sourpatch,5.0
1298,cheezits,5.0
1298,eggs,5.0
1298,cheesecubes,4.0
1298,kitkat,5.0
1298,mango,4.0
1298,lox,5.0
1298,strawberries,5.0
1298,croissant,4.0
1298,cherrytomato,4.0
1298,broccoli,3.0
1298,icecream,3.0
1298,granolabar,5.0
1298,oreos,5.0
1298,yogurtpretzels,3.0
1298,swedishfish,3.0
1298,mushrooms,3.0
1298,edamame,2.0
1299,sunchips,4.0
1299,chocolatepretzels,4.0
1299,strawberries,5.0
1299,ricecakes,4.0
1299,kitkat,5.0
1299,trailmix,4.0
1299,bagelplain,4.0
1299,olives,2.0
1299,croissant,5.0
1299,salami,4.0
1299,grahamcrackers,5.0
1299,appleslices,5.0
1299,eggs,4.0
1299,grapes,5.0
1299,celerysticks,5.0
1299,blueberries,2.0
1299,mms,5.0
1299,cucumberslices,5.0
1299,deliturkey,4.0
1299,carrotsticks,5.0
1299,ritz,5.0
1299,sourpatch,5.0
1299,popsicles,5.0
1299,yogurtpretzels,4.0
1299,falafelwithpita,3.0
1299,skittles,5.0
1299,minimuffins,4.0
1299,cookies,5.0
1299,corncob,5.0
1299,icecream,5.0
1299,poptarts,5.0
1299,broccoli,4.0
1299,wheatbread,4.0
1299,cupcakes,5.0
1299,sweetpotato,3.0
1299,doritos,4.0
1299,cocktailshrimp,4.0
1299,pretzels,5.0
1299,raspberries,4.0
1299,avocado,4.0
1299,swedishfish,4.0
1299,cherries,5.0
1299,potatochips,5.0
1299,lox,3.0
1299,peaches,5.0
1299,saltines,5.0
1299,triscuits,4.0
1299,granolabar,4.0
1299,americancheese,4.0
1299,oreos,5.0
1299,bakedpotato,5.0
1299,pear,5.0
1299,cantaloupe,2.0
1299,cheesecubes,4.0
1299,mango,3.0
1299,orangeslices,5.0
1299,kettlecorn,5.0
1299,cheezits,4.0
1299,kiwi,2.0
1299,doughnuts,5.0
1299,sushi,4.0
1299,edamame,4.0
1299,cherrytomato,5.0
1299,banana,5.0
1299,mushrooms,5.0
1304,minimuffins,5.0
1304,edamame,4.0
1304,sunchips,5.0
1304,corncob,4.0
1304,deliturkey,4.0
1304,trailmix,4.0
1304,strawberries,4.0
1304,carrotsticks,4.0
1304,cupcakes,4.0
1304,americancheese,2.0
1304,granolabar,5.0
1304,chocolatepretzels,3.0
1304,kiwi,5.0
1304,potatochips,3.0
1304,poptarts,3.0
1304,bagelplain,1.0
1304,pear,4.0
1304,cherrytomato,3.0
1304,peaches,4.0
1304,doughnuts,4.0
1304,orangeslices,3.0
1304,grahamcrackers,5.0
1304,salami,3.0
1304,kettlecorn,3.0
1304,mushrooms,4.0
1304,blueberries,3.0
1304,eggs,4.0
1304,kitkat,3.0
1304,raspberries,3.0
1304,sushi,4.0
1304,icecream,5.0
1304,yogurtpretzels,3.0
1304,wheatbread,3.0
1304,lox,5.0
1304,triscuits,4.0
1304,cucumberslices,3.0
1304,bakedpotato,4.0
1304,olives,3.0
1304,ricecakes,5.0
1304,swedishfish,5.0
1304,sweetpotato,4.0
1304,cheezits,5.0
1304,banana,4.0
1304,ritz,4.0
1304,grapes,5.0
1304,mms,3.0
1304,appleslices,3.0
1304,cocktailshrimp,3.0
1304,falafelwithpita,5.0
1304,mango,3.0
1304,oreos,3.0
1304,saltines,1.0
1304,doritos,3.0
1304,cherries,3.0
1304,cantaloupe,3.0
1304,celerysticks,5.0
1304,skittles,3.0
1304,pretzels,3.0
1304,broccoli,3.0
1304,popsicles,4.0
1304,cheesecubes,3.0
1304,croissant,4.0
1304,sourpatch,3.0
1304,avocado,3.0
1304,cookies,4.0
1305,yogurtpretzels,2.0
1305,mms,4.0
1305,avocado,1.0
1305,granolabar,2.0
1305,broccoli,3.0
1305,popsicles,1.0
1305,triscuits,4.0
1305,raspberries,4.0
1305,lox,3.0
1305,kiwi,2.0
1305,swedishfish,5.0
1305,kettlecorn,1.0
1305,poptarts,4.0
1305,doughnuts,5.0
1305,wheatbread,5.0
1305,minimuffins,4.0
1305,sushi,1.0
1305,falafelwithpita,4.0
1305,peaches,5.0
1305,cherrytomato,4.0
1305,bakedpotato,5.0
1305,banana,5.0
1305,icecream,5.0
1305,cherries,4.0
1305,saltines,4.0
1305,deliturkey,5.0
1305,americancheese,5.0
1305,pretzels,1.0
1305,croissant,4.0
1305,ricecakes,3.0
1305,orangeslices,5.0
1305,salami,3.0
1305,corncob,5.0
1305,grapes,5.0
1305,cookies,5.0
1305,cupcakes,4.0
1305,trailmix,4.0
1305,cheezits,3.0
1305,mango,4.0
1305,cocktailshrimp,5.0
1305,kitkat,5.0
1305,blueberries,4.0
1305,eggs,5.0
1305,strawberries,5.0
1305,oreos,5.0
1305,cucumberslices,2.0
1305,sunchips,3.0
1305,carrotsticks,4.0
1305,appleslices,5.0
1305,celerysticks,3.0
1305,bagelplain,4.0
1305,grahamcrackers,4.0
1305,cheesecubes,3.0
1305,cantaloupe,5.0
1305,mushrooms,3.0
1305,edamame,4.0
1305,skittles,4.0
1305,potatochips,5.0
1305,pear,5.0
1305,chocolatepretzels,1.0
1305,sweetpotato,4.0
1305,sourpatch,2.0
1305,olives,2.0
1305,doritos,5.0
1305,ritz,4.0
1306,mango,4.0
1306,strawberries,5.0
1306,grahamcrackers,3.0
1306,mushrooms,4.0
1306,falafelwithpita,4.0
1306,deliturkey,2.0
1306,orangeslices,5.0
1306,ricecakes,3.0
1306,granolabar,2.0
1306,cantaloupe,4.0
1306,celerysticks,3.0
1306,grapes,4.0
1306,cupcakes,4.0
1306,kitkat,4.0
1306,olives,5.0
1306,pear,4.0
1306,carrotsticks,2.0
1306,lox,2.0
1306,ritz,2.0
1306,kiwi,4.0
1306,banana,3.0
1306,edamame,3.0
1306,potatochips,2.0
1306,trailmix,4.0
1306,yogurtpretzels,1.0
1306,skittles,4.0
1306,corncob,3.0
1306,eggs,2.0
1306,sourpatch,1.0
1306,poptarts,2.0
1306,kettlecorn,2.0
1306,cheesecubes,3.0
1306,cheezits,1.0
1306,salami,2.0
1306,raspberries,4.0
1306,sunchips,2.0
1306,doritos,2.0
1306,swedishfish,1.0
1306,doughnuts,4.0
1306,appleslices,4.0
1306,avocado,3.0
1306,broccoli,4.0
1306,cookies,4.0
1306,cherrytomato,4.0
1306,peaches,5.0
1306,icecream,4.0
1306,sweetpotato,1.0
1306,bagelplain,2.0
1306,triscuits,3.0
1306,wheatbread,3.0
1306,americancheese,4.0
1306,oreos,2.0
1306,bakedpotato,3.0
1306,blueberries,4.0
1306,mms,4.0
1306,sushi,5.0
1306,popsicles,2.0
1306,saltines,3.0
1306,croissant,4.0
1306,chocolatepretzels,2.0
1306,cocktailshrimp,2.0
1306,minimuffins,2.0
1306,cucumberslices,4.0
1306,cherries,4.0
1306,pretzels,2.0
1307,pretzels,4.0
1307,celerysticks,4.0
1307,corncob,4.0
1307,cupcakes,5.0
1307,salami,4.0
1307,chocolatepretzels,4.0
1307,popsicles,4.0
1307,carrotsticks,4.0
1307,bagelplain,4.0
1307,cookies,4.0
1307,sourpatch,4.0
1307,kitkat,4.0
1307,blueberries,5.0
1307,sunchips,2.0
1307,saltines,4.0
1307,icecream,3.0
1307,skittles,4.0
1307,banana,5.0
1307,grahamcrackers,4.0
1307,pear,4.0
1307,falafelwithpita,3.0
1307,oreos,3.0
1307,ritz,4.0
1307,kiwi,5.0
1307,wheatbread,4.0
1307,broccoli,4.0
1307,peaches,4.0
1307,cherrytomato,4.0
1307,cheezits,4.0
1307,minimuffins,4.0
1307,trailmix,3.0
1307,edamame,4.0
1307,lox,2.0
1307,potatochips,4.0
1307,raspberries,3.0
1307,swedishfish,3.0
1307,grapes,4.0
1307,doughnuts,4.0
1307,mms,4.0
1307,olives,4.0
1307,avocado,2.0
1307,strawberries,5.0
1307,doritos,4.0
1307,cocktailshrimp,5.0
1307,appleslices,4.0
1307,granolabar,3.0
1307,americancheese,4.0
1307,cucumberslices,4.0
1307,kettlecorn,4.0
1307,eggs,5.0
1307,orangeslices,4.0
1307,triscuits,2.0
1307,cherries,5.0
1307,deliturkey,3.0
1307,mango,4.0
1307,croissant,4.0
1307,sushi,1.0
1307,bakedpotato,5.0
1307,cheesecubes,4.0
1307,yogurtpretzels,4.0
1307,sweetpotato,5.0
1307,ricecakes,4.0
1307,mushrooms,4.0
1307,poptarts,4.0
1307,cantaloupe,4.0
1308,cantaloupe,4.0
1308,cupcakes,5.0
1308,kiwi,3.0
1308,strawberries,2.0
1308,olives,1.0
1308,trailmix,3.0
1308,doughnuts,5.0
1308,wheatbread,4.0
1308,cucumberslices,1.0
1308,saltines,3.0
1308,triscuits,3.0
1308,grapes,5.0
1308,deliturkey,4.0
1308,mms,3.0
1308,granolabar,4.0
1308,appleslices,5.0
1308,peaches,3.0
1308,edamame,1.0
1308,eggs,3.0
1308,banana,2.0
1308,grahamcrackers,3.0
1308,popsicles,5.0
1308,broccoli,3.0
1308,skittles,2.0
1308,poptarts,3.0
1308,avocado,1.0
1308,chocolatepretzels,4.0
1308,doritos,4.0
1308,pretzels,4.0
1308,swedishfish,1.0
1308,sweetpotato,1.0
1308,kettlecorn,1.0
1308,minimuffins,4.0
1308,pear,5.0
1308,celerysticks,3.0
1308,yogurtpretzels,4.0
1308,sunchips,1.0
1308,blueberries,1.0
1308,raspberries,1.0
1308,oreos,3.0
1308,mushrooms,1.0
1308,salami,1.0
1308,ricecakes,3.0
1308,sourpatch,1.0
1308,orangeslices,4.0
1308,mango,1.0
1308,cherries,1.0
1308,bakedpotato,4.0
1308,lox,1.0
1308,croissant,3.0
1308,potatochips,4.0
1308,cherrytomato,1.0
1308,cheezits,5.0
1308,corncob,3.0
1308,bagelplain,4.0
1308,americancheese,5.0
1308,ritz,3.0
1308,cookies,4.0
1308,sushi,1.0
1308,icecream,4.0
1308,cheesecubes,1.0
1308,carrotsticks,1.0
1308,falafelwithpita,3.0
1308,kitkat,5.0
1308,cocktailshrimp,1.0
1311,croissant,5.0
1311,ricecakes,3.0
1311,mango,5.0
1311,raspberries,4.0
1311,potatochips,5.0
1311,bagelplain,4.0
1311,granolabar,5.0
1311,cherries,5.0
1311,mushrooms,4.0
1311,cantaloupe,5.0
1311,sunchips,4.0
1311,olives,5.0
1311,popsicles,5.0
1311,swedishfish,4.0
1311,minimuffins,5.0
1311,sushi,3.0
1311,cherrytomato,4.0
1311,appleslices,5.0
1311,icecream,4.0
1311,falafelwithpita,4.0
1311,cheesecubes,5.0
1311,doughnuts,4.0
1311,cookies,5.0
1311,oreos,4.0
1311,cucumberslices,5.0
1311,kiwi,5.0
1311,salami,3.0
1311,yogurtpretzels,4.0
1311,pretzels,4.0
1311,chocolatepretzels,4.0
1311,celerysticks,5.0
1311,grahamcrackers,5.0
1311,orangeslices,5.0
1311,wheatbread,4.0
1311,lox,5.0
1311,blueberries,5.0
1311,mms,5.0
1311,grapes,5.0
1311,avocado,2.0
1311,trailmix,4.0
1311,sweetpotato,4.0
1311,sourpatch,5.0
1311,ritz,5.0
1311,deliturkey,4.0
1311,eggs,5.0
1311,edamame,2.0
1311,broccoli,5.0
1311,triscuits,4.0
1311,peaches,5.0
1311,poptarts,3.0
1311,strawberries,5.0
1311,carrotsticks,5.0
1311,corncob,5.0
1311,americancheese,5.0
1311,cupcakes,5.0
1311,cocktailshrimp,5.0
1311,banana,5.0
1311,cheezits,5.0
1311,doritos,5.0
1311,saltines,5.0
1311,skittles,5.0
1311,bakedpotato,5.0
1311,pear,5.0
1311,kettlecorn,4.0
1311,kitkat,5.0
1313,kitkat,5.0
1313,doughnuts,5.0
1313,poptarts,4.0
1313,saltines,4.0
1313,potatochips,4.0
1313,cheesecubes,3.0
1313,cheezits,5.0
1313,orangeslices,4.0
1313,bagelplain,4.0
1313,sweetpotato,1.0
1313,mushrooms,1.0
1313,corncob,1.0
1313,peaches,1.0
1313,cherries,2.0
1313,raspberries,3.0
1313,kiwi,1.0
1313,edamame,5.0
1313,banana,4.0
1313,celerysticks,1.0
1313,salami,1.0
1313,bakedpotato,5.0
1313,wheatbread,3.0
1313,pear,1.0
1313,carrotsticks,1.0
1313,minimuffins,3.0
1313,kettlecorn,3.0
1313,grapes,3.0
1313,cucumberslices,1.0
1313,granolabar,4.0
1313,croissant,4.0
1313,avocado,5.0
1313,popsicles,1.0
1313,ritz,3.0
1313,cocktailshrimp,1.0
1313,trailmix,1.0
1313,chocolatepretzels,5.0
1313,cherrytomato,1.0
1313,mms,4.0
1313,mango,5.0
1313,americancheese,1.0
1313,ricecakes,3.0
1313,yogurtpretzels,3.0
1313,olives,1.0
1313,doritos,4.0
1313,strawberries,5.0
1313,sourpatch,3.0
1313,grahamcrackers,3.0
1313,oreos,3.0
1313,swedishfish,3.0
1313,lox,1.0
1313,eggs,3.0
1313,sunchips,4.0
1313,cookies,5.0
1313,appleslices,5.0
1313,deliturkey,1.0
1313,icecream,3.0
1313,cantaloupe,4.0
1313,triscuits,4.0
1313,blueberries,3.0
1313,skittles,3.0
1313,falafelwithpita,1.0
1313,cupcakes,4.0
1313,pretzels,3.0
1313,sushi,1.0
1313,broccoli,4.0
1314,cucumberslices,3.0
1314,peaches,4.0
1314,eggs,4.0
1314,poptarts,3.0
1314,mango,4.0
1314,blueberries,4.0
1314,minimuffins,4.0
1314,mushrooms,3.0
1314,grapes,4.0
1314,lox,4.0
1314,salami,4.0
1314,doughnuts,4.0
1314,pear,4.0
1314,triscuits,4.0
1314,trailmix,4.0
1314,appleslices,4.0
1314,croissant,4.0
1314,celerysticks,4.0
1314,edamame,3.0
1314,saltines,4.0
1314,skittles,4.0
1314,sourpatch,4.0
1314,pretzels,4.0
1314,cheesecubes,3.0
1314,wheatbread,4.0
1314,sweetpotato,3.0
1314,cupcakes,4.0
1314,ritz,4.0
1314,potatochips,4.0
1314,sunchips,4.0
1314,kettlecorn,4.0
1314,doritos,4.0
1314,deliturkey,3.0
1314,cheezits,5.0
1314,kiwi,3.0
1314,cookies,4.0
1314,ricecakes,2.0
1314,kitkat,3.0
1314,cocktailshrimp,4.0
1314,americancheese,3.0
1314,yogurtpretzels,4.0
1314,granolabar,4.0
1314,orangeslices,2.0
1314,cantaloupe,4.0
1314,swedishfish,4.0
1314,chocolatepretzels,4.0
1314,mms,4.0
1314,bakedpotato,3.0
1314,strawberries,5.0
1314,banana,5.0
1314,icecream,4.0
1314,cherrytomato,3.0
1314,bagelplain,4.0
1314,popsicles,5.0
1314,grahamcrackers,4.0
1314,sushi,4.0
1314,falafelwithpita,4.0
1314,oreos,4.0
1314,cherries,4.0
1314,broccoli,4.0
1314,olives,4.0
1314,raspberries,5.0
1314,avocado,4.0
1314,carrotsticks,3.0
1314,corncob,4.0
1315,wheatbread,4.0
1315,croissant,5.0
1315,bakedpotato,5.0
1315,blueberries,3.0
1315,doritos,4.0
1315,poptarts,4.0
1315,kitkat,5.0
1315,kiwi,4.0
1315,salami,3.0
1315,deliturkey,4.0
1315,corncob,5.0
1315,broccoli,5.0
1315,grahamcrackers,5.0
1315,oreos,4.0
1315,cantaloupe,5.0
1315,olives,5.0
1315,cocktailshrimp,5.0
1315,falafelwithpita,5.0
1315,minimuffins,4.0
1315,cheesecubes,5.0
1315,chocolatepretzels,4.0
1315,grapes,5.0
1315,ritz,4.0
1315,cheezits,4.0
1315,granolabar,4.0
1315,yogurtpretzels,4.0
1315,potatochips,5.0
1315,saltines,4.0
1315,cherries,3.0
1315,pretzels,4.0
1315,sunchips,5.0
1315,mushrooms,4.0
1315,skittles,4.0
1315,americancheese,4.0
1315,avocado,5.0
1315,ricecakes,4.0
1315,trailmix,5.0
1315,mms,4.0
1315,raspberries,5.0
1315,lox,5.0
1315,cucumberslices,5.0
1315,appleslices,5.0
1315,popsicles,4.0
1315,sweetpotato,5.0
1315,orangeslices,2.0
1315,cherrytomato,4.0
1315,carrotsticks,5.0
1315,edamame,5.0
1315,peaches,4.0
1315,eggs,5.0
1315,banana,4.0
1315,triscuits,5.0
1315,icecream,5.0
1315,celerysticks,4.0
1315,sourpatch,5.0
1315,mango,5.0
1315,swedishfish,4.0
1315,sushi,5.0
1315,strawberries,3.0
1315,pear,4.0
1315,cookies,5.0
1315,bagelplain,5.0
1315,kettlecorn,5.0
1315,doughnuts,5.0
1315,cupcakes,5.0
1316,skittles,4.0
1316,yogurtpretzels,4.0
1316,chocolatepretzels,4.0
1316,cheezits,5.0
1316,bakedpotato,5.0
1316,saltines,4.0
1316,cherrytomato,3.0
1316,lox,4.0
1316,broccoli,2.0
1316,grahamcrackers,4.0
1316,appleslices,5.0
1316,cherries,4.0
1316,mms,4.0
1316,kiwi,3.0
1316,mango,5.0
1316,olives,1.0
1316,cupcakes,4.0
1316,raspberries,4.0
1316,doritos,4.0
1316,cucumberslices,3.0
1316,corncob,5.0
1316,kettlecorn,4.0
1316,ricecakes,3.0
1316,bagelplain,5.0
1316,popsicles,4.0
1316,minimuffins,4.0
1316,kitkat,3.0
1316,cocktailshrimp,4.0
1316,cookies,4.0
1316,pear,2.0
1316,croissant,5.0
1316,sweetpotato,3.0
1316,swedishfish,4.0
1316,carrotsticks,3.0
1316,sunchips,4.0
1316,banana,4.0
1316,wheatbread,4.0
1316,icecream,4.0
1316,ritz,4.0
1316,pretzels,4.0
1316,strawberries,4.0
1316,cantaloupe,2.0
1316,triscuits,3.0
1316,sushi,5.0
1316,falafelwithpita,4.0
1316,peaches,4.0
1316,oreos,3.0
1316,orangeslices,4.0
1316,granolabar,2.0
1316,potatochips,4.0
1316,deliturkey,4.0
1316,mushrooms,3.0
1316,grapes,4.0
1316,blueberries,4.0
1316,salami,5.0
1316,celerysticks,2.0
1316,avocado,5.0
1316,eggs,4.0
1316,americancheese,2.0
1316,edamame,4.0
1316,sourpatch,4.0
1316,doughnuts,4.0
1316,trailmix,3.0
1316,cheesecubes,3.0
1316,poptarts,2.0
1317,popsicles,3.0
1317,skittles,3.0
1317,icecream,4.0
1317,cherrytomato,5.0
1317,chocolatepretzels,4.0
1317,edamame,5.0
1317,sunchips,4.0
1317,olives,3.0
1317,cucumberslices,5.0
1317,granolabar,4.0
1317,pear,5.0
1317,bakedpotato,4.0
1317,oreos,2.0
1317,mms,1.0
1317,kettlecorn,4.0
1317,doritos,3.0
1317,poptarts,4.0
1317,mushrooms,4.0
1317,avocado,5.0
1317,celerysticks,3.0
1317,cherries,5.0
1317,banana,5.0
1317,carrotsticks,4.0
1317,salami,2.0
1317,peaches,4.0
1317,trailmix,4.0
1317,doughnuts,2.0
1317,grapes,5.0
1317,yogurtpretzels,1.0
1317,americancheese,3.0
1317,triscuits,4.0
1317,ricecakes,2.0
1317,sourpatch,3.0
1317,cheesecubes,3.0
1317,swedishfish,1.0
1317,mango,5.0
1317,cupcakes,5.0
1317,bagelplain,4.0
1317,eggs,5.0
1317,wheatbread,4.0
1317,strawberries,5.0
1317,sushi,3.0
1317,orangeslices,4.0
1317,falafelwithpita,3.0
1317,corncob,5.0
1317,croissant,5.0
1317,raspberries,4.0
1317,broccoli,3.0
1317,blueberries,3.0
1317,grahamcrackers,4.0
1317,pretzels,3.0
1317,cheezits,2.0
1317,kiwi,3.0
1317,ritz,4.0
1317,minimuffins,4.0
1317,lox,2.0
1317,kitkat,3.0
1317,saltines,4.0
1317,cantaloupe,5.0
1317,cocktailshrimp,4.0
1317,potatochips,4.0
1317,cookies,4.0
1317,appleslices,5.0
1317,sweetpotato,4.0
1317,deliturkey,3.0
1318,doritos,4.0
1318,popsicles,4.0
1318,mms,3.0
1318,saltines,5.0
1318,mango,5.0
1318,bagelplain,4.0
1318,pretzels,4.0
1318,kiwi,5.0
1318,potatochips,2.0
1318,grapes,5.0
1318,salami,4.0
1318,cherries,4.0
1318,ricecakes,4.0
1318,mushrooms,5.0
1318,ritz,4.0
1318,corncob,5.0
1318,cheesecubes,2.0
1318,orangeslices,4.0
1318,cantaloupe,5.0
1318,sunchips,4.0
1318,eggs,5.0
1318,yogurtpretzels,4.0
1318,doughnuts,4.0
1318,strawberries,5.0
1318,wheatbread,4.0
1318,cheezits,2.0
1318,avocado,4.0
1318,trailmix,4.0
1318,lox,2.0
1318,sweetpotato,3.0
1318,chocolatepretzels,4.0
1318,cookies,4.0
1318,triscuits,5.0
1318,deliturkey,3.0
1318,cocktailshrimp,5.0
1318,carrotsticks,5.0
1318,celerysticks,4.0
1318,cucumberslices,4.0
1318,sushi,2.0
1318,swedishfish,2.0
1318,falafelwithpita,4.0
1318,blueberries,5.0
1318,cherrytomato,4.0
1318,kettlecorn,4.0
1318,bakedpotato,4.0
1318,olives,2.0
1318,broccoli,5.0
1318,skittles,1.0
1318,cupcakes,4.0
1318,kitkat,4.0
1318,minimuffins,5.0
1318,appleslices,5.0
1318,americancheese,4.0
1318,banana,5.0
1318,raspberries,5.0
1318,icecream,3.0
1318,oreos,5.0
1318,granolabar,4.0
1318,peaches,4.0
1318,croissant,4.0
1318,poptarts,2.0
1318,pear,5.0
1318,grahamcrackers,4.0
1318,sourpatch,1.0
1318,edamame,3.0
1319,granolabar,4.0
1319,kitkat,4.0
1319,celerysticks,3.0
1319,popsicles,2.0
1319,oreos,4.0
1319,saltines,5.0
1319,deliturkey,4.0
1319,strawberries,5.0
1319,sweetpotato,3.0
1319,appleslices,4.0
1319,corncob,5.0
1319,orangeslices,5.0
1319,cupcakes,2.0
1319,grahamcrackers,4.0
1319,wheatbread,4.0
1319,cucumberslices,4.0
1319,bagelplain,3.0
1319,ritz,3.0
1319,edamame,3.0
1319,mushrooms,2.0
1319,kettlecorn,2.0
1319,eggs,4.0
1319,chocolatepretzels,3.0
1319,cantaloupe,5.0
1319,cherrytomato,4.0
1319,carrotsticks,4.0
1319,cheesecubes,5.0
1319,lox,4.0
1319,falafelwithpita,2.0
1319,kiwi,4.0
1319,swedishfish,1.0
1319,sourpatch,1.0
1319,minimuffins,2.0
1319,mms,1.0
1319,ricecakes,3.0
1319,sushi,4.0
1319,americancheese,4.0
1319,cheezits,2.0
1319,blueberries,4.0
1319,skittles,1.0
1319,croissant,5.0
1319,trailmix,3.0
1319,broccoli,4.0
1319,sunchips,4.0
1319,bakedpotato,4.0
1319,cocktailshrimp,5.0
1319,banana,5.0
1319,cookies,3.0
1319,triscuits,3.0
1319,doritos,4.0
1319,doughnuts,2.0
1319,pear,5.0
1319,raspberries,4.0
1319,icecream,2.0
1319,peaches,4.0
1319,pretzels,3.0
1319,salami,2.0
1319,mango,4.0
1319,potatochips,3.0
1319,avocado,5.0
1319,cherries,4.0
1319,olives,5.0
1319,yogurtpretzels,3.0
1319,poptarts,2.0
1319,grapes,4.0
1320,sourpatch,1.0
1320,wheatbread,4.0
1320,cantaloupe,5.0
1320,sunchips,2.0
1320,saltines,4.0
1320,kettlecorn,3.0
1320,sushi,4.0
1320,granolabar,4.0
1320,oreos,2.0
1320,lox,4.0
1320,doritos,2.0
1320,corncob,5.0
1320,eggs,5.0
1320,cherries,4.0
1320,popsicles,1.0
1320,olives,4.0
1320,salami,2.0
1320,cookies,2.0
1320,kiwi,4.0
1320,americancheese,5.0
1320,poptarts,3.0
1320,ricecakes,3.0
1320,strawberries,4.0
1320,bagelplain,4.0
1320,cheesecubes,5.0
1320,cupcakes,2.0
1320,doughnuts,2.0
1320,mango,4.0
1320,pretzels,3.0
1320,grapes,5.0
1320,minimuffins,2.0
1320,kitkat,4.0
1320,broccoli,5.0
1320,icecream,3.0
1320,mushrooms,4.0
1320,carrotsticks,4.0
1320,sweetpotato,3.0
1320,bakedpotato,3.0
1320,chocolatepretzels,3.0
1320,grahamcrackers,2.0
1320,deliturkey,4.0
1320,potatochips,2.0
1320,avocado,4.0
1320,orangeslices,5.0
1320,trailmix,2.0
1320,falafelwithpita,3.0
1320,peaches,4.0
1320,banana,5.0
1320,blueberries,4.0
1320,cucumberslices,5.0
1320,croissant,4.0
1320,cocktailshrimp,5.0
1320,cherrytomato,4.0
1320,swedishfish,2.0
1320,skittles,2.0
1320,raspberries,4.0
1320,cheezits,1.0
1320,ritz,3.0
1320,triscuits,4.0
1320,mms,2.0
1320,appleslices,4.0
1320,edamame,3.0
1320,pear,4.0
1320,celerysticks,3.0
1320,yogurtpretzels,3.0
1321,popsicles,4.0
1321,raspberries,3.0
1321,mushrooms,2.0
1321,kitkat,5.0
1321,sourpatch,2.0
1321,avocado,3.0
1321,grapes,5.0
1321,doritos,4.0
1321,deliturkey,3.0
1321,swedishfish,3.0
1321,trailmix,4.0
1321,skittles,4.0
1321,cheesecubes,3.0
1321,salami,2.0
1321,minimuffins,5.0
1321,orangeslices,5.0
1321,bagelplain,4.0
1321,pretzels,4.0
1321,icecream,5.0
1321,triscuits,2.0
1321,sushi,5.0
1321,cocktailshrimp,3.0
1321,cantaloupe,3.0
1321,pear,4.0
1321,falafelwithpita,3.0
1321,corncob,4.0
1321,peaches,3.0
1321,saltines,2.0
1321,appleslices,5.0
1321,grahamcrackers,4.0
1321,poptarts,4.0
1321,strawberries,3.0
1321,cherrytomato,4.0
1321,potatochips,4.0
1321,yogurtpretzels,4.0
1321,kiwi,3.0
1321,ricecakes,3.0
1321,americancheese,2.0
1321,bakedpotato,3.0
1321,carrotsticks,2.0
1321,granolabar,3.0
1321,wheatbread,3.0
1321,croissant,3.0
1321,broccoli,2.0
1321,mms,4.0
1321,chocolatepretzels,4.0
1321,olives,3.0
1321,cherries,3.0
1321,banana,4.0
1321,celerysticks,2.0
1321,cheezits,3.0
1321,cookies,5.0
1321,blueberries,4.0
1321,oreos,4.0
1321,cupcakes,4.0
1321,kettlecorn,3.0
1321,ritz,4.0
1321,mango,3.0
1321,cucumberslices,3.0
1321,sweetpotato,4.0
1321,eggs,4.0
1321,edamame,1.0
1321,lox,3.0
1321,sunchips,2.0
1321,doughnuts,5.0
1322,croissant,4.0
1322,swedishfish,3.0
1322,bakedpotato,4.0
1322,lox,3.0
1322,oreos,5.0
1322,salami,4.0
1322,yogurtpretzels,4.0
1322,wheatbread,2.0
1322,sweetpotato,3.0
1322,kitkat,5.0
1322,potatochips,3.0
1322,trailmix,4.0
1322,appleslices,3.0
1322,ritz,4.0
1322,triscuits,2.0
1322,strawberries,5.0
1322,sunchips,4.0
1322,ricecakes,4.0
1322,olives,3.0
1322,cucumberslices,4.0
1322,cantaloupe,5.0
1322,cupcakes,5.0
1322,skittles,4.0
1322,corncob,3.0
1322,blueberries,4.0
1322,grahamcrackers,2.0
1322,cherrytomato,4.0
1322,cheezits,4.0
1322,cookies,4.0
1322,peaches,5.0
1322,cocktailshrimp,3.0
1322,edamame,1.0
1322,mushrooms,1.0
1322,popsicles,4.0
1322,pear,4.0
1322,eggs,4.0
1322,icecream,5.0
1322,mango,4.0
1322,kiwi,5.0
1322,banana,4.0
1322,cheesecubes,2.0
1322,orangeslices,5.0
1322,carrotsticks,3.0
1322,sourpatch,4.0
1322,minimuffins,5.0
1322,saltines,1.0
1322,poptarts,2.0
1322,avocado,2.0
1322,granolabar,2.0
1322,celerysticks,3.0
1322,chocolatepretzels,5.0
1322,broccoli,3.0
1322,pretzels,4.0
1322,falafelwithpita,2.0
1322,americancheese,4.0
1322,doritos,2.0
1322,kettlecorn,1.0
1322,bagelplain,3.0
1322,sushi,5.0
1322,grapes,5.0
1322,raspberries,4.0
1322,cherries,5.0
1322,deliturkey,2.0
1322,mms,5.0
1322,doughnuts,5.0
1323,corncob,5.0
1323,granolabar,3.0
1323,olives,5.0
1323,trailmix,5.0
1323,skittles,2.0
1323,mango,4.0
1323,americancheese,3.0
1323,kiwi,5.0
1323,orangeslices,5.0
1323,cantaloupe,5.0
1323,kitkat,4.0
1323,appleslices,4.0
1323,pretzels,4.0
1323,falafelwithpita,4.0
1323,avocado,5.0
1323,minimuffins,2.0
1323,cocktailshrimp,4.0
1323,cupcakes,3.0
1323,ritz,3.0
1323,bagelplain,5.0
1323,grahamcrackers,4.0
1323,cookies,3.0
1323,kettlecorn,3.0
1323,sushi,4.0
1323,banana,5.0
1323,sweetpotato,5.0
1323,icecream,3.0
1323,triscuits,4.0
1323,lox,5.0
1323,pear,5.0
1323,doritos,3.0
1323,mushrooms,5.0
1323,grapes,4.0
1323,chocolatepretzels,4.0
1323,cheezits,4.0
1323,popsicles,3.0
1323,strawberries,5.0
1323,cheesecubes,3.0
1323,doughnuts,3.0
1323,raspberries,5.0
1323,deliturkey,3.0
1323,croissant,3.0
1323,yogurtpretzels,3.0
1323,swedishfish,3.0
1323,ricecakes,5.0
1323,potatochips,4.0
1323,mms,2.0
1323,broccoli,5.0
1323,sunchips,3.0
1323,eggs,5.0
1323,edamame,5.0
1323,saltines,4.0
1323,cherrytomato,5.0
1323,salami,4.0
1323,blueberries,5.0
1323,bakedpotato,5.0
1323,cucumberslices,4.0
1323,peaches,4.0
1323,oreos,3.0
1323,cherries,5.0
1323,celerysticks,5.0
1323,poptarts,3.0
1323,sourpatch,3.0
1323,wheatbread,3.0
1323,carrotsticks,5.0
1324,sushi,4.0
1324,grapes,5.0
1324,cupcakes,4.0
1324,cherries,4.0
1324,cantaloupe,4.0
1324,kitkat,4.0
1324,cocktailshrimp,5.0
1324,corncob,4.0
1324,triscuits,3.0
1324,sweetpotato,3.0
1324,minimuffins,4.0
1324,blueberries,3.0
1324,pretzels,4.0
1324,broccoli,2.0
1324,cherrytomato,4.0
1324,salami,2.0
1324,bagelplain,2.0
1324,bakedpotato,4.0
1324,kiwi,4.0
1324,edamame,4.0
1324,strawberries,5.0
1324,chocolatepretzels,4.0
1324,yogurtpretzels,3.0
1324,oreos,3.0
1324,lox,4.0
1324,cheezits,4.0
1324,pear,5.0
1324,icecream,4.0
1324,raspberries,4.0
1324,popsicles,4.0
1324,grahamcrackers,4.0
1324,appleslices,5.0
1324,orangeslices,4.0
1324,cookies,4.0
1324,americancheese,4.0
1324,swedishfish,4.0
1324,doritos,4.0
1324,granolabar,2.0
1324,olives,3.0
1324,croissant,4.0
1324,celerysticks,5.0
1324,sunchips,4.0
1324,avocado,5.0
1324,carrotsticks,4.0
1324,skittles,2.0
1324,banana,5.0
1324,saltines,4.0
1324,mms,1.0
1324,deliturkey,3.0
1324,mango,4.0
1324,cheesecubes,4.0
1324,sourpatch,2.0
1324,falafelwithpita,4.0
1324,poptarts,3.0
1324,kettlecorn,3.0
1324,potatochips,4.0
1324,wheatbread,4.0
1324,mushrooms,5.0
1324,cucumberslices,4.0
1324,eggs,5.0
1324,ritz,4.0
1324,doughnuts,4.0
1324,peaches,5.0
1324,trailmix,4.0
1324,ricecakes,4.0
1325,mango,5.0
1325,wheatbread,5.0
1325,skittles,4.0
1325,lox,5.0
1325,cocktailshrimp,5.0
1325,pretzels,5.0
1325,pear,5.0
1325,minimuffins,4.0
1325,olives,4.0
1325,icecream,4.0
1325,cheezits,4.0
1325,carrotsticks,4.0
1325,mushrooms,5.0
1325,cupcakes,5.0
1325,celerysticks,4.0
1325,peaches,5.0
1325,doritos,4.0
1325,broccoli,2.0
1325,sushi,4.0
1325,kitkat,4.0
1325,saltines,4.0
1325,kiwi,4.0
1325,sunchips,4.0
1325,bagelplain,4.0
1325,ricecakes,4.0
1325,cucumberslices,4.0
1325,chocolatepretzels,3.0
1325,americancheese,4.0
1325,appleslices,5.0
1325,trailmix,4.0
1325,doughnuts,4.0
1325,falafelwithpita,4.0
1325,banana,5.0
1325,oreos,4.0
1325,granolabar,4.0
1325,deliturkey,4.0
1325,salami,4.0
1325,croissant,4.0
1325,potatochips,4.0
1325,cheesecubes,5.0
1325,cookies,5.0
1325,corncob,5.0
1325,cantaloupe,5.0
1325,raspberries,4.0
1325,eggs,5.0
1325,grahamcrackers,5.0
1325,grapes,4.0
1325,cherrytomato,4.0
1325,avocado,5.0
1325,orangeslices,5.0
1325,mms,4.0
1325,sourpatch,4.0
1325,triscuits,5.0
1325,bakedpotato,4.0
1325,edamame,4.0
1325,blueberries,4.0
1325,sweetpotato,4.0
1325,strawberries,5.0
1325,swedishfish,4.0
1325,cherries,5.0
1325,popsicles,4.0
1325,kettlecorn,5.0
1325,poptarts,4.0
1325,ritz,5.0
1325,yogurtpretzels,5.0
1326,cherrytomato,4.0
1326,cookies,5.0
1326,pretzels,3.0
1326,falafelwithpita,4.0
1326,doughnuts,4.0
1326,sourpatch,3.0
1326,cucumberslices,4.0
1326,mms,4.0
1326,strawberries,4.0
1326,kettlecorn,3.0
1326,sunchips,4.0
1326,sweetpotato,4.0
1326,pear,4.0
1326,doritos,2.0
1326,cheezits,2.0
1326,grahamcrackers,4.0
1326,kitkat,4.0
1326,edamame,3.0
1326,banana,5.0
1326,americancheese,3.0
1326,mango,3.0
1326,orangeslices,4.0
1326,cocktailshrimp,1.0
1326,mushrooms,5.0
1326,skittles,4.0
1326,cantaloupe,2.0
1326,poptarts,4.0
1326,popsicles,4.0
1326,eggs,3.0
1326,granolabar,4.0
1326,bagelplain,4.0
1326,croissant,4.0
1326,sushi,4.0
1326,bakedpotato,4.0
1326,olives,4.0
1326,appleslices,5.0
1326,trailmix,4.0
1326,icecream,5.0
1326,swedishfish,3.0
1326,wheatbread,3.0
1326,triscuits,4.0
1326,celerysticks,3.0
1326,corncob,2.0
1326,cheesecubes,4.0
1326,ricecakes,2.0
1326,broccoli,5.0
1326,salami,1.0
1326,lox,1.0
1326,avocado,5.0
1326,oreos,5.0
1326,minimuffins,3.0
1326,saltines,3.0
1326,deliturkey,1.0
1326,ritz,3.0
1326,blueberries,5.0
1326,cupcakes,5.0
1326,potatochips,3.0
1326,grapes,4.0
1326,raspberries,5.0
1326,chocolatepretzels,4.0
1326,yogurtpretzels,4.0
1326,kiwi,4.0
1326,cherries,5.0
1326,carrotsticks,3.0
1326,peaches,5.0
668,corncob,3.0
668,mango,5.0
668,potatochips,4.0
668,icecream,5.0
668,salami,1.0
668,skittles,2.0
668,poptarts,3.0
668,grapes,4.0
668,ricecakes,4.0
668,granolabar,1.0
668,sourpatch,2.0
668,falafelwithpita,4.0
668,grahamcrackers,1.0
668,cheezits,2.0
668,mms,3.0
668,swedishfish,3.0
668,broccoli,3.0
668,trailmix,1.0
668,strawberries,4.0
668,oreos,1.0
668,pear,1.0
668,cookies,3.0
668,cantaloupe,3.0
668,cherries,4.0
668,saltines,4.0
668,pretzels,2.0
668,carrotsticks,5.0
668,cucumberslices,2.0
668,celerysticks,2.0
668,chocolatepretzels,3.0
668,mushrooms,5.0
668,bagelplain,3.0
668,cherrytomato,5.0
668,peaches,5.0
668,triscuits,2.0
668,avocado,4.0
668,kitkat,4.0
668,edamame,2.0
668,deliturkey,3.0
668,doughnuts,4.0
668,doritos,5.0
668,yogurtpretzels,5.0
668,appleslices,5.0
668,raspberries,5.0
668,lox,4.0
668,olives,1.0
668,eggs,1.0
668,sunchips,3.0
668,blueberries,3.0
668,minimuffins,2.0
668,cheesecubes,4.0
668,ritz,5.0
668,banana,4.0
668,popsicles,2.0
668,cocktailshrimp,2.0
668,wheatbread,5.0
668,americancheese,3.0
668,orangeslices,5.0
668,cupcakes,1.0
668,sweetpotato,4.0
668,croissant,5.0
668,bakedpotato,5.0
668,kettlecorn,3.0
668,sushi,4.0
668,kiwi,4.0
671,appleslices,4.0
671,sourpatch,2.0
671,cupcakes,2.0
671,ricecakes,4.0
671,minimuffins,3.0
671,broccoli,4.0
671,raspberries,5.0
671,poptarts,1.0
671,bagelplain,4.0
671,sunchips,4.0
671,skittles,2.0
671,carrotsticks,4.0
671,swedishfish,2.0
671,chocolatepretzels,4.0
671,kitkat,2.0
671,falafelwithpita,3.0
671,olives,4.0
671,orangeslices,4.0
671,cookies,2.0
671,cherries,4.0
671,mms,2.0
671,wheatbread,4.0
671,bakedpotato,4.0
671,yogurtpretzels,1.0
671,salami,4.0
671,mushrooms,4.0
671,pretzels,4.0
671,popsicles,2.0
671,celerysticks,4.0
671,granolabar,4.0
671,eggs,5.0
671,croissant,4.0
671,americancheese,4.0
671,cheesecubes,4.0
671,kettlecorn,2.0
671,kiwi,4.0
671,triscuits,3.0
671,strawberries,5.0
671,doritos,2.0
671,cheezits,4.0
671,grapes,4.0
671,ritz,3.0
671,deliturkey,1.0
671,oreos,2.0
671,avocado,4.0
671,edamame,4.0
671,sushi,4.0
671,peaches,5.0
671,banana,4.0
671,lox,4.0
671,cucumberslices,4.0
671,potatochips,3.0
671,mango,4.0
671,doughnuts,1.0
671,corncob,5.0
671,saltines,3.0
671,cocktailshrimp,4.0
671,icecream,2.0
671,pear,4.0
671,cantaloupe,4.0
671,trailmix,4.0
671,cherrytomato,5.0
671,blueberries,5.0
671,grahamcrackers,2.0
671,sweetpotato,4.0
672,oreos,4.0
672,grapes,4.0
672,appleslices,5.0
672,cocktailshrimp,4.0
672,olives,2.0
672,cheesecubes,1.0
672,doritos,5.0
672,deliturkey,4.0
672,cupcakes,4.0
672,pear,3.0
672,kitkat,1.0
672,yogurtpretzels,1.0
672,sunchips,3.0
672,potatochips,5.0
672,cantaloupe,2.0
672,kiwi,3.0
672,blueberries,5.0
672,falafelwithpita,3.0
672,poptarts,4.0
672,cucumberslices,2.0
672,minimuffins,4.0
672,broccoli,4.0
672,granolabar,4.0
672,trailmix,3.0
672,peaches,5.0
672,doughnuts,4.0
672,sweetpotato,2.0
672,popsicles,5.0
672,cookies,3.0
672,skittles,5.0
672,carrotsticks,4.0
672,mushrooms,4.0
672,croissant,4.0
672,chocolatepretzels,1.0
672,icecream,4.0
672,avocado,5.0
672,edamame,3.0
672,pretzels,1.0
672,cherries,4.0
672,kettlecorn,5.0
672,cheezits,5.0
672,celerysticks,4.0
672,ricecakes,3.0
672,corncob,4.0
672,salami,3.0
672,bagelplain,4.0
672,raspberries,4.0
672,wheatbread,5.0
672,sourpatch,4.0
672,americancheese,5.0
672,swedishfish,3.0
672,grahamcrackers,1.0
672,mango,4.0
672,bakedpotato,4.0
672,lox,2.0
672,triscuits,4.0
672,orangeslices,5.0
672,saltines,3.0
672,eggs,4.0
672,strawberries,5.0
672,cherrytomato,4.0
672,banana,5.0
672,sushi,3.0
672,ritz,4.0
672,mms,5.0
675,carrotsticks,4.0
675,corncob,5.0
675,cherries,3.0
675,peaches,3.0
675,deliturkey,2.0
675,lox,2.0
675,falafelwithpita,3.0
675,triscuits,5.0
675,kiwi,2.0
675,edamame,4.0
675,ricecakes,5.0
675,ritz,5.0
675,mushrooms,1.0
675,granolabar,5.0
675,sunchips,5.0
675,kettlecorn,5.0
675,trailmix,4.0
675,bakedpotato,3.0
675,doughnuts,5.0
675,mms,5.0
675,mango,3.0
675,grapes,4.0
675,sourpatch,4.0
675,orangeslices,5.0
675,cucumberslices,2.0
675,potatochips,5.0
675,banana,5.0
675,sushi,3.0
675,wheatbread,4.0
675,saltines,5.0
675,kitkat,5.0
675,minimuffins,5.0
675,popsicles,5.0
675,grahamcrackers,5.0
675,cheezits,5.0
675,americancheese,5.0
675,yogurtpretzels,2.0
675,avocado,4.0
675,celerysticks,2.0
675,oreos,5.0
675,blueberries,5.0
675,olives,5.0
675,cheesecubes,5.0
675,icecream,5.0
675,swedishfish,5.0
675,croissant,5.0
675,salami,5.0
675,cocktailshrimp,1.0
675,cantaloupe,2.0
675,eggs,4.0
675,appleslices,5.0
675,bagelplain,5.0
675,raspberries,5.0
675,strawberries,5.0
675,pretzels,5.0
675,sweetpotato,5.0
675,pear,2.0
675,chocolatepretzels,5.0
675,cookies,5.0
675,skittles,5.0
675,broccoli,5.0
675,poptarts,5.0
675,doritos,5.0
675,cherrytomato,2.0
675,cupcakes,5.0
676,cookies,4.0
676,doritos,4.0
676,bakedpotato,3.0
676,sunchips,4.0
676,skittles,2.0
676,cherrytomato,5.0
676,cheesecubes,3.0
676,blueberries,4.0
676,kitkat,5.0
676,cherries,4.0
676,wheatbread,3.0
676,banana,4.0
676,yogurtpretzels,3.0
676,corncob,4.0
676,icecream,4.0
676,popsicles,2.0
676,broccoli,5.0
676,deliturkey,3.0
676,strawberries,5.0
676,avocado,5.0
676,saltines,3.0
676,pretzels,2.0
676,swedishfish,2.0
676,ritz,3.0
676,cantaloupe,4.0
676,falafelwithpita,4.0
676,celerysticks,5.0
676,pear,4.0
676,cocktailshrimp,5.0
676,cheezits,4.0
676,eggs,4.0
676,triscuits,3.0
676,sushi,5.0
676,edamame,4.0
676,doughnuts,2.0
676,mms,2.0
676,appleslices,3.0
676,peaches,3.0
676,ricecakes,4.0
676,bagelplain,3.0
676,americancheese,1.0
676,salami,2.0
676,grapes,4.0
676,orangeslices,3.0
676,raspberries,5.0
676,kiwi,5.0
676,carrotsticks,4.0
676,olives,2.0
676,chocolatepretzels,1.0
676,granolabar,3.0
676,poptarts,3.0
676,croissant,5.0
676,sweetpotato,4.0
676,cupcakes,3.0
676,minimuffins,3.0
676,sourpatch,2.0
676,oreos,5.0
676,mushrooms,3.0
676,potatochips,3.0
676,trailmix,4.0
676,grahamcrackers,4.0
676,cucumberslices,4.0
676,mango,4.0
676,lox,2.0
676,kettlecorn,3.0
681,raspberries,4.0
681,olives,4.0
681,corncob,4.0
681,bagelplain,5.0
681,ritz,3.0
681,mushrooms,4.0
681,cantaloupe,1.0
681,cheesecubes,5.0
681,sunchips,4.0
681,skittles,4.0
681,croissant,4.0
681,wheatbread,3.0
681,peaches,4.0
681,kettlecorn,5.0
681,cherries,4.0
681,grapes,4.0
681,edamame,2.0
681,doughnuts,4.0
681,icecream,4.0
681,orangeslices,5.0
681,mango,5.0
681,celerysticks,2.0
681,carrotsticks,2.0
681,oreos,4.0
681,granolabar,4.0
681,cookies,5.0
681,kiwi,4.0
681,potatochips,4.0
681,appleslices,4.0
681,kitkat,4.0
681,americancheese,4.0
681,deliturkey,3.0
681,triscuits,3.0
681,pear,2.0
681,minimuffins,5.0
681,cucumberslices,3.0
681,blueberries,4.0
681,yogurtpretzels,4.0
681,falafelwithpita,3.0
681,grahamcrackers,4.0
681,saltines,3.0
681,poptarts,4.0
681,popsicles,4.0
681,swedishfish,2.0
681,eggs,4.0
681,cocktailshrimp,5.0
681,pretzels,4.0
681,cherrytomato,4.0
681,salami,5.0
681,avocado,4.0
681,sushi,3.0
681,cupcakes,4.0
681,broccoli,2.0
681,bakedpotato,5.0
681,doritos,4.0
681,sourpatch,1.0
681,ricecakes,3.0
681,strawberries,4.0
681,trailmix,4.0
681,lox,4.0
681,mms,4.0
681,sweetpotato,3.0
681,chocolatepretzels,4.0
681,banana,4.0
681,cheezits,4.0
682,mms,4.0
682,mushrooms,1.0
682,cocktailshrimp,4.0
682,chocolatepretzels,4.0
682,cucumberslices,1.0
682,grahamcrackers,3.0
682,cheesecubes,4.0
682,americancheese,5.0
682,kettlecorn,3.0
682,swedishfish,4.0
682,wheatbread,5.0
682,sushi,2.0
682,doughnuts,5.0
682,kiwi,1.0
682,avocado,1.0
682,bakedpotato,3.0
682,icecream,4.0
682,banana,1.0
682,potatochips,5.0
682,oreos,4.0
682,appleslices,1.0
682,deliturkey,4.0
682,falafelwithpita,2.0
682,olives,1.0
682,celerysticks,1.0
682,granolabar,3.0
682,saltines,4.0
682,sunchips,4.0
682,trailmix,2.0
682,cantaloupe,1.0
682,kitkat,3.0
682,ricecakes,3.0
682,orangeslices,2.0
682,mango,1.0
682,blueberries,2.0
682,carrotsticks,2.0
682,ritz,4.0
682,popsicles,3.0
682,lox,3.0
682,pear,1.0
682,triscuits,4.0
682,grapes,1.0
682,peaches,1.0
682,croissant,5.0
682,cherries,1.0
682,cheezits,5.0
682,skittles,4.0
682,doritos,5.0
682,cupcakes,4.0
682,broccoli,1.0
682,cookies,5.0
682,minimuffins,3.0
682,yogurtpretzels,4.0
682,poptarts,1.0
682,bagelplain,5.0
682,eggs,5.0
682,salami,5.0
682,strawberries,1.0
682,edamame,1.0
682,pretzels,4.0
682,sourpatch,4.0
682,raspberries,1.0
682,sweetpotato,1.0
682,corncob,4.0
682,cherrytomato,1.0
684,doughnuts,3.0
684,minimuffins,4.0
684,cookies,5.0
684,popsicles,3.0
684,sushi,5.0
684,mango,4.0
684,potatochips,5.0
684,orangeslices,5.0
684,deliturkey,2.0
684,triscuits,3.0
684,wheatbread,3.0
684,americancheese,3.0
684,grapes,4.0
684,cherries,3.0
684,cherrytomato,3.0
684,cheesecubes,2.0
684,cupcakes,3.0
684,raspberries,4.0
684,cantaloupe,3.0
684,sourpatch,3.0
684,edamame,2.0
684,celerysticks,5.0
684,broccoli,4.0
684,lox,2.0
684,olives,3.0
684,skittles,5.0
684,falafelwithpita,5.0
684,croissant,5.0
684,avocado,5.0
684,sunchips,1.0
684,corncob,3.0
684,granolabar,2.0
684,chocolatepretzels,1.0
684,yogurtpretzels,5.0
684,pretzels,3.0
684,swedishfish,2.0
684,trailmix,4.0
684,ricecakes,3.0
684,kiwi,4.0
684,cocktailshrimp,3.0
684,salami,4.0
684,sweetpotato,5.0
684,bakedpotato,5.0
684,carrotsticks,5.0
684,pear,1.0
684,grahamcrackers,1.0
684,cucumberslices,3.0
684,eggs,5.0
684,blueberries,4.0
684,saltines,2.0
684,peaches,4.0
684,oreos,3.0
684,strawberries,1.0
684,mms,3.0
684,kettlecorn,4.0
684,doritos,2.0
684,banana,4.0
684,kitkat,3.0
684,appleslices,1.0
684,poptarts,5.0
684,mushrooms,4.0
684,bagelplain,3.0
684,ritz,3.0
684,icecream,4.0
684,cheezits,3.0
685,ritz,2.0
685,grapes,5.0
685,salami,4.0
685,sourpatch,4.0
685,kitkat,4.0
685,icecream,5.0
685,cherries,5.0
685,minimuffins,2.0
685,bakedpotato,2.0
685,appleslices,5.0
685,popsicles,4.0
685,cheezits,2.0
685,orangeslices,5.0
685,ricecakes,4.0
685,croissant,4.0
685,falafelwithpita,5.0
685,kiwi,5.0
685,edamame,5.0
685,cantaloupe,4.0
685,cherrytomato,5.0
685,doritos,2.0
685,potatochips,1.0
685,kettlecorn,3.0
685,yogurtpretzels,1.0
685,blueberries,5.0
685,cucumberslices,5.0
685,avocado,5.0
685,broccoli,2.0
685,sushi,5.0
685,celerysticks,2.0
685,pretzels,1.0
685,cheesecubes,2.0
685,americancheese,1.0
685,sunchips,1.0
685,cookies,4.0
685,granolabar,2.0
685,chocolatepretzels,2.0
685,mushrooms,4.0
685,mms,4.0
685,peaches,4.0
685,eggs,4.0
685,mango,5.0
685,deliturkey,4.0
685,triscuits,2.0
685,doughnuts,4.0
685,skittles,4.0
685,olives,5.0
685,strawberries,5.0
685,saltines,2.0
685,banana,4.0
685,lox,5.0
685,cocktailshrimp,4.0
685,carrotsticks,4.0
685,swedishfish,2.0
685,trailmix,4.0
685,poptarts,2.0
685,bagelplain,2.0
685,oreos,2.0
685,cupcakes,2.0
685,grahamcrackers,4.0
685,wheatbread,2.0
685,corncob,4.0
685,raspberries,5.0
685,pear,5.0
685,sweetpotato,4.0
686,pear,4.0
686,edamame,4.0
686,mms,4.0
686,doughnuts,3.0
686,blueberries,5.0
686,cupcakes,4.0
686,wheatbread,3.0
686,poptarts,3.0
686,bakedpotato,4.0
686,sunchips,3.0
686,salami,4.0
686,cookies,4.0
686,doritos,4.0
686,deliturkey,5.0
686,cheesecubes,5.0
686,potatochips,3.0
686,minimuffins,4.0
686,americancheese,5.0
686,bagelplain,5.0
686,corncob,5.0
686,sushi,5.0
686,grapes,3.0
686,cheezits,4.0
686,trailmix,5.0
686,eggs,4.0
686,pretzels,3.0
686,granolabar,2.0
686,cherries,5.0
686,chocolatepretzels,4.0
686,kitkat,5.0
686,croissant,4.0
686,orangeslices,4.0
686,kiwi,5.0
686,appleslices,3.0
686,lox,5.0
686,olives,2.0
686,sourpatch,5.0
686,popsicles,4.0
686,peaches,5.0
686,raspberries,5.0
686,cantaloupe,5.0
686,icecream,5.0
686,banana,3.0
686,strawberries,4.0
686,falafelwithpita,4.0
686,kettlecorn,4.0
686,sweetpotato,3.0
686,cocktailshrimp,5.0
686,broccoli,3.0
686,skittles,4.0
686,yogurtpretzels,3.0
686,ritz,3.0
686,celerysticks,3.0
686,saltines,3.0
686,mango,3.0
686,oreos,5.0
686,grahamcrackers,4.0
686,avocado,4.0
686,triscuits,3.0
686,carrotsticks,3.0
686,swedishfish,4.0
686,cherrytomato,4.0
686,ricecakes,4.0
686,mushrooms,1.0
686,cucumberslices,4.0
687,trailmix,5.0
687,sourpatch,4.0
687,wheatbread,4.0
687,americancheese,2.0
687,carrotsticks,4.0
687,banana,5.0
687,sweetpotato,4.0
687,sushi,5.0
687,kiwi,5.0
687,chocolatepretzels,3.0
687,swedishfish,2.0
687,broccoli,4.0
687,grahamcrackers,5.0
687,yogurtpretzels,4.0
687,saltines,5.0
687,kitkat,2.0
687,appleslices,5.0
687,poptarts,1.0
687,cookies,4.0
687,grapes,4.0
687,orangeslices,4.0
687,cheezits,3.0
687,popsicles,1.0
687,sunchips,4.0
687,cocktailshrimp,4.0
687,granolabar,5.0
687,cherrytomato,4.0
687,cupcakes,2.0
687,pear,5.0
687,eggs,4.0
687,salami,2.0
687,cantaloupe,4.0
687,olives,4.0
687,cherries,5.0
687,mushrooms,4.0
687,lox,3.0
687,doughnuts,3.0
687,edamame,4.0
687,strawberries,4.0
687,oreos,2.0
687,doritos,3.0
687,cheesecubes,5.0
687,icecream,3.0
687,celerysticks,4.0
687,pretzels,4.0
687,bakedpotato,4.0
687,blueberries,4.0
687,falafelwithpita,4.0
687,triscuits,3.0
687,mango,3.0
687,minimuffins,3.0
687,skittles,3.0
687,mms,3.0
687,potatochips,3.0
687,ritz,2.0
687,cucumberslices,5.0
687,peaches,5.0
687,raspberries,5.0
687,kettlecorn,2.0
687,deliturkey,4.0
687,corncob,4.0
687,avocado,4.0
687,bagelplain,5.0
687,ricecakes,4.0
687,croissant,4.0
689,avocado,5.0
689,ricecakes,3.0
689,olives,4.0
689,sweetpotato,3.0
689,ritz,1.0
689,corncob,3.0
689,triscuits,1.0
689,kettlecorn,1.0
689,sushi,5.0
689,cheezits,1.0
689,trailmix,4.0
689,peaches,4.0
689,swedishfish,1.0
689,yogurtpretzels,2.0
689,doughnuts,1.0
689,banana,5.0
689,blueberries,5.0
689,celerysticks,3.0
689,cantaloupe,3.0
689,appleslices,4.0
689,cheesecubes,3.0
689,orangeslices,4.0
689,chocolatepretzels,3.0
689,oreos,1.0
689,mango,4.0
689,wheatbread,1.0
689,carrotsticks,4.0
689,bakedpotato,1.0
689,granolabar,3.0
689,sourpatch,1.0
689,croissant,4.0
689,pretzels,1.0
689,broccoli,4.0
689,lox,5.0
689,strawberries,4.0
689,cherrytomato,5.0
689,deliturkey,4.0
689,cherries,4.0
689,raspberries,5.0
689,pear,4.0
689,edamame,5.0
689,cookies,1.0
689,mushrooms,4.0
689,cocktailshrimp,5.0
689,skittles,1.0
689,potatochips,1.0
689,americancheese,1.0
689,kitkat,1.0
689,poptarts,1.0
689,kiwi,4.0
689,sunchips,2.0
689,eggs,5.0
689,cupcakes,1.0
689,popsicles,1.0
689,doritos,1.0
689,falafelwithpita,4.0
689,saltines,1.0
689,salami,4.0
689,bagelplain,1.0
689,minimuffins,1.0
689,grahamcrackers,1.0
689,icecream,2.0
689,cucumberslices,5.0
689,mms,1.0
689,grapes,5.0
690,trailmix,3.0
690,raspberries,5.0
690,sweetpotato,4.0
690,cherries,3.0
690,cucumberslices,2.0
690,edamame,4.0
690,eggs,1.0
690,cherrytomato,1.0
690,corncob,4.0
690,peaches,4.0
690,broccoli,3.0
690,blueberries,4.0
690,mango,4.0
690,doritos,4.0
690,popsicles,3.0
690,skittles,2.0
690,appleslices,2.0
690,americancheese,1.0
690,icecream,4.0
690,cupcakes,2.0
690,pear,1.0
690,saltines,1.0
690,potatochips,2.0
690,cantaloupe,2.0
690,ricecakes,1.0
690,minimuffins,1.0
690,wheatbread,1.0
690,pretzels,1.0
690,cookies,1.0
690,swedishfish,3.0
690,celerysticks,2.0
690,triscuits,1.0
690,banana,5.0
690,sunchips,1.0
690,mushrooms,1.0
690,sushi,5.0
690,croissant,1.0
690,orangeslices,4.0
690,kiwi,4.0
690,lox,4.0
690,sourpatch,4.0
690,poptarts,1.0
690,cheesecubes,3.0
690,strawberries,4.0
690,avocado,5.0
690,cocktailshrimp,2.0
690,salami,2.0
690,kettlecorn,4.0
690,doughnuts,1.0
690,chocolatepretzels,1.0
690,mms,4.0
690,grapes,1.0
690,falafelwithpita,3.0
690,grahamcrackers,2.0
690,ritz,1.0
690,kitkat,2.0
690,olives,1.0
690,carrotsticks,4.0
690,yogurtpretzels,1.0
690,granolabar,4.0
690,deliturkey,2.0
690,bakedpotato,4.0
690,oreos,1.0
690,bagelplain,1.0
690,cheezits,1.0
691,raspberries,5.0
691,cherries,5.0
691,ritz,4.0
691,cheezits,4.0
691,cantaloupe,4.0
691,cucumberslices,4.0
691,kiwi,5.0
691,mushrooms,4.0
691,wheatbread,4.0
691,cocktailshrimp,5.0
691,kitkat,5.0
691,bakedpotato,4.0
691,skittles,1.0
691,pretzels,5.0
691,potatochips,2.0
691,edamame,5.0
691,sourpatch,4.0
691,mango,5.0
691,ricecakes,5.0
691,olives,4.0
691,grahamcrackers,5.0
691,strawberries,5.0
691,minimuffins,4.0
691,lox,5.0
691,croissant,5.0
691,orangeslices,5.0
691,doughnuts,4.0
691,cheesecubes,3.0
691,granolabar,4.0
691,broccoli,4.0
691,popsicles,2.0
691,cookies,5.0
691,eggs,5.0
691,grapes,4.0
691,banana,5.0
691,yogurtpretzels,4.0
691,pear,4.0
691,swedishfish,2.0
691,sushi,5.0
691,falafelwithpita,4.0
691,salami,4.0
691,cupcakes,2.0
691,appleslices,4.0
691,doritos,2.0
691,kettlecorn,5.0
691,icecream,2.0
691,carrotsticks,5.0
691,peaches,5.0
691,trailmix,4.0
691,triscuits,4.0
691,mms,4.0
691,bagelplain,4.0
691,blueberries,5.0
691,cherrytomato,4.0
691,celerysticks,4.0
691,deliturkey,4.0
691,poptarts,4.0
691,avocado,5.0
691,saltines,4.0
691,sunchips,2.0
691,americancheese,2.0
691,chocolatepretzels,5.0
691,corncob,4.0
691,oreos,2.0
691,sweetpotato,5.0
692,cherries,2.0
692,minimuffins,3.0
692,sweetpotato,2.0
692,kitkat,4.0
692,sunchips,4.0
692,eggs,4.0
692,kettlecorn,2.0
692,cantaloupe,1.0
692,chocolatepretzels,4.0
692,cupcakes,2.0
692,salami,3.0
692,sushi,4.0
692,cheesecubes,4.0
692,granolabar,1.0
692,cherrytomato,2.0
692,skittles,4.0
692,doritos,3.0
692,avocado,4.0
692,cheezits,5.0
692,pear,2.0
692,grahamcrackers,4.0
692,deliturkey,3.0
692,swedishfish,4.0
692,blueberries,2.0
692,falafelwithpita,4.0
692,yogurtpretzels,4.0
692,broccoli,4.0
692,trailmix,4.0
692,cucumberslices,1.0
692,americancheese,3.0
692,mango,3.0
692,lox,5.0
692,ricecakes,4.0
692,carrotsticks,3.0
692,kiwi,4.0
692,saltines,5.0
692,triscuits,4.0
692,mushrooms,3.0
692,ritz,4.0
692,potatochips,4.0
692,oreos,3.0
692,olives,5.0
692,bakedpotato,4.0
692,peaches,3.0
692,icecream,3.0
692,sourpatch,4.0
692,raspberries,4.0
692,cocktailshrimp,4.0
692,celerysticks,2.0
692,cookies,4.0
692,doughnuts,4.0
692,popsicles,4.0
692,strawberries,3.0
692,grapes,5.0
692,corncob,4.0
692,bagelplain,5.0
692,pretzels,4.0
692,edamame,5.0
692,wheatbread,3.0
692,orangeslices,2.0
692,banana,4.0
692,appleslices,1.0
692,poptarts,4.0
692,croissant,4.0
692,mms,1.0
694,doritos,4.0
694,triscuits,4.0
694,lox,1.0
694,cheesecubes,4.0
694,chocolatepretzels,2.0
694,grahamcrackers,5.0
694,banana,5.0
694,cookies,5.0
694,sushi,1.0
694,trailmix,4.0
694,cheezits,3.0
694,blueberries,3.0
694,croissant,4.0
694,avocado,4.0
694,sweetpotato,5.0
694,cupcakes,5.0
694,raspberries,4.0
694,grapes,4.0
694,cherrytomato,1.0
694,mushrooms,5.0
694,kitkat,5.0
694,poptarts,1.0
694,ritz,4.0
694,orangeslices,4.0
694,doughnuts,4.0
694,sourpatch,2.0
694,cantaloupe,4.0
694,kiwi,4.0
694,kettlecorn,4.0
694,edamame,4.0
694,broccoli,4.0
694,cucumberslices,5.0
694,pretzels,5.0
694,celerysticks,5.0
694,yogurtpretzels,1.0
694,mango,4.0
694,olives,1.0
694,carrotsticks,5.0
694,wheatbread,5.0
694,cocktailshrimp,1.0
694,icecream,5.0
694,popsicles,4.0
694,mms,4.0
694,swedishfish,4.0
694,bakedpotato,5.0
694,salami,4.0
694,americancheese,4.0
694,falafelwithpita,3.0
694,strawberries,4.0
694,pear,4.0
694,bagelplain,4.0
694,granolabar,4.0
694,sunchips,5.0
694,peaches,5.0
694,oreos,5.0
694,appleslices,4.0
694,cherries,5.0
694,skittles,5.0
694,saltines,4.0
694,deliturkey,4.0
694,potatochips,5.0
694,minimuffins,4.0
694,ricecakes,2.0
694,eggs,4.0
694,corncob,4.0
695,broccoli,5.0
695,blueberries,5.0
695,sourpatch,2.0
695,corncob,4.0
695,kettlecorn,1.0
695,edamame,3.0
695,americancheese,2.0
695,strawberries,4.0
695,appleslices,5.0
695,lox,5.0
695,cherries,4.0
695,celerysticks,4.0
695,minimuffins,3.0
695,oreos,3.0
695,yogurtpretzels,2.0
695,carrotsticks,4.0
695,cheezits,1.0
695,triscuits,1.0
695,deliturkey,2.0
695,popsicles,1.0
695,cookies,2.0
695,doughnuts,1.0
695,cherrytomato,4.0
695,poptarts,2.0
695,avocado,5.0
695,ritz,1.0
695,pretzels,2.0
695,sweetpotato,5.0
695,olives,5.0
695,sushi,5.0
695,skittles,1.0
695,ricecakes,3.0
695,raspberries,4.0
695,cheesecubes,3.0
695,cocktailshrimp,5.0
695,banana,5.0
695,wheatbread,3.0
695,cupcakes,3.0
695,grahamcrackers,2.0
695,cucumberslices,4.0
695,sunchips,1.0
695,granolabar,3.0
695,kiwi,4.0
695,falafelwithpita,5.0
695,trailmix,5.0
695,potatochips,3.0
695,mushrooms,5.0
695,bakedpotato,4.0
695,chocolatepretzels,2.0
695,mango,5.0
695,eggs,5.0
695,salami,2.0
695,croissant,2.0
695,grapes,5.0
695,saltines,2.0
695,pear,5.0
695,swedishfish,1.0
695,peaches,5.0
695,icecream,3.0
695,orangeslices,5.0
695,cantaloupe,5.0
695,doritos,2.0
695,kitkat,2.0
695,bagelplain,3.0
695,mms,1.0
699,popsicles,4.0
699,banana,5.0
699,cheesecubes,5.0
699,minimuffins,4.0
699,lox,2.0
699,raspberries,4.0
699,sourpatch,3.0
699,grapes,4.0
699,mango,5.0
699,kettlecorn,3.0
699,kiwi,2.0
699,yogurtpretzels,3.0
699,chocolatepretzels,2.0
699,pretzels,2.0
699,icecream,3.0
699,mushrooms,3.0
699,cucumberslices,4.0
699,orangeslices,5.0
699,peaches,5.0
699,americancheese,4.0
699,cherries,5.0
699,olives,4.0
699,cocktailshrimp,3.0
699,trailmix,3.0
699,swedishfish,1.0
699,doritos,5.0
699,avocado,3.0
699,mms,3.0
699,cheezits,4.0
699,granolabar,3.0
699,doughnuts,4.0
699,carrotsticks,5.0
699,sunchips,4.0
699,salami,5.0
699,cookies,1.0
699,corncob,5.0
699,falafelwithpita,4.0
699,sweetpotato,3.0
699,appleslices,5.0
699,poptarts,3.0
699,deliturkey,4.0
699,bagelplain,5.0
699,eggs,5.0
699,blueberries,2.0
699,saltines,5.0
699,ricecakes,4.0
699,cupcakes,5.0
699,celerysticks,5.0
699,skittles,3.0
699,triscuits,5.0
699,oreos,3.0
699,cherrytomato,4.0
699,strawberries,5.0
699,kitkat,5.0
699,cantaloupe,5.0
699,grahamcrackers,5.0
699,pear,5.0
699,bakedpotato,4.0
699,sushi,4.0
699,potatochips,3.0
699,wheatbread,5.0
699,croissant,4.0
699,broccoli,2.0
699,edamame,4.0
699,ritz,4.0
700,saltines,4.0
700,kitkat,5.0
700,swedishfish,1.0
700,mms,4.0
700,granolabar,5.0
700,bagelplain,5.0
700,cocktailshrimp,4.0
700,olives,5.0
700,pretzels,2.0
700,corncob,5.0
700,falafelwithpita,1.0
700,cheesecubes,4.0
700,salami,4.0
700,doughnuts,5.0
700,popsicles,4.0
700,oreos,4.0
700,croissant,4.0
700,kettlecorn,3.0
700,broccoli,4.0
700,strawberries,5.0
700,banana,5.0
700,kiwi,4.0
700,cherrytomato,4.0
700,eggs,5.0
700,grahamcrackers,4.0
700,grapes,5.0
700,deliturkey,5.0
700,sweetpotato,5.0
700,cucumberslices,2.0
700,icecream,4.0
700,minimuffins,5.0
700,cookies,5.0
700,carrotsticks,4.0
700,bakedpotato,4.0
700,sushi,5.0
700,poptarts,4.0
700,pear,4.0
700,americancheese,4.0
700,avocado,5.0
700,cupcakes,4.0
700,celerysticks,3.0
700,cantaloupe,1.0
700,peaches,4.0
700,raspberries,4.0
700,appleslices,4.0
700,mango,4.0
700,mushrooms,5.0
700,ritz,5.0
700,yogurtpretzels,4.0
700,blueberries,5.0
700,chocolatepretzels,4.0
700,ricecakes,3.0
700,wheatbread,4.0
700,doritos,4.0
700,trailmix,4.0
700,edamame,4.0
700,lox,3.0
700,sunchips,5.0
700,potatochips,3.0
700,sourpatch,3.0
700,orangeslices,4.0
700,skittles,1.0
700,triscuits,4.0
700,cherries,3.0
700,cheezits,4.0
702,americancheese,5.0
702,granolabar,3.0
702,cupcakes,5.0
702,lox,2.0
702,peaches,4.0
702,appleslices,5.0
702,kettlecorn,4.0
702,cucumberslices,4.0
702,corncob,4.0
702,pear,4.0
702,poptarts,5.0
702,grahamcrackers,4.0
702,cantaloupe,1.0
702,triscuits,3.0
702,kitkat,4.0
702,sunchips,4.0
702,olives,2.0
702,kiwi,3.0
702,sweetpotato,4.0
702,celerysticks,4.0
702,swedishfish,5.0
702,eggs,4.0
702,carrotsticks,4.0
702,falafelwithpita,2.0
702,oreos,3.0
702,mushrooms,2.0
702,doritos,5.0
702,potatochips,4.0
702,minimuffins,4.0
702,sushi,1.0
702,doughnuts,5.0
702,wheatbread,3.0
702,popsicles,4.0
702,bagelplain,5.0
702,chocolatepretzels,4.0
702,raspberries,1.0
702,bakedpotato,4.0
702,ricecakes,3.0
702,skittles,5.0
702,ritz,4.0
702,salami,4.0
702,cherries,4.0
702,blueberries,1.0
702,cherrytomato,4.0
702,cheezits,4.0
702,mango,2.0
702,sourpatch,5.0
702,deliturkey,4.0
702,trailmix,4.0
702,croissant,5.0
702,cocktailshrimp,1.0
702,cookies,5.0
702,cheesecubes,5.0
702,edamame,2.0
702,banana,4.0
702,grapes,4.0
702,saltines,4.0
702,yogurtpretzels,5.0
702,strawberries,5.0
702,pretzels,5.0
702,avocado,2.0
702,icecream,4.0
702,broccoli,4.0
702,mms,5.0
702,orangeslices,4.0
705,cantaloupe,4.0
705,doughnuts,5.0
705,olives,2.0
705,kitkat,5.0
705,mms,4.0
705,raspberries,5.0
705,salami,5.0
705,skittles,5.0
705,avocado,5.0
705,edamame,5.0
705,granolabar,4.0
705,orangeslices,5.0
705,appleslices,5.0
705,popsicles,4.0
705,banana,5.0
705,mango,5.0
705,lox,5.0
705,pear,5.0
705,mushrooms,2.0
705,sourpatch,1.0
705,poptarts,4.0
705,cherries,5.0
705,minimuffins,5.0
705,sushi,5.0
705,grapes,2.0
705,falafelwithpita,2.0
705,trailmix,4.0
705,cheesecubes,3.0
705,doritos,5.0
705,americancheese,4.0
705,blueberries,5.0
705,saltines,5.0
705,kiwi,2.0
705,sunchips,2.0
705,cookies,4.0
705,deliturkey,3.0
705,cupcakes,5.0
705,pretzels,3.0
705,triscuits,5.0
705,cherrytomato,4.0
705,wheatbread,5.0
705,oreos,4.0
705,chocolatepretzels,2.0
705,peaches,4.0
705,ricecakes,1.0
705,strawberries,5.0
705,corncob,5.0
705,eggs,2.0
705,cheezits,4.0
705,cucumberslices,2.0
705,potatochips,5.0
705,cocktailshrimp,4.0
705,yogurtpretzels,3.0
705,sweetpotato,4.0
705,ritz,5.0
705,icecream,4.0
705,broccoli,2.0
705,carrotsticks,2.0
705,grahamcrackers,5.0
705,swedishfish,5.0
705,celerysticks,3.0
705,kettlecorn,3.0
705,bakedpotato,5.0
705,croissant,4.0
705,bagelplain,4.0
706,potatochips,3.0
706,kettlecorn,3.0
706,cucumberslices,4.0
706,kitkat,5.0
706,peaches,3.0
706,icecream,1.0
706,banana,5.0
706,yogurtpretzels,3.0
706,sweetpotato,2.0
706,bagelplain,3.0
706,blueberries,2.0
706,cocktailshrimp,3.0
706,kiwi,3.0
706,corncob,3.0
706,pear,4.0
706,mms,5.0
706,cantaloupe,3.0
706,doritos,4.0
706,poptarts,3.0
706,carrotsticks,2.0
706,lox,5.0
706,wheatbread,5.0
706,trailmix,3.0
706,cherries,4.0
706,sunchips,5.0
706,cupcakes,3.0
706,americancheese,5.0
706,salami,4.0
706,strawberries,5.0
706,grahamcrackers,4.0
706,mushrooms,3.0
706,broccoli,2.0
706,doughnuts,5.0
706,celerysticks,2.0
706,edamame,3.0
706,eggs,5.0
706,skittles,4.0
706,orangeslices,5.0
706,olives,4.0
706,cookies,3.0
706,chocolatepretzels,2.0
706,raspberries,3.0
706,bakedpotato,4.0
706,deliturkey,3.0
706,appleslices,4.0
706,pretzels,2.0
706,cherrytomato,4.0
706,avocado,1.0
706,swedishfish,2.0
706,grapes,4.0
706,saltines,1.0
706,cheezits,3.0
706,falafelwithpita,2.0
706,mango,3.0
706,sushi,3.0
706,granolabar,4.0
706,oreos,2.0
706,ricecakes,3.0
706,sourpatch,4.0
706,popsicles,3.0
706,triscuits,3.0
706,croissant,2.0
706,cheesecubes,3.0
706,ritz,3.0
706,minimuffins,3.0
709,trailmix,3.0
709,blueberries,4.0
709,kiwi,2.0
709,pretzels,2.0
709,poptarts,4.0
709,americancheese,4.0
709,mushrooms,3.0
709,sunchips,4.0
709,sushi,1.0
709,ritz,4.0
709,avocado,2.0
709,cheesecubes,4.0
709,ricecakes,3.0
709,deliturkey,4.0
709,salami,2.0
709,appleslices,4.0
709,broccoli,2.0
709,celerysticks,1.0
709,edamame,3.0
709,skittles,4.0
709,banana,4.0
709,doritos,4.0
709,icecream,3.0
709,cherrytomato,4.0
709,bakedpotato,4.0
709,croissant,5.0
709,cucumberslices,2.0
709,peaches,3.0
709,falafelwithpita,3.0
709,kettlecorn,3.0
709,carrotsticks,4.0
709,cocktailshrimp,2.0
709,cookies,4.0
709,oreos,4.0
709,minimuffins,4.0
709,swedishfish,2.0
709,wheatbread,4.0
709,grahamcrackers,3.0
709,mango,3.0
709,cupcakes,4.0
709,popsicles,3.0
709,olives,2.0
709,cheezits,4.0
709,lox,2.0
709,chocolatepretzels,4.0
709,orangeslices,3.0
709,saltines,4.0
709,corncob,4.0
709,grapes,3.0
709,cherries,2.0
709,granolabar,3.0
709,mms,4.0
709,eggs,4.0
709,bagelplain,4.0
709,potatochips,4.0
709,raspberries,2.0
709,kitkat,4.0
709,strawberries,3.0
709,triscuits,2.0
709,sourpatch,2.0
709,pear,4.0
709,sweetpotato,2.0
709,doughnuts,4.0
709,cantaloupe,4.0
709,yogurtpretzels,4.0
716,banana,5.0
716,bakedpotato,5.0
716,edamame,3.0
716,eggs,5.0
716,saltines,4.0
716,doritos,2.0
716,yogurtpretzels,2.0
716,doughnuts,4.0
716,cheesecubes,4.0
716,carrotsticks,5.0
716,trailmix,5.0
716,pretzels,5.0
716,americancheese,2.0
716,raspberries,5.0
716,sourpatch,3.0
716,blueberries,4.0
716,mushrooms,4.0
716,swedishfish,4.0
716,sushi,5.0
716,chocolatepretzels,5.0
716,avocado,5.0
716,olives,5.0
716,cucumberslices,5.0
716,corncob,3.0
716,cherrytomato,3.0
716,mms,2.0
716,ricecakes,3.0
716,triscuits,4.0
716,kitkat,4.0
716,sweetpotato,5.0
716,pear,5.0
716,kettlecorn,2.0
716,broccoli,4.0
716,cupcakes,3.0
716,falafelwithpita,5.0
716,kiwi,2.0
716,strawberries,5.0
716,celerysticks,3.0
716,cocktailshrimp,1.0
716,croissant,5.0
716,granolabar,1.0
716,potatochips,5.0
716,mango,5.0
716,poptarts,1.0
716,cheezits,2.0
716,grapes,4.0
716,salami,3.0
716,skittles,2.0
716,popsicles,4.0
716,lox,4.0
716,bagelplain,4.0
716,cantaloupe,5.0
716,deliturkey,2.0
716,wheatbread,3.0
716,ritz,3.0
716,minimuffins,3.0
716,oreos,2.0
716,sunchips,4.0
716,grahamcrackers,1.0
716,orangeslices,5.0
716,cherries,5.0
716,cookies,4.0
716,icecream,3.0
716,peaches,5.0
716,appleslices,4.0
717,cheezits,4.0
717,peaches,5.0
717,bagelplain,4.0
717,falafelwithpita,2.0
717,mango,5.0
717,lox,2.0
717,minimuffins,4.0
717,blueberries,3.0
717,grahamcrackers,4.0
717,kitkat,4.0
717,ricecakes,1.0
717,mms,3.0
717,saltines,3.0
717,triscuits,3.0
717,grapes,5.0
717,banana,5.0
717,sourpatch,1.0
717,broccoli,4.0
717,deliturkey,1.0
717,kiwi,3.0
717,sweetpotato,4.0
717,carrotsticks,4.0
717,trailmix,3.0
717,wheatbread,3.0
717,orangeslices,3.0
717,croissant,3.0
717,olives,4.0
717,corncob,4.0
717,popsicles,3.0
717,cupcakes,3.0
717,kettlecorn,4.0
717,oreos,3.0
717,raspberries,3.0
717,cookies,4.0
717,skittles,3.0
717,cherrytomato,5.0
717,swedishfish,2.0
717,celerysticks,3.0
717,cherries,4.0
717,chocolatepretzels,4.0
717,icecream,3.0
717,sushi,4.0
717,mushrooms,4.0
717,cucumberslices,3.0
717,bakedpotato,4.0
717,appleslices,5.0
717,avocado,5.0
717,sunchips,3.0
717,doughnuts,3.0
717,cocktailshrimp,2.0
717,salami,1.0
717,pretzels,3.0
717,pear,5.0
717,potatochips,3.0
717,ritz,3.0
717,cantaloupe,4.0
717,yogurtpretzels,3.0
717,edamame,4.0
717,strawberries,3.0
717,americancheese,3.0
717,cheesecubes,3.0
717,poptarts,3.0
717,granolabar,2.0
717,doritos,3.0
717,eggs,5.0
718,poptarts,2.0
718,lox,4.0
718,broccoli,3.0
718,peaches,2.0
718,doughnuts,2.0
718,yogurtpretzels,2.0
718,sourpatch,1.0
718,triscuits,3.0
718,blueberries,3.0
718,croissant,5.0
718,sunchips,3.0
718,cherries,2.0
718,oreos,4.0
718,kitkat,3.0
718,edamame,2.0
718,bagelplain,4.0
718,mms,2.0
718,cherrytomato,2.0
718,doritos,1.0
718,deliturkey,3.0
718,mango,3.0
718,salami,5.0
718,corncob,4.0
718,carrotsticks,2.0
718,kettlecorn,1.0
718,pretzels,3.0
718,pear,5.0
718,cheezits,4.0
718,trailmix,1.0
718,ricecakes,4.0
718,cocktailshrimp,4.0
718,falafelwithpita,3.0
718,sushi,3.0
718,ritz,3.0
718,eggs,3.0
718,popsicles,3.0
718,cupcakes,1.0
718,strawberries,3.0
718,appleslices,4.0
718,americancheese,2.0
718,olives,1.0
718,swedishfish,1.0
718,cookies,5.0
718,cucumberslices,4.0
718,grahamcrackers,4.0
718,skittles,1.0
718,avocado,3.0
718,bakedpotato,3.0
718,banana,5.0
718,grapes,2.0
718,saltines,3.0
718,kiwi,3.0
718,cheesecubes,2.0
718,sweetpotato,3.0
718,icecream,3.0
718,mushrooms,4.0
718,celerysticks,3.0
718,orangeslices,3.0
718,granolabar,1.0
718,potatochips,3.0
718,cantaloupe,3.0
718,raspberries,3.0
718,chocolatepretzels,1.0
718,minimuffins,3.0
718,wheatbread,1.0
719,lox,4.0
719,yogurtpretzels,1.0
719,skittles,2.0
719,cheezits,3.0
719,wheatbread,3.0
719,oreos,2.0
719,swedishfish,2.0
719,cucumberslices,4.0
719,sourpatch,3.0
719,cherrytomato,4.0
719,ricecakes,4.0
719,appleslices,4.0
719,mushrooms,1.0
719,icecream,4.0
719,sunchips,1.0
719,banana,1.0
719,eggs,5.0
719,salami,5.0
719,kettlecorn,3.0
719,falafelwithpita,3.0
719,blueberries,2.0
719,carrotsticks,4.0
719,cheesecubes,3.0
719,olives,2.0
719,raspberries,4.0
719,trailmix,4.0
719,mango,4.0
719,americancheese,3.0
719,cookies,4.0
719,corncob,4.0
719,saltines,5.0
719,minimuffins,5.0
719,cherries,1.0
719,peaches,3.0
719,triscuits,4.0
719,doughnuts,4.0
719,potatochips,5.0
719,deliturkey,5.0
719,grahamcrackers,5.0
719,cupcakes,1.0
719,pear,5.0
719,avocado,2.0
719,ritz,4.0
719,pretzels,4.0
719,doritos,3.0
719,sweetpotato,4.0
719,bakedpotato,5.0
719,broccoli,4.0
719,cantaloupe,3.0
719,celerysticks,3.0
719,sushi,4.0
719,cocktailshrimp,4.0
719,kiwi,4.0
719,edamame,4.0
719,grapes,4.0
719,granolabar,3.0
719,poptarts,1.0
719,mms,1.0
719,orangeslices,4.0
719,croissant,4.0
719,kitkat,1.0
719,strawberries,5.0
719,bagelplain,5.0
719,chocolatepretzels,1.0
719,popsicles,5.0
720,cupcakes,2.0
720,peaches,4.0
720,sourpatch,4.0
720,cocktailshrimp,4.0
720,ricecakes,3.0
720,sushi,5.0
720,appleslices,1.0
720,olives,3.0
720,salami,4.0
720,chocolatepretzels,4.0
720,sunchips,4.0
720,pear,4.0
720,kitkat,4.0
720,carrotsticks,4.0
720,sweetpotato,5.0
720,popsicles,4.0
720,raspberries,4.0
720,croissant,5.0
720,trailmix,4.0
720,swedishfish,2.0
720,granolabar,5.0
720,pretzels,4.0
720,mms,4.0
720,grapes,5.0
720,bakedpotato,5.0
720,lox,5.0
720,cherries,4.0
720,mango,4.0
720,cookies,4.0
720,cantaloupe,5.0
720,cheezits,5.0
720,skittles,4.0
720,poptarts,2.0
720,triscuits,4.0
720,wheatbread,4.0
720,edamame,5.0
720,broccoli,4.0
720,cheesecubes,3.0
720,grahamcrackers,4.0
720,falafelwithpita,5.0
720,minimuffins,4.0
720,corncob,4.0
720,avocado,5.0
720,potatochips,5.0
720,kiwi,5.0
720,eggs,5.0
720,ritz,4.0
720,orangeslices,4.0
720,saltines,4.0
720,doritos,4.0
720,americancheese,3.0
720,blueberries,4.0
720,banana,4.0
720,strawberries,5.0
720,kettlecorn,3.0
720,celerysticks,4.0
720,oreos,5.0
720,bagelplain,5.0
720,deliturkey,5.0
720,cucumberslices,5.0
720,doughnuts,5.0
720,yogurtpretzels,3.0
720,cherrytomato,4.0
720,mushrooms,5.0
720,icecream,4.0
721,pretzels,4.0
721,wheatbread,3.0
721,sourpatch,5.0
721,peaches,3.0
721,ritz,3.0
721,lox,1.0
721,kettlecorn,4.0
721,bakedpotato,4.0
721,salami,3.0
721,grapes,4.0
721,pear,4.0
721,cocktailshrimp,3.0
721,mushrooms,2.0
721,sunchips,2.0
721,poptarts,4.0
721,mms,4.0
721,celerysticks,2.0
721,croissant,4.0
721,broccoli,3.0
721,falafelwithpita,2.0
721,edamame,2.0
721,doritos,3.0
721,minimuffins,4.0
721,appleslices,4.0
721,skittles,4.0
721,kiwi,5.0
721,olives,2.0
721,cookies,5.0
721,swedishfish,5.0
721,granolabar,3.0
721,avocado,5.0
721,carrotsticks,3.0
721,chocolatepretzels,4.0
721,corncob,2.0
721,bagelplain,4.0
721,saltines,3.0
721,popsicles,4.0
721,banana,3.0
721,cantaloupe,2.0
721,grahamcrackers,3.0
721,triscuits,3.0
721,kitkat,4.0
721,mango,3.0
721,cheezits,4.0
721,yogurtpretzels,3.0
721,eggs,2.0
721,oreos,4.0
721,cherries,2.0
721,icecream,4.0
721,cupcakes,3.0
721,orangeslices,4.0
721,strawberries,4.0
721,deliturkey,3.0
721,blueberries,4.0
721,ricecakes,3.0
721,trailmix,3.0
721,americancheese,2.0
721,cucumberslices,4.0
721,sweetpotato,2.0
721,raspberries,4.0
721,doughnuts,4.0
721,potatochips,4.0
721,cheesecubes,2.0
721,sushi,4.0
721,cherrytomato,3.0
724,lox,4.0
724,ritz,3.0
724,doritos,3.0
724,icecream,4.0
724,americancheese,2.0
724,triscuits,3.0
724,olives,1.0
724,cheesecubes,3.0
724,poptarts,1.0
724,cupcakes,2.0
724,cocktailshrimp,5.0
724,cherries,5.0
724,kiwi,4.0
724,blueberries,5.0
724,minimuffins,3.0
724,strawberries,4.0
724,sourpatch,1.0
724,mango,4.0
724,sunchips,2.0
724,swedishfish,1.0
724,avocado,4.0
724,yogurtpretzels,1.0
724,mms,1.0
724,chocolatepretzels,1.0
724,broccoli,4.0
724,sweetpotato,4.0
724,banana,4.0
724,ricecakes,3.0
724,pretzels,1.0
724,oreos,3.0
724,croissant,4.0
724,deliturkey,3.0
724,wheatbread,4.0
724,cheezits,2.0
724,celerysticks,2.0
724,cucumberslices,2.0
724,appleslices,4.0
724,saltines,3.0
724,bakedpotato,3.0
724,sushi,5.0
724,corncob,3.0
724,salami,1.0
724,granolabar,2.0
724,potatochips,5.0
724,doughnuts,1.0
724,grahamcrackers,3.0
724,cherrytomato,4.0
724,cookies,3.0
724,mushrooms,5.0
724,pear,1.0
724,kettlecorn,1.0
724,eggs,4.0
724,bagelplain,3.0
724,kitkat,3.0
724,popsicles,1.0
724,carrotsticks,3.0
724,peaches,4.0
724,edamame,4.0
724,falafelwithpita,2.0
724,cantaloupe,5.0
724,grapes,4.0
724,orangeslices,5.0
724,skittles,1.0
724,raspberries,4.0
724,trailmix,4.0
726,celerysticks,4.0
726,swedishfish,4.0
726,mango,5.0
726,avocado,4.0
726,raspberries,5.0
726,deliturkey,4.0
726,americancheese,4.0
726,cucumberslices,4.0
726,minimuffins,4.0
726,orangeslices,4.0
726,grapes,3.0
726,cocktailshrimp,4.0
726,mushrooms,4.0
726,strawberries,4.0
726,pear,5.0
726,saltines,3.0
726,mms,4.0
726,granolabar,2.0
726,grahamcrackers,3.0
726,croissant,3.0
726,kettlecorn,4.0
726,potatochips,4.0
726,salami,4.0
726,trailmix,3.0
726,broccoli,4.0
726,yogurtpretzels,4.0
726,cupcakes,5.0
726,corncob,3.0
726,sourpatch,5.0
726,peaches,3.0
726,pretzels,4.0
726,cookies,5.0
726,bakedpotato,3.0
726,doritos,4.0
726,doughnuts,4.0
726,wheatbread,2.0
726,kiwi,4.0
726,poptarts,4.0
726,carrotsticks,4.0
726,sweetpotato,3.0
726,sunchips,3.0
726,sushi,4.0
726,bagelplain,2.0
726,icecream,4.0
726,kitkat,4.0
726,cheesecubes,4.0
726,oreos,4.0
726,lox,2.0
726,cherrytomato,1.0
726,banana,3.0
726,skittles,4.0
726,popsicles,4.0
726,blueberries,2.0
726,ricecakes,2.0
726,falafelwithpita,3.0
726,cantaloupe,4.0
726,olives,4.0
726,edamame,3.0
726,appleslices,4.0
726,cherries,4.0
726,triscuits,4.0
726,cheezits,4.0
726,ritz,3.0
726,eggs,3.0
726,chocolatepretzels,4.0
727,croissant,5.0
727,wheatbread,4.0
727,kiwi,4.0
727,sourpatch,5.0
727,kettlecorn,4.0
727,granolabar,3.0
727,deliturkey,3.0
727,kitkat,4.0
727,banana,2.0
727,raspberries,3.0
727,saltines,4.0
727,pear,3.0
727,pretzels,4.0
727,cherries,4.0
727,chocolatepretzels,4.0
727,oreos,4.0
727,icecream,4.0
727,doritos,2.0
727,sushi,5.0
727,americancheese,4.0
727,yogurtpretzels,5.0
727,sweetpotato,3.0
727,lox,2.0
727,celerysticks,4.0
727,minimuffins,4.0
727,olives,1.0
727,sunchips,4.0
727,trailmix,3.0
727,cookies,4.0
727,cheezits,4.0
727,cherrytomato,3.0
727,grapes,4.0
727,grahamcrackers,3.0
727,corncob,4.0
727,ritz,4.0
727,falafelwithpita,4.0
727,cocktailshrimp,5.0
727,orangeslices,4.0
727,bagelplain,4.0
727,carrotsticks,4.0
727,cupcakes,5.0
727,blueberries,4.0
727,broccoli,4.0
727,strawberries,4.0
727,avocado,3.0
727,peaches,4.0
727,eggs,3.0
727,poptarts,3.0
727,doughnuts,4.0
727,edamame,3.0
727,ricecakes,2.0
727,cucumberslices,4.0
727,mms,4.0
727,salami,4.0
727,cheesecubes,3.0
727,appleslices,4.0
727,mango,4.0
727,cantaloupe,4.0
727,bakedpotato,4.0
727,mushrooms,3.0
727,swedishfish,4.0
727,popsicles,4.0
727,triscuits,4.0
727,potatochips,2.0
727,skittles,4.0
728,kettlecorn,4.0
728,triscuits,3.0
728,doritos,4.0
728,carrotsticks,2.0
728,cheezits,3.0
728,cupcakes,3.0
728,raspberries,5.0
728,americancheese,3.0
728,salami,3.0
728,sunchips,3.0
728,celerysticks,3.0
728,appleslices,4.0
728,trailmix,2.0
728,sweetpotato,1.0
728,kiwi,5.0
728,kitkat,3.0
728,skittles,5.0
728,ritz,4.0
728,strawberries,5.0
728,deliturkey,4.0
728,falafelwithpita,4.0
728,cookies,3.0
728,avocado,1.0
728,swedishfish,4.0
728,wheatbread,1.0
728,cantaloupe,5.0
728,sushi,4.0
728,eggs,1.0
728,blueberries,5.0
728,edamame,4.0
728,corncob,4.0
728,minimuffins,2.0
728,orangeslices,5.0
728,potatochips,4.0
728,mango,4.0
728,saltines,2.0
728,bakedpotato,3.0
728,cherrytomato,2.0
728,icecream,4.0
728,cocktailshrimp,5.0
728,peaches,5.0
728,pretzels,5.0
728,grahamcrackers,2.0
728,banana,2.0
728,bagelplain,2.0
728,broccoli,3.0
728,granolabar,2.0
728,doughnuts,2.0
728,ricecakes,2.0
728,croissant,2.0
728,poptarts,2.0
728,pear,5.0
728,mms,2.0
728,chocolatepretzels,4.0
728,cheesecubes,4.0
728,popsicles,5.0
728,cucumberslices,4.0
728,oreos,3.0
728,olives,1.0
728,mushrooms,3.0
728,yogurtpretzels,4.0
728,lox,5.0
728,grapes,5.0
728,sourpatch,5.0
728,cherries,5.0
730,cheezits,4.0
730,cherries,5.0
730,potatochips,4.0
730,poptarts,1.0
730,cantaloupe,2.0
730,appleslices,4.0
730,skittles,2.0
730,bakedpotato,4.0
730,trailmix,5.0
730,doritos,1.0
730,mushrooms,2.0
730,grapes,2.0
730,avocado,5.0
730,broccoli,4.0
730,triscuits,4.0
730,cupcakes,4.0
730,olives,5.0
730,cucumberslices,4.0
730,deliturkey,3.0
730,eggs,5.0
730,icecream,5.0
730,pear,3.0
730,swedishfish,2.0
730,edamame,4.0
730,salami,2.0
730,popsicles,4.0
730,celerysticks,4.0
730,doughnuts,2.0
730,pretzels,5.0
730,sunchips,4.0
730,cocktailshrimp,4.0
730,granolabar,3.0
730,strawberries,5.0
730,kitkat,4.0
730,carrotsticks,5.0
730,ricecakes,3.0
730,minimuffins,2.0
730,blueberries,5.0
730,sourpatch,2.0
730,raspberries,5.0
730,banana,5.0
730,peaches,4.0
730,croissant,2.0
730,saltines,4.0
730,kettlecorn,2.0
730,cookies,4.0
730,cherrytomato,4.0
730,falafelwithpita,4.0
730,sweetpotato,5.0
730,grahamcrackers,3.0
730,sushi,4.0
730,mms,2.0
730,corncob,4.0
730,oreos,2.0
730,americancheese,2.0
730,chocolatepretzels,4.0
730,bagelplain,2.0
730,orangeslices,4.0
730,mango,3.0
730,kiwi,4.0
730,cheesecubes,2.0
730,wheatbread,4.0
730,lox,5.0
730,ritz,2.0
730,yogurtpretzels,3.0
732,cheesecubes,4.0
732,falafelwithpita,3.0
732,ritz,3.0
732,granolabar,4.0
732,chocolatepretzels,4.0
732,potatochips,4.0
732,kitkat,4.0
732,bakedpotato,4.0
732,icecream,4.0
732,mushrooms,4.0
732,cheezits,4.0
732,corncob,5.0
732,celerysticks,4.0
732,sushi,1.0
732,avocado,2.0
732,minimuffins,4.0
732,cherrytomato,5.0
732,deliturkey,4.0
732,trailmix,4.0
732,cucumberslices,4.0
732,popsicles,4.0
732,blueberries,3.0
732,lox,1.0
732,cantaloupe,4.0
732,americancheese,4.0
732,grapes,5.0
732,wheatbread,4.0
732,grahamcrackers,4.0
732,orangeslices,4.0
732,eggs,4.0
732,croissant,4.0
732,doritos,4.0
732,pear,4.0
732,poptarts,5.0
732,raspberries,4.0
732,cherries,4.0
732,mms,5.0
732,sourpatch,2.0
732,sweetpotato,4.0
732,ricecakes,4.0
732,peaches,4.0
732,doughnuts,4.0
732,triscuits,4.0
732,salami,3.0
732,sunchips,4.0
732,saltines,4.0
732,oreos,4.0
732,skittles,5.0
732,swedishfish,5.0
732,kettlecorn,5.0
732,carrotsticks,4.0
732,cupcakes,4.0
732,cookies,4.0
732,pretzels,4.0
732,mango,4.0
732,bagelplain,4.0
732,edamame,4.0
732,yogurtpretzels,4.0
732,olives,4.0
732,kiwi,4.0
732,cocktailshrimp,4.0
732,broccoli,4.0
732,appleslices,5.0
732,strawberries,4.0
732,banana,5.0
733,celerysticks,4.0
733,americancheese,5.0
733,cherries,2.0
733,appleslices,5.0
733,ricecakes,2.0
733,cupcakes,2.0
733,bakedpotato,5.0
733,potatochips,5.0
733,falafelwithpita,4.0
733,oreos,2.0
733,avocado,5.0
733,cantaloupe,3.0
733,pear,1.0
733,grahamcrackers,1.0
733,broccoli,4.0
733,bagelplain,2.0
733,eggs,4.0
733,olives,4.0
733,salami,5.0
733,kettlecorn,3.0
733,cocktailshrimp,4.0
733,raspberries,5.0
733,deliturkey,2.0
733,yogurtpretzels,2.0
733,mushrooms,5.0
733,doughnuts,3.0
733,popsicles,3.0
733,cherrytomato,1.0
733,icecream,3.0
733,cucumberslices,5.0
733,granolabar,5.0
733,ritz,4.0
733,corncob,1.0
733,mms,3.0
733,wheatbread,5.0
733,banana,4.0
733,kitkat,5.0
733,sourpatch,4.0
733,chocolatepretzels,4.0
733,poptarts,4.0
733,triscuits,1.0
733,skittles,5.0
733,strawberries,2.0
733,edamame,2.0
733,sushi,1.0
733,cheesecubes,1.0
733,lox,4.0
733,blueberries,5.0
733,peaches,1.0
733,croissant,3.0
733,mango,2.0
733,orangeslices,3.0
733,trailmix,5.0
733,carrotsticks,2.0
733,doritos,4.0
733,grapes,2.0
733,saltines,2.0
733,cheezits,3.0
733,cookies,4.0
733,sweetpotato,5.0
733,minimuffins,5.0
733,sunchips,4.0
733,pretzels,2.0
733,kiwi,2.0
733,swedishfish,5.0
734,carrotsticks,2.0
734,avocado,4.0
734,appleslices,4.0
734,edamame,4.0
734,sunchips,2.0
734,pretzels,2.0
734,falafelwithpita,3.0
734,cucumberslices,4.0
734,broccoli,4.0
734,blueberries,5.0
734,sushi,2.0
734,bagelplain,4.0
734,corncob,2.0
734,doughnuts,3.0
734,yogurtpretzels,4.0
734,trailmix,4.0
734,granolabar,4.0
734,skittles,2.0
734,mushrooms,4.0
734,doritos,2.0
734,icecream,3.0
734,kiwi,5.0
734,triscuits,2.0
734,cantaloupe,4.0
734,peaches,5.0
734,mango,4.0
734,sweetpotato,3.0
734,minimuffins,4.0
734,orangeslices,4.0
734,strawberries,4.0
734,wheatbread,4.0
734,bakedpotato,4.0
734,americancheese,5.0
734,croissant,4.0
734,popsicles,3.0
734,cheezits,2.0
734,cherrytomato,4.0
734,potatochips,2.0
734,grahamcrackers,2.0
734,raspberries,4.0
734,salami,3.0
734,mms,2.0
734,banana,4.0
734,pear,4.0
734,poptarts,3.0
734,saltines,2.0
734,celerysticks,3.0
734,grapes,4.0
734,lox,4.0
734,ricecakes,2.0
734,deliturkey,2.0
734,chocolatepretzels,3.0
734,cookies,4.0
734,eggs,4.0
734,kitkat,4.0
734,oreos,3.0
734,sourpatch,2.0
734,kettlecorn,4.0
734,cheesecubes,4.0
734,cocktailshrimp,1.0
734,ritz,3.0
734,cherries,4.0
734,swedishfish,2.0
734,cupcakes,3.0
734,olives,1.0
737,kettlecorn,4.0
737,potatochips,4.0
737,wheatbread,5.0
737,ritz,4.0
737,falafelwithpita,4.0
737,deliturkey,4.0
737,americancheese,5.0
737,swedishfish,5.0
737,sweetpotato,4.0
737,ricecakes,3.0
737,grahamcrackers,4.0
737,popsicles,4.0
737,blueberries,5.0
737,pretzels,4.0
737,mms,4.0
737,cucumberslices,4.0
737,sunchips,4.0
737,minimuffins,4.0
737,edamame,1.0
737,cookies,4.0
737,oreos,4.0
737,cantaloupe,4.0
737,avocado,5.0
737,lox,4.0
737,cherrytomato,3.0
737,banana,1.0
737,kitkat,5.0
737,cupcakes,5.0
737,cheezits,3.0
737,croissant,4.0
737,salami,4.0
737,olives,2.0
737,mushrooms,2.0
737,triscuits,3.0
737,eggs,4.0
737,trailmix,4.0
737,grapes,3.0
737,chocolatepretzels,4.0
737,sushi,4.0
737,bagelplain,4.0
737,broccoli,2.0
737,kiwi,4.0
737,skittles,4.0
737,pear,4.0
737,cherries,2.0
737,doritos,4.0
737,poptarts,4.0
737,yogurtpretzels,4.0
737,corncob,4.0
737,cocktailshrimp,3.0
737,sourpatch,4.0
737,carrotsticks,1.0
737,appleslices,4.0
737,celerysticks,2.0
737,saltines,4.0
737,icecream,4.0
737,peaches,1.0
737,cheesecubes,4.0
737,raspberries,5.0
737,mango,2.0
737,granolabar,4.0
737,doughnuts,5.0
737,orangeslices,2.0
737,bakedpotato,3.0
737,strawberries,3.0
738,blueberries,4.0
738,lox,1.0
738,bagelplain,4.0
738,mushrooms,5.0
738,cheezits,5.0
738,orangeslices,2.0
738,trailmix,3.0
738,eggs,2.0
738,raspberries,4.0
738,yogurtpretzels,5.0
738,croissant,4.0
738,kitkat,5.0
738,cheesecubes,5.0
738,cookies,4.0
738,cocktailshrimp,1.0
738,mms,4.0
738,americancheese,3.0
738,deliturkey,1.0
738,cantaloupe,2.0
738,peaches,5.0
738,pretzels,4.0
738,skittles,1.0
738,icecream,3.0
738,ritz,4.0
738,popsicles,3.0
738,chocolatepretzels,5.0
738,appleslices,5.0
738,granolabar,3.0
738,olives,3.0
738,salami,1.0
738,kettlecorn,4.0
738,swedishfish,1.0
738,cucumberslices,4.0
738,sunchips,4.0
738,potatochips,4.0
738,banana,1.0
738,sushi,2.0
738,sourpatch,1.0
738,pear,4.0
738,sweetpotato,5.0
738,saltines,3.0
738,mango,4.0
738,cherrytomato,3.0
738,edamame,3.0
738,minimuffins,3.0
738,poptarts,2.0
738,carrotsticks,4.0
738,bakedpotato,5.0
738,ricecakes,2.0
738,doritos,4.0
738,cherries,3.0
738,strawberries,4.0
738,oreos,5.0
738,falafelwithpita,3.0
738,grahamcrackers,3.0
738,cupcakes,5.0
738,wheatbread,4.0
738,broccoli,4.0
738,celerysticks,1.0
738,kiwi,3.0
738,corncob,2.0
738,grapes,4.0
738,avocado,5.0
738,doughnuts,4.0
738,triscuits,4.0
739,oreos,3.0
739,cheezits,4.0
739,chocolatepretzels,4.0
739,bakedpotato,4.0
739,cocktailshrimp,3.0
739,kettlecorn,5.0
739,icecream,5.0
739,pear,4.0
739,appleslices,4.0
739,cherries,4.0
739,cheesecubes,2.0
739,pretzels,4.0
739,minimuffins,4.0
739,eggs,4.0
739,mms,4.0
739,salami,2.0
739,falafelwithpita,3.0
739,triscuits,3.0
739,raspberries,4.0
739,kiwi,4.0
739,bagelplain,4.0
739,doughnuts,4.0
739,cherrytomato,3.0
739,sweetpotato,3.0
739,olives,2.0
739,poptarts,4.0
739,blueberries,4.0
739,ritz,3.0
739,cupcakes,4.0
739,banana,5.0
739,corncob,4.0
739,potatochips,4.0
739,cookies,4.0
739,mushrooms,4.0
739,broccoli,4.0
739,grahamcrackers,3.0
739,avocado,5.0
739,sushi,5.0
739,deliturkey,3.0
739,cantaloupe,4.0
739,saltines,3.0
739,americancheese,1.0
739,sunchips,3.0
739,lox,3.0
739,yogurtpretzels,4.0
739,orangeslices,4.0
739,mango,4.0
739,trailmix,4.0
739,ricecakes,3.0
739,celerysticks,3.0
739,swedishfish,3.0
739,sourpatch,3.0
739,edamame,4.0
739,cucumberslices,3.0
739,strawberries,4.0
739,peaches,4.0
739,wheatbread,3.0
739,skittles,3.0
739,carrotsticks,2.0
739,popsicles,3.0
739,kitkat,3.0
739,croissant,5.0
739,granolabar,4.0
739,doritos,4.0
739,grapes,5.0
742,saltines,4.0
742,cocktailshrimp,5.0
742,skittles,3.0
742,cupcakes,2.0
742,salami,3.0
742,pretzels,4.0
742,deliturkey,3.0
742,grapes,5.0
742,corncob,4.0
742,oreos,4.0
742,cucumberslices,5.0
742,mms,3.0
742,doritos,3.0
742,icecream,3.0
742,appleslices,5.0
742,ricecakes,2.0
742,lox,5.0
742,mushrooms,5.0
742,cheezits,2.0
742,grahamcrackers,3.0
742,minimuffins,3.0
742,trailmix,3.0
742,chocolatepretzels,4.0
742,sweetpotato,3.0
742,mango,5.0
742,granolabar,2.0
742,cherries,5.0
742,bagelplain,4.0
742,eggs,4.0
742,cookies,3.0
742,avocado,5.0
742,peaches,5.0
742,yogurtpretzels,2.0
742,cantaloupe,5.0
742,falafelwithpita,3.0
742,croissant,3.0
742,banana,5.0
742,swedishfish,2.0
742,poptarts,2.0
742,doughnuts,3.0
742,carrotsticks,5.0
742,cheesecubes,4.0
742,potatochips,2.0
742,blueberries,4.0
742,strawberries,5.0
742,wheatbread,4.0
742,sourpatch,1.0
742,triscuits,3.0
742,ritz,3.0
742,broccoli,4.0
742,americancheese,4.0
742,kitkat,4.0
742,edamame,5.0
742,popsicles,3.0
742,pear,3.0
742,kiwi,5.0
742,olives,4.0
742,sushi,3.0
742,orangeslices,5.0
742,bakedpotato,3.0
742,kettlecorn,2.0
742,raspberries,5.0
742,celerysticks,5.0
742,sunchips,3.0
742,cherrytomato,4.0
743,falafelwithpita,2.0
743,trailmix,4.0
743,eggs,4.0
743,popsicles,4.0
743,pear,4.0
743,celerysticks,4.0
743,grapes,4.0
743,poptarts,4.0
743,doritos,5.0
743,deliturkey,1.0
743,bagelplain,4.0
743,cucumberslices,5.0
743,minimuffins,5.0
743,wheatbread,1.0
743,peaches,4.0
743,mango,4.0
743,salami,1.0
743,potatochips,5.0
743,kitkat,4.0
743,cherrytomato,3.0
743,broccoli,4.0
743,saltines,4.0
743,olives,1.0
743,strawberries,5.0
743,mushrooms,1.0
743,cookies,5.0
743,kettlecorn,5.0
743,corncob,5.0
743,kiwi,5.0
743,skittles,5.0
743,blueberries,5.0
743,edamame,5.0
743,sushi,1.0
743,banana,4.0
743,oreos,4.0
743,americancheese,5.0
743,lox,1.0
743,grahamcrackers,3.0
743,orangeslices,4.0
743,mms,4.0
743,sourpatch,5.0
743,cantaloupe,5.0
743,yogurtpretzels,3.0
743,pretzels,4.0
743,icecream,3.0
743,appleslices,3.0
743,carrotsticks,4.0
743,swedishfish,4.0
743,cupcakes,3.0
743,ricecakes,3.0
743,bakedpotato,5.0
743,cheesecubes,4.0
743,doughnuts,2.0
743,raspberries,4.0
743,granolabar,4.0
743,triscuits,4.0
743,ritz,4.0
743,croissant,3.0
743,cocktailshrimp,1.0
743,sunchips,1.0
743,cherries,3.0
743,sweetpotato,4.0
743,avocado,1.0
743,cheezits,4.0
743,chocolatepretzels,4.0
744,swedishfish,1.0
744,strawberries,4.0
744,appleslices,4.0
744,cherries,4.0
744,orangeslices,1.0
744,granolabar,2.0
744,grahamcrackers,2.0
744,americancheese,4.0
744,croissant,5.0
744,salami,2.0
744,mango,3.0
744,ricecakes,4.0
744,bagelplain,4.0
744,mushrooms,4.0
744,sourpatch,1.0
744,kitkat,2.0
744,chocolatepretzels,4.0
744,cupcakes,2.0
744,sunchips,4.0
744,poptarts,1.0
744,olives,4.0
744,cantaloupe,4.0
744,skittles,1.0
744,pear,4.0
744,cheesecubes,4.0
744,banana,4.0
744,saltines,2.0
744,icecream,2.0
744,cucumberslices,4.0
744,raspberries,5.0
744,trailmix,4.0
744,sweetpotato,3.0
744,celerysticks,2.0
744,peaches,4.0
744,cherrytomato,4.0
744,kiwi,4.0
744,cocktailshrimp,2.0
744,eggs,4.0
744,ritz,4.0
744,falafelwithpita,4.0
744,cheezits,2.0
744,blueberries,4.0
744,doughnuts,1.0
744,wheatbread,4.0
744,avocado,5.0
744,edamame,4.0
744,yogurtpretzels,3.0
744,mms,1.0
744,grapes,4.0
744,minimuffins,4.0
744,cookies,4.0
744,triscuits,2.0
744,lox,1.0
744,deliturkey,2.0
744,doritos,2.0
744,kettlecorn,1.0
744,corncob,2.0
744,pretzels,4.0
744,sushi,5.0
744,popsicles,1.0
744,potatochips,2.0
744,oreos,2.0
744,bakedpotato,3.0
744,broccoli,3.0
744,carrotsticks,4.0
746,celerysticks,1.0
746,skittles,2.0
746,bakedpotato,4.0
746,cucumberslices,5.0
746,bagelplain,1.0
746,saltines,1.0
746,cocktailshrimp,1.0
746,poptarts,1.0
746,salami,4.0
746,kettlecorn,1.0
746,doughnuts,4.0
746,granolabar,1.0
746,falafelwithpita,1.0
746,mushrooms,5.0
746,cheezits,4.0
746,grahamcrackers,1.0
746,ricecakes,1.0
746,sweetpotato,5.0
746,popsicles,4.0
746,icecream,5.0
746,deliturkey,1.0
746,grapes,4.0
746,pear,5.0
746,cherries,5.0
746,cantaloupe,5.0
746,orangeslices,5.0
746,minimuffins,2.0
746,chocolatepretzels,1.0
746,carrotsticks,3.0
746,avocado,5.0
746,lox,3.0
746,yogurtpretzels,1.0
746,cherrytomato,5.0
746,potatochips,5.0
746,sunchips,3.0
746,sourpatch,5.0
746,cupcakes,5.0
746,swedishfish,1.0
746,edamame,5.0
746,eggs,2.0
746,raspberries,5.0
746,triscuits,3.0
746,trailmix,1.0
746,oreos,2.0
746,olives,5.0
746,americancheese,5.0
746,corncob,1.0
746,pretzels,1.0
746,cookies,5.0
746,wheatbread,1.0
746,strawberries,5.0
746,peaches,5.0
746,blueberries,5.0
746,doritos,5.0
746,sushi,5.0
746,mms,4.0
746,broccoli,4.0
746,ritz,1.0
746,appleslices,5.0
746,kitkat,3.0
746,mango,5.0
746,cheesecubes,5.0
746,kiwi,5.0
746,croissant,2.0
746,banana,5.0
748,strawberries,1.0
748,cocktailshrimp,3.0
748,kitkat,5.0
748,mushrooms,5.0
748,kettlecorn,2.0
748,cucumberslices,3.0
748,skittles,1.0
748,granolabar,3.0
748,grahamcrackers,3.0
748,lox,1.0
748,chocolatepretzels,3.0
748,eggs,3.0
748,minimuffins,4.0
748,olives,3.0
748,peaches,4.0
748,cookies,5.0
748,cheezits,3.0
748,edamame,2.0
748,doughnuts,5.0
748,cantaloupe,1.0
748,americancheese,4.0
748,sourpatch,4.0
748,broccoli,4.0
748,cherrytomato,3.0
748,ritz,3.0
748,cheesecubes,5.0
748,oreos,5.0
748,kiwi,4.0
748,doritos,5.0
748,banana,4.0
748,wheatbread,3.0
748,sweetpotato,2.0
748,saltines,2.0
748,pretzels,3.0
748,triscuits,2.0
748,ricecakes,1.0
748,orangeslices,3.0
748,cherries,5.0
748,icecream,5.0
748,mango,2.0
748,blueberries,4.0
748,popsicles,4.0
748,carrotsticks,3.0
748,croissant,4.0
748,potatochips,4.0
748,avocado,5.0
748,mms,5.0
748,deliturkey,3.0
748,bagelplain,5.0
748,yogurtpretzels,3.0
748,trailmix,3.0
748,grapes,5.0
748,sushi,1.0
748,sunchips,5.0
748,salami,3.0
748,bakedpotato,3.0
748,celerysticks,4.0
748,poptarts,3.0
748,swedishfish,3.0
748,raspberries,1.0
748,corncob,5.0
748,appleslices,4.0
748,cupcakes,5.0
748,pear,5.0
748,falafelwithpita,2.0
751,carrotsticks,4.0
751,grapes,5.0
751,icecream,4.0
751,doritos,4.0
751,eggs,4.0
751,bagelplain,4.0
751,kettlecorn,3.0
751,cantaloupe,2.0
751,croissant,3.0
751,doughnuts,4.0
751,strawberries,5.0
751,pear,5.0
751,cookies,4.0
751,edamame,2.0
751,swedishfish,4.0
751,appleslices,5.0
751,cheezits,4.0
751,pretzels,5.0
751,lox,3.0
751,raspberries,5.0
751,cupcakes,4.0
751,kiwi,4.0
751,orangeslices,4.0
751,salami,4.0
751,saltines,3.0
751,cherries,4.0
751,poptarts,3.0
751,triscuits,3.0
751,ritz,3.0
751,deliturkey,4.0
751,cheesecubes,5.0
751,minimuffins,3.0
751,ricecakes,3.0
751,mushrooms,1.0
751,potatochips,4.0
751,grahamcrackers,3.0
751,cucumberslices,5.0
751,corncob,5.0
751,oreos,4.0
751,sushi,4.0
751,skittles,3.0
751,avocado,4.0
751,broccoli,5.0
751,peaches,5.0
751,wheatbread,4.0
751,sweetpotato,5.0
751,mango,5.0
751,yogurtpretzels,2.0
751,sourpatch,5.0
751,cherrytomato,1.0
751,olives,4.0
751,mms,4.0
751,banana,4.0
751,cocktailshrimp,4.0
751,kitkat,4.0
751,granolabar,3.0
751,falafelwithpita,4.0
751,bakedpotato,5.0
751,trailmix,5.0
751,blueberries,4.0
751,popsicles,2.0
751,celerysticks,4.0
751,sunchips,4.0
751,chocolatepretzels,3.0
751,americancheese,3.0
752,swedishfish,3.0
752,cheesecubes,4.0
752,potatochips,4.0
752,oreos,5.0
752,broccoli,4.0
752,celerysticks,3.0
752,salami,4.0
752,strawberries,2.0
752,mms,5.0
752,mango,3.0
752,cocktailshrimp,1.0
752,sunchips,5.0
752,cucumberslices,5.0
752,minimuffins,4.0
752,pretzels,4.0
752,avocado,2.0
752,kitkat,4.0
752,blueberries,2.0
752,bagelplain,4.0
752,bakedpotato,4.0
752,chocolatepretzels,5.0
752,sourpatch,4.0
752,carrotsticks,4.0
752,cheezits,4.0
752,granolabar,4.0
752,mushrooms,2.0
752,popsicles,3.0
752,ritz,4.0
752,poptarts,4.0
752,kettlecorn,5.0
752,corncob,3.0
752,cherries,2.0
752,saltines,3.0
752,olives,1.0
752,deliturkey,4.0
752,banana,4.0
752,cookies,4.0
752,sushi,4.0
752,cherrytomato,2.0
752,doughnuts,5.0
752,peaches,2.0
752,yogurtpretzels,3.0
752,triscuits,4.0
752,cantaloupe,5.0
752,grapes,5.0
752,raspberries,2.0
752,lox,1.0
752,americancheese,3.0
752,falafelwithpita,2.0
752,grahamcrackers,4.0
752,cupcakes,5.0
752,skittles,5.0
752,pear,2.0
752,wheatbread,4.0
752,appleslices,4.0
752,kiwi,2.0
752,edamame,4.0
752,ricecakes,3.0
752,croissant,3.0
752,orangeslices,2.0
752,icecream,4.0
752,eggs,3.0
752,doritos,5.0
752,sweetpotato,3.0
752,trailmix,5.0
753,mms,4.0
753,banana,5.0
753,yogurtpretzels,3.0
753,cheezits,2.0
753,strawberries,5.0
753,granolabar,3.0
753,raspberries,2.0
753,deliturkey,4.0
753,avocado,4.0
753,edamame,3.0
753,ritz,5.0
753,popsicles,5.0
753,doughnuts,4.0
753,kitkat,4.0
753,sunchips,4.0
753,corncob,5.0
753,blueberries,2.0
753,grapes,5.0
753,sushi,1.0
753,bakedpotato,5.0
753,celerysticks,3.0
753,swedishfish,4.0
753,appleslices,5.0
753,cheesecubes,5.0
753,cocktailshrimp,1.0
753,icecream,3.0
753,triscuits,5.0
753,sweetpotato,4.0
753,pretzels,4.0
753,cucumberslices,3.0
753,carrotsticks,4.0
753,mushrooms,3.0
753,lox,1.0
753,cantaloupe,4.0
753,sourpatch,4.0
753,mango,3.0
753,eggs,5.0
753,cherries,2.0
753,falafelwithpita,4.0
753,skittles,5.0
753,wheatbread,5.0
753,poptarts,4.0
753,oreos,4.0
753,salami,5.0
753,olives,1.0
753,grahamcrackers,4.0
753,saltines,3.0
753,potatochips,5.0
753,pear,3.0
753,cherrytomato,4.0
753,americancheese,5.0
753,peaches,5.0
753,orangeslices,5.0
753,ricecakes,4.0
753,doritos,5.0
753,broccoli,4.0
753,bagelplain,4.0
753,cupcakes,4.0
753,chocolatepretzels,1.0
753,kettlecorn,1.0
753,kiwi,5.0
753,trailmix,3.0
753,minimuffins,1.0
753,croissant,4.0
753,cookies,5.0
755,cherries,4.0
755,appleslices,4.0
755,falafelwithpita,3.0
755,pear,4.0
755,sushi,1.0
755,celerysticks,2.0
755,deliturkey,4.0
755,potatochips,5.0
755,broccoli,1.0
755,cocktailshrimp,1.0
755,eggs,4.0
755,cookies,5.0
755,olives,5.0
755,croissant,4.0
755,bakedpotato,5.0
755,strawberries,4.0
755,mushrooms,1.0
755,skittles,5.0
755,minimuffins,5.0
755,peaches,2.0
755,cupcakes,5.0
755,doughnuts,5.0
755,mango,3.0
755,triscuits,4.0
755,americancheese,5.0
755,ricecakes,3.0
755,avocado,2.0
755,oreos,5.0
755,sourpatch,5.0
755,orangeslices,4.0
755,poptarts,4.0
755,carrotsticks,4.0
755,pretzels,4.0
755,wheatbread,4.0
755,kettlecorn,5.0
755,bagelplain,5.0
755,swedishfish,5.0
755,cucumberslices,4.0
755,icecream,3.0
755,lox,1.0
755,chocolatepretzels,5.0
755,sweetpotato,1.0
755,popsicles,4.0
755,ritz,3.0
755,trailmix,4.0
755,saltines,4.0
755,kitkat,5.0
755,cheesecubes,5.0
755,yogurtpretzels,5.0
755,edamame,1.0
755,salami,4.0
755,raspberries,1.0
755,grapes,3.0
755,mms,5.0
755,banana,3.0
755,cheezits,5.0
755,sunchips,4.0
755,cantaloupe,4.0
755,blueberries,5.0
755,cherrytomato,1.0
755,grahamcrackers,4.0
755,doritos,5.0
755,kiwi,2.0
755,corncob,4.0
755,granolabar,4.0
756,sushi,2.0
756,doughnuts,4.0
756,edamame,4.0
756,deliturkey,4.0
756,pretzels,4.0
756,yogurtpretzels,5.0
756,icecream,5.0
756,kettlecorn,4.0
756,cheezits,4.0
756,cookies,5.0
756,eggs,2.0
756,kiwi,4.0
756,americancheese,2.0
756,chocolatepretzels,5.0
756,bagelplain,2.0
756,cocktailshrimp,4.0
756,saltines,2.0
756,minimuffins,4.0
756,salami,2.0
756,sourpatch,4.0
756,strawberries,5.0
756,kitkat,5.0
756,mms,2.0
756,celerysticks,1.0
756,mango,5.0
756,peaches,4.0
756,sunchips,4.0
756,cantaloupe,2.0
756,cucumberslices,1.0
756,trailmix,2.0
756,swedishfish,4.0
756,avocado,4.0
756,grahamcrackers,4.0
756,banana,1.0
756,croissant,4.0
756,sweetpotato,4.0
756,potatochips,5.0
756,triscuits,2.0
756,cupcakes,4.0
756,ritz,4.0
756,wheatbread,2.0
756,granolabar,2.0
756,popsicles,5.0
756,cheesecubes,4.0
756,carrotsticks,4.0
756,pear,2.0
756,blueberries,4.0
756,cherries,1.0
756,cherrytomato,2.0
756,mushrooms,1.0
756,grapes,4.0
756,raspberries,2.0
756,skittles,4.0
756,olives,1.0
756,oreos,5.0
756,broccoli,5.0
756,orangeslices,5.0
756,falafelwithpita,3.0
756,bakedpotato,5.0
756,lox,3.0
756,appleslices,4.0
756,poptarts,4.0
756,ricecakes,2.0
756,doritos,5.0
756,corncob,5.0
758,kettlecorn,4.0
758,edamame,5.0
758,wheatbread,4.0
758,cupcakes,2.0
758,sunchips,4.0
758,poptarts,2.0
758,triscuits,2.0
758,banana,4.0
758,minimuffins,2.0
758,strawberries,5.0
758,americancheese,4.0
758,eggs,4.0
758,corncob,4.0
758,cheezits,5.0
758,trailmix,4.0
758,skittles,2.0
758,pretzels,4.0
758,bagelplain,4.0
758,lox,5.0
758,icecream,4.0
758,saltines,4.0
758,sourpatch,4.0
758,potatochips,4.0
758,swedishfish,4.0
758,croissant,5.0
758,peaches,5.0
758,ritz,4.0
758,sweetpotato,4.0
758,blueberries,5.0
758,grapes,5.0
758,celerysticks,2.0
758,granolabar,2.0
758,carrotsticks,4.0
758,cantaloupe,5.0
758,olives,5.0
758,ricecakes,2.0
758,mango,5.0
758,sushi,5.0
758,chocolatepretzels,5.0
758,kitkat,5.0
758,doughnuts,5.0
758,cookies,5.0
758,raspberries,5.0
758,appleslices,5.0
758,salami,5.0
758,kiwi,5.0
758,orangeslices,4.0
758,cherries,5.0
758,oreos,2.0
758,doritos,4.0
758,avocado,4.0
758,cocktailshrimp,4.0
758,yogurtpretzels,4.0
758,cheesecubes,4.0
758,falafelwithpita,5.0
758,cherrytomato,1.0
758,cucumberslices,4.0
758,grahamcrackers,4.0
758,mushrooms,4.0
758,pear,5.0
758,mms,2.0
758,bakedpotato,2.0
758,deliturkey,4.0
758,broccoli,4.0
758,popsicles,2.0
763,deliturkey,3.0
763,salami,5.0
763,skittles,4.0
763,cherrytomato,4.0
763,granolabar,4.0
763,ritz,5.0
763,orangeslices,5.0
763,raspberries,5.0
763,pear,5.0
763,pretzels,4.0
763,popsicles,4.0
763,cocktailshrimp,4.0
763,bagelplain,4.0
763,carrotsticks,3.0
763,poptarts,4.0
763,sushi,4.0
763,triscuits,5.0
763,edamame,4.0
763,cherries,4.0
763,peaches,4.0
763,mango,4.0
763,cookies,5.0
763,croissant,5.0
763,ricecakes,3.0
763,grahamcrackers,4.0
763,cheezits,3.0
763,broccoli,2.0
763,kiwi,4.0
763,celerysticks,4.0
763,lox,4.0
763,bakedpotato,3.0
763,trailmix,2.0
763,potatochips,4.0
763,kitkat,4.0
763,americancheese,4.0
763,grapes,4.0
763,minimuffins,4.0
763,cheesecubes,4.0
763,icecream,5.0
763,oreos,4.0
763,chocolatepretzels,2.0
763,saltines,4.0
763,sweetpotato,2.0
763,cupcakes,4.0
763,avocado,4.0
763,banana,5.0
763,cantaloupe,5.0
763,blueberries,5.0
763,doritos,3.0
763,mushrooms,2.0
763,sunchips,3.0
763,yogurtpretzels,1.0
763,sourpatch,4.0
763,corncob,4.0
763,mms,5.0
763,wheatbread,4.0
763,falafelwithpita,2.0
763,appleslices,4.0
763,cucumberslices,3.0
763,eggs,4.0
763,doughnuts,5.0
763,strawberries,4.0
763,olives,3.0
763,kettlecorn,3.0
763,swedishfish,4.0
764,olives,1.0
764,wheatbread,5.0
764,carrotsticks,3.0
764,americancheese,4.0
764,grahamcrackers,4.0
764,mms,5.0
764,deliturkey,4.0
764,kiwi,5.0
764,edamame,2.0
764,cocktailshrimp,5.0
764,ricecakes,5.0
764,bagelplain,5.0
764,kettlecorn,5.0
764,swedishfish,5.0
764,kitkat,5.0
764,appleslices,4.0
764,chocolatepretzels,5.0
764,peaches,5.0
764,cheesecubes,3.0
764,eggs,4.0
764,grapes,5.0
764,poptarts,5.0
764,triscuits,4.0
764,cherries,5.0
764,corncob,5.0
764,falafelwithpita,3.0
764,sunchips,5.0
764,icecream,5.0
764,cantaloupe,4.0
764,broccoli,5.0
764,strawberries,5.0
764,croissant,5.0
764,banana,4.0
764,ritz,4.0
764,bakedpotato,4.0
764,pear,4.0
764,potatochips,5.0
764,blueberries,4.0
764,cherrytomato,1.0
764,skittles,5.0
764,minimuffins,4.0
764,doritos,5.0
764,oreos,3.0
764,yogurtpretzels,5.0
764,sushi,5.0
764,sourpatch,5.0
764,saltines,4.0
764,orangeslices,4.0
764,cookies,5.0
764,cucumberslices,2.0
764,sweetpotato,5.0
764,mango,5.0
764,pretzels,4.0
764,granolabar,4.0
764,cheezits,5.0
764,salami,5.0
764,lox,2.0
764,avocado,5.0
764,raspberries,5.0
764,trailmix,4.0
764,doughnuts,4.0
764,mushrooms,4.0
764,celerysticks,4.0
764,cupcakes,5.0
764,popsicles,5.0
765,kiwi,5.0
765,cherrytomato,1.0
765,americancheese,4.0
765,bakedpotato,3.0
765,mms,2.0
765,kettlecorn,4.0
765,salami,1.0
765,yogurtpretzels,4.0
765,grapes,5.0
765,edamame,3.0
765,doritos,4.0
765,minimuffins,5.0
765,saltines,3.0
765,banana,3.0
765,falafelwithpita,5.0
765,kitkat,3.0
765,sushi,3.0
765,sunchips,4.0
765,broccoli,1.0
765,poptarts,3.0
765,cherries,5.0
765,lox,1.0
765,carrotsticks,3.0
765,cookies,4.0
765,pear,4.0
765,corncob,3.0
765,pretzels,3.0
765,sourpatch,3.0
765,ritz,3.0
765,doughnuts,3.0
765,granolabar,2.0
765,blueberries,4.0
765,ricecakes,2.0
765,olives,2.0
765,icecream,4.0
765,wheatbread,4.0
765,croissant,5.0
765,mango,4.0
765,chocolatepretzels,4.0
765,grahamcrackers,3.0
765,trailmix,5.0
765,cocktailshrimp,2.0
765,popsicles,1.0
765,cucumberslices,1.0
765,skittles,2.0
765,avocado,4.0
765,bagelplain,4.0
765,eggs,2.0
765,cheesecubes,3.0
765,oreos,4.0
765,cantaloupe,3.0
765,mushrooms,2.0
765,deliturkey,2.0
765,peaches,5.0
765,cheezits,5.0
765,strawberries,5.0
765,cupcakes,4.0
765,swedishfish,2.0
765,appleslices,4.0
765,raspberries,5.0
765,celerysticks,3.0
765,orangeslices,4.0
765,sweetpotato,3.0
765,potatochips,3.0
765,triscuits,2.0
766,blueberries,3.0
766,deliturkey,4.0
766,corncob,4.0
766,kettlecorn,3.0
766,chocolatepretzels,4.0
766,saltines,4.0
766,bakedpotato,3.0
766,ricecakes,2.0
766,cheesecubes,4.0
766,wheatbread,3.0
766,cupcakes,3.0
766,celerysticks,1.0
766,mms,4.0
766,poptarts,3.0
766,olives,4.0
766,minimuffins,4.0
766,skittles,4.0
766,carrotsticks,3.0
766,eggs,3.0
766,granolabar,3.0
766,cherrytomato,2.0
766,sourpatch,5.0
766,doritos,5.0
766,triscuits,4.0
766,banana,4.0
766,cucumberslices,2.0
766,orangeslices,4.0
766,bagelplain,4.0
766,grapes,4.0
766,cherries,3.0
766,croissant,4.0
766,avocado,2.0
766,broccoli,4.0
766,kitkat,4.0
766,mango,3.0
766,cheezits,4.0
766,lox,5.0
766,sweetpotato,4.0
766,icecream,4.0
766,salami,5.0
766,cookies,4.0
766,appleslices,3.0
766,edamame,4.0
766,pretzels,4.0
766,falafelwithpita,4.0
766,kiwi,3.0
766,ritz,4.0
766,swedishfish,4.0
766,doughnuts,4.0
766,yogurtpretzels,3.0
766,potatochips,4.0
766,trailmix,4.0
766,americancheese,2.0
766,peaches,3.0
766,cantaloupe,3.0
766,oreos,4.0
766,mushrooms,5.0
766,sushi,5.0
766,pear,3.0
766,sunchips,4.0
766,strawberries,3.0
766,raspberries,3.0
766,grahamcrackers,4.0
766,cocktailshrimp,3.0
766,popsicles,3.0
769,cocktailshrimp,4.0
769,kettlecorn,5.0
769,strawberries,5.0
769,corncob,5.0
769,cantaloupe,4.0
769,potatochips,5.0
769,ritz,5.0
769,mms,2.0
769,cherrytomato,4.0
769,cherries,5.0
769,falafelwithpita,3.0
769,chocolatepretzels,5.0
769,eggs,4.0
769,kiwi,3.0
769,pear,3.0
769,oreos,4.0
769,triscuits,5.0
769,grahamcrackers,5.0
769,doritos,5.0
769,blueberries,4.0
769,cupcakes,5.0
769,yogurtpretzels,5.0
769,edamame,5.0
769,wheatbread,3.0
769,bagelplain,4.0
769,avocado,5.0
769,mango,3.0
769,croissant,5.0
769,trailmix,5.0
769,bakedpotato,5.0
769,banana,5.0
769,americancheese,5.0
769,skittles,3.0
769,olives,5.0
769,carrotsticks,3.0
769,grapes,2.0
769,cucumberslices,5.0
769,kitkat,5.0
769,cookies,5.0
769,peaches,5.0
769,icecream,5.0
769,cheesecubes,5.0
769,popsicles,2.0
769,sweetpotato,5.0
769,saltines,5.0
769,doughnuts,1.0
769,celerysticks,3.0
769,orangeslices,5.0
769,poptarts,4.0
769,appleslices,4.0
769,mushrooms,4.0
769,sunchips,5.0
769,raspberries,1.0
769,minimuffins,3.0
769,ricecakes,4.0
769,lox,3.0
769,pretzels,4.0
769,granolabar,5.0
769,broccoli,5.0
769,sourpatch,5.0
769,swedishfish,4.0
769,salami,4.0
769,cheezits,2.0
769,sushi,2.0
769,deliturkey,4.0
770,croissant,4.0
770,banana,4.0
770,bakedpotato,4.0
770,sunchips,4.0
770,broccoli,2.0
770,blueberries,3.0
770,cantaloupe,3.0
770,cheezits,4.0
770,pretzels,3.0
770,cucumberslices,2.0
770,mms,5.0
770,sushi,2.0
770,peaches,3.0
770,orangeslices,3.0
770,cupcakes,4.0
770,potatochips,5.0
770,mango,3.0
770,lox,3.0
770,mushrooms,3.0
770,americancheese,4.0
770,strawberries,3.0
770,icecream,5.0
770,cherrytomato,3.0
770,kettlecorn,3.0
770,triscuits,4.0
770,carrotsticks,3.0
770,kitkat,4.0
770,ricecakes,3.0
770,sweetpotato,3.0
770,pear,2.0
770,grahamcrackers,4.0
770,ritz,4.0
770,olives,3.0
770,eggs,3.0
770,poptarts,4.0
770,cookies,5.0
770,raspberries,3.0
770,skittles,5.0
770,cherries,3.0
770,avocado,3.0
770,grapes,3.0
770,doughnuts,5.0
770,sourpatch,4.0
770,deliturkey,4.0
770,cocktailshrimp,1.0
770,saltines,3.0
770,trailmix,3.0
770,swedishfish,5.0
770,granolabar,3.0
770,minimuffins,4.0
770,popsicles,4.0
770,falafelwithpita,3.0
770,wheatbread,3.0
770,doritos,5.0
770,chocolatepretzels,4.0
770,edamame,3.0
770,cheesecubes,3.0
770,corncob,3.0
770,yogurtpretzels,4.0
770,oreos,4.0
770,kiwi,3.0
770,salami,4.0
770,appleslices,3.0
770,celerysticks,3.0
770,bagelplain,3.0
771,pear,5.0
771,cantaloupe,5.0
771,sweetpotato,4.0
771,orangeslices,4.0
771,eggs,5.0
771,icecream,5.0
771,cheezits,4.0
771,poptarts,1.0
771,granolabar,2.0
771,deliturkey,4.0
771,blueberries,4.0
771,olives,1.0
771,raspberries,5.0
771,cherries,5.0
771,mushrooms,1.0
771,grahamcrackers,4.0
771,avocado,5.0
771,celerysticks,4.0
771,bakedpotato,5.0
771,peaches,5.0
771,cucumberslices,5.0
771,skittles,4.0
771,strawberries,5.0
771,sunchips,4.0
771,potatochips,5.0
771,trailmix,5.0
771,carrotsticks,5.0
771,salami,2.0
771,ritz,5.0
771,swedishfish,4.0
771,broccoli,4.0
771,cherrytomato,4.0
771,kettlecorn,3.0
771,doughnuts,4.0
771,lox,1.0
771,sushi,1.0
771,appleslices,5.0
771,corncob,4.0
771,americancheese,4.0
771,kitkat,4.0
771,pretzels,4.0
771,minimuffins,3.0
771,yogurtpretzels,2.0
771,croissant,5.0
771,doritos,5.0
771,cocktailshrimp,1.0
771,falafelwithpita,3.0
771,sourpatch,5.0
771,wheatbread,5.0
771,grapes,5.0
771,saltines,5.0
771,cupcakes,5.0
771,mango,5.0
771,kiwi,5.0
771,banana,4.0
771,oreos,5.0
771,bagelplain,5.0
771,cookies,5.0
771,popsicles,5.0
771,cheesecubes,5.0
771,ricecakes,3.0
771,chocolatepretzels,5.0
771,mms,4.0
771,edamame,5.0
771,triscuits,4.0
772,corncob,4.0
772,deliturkey,4.0
772,peaches,2.0
772,sweetpotato,3.0
772,skittles,2.0
772,ricecakes,3.0
772,pretzels,3.0
772,grapes,3.0
772,eggs,4.0
772,cheezits,3.0
772,blueberries,2.0
772,bagelplain,3.0
772,carrotsticks,1.0
772,avocado,4.0
772,orangeslices,3.0
772,falafelwithpita,4.0
772,cheesecubes,4.0
772,poptarts,4.0
772,granolabar,4.0
772,saltines,4.0
772,pear,4.0
772,kettlecorn,5.0
772,minimuffins,5.0
772,doritos,4.0
772,americancheese,4.0
772,trailmix,4.0
772,triscuits,4.0
772,sushi,4.0
772,wheatbread,3.0
772,potatochips,4.0
772,bakedpotato,4.0
772,cherrytomato,1.0
772,popsicles,4.0
772,mango,3.0
772,raspberries,3.0
772,ritz,4.0
772,mms,4.0
772,lox,1.0
772,mushrooms,2.0
772,cocktailshrimp,1.0
772,cherries,2.0
772,swedishfish,1.0
772,grahamcrackers,4.0
772,celerysticks,1.0
772,kiwi,4.0
772,sourpatch,5.0
772,banana,4.0
772,sunchips,4.0
772,oreos,5.0
772,strawberries,4.0
772,broccoli,4.0
772,doughnuts,5.0
772,kitkat,4.0
772,olives,2.0
772,appleslices,4.0
772,edamame,3.0
772,icecream,4.0
772,yogurtpretzels,5.0
772,salami,4.0
772,cucumberslices,2.0
772,cupcakes,1.0
772,cantaloupe,2.0
772,croissant,4.0
772,cookies,5.0
772,chocolatepretzels,4.0
773,sunchips,2.0
773,carrotsticks,3.0
773,chocolatepretzels,2.0
773,salami,4.0
773,orangeslices,4.0
773,ritz,4.0
773,bakedpotato,4.0
773,lox,1.0
773,kiwi,3.0
773,ricecakes,1.0
773,oreos,5.0
773,trailmix,4.0
773,saltines,4.0
773,cantaloupe,5.0
773,skittles,4.0
773,cherries,5.0
773,minimuffins,5.0
773,triscuits,2.0
773,mushrooms,1.0
773,potatochips,5.0
773,deliturkey,3.0
773,grahamcrackers,3.0
773,mango,4.0
773,sweetpotato,2.0
773,americancheese,3.0
773,cucumberslices,2.0
773,cupcakes,4.0
773,croissant,5.0
773,swedishfish,5.0
773,avocado,4.0
773,corncob,4.0
773,strawberries,4.0
773,cherrytomato,1.0
773,banana,4.0
773,blueberries,4.0
773,grapes,4.0
773,kitkat,4.0
773,appleslices,4.0
773,doughnuts,5.0
773,cocktailshrimp,5.0
773,raspberries,3.0
773,cheesecubes,4.0
773,cheezits,4.0
773,kettlecorn,4.0
773,popsicles,4.0
773,edamame,4.0
773,pear,4.0
773,yogurtpretzels,2.0
773,mms,4.0
773,falafelwithpita,4.0
773,eggs,4.0
773,peaches,2.0
773,sushi,5.0
773,poptarts,3.0
773,sourpatch,5.0
773,wheatbread,2.0
773,celerysticks,2.0
773,pretzels,2.0
773,doritos,5.0
773,cookies,5.0
773,granolabar,4.0
773,icecream,5.0
773,bagelplain,4.0
773,olives,3.0
773,broccoli,3.0
774,pretzels,4.0
774,raspberries,2.0
774,eggs,5.0
774,swedishfish,4.0
774,banana,4.0
774,cupcakes,5.0
774,grahamcrackers,5.0
774,saltines,4.0
774,granolabar,3.0
774,oreos,4.0
774,americancheese,5.0
774,grapes,4.0
774,mms,5.0
774,strawberries,4.0
774,cheesecubes,4.0
774,triscuits,4.0
774,ritz,5.0
774,sweetpotato,5.0
774,poptarts,5.0
774,skittles,5.0
774,bakedpotato,5.0
774,olives,1.0
774,peaches,3.0
774,sushi,3.0
774,cheezits,5.0
774,cookies,5.0
774,kitkat,5.0
774,blueberries,2.0
774,appleslices,5.0
774,corncob,5.0
774,cherries,1.0
774,doughnuts,5.0
774,falafelwithpita,3.0
774,icecream,5.0
774,bagelplain,4.0
774,minimuffins,4.0
774,croissant,4.0
774,sourpatch,3.0
774,mango,3.0
774,edamame,3.0
774,kiwi,2.0
774,lox,1.0
774,ricecakes,3.0
774,cucumberslices,5.0
774,cocktailshrimp,5.0
774,deliturkey,5.0
774,cantaloupe,2.0
774,wheatbread,5.0
774,pear,4.0
774,celerysticks,4.0
774,yogurtpretzels,4.0
774,potatochips,5.0
774,kettlecorn,5.0
774,doritos,5.0
774,trailmix,3.0
774,salami,4.0
774,popsicles,5.0
774,mushrooms,1.0
774,orangeslices,4.0
774,avocado,3.0
774,carrotsticks,5.0
774,broccoli,5.0
774,cherrytomato,3.0
774,sunchips,4.0
774,chocolatepretzels,5.0
775,cantaloupe,4.0
775,sourpatch,4.0
775,sushi,1.0
775,cookies,4.0
775,granolabar,4.0
775,lox,3.0
775,saltines,4.0
775,cucumberslices,4.0
775,cheesecubes,4.0
775,edamame,4.0
775,mushrooms,4.0
775,cocktailshrimp,1.0
775,bagelplain,4.0
775,strawberries,4.0
775,skittles,4.0
775,salami,5.0
775,avocado,5.0
775,celerysticks,4.0
775,grahamcrackers,4.0
775,banana,4.0
775,broccoli,4.0
775,cherries,2.0
775,americancheese,5.0
775,chocolatepretzels,2.0
775,orangeslices,5.0
775,peaches,5.0
775,ricecakes,1.0
775,croissant,4.0
775,kettlecorn,4.0
775,carrotsticks,4.0
775,bakedpotato,5.0
775,icecream,3.0
775,popsicles,4.0
775,deliturkey,5.0
775,olives,3.0
775,yogurtpretzels,2.0
775,sunchips,4.0
775,raspberries,4.0
775,minimuffins,4.0
775,pretzels,2.0
775,grapes,4.0
775,pear,4.0
775,triscuits,4.0
775,blueberries,2.0
775,falafelwithpita,3.0
775,cheezits,4.0
775,doritos,5.0
775,doughnuts,4.0
775,ritz,4.0
775,cherrytomato,3.0
775,mms,4.0
775,kiwi,5.0
775,trailmix,4.0
775,corncob,4.0
775,oreos,4.0
775,potatochips,5.0
775,wheatbread,4.0
775,appleslices,4.0
775,poptarts,4.0
775,swedishfish,3.0
775,eggs,2.0
775,kitkat,4.0
775,mango,3.0
775,cupcakes,4.0
775,sweetpotato,2.0
776,swedishfish,4.0
776,deliturkey,3.0
776,cherries,5.0
776,granolabar,4.0
776,eggs,2.0
776,olives,4.0
776,peaches,5.0
776,potatochips,5.0
776,ricecakes,2.0
776,cheezits,3.0
776,blueberries,5.0
776,wheatbread,5.0
776,cheesecubes,5.0
776,saltines,1.0
776,poptarts,2.0
776,grapes,5.0
776,appleslices,4.0
776,raspberries,5.0
776,kettlecorn,4.0
776,broccoli,4.0
776,croissant,5.0
776,pear,5.0
776,corncob,2.0
776,ritz,4.0
776,banana,2.0
776,cookies,5.0
776,strawberries,5.0
776,triscuits,1.0
776,cucumberslices,5.0
776,doritos,5.0
776,salami,5.0
776,cantaloupe,2.0
776,americancheese,4.0
776,trailmix,4.0
776,cupcakes,3.0
776,celerysticks,3.0
776,sushi,4.0
776,cocktailshrimp,5.0
776,carrotsticks,1.0
776,grahamcrackers,2.0
776,bagelplain,4.0
776,minimuffins,4.0
776,mms,4.0
776,lox,5.0
776,yogurtpretzels,4.0
776,orangeslices,5.0
776,pretzels,4.0
776,sweetpotato,2.0
776,avocado,5.0
776,bakedpotato,5.0
776,kitkat,3.0
776,cherrytomato,2.0
776,falafelwithpita,1.0
776,edamame,4.0
776,sourpatch,4.0
776,oreos,4.0
776,mushrooms,4.0
776,doughnuts,5.0
776,popsicles,2.0
776,skittles,4.0
776,mango,5.0
776,icecream,5.0
776,sunchips,2.0
776,kiwi,5.0
776,chocolatepretzels,4.0
777,strawberries,3.0
777,banana,5.0
777,kettlecorn,1.0
777,sunchips,1.0
777,sushi,4.0
777,bagelplain,4.0
777,wheatbread,3.0
777,saltines,4.0
777,croissant,4.0
777,cherrytomato,2.0
777,cookies,4.0
777,ricecakes,1.0
777,mango,3.0
777,sweetpotato,4.0
777,kiwi,3.0
777,yogurtpretzels,3.0
777,skittles,4.0
777,icecream,5.0
777,orangeslices,5.0
777,trailmix,5.0
777,deliturkey,4.0
777,bakedpotato,4.0
777,cheezits,4.0
777,lox,1.0
777,celerysticks,4.0
777,falafelwithpita,1.0
777,pear,5.0
777,mms,4.0
777,carrotsticks,4.0
777,appleslices,5.0
777,olives,1.0
777,swedishfish,3.0
777,ritz,4.0
777,cherries,1.0
777,potatochips,4.0
777,mushrooms,3.0
777,poptarts,3.0
777,grapes,5.0
777,peaches,4.0
777,cucumberslices,4.0
777,pretzels,3.0
777,grahamcrackers,4.0
777,broccoli,4.0
777,edamame,4.0
777,granolabar,3.0
777,eggs,4.0
777,blueberries,5.0
777,sourpatch,3.0
777,avocado,4.0
777,oreos,4.0
777,doritos,2.0
777,popsicles,4.0
777,cheesecubes,4.0
777,cantaloupe,1.0
777,cocktailshrimp,4.0
777,americancheese,4.0
777,doughnuts,4.0
777,cupcakes,3.0
777,triscuits,1.0
777,corncob,4.0
777,chocolatepretzels,4.0
777,minimuffins,4.0
777,kitkat,1.0
777,salami,4.0
777,raspberries,2.0
778,granolabar,4.0
778,cookies,5.0
778,cherrytomato,2.0
778,poptarts,4.0
778,potatochips,5.0
778,trailmix,4.0
778,olives,1.0
778,lox,1.0
778,popsicles,4.0
778,grahamcrackers,4.0
778,skittles,4.0
778,bagelplain,4.0
778,chocolatepretzels,4.0
778,saltines,4.0
778,mushrooms,2.0
778,cucumberslices,4.0
778,appleslices,5.0
778,doritos,5.0
778,salami,5.0
778,sunchips,5.0
778,croissant,4.0
778,cheesecubes,5.0
778,ritz,4.0
778,falafelwithpita,3.0
778,sushi,2.0
778,edamame,4.0
778,strawberries,4.0
778,avocado,5.0
778,sweetpotato,3.0
778,icecream,5.0
778,americancheese,4.0
778,minimuffins,4.0
778,kiwi,4.0
778,kitkat,4.0
778,bakedpotato,4.0
778,kettlecorn,4.0
778,peaches,4.0
778,celerysticks,4.0
778,pear,4.0
778,cheezits,4.0
778,cocktailshrimp,1.0
778,orangeslices,5.0
778,oreos,5.0
778,sourpatch,5.0
778,triscuits,4.0
778,eggs,4.0
778,cherries,5.0
778,grapes,4.0
778,raspberries,4.0
778,wheatbread,4.0
778,blueberries,4.0
778,corncob,4.0
778,cantaloupe,4.0
778,broccoli,4.0
778,pretzels,4.0
778,deliturkey,4.0
778,banana,4.0
778,doughnuts,4.0
778,swedishfish,4.0
778,mango,5.0
778,carrotsticks,4.0
778,cupcakes,4.0
778,ricecakes,4.0
778,mms,4.0
778,yogurtpretzels,5.0
780,cherries,4.0
780,peaches,4.0
780,doritos,5.0
780,grahamcrackers,2.0
780,deliturkey,3.0
780,olives,4.0
780,wheatbread,3.0
780,falafelwithpita,4.0
780,appleslices,3.0
780,salami,3.0
780,cheezits,2.0
780,potatochips,4.0
780,corncob,5.0
780,avocado,2.0
780,raspberries,5.0
780,ricecakes,1.0
780,cucumberslices,4.0
780,ritz,2.0
780,cherrytomato,2.0
780,celerysticks,3.0
780,banana,1.0
780,sunchips,5.0
780,popsicles,4.0
780,sweetpotato,3.0
780,cocktailshrimp,3.0
780,mushrooms,4.0
780,oreos,4.0
780,cupcakes,5.0
780,cheesecubes,2.0
780,bakedpotato,4.0
780,triscuits,4.0
780,pear,2.0
780,cookies,5.0
780,strawberries,5.0
780,saltines,4.0
780,cantaloupe,4.0
780,kiwi,5.0
780,yogurtpretzels,4.0
780,swedishfish,5.0
780,kitkat,5.0
780,bagelplain,4.0
780,skittles,4.0
780,lox,3.0
780,eggs,4.0
780,poptarts,4.0
780,pretzels,3.0
780,orangeslices,5.0
780,blueberries,3.0
780,croissant,5.0
780,doughnuts,5.0
780,mango,3.0
780,icecream,4.0
780,carrotsticks,3.0
780,sushi,5.0
780,granolabar,3.0
780,kettlecorn,5.0
780,broccoli,4.0
780,edamame,3.0
780,chocolatepretzels,3.0
780,minimuffins,5.0
780,mms,4.0
780,trailmix,4.0
780,sourpatch,5.0
780,grapes,4.0
780,americancheese,1.0
782,avocado,4.0
782,sweetpotato,3.0
782,bagelplain,4.0
782,popsicles,5.0
782,celerysticks,2.0
782,kettlecorn,3.0
782,edamame,1.0
782,swedishfish,4.0
782,trailmix,2.0
782,doritos,4.0
782,sushi,1.0
782,grapes,5.0
782,lox,3.0
782,cheesecubes,3.0
782,kitkat,4.0
782,cocktailshrimp,4.0
782,olives,1.0
782,carrotsticks,2.0
782,americancheese,2.0
782,minimuffins,2.0
782,appleslices,4.0
782,corncob,4.0
782,granolabar,2.0
782,blueberries,3.0
782,sourpatch,2.0
782,mms,4.0
782,saltines,4.0
782,cupcakes,5.0
782,oreos,4.0
782,grahamcrackers,4.0
782,potatochips,4.0
782,bakedpotato,4.0
782,doughnuts,5.0
782,falafelwithpita,2.0
782,deliturkey,4.0
782,wheatbread,4.0
782,orangeslices,5.0
782,cucumberslices,2.0
782,pear,2.0
782,ricecakes,3.0
782,cherries,4.0
782,kiwi,2.0
782,raspberries,4.0
782,cantaloupe,2.0
782,croissant,4.0
782,mango,3.0
782,icecream,5.0
782,pretzels,2.0
782,cherrytomato,1.0
782,triscuits,3.0
782,skittles,4.0
782,eggs,1.0
782,strawberries,5.0
782,cookies,4.0
782,broccoli,1.0
782,ritz,4.0
782,poptarts,4.0
782,salami,4.0
782,chocolatepretzels,2.0
782,yogurtpretzels,2.0
782,mushrooms,2.0
782,peaches,3.0
782,banana,4.0
782,sunchips,3.0
782,cheezits,4.0
783,avocado,4.0
783,yogurtpretzels,4.0
783,eggs,2.0
783,edamame,3.0
783,sushi,5.0
783,peaches,4.0
783,carrotsticks,4.0
783,strawberries,4.0
783,banana,4.0
783,cherrytomato,3.0
783,cherries,3.0
783,doughnuts,4.0
783,minimuffins,4.0
783,potatochips,5.0
783,swedishfish,4.0
783,kitkat,5.0
783,bakedpotato,3.0
783,cookies,5.0
783,grahamcrackers,4.0
783,cantaloupe,4.0
783,cocktailshrimp,5.0
783,popsicles,4.0
783,celerysticks,3.0
783,broccoli,3.0
783,falafelwithpita,3.0
783,trailmix,3.0
783,cucumberslices,3.0
783,raspberries,3.0
783,cupcakes,4.0
783,skittles,4.0
783,olives,1.0
783,orangeslices,5.0
783,ritz,3.0
783,kiwi,3.0
783,mms,4.0
783,pear,4.0
783,cheezits,3.0
783,ricecakes,3.0
783,icecream,5.0
783,lox,5.0
783,chocolatepretzels,4.0
783,doritos,4.0
783,mushrooms,3.0
783,mango,4.0
783,bagelplain,4.0
783,blueberries,3.0
783,croissant,3.0
783,triscuits,3.0
783,deliturkey,3.0
783,oreos,4.0
783,sweetpotato,3.0
783,sunchips,4.0
783,sourpatch,4.0
783,grapes,3.0
783,corncob,3.0
783,poptarts,3.0
783,americancheese,4.0
783,appleslices,4.0
783,pretzels,3.0
783,wheatbread,3.0
783,kettlecorn,5.0
783,cheesecubes,4.0
783,salami,3.0
783,granolabar,3.0
783,saltines,3.0
784,cheesecubes,4.0
784,swedishfish,3.0
784,broccoli,4.0
784,sunchips,4.0
784,pretzels,4.0
784,americancheese,3.0
784,kitkat,3.0
784,ricecakes,3.0
784,icecream,4.0
784,sourpatch,3.0
784,cookies,4.0
784,mushrooms,4.0
784,cupcakes,3.0
784,falafelwithpita,4.0
784,trailmix,4.0
784,lox,4.0
784,doritos,4.0
784,bakedpotato,4.0
784,triscuits,4.0
784,kettlecorn,4.0
784,orangeslices,4.0
784,chocolatepretzels,3.0
784,bagelplain,4.0
784,mango,4.0
784,oreos,4.0
784,olives,2.0
784,salami,1.0
784,deliturkey,3.0
784,mms,2.0
784,cherrytomato,4.0
784,cantaloupe,4.0
784,saltines,3.0
784,cheezits,4.0
784,cocktailshrimp,5.0
784,banana,4.0
784,cucumberslices,4.0
784,croissant,4.0
784,strawberries,4.0
784,grahamcrackers,4.0
784,minimuffins,4.0
784,wheatbread,4.0
784,edamame,4.0
784,skittles,4.0
784,grapes,4.0
784,potatochips,4.0
784,peaches,4.0
784,eggs,4.0
784,sweetpotato,4.0
784,ritz,4.0
784,pear,4.0
784,celerysticks,4.0
784,blueberries,4.0
784,popsicles,4.0
784,sushi,4.0
784,carrotsticks,4.0
784,appleslices,4.0
784,kiwi,4.0
784,granolabar,4.0
784,doughnuts,4.0
784,poptarts,3.0
784,corncob,4.0
784,raspberries,4.0
784,cherries,4.0
784,yogurtpretzels,4.0
784,avocado,4.0
785,chocolatepretzels,4.0
785,pretzels,4.0
785,swedishfish,3.0
785,mms,2.0
785,trailmix,4.0
785,doughnuts,5.0
785,bakedpotato,2.0
785,orangeslices,4.0
785,cucumberslices,1.0
785,americancheese,3.0
785,cantaloupe,2.0
785,cherries,4.0
785,corncob,2.0
785,doritos,4.0
785,raspberries,3.0
785,saltines,2.0
785,blueberries,4.0
785,kiwi,1.0
785,banana,3.0
785,yogurtpretzels,5.0
785,sushi,5.0
785,celerysticks,3.0
785,peaches,4.0
785,minimuffins,5.0
785,skittles,5.0
785,cheezits,4.0
785,cupcakes,3.0
785,sunchips,4.0
785,mango,2.0
785,bagelplain,3.0
785,salami,2.0
785,pear,3.0
785,wheatbread,4.0
785,avocado,3.0
785,falafelwithpita,2.0
785,ritz,4.0
785,oreos,3.0
785,carrotsticks,4.0
785,potatochips,2.0
785,cookies,3.0
785,triscuits,5.0
785,edamame,3.0
785,eggs,4.0
785,appleslices,3.0
785,sourpatch,2.0
785,sweetpotato,1.0
785,ricecakes,2.0
785,icecream,2.0
785,strawberries,4.0
785,croissant,3.0
785,kitkat,4.0
785,cheesecubes,3.0
785,popsicles,4.0
785,deliturkey,2.0
785,granolabar,3.0
785,broccoli,4.0
785,cherrytomato,3.0
785,poptarts,2.0
785,olives,3.0
785,grahamcrackers,4.0
785,grapes,3.0
785,cocktailshrimp,2.0
785,kettlecorn,3.0
785,mushrooms,4.0
785,lox,2.0
786,ritz,4.0
786,poptarts,2.0
786,bakedpotato,2.0
786,pear,4.0
786,appleslices,4.0
786,deliturkey,4.0
786,americancheese,5.0
786,triscuits,2.0
786,chocolatepretzels,3.0
786,skittles,4.0
786,croissant,5.0
786,celerysticks,3.0
786,avocado,1.0
786,bagelplain,4.0
786,ricecakes,1.0
786,strawberries,5.0
786,icecream,4.0
786,lox,5.0
786,kettlecorn,4.0
786,cheesecubes,4.0
786,granolabar,3.0
786,mango,4.0
786,mms,4.0
786,minimuffins,4.0
786,mushrooms,2.0
786,cantaloupe,3.0
786,carrotsticks,2.0
786,grapes,5.0
786,broccoli,2.0
786,sourpatch,4.0
786,yogurtpretzels,1.0
786,wheatbread,3.0
786,cookies,4.0
786,potatochips,3.0
786,cherries,5.0
786,peaches,5.0
786,grahamcrackers,4.0
786,cocktailshrimp,3.0
786,sweetpotato,3.0
786,kiwi,5.0
786,cheezits,3.0
786,banana,1.0
786,oreos,4.0
786,edamame,2.0
786,pretzels,3.0
786,salami,4.0
786,raspberries,5.0
786,cupcakes,4.0
786,sunchips,2.0
786,olives,4.0
786,kitkat,4.0
786,blueberries,5.0
786,saltines,3.0
786,trailmix,4.0
786,orangeslices,4.0
786,sushi,5.0
786,falafelwithpita,3.0
786,cherrytomato,2.0
786,corncob,4.0
786,doughnuts,4.0
786,popsicles,3.0
786,cucumberslices,3.0
786,doritos,3.0
786,eggs,2.0
786,swedishfish,3.0
788,falafelwithpita,5.0
788,carrotsticks,4.0
788,ricecakes,2.0
788,appleslices,4.0
788,cheesecubes,5.0
788,croissant,4.0
788,americancheese,4.0
788,orangeslices,3.0
788,cherrytomato,2.0
788,cucumberslices,3.0
788,ritz,4.0
788,oreos,4.0
788,popsicles,5.0
788,cherries,4.0
788,corncob,3.0
788,wheatbread,4.0
788,celerysticks,5.0
788,sunchips,3.0
788,banana,4.0
788,pretzels,5.0
788,peaches,2.0
788,eggs,5.0
788,triscuits,2.0
788,pear,4.0
788,cocktailshrimp,5.0
788,kiwi,3.0
788,lox,5.0
788,grahamcrackers,3.0
788,poptarts,5.0
788,potatochips,4.0
788,bagelplain,4.0
788,cupcakes,3.0
788,doughnuts,5.0
788,kitkat,4.0
788,sweetpotato,4.0
788,trailmix,5.0
788,granolabar,3.0
788,saltines,3.0
788,olives,1.0
788,mango,5.0
788,blueberries,5.0
788,yogurtpretzels,4.0
788,sourpatch,5.0
788,mms,3.0
788,minimuffins,4.0
788,kettlecorn,4.0
788,mushrooms,1.0
788,cantaloupe,4.0
788,cookies,5.0
788,deliturkey,5.0
788,raspberries,3.0
788,avocado,5.0
788,edamame,5.0
788,cheezits,5.0
788,grapes,5.0
788,bakedpotato,4.0
788,strawberries,3.0
788,salami,5.0
788,doritos,4.0
788,swedishfish,4.0
788,sushi,4.0
788,broccoli,4.0
788,skittles,5.0
788,icecream,3.0
788,chocolatepretzels,4.0
790,oreos,4.0
790,appleslices,5.0
790,falafelwithpita,3.0
790,skittles,4.0
790,sushi,2.0
790,cherries,4.0
790,cheezits,4.0
790,bagelplain,3.0
790,pretzels,3.0
790,edamame,3.0
790,potatochips,4.0
790,mango,3.0
790,cheesecubes,5.0
790,sunchips,2.0
790,raspberries,3.0
790,swedishfish,3.0
790,eggs,1.0
790,ricecakes,3.0
790,strawberries,5.0
790,saltines,4.0
790,cantaloupe,1.0
790,cherrytomato,2.0
790,pear,5.0
790,croissant,3.0
790,triscuits,5.0
790,orangeslices,2.0
790,minimuffins,4.0
790,olives,3.0
790,lox,3.0
790,avocado,3.0
790,kiwi,3.0
790,bakedpotato,5.0
790,kitkat,4.0
790,poptarts,5.0
790,icecream,5.0
790,americancheese,4.0
790,doughnuts,4.0
790,grapes,4.0
790,deliturkey,3.0
790,carrotsticks,3.0
790,cookies,5.0
790,ritz,4.0
790,mms,4.0
790,wheatbread,5.0
790,kettlecorn,3.0
790,broccoli,3.0
790,salami,5.0
790,chocolatepretzels,2.0
790,yogurtpretzels,4.0
790,trailmix,3.0
790,celerysticks,2.0
790,popsicles,4.0
790,grahamcrackers,4.0
790,granolabar,4.0
790,sourpatch,3.0
790,blueberries,3.0
790,cupcakes,4.0
790,peaches,3.0
790,cucumberslices,4.0
790,sweetpotato,3.0
790,corncob,5.0
790,banana,4.0
790,doritos,3.0
790,cocktailshrimp,3.0
790,mushrooms,3.0
791,cheezits,1.0
791,banana,4.0
791,yogurtpretzels,4.0
791,cookies,4.0
791,bakedpotato,4.0
791,bagelplain,2.0
791,celerysticks,4.0
791,doritos,4.0
791,ritz,2.0
791,popsicles,3.0
791,poptarts,2.0
791,americancheese,1.0
791,raspberries,5.0
791,oreos,4.0
791,kettlecorn,4.0
791,olives,5.0
791,deliturkey,4.0
791,salami,2.0
791,avocado,5.0
791,corncob,5.0
791,pear,4.0
791,carrotsticks,4.0
791,cheesecubes,1.0
791,sourpatch,4.0
791,orangeslices,5.0
791,cucumberslices,5.0
791,cherries,5.0
791,eggs,5.0
791,chocolatepretzels,4.0
791,falafelwithpita,3.0
791,peaches,4.0
791,appleslices,4.0
791,broccoli,4.0
791,cantaloupe,4.0
791,croissant,2.0
791,lox,5.0
791,mms,2.0
791,blueberries,5.0
791,skittles,2.0
791,kiwi,5.0
791,cherrytomato,4.0
791,sunchips,5.0
791,granolabar,2.0
791,sushi,5.0
791,edamame,5.0
791,swedishfish,4.0
791,trailmix,5.0
791,strawberries,5.0
791,cupcakes,4.0
791,icecream,3.0
791,sweetpotato,4.0
791,kitkat,2.0
791,mango,5.0
791,triscuits,1.0
791,cocktailshrimp,4.0
791,pretzels,2.0
791,saltines,1.0
791,mushrooms,4.0
791,ricecakes,3.0
791,minimuffins,4.0
791,potatochips,1.0
791,grahamcrackers,1.0
791,doughnuts,2.0
791,grapes,5.0
791,wheatbread,2.0
792,celerysticks,4.0
792,trailmix,4.0
792,ritz,4.0
792,falafelwithpita,3.0
792,sushi,2.0
792,triscuits,4.0
792,swedishfish,5.0
792,mms,5.0
792,cheesecubes,5.0
792,corncob,4.0
792,edamame,4.0
792,grapes,5.0
792,orangeslices,5.0
792,cantaloupe,4.0
792,americancheese,5.0
792,appleslices,5.0
792,sunchips,4.0
792,blueberries,3.0
792,icecream,5.0
792,cucumberslices,2.0
792,granolabar,3.0
792,ricecakes,4.0
792,cocktailshrimp,1.0
792,sweetpotato,1.0
792,doughnuts,5.0
792,oreos,5.0
792,cupcakes,5.0
792,minimuffins,5.0
792,bagelplain,4.0
792,kettlecorn,3.0
792,mushrooms,1.0
792,pretzels,4.0
792,lox,1.0
792,saltines,4.0
792,cheezits,4.0
792,carrotsticks,4.0
792,cookies,5.0
792,eggs,5.0
792,kitkat,5.0
792,mango,2.0
792,popsicles,5.0
792,potatochips,4.0
792,sourpatch,5.0
792,bakedpotato,4.0
792,raspberries,4.0
792,cherrytomato,4.0
792,croissant,4.0
792,grahamcrackers,5.0
792,doritos,4.0
792,kiwi,2.0
792,yogurtpretzels,4.0
792,banana,5.0
792,skittles,5.0
792,salami,4.0
792,broccoli,4.0
792,deliturkey,5.0
792,wheatbread,4.0
792,avocado,2.0
792,cherries,2.0
792,chocolatepretzels,5.0
792,olives,1.0
792,strawberries,5.0
792,pear,3.0
792,peaches,5.0
792,poptarts,4.0
793,swedishfish,4.0
793,cherrytomato,5.0
793,grapes,5.0
793,peaches,3.0
793,deliturkey,1.0
793,mango,4.0
793,sunchips,4.0
793,corncob,4.0
793,pear,4.0
793,grahamcrackers,3.0
793,sushi,4.0
793,triscuits,4.0
793,falafelwithpita,5.0
793,potatochips,4.0
793,cheesecubes,5.0
793,cupcakes,3.0
793,kettlecorn,3.0
793,salami,1.0
793,bagelplain,4.0
793,chocolatepretzels,3.0
793,eggs,4.0
793,minimuffins,4.0
793,croissant,4.0
793,cookies,4.0
793,ricecakes,3.0
793,granolabar,3.0
793,olives,4.0
793,avocado,4.0
793,carrotsticks,4.0
793,trailmix,4.0
793,lox,1.0
793,skittles,4.0
793,doughnuts,4.0
793,broccoli,4.0
793,sourpatch,4.0
793,mushrooms,4.0
793,kiwi,4.0
793,celerysticks,4.0
793,blueberries,4.0
793,sweetpotato,2.0
793,cucumberslices,3.0
793,kitkat,4.0
793,cherries,4.0
793,raspberries,5.0
793,edamame,4.0
793,cheezits,4.0
793,saltines,3.0
793,icecream,4.0
793,wheatbread,4.0
793,americancheese,4.0
793,popsicles,3.0
793,appleslices,4.0
793,mms,4.0
793,orangeslices,4.0
793,cantaloupe,3.0
793,strawberries,4.0
793,poptarts,3.0
793,bakedpotato,4.0
793,oreos,4.0
793,ritz,4.0
793,yogurtpretzels,4.0
793,banana,3.0
793,cocktailshrimp,1.0
793,doritos,4.0
793,pretzels,4.0
794,oreos,4.0
794,triscuits,4.0
794,sushi,4.0
794,banana,4.0
794,croissant,4.0
794,cucumberslices,4.0
794,ritz,4.0
794,falafelwithpita,3.0
794,strawberries,5.0
794,doughnuts,3.0
794,cheezits,4.0
794,icecream,5.0
794,cheesecubes,5.0
794,cocktailshrimp,4.0
794,minimuffins,4.0
794,skittles,3.0
794,chocolatepretzels,3.0
794,sourpatch,3.0
794,cherries,5.0
794,cherrytomato,5.0
794,orangeslices,5.0
794,broccoli,4.0
794,celerysticks,4.0
794,swedishfish,4.0
794,pear,5.0
794,wheatbread,5.0
794,corncob,3.0
794,yogurtpretzels,2.0
794,peaches,3.0
794,pretzels,4.0
794,salami,4.0
794,blueberries,5.0
794,bagelplain,5.0
794,americancheese,5.0
794,kettlecorn,3.0
794,edamame,5.0
794,sunchips,3.0
794,mushrooms,3.0
794,poptarts,2.0
794,kitkat,2.0
794,cantaloupe,4.0
794,appleslices,4.0
794,sweetpotato,5.0
794,mango,4.0
794,trailmix,3.0
794,kiwi,5.0
794,grahamcrackers,4.0
794,doritos,4.0
794,popsicles,4.0
794,cookies,3.0
794,avocado,4.0
794,eggs,4.0
794,cupcakes,2.0
794,raspberries,5.0
794,lox,1.0
794,deliturkey,3.0
794,mms,3.0
794,bakedpotato,5.0
794,ricecakes,4.0
794,olives,1.0
794,grapes,5.0
794,carrotsticks,4.0
794,potatochips,3.0
794,granolabar,1.0
794,saltines,4.0
798,popsicles,4.0
798,blueberries,4.0
798,americancheese,4.0
798,appleslices,5.0
798,sourpatch,5.0
798,kiwi,5.0
798,strawberries,5.0
798,mms,5.0
798,banana,4.0
798,peaches,5.0
798,chocolatepretzels,4.0
798,swedishfish,4.0
798,lox,2.0
798,cherries,5.0
798,sweetpotato,1.0
798,bagelplain,5.0
798,kitkat,5.0
798,celerysticks,2.0
798,grapes,5.0
798,mango,5.0
798,trailmix,4.0
798,ricecakes,2.0
798,cookies,5.0
798,poptarts,2.0
798,cantaloupe,5.0
798,croissant,4.0
798,mushrooms,4.0
798,cheesecubes,4.0
798,icecream,4.0
798,cherrytomato,1.0
798,eggs,3.0
798,doritos,4.0
798,cucumberslices,2.0
798,deliturkey,4.0
798,granolabar,4.0
798,oreos,4.0
798,sunchips,2.0
798,pretzels,4.0
798,saltines,4.0
798,edamame,5.0
798,falafelwithpita,3.0
798,grahamcrackers,3.0
798,bakedpotato,4.0
798,skittles,5.0
798,wheatbread,2.0
798,cocktailshrimp,4.0
798,sushi,4.0
798,raspberries,5.0
798,broccoli,2.0
798,olives,4.0
798,pear,5.0
798,yogurtpretzels,1.0
798,triscuits,2.0
798,ritz,4.0
798,potatochips,4.0
798,cheezits,4.0
798,orangeslices,5.0
798,salami,5.0
798,cupcakes,5.0
798,avocado,1.0
798,corncob,5.0
798,doughnuts,5.0
798,kettlecorn,1.0
798,minimuffins,5.0
798,carrotsticks,1.0
799,pear,5.0
799,doughnuts,5.0
799,americancheese,5.0
799,kiwi,2.0
799,croissant,2.0
799,cheesecubes,4.0
799,orangeslices,5.0
799,appleslices,4.0
799,skittles,4.0
799,potatochips,4.0
799,raspberries,2.0
799,deliturkey,4.0
799,cantaloupe,5.0
799,ritz,5.0
799,cherries,5.0
799,cherrytomato,4.0
799,blueberries,4.0
799,celerysticks,4.0
799,kitkat,4.0
799,granolabar,4.0
799,avocado,4.0
799,edamame,1.0
799,strawberries,5.0
799,sourpatch,5.0
799,corncob,4.0
799,bagelplain,5.0
799,sunchips,4.0
799,cupcakes,1.0
799,carrotsticks,4.0
799,wheatbread,4.0
799,swedishfish,5.0
799,chocolatepretzels,4.0
799,grapes,4.0
799,bakedpotato,4.0
799,minimuffins,4.0
799,poptarts,3.0
799,banana,2.0
799,sushi,5.0
799,broccoli,2.0
799,mms,5.0
799,eggs,4.0
799,olives,4.0
799,mushrooms,2.0
799,salami,4.0
799,grahamcrackers,5.0
799,sweetpotato,5.0
799,oreos,4.0
799,triscuits,5.0
799,kettlecorn,5.0
799,cocktailshrimp,4.0
799,lox,5.0
799,doritos,2.0
799,pretzels,2.0
799,cucumberslices,4.0
799,icecream,4.0
799,peaches,4.0
799,trailmix,4.0
799,falafelwithpita,4.0
799,mango,4.0
799,ricecakes,4.0
799,popsicles,4.0
799,saltines,2.0
799,cookies,4.0
799,yogurtpretzels,4.0
799,cheezits,4.0
800,mms,5.0
800,yogurtpretzels,3.0
800,croissant,4.0
800,ritz,4.0
800,corncob,5.0
800,chocolatepretzels,3.0
800,eggs,3.0
800,cheesecubes,3.0
800,doughnuts,2.0
800,potatochips,5.0
800,sourpatch,4.0
800,cantaloupe,5.0
800,poptarts,5.0
800,raspberries,5.0
800,appleslices,5.0
800,grahamcrackers,3.0
800,sweetpotato,5.0
800,olives,4.0
800,granolabar,3.0
800,minimuffins,3.0
800,kettlecorn,5.0
800,americancheese,1.0
800,cheezits,4.0
800,kitkat,5.0
800,icecream,3.0
800,salami,4.0
800,swedishfish,4.0
800,orangeslices,5.0
800,edamame,4.0
800,deliturkey,5.0
800,cupcakes,4.0
800,cherries,4.0
800,mushrooms,3.0
800,carrotsticks,5.0
800,strawberries,5.0
800,popsicles,3.0
800,triscuits,3.0
800,cocktailshrimp,4.0
800,cookies,5.0
800,avocado,4.0
800,cherrytomato,4.0
800,bagelplain,4.0
800,blueberries,5.0
800,banana,4.0
800,broccoli,3.0
800,doritos,4.0
800,ricecakes,4.0
800,kiwi,2.0
800,sushi,5.0
800,wheatbread,3.0
800,celerysticks,4.0
800,falafelwithpita,4.0
800,pear,3.0
800,skittles,5.0
800,trailmix,5.0
800,peaches,5.0
800,mango,5.0
800,cucumberslices,4.0
800,saltines,3.0
800,grapes,5.0
800,pretzels,3.0
800,lox,3.0
800,bakedpotato,3.0
800,sunchips,3.0
800,oreos,3.0
801,mango,4.0
801,grapes,4.0
801,olives,5.0
801,croissant,5.0
801,kitkat,5.0
801,lox,2.0
801,granolabar,1.0
801,chocolatepretzels,4.0
801,salami,4.0
801,sushi,4.0
801,doughnuts,5.0
801,sunchips,4.0
801,popsicles,4.0
801,edamame,2.0
801,trailmix,2.0
801,eggs,4.0
801,ritz,4.0
801,broccoli,5.0
801,appleslices,4.0
801,celerysticks,2.0
801,falafelwithpita,3.0
801,raspberries,4.0
801,blueberries,5.0
801,americancheese,5.0
801,oreos,5.0
801,kiwi,4.0
801,cherries,4.0
801,saltines,4.0
801,doritos,5.0
801,grahamcrackers,4.0
801,strawberries,5.0
801,mms,4.0
801,cantaloupe,3.0
801,poptarts,4.0
801,cookies,5.0
801,skittles,2.0
801,kettlecorn,3.0
801,mushrooms,3.0
801,cucumberslices,4.0
801,deliturkey,3.0
801,orangeslices,4.0
801,icecream,3.0
801,minimuffins,5.0
801,yogurtpretzels,4.0
801,pear,3.0
801,bagelplain,5.0
801,avocado,4.0
801,corncob,5.0
801,banana,4.0
801,cheesecubes,3.0
801,carrotsticks,4.0
801,wheatbread,5.0
801,sourpatch,1.0
801,peaches,4.0
801,potatochips,5.0
801,bakedpotato,4.0
801,ricecakes,3.0
801,cocktailshrimp,4.0
801,cheezits,3.0
801,swedishfish,4.0
801,triscuits,3.0
801,pretzels,4.0
801,cherrytomato,2.0
801,sweetpotato,3.0
801,cupcakes,5.0
802,doughnuts,5.0
802,yogurtpretzels,4.0
802,icecream,5.0
802,sunchips,3.0
802,trailmix,3.0
802,sourpatch,3.0
802,doritos,3.0
802,cheesecubes,3.0
802,cheezits,3.0
802,mushrooms,2.0
802,orangeslices,5.0
802,banana,4.0
802,eggs,5.0
802,celerysticks,1.0
802,kitkat,4.0
802,saltines,2.0
802,grapes,5.0
802,triscuits,3.0
802,chocolatepretzels,4.0
802,blueberries,1.0
802,kettlecorn,3.0
802,pretzels,2.0
802,salami,5.0
802,ricecakes,5.0
802,corncob,5.0
802,mango,5.0
802,edamame,1.0
802,peaches,5.0
802,croissant,4.0
802,olives,5.0
802,bakedpotato,5.0
802,poptarts,4.0
802,cherrytomato,2.0
802,raspberries,4.0
802,minimuffins,4.0
802,appleslices,5.0
802,pear,4.0
802,cherries,4.0
802,strawberries,5.0
802,falafelwithpita,4.0
802,oreos,3.0
802,mms,3.0
802,carrotsticks,2.0
802,cantaloupe,4.0
802,sweetpotato,4.0
802,bagelplain,4.0
802,sushi,4.0
802,deliturkey,3.0
802,swedishfish,4.0
802,grahamcrackers,3.0
802,potatochips,4.0
802,granolabar,3.0
802,cocktailshrimp,4.0
802,lox,5.0
802,avocado,3.0
802,kiwi,4.0
802,ritz,4.0
802,cucumberslices,1.0
802,cookies,4.0
802,wheatbread,3.0
802,popsicles,5.0
802,skittles,4.0
802,broccoli,1.0
802,cupcakes,4.0
802,americancheese,4.0
803,kitkat,5.0
803,popsicles,3.0
803,chocolatepretzels,3.0
803,cheezits,3.0
803,bagelplain,3.0
803,corncob,4.0
803,yogurtpretzels,4.0
803,falafelwithpita,3.0
803,cherries,4.0
803,cantaloupe,3.0
803,pear,4.0
803,celerysticks,3.0
803,cocktailshrimp,4.0
803,banana,3.0
803,lox,4.0
803,cherrytomato,3.0
803,mushrooms,4.0
803,cookies,3.0
803,blueberries,4.0
803,pretzels,2.0
803,strawberries,3.0
803,granolabar,4.0
803,swedishfish,3.0
803,peaches,4.0
803,mango,5.0
803,olives,5.0
803,bakedpotato,2.0
803,orangeslices,5.0
803,avocado,5.0
803,americancheese,3.0
803,minimuffins,3.0
803,appleslices,5.0
803,oreos,3.0
803,ritz,4.0
803,kettlecorn,4.0
803,poptarts,4.0
803,skittles,3.0
803,potatochips,4.0
803,raspberries,4.0
803,eggs,3.0
803,trailmix,4.0
803,mms,3.0
803,cucumberslices,4.0
803,broccoli,1.0
803,saltines,3.0
803,kiwi,3.0
803,grahamcrackers,4.0
803,doughnuts,2.0
803,sourpatch,3.0
803,sunchips,3.0
803,doritos,4.0
803,grapes,3.0
803,croissant,4.0
803,carrotsticks,4.0
803,edamame,5.0
803,salami,4.0
803,sweetpotato,4.0
803,cupcakes,3.0
803,sushi,3.0
803,icecream,3.0
803,triscuits,4.0
803,deliturkey,4.0
803,ricecakes,3.0
803,wheatbread,4.0
803,cheesecubes,3.0
804,sourpatch,5.0
804,blueberries,4.0
804,swedishfish,5.0
804,cherries,4.0
804,cucumberslices,3.0
804,pear,4.0
804,ricecakes,4.0
804,sushi,4.0
804,lox,1.0
804,icecream,5.0
804,chocolatepretzels,3.0
804,strawberries,4.0
804,poptarts,3.0
804,cocktailshrimp,1.0
804,grahamcrackers,3.0
804,oreos,4.0
804,edamame,5.0
804,trailmix,2.0
804,cupcakes,3.0
804,broccoli,4.0
804,sweetpotato,5.0
804,avocado,4.0
804,grapes,3.0
804,yogurtpretzels,2.0
804,mango,3.0
804,salami,1.0
804,croissant,4.0
804,minimuffins,3.0
804,kitkat,4.0
804,granolabar,4.0
804,mushrooms,1.0
804,wheatbread,3.0
804,skittles,4.0
804,ritz,3.0
804,falafelwithpita,5.0
804,bakedpotato,5.0
804,potatochips,4.0
804,popsicles,4.0
804,cheezits,3.0
804,mms,4.0
804,appleslices,4.0
804,kiwi,3.0
804,cantaloupe,4.0
804,celerysticks,3.0
804,orangeslices,2.0
804,doughnuts,4.0
804,cheesecubes,4.0
804,bagelplain,4.0
804,olives,2.0
804,raspberries,5.0
804,eggs,2.0
804,deliturkey,1.0
804,cherrytomato,2.0
804,carrotsticks,4.0
804,banana,4.0
804,corncob,4.0
804,kettlecorn,3.0
804,sunchips,2.0
804,saltines,3.0
804,peaches,3.0
804,pretzels,4.0
804,cookies,5.0
804,triscuits,4.0
804,doritos,4.0
804,americancheese,3.0
807,yogurtpretzels,4.0
807,cucumberslices,3.0
807,pear,4.0
807,mms,5.0
807,cheezits,4.0
807,potatochips,4.0
807,sourpatch,3.0
807,kitkat,4.0
807,kiwi,4.0
807,ritz,4.0
807,grapes,4.0
807,kettlecorn,4.0
807,mango,4.0
807,strawberries,4.0
807,bakedpotato,4.0
807,bagelplain,5.0
807,cupcakes,3.0
807,banana,4.0
807,poptarts,3.0
807,carrotsticks,3.0
807,celerysticks,3.0
807,cocktailshrimp,5.0
807,grahamcrackers,3.0
807,granolabar,4.0
807,ricecakes,3.0
807,broccoli,3.0
807,sweetpotato,4.0
807,pretzels,4.0
807,lox,4.0
807,cherrytomato,4.0
807,cantaloupe,4.0
807,blueberries,4.0
807,chocolatepretzels,3.0
807,salami,4.0
807,eggs,1.0
807,icecream,4.0
807,oreos,4.0
807,saltines,4.0
807,popsicles,4.0
807,cookies,4.0
807,deliturkey,3.0
807,wheatbread,3.0
807,croissant,5.0
807,mushrooms,2.0
807,trailmix,3.0
807,sushi,5.0
807,doritos,4.0
807,avocado,3.0
807,triscuits,3.0
807,edamame,3.0
807,minimuffins,4.0
807,corncob,4.0
807,olives,3.0
807,cherries,4.0
807,americancheese,4.0
807,skittles,4.0
807,appleslices,4.0
807,swedishfish,3.0
807,doughnuts,4.0
807,falafelwithpita,4.0
807,cheesecubes,4.0
807,peaches,4.0
807,raspberries,4.0
807,sunchips,4.0
807,orangeslices,4.0
808,bakedpotato,5.0
808,sushi,4.0
808,chocolatepretzels,5.0
808,appleslices,5.0
808,broccoli,4.0
808,poptarts,5.0
808,swedishfish,4.0
808,wheatbread,5.0
808,minimuffins,5.0
808,kiwi,5.0
808,grahamcrackers,5.0
808,avocado,3.0
808,cucumberslices,5.0
808,strawberries,4.0
808,kettlecorn,5.0
808,cherries,4.0
808,pretzels,5.0
808,mms,5.0
808,cherrytomato,5.0
808,triscuits,4.0
808,banana,4.0
808,kitkat,5.0
808,celerysticks,5.0
808,popsicles,5.0
808,salami,2.0
808,ricecakes,3.0
808,mushrooms,4.0
808,grapes,5.0
808,pear,5.0
808,mango,5.0
808,peaches,5.0
808,raspberries,5.0
808,cheezits,5.0
808,granolabar,5.0
808,falafelwithpita,2.0
808,eggs,5.0
808,sourpatch,2.0
808,sweetpotato,4.0
808,lox,1.0
808,yogurtpretzels,5.0
808,cocktailshrimp,5.0
808,orangeslices,5.0
808,cantaloupe,5.0
808,olives,5.0
808,edamame,5.0
808,saltines,5.0
808,trailmix,5.0
808,corncob,5.0
808,potatochips,5.0
808,blueberries,5.0
808,deliturkey,1.0
808,doughnuts,5.0
808,bagelplain,5.0
808,cookies,5.0
808,doritos,5.0
808,oreos,4.0
808,skittles,4.0
808,americancheese,2.0
808,icecream,5.0
808,cheesecubes,1.0
808,sunchips,5.0
808,carrotsticks,5.0
808,croissant,5.0
808,cupcakes,4.0
808,ritz,5.0
811,ricecakes,2.0
811,wheatbread,4.0
811,minimuffins,3.0
811,pretzels,4.0
811,cherries,5.0
811,kiwi,5.0
811,avocado,5.0
811,raspberries,5.0
811,kitkat,4.0
811,mms,3.0
811,sushi,5.0
811,edamame,1.0
811,bagelplain,5.0
811,doughnuts,4.0
811,oreos,3.0
811,cookies,4.0
811,mushrooms,1.0
811,peaches,5.0
811,bakedpotato,4.0
811,cupcakes,2.0
811,cocktailshrimp,5.0
811,broccoli,1.0
811,banana,2.0
811,cheesecubes,3.0
811,appleslices,5.0
811,orangeslices,5.0
811,lox,1.0
811,saltines,3.0
811,falafelwithpita,1.0
811,blueberries,4.0
811,poptarts,3.0
811,deliturkey,4.0
811,corncob,5.0
811,sunchips,5.0
811,icecream,4.0
811,sourpatch,2.0
811,mango,2.0
811,skittles,3.0
811,grapes,3.0
811,potatochips,4.0
811,celerysticks,3.0
811,olives,1.0
811,cherrytomato,1.0
811,swedishfish,1.0
811,eggs,4.0
811,popsicles,2.0
811,ritz,3.0
811,strawberries,5.0
811,grahamcrackers,2.0
811,doritos,3.0
811,cheezits,5.0
811,cantaloupe,1.0
811,cucumberslices,5.0
811,croissant,4.0
811,pear,5.0
811,sweetpotato,4.0
811,salami,4.0
811,chocolatepretzels,4.0
811,americancheese,4.0
811,trailmix,2.0
811,carrotsticks,4.0
811,triscuits,2.0
811,kettlecorn,3.0
811,yogurtpretzels,2.0
811,granolabar,2.0
814,chocolatepretzels,4.0
814,yogurtpretzels,4.0
814,trailmix,5.0
814,triscuits,5.0
814,croissant,4.0
814,blueberries,2.0
814,potatochips,4.0
814,banana,4.0
814,cherrytomato,4.0
814,granolabar,4.0
814,ritz,2.0
814,cherries,4.0
814,celerysticks,4.0
814,salami,4.0
814,icecream,2.0
814,cantaloupe,4.0
814,cookies,4.0
814,wheatbread,4.0
814,americancheese,2.0
814,grahamcrackers,4.0
814,cheezits,2.0
814,falafelwithpita,4.0
814,appleslices,5.0
814,peaches,5.0
814,minimuffins,2.0
814,pretzels,2.0
814,kiwi,4.0
814,olives,4.0
814,cucumberslices,4.0
814,strawberries,5.0
814,popsicles,1.0
814,mango,4.0
814,oreos,2.0
814,raspberries,1.0
814,kettlecorn,2.0
814,broccoli,4.0
814,mushrooms,4.0
814,mms,1.0
814,kitkat,1.0
814,edamame,4.0
814,bakedpotato,2.0
814,saltines,4.0
814,swedishfish,1.0
814,cupcakes,4.0
814,pear,4.0
814,sourpatch,1.0
814,lox,4.0
814,cocktailshrimp,4.0
814,orangeslices,4.0
814,doughnuts,1.0
814,sweetpotato,3.0
814,poptarts,3.0
814,deliturkey,4.0
814,ricecakes,3.0
814,sunchips,4.0
814,avocado,4.0
814,sushi,4.0
814,corncob,4.0
814,eggs,4.0
814,skittles,1.0
814,doritos,4.0
814,carrotsticks,4.0
814,grapes,5.0
814,bagelplain,2.0
814,cheesecubes,3.0
815,peaches,5.0
815,olives,3.0
815,ritz,5.0
815,mushrooms,5.0
815,orangeslices,4.0
815,skittles,3.0
815,banana,5.0
815,oreos,5.0
815,bagelplain,5.0
815,pretzels,4.0
815,cherries,5.0
815,croissant,4.0
815,sunchips,4.0
815,edamame,4.0
815,poptarts,5.0
815,deliturkey,5.0
815,kiwi,4.0
815,appleslices,5.0
815,broccoli,3.0
815,mms,4.0
815,chocolatepretzels,3.0
815,triscuits,5.0
815,potatochips,4.0
815,eggs,5.0
815,strawberries,5.0
815,sourpatch,2.0
815,cantaloupe,4.0
815,carrotsticks,4.0
815,falafelwithpita,3.0
815,grapes,5.0
815,celerysticks,4.0
815,granolabar,4.0
815,mango,5.0
815,salami,4.0
815,kettlecorn,5.0
815,cupcakes,5.0
815,corncob,5.0
815,cocktailshrimp,4.0
815,cheezits,4.0
815,sushi,4.0
815,kitkat,3.0
815,pear,4.0
815,saltines,4.0
815,bakedpotato,4.0
815,cherrytomato,5.0
815,minimuffins,3.0
815,doughnuts,3.0
815,cookies,3.0
815,yogurtpretzels,3.0
815,avocado,4.0
815,trailmix,5.0
815,swedishfish,2.0
815,wheatbread,5.0
815,grahamcrackers,4.0
815,americancheese,4.0
815,ricecakes,4.0
815,cheesecubes,4.0
815,popsicles,1.0
815,icecream,4.0
815,sweetpotato,4.0
815,raspberries,4.0
815,cucumberslices,4.0
815,blueberries,4.0
815,doritos,5.0
815,lox,4.0
816,cupcakes,5.0
816,cocktailshrimp,2.0
816,strawberries,4.0
816,icecream,4.0
816,sunchips,4.0
816,wheatbread,2.0
816,doritos,5.0
816,cheezits,4.0
816,cucumberslices,3.0
816,mango,4.0
816,salami,2.0
816,croissant,5.0
816,broccoli,3.0
816,appleslices,4.0
816,corncob,4.0
816,mms,5.0
816,trailmix,3.0
816,edamame,3.0
816,swedishfish,4.0
816,doughnuts,5.0
816,ricecakes,3.0
816,kiwi,3.0
816,lox,2.0
816,raspberries,3.0
816,grahamcrackers,4.0
816,cherrytomato,3.0
816,avocado,4.0
816,potatochips,4.0
816,pretzels,4.0
816,banana,3.0
816,bakedpotato,4.0
816,cherries,3.0
816,bagelplain,4.0
816,falafelwithpita,2.0
816,triscuits,3.0
816,minimuffins,5.0
816,poptarts,4.0
816,deliturkey,3.0
816,skittles,3.0
816,orangeslices,3.0
816,popsicles,3.0
816,granolabar,3.0
816,cheesecubes,2.0
816,sweetpotato,4.0
816,sourpatch,3.0
816,mushrooms,1.0
816,kettlecorn,5.0
816,saltines,3.0
816,americancheese,3.0
816,celerysticks,3.0
816,carrotsticks,3.0
816,grapes,4.0
816,chocolatepretzels,5.0
816,cookies,5.0
816,kitkat,5.0
816,yogurtpretzels,5.0
816,sushi,4.0
816,olives,1.0
816,eggs,2.0
816,oreos,5.0
816,peaches,4.0
816,pear,4.0
816,cantaloupe,4.0
816,blueberries,4.0
816,ritz,3.0
817,sunchips,4.0
817,carrotsticks,4.0
817,orangeslices,2.0
817,granolabar,4.0
817,bagelplain,5.0
817,oreos,5.0
817,banana,2.0
817,appleslices,2.0
817,cheesecubes,5.0
817,mms,5.0
817,olives,4.0
817,cheezits,4.0
817,skittles,2.0
817,yogurtpretzels,5.0
817,cupcakes,5.0
817,corncob,2.0
817,strawberries,2.0
817,grahamcrackers,4.0
817,avocado,5.0
817,ricecakes,4.0
817,kitkat,5.0
817,broccoli,5.0
817,bakedpotato,4.0
817,raspberries,5.0
817,croissant,5.0
817,icecream,5.0
817,sushi,2.0
817,ritz,4.0
817,chocolatepretzels,5.0
817,deliturkey,1.0
817,cherrytomato,2.0
817,potatochips,5.0
817,mushrooms,5.0
817,cantaloupe,2.0
817,pretzels,4.0
817,americancheese,4.0
817,peaches,4.0
817,cucumberslices,5.0
817,doritos,5.0
817,swedishfish,1.0
817,cocktailshrimp,1.0
817,doughnuts,2.0
817,saltines,5.0
817,edamame,5.0
817,cookies,5.0
817,kettlecorn,4.0
817,kiwi,5.0
817,grapes,5.0
817,sourpatch,1.0
817,salami,1.0
817,eggs,1.0
817,sweetpotato,1.0
817,lox,1.0
817,falafelwithpita,5.0
817,triscuits,5.0
817,mango,1.0
817,celerysticks,4.0
817,cherries,5.0
817,trailmix,4.0
817,wheatbread,5.0
817,blueberries,2.0
817,popsicles,4.0
817,minimuffins,5.0
817,poptarts,1.0
817,pear,3.0
818,mango,4.0
818,cupcakes,4.0
818,kitkat,4.0
818,cheezits,4.0
818,grahamcrackers,4.0
818,kettlecorn,3.0
818,olives,2.0
818,orangeslices,4.0
818,skittles,2.0
818,celerysticks,3.0
818,yogurtpretzels,4.0
818,minimuffins,4.0
818,cookies,5.0
818,americancheese,2.0
818,poptarts,3.0
818,blueberries,2.0
818,grapes,3.0
818,cheesecubes,3.0
818,granolabar,4.0
818,cocktailshrimp,3.0
818,bagelplain,5.0
818,peaches,3.0
818,edamame,2.0
818,carrotsticks,2.0
818,lox,1.0
818,sunchips,4.0
818,sweetpotato,3.0
818,raspberries,3.0
818,trailmix,3.0
818,banana,4.0
818,triscuits,4.0
818,corncob,2.0
818,bakedpotato,2.0
818,mms,4.0
818,deliturkey,4.0
818,falafelwithpita,3.0
818,sourpatch,2.0
818,swedishfish,4.0
818,ricecakes,5.0
818,popsicles,3.0
818,saltines,5.0
818,cantaloupe,4.0
818,doughnuts,4.0
818,doritos,4.0
818,sushi,1.0
818,pear,3.0
818,pretzels,4.0
818,kiwi,4.0
818,avocado,3.0
818,strawberries,4.0
818,salami,2.0
818,icecream,4.0
818,potatochips,3.0
818,chocolatepretzels,4.0
818,broccoli,4.0
818,oreos,3.0
818,eggs,1.0
818,wheatbread,3.0
818,mushrooms,4.0
818,cherrytomato,2.0
818,ritz,4.0
818,cherries,3.0
818,appleslices,4.0
818,croissant,5.0
818,cucumberslices,3.0
819,mango,2.0
819,olives,5.0
819,icecream,4.0
819,wheatbread,4.0
819,carrotsticks,5.0
819,mms,3.0
819,minimuffins,4.0
819,trailmix,4.0
819,avocado,5.0
819,cookies,4.0
819,popsicles,4.0
819,cheezits,3.0
819,orangeslices,5.0
819,yogurtpretzels,5.0
819,doritos,4.0
819,falafelwithpita,3.0
819,saltines,3.0
819,raspberries,2.0
819,lox,1.0
819,bagelplain,5.0
819,banana,3.0
819,grahamcrackers,3.0
819,swedishfish,2.0
819,sourpatch,1.0
819,doughnuts,4.0
819,deliturkey,5.0
819,skittles,3.0
819,poptarts,1.0
819,eggs,5.0
819,grapes,5.0
819,ritz,3.0
819,peaches,4.0
819,cucumberslices,5.0
819,americancheese,3.0
819,chocolatepretzels,3.0
819,edamame,5.0
819,broccoli,5.0
819,kettlecorn,5.0
819,cherries,2.0
819,croissant,5.0
819,strawberries,4.0
819,oreos,3.0
819,granolabar,2.0
819,salami,5.0
819,sweetpotato,4.0
819,cherrytomato,5.0
819,kitkat,4.0
819,cheesecubes,3.0
819,ricecakes,5.0
819,appleslices,4.0
819,potatochips,3.0
819,sunchips,4.0
819,kiwi,4.0
819,cantaloupe,2.0
819,blueberries,3.0
819,celerysticks,4.0
819,mushrooms,5.0
819,cupcakes,4.0
819,bakedpotato,5.0
819,sushi,4.0
819,triscuits,4.0
819,corncob,5.0
819,pear,4.0
819,pretzels,3.0
819,cocktailshrimp,4.0
820,mushrooms,2.0
820,blueberries,4.0
820,pretzels,4.0
820,cantaloupe,2.0
820,appleslices,1.0
820,icecream,4.0
820,ricecakes,4.0
820,salami,4.0
820,ritz,2.0
820,swedishfish,4.0
820,popsicles,2.0
820,grapes,3.0
820,strawberries,4.0
820,kitkat,4.0
820,carrotsticks,3.0
820,cherries,4.0
820,celerysticks,4.0
820,americancheese,4.0
820,falafelwithpita,3.0
820,banana,5.0
820,granolabar,5.0
820,peaches,4.0
820,bagelplain,4.0
820,corncob,4.0
820,potatochips,4.0
820,saltines,2.0
820,pear,4.0
820,mango,4.0
820,bakedpotato,2.0
820,cheezits,2.0
820,cucumberslices,4.0
820,sushi,5.0
820,avocado,4.0
820,deliturkey,4.0
820,skittles,2.0
820,sunchips,4.0
820,trailmix,5.0
820,sourpatch,4.0
820,sweetpotato,4.0
820,cocktailshrimp,4.0
820,cupcakes,2.0
820,raspberries,3.0
820,doughnuts,2.0
820,yogurtpretzels,4.0
820,kettlecorn,4.0
820,oreos,4.0
820,cheesecubes,2.0
820,poptarts,4.0
820,croissant,4.0
820,mms,4.0
820,wheatbread,4.0
820,lox,2.0
820,edamame,4.0
820,grahamcrackers,3.0
820,triscuits,3.0
820,olives,1.0
820,doritos,4.0
820,kiwi,5.0
820,broccoli,4.0
820,minimuffins,4.0
820,cookies,4.0
820,orangeslices,5.0
820,eggs,4.0
820,chocolatepretzels,4.0
820,cherrytomato,4.0
821,minimuffins,4.0
821,bakedpotato,4.0
821,icecream,3.0
821,celerysticks,4.0
821,cupcakes,4.0
821,grapes,5.0
821,popsicles,5.0
821,mango,2.0
821,kiwi,4.0
821,carrotsticks,3.0
821,sourpatch,4.0
821,cocktailshrimp,1.0
821,cucumberslices,4.0
821,broccoli,3.0
821,doritos,2.0
821,falafelwithpita,1.0
821,lox,1.0
821,wheatbread,4.0
821,doughnuts,2.0
821,orangeslices,4.0
821,strawberries,4.0
821,cookies,5.0
821,granolabar,3.0
821,cheezits,4.0
821,corncob,4.0
821,poptarts,2.0
821,blueberries,5.0
821,ricecakes,2.0
821,cherries,5.0
821,salami,4.0
821,appleslices,3.0
821,eggs,3.0
821,grahamcrackers,3.0
821,pear,4.0
821,americancheese,1.0
821,potatochips,2.0
821,peaches,4.0
821,triscuits,4.0
821,sushi,3.0
821,kitkat,5.0
821,trailmix,3.0
821,sweetpotato,1.0
821,kettlecorn,3.0
821,avocado,4.0
821,bagelplain,3.0
821,cheesecubes,4.0
821,croissant,4.0
821,raspberries,5.0
821,mms,4.0
821,sunchips,1.0
821,yogurtpretzels,4.0
821,banana,3.0
821,cherrytomato,2.0
821,swedishfish,5.0
821,mushrooms,3.0
821,ritz,3.0
821,saltines,4.0
821,edamame,3.0
821,skittles,5.0
821,chocolatepretzels,5.0
821,deliturkey,2.0
821,oreos,4.0
821,pretzels,4.0
821,cantaloupe,2.0
821,olives,2.0
823,ritz,3.0
823,granolabar,1.0
823,cherrytomato,5.0
823,salami,3.0
823,blueberries,5.0
823,eggs,4.0
823,falafelwithpita,3.0
823,kiwi,4.0
823,mango,4.0
823,grahamcrackers,3.0
823,potatochips,3.0
823,mushrooms,4.0
823,corncob,5.0
823,minimuffins,4.0
823,olives,3.0
823,avocado,5.0
823,deliturkey,2.0
823,americancheese,3.0
823,icecream,3.0
823,croissant,4.0
823,celerysticks,3.0
823,broccoli,4.0
823,strawberries,3.0
823,yogurtpretzels,4.0
823,cheesecubes,3.0
823,doughnuts,2.0
823,poptarts,1.0
823,sunchips,2.0
823,skittles,4.0
823,cocktailshrimp,4.0
823,chocolatepretzels,4.0
823,sushi,4.0
823,swedishfish,1.0
823,kitkat,4.0
823,banana,4.0
823,sourpatch,2.0
823,sweetpotato,3.0
823,cheezits,3.0
823,lox,4.0
823,cucumberslices,4.0
823,grapes,5.0
823,bakedpotato,2.0
823,cupcakes,1.0
823,trailmix,3.0
823,popsicles,2.0
823,pear,4.0
823,pretzels,3.0
823,kettlecorn,2.0
823,cherries,5.0
823,cookies,3.0
823,mms,4.0
823,appleslices,3.0
823,triscuits,2.0
823,wheatbread,2.0
823,bagelplain,3.0
823,edamame,3.0
823,ricecakes,3.0
823,doritos,3.0
823,peaches,2.0
823,saltines,2.0
823,raspberries,1.0
823,cantaloupe,4.0
823,orangeslices,4.0
823,oreos,3.0
823,carrotsticks,2.0
824,orangeslices,4.0
824,peaches,4.0
824,avocado,3.0
824,blueberries,3.0
824,ricecakes,3.0
824,edamame,2.0
824,swedishfish,3.0
824,pretzels,3.0
824,broccoli,3.0
824,mango,5.0
824,salami,4.0
824,cheezits,3.0
824,ritz,4.0
824,triscuits,3.0
824,minimuffins,4.0
824,grapes,5.0
824,olives,1.0
824,kettlecorn,3.0
824,corncob,4.0
824,kitkat,5.0
824,americancheese,4.0
824,sushi,1.0
824,cookies,5.0
824,skittles,4.0
824,carrotsticks,3.0
824,deliturkey,4.0
824,sunchips,3.0
824,doritos,5.0
824,sourpatch,3.0
824,mushrooms,2.0
824,cucumberslices,4.0
824,strawberries,4.0
824,wheatbread,4.0
824,cantaloupe,2.0
824,bagelplain,3.0
824,doughnuts,4.0
824,cherries,3.0
824,raspberries,4.0
824,kiwi,3.0
824,potatochips,5.0
824,cupcakes,5.0
824,eggs,2.0
824,yogurtpretzels,3.0
824,cheesecubes,3.0
824,falafelwithpita,3.0
824,bakedpotato,4.0
824,mms,4.0
824,cocktailshrimp,4.0
824,trailmix,2.0
824,pear,3.0
824,cherrytomato,3.0
824,poptarts,4.0
824,chocolatepretzels,3.0
824,appleslices,4.0
824,banana,4.0
824,croissant,3.0
824,icecream,3.0
824,saltines,3.0
824,oreos,4.0
824,grahamcrackers,4.0
824,sweetpotato,2.0
824,popsicles,4.0
824,celerysticks,2.0
824,lox,2.0
824,granolabar,4.0
826,banana,5.0
826,croissant,4.0
826,orangeslices,5.0
826,lox,1.0
826,celerysticks,1.0
826,sushi,4.0
826,mango,5.0
826,cantaloupe,4.0
826,chocolatepretzels,3.0
826,skittles,3.0
826,trailmix,4.0
826,swedishfish,5.0
826,cheezits,2.0
826,oreos,5.0
826,bagelplain,4.0
826,grahamcrackers,4.0
826,sweetpotato,5.0
826,grapes,4.0
826,granolabar,4.0
826,cookies,3.0
826,falafelwithpita,4.0
826,poptarts,4.0
826,popsicles,4.0
826,avocado,5.0
826,peaches,5.0
826,kitkat,5.0
826,appleslices,5.0
826,cupcakes,5.0
826,wheatbread,5.0
826,icecream,5.0
826,raspberries,5.0
826,kiwi,5.0
826,saltines,5.0
826,blueberries,5.0
826,americancheese,5.0
826,doughnuts,5.0
826,edamame,5.0
826,cucumberslices,5.0
826,minimuffins,4.0
826,salami,3.0
826,bakedpotato,4.0
826,pretzels,3.0
826,yogurtpretzels,3.0
826,strawberries,5.0
826,triscuits,5.0
826,ricecakes,4.0
826,mms,3.0
826,cherries,5.0
826,eggs,5.0
826,pear,5.0
826,broccoli,4.0
826,sunchips,4.0
826,doritos,4.0
826,cocktailshrimp,3.0
826,potatochips,3.0
826,corncob,5.0
826,mushrooms,5.0
826,sourpatch,4.0
826,cheesecubes,4.0
826,olives,4.0
826,cherrytomato,5.0
826,ritz,4.0
826,kettlecorn,3.0
826,carrotsticks,4.0
826,deliturkey,4.0
827,raspberries,5.0
827,mms,4.0
827,oreos,5.0
827,skittles,3.0
827,bakedpotato,5.0
827,deliturkey,2.0
827,cheezits,4.0
827,appleslices,3.0
827,kettlecorn,3.0
827,sweetpotato,3.0
827,avocado,4.0
827,bagelplain,3.0
827,cherries,5.0
827,doughnuts,4.0
827,eggs,5.0
827,edamame,4.0
827,banana,4.0
827,poptarts,5.0
827,potatochips,4.0
827,orangeslices,4.0
827,americancheese,4.0
827,kitkat,5.0
827,wheatbread,3.0
827,blueberries,5.0
827,sushi,5.0
827,salami,2.0
827,granolabar,3.0
827,ricecakes,4.0
827,cantaloupe,3.0
827,croissant,3.0
827,icecream,4.0
827,sourpatch,2.0
827,broccoli,5.0
827,cheesecubes,4.0
827,popsicles,3.0
827,swedishfish,1.0
827,cherrytomato,5.0
827,saltines,3.0
827,chocolatepretzels,4.0
827,mushrooms,3.0
827,pear,4.0
827,cupcakes,5.0
827,mango,4.0
827,falafelwithpita,3.0
827,grapes,4.0
827,doritos,4.0
827,yogurtpretzels,3.0
827,cocktailshrimp,4.0
827,carrotsticks,4.0
827,ritz,2.0
827,peaches,5.0
827,lox,5.0
827,grahamcrackers,3.0
827,kiwi,5.0
827,strawberries,5.0
827,corncob,4.0
827,sunchips,3.0
827,trailmix,3.0
827,celerysticks,2.0
827,triscuits,1.0
827,minimuffins,4.0
827,olives,4.0
827,cookies,4.0
827,pretzels,3.0
827,cucumberslices,5.0
828,sweetpotato,5.0
828,strawberries,5.0
828,croissant,5.0
828,falafelwithpita,3.0
828,blueberries,5.0
828,kiwi,4.0
828,corncob,4.0
828,raspberries,4.0
828,yogurtpretzels,4.0
828,grapes,4.0
828,americancheese,4.0
828,eggs,4.0
828,trailmix,4.0
828,skittles,4.0
828,bagelplain,5.0
828,peaches,5.0
828,doughnuts,4.0
828,grahamcrackers,4.0
828,edamame,4.0
828,appleslices,5.0
828,kitkat,4.0
828,orangeslices,5.0
828,pear,4.0
828,ritz,4.0
828,cheezits,5.0
828,deliturkey,3.0
828,sourpatch,4.0
828,popsicles,4.0
828,icecream,4.0
828,minimuffins,4.0
828,triscuits,4.0
828,sunchips,4.0
828,cucumberslices,4.0
828,sushi,2.0
828,mango,5.0
828,celerysticks,2.0
828,cherrytomato,2.0
828,kettlecorn,4.0
828,saltines,4.0
828,ricecakes,2.0
828,lox,2.0
828,cheesecubes,4.0
828,olives,1.0
828,bakedpotato,5.0
828,cookies,4.0
828,doritos,4.0
828,broccoli,5.0
828,cantaloupe,4.0
828,cocktailshrimp,4.0
828,poptarts,2.0
828,pretzels,5.0
828,granolabar,4.0
828,potatochips,4.0
828,carrotsticks,2.0
828,avocado,4.0
828,swedishfish,4.0
828,banana,2.0
828,oreos,3.0
828,mushrooms,5.0
828,wheatbread,4.0
828,cherries,2.0
828,cupcakes,4.0
828,salami,3.0
828,mms,4.0
828,chocolatepretzels,4.0
829,kettlecorn,4.0
829,triscuits,4.0
829,doritos,2.0
829,appleslices,4.0
829,cocktailshrimp,1.0
829,yogurtpretzels,4.0
829,wheatbread,4.0
829,granolabar,3.0
829,cookies,5.0
829,sweetpotato,2.0
829,falafelwithpita,2.0
829,grahamcrackers,5.0
829,avocado,3.0
829,americancheese,3.0
829,minimuffins,4.0
829,skittles,4.0
829,cherries,4.0
829,raspberries,4.0
829,pretzels,3.0
829,popsicles,4.0
829,oreos,5.0
829,pear,4.0
829,cheezits,2.0
829,doughnuts,5.0
829,cucumberslices,2.0
829,sushi,1.0
829,croissant,4.0
829,banana,4.0
829,peaches,5.0
829,bagelplain,4.0
829,orangeslices,4.0
829,corncob,4.0
829,eggs,1.0
829,sourpatch,4.0
829,cheesecubes,2.0
829,grapes,5.0
829,strawberries,5.0
829,chocolatepretzels,4.0
829,celerysticks,1.0
829,mango,2.0
829,saltines,5.0
829,cantaloupe,5.0
829,lox,1.0
829,ritz,4.0
829,cherrytomato,3.0
829,kitkat,5.0
829,deliturkey,4.0
829,cupcakes,5.0
829,edamame,3.0
829,ricecakes,4.0
829,olives,1.0
829,bakedpotato,5.0
829,sunchips,5.0
829,mushrooms,3.0
829,poptarts,4.0
829,salami,5.0
829,potatochips,4.0
829,mms,5.0
829,blueberries,4.0
829,trailmix,3.0
829,broccoli,4.0
829,carrotsticks,5.0
829,kiwi,4.0
829,icecream,3.0
829,swedishfish,4.0
830,cheesecubes,4.0
830,kitkat,5.0
830,cherrytomato,5.0
830,pretzels,4.0
830,peaches,5.0
830,raspberries,2.0
830,cucumberslices,3.0
830,pear,4.0
830,sourpatch,5.0
830,trailmix,2.0
830,deliturkey,4.0
830,mango,3.0
830,kettlecorn,5.0
830,avocado,4.0
830,cherries,4.0
830,banana,4.0
830,corncob,5.0
830,blueberries,2.0
830,croissant,4.0
830,grapes,4.0
830,kiwi,4.0
830,icecream,5.0
830,popsicles,4.0
830,sushi,5.0
830,edamame,4.0
830,appleslices,3.0
830,yogurtpretzels,4.0
830,chocolatepretzels,4.0
830,doughnuts,4.0
830,cocktailshrimp,5.0
830,sunchips,4.0
830,ricecakes,4.0
830,mms,4.0
830,bagelplain,4.0
830,granolabar,4.0
830,cupcakes,4.0
830,eggs,2.0
830,minimuffins,4.0
830,potatochips,3.0
830,cookies,5.0
830,saltines,3.0
830,wheatbread,1.0
830,strawberries,4.0
830,swedishfish,2.0
830,triscuits,4.0
830,cantaloupe,5.0
830,falafelwithpita,3.0
830,bakedpotato,4.0
830,salami,4.0
830,olives,3.0
830,grahamcrackers,3.0
830,broccoli,2.0
830,sweetpotato,1.0
830,ritz,4.0
830,orangeslices,4.0
830,poptarts,5.0
830,skittles,5.0
830,doritos,4.0
830,oreos,4.0
830,mushrooms,5.0
830,cheezits,3.0
830,carrotsticks,2.0
830,americancheese,4.0
830,lox,5.0
830,celerysticks,4.0
832,wheatbread,2.0
832,cheesecubes,4.0
832,mms,2.0
832,bagelplain,1.0
832,kiwi,4.0
832,swedishfish,4.0
832,cupcakes,1.0
832,salami,5.0
832,lox,1.0
832,cherries,4.0
832,pretzels,4.0
832,cherrytomato,2.0
832,peaches,4.0
832,oreos,3.0
832,mango,3.0
832,edamame,4.0
832,carrotsticks,4.0
832,avocado,5.0
832,corncob,4.0
832,deliturkey,5.0
832,icecream,3.0
832,doughnuts,2.0
832,grahamcrackers,4.0
832,grapes,4.0
832,kettlecorn,1.0
832,mushrooms,4.0
832,celerysticks,1.0
832,sweetpotato,3.0
832,poptarts,2.0
832,skittles,5.0
832,popsicles,4.0
832,granolabar,4.0
832,doritos,5.0
832,banana,4.0
832,yogurtpretzels,2.0
832,blueberries,5.0
832,ricecakes,5.0
832,croissant,5.0
832,sourpatch,4.0
832,saltines,4.0
832,olives,1.0
832,sunchips,5.0
832,cheezits,5.0
832,pear,4.0
832,chocolatepretzels,1.0
832,broccoli,4.0
832,triscuits,5.0
832,trailmix,5.0
832,falafelwithpita,3.0
832,cantaloupe,4.0
832,sushi,5.0
832,cucumberslices,5.0
832,raspberries,4.0
832,kitkat,1.0
832,minimuffins,3.0
832,cookies,5.0
832,bakedpotato,4.0
832,orangeslices,4.0
832,cocktailshrimp,5.0
832,strawberries,4.0
832,eggs,5.0
832,ritz,5.0
832,appleslices,4.0
832,americancheese,5.0
832,potatochips,4.0
833,appleslices,3.0
833,kettlecorn,3.0
833,cupcakes,3.0
833,cheezits,4.0
833,cherrytomato,2.0
833,grahamcrackers,3.0
833,icecream,5.0
833,olives,1.0
833,corncob,4.0
833,oreos,3.0
833,cucumberslices,5.0
833,yogurtpretzels,3.0
833,cheesecubes,3.0
833,salami,3.0
833,strawberries,4.0
833,triscuits,2.0
833,pretzels,2.0
833,carrotsticks,4.0
833,broccoli,3.0
833,mango,5.0
833,raspberries,2.0
833,bagelplain,3.0
833,cocktailshrimp,3.0
833,kiwi,3.0
833,chocolatepretzels,3.0
833,doughnuts,4.0
833,celerysticks,2.0
833,sunchips,4.0
833,lox,4.0
833,mushrooms,5.0
833,bakedpotato,3.0
833,falafelwithpita,3.0
833,orangeslices,4.0
833,granolabar,2.0
833,deliturkey,2.0
833,peaches,3.0
833,cherries,3.0
833,swedishfish,3.0
833,mms,2.0
833,blueberries,3.0
833,avocado,5.0
833,croissant,5.0
833,ricecakes,3.0
833,cantaloupe,4.0
833,eggs,4.0
833,doritos,5.0
833,skittles,3.0
833,pear,3.0
833,sweetpotato,3.0
833,minimuffins,3.0
833,sourpatch,3.0
833,poptarts,2.0
833,sushi,5.0
833,saltines,2.0
833,edamame,3.0
833,potatochips,3.0
833,ritz,3.0
833,popsicles,3.0
833,kitkat,4.0
833,americancheese,3.0
833,wheatbread,3.0
833,cookies,5.0
833,trailmix,2.0
833,banana,3.0
833,grapes,3.0
835,cherrytomato,5.0
835,sushi,4.0
835,avocado,2.0
835,peaches,5.0
835,appleslices,4.0
835,sourpatch,4.0
835,broccoli,4.0
835,trailmix,3.0
835,ritz,5.0
835,bagelplain,4.0
835,wheatbread,4.0
835,yogurtpretzels,4.0
835,grapes,5.0
835,cookies,3.0
835,cherries,5.0
835,kitkat,3.0
835,ricecakes,2.0
835,bakedpotato,3.0
835,popsicles,5.0
835,blueberries,2.0
835,saltines,4.0
835,cheezits,3.0
835,eggs,4.0
835,pretzels,5.0
835,cantaloupe,1.0
835,orangeslices,1.0
835,doritos,4.0
835,cupcakes,3.0
835,icecream,3.0
835,cucumberslices,4.0
835,kiwi,1.0
835,sunchips,3.0
835,potatochips,3.0
835,deliturkey,5.0
835,strawberries,5.0
835,sweetpotato,2.0
835,poptarts,4.0
835,banana,4.0
835,pear,4.0
835,chocolatepretzels,5.0
835,carrotsticks,1.0
835,cocktailshrimp,4.0
835,grahamcrackers,2.0
835,salami,1.0
835,corncob,4.0
835,mango,4.0
835,cheesecubes,3.0
835,triscuits,1.0
835,mushrooms,5.0
835,raspberries,5.0
835,swedishfish,4.0
835,minimuffins,5.0
835,celerysticks,2.0
835,croissant,3.0
835,kettlecorn,1.0
835,olives,5.0
835,americancheese,5.0
835,oreos,5.0
835,doughnuts,5.0
835,edamame,4.0
835,mms,4.0
835,skittles,4.0
835,lox,1.0
835,granolabar,3.0
835,falafelwithpita,3.0
837,pretzels,4.0
837,cheezits,4.0
837,chocolatepretzels,4.0
837,poptarts,2.0
837,bagelplain,1.0
837,cheesecubes,5.0
837,deliturkey,2.0
837,broccoli,4.0
837,popsicles,3.0
837,granolabar,2.0
837,croissant,4.0
837,strawberries,4.0
837,mango,4.0
837,kitkat,4.0
837,grapes,4.0
837,grahamcrackers,4.0
837,yogurtpretzels,2.0
837,icecream,4.0
837,potatochips,4.0
837,mms,3.0
837,trailmix,2.0
837,skittles,3.0
837,sweetpotato,4.0
837,kettlecorn,4.0
837,mushrooms,2.0
837,saltines,4.0
837,sunchips,3.0
837,wheatbread,3.0
837,eggs,4.0
837,americancheese,3.0
837,blueberries,5.0
837,lox,3.0
837,cherrytomato,5.0
837,salami,1.0
837,doughnuts,3.0
837,sourpatch,3.0
837,avocado,5.0
837,cupcakes,3.0
837,ricecakes,4.0
837,appleslices,4.0
837,falafelwithpita,4.0
837,peaches,1.0
837,sushi,5.0
837,cocktailshrimp,3.0
837,edamame,3.0
837,celerysticks,1.0
837,kiwi,5.0
837,orangeslices,4.0
837,corncob,5.0
837,cantaloupe,4.0
837,ritz,3.0
837,olives,1.0
837,triscuits,3.0
837,minimuffins,4.0
837,banana,4.0
837,doritos,4.0
837,cherries,1.0
837,carrotsticks,3.0
837,cucumberslices,3.0
837,cookies,3.0
837,raspberries,4.0
837,pear,4.0
837,swedishfish,3.0
837,oreos,4.0
837,bakedpotato,5.0
840,strawberries,2.0
840,grapes,4.0
840,cupcakes,3.0
840,icecream,2.0
840,poptarts,3.0
840,ritz,5.0
840,pear,4.0
840,yogurtpretzels,3.0
840,broccoli,5.0
840,kiwi,4.0
840,doritos,4.0
840,americancheese,4.0
840,blueberries,4.0
840,pretzels,3.0
840,banana,4.0
840,lox,2.0
840,doughnuts,4.0
840,oreos,3.0
840,edamame,2.0
840,salami,4.0
840,cookies,4.0
840,kettlecorn,5.0
840,granolabar,3.0
840,cheezits,3.0
840,croissant,4.0
840,raspberries,3.0
840,olives,1.0
840,triscuits,3.0
840,cocktailshrimp,3.0
840,cantaloupe,4.0
840,wheatbread,4.0
840,falafelwithpita,2.0
840,sunchips,3.0
840,chocolatepretzels,2.0
840,ricecakes,2.0
840,saltines,4.0
840,orangeslices,5.0
840,eggs,4.0
840,peaches,4.0
840,appleslices,5.0
840,corncob,4.0
840,celerysticks,4.0
840,cherries,5.0
840,bakedpotato,4.0
840,cheesecubes,4.0
840,sweetpotato,5.0
840,bagelplain,5.0
840,minimuffins,4.0
840,cucumberslices,3.0
840,potatochips,4.0
840,sushi,2.0
840,sourpatch,4.0
840,skittles,5.0
840,mango,3.0
840,mms,4.0
840,trailmix,3.0
840,carrotsticks,5.0
840,cherrytomato,3.0
840,mushrooms,4.0
840,swedishfish,3.0
840,kitkat,4.0
840,popsicles,4.0
840,avocado,3.0
840,deliturkey,4.0
840,grahamcrackers,4.0
841,orangeslices,2.0
841,falafelwithpita,3.0
841,croissant,4.0
841,appleslices,5.0
841,poptarts,4.0
841,cupcakes,5.0
841,saltines,3.0
841,yogurtpretzels,4.0
841,lox,1.0
841,pear,1.0
841,icecream,4.0
841,popsicles,2.0
841,sourpatch,4.0
841,broccoli,4.0
841,minimuffins,5.0
841,sunchips,4.0
841,mms,4.0
841,bagelplain,4.0
841,grapes,4.0
841,mango,5.0
841,cheezits,4.0
841,trailmix,3.0
841,olives,2.0
841,kiwi,3.0
841,blueberries,2.0
841,cheesecubes,5.0
841,strawberries,2.0
841,bakedpotato,5.0
841,celerysticks,3.0
841,pretzels,4.0
841,wheatbread,4.0
841,salami,5.0
841,carrotsticks,2.0
841,sweetpotato,1.0
841,ritz,4.0
841,grahamcrackers,2.0
841,triscuits,2.0
841,americancheese,4.0
841,granolabar,4.0
841,sushi,5.0
841,cookies,5.0
841,doritos,5.0
841,swedishfish,4.0
841,avocado,4.0
841,doughnuts,5.0
841,cocktailshrimp,4.0
841,ricecakes,3.0
841,eggs,1.0
841,peaches,5.0
841,potatochips,2.0
841,edamame,2.0
841,deliturkey,5.0
841,cherrytomato,1.0
841,corncob,5.0
841,raspberries,2.0
841,oreos,4.0
841,cucumberslices,3.0
841,chocolatepretzels,4.0
841,cherries,2.0
841,banana,5.0
841,skittles,4.0
841,cantaloupe,5.0
841,mushrooms,1.0
841,kitkat,5.0
841,kettlecorn,2.0
843,broccoli,5.0
843,wheatbread,1.0
843,lox,4.0
843,olives,4.0
843,deliturkey,1.0
843,triscuits,1.0
843,icecream,3.0
843,edamame,5.0
843,sunchips,1.0
843,trailmix,4.0
843,cheesecubes,1.0
843,cucumberslices,3.0
843,oreos,3.0
843,pear,5.0
843,granolabar,1.0
843,potatochips,3.0
843,orangeslices,5.0
843,ritz,1.0
843,bakedpotato,1.0
843,mango,5.0
843,cherries,5.0
843,sushi,4.0
843,bagelplain,2.0
843,celerysticks,2.0
843,doritos,2.0
843,cheezits,3.0
843,raspberries,5.0
843,grahamcrackers,1.0
843,appleslices,5.0
843,croissant,2.0
843,blueberries,5.0
843,strawberries,5.0
843,carrotsticks,3.0
843,cantaloupe,5.0
843,kiwi,5.0
843,grapes,5.0
843,popsicles,2.0
843,cookies,3.0
843,peaches,5.0
843,avocado,5.0
843,sourpatch,3.0
843,ricecakes,1.0
843,doughnuts,3.0
843,kitkat,3.0
843,minimuffins,3.0
843,mms,2.0
843,skittles,2.0
843,americancheese,1.0
843,yogurtpretzels,3.0
843,sweetpotato,5.0
843,eggs,2.0
843,pretzels,3.0
843,corncob,3.0
843,banana,4.0
843,cherrytomato,5.0
843,cupcakes,4.0
843,cocktailshrimp,4.0
843,swedishfish,1.0
843,falafelwithpita,4.0
843,mushrooms,3.0
843,kettlecorn,4.0
843,salami,1.0
843,saltines,1.0
843,chocolatepretzels,3.0
843,poptarts,1.0
844,cherrytomato,4.0
844,triscuits,5.0
844,peaches,5.0
844,americancheese,3.0
844,kitkat,4.0
844,swedishfish,3.0
844,bakedpotato,4.0
844,minimuffins,2.0
844,granolabar,3.0
844,bagelplain,4.0
844,doritos,3.0
844,pretzels,2.0
844,mango,4.0
844,carrotsticks,5.0
844,wheatbread,4.0
844,broccoli,5.0
844,avocado,5.0
844,yogurtpretzels,4.0
844,falafelwithpita,4.0
844,cheesecubes,3.0
844,orangeslices,4.0
844,corncob,4.0
844,strawberries,4.0
844,cucumberslices,4.0
844,grahamcrackers,3.0
844,banana,5.0
844,cookies,2.0
844,ritz,3.0
844,edamame,5.0
844,icecream,3.0
844,blueberries,4.0
844,mushrooms,5.0
844,saltines,3.0
844,skittles,2.0
844,cherries,3.0
844,olives,4.0
844,popsicles,3.0
844,salami,2.0
844,kettlecorn,3.0
844,grapes,5.0
844,raspberries,5.0
844,oreos,1.0
844,cantaloupe,5.0
844,potatochips,4.0
844,sourpatch,2.0
844,doughnuts,2.0
844,cocktailshrimp,5.0
844,appleslices,4.0
844,cheezits,3.0
844,lox,5.0
844,celerysticks,5.0
844,sunchips,3.0
844,deliturkey,4.0
844,pear,4.0
844,sushi,5.0
844,sweetpotato,4.0
844,cupcakes,2.0
844,poptarts,3.0
844,croissant,3.0
844,trailmix,4.0
844,ricecakes,3.0
844,mms,2.0
844,eggs,4.0
844,kiwi,4.0
844,chocolatepretzels,2.0
848,sushi,5.0
848,raspberries,4.0
848,triscuits,4.0
848,orangeslices,4.0
848,broccoli,4.0
848,sourpatch,3.0
848,poptarts,4.0
848,chocolatepretzels,4.0
848,corncob,4.0
848,mms,4.0
848,oreos,4.0
848,grahamcrackers,4.0
848,doughnuts,4.0
848,cucumberslices,4.0
848,edamame,3.0
848,olives,1.0
848,cheezits,4.0
848,mushrooms,4.0
848,carrotsticks,4.0
848,peaches,4.0
848,cheesecubes,5.0
848,sunchips,4.0
848,swedishfish,3.0
848,bakedpotato,4.0
848,cherries,4.0
848,kitkat,4.0
848,ritz,4.0
848,eggs,4.0
848,doritos,5.0
848,croissant,4.0
848,strawberries,5.0
848,avocado,3.0
848,salami,4.0
848,ricecakes,4.0
848,wheatbread,4.0
848,grapes,4.0
848,potatochips,5.0
848,pretzels,5.0
848,celerysticks,4.0
848,blueberries,4.0
848,cupcakes,4.0
848,falafelwithpita,5.0
848,cherrytomato,2.0
848,granolabar,4.0
848,deliturkey,4.0
848,popsicles,4.0
848,cocktailshrimp,5.0
848,sweetpotato,2.0
848,lox,5.0
848,yogurtpretzels,4.0
848,bagelplain,4.0
848,icecream,4.0
848,appleslices,4.0
848,trailmix,4.0
848,skittles,5.0
848,minimuffins,4.0
848,cookies,4.0
848,kiwi,4.0
848,pear,4.0
848,mango,5.0
848,saltines,4.0
848,banana,4.0
848,americancheese,4.0
848,cantaloupe,4.0
848,kettlecorn,4.0
976,cocktailshrimp,5.0
976,wheatbread,4.0
976,bakedpotato,5.0
976,cheezits,5.0
976,deliturkey,3.0
976,strawberries,5.0
976,ritz,4.0
976,americancheese,5.0
976,corncob,5.0
976,poptarts,2.0
976,doritos,4.0
976,blueberries,5.0
976,eggs,5.0
976,kiwi,4.0
976,doughnuts,5.0
976,cucumberslices,5.0
976,kettlecorn,4.0
976,mms,3.0
976,ricecakes,4.0
976,peaches,5.0
976,trailmix,4.0
976,skittles,3.0
976,cheesecubes,5.0
976,kitkat,4.0
976,banana,3.0
976,falafelwithpita,4.0
976,cherries,4.0
976,croissant,4.0
976,cantaloupe,4.0
976,cookies,5.0
976,oreos,4.0
976,orangeslices,4.0
976,swedishfish,4.0
976,salami,5.0
976,pear,5.0
976,triscuits,2.0
976,lox,5.0
976,icecream,4.0
976,sushi,4.0
976,mushrooms,5.0
976,cupcakes,4.0
976,carrotsticks,4.0
976,olives,5.0
976,mango,4.0
976,pretzels,3.0
976,sunchips,3.0
976,sweetpotato,2.0
976,chocolatepretzels,3.0
976,minimuffins,3.0
976,cherrytomato,4.0
976,appleslices,5.0
976,popsicles,3.0
976,edamame,3.0
976,avocado,5.0
976,saltines,4.0
976,sourpatch,4.0
976,broccoli,5.0
976,bagelplain,4.0
976,potatochips,4.0
976,celerysticks,4.0
976,raspberries,4.0
976,granolabar,2.0
976,yogurtpretzels,3.0
976,grapes,4.0
976,grahamcrackers,3.0
977,yogurtpretzels,4.0
977,strawberries,5.0
977,cherries,4.0
977,cherrytomato,5.0
977,pretzels,5.0
977,edamame,5.0
977,eggs,4.0
977,banana,4.0
977,raspberries,4.0
977,ricecakes,4.0
977,granolabar,5.0
977,appleslices,5.0
977,corncob,5.0
977,sushi,4.0
977,poptarts,4.0
977,kettlecorn,5.0
977,deliturkey,4.0
977,minimuffins,4.0
977,icecream,4.0
977,carrotsticks,5.0
977,peaches,4.0
977,ritz,4.0
977,lox,5.0
977,cocktailshrimp,4.0
977,wheatbread,5.0
977,oreos,4.0
977,doughnuts,5.0
977,cheezits,2.0
977,sunchips,3.0
977,mushrooms,2.0
977,popsicles,4.0
977,cantaloupe,4.0
977,cookies,5.0
977,kitkat,4.0
977,mango,5.0
977,broccoli,2.0
977,blueberries,4.0
977,bagelplain,4.0
977,falafelwithpita,4.0
977,salami,4.0
977,cucumberslices,3.0
977,americancheese,5.0
977,celerysticks,2.0
977,avocado,5.0
977,orangeslices,3.0
977,grapes,4.0
977,mms,4.0
977,croissant,4.0
977,trailmix,5.0
977,skittles,4.0
977,cheesecubes,3.0
977,sweetpotato,4.0
977,pear,4.0
977,cupcakes,4.0
977,grahamcrackers,4.0
977,kiwi,2.0
977,swedishfish,3.0
977,triscuits,4.0
977,sourpatch,4.0
977,saltines,4.0
977,doritos,4.0
977,bakedpotato,4.0
977,potatochips,3.0
977,olives,3.0
977,chocolatepretzels,3.0
979,kitkat,4.0
979,croissant,5.0
979,americancheese,4.0
979,bakedpotato,5.0
979,corncob,5.0
979,appleslices,4.0
979,cookies,5.0
979,cupcakes,3.0
979,trailmix,2.0
979,skittles,4.0
979,pretzels,3.0
979,kiwi,5.0
979,cocktailshrimp,1.0
979,eggs,5.0
979,broccoli,4.0
979,granolabar,2.0
979,avocado,4.0
979,ritz,3.0
979,grahamcrackers,3.0
979,saltines,3.0
979,edamame,1.0
979,lox,2.0
979,wheatbread,4.0
979,chocolatepretzels,4.0
979,salami,1.0
979,falafelwithpita,1.0
979,yogurtpretzels,2.0
979,poptarts,4.0
979,potatochips,4.0
979,popsicles,4.0
979,cherries,4.0
979,cherrytomato,1.0
979,cheesecubes,5.0
979,bagelplain,5.0
979,strawberries,5.0
979,celerysticks,2.0
979,sourpatch,5.0
979,grapes,5.0
979,cheezits,2.0
979,swedishfish,3.0
979,mms,3.0
979,triscuits,2.0
979,doritos,3.0
979,ricecakes,2.0
979,pear,4.0
979,peaches,4.0
979,cucumberslices,3.0
979,oreos,4.0
979,olives,1.0
979,deliturkey,1.0
979,sweetpotato,3.0
979,blueberries,5.0
979,orangeslices,5.0
979,raspberries,4.0
979,doughnuts,5.0
979,banana,5.0
979,sushi,5.0
979,sunchips,4.0
979,kettlecorn,5.0
979,minimuffins,4.0
979,mushrooms,1.0
979,cantaloupe,5.0
979,carrotsticks,4.0
979,icecream,5.0
979,mango,4.0
980,mushrooms,4.0
980,strawberries,5.0
980,pretzels,4.0
980,cheezits,5.0
980,skittles,5.0
980,celerysticks,4.0
980,eggs,4.0
980,oreos,4.0
980,sushi,5.0
980,bakedpotato,5.0
980,grahamcrackers,2.0
980,doritos,4.0
980,lox,4.0
980,saltines,2.0
980,sourpatch,5.0
980,olives,1.0
980,ricecakes,3.0
980,sunchips,3.0
980,kiwi,4.0
980,avocado,2.0
980,mms,4.0
980,bagelplain,4.0
980,carrotsticks,4.0
980,pear,4.0
980,potatochips,4.0
980,cheesecubes,5.0
980,broccoli,5.0
980,kitkat,5.0
980,grapes,5.0
980,swedishfish,5.0
980,minimuffins,2.0
980,trailmix,4.0
980,cherrytomato,2.0
980,falafelwithpita,1.0
980,cucumberslices,4.0
980,americancheese,2.0
980,blueberries,1.0
980,peaches,4.0
980,mango,4.0
980,poptarts,2.0
980,croissant,5.0
980,granolabar,4.0
980,cookies,5.0
980,ritz,4.0
980,icecream,5.0
980,orangeslices,4.0
980,popsicles,3.0
980,appleslices,4.0
980,chocolatepretzels,4.0
980,doughnuts,4.0
980,salami,4.0
980,cocktailshrimp,4.0
980,edamame,4.0
980,sweetpotato,2.0
980,kettlecorn,4.0
980,cherries,5.0
980,corncob,4.0
980,wheatbread,4.0
980,raspberries,5.0
980,cupcakes,5.0
980,deliturkey,4.0
980,cantaloupe,4.0
980,yogurtpretzels,5.0
980,banana,4.0
980,triscuits,2.0
981,cocktailshrimp,1.0
981,doritos,5.0
981,broccoli,4.0
981,falafelwithpita,2.0
981,bagelplain,5.0
981,lox,1.0
981,strawberries,5.0
981,sunchips,5.0
981,deliturkey,4.0
981,poptarts,5.0
981,edamame,3.0
981,mango,4.0
981,cherries,4.0
981,skittles,4.0
981,appleslices,4.0
981,cucumberslices,2.0
981,triscuits,5.0
981,cheesecubes,2.0
981,cheezits,5.0
981,pretzels,4.0
981,sweetpotato,3.0
981,saltines,4.0
981,salami,5.0
981,sushi,4.0
981,granolabar,4.0
981,blueberries,4.0
981,kitkat,5.0
981,peaches,3.0
981,pear,4.0
981,sourpatch,5.0
981,raspberries,4.0
981,chocolatepretzels,4.0
981,doughnuts,5.0
981,cherrytomato,1.0
981,olives,1.0
981,banana,4.0
981,americancheese,4.0
981,grapes,4.0
981,wheatbread,3.0
981,yogurtpretzels,5.0
981,mms,5.0
981,avocado,4.0
981,minimuffins,5.0
981,eggs,4.0
981,cupcakes,5.0
981,oreos,5.0
981,bakedpotato,5.0
981,kettlecorn,5.0
981,cantaloupe,3.0
981,swedishfish,5.0
981,icecream,5.0
981,ritz,5.0
981,ricecakes,4.0
981,carrotsticks,3.0
981,kiwi,4.0
981,potatochips,4.0
981,grahamcrackers,5.0
981,mushrooms,2.0
981,trailmix,5.0
981,celerysticks,1.0
981,popsicles,4.0
981,corncob,4.0
981,cookies,5.0
981,croissant,4.0
981,orangeslices,2.0
984,broccoli,5.0
984,cheezits,5.0
984,cucumberslices,4.0
984,mushrooms,1.0
984,blueberries,4.0
984,grahamcrackers,4.0
984,doritos,4.0
984,mango,4.0
984,sushi,1.0
984,carrotsticks,3.0
984,lox,1.0
984,raspberries,3.0
984,granolabar,4.0
984,kettlecorn,4.0
984,saltines,3.0
984,corncob,5.0
984,appleslices,4.0
984,cheesecubes,4.0
984,pretzels,4.0
984,cupcakes,5.0
984,croissant,5.0
984,sourpatch,4.0
984,swedishfish,2.0
984,potatochips,5.0
984,falafelwithpita,2.0
984,cookies,5.0
984,mms,5.0
984,cherries,4.0
984,ritz,2.0
984,bagelplain,5.0
984,cantaloupe,4.0
984,strawberries,4.0
984,popsicles,3.0
984,cocktailshrimp,1.0
984,banana,4.0
984,cherrytomato,4.0
984,ricecakes,2.0
984,olives,1.0
984,oreos,4.0
984,orangeslices,4.0
984,skittles,4.0
984,yogurtpretzels,4.0
984,celerysticks,3.0
984,wheatbread,5.0
984,sweetpotato,2.0
984,poptarts,4.0
984,pear,2.0
984,peaches,2.0
984,chocolatepretzels,2.0
984,salami,4.0
984,bakedpotato,5.0
984,doughnuts,5.0
984,deliturkey,1.0
984,grapes,2.0
984,kiwi,4.0
984,eggs,1.0
984,kitkat,5.0
984,trailmix,2.0
984,edamame,4.0
984,americancheese,4.0
984,icecream,4.0
984,triscuits,2.0
984,avocado,4.0
984,minimuffins,5.0
984,sunchips,2.0
986,sourpatch,3.0
986,cupcakes,3.0
986,ricecakes,3.0
986,cocktailshrimp,5.0
986,cherrytomato,5.0
986,carrotsticks,2.0
986,peaches,4.0
986,avocado,4.0
986,triscuits,3.0
986,kiwi,5.0
986,sweetpotato,3.0
986,banana,4.0
986,cantaloupe,4.0
986,sunchips,4.0
986,oreos,3.0
986,cherries,4.0
986,kitkat,4.0
986,potatochips,4.0
986,cheesecubes,3.0
986,doughnuts,3.0
986,cucumberslices,5.0
986,celerysticks,4.0
986,deliturkey,5.0
986,popsicles,4.0
986,cookies,4.0
986,mango,4.0
986,croissant,3.0
986,grahamcrackers,3.0
986,orangeslices,4.0
986,pretzels,4.0
986,kettlecorn,4.0
986,salami,4.0
986,mms,4.0
986,yogurtpretzels,4.0
986,poptarts,4.0
986,sushi,5.0
986,saltines,4.0
986,minimuffins,4.0
986,wheatbread,4.0
986,corncob,4.0
986,olives,4.0
986,cheezits,4.0
986,broccoli,4.0
986,doritos,4.0
986,swedishfish,2.0
986,strawberries,4.0
986,granolabar,4.0
986,icecream,4.0
986,falafelwithpita,5.0
986,chocolatepretzels,4.0
986,bagelplain,4.0
986,trailmix,4.0
986,edamame,3.0
986,lox,4.0
986,ritz,3.0
986,grapes,4.0
986,raspberries,5.0
986,americancheese,4.0
986,blueberries,4.0
986,skittles,4.0
986,appleslices,4.0
986,mushrooms,4.0
986,bakedpotato,4.0
986,pear,4.0
986,eggs,5.0
987,mushrooms,1.0
987,avocado,4.0
987,cocktailshrimp,2.0
987,salami,5.0
987,eggs,3.0
987,bagelplain,3.0
987,kitkat,5.0
987,strawberries,4.0
987,peaches,2.0
987,chocolatepretzels,4.0
987,appleslices,4.0
987,mms,5.0
987,croissant,4.0
987,oreos,4.0
987,raspberries,3.0
987,saltines,3.0
987,skittles,4.0
987,doughnuts,5.0
987,broccoli,1.0
987,mango,2.0
987,grahamcrackers,3.0
987,celerysticks,1.0
987,lox,1.0
987,bakedpotato,4.0
987,ritz,3.0
987,edamame,4.0
987,cherries,4.0
987,swedishfish,3.0
987,cantaloupe,3.0
987,sweetpotato,2.0
987,americancheese,2.0
987,banana,4.0
987,cucumberslices,2.0
987,carrotsticks,2.0
987,granolabar,4.0
987,triscuits,4.0
987,blueberries,4.0
987,poptarts,4.0
987,potatochips,4.0
987,cookies,5.0
987,olives,3.0
987,cheezits,4.0
987,sourpatch,4.0
987,yogurtpretzels,4.0
987,grapes,4.0
987,deliturkey,4.0
987,cupcakes,4.0
987,popsicles,2.0
987,doritos,5.0
987,pretzels,3.0
987,falafelwithpita,3.0
987,kettlecorn,4.0
987,corncob,4.0
987,cheesecubes,4.0
987,pear,3.0
987,orangeslices,4.0
987,sunchips,4.0
987,minimuffins,4.0
987,trailmix,2.0
987,kiwi,3.0
987,cherrytomato,2.0
987,ricecakes,4.0
987,icecream,5.0
987,sushi,2.0
987,wheatbread,3.0
988,cheesecubes,3.0
988,cocktailshrimp,5.0
988,americancheese,3.0
988,pretzels,5.0
988,triscuits,5.0
988,cherrytomato,3.0
988,grahamcrackers,4.0
988,ricecakes,5.0
988,minimuffins,5.0
988,lox,4.0
988,potatochips,4.0
988,chocolatepretzels,2.0
988,sushi,5.0
988,olives,1.0
988,corncob,4.0
988,raspberries,4.0
988,saltines,5.0
988,peaches,5.0
988,strawberries,5.0
988,sunchips,5.0
988,popsicles,5.0
988,trailmix,4.0
988,sweetpotato,3.0
988,cherries,4.0
988,broccoli,5.0
988,croissant,5.0
988,doritos,5.0
988,wheatbread,5.0
988,kiwi,5.0
988,kettlecorn,4.0
988,banana,5.0
988,mango,5.0
988,cupcakes,5.0
988,cantaloupe,5.0
988,granolabar,3.0
988,skittles,5.0
988,bagelplain,5.0
988,bakedpotato,3.0
988,yogurtpretzels,2.0
988,deliturkey,4.0
988,eggs,5.0
988,sourpatch,1.0
988,mms,5.0
988,grapes,5.0
988,swedishfish,5.0
988,ritz,5.0
988,cucumberslices,5.0
988,doughnuts,5.0
988,falafelwithpita,4.0
988,celerysticks,5.0
988,blueberries,5.0
988,kitkat,5.0
988,appleslices,5.0
988,edamame,5.0
988,carrotsticks,5.0
988,poptarts,2.0
988,cookies,5.0
988,avocado,5.0
988,salami,3.0
988,oreos,5.0
988,orangeslices,5.0
988,mushrooms,5.0
988,pear,5.0
988,cheezits,5.0
988,icecream,3.0
989,cherrytomato,3.0
989,minimuffins,4.0
989,poptarts,2.0
989,sunchips,3.0
989,falafelwithpita,3.0
989,olives,1.0
989,pear,3.0
989,kettlecorn,3.0
989,bakedpotato,3.0
989,cheezits,3.0
989,cookies,3.0
989,kiwi,4.0
989,ricecakes,1.0
989,kitkat,3.0
989,yogurtpretzels,4.0
989,cocktailshrimp,5.0
989,corncob,4.0
989,skittles,3.0
989,deliturkey,3.0
989,sourpatch,3.0
989,cupcakes,5.0
989,eggs,3.0
989,blueberries,4.0
989,appleslices,3.0
989,croissant,3.0
989,saltines,3.0
989,doritos,4.0
989,mushrooms,3.0
989,cucumberslices,4.0
989,oreos,4.0
989,pretzels,3.0
989,doughnuts,4.0
989,strawberries,4.0
989,peaches,4.0
989,cantaloupe,4.0
989,celerysticks,3.0
989,grahamcrackers,3.0
989,chocolatepretzels,4.0
989,carrotsticks,3.0
989,edamame,4.0
989,trailmix,4.0
989,sushi,5.0
989,raspberries,5.0
989,salami,5.0
989,popsicles,4.0
989,bagelplain,3.0
989,avocado,4.0
989,grapes,4.0
989,broccoli,4.0
989,lox,4.0
989,ritz,4.0
989,icecream,4.0
989,cherries,4.0
989,mango,4.0
989,cheesecubes,4.0
989,wheatbread,3.0
989,swedishfish,2.0
989,granolabar,3.0
989,triscuits,4.0
989,banana,4.0
989,mms,3.0
989,potatochips,3.0
989,orangeslices,4.0
989,americancheese,5.0
989,sweetpotato,1.0
990,strawberries,4.0
990,cupcakes,3.0
990,icecream,4.0
990,cheezits,2.0
990,appleslices,5.0
990,kiwi,5.0
990,eggs,5.0
990,cheesecubes,2.0
990,mango,5.0
990,swedishfish,2.0
990,granolabar,2.0
990,minimuffins,3.0
990,poptarts,3.0
990,deliturkey,2.0
990,olives,4.0
990,skittles,2.0
990,kitkat,1.0
990,ricecakes,4.0
990,pear,5.0
990,wheatbread,5.0
990,salami,4.0
990,croissant,3.0
990,saltines,2.0
990,kettlecorn,2.0
990,falafelwithpita,3.0
990,cherrytomato,5.0
990,mms,4.0
990,blueberries,1.0
990,carrotsticks,3.0
990,edamame,3.0
990,cantaloupe,5.0
990,celerysticks,5.0
990,pretzels,2.0
990,sourpatch,3.0
990,bagelplain,3.0
990,trailmix,2.0
990,cucumberslices,1.0
990,sunchips,5.0
990,americancheese,3.0
990,raspberries,4.0
990,banana,5.0
990,ritz,4.0
990,grapes,5.0
990,oreos,2.0
990,potatochips,2.0
990,chocolatepretzels,1.0
990,mushrooms,5.0
990,avocado,5.0
990,peaches,5.0
990,cookies,2.0
990,broccoli,5.0
990,doughnuts,2.0
990,sweetpotato,3.0
990,bakedpotato,2.0
990,popsicles,2.0
990,doritos,2.0
990,sushi,4.0
990,grahamcrackers,2.0
990,corncob,5.0
990,cocktailshrimp,3.0
990,cherries,5.0
990,yogurtpretzels,1.0
990,lox,4.0
990,orangeslices,4.0
990,triscuits,3.0
993,raspberries,5.0
993,mms,4.0
993,saltines,3.0
993,icecream,5.0
993,avocado,5.0
993,wheatbread,3.0
993,pear,5.0
993,granolabar,3.0
993,bakedpotato,4.0
993,carrotsticks,5.0
993,trailmix,4.0
993,potatochips,3.0
993,popsicles,3.0
993,blueberries,5.0
993,oreos,4.0
993,lox,5.0
993,cheesecubes,4.0
993,americancheese,4.0
993,yogurtpretzels,4.0
993,poptarts,4.0
993,mango,5.0
993,pretzels,4.0
993,peaches,5.0
993,eggs,2.0
993,sweetpotato,4.0
993,salami,4.0
993,sushi,4.0
993,cherrytomato,4.0
993,grahamcrackers,4.0
993,kiwi,5.0
993,cucumberslices,4.0
993,grapes,5.0
993,cantaloupe,5.0
993,appleslices,5.0
993,kettlecorn,3.0
993,sourpatch,4.0
993,ricecakes,3.0
993,chocolatepretzels,3.0
993,cheezits,5.0
993,olives,2.0
993,minimuffins,4.0
993,orangeslices,4.0
993,banana,5.0
993,swedishfish,3.0
993,mushrooms,2.0
993,cookies,4.0
993,corncob,4.0
993,edamame,4.0
993,cherries,4.0
993,doritos,5.0
993,falafelwithpita,3.0
993,kitkat,4.0
993,cocktailshrimp,4.0
993,bagelplain,4.0
993,skittles,3.0
993,sunchips,4.0
993,strawberries,5.0
993,celerysticks,4.0
993,doughnuts,4.0
993,cupcakes,4.0
993,ritz,4.0
993,croissant,4.0
993,broccoli,5.0
993,triscuits,3.0
993,deliturkey,4.0
994,orangeslices,3.0
994,doughnuts,4.0
994,mushrooms,4.0
994,salami,4.0
994,raspberries,3.0
994,grahamcrackers,3.0
994,peaches,3.0
994,potatochips,4.0
994,bakedpotato,3.0
994,avocado,3.0
994,icecream,5.0
994,deliturkey,3.0
994,triscuits,2.0
994,blueberries,3.0
994,granolabar,3.0
994,cookies,4.0
994,popsicles,3.0
994,cocktailshrimp,4.0
994,poptarts,3.0
994,croissant,4.0
994,cheesecubes,2.0
994,cucumberslices,3.0
994,pretzels,3.0
994,pear,2.0
994,cherries,2.0
994,mms,4.0
994,bagelplain,4.0
994,kitkat,4.0
994,banana,2.0
994,olives,1.0
994,trailmix,3.0
994,falafelwithpita,3.0
994,chocolatepretzels,3.0
994,cherrytomato,3.0
994,kettlecorn,4.0
994,appleslices,3.0
994,eggs,3.0
994,skittles,4.0
994,strawberries,3.0
994,minimuffins,2.0
994,mango,3.0
994,kiwi,3.0
994,doritos,4.0
994,ricecakes,3.0
994,wheatbread,2.0
994,americancheese,2.0
994,swedishfish,5.0
994,cantaloupe,3.0
994,broccoli,3.0
994,edamame,3.0
994,ritz,3.0
994,sourpatch,3.0
994,sushi,5.0
994,celerysticks,1.0
994,oreos,3.0
994,carrotsticks,2.0
994,saltines,3.0
994,sunchips,4.0
994,sweetpotato,3.0
994,grapes,3.0
994,cupcakes,2.0
994,yogurtpretzels,4.0
994,cheezits,5.0
994,corncob,3.0
994,lox,4.0
995,swedishfish,4.0
995,sunchips,5.0
995,triscuits,5.0
995,pretzels,2.0
995,popsicles,4.0
995,yogurtpretzels,5.0
995,croissant,4.0
995,cheezits,2.0
995,salami,4.0
995,avocado,4.0
995,falafelwithpita,1.0
995,corncob,2.0
995,banana,4.0
995,kiwi,5.0
995,blueberries,5.0
995,carrotsticks,5.0
995,chocolatepretzels,4.0
995,bakedpotato,5.0
995,sweetpotato,4.0
995,icecream,2.0
995,appleslices,1.0
995,ricecakes,4.0
995,grapes,5.0
995,wheatbread,5.0
995,eggs,5.0
995,trailmix,4.0
995,broccoli,1.0
995,sourpatch,5.0
995,saltines,4.0
995,lox,5.0
995,granolabar,2.0
995,kitkat,4.0
995,cupcakes,2.0
995,cocktailshrimp,5.0
995,bagelplain,2.0
995,orangeslices,5.0
995,poptarts,5.0
995,pear,1.0
995,mms,2.0
995,oreos,2.0
995,americancheese,5.0
995,doughnuts,4.0
995,minimuffins,5.0
995,skittles,4.0
995,sushi,5.0
995,strawberries,5.0
995,cookies,5.0
995,potatochips,4.0
995,cherrytomato,5.0
995,peaches,5.0
995,cantaloupe,4.0
995,doritos,4.0
995,mushrooms,4.0
995,grahamcrackers,4.0
995,raspberries,5.0
995,edamame,2.0
995,mango,5.0
995,celerysticks,4.0
995,deliturkey,5.0
995,cheesecubes,5.0
995,kettlecorn,4.0
995,ritz,4.0
995,cherries,5.0
995,olives,4.0
995,cucumberslices,1.0
996,cocktailshrimp,2.0
996,poptarts,2.0
996,americancheese,3.0
996,orangeslices,2.0
996,wheatbread,4.0
996,pear,4.0
996,eggs,1.0
996,corncob,3.0
996,edamame,4.0
996,avocado,2.0
996,mms,4.0
996,granolabar,3.0
996,kitkat,2.0
996,banana,4.0
996,raspberries,4.0
996,kettlecorn,4.0
996,sunchips,2.0
996,strawberries,3.0
996,broccoli,3.0
996,cherries,5.0
996,cupcakes,2.0
996,deliturkey,4.0
996,sushi,2.0
996,bagelplain,3.0
996,pretzels,3.0
996,saltines,3.0
996,yogurtpretzels,4.0
996,icecream,3.0
996,kiwi,2.0
996,mushrooms,3.0
996,grapes,4.0
996,cheesecubes,2.0
996,bakedpotato,3.0
996,minimuffins,5.0
996,ricecakes,4.0
996,falafelwithpita,2.0
996,skittles,4.0
996,oreos,2.0
996,potatochips,2.0
996,carrotsticks,4.0
996,peaches,3.0
996,cookies,2.0
996,ritz,3.0
996,doughnuts,4.0
996,cherrytomato,3.0
996,appleslices,3.0
996,cucumberslices,2.0
996,mango,4.0
996,celerysticks,5.0
996,popsicles,5.0
996,triscuits,4.0
996,cantaloupe,4.0
996,doritos,3.0
996,olives,2.0
996,blueberries,3.0
996,salami,4.0
996,sourpatch,3.0
996,sweetpotato,3.0
996,trailmix,3.0
996,swedishfish,3.0
996,cheezits,2.0
996,chocolatepretzels,3.0
996,croissant,3.0
996,lox,5.0
996,grahamcrackers,3.0
997,cocktailshrimp,4.0
997,ricecakes,3.0
997,cheesecubes,3.0
997,peaches,5.0
997,banana,5.0
997,corncob,5.0
997,minimuffins,3.0
997,triscuits,2.0
997,sunchips,4.0
997,cantaloupe,5.0
997,grapes,5.0
997,poptarts,2.0
997,sushi,5.0
997,cucumberslices,5.0
997,cookies,4.0
997,kitkat,5.0
997,americancheese,3.0
997,raspberries,5.0
997,deliturkey,3.0
997,cheezits,5.0
997,pear,5.0
997,croissant,3.0
997,wheatbread,4.0
997,popsicles,4.0
997,skittles,4.0
997,trailmix,5.0
997,chocolatepretzels,4.0
997,carrotsticks,5.0
997,falafelwithpita,2.0
997,kettlecorn,3.0
997,cupcakes,2.0
997,lox,4.0
997,avocado,5.0
997,icecream,5.0
997,mms,4.0
997,salami,5.0
997,mushrooms,5.0
997,potatochips,5.0
997,edamame,5.0
997,oreos,4.0
997,olives,1.0
997,sourpatch,5.0
997,yogurtpretzels,4.0
997,cherrytomato,4.0
997,broccoli,1.0
997,sweetpotato,4.0
997,bagelplain,5.0
997,bakedpotato,5.0
997,orangeslices,5.0
997,doritos,5.0
997,appleslices,5.0
997,celerysticks,5.0
997,cherries,5.0
997,kiwi,5.0
997,doughnuts,4.0
997,ritz,5.0
997,blueberries,5.0
997,mango,5.0
997,saltines,3.0
997,grahamcrackers,3.0
997,strawberries,5.0
997,granolabar,5.0
997,pretzels,4.0
997,swedishfish,2.0
997,eggs,5.0
998,corncob,4.0
998,bakedpotato,4.0
998,orangeslices,4.0
998,cantaloupe,2.0
998,minimuffins,4.0
998,popsicles,4.0
998,mms,3.0
998,mushrooms,3.0
998,icecream,5.0
998,carrotsticks,3.0
998,kiwi,3.0
998,granolabar,4.0
998,mango,3.0
998,cherries,3.0
998,blueberries,3.0
998,chocolatepretzels,3.0
998,grahamcrackers,3.0
998,saltines,3.0
998,doughnuts,5.0
998,pretzels,3.0
998,cocktailshrimp,5.0
998,olives,4.0
998,eggs,4.0
998,croissant,4.0
998,skittles,3.0
998,edamame,3.0
998,deliturkey,4.0
998,banana,4.0
998,doritos,3.0
998,cookies,5.0
998,cupcakes,5.0
998,celerysticks,3.0
998,oreos,5.0
998,cherrytomato,3.0
998,sushi,5.0
998,ritz,4.0
998,cheesecubes,3.0
998,swedishfish,3.0
998,ricecakes,4.0
998,potatochips,4.0
998,grapes,5.0
998,trailmix,3.0
998,appleslices,4.0
998,strawberries,4.0
998,yogurtpretzels,5.0
998,americancheese,4.0
998,poptarts,4.0
998,sunchips,2.0
998,falafelwithpita,4.0
998,sweetpotato,4.0
998,lox,4.0
998,avocado,3.0
998,cheezits,2.0
998,broccoli,3.0
998,sourpatch,4.0
998,pear,4.0
998,triscuits,4.0
998,cucumberslices,3.0
998,wheatbread,4.0
998,raspberries,3.0
998,peaches,3.0
998,kettlecorn,3.0
998,salami,4.0
998,kitkat,3.0
998,bagelplain,4.0
