subject_id,item_name,rating
sub-001,muffinwithgreentopping,4
sub-001,camembert,3
sub-001,toastwithjam,4
sub-001,watermelon,4
sub-001,ravioli,3
sub-001,cookies,3
sub-001,hardcandies,2
sub-001,chocolatebarfilledwithstrawberryandyogurtcream,3
sub-001,spaghetti,2
sub-001,zucchini,1
sub-001,pastawithbacon,3
sub-001,cucumberwithslices,1
sub-001,honeydewmelon,1
sub-001,fishwithvegetablesgrilled,2
sub-001,strawberries,4
sub-001,chocolateandstrawberryicecream,3
sub-001,blackberry,3
sub-001,blackberries,3
sub-001,rigatoniwithvegetable,2
sub-001,hamsandwich,3
sub-001,toffifayfilledcaramelcup,3
sub-001,apple,4
sub-001,doughnutdonutjam,3
sub-001,cheeseplatter,1
sub-001,tomato,2
sub-001,spinach,1
sub-001,sugarsnappea,1
sub-001,cookiesoreos,3
sub-001,bloodoranges,3
sub-001,rollsinabasket,3
sub-001,apples,4
sub-001,bowlofrice,4
sub-001,pastabake,2
sub-001,raspberrycake,3
sub-001,spareribswithfrenchfriesandsalad,2
sub-001,redchilli,1
sub-001,fishsticks,2
sub-001,chocolatecake,3
sub-001,mixedsalad,2
sub-001,cornonacob,3
sub-001,glassofredwine,1
sub-001,glassoforangejuice,3
sub-001,spaghettiwithtomatosauce,2
sub-001,pastabake,2
sub-001,puffedricecoveredinchocolate,2
sub-001,winegum,2
sub-001,peanuts,3
sub-001,minichocolatemarshmallows,2
sub-001,gummicandycola,3
sub-001,pickles,1
sub-001,hotdog,3
sub-001,kitkatchocolatewaferbars,3
sub-001,redpaprikapeppers,1
sub-001,redgrapes,4
sub-001,celery,1
sub-001,pear,2
sub-001,banana,3
sub-001,potatoes,1
sub-001,parsley,1
sub-001,cheese,2
sub-001,pralines,4
sub-001,gummicandygoldbears,3
sub-001,mixedvegetables,1
sub-001,cheese,1
sub-001,greenchili,1
sub-001,headofgreenlettuce,1
sub-001,icecreamsandwiches,3
sub-001,filledroulade,1
sub-001,spaghettiwithtomatosauce,2
sub-001,fennel,1
sub-001,beansandcarrotscooked,1
sub-001,fishsandwich,2
sub-001,vanillaicecream,4
sub-001,cornmaize,2
sub-001,loafofbread,3
sub-001,beefsteakraw,2
sub-001,veggiemixcucumbertomatopeppers,1
sub-001,cantaloup,4
sub-001,chocolatebiscuit,3
sub-001,salmonsushi,4
sub-001,crispbread,2
sub-001,cookedham,2
sub-001,peanuts,2
sub-001,icecream,3
sub-001,cakewithpowderedsugar,3
sub-001,tunasandwiches,2
sub-001,pretzelsticks,3
sub-001,artichoke,1
sub-001,chocolatecookie,3
sub-001,wildberriesmix,3
sub-001,raspberrycandies,2
sub-001,cake,3
sub-001,pastries,3
sub-001,crispbread,2
sub-001,cakegugelhupf,3
sub-001,cookiesfilledwithchocolatecream,3
sub-001,pastabake,2
sub-001,salamisausage,1
sub-001,muffin,3
sub-001,fruitmixnectarinesraspberriescherries,4
sub-001,crispbreadwithcookedham,1
sub-001,raspberrycreamcake,3
sub-001,mmspeanut,3
sub-001,pizzaveggiecheese,2
sub-001,tagliatelle,1
sub-001,chocolatemuffin,3
sub-001,doughnutdonutplain,4
sub-001,waterbottle,3
sub-001,vienneseschnitzel,3
sub-001,salmonwithvegetablesgrilled,2
sub-001,meatballspatties,2
sub-001,chocolatepopsiclewithnuts,3
sub-001,mixedsalad,2
sub-001,spaghettibolognese,2
sub-001,roastedchicken,3
sub-001,mixedvegetables,1
sub-001,saladplate,2
sub-001,baguette,3
sub-001,salamiroastedhamandcheese,2
sub-001,watermelon,2
sub-001,cutlet,3
sub-001,tomatoes,3
sub-001,hotdog,3
sub-001,cauliflower,1
sub-001,papaya,2
sub-001,strawberrycreamcake,3
sub-001,pineapple,3
sub-001,tomatoandmozzarellaskewer,2
sub-001,cheese,2
sub-001,frenchfries,4
sub-001,bowlofsalad,2
sub-001,barofchocolate,4
sub-001,carrots,1
sub-001,cheeseandcoldmeatplatter,1
sub-001,cake,3
sub-001,gummibearswithextrasugar,3
sub-001,chocolatepopsicles,3
sub-001,chinesecabbage,1
sub-001,breads,3
sub-001,chocolatecookies,2
sub-001,grapewhites,4
sub-001,shashlik,3
sub-001,pizzawithsalami,3
sub-001,oranges,3
sub-001,mandarins,4
sub-001,fruitsalad,3
sub-001,cornflakesandalmondscoveredinchocolate,2
sub-001,blueberries,3
sub-001,tortillachips,2
sub-001,troutwithpotatoespanfried,3
sub-001,roastbeef,3
sub-001,germankrapfen,3
sub-001,strawberries,4
sub-001,cake,2
sub-001,cherries,3
sub-001,veggiemixwithdip,1
sub-001,arugula,1
sub-001,roulade,2
sub-001,grapeswhite,3
sub-001,chocolatecandybar,3
sub-001,apples,3
sub-001,peanuts,2
sub-001,banana,4
sub-001,applepie,2
sub-001,cookiefilledwithjelly,2
sub-001,fruits,3
sub-001,greenonionshallot,1
sub-001,creamcakewithfruits,3
sub-001,pancakeswithblueberries,2
sub-001,roastbeef,4
sub-001,croissants,3
sub-001,chickenfilletsgrilled,2
sub-001,icecreamwithchocolatebeans,3
sub-001,cheeseburgerfrenchfriesandcola,3
sub-001,saladplate,2
sub-001,shashlikwithbakedpotato,2
sub-001,pancakes,4
sub-001,cheesecakewithstrawberriesandcrumbles,3
sub-001,pineapple,3
sub-001,asparaguswithbechamelsauce,1
sub-001,pears,2
sub-001,hamsandwich,2
sub-001,kiwis,3
sub-001,germankrapfen,2
sub-001,marshmallowsflat,2
sub-001,potatoewedges,2
sub-001,emmentalercheese,1
sub-001,sushirolls,1
sub-001,chocolatebarfilledwithmilkcream,3
sub-001,kiwi,3
sub-001,steakwithbackedpotatoandvegetables,4
sub-001,radishes,1
sub-001,nutscoveredinchocolate,2
sub-001,redcabbage,1
sub-001,waffle,3
sub-001,croissants,3
sub-001,cheeseburger,3
sub-001,cucumberslice,1
sub-001,crispbreadwithcottagecheese,1
sub-001,kohlrabi,1
sub-001,frenchfrieschicken,3
sub-001,waffles,3
sub-001,carrots,1
sub-001,briecheese,2
sub-001,hamsandwich,2
sub-001,gherkin,4
sub-001,hamsandwich,2
sub-001,redcurrants,2
sub-001,banana,3
sub-001,gherkinsliced,1
sub-001,appledanish,3
sub-001,curdwithchives,2
sub-001,frenchtoast,3
sub-001,nutscashews,2
sub-001,paprikapeppersredyelloworange,2
sub-001,potatoesandcorn,1
sub-001,papaya,2
sub-001,saladplate,2
sub-001,cake,3
sub-001,raspberries,3
sub-001,glassofbeer,1
sub-001,greenapple,3
sub-001,grapesred,4
sub-001,crackers,3
sub-001,lattemacchiato,2
sub-001,frankfurtcrowncake,3
sub-001,chocolatemuffin,3
sub-001,carrots,1
sub-001,leek,1
sub-001,mixedvegetablescooked,1
sub-001,chocolatetruffle,2
sub-001,oranges,4
sub-001,cheesecake,2
sub-001,sundaewithraspberries,4
sub-001,openedbarofchocolatewithnuts,3
sub-001,roastpork,3
sub-001,minichocolatecakebar,3
sub-001,doughnutdonutchocolate,2
sub-001,burgerpattywithfrenchfriesandsalad,3
sub-001,cherries,4
sub-001,sachercake,3
sub-001,salmon,2
sub-001,meatpie,2
sub-001,coloredchocolatebeans,3
sub-001,chocolatecookie,3
sub-001,gardenradish,1
sub-001,cheeseburger,4
sub-001,oranges,4
sub-001,shrimp,3
sub-001,lollipops,3
sub-001,liversausage,2
sub-001,tortellini,2
sub-001,carrotscooked,2
sub-001,paprikapeppersredgreenyellow,1
sub-001,quiche,2
sub-001,peascornandpotatos,1
sub-001,muffins,3
sub-001,donutchocolate,3
sub-001,filledchocolates,3
sub-001,asparagus,1
sub-001,chocolatebar,2
sub-001,sundaepeach,4
sub-001,blueberries,3
sub-001,lemons,2
sub-001,challahbraidedyeastbun,3
sub-001,chocolatepopsiclewithnuts,3
sub-001,chocolatecroissants,2
sub-001,cookiesfilledwithchocolatecream,3
sub-001,plateofsalad,2
sub-001,edamcheese,1
sub-001,strawberryhalf,3
sub-001,vegetables,2
sub-001,pretzels,4
sub-001,frenchfries,2
sub-001,gardenradish,1
sub-001,headofcabbage,1
sub-001,cheeseburger,3
sub-001,toblerone,3
sub-001,vienneseschnitzelwithpotatoes,2
sub-001,raffaelococonutwaferballs,1
sub-001,potatoes,2
sub-001,yellowbellpepper,2
sub-001,peaches,2
sub-001,chocolatebarbroken,2
sub-001,eclair,3
sub-001,cheeseplatter,2
sub-001,blueberryastrawberrytartlet,3
sub-001,smokedhambacon,2
sub-001,bowlofsalad,2
sub-001,mashedpotatoes,1
sub-001,lemon,2
sub-001,wildberriesmix,4
sub-001,strawberrytartlet,3
sub-001,pizzahamandmushrooms,3
sub-001,eggboiled,1
sub-001,tomatosliced,2
sub-001,cremebrulee,2
sub-001,chickenraw,2
sub-001,cutlet,4
sub-001,glassofbeer,1
sub-001,grapes,3
sub-001,fruits,2
sub-001,rasberries,2
sub-001,chocolatepieces,3
sub-001,greenpaprikapeppers,2
sub-001,pineapple,3
sub-001,shortbread,3
sub-001,jellycandies,2
sub-001,broccoli,2
sub-001,breadroll,2
sub-001,chocolatebarbite,2
sub-001,orange,3
sub-001,mushroomsbrown,2
sub-001,beefsteakraw,2
sub-001,redbellpepper,1
sub-001,carambolastarfruit,1
sub-001,cookie,3
sub-001,eggsineggboard,2
sub-001,tomatoes,3
sub-001,steak,4
sub-001,mixedlicorice,2
sub-001,headoficeberglettuce,1
sub-001,apples,3
sub-001,carrots,1
sub-001,mixedvegetables,1
sub-001,lasagna,2
sub-001,donut,3
sub-001,strawberryicecreamcone,4
sub-001,salmon,3
sub-001,cauliflower,1
sub-001,walnut,2
sub-001,wildberriesmix,3
sub-001,chocolatecake,4
sub-001,flatcakewithsalad,1
sub-001,sandwichroastbeef,3
sub-001,lettuceiceberg,1
sub-001,snackmix,3
sub-001,grapes,3
sub-001,donutchocolatetopping,3
sub-001,gummicandyandlicoricemix,1
sub-001,crispreadwithcottagecheese,1
sub-001,spinach,1
sub-001,lemoncake,3
sub-001,brusselssprouts,1
sub-001,greenasparagus,1
sub-001,sliceofbreadtoppedwithchocolatecream,2
sub-001,chocolatecakewithnuts,3
sub-001,croissant,3
sub-001,chips,3
sub-001,pinenuts,2
sub-001,cheeseplatter,1
sub-001,roll,2
sub-001,stracciatellacake,3
sub-001,crispbreadwithcottagecheese,2
sub-001,hamburgerwithbacon,3
sub-001,vegetables,1
sub-001,donutwithchocolatesprinkles,3
sub-001,spinachpotatoecasserole,2
sub-001,gooseroasted,3
sub-001,cauliflower,1
sub-001,canardroasted,3
sub-001,germankrapfen,3
sub-001,walnuts,1
sub-001,sausagesfrankfurter,3
sub-001,ravioli,2
sub-001,filletofporkgrilled,4
sub-001,artichoke,1
sub-001,challahbraidedyeastbunwithraisins,3
sub-001,avocado,2
sub-001,mixedvegetables,1
sub-001,cheeseburgerfrenchfries,3
sub-001,breakfastcereals,1
sub-001,friedegg,4
sub-001,croissants,3
sub-001,raspberrycake,3
sub-001,cheesecakewithcherrytopping,3
sub-001,bagelswithsesameandpoppyseed,3
sub-001,chips,4
sub-001,peanutpuffs,4
sub-001,bagel,3
sub-001,cheeseburgerfrenchfriesandcola,3
sub-001,potatoes,2
sub-001,raspberries,2
sub-001,peach,3
sub-001,chocolatemuffin,3
sub-001,glassofwhitewine,1
sub-001,browniewithnuts,3
sub-001,steakwithbackedpotatoandvegetables,4
sub-001,lasagna,2
sub-001,cheddarcheese,2
sub-001,mixedvegetables,1
sub-001,cherry,4
sub-001,zucchini,1
sub-001,pastriesanddonuts,3
sub-001,bowlofrice,2
sub-001,croissant,3
sub-001,muffins,3
sub-001,chocolateandvanillaicecream,3
sub-001,lettucelollorosso,1
sub-001,limes,1
sub-001,yellowbellpeppersliced,1
sub-001,vanillaandchocolateicecreamcone,3
sub-001,strawberrycake,4
sub-001,camembert,2
sub-001,cheeseburger,2
sub-001,crispbreadwithcottagecheese,1
sub-001,chickenroasted,3
sub-001,apples,3
sub-001,hotdog,1
sub-001,toastwhitebread,2
sub-001,popcorn,3
sub-001,grapesredandwhite,3
sub-001,popcorn,3
sub-001,frenchfriesandchickendrumsticks,3
sub-001,marzipanchocolate,2
sub-001,barsofwhitechocolate,3
sub-001,frenchfries,3
sub-001,marblecake,3
sub-001,mueslibaroatmeal,3
sub-001,pizzasalami,3
sub-001,chips,3
sub-001,chiccory,1
sub-001,cheeseplatter,1
sub-001,wildberriesmix,3
sub-001,pears,1
sub-001,blackforestcake,3
sub-001,donutsandpastries,3
sub-001,germankrapfen,2
sub-001,beefsteakraw,3
sub-001,greenbeans,1
sub-001,bread,2
sub-001,avocado,1
sub-001,chocolatecake,3
sub-001,fennel,1
sub-001,sachercake,3
sub-001,barofchocolatewithnuts,3
sub-001,sushi,2
sub-001,piecesofchocolate,3
sub-001,jaffacookies,4
sub-001,grilledbavariansausage,2
sub-001,piecesoffruit,3
sub-001,spaghettiwithtomatosauce,2
sub-001,shortbreads,4
sub-001,pastameal,2
sub-001,cake,3
sub-001,spareribswithfrenchfriesandsalad,3
sub-001,platewithrawhamburgerpattiesandsausages,2
sub-001,hamsandwichwithchips,2
sub-001,cake,3
sub-001,hardcandies,3
sub-001,croissants,3
sub-001,pistachios,2
sub-001,muffins,3
sub-001,cornflakeswithmilk,4
sub-001,sundae,3
sub-001,lollipops,3
sub-001,onion,1
sub-001,roundshortbreadcookies,4
sub-001,bagelwithcreamcheeseandvegetables,2
sub-001,rasberry,3
sub-001,croissants,4
sub-001,chocolatecreamcake,2
sub-001,knuckleofporkwithsauerkraut,2
sub-001,blacklicoricewheels,2
sub-001,hamburger,2
sub-001,greenbellpepper,1
sub-001,ricewaffles,2
sub-001,chocolatecake,3
sub-001,romanlettuce,1
sub-001,salmon,2
sub-001,hardcandies,2
sub-001,marblecake,2
sub-001,tomatoes,3
sub-001,butter,2
sub-001,cake,2
sub-001,strawberries,4
sub-001,christmassweets,4
sub-001,meatfilletsandvegetablesgrilled,3
sub-001,chipsfrenchfries,4
sub-001,sausage,2
sub-001,croissantwithbutterandjam,3
sub-001,spaghettiwithpesto,2
sub-001,tomatoandmozzarella,2
sub-001,brusselssprouts,1
sub-001,chives,1
sub-001,somebarsofchocolatestacked,3
sub-001,cookie,3
sub-001,sausages,3
sub-001,cakewithtangerines,2
sub-001,chips,4
sub-001,somedifferentcakewedges,4
sub-001,springonions,1
sub-001,minicookieswithchocolateononeside,4
sub-001,filledcookiewithwalnut,3
sub-001,pizzawithmushrooms,3
sub-001,bowlofmuesligranola,3
sub-001,chroisant,3
sub-001,frenchcruller,4
sub-001,espresso,2
sub-001,rusk,3
sub-001,chocolatecake,3
sub-001,raspberrycreamcake,3
sub-001,cookedhamcut,2
sub-001,squashpumpkin,1
sub-001,lemon1half,1
sub-001,rissole,2
sub-001,vanillaicecreamcone,3
sub-001,pizzawithsalami,4
sub-001,toast,3
sub-001,saladplate,2
sub-001,mushroomswhite,1
sub-001,nectarines,3
sub-001,cookiesmixed,3
sub-001,doughnutdonuticing,3
sub-001,artichoke,1
sub-001,pomegranate,1
sub-001,hamandcheesesandwich,2
sub-001,cappuccino,2
sub-001,cakewithgelatinizedfruits,2
sub-001,potatogratin,2
sub-001,fruitplatemelonpineapplegrapes,3
sub-001,mixedvegetables,1
sub-001,cucumberandcarrot,1
sub-001,openedchipsbag,4
sub-001,meatpie,1
sub-001,mixedvegetables,1
sub-001,pretzel,3
sub-001,chocolatemarshmallows,3
sub-001,almonds,2
sub-001,soybeansprouts,2
sub-001,sushirollwithcucumber,2
sub-001,wafflewithwhippedcream,4
sub-001,pancakewithfruits,4
sub-001,pizzawithmushroomsandbellpepper,3
sub-001,roastpotatoes,2
sub-001,figs,1
sub-001,strawberries,4
sub-001,fruitcake,3
sub-001,friedsausagewithroll,2
sub-001,glassofgherkins,1
sub-001,strawberrycake,4
sub-001,chocolatemuffin,3
sub-001,donerkebab,2
sub-001,peascooked,1
sub-001,pizzaslicesassorted,2
sub-001,peapod,1
sub-001,raspberrycake,3
sub-001,bowlofmuesligranola,2
sub-001,hamsandwichwithchips,1
sub-001,oranges,3
sub-001,grapefruit,1
sub-001,wildberriesmix,3
sub-001,hazelnut,2
sub-001,headofgreenlettuce,1
sub-001,bread,2
sub-001,wienerschnitzel,3
sub-001,hazelnuts,2
sub-001,donerkebab,2
sub-001,olives,2
sub-001,sushiwithsalmon,3
sub-001,sproutspotatoescarrots,1
sub-001,hotdog,1
sub-001,roll,1
sub-001,nicnaccrustypeanuts,2
sub-001,creamroll,4
sub-001,cookiemix,3
sub-001,filledwaffles,3
sub-002,strawberries,3
sub-002,fruitcake,3
sub-002,popcorn,4
sub-002,lettucelollorosso,2
sub-002,cake,2
sub-002,potatoewedges,3
sub-002,salamisausage,1
sub-002,grapesredandwhite,3
sub-002,hamsandwich,3
sub-002,tunasandwiches,2
sub-002,tomatoes,1
sub-002,somedifferentcakewedges,4
sub-002,marshmallowsflat,1
sub-002,mashedpotatoes,2
sub-002,cheese,2
sub-002,muffin,4
sub-002,blackberries,2
sub-002,germankrapfen,3
sub-002,hardcandies,2
sub-002,pastameal,3
sub-002,beefsteakraw,3
sub-002,veggiemixwithdip,2
sub-002,fruits,3
sub-002,somebarsofchocolatestacked,3
sub-002,strawberries,3
sub-002,oranges,3
sub-002,muffins,4
sub-002,vegetables,2
sub-002,briecheese,2
sub-002,raspberrycake,3
sub-002,chocolatebarbite,2
sub-002,cheeseplatter,2
sub-002,chocolatebarfilledwithmilkcream,2
sub-002,peanuts,1
sub-002,spaghettiwithtomatosauce,2
sub-002,carrots,2
sub-002,wildberriesmix,3
sub-002,sundae,3
sub-002,bowlofmuesligranola,3
sub-002,sushirolls,4
sub-002,cornonacob,2
sub-002,vanillaicecream,3
sub-002,papaya,2
sub-002,artichoke,1
sub-002,chocolatecandybar,3
sub-002,gardenradish,2
sub-002,germankrapfen,3
sub-002,openedchipsbag,4
sub-002,spareribswithfrenchfriesandsalad,4
sub-002,mixedvegetables,2
sub-002,gummicandycola,3
sub-002,pancakes,3
sub-002,yellowbellpeppersliced,2
sub-002,cake,4
sub-002,strawberries,3
sub-002,raspberries,2
sub-002,spaghetti,2
sub-002,cake,3
sub-002,cherries,2
sub-002,peaches,2
sub-002,chives,3
sub-002,cherries,2
sub-002,fruitplatemelonpineapplegrapes,2
sub-002,wildberriesmix,2
sub-002,christmassweets,2
sub-002,vegetables,2
sub-002,grapes,3
sub-002,cookedhamcut,3
sub-002,blueberries,2
sub-002,asparagus,2
sub-002,rasberries,2
sub-002,figs,2
sub-002,lemon1half,2
sub-002,carrotscooked,2
sub-002,chocolatemarshmallows,2
sub-002,peapod,2
sub-002,cheesecake,2
sub-002,sushirollwithcucumber,4
sub-002,chocolatemuffin,4
sub-002,chips,3
sub-002,potatogratin,3
sub-002,shortbreads,4
sub-002,radishes,2
sub-002,orange,1
sub-002,hardcandies,3
sub-002,donut,3
sub-002,bowlofmuesligranola,3
sub-002,chipsfrenchfries,3
sub-002,toffifayfilledcaramelcup,3
sub-002,lasagna,2
sub-002,spaghettiwithtomatosauce,3
sub-002,gummicandygoldbears,2
sub-002,cookiemix,3
sub-002,cheeseburgerfrenchfriesandcola,4
sub-002,hamburger,4
sub-002,oranges,2
sub-002,pizzawithmushrooms,4
sub-002,broccoli,2
sub-002,raspberrycake,3
sub-002,vienneseschnitzelwithpotatoes,3
sub-002,saladplate,2
sub-002,chocolatecake,3
sub-002,salamiroastedhamandcheese,2
sub-002,headofgreenlettuce,2
sub-002,bloodoranges,2
sub-002,camembert,3
sub-002,tomatoes,2
sub-002,doughnutdonutchocolate,3
sub-002,mixedvegetablescooked,2
sub-002,tomatoes,2
sub-002,mixedvegetables,2
sub-002,chiccory,2
sub-002,cheeseburger,4
sub-002,pizzaslicesassorted,4
sub-002,pizzahamandmushrooms,4
sub-002,yellowbellpepper,2
sub-002,sachercake,3
sub-002,chocolateandvanillaicecream,2
sub-002,croissants,3
sub-002,strawberrycreamcake,3
sub-002,rusk,4
sub-002,cremebrulee,3
sub-002,cookiesfilledwithchocolatecream,3
sub-002,chocolatepopsiclewithnuts,4
sub-002,breakfastcereals,3
sub-002,chocolatetruffle,2
sub-002,doughnutdonutjam,3
sub-002,ravioli,2
sub-002,frenchfrieschicken,4
sub-002,potatoes,2
sub-002,sachercake,1
sub-002,chocolatebiscuit,2
sub-002,donutchocolatetopping,3
sub-002,steakwithbackedpotatoandvegetables,4
sub-002,spaghettiwithpesto,3
sub-002,ravioli,1
sub-002,waterbottle,3
sub-002,breadroll,3
sub-002,rissole,2
sub-002,salmonwithvegetablesgrilled,4
sub-002,chocolatecakewithnuts,2
sub-002,strawberrycake,3
sub-002,gooseroasted,4
sub-002,peascooked,2
sub-002,mixedlicorice,1
sub-002,roundshortbreadcookies,3
sub-002,frenchfries,3
sub-002,barsofwhitechocolate,3
sub-002,bowlofrice,4
sub-002,mixedsalad,2
sub-002,chocolatecookies,3
sub-002,minicookieswithchocolateononeside,2
sub-002,frankfurtcrowncake,3
sub-002,celery,1
sub-002,pretzelsticks,2
sub-002,lemoncake,3
sub-002,cutlet,3
sub-002,croissant,3
sub-002,mixedvegetables,2
sub-002,lemon,1
sub-002,apples,2
sub-002,raspberrycreamcake,1
sub-002,frenchtoast,4
sub-002,onion,2
sub-002,mixedvegetables,2
sub-002,brusselssprouts,2
sub-002,chips,3
sub-002,cheeseplatter,2
sub-002,chocolatecake,3
sub-002,raffaelococonutwaferballs,2
sub-002,meatfilletsandvegetablesgrilled,4
sub-002,knuckleofporkwithsauerkraut,4
sub-002,stracciatellacake,2
sub-002,platewithrawhamburgerpattiesandsausages,2
sub-002,artichoke,1
sub-002,strawberrycake,3
sub-002,toast,2
sub-002,artichoke,1
sub-002,carambolastarfruit,2
sub-002,brusselssprouts,1
sub-002,blueberryastrawberrytartlet,3
sub-002,cantaloup,3
sub-002,glassofbeer,3
sub-002,beansandcarrotscooked,3
sub-002,redbellpepper,2
sub-002,chroisant,4
sub-002,friedsausagewithroll,4
sub-002,strawberryhalf,2
sub-002,chocolatepieces,1
sub-002,gummibearswithextrasugar,3
sub-002,frenchfriesandchickendrumsticks,3
sub-002,apples,2
sub-002,cookiesoreos,2
sub-002,mushroomswhite,2
sub-002,pinenuts,2
sub-002,greenpaprikapeppers,4
sub-002,creamroll,3
sub-002,croissantwithbutterandjam,3
sub-002,edamcheese,2
sub-002,greenchili,1
sub-002,cookiesmixed,2
sub-002,raspberries,2
sub-002,chocolatebar,2
sub-002,cauliflower,2
sub-002,saladplate,3
sub-002,kiwis,3
sub-002,blackberry,2
sub-002,fishwithvegetablesgrilled,3
sub-002,smokedhambacon,3
sub-002,mixedvegetables,2
sub-002,chocolatecroissants,2
sub-002,marblecake,3
sub-002,apple,2
sub-002,bowlofrice,4
sub-002,greenapple,2
sub-002,pizzawithsalami,3
sub-002,doughnutdonutplain,4
sub-002,peach,2
sub-002,canardroasted,3
sub-002,germankrapfen,3
sub-002,cheeseplatter,2
sub-002,sushiwithsalmon,3
sub-002,roastbeef,4
sub-002,bowlofsalad,3
sub-002,zucchini,2
sub-002,squashpumpkin,1
sub-002,avocado,2
sub-002,strawberries,2
sub-002,emmentalercheese,2
sub-002,filletofporkgrilled,4
sub-002,sushi,4
sub-002,chocolatecreamcake,2
sub-002,kiwi,2
sub-002,springonions,2
sub-002,chickenraw,3
sub-002,cheeseburger,4
sub-002,pineapple,2
sub-002,kitkatchocolatewaferbars,3
sub-002,romanlettuce,2
sub-002,paprikapeppersredgreenyellow,2
sub-002,crispreadwithcottagecheese,2
sub-002,greenasparagus,2
sub-002,cornflakesandalmondscoveredinchocolate,3
sub-002,flatcakewithsalad,1
sub-002,hotdog,4
sub-002,chickenroasted,4
sub-002,snackmix,2
sub-002,muffinwithgreentopping,3
sub-002,croissants,3
sub-002,banana,3
sub-002,liversausage,2
sub-002,cookies,3
sub-002,cookie,2
sub-002,chocolatepopsicles,3
sub-002,pears,2
sub-002,grapeswhite,3
sub-002,filledcookiewithwalnut,2
sub-002,mueslibaroatmeal,2
sub-002,cheese,2
sub-002,icecreamsandwiches,2
sub-002,spinach,2
sub-002,sausage,3
sub-002,carrots,2
sub-002,vienneseschnitzel,4
sub-002,chocolateandstrawberryicecream,2
sub-002,mixedvegetables,2
sub-002,cheeseburgerfrenchfriesandcola,4
sub-002,croissants,2
sub-002,watermelon,2
sub-002,headoficeberglettuce,2
sub-002,oranges,2
sub-002,fruitsalad,2
sub-002,pizzasalami,3
sub-002,honeydewmelon,2
sub-002,arugula,1
sub-002,chocolatemuffin,4
sub-002,croissants,2
sub-002,cauliflower,2
sub-002,cutlet,3
sub-002,roll,2
sub-002,leek,3
sub-002,barofchocolatewithnuts,2
sub-002,redgrapes,3
sub-002,crispbreadwithcottagecheese,2
sub-002,quiche,3
sub-002,fruitmixkiwicherriesstrawberries,3
sub-002,espresso,4
sub-002,raspberrycake,3
sub-002,friedegg,3
sub-002,wildberriesmix,2
sub-002,shashlikwithbakedpotato,3
sub-002,popcorn,2
sub-002,apples,2
sub-002,blueberries,1
sub-002,lattemacchiato,4
sub-002,mmspeanut,2
sub-002,mixedsalad,2
sub-002,donutchocolate,4
sub-002,pancakewithfruits,3
sub-002,glassofbeer,2
sub-002,pineapple,2
sub-002,pickles,2
sub-002,roastedchicken,3
sub-002,crackers,2
sub-002,chocolatepopsiclewithnuts,3
sub-002,pretzels,3
sub-002,roll,3
sub-002,roastpork,2
sub-002,rasberry,2
sub-002,donerkebab,3
sub-002,cheeseandcoldmeatplatter,2
sub-002,challahbraidedyeastbunwithraisins,2
sub-002,chinesecabbage,3
sub-002,salmon,3
sub-002,grapefruit,3
sub-002,cakegugelhupf,2
sub-002,pastawithbacon,2
sub-002,lollipops,2
sub-002,redcurrants,1
sub-002,potatoes,2
sub-002,hamsandwich,3
sub-002,walnut,2
sub-002,glassofredwine,2
sub-002,sundaewithraspberries,2
sub-002,minichocolatemarshmallows,2
sub-002,pastriesanddonuts,3
sub-002,frenchcruller,3
sub-002,chocolatebarbroken,2
sub-002,toastwhitebread,1
sub-002,cookie,2
sub-002,winegum,2
sub-002,sproutspotatoescarrots,2
sub-002,steak,4
sub-002,barofchocolate,2
sub-002,crispbreadwithcottagecheese,2
sub-002,cakewithpowderedsugar,3
sub-002,applepie,4
sub-002,bagelswithsesameandpoppyseed,2
sub-002,grapewhites,3
sub-002,openedbarofchocolatewithnuts,2
sub-002,sausagesfrankfurter,3
sub-002,greenonionshallot,2
sub-002,donutwithchocolatesprinkles,3
sub-002,gherkin,2
sub-002,icecreamwithchocolatebeans,2
sub-002,pistachios,3
sub-002,zucchini,2
sub-002,cookiesfilledwithchocolatecream,2
sub-002,jellycandies,2
sub-002,cake,3
sub-002,walnuts,1
sub-002,chickenfilletsgrilled,4
sub-002,carrots,2
sub-002,fishsandwich,2
sub-002,piecesoffruit,2
sub-002,chips,3
sub-002,burgerpattywithfrenchfriesandsalad,4
sub-002,pizzawithsalami,4
sub-002,cakewithtangerines,2
sub-002,hamsandwichwithchips,2
sub-002,sandwichroastbeef,3
sub-002,jaffacookies,2
sub-002,grapes,3
sub-002,germankrapfen,3
sub-002,beefsteakraw,4
sub-002,pear,2
sub-002,fruits,3
sub-002,veggiemixcucumbertomatopeppers,2
sub-002,wildberriesmix,2
sub-002,hamsandwich,2
sub-002,almonds,2
sub-002,shashlik,3
sub-002,hotdog,2
sub-002,tomatosliced,2
sub-002,apples,2
sub-002,meatballspatties,3
sub-002,greenbeans,2
sub-002,pineapple,2
sub-002,cauliflower,2
sub-002,cookiefilledwithjelly,2
sub-002,breads,3
sub-002,redchilli,2
sub-002,hamsandwichwithchips,2
sub-002,strawberryicecreamcone,3
sub-002,filledchocolates,2
sub-002,shortbread,2
sub-002,wafflewithwhippedcream,2
sub-002,salmon,3
sub-002,potatoesandcorn,2
sub-002,glassofgherkins,2
sub-002,pretzel,2
sub-002,chocolatecookie,3
sub-002,peanuts,2
sub-002,pastries,3
sub-002,mixedvegetables,2
sub-002,spaghettibolognese,2
sub-002,butter,2
sub-002,chocolatecookie,2
sub-002,nutscoveredinchocolate,2
sub-002,croissants,3
sub-002,salmonsushi,4
sub-002,glassoforangejuice,4
sub-002,marblecake,2
sub-002,baguette,2
sub-002,crispbreadwithcottagecheese,2
sub-002,cheeseplatter,2
sub-002,vanillaicecreamcone,3
sub-002,spinach,2
sub-002,cheesecakewithstrawberriesandcrumbles,2
sub-002,cherry,3
sub-002,peascornandpotatos,2
sub-002,muffins,3
sub-002,waffle,2
sub-002,eggboiled,2
sub-002,cheesecakewithcherrytopping,3
sub-002,mandarins,2
sub-002,cornmaize,2
sub-002,cucumberwithslices,2
sub-002,kohlrabi,2
sub-002,tomatoandmozzarellaskewer,2
sub-002,donerkebab,4
sub-002,camembert,2
sub-002,piecesofchocolate,2
sub-002,chocolatecake,2
sub-002,cheddarcheese,2
sub-002,plateofsalad,2
sub-002,blacklicoricewheels,2
sub-002,peanutpuffs,2
sub-002,rigatoniwithvegetable,3
sub-002,hazelnuts,2
sub-002,pizzaveggiecheese,3
sub-002,raspberrycandies,2
sub-002,saladplate,2
sub-002,chocolatemuffin,3
sub-002,saladplate,2
sub-002,loafofbread,2
sub-002,tortellini,2
sub-002,mushroomsbrown,3
sub-002,browniewithnuts,2
sub-002,lettuceiceberg,2
sub-002,fennel,3
sub-002,toblerone,2
sub-002,tomato,2
sub-002,tagliatelle,1
sub-002,crispbread,2
sub-002,oranges,3
sub-002,chocolatebarfilledwithstrawberryandyogurtcream,2
sub-002,muffins,2
sub-002,chocolatecake,2
sub-002,puffedricecoveredinchocolate,2
sub-002,bowlofsalad,3
sub-002,pancakeswithblueberries,3
sub-002,headofcabbage,2
sub-002,roulade,3
sub-002,crispbread,2
sub-002,pears,2
sub-002,strawberrytartlet,2
sub-002,cornflakeswithmilk,2
sub-002,frenchfries,4
sub-002,redcabbage,2
sub-002,peanuts,2
sub-002,croissant,3
sub-002,blackforestcake,3
sub-002,greenbellpepper,2
sub-002,paprikapeppersredyelloworange,3
sub-002,rollsinabasket,3
sub-002,lollipops,2
sub-002,grilledbavariansausage,4
sub-002,appledanish,2
sub-002,nutscashews,2
sub-002,tomatoandmozzarella,2
sub-002,pastabake,3
sub-002,chips,2
sub-002,frenchfries,4
sub-002,meatpie,2
sub-002,fruitmixnectarinesraspberriescherries,3
sub-002,gummicandyandlicoricemix,3
sub-002,cake,2
sub-002,chocolatemuffin,3
sub-002,sundaepeach,2
sub-002,pastabake,3
sub-002,soybeansprouts,2
sub-002,roastpotatoes,3
sub-002,lasagna,3
sub-002,hardcandies,2
sub-002,hotdog,3
sub-002,gherkinsliced,2
sub-002,wildberriesmix,2
sub-002,spinachpotatoecasserole,3
sub-002,hotdog,3
sub-002,nectarines,2
sub-002,sugarsnappea,2
sub-002,grapesred,3
sub-002,raspberrycreamcake,2
sub-002,cheeseburgerfrenchfries,4
sub-002,glassofwhitewine,2
sub-002,banana,3
sub-002,wienerschnitzel,3
sub-002,filledwaffles,3
sub-002,shrimp,3
sub-002,headofgreenlettuce,2
sub-002,cake,2
sub-002,gardenradish,1
sub-002,beefsteakraw,2
sub-002,fishsticks,2
sub-002,bread,2
sub-002,spareribswithfrenchfriesandsalad,1
sub-002,curdwithchives,2
sub-002,ricewaffles,3
sub-002,cappuccino,3
sub-002,cucumberslice,2
sub-002,pizzawithmushroomsandbellpepper,3
sub-002,cheeseburger,4
sub-002,challahbraidedyeastbun,2
sub-002,cheese,4
sub-002,olives,2
sub-002,hamandcheesesandwich,3
sub-002,potatoes,2
sub-002,carrots,2
sub-002,cucumberandcarrot,2
sub-002,salmon,3
sub-002,nicnaccrustypeanuts,2
sub-002,hamburgerwithbacon,2
sub-002,asparaguswithbechamelsauce,2
sub-002,troutwithpotatoespanfried,3
sub-002,filledroulade,2
sub-002,minichocolatecakebar,2
sub-002,creamcakewithfruits,3
sub-002,chocolatecake,3
sub-002,avocado,2
sub-002,donutsandpastries,3
sub-002,limes,2
sub-002,bagel,2
sub-002,pomegranate,2
sub-002,waffles,4
sub-002,cake,2
sub-002,redpaprikapeppers,2
sub-003,lemons,4
sub-003,saladplate,4
sub-003,frenchfriesandchickendrumsticks,4
sub-003,chocolatepopsiclewithnuts,4
sub-003,germankrapfen,2
sub-003,hotdog,4
sub-003,hamsandwich,2
sub-003,roastbeef,4
sub-003,challahbraidedyeastbun,1
sub-003,icecream,4
sub-003,watermelon,3
sub-003,cookies,1
sub-003,filledroulade,4
sub-003,tomatoandmozzarella,4
sub-003,fruitmixnectarinesraspberriescherries,4
sub-003,rissole,2
sub-003,pickles,1
sub-003,redchilli,1
sub-003,chocolateandstrawberryicecream,4
sub-003,donutchocolatetopping,2
sub-003,muffins,1
sub-003,headofgreenlettuce,4
sub-003,carrotscooked,1
sub-003,yellowbellpeppersliced,2
sub-003,pear,4
sub-003,croissant,1
sub-003,emmentalercheese,1
sub-003,glassofredwine,1
sub-003,chickenfilletsgrilled,3
sub-003,meatfilletsandvegetablesgrilled,4
sub-003,cheese,4
sub-003,chocolatetruffle,4
sub-003,gummicandycola,1
sub-003,chips,1
sub-003,chipsfrenchfries,3
sub-003,raspberries,3
sub-003,espresso,1
sub-003,potatoesandcorn,3
sub-003,carrots,2
sub-003,lettuceiceberg,4
sub-003,frenchfries,4
sub-003,browniewithnuts,1
sub-003,hamsandwich,4
sub-003,pastries,1
sub-003,chickenroasted,4
sub-003,gardenradish,3
sub-003,frenchfries,4
sub-003,doughnutdonutplain,3
sub-003,mixedvegetables,3
sub-003,beefsteakraw,4
sub-003,cherries,4
sub-003,bowlofrice,3
sub-003,crackers,1
sub-003,cookiesfilledwithchocolatecream,1
sub-003,mixedlicorice,2
sub-003,cherries,3
sub-003,pastabake,4
sub-003,pastawithbacon,1
sub-003,carrots,4
sub-003,mixedsalad,4
sub-003,beansandcarrotscooked,1
sub-003,squashpumpkin,4
sub-003,carrots,1
sub-003,roll,1
sub-003,grapewhites,4
sub-003,sausagesfrankfurter,2
sub-003,somedifferentcakewedges,4
sub-003,mixedvegetables,3
sub-003,strawberries,4
sub-003,marblecake,4
sub-003,plateofsalad,4
sub-003,strawberrytartlet,4
sub-003,beefsteakraw,4
sub-003,mixedsalad,4
sub-003,potatogratin,4
sub-003,cake,4
sub-003,soybeansprouts,1
sub-003,vanillaicecreamcone,4
sub-003,platewithrawhamburgerpattiesandsausages,4
sub-003,hardcandies,4
sub-003,cutlet,3
sub-003,blackforestcake,4
sub-003,barofchocolatewithnuts,4
sub-003,roastpotatoes,2
sub-003,radishes,1
sub-003,puffedricecoveredinchocolate,1
sub-003,salamisausage,1
sub-003,cheesecakewithcherrytopping,4
sub-003,pancakeswithblueberries,2
sub-003,bowlofrice,2
sub-003,chocolatemuffin,1
sub-003,vegetables,1
sub-003,olives,2
sub-003,lattemacchiato,3
sub-003,peanuts,1
sub-003,chocolatemuffin,1
sub-003,briecheese,1
sub-003,walnuts,1
sub-003,burgerpattywithfrenchfriesandsalad,2
sub-003,filletofporkgrilled,3
sub-003,friedsausagewithroll,3
sub-003,beefsteakraw,2
sub-003,peanutpuffs,3
sub-003,hardcandies,1
sub-003,strawberries,4
sub-003,openedchipsbag,2
sub-003,asparagus,3
sub-003,tomatoandmozzarellaskewer,4
sub-003,tomatoes,3
sub-003,redgrapes,4
sub-003,filledchocolates,4
sub-003,broccoli,4
sub-003,toast,2
sub-003,roastpork,4
sub-003,oranges,4
sub-003,cakewithgelatinizedfruits,4
sub-003,cornonacob,3
sub-003,quiche,4
sub-003,sushiwithsalmon,4
sub-003,apple,1
sub-003,cheeseplatter,1
sub-003,mueslibaroatmeal,2
sub-003,sausage,1
sub-003,cheeseburgerfrenchfriesandcola,4
sub-003,pancakes,4
sub-003,cauliflower,1
sub-003,pears,1
sub-003,spaghettiwithpesto,2
sub-003,applepie,1
sub-003,lasagna,2
sub-003,sachercake,4
sub-003,cake,2
sub-003,wildberriesmix,3
sub-003,lettucelollorosso,1
sub-003,icecreamwithchocolatebeans,4
sub-003,glassofbeer,2
sub-003,roastbeef,4
sub-003,cheeseburger,2
sub-003,cake,4
sub-003,cheeseburger,4
sub-003,oranges,4
sub-003,cornmaize,1
sub-003,sliceofbreadtoppedwithchocolatecream,3
sub-003,spinach,1
sub-003,strawberryicecreamcone,4
sub-003,pizzawithsalami,4
sub-003,marzipanchocolate,4
sub-003,canardroasted,4
sub-003,chinesecabbage,2
sub-003,filledcookiewithwalnut,1
sub-003,saladplate,3
sub-003,peanuts,1
sub-003,breads,1
sub-003,cheddarcheese,2
sub-003,wildberriesmix,4
sub-003,cheeseandcoldmeatplatter,2
sub-003,rigatoniwithvegetable,1
sub-003,cremebrulee,4
sub-003,kohlrabi,1
sub-003,grapesred,4
sub-003,spaghettiwithtomatosauce,2
sub-003,raspberrycreamcake,3
sub-003,greenapple,4
sub-003,rasberry,2
sub-003,meatpie,1
sub-003,fruits,3
sub-003,bagel,1
sub-003,cantaloup,4
sub-003,grapes,4
sub-003,pizzahamandmushrooms,4
sub-003,cakewithpowderedsugar,2
sub-003,spinach,1
sub-003,pretzelsticks,2
sub-003,cauliflower,1
sub-003,popcorn,4
sub-003,glassofbeer,2
sub-003,frenchfries,4
sub-003,muffinwithgreentopping,2
sub-003,greenchili,1
sub-003,fruitsalad,4
sub-003,strawberrycake,4
sub-003,grapes,3
sub-003,rasberries,2
sub-003,mixedvegetablescooked,2
sub-003,paprikapeppersredgreenyellow,3
sub-003,hamsandwichwithchips,2
sub-003,chocolatebarbroken,4
sub-003,knuckleofporkwithsauerkraut,2
sub-003,parsley,1
sub-003,hazelnuts,2
sub-003,cucumberslice,1
sub-003,doughnutdonuticing,3
sub-003,chiccory,2
sub-003,papaya,2
sub-003,spaghettibolognese,3
sub-003,bowlofmuesligranola,1
sub-003,glassofgherkins,3
sub-003,shashlik,4
sub-003,greenasparagus,2
sub-003,gummicandygoldbears,2
sub-003,chocolatecake,4
sub-003,cheesecakewithstrawberriesandcrumbles,4
sub-003,lemon1half,3
sub-003,gardenradish,1
sub-003,hamsandwich,4
sub-003,chroisant,3
sub-003,kiwis,3
sub-003,crispreadwithcottagecheese,1
sub-003,shortbread,1
sub-003,spareribswithfrenchfriesandsalad,3
sub-003,pizzawithsalami,4
sub-003,jaffacookies,3
sub-003,honeydewmelon,1
sub-003,chocolatecreamcake,3
sub-003,chocolatemuffin,2
sub-003,sproutspotatoescarrots,2
sub-003,vienneseschnitzel,4
sub-003,limes,4
sub-003,ravioli,4
sub-003,smokedhambacon,2
sub-003,waffles,3
sub-003,chocolateandvanillaicecream,1
sub-003,bread,2
sub-003,barsofwhitechocolate,4
sub-003,jellycandies,2
sub-003,arugula,1
sub-003,bagelswithsesameandpoppyseed,2
sub-003,chickenraw,1
sub-003,piecesofchocolate,4
sub-003,salmon,2
sub-003,redcurrants,2
sub-003,cookedhamcut,4
sub-003,fruitmixkiwicherriesstrawberries,4
sub-003,cutlet,4
sub-003,nutscoveredinchocolate,1
sub-003,lasagna,4
sub-003,hamburger,4
sub-003,wienerschnitzel,3
sub-003,mmspeanut,2
sub-003,muffin,1
sub-003,ravioli,1
sub-003,croissantwithbutterandjam,2
sub-003,breakfastcereals,3
sub-003,chocolatecake,4
sub-003,bread,4
sub-003,cakewithtangerines,3
sub-003,cake,2
sub-003,crispbreadwithcottagecheese,4
sub-003,pretzel,3
sub-003,snackmix,1
sub-003,vanillaandchocolateicecreamcone,4
sub-003,chocolatecake,4
sub-003,spinachpotatoecasserole,4
sub-003,cookie,4
sub-003,ricewaffles,4
sub-003,chocolatecake,4
sub-003,cookiesfilledwithchocolatecream,4
sub-003,wildberriesmix,4
sub-003,baguette,1
sub-003,mashedpotatoes,3
sub-003,chocolatebarfilledwithstrawberryandyogurtcream,1
sub-003,chips,1
sub-003,tomatoes,4
sub-003,asparaguswithbechamelsauce,1
sub-003,croissants,2
sub-003,mandarins,3
sub-003,raspberries,2
sub-003,openedbarofchocolatewithnuts,3
sub-003,minicookieswithchocolateononeside,2
sub-003,mushroomswhite,4
sub-003,frenchcruller,2
sub-003,croissants,2
sub-003,grapesredandwhite,3
sub-003,leek,2
sub-003,winegum,2
sub-003,sushi,4
sub-003,gooseroasted,3
sub-003,tunasandwiches,2
sub-003,pancakewithfruits,4
sub-003,donutwithchocolatesprinkles,2
sub-003,liversausage,1
sub-003,vegetables,4
sub-003,mixedvegetables,2
sub-003,donerkebab,2
sub-003,shrimp,4
sub-003,crispbreadwithcottagecheese,4
sub-003,apples,2
sub-003,bowlofmuesligranola,1
sub-003,onion,1
sub-003,nutscashews,1
sub-003,tomato,4
sub-003,fishwithvegetablesgrilled,1
sub-003,artichoke,1
sub-003,redpaprikapeppers,4
sub-003,chocolatecookie,4
sub-003,donut,3
sub-003,pizzawithmushrooms,4
sub-003,redbellpepper,4
sub-003,chips,1
sub-003,gherkinsliced,1
sub-003,pastriesanddonuts,3
sub-003,somebarsofchocolatestacked,1
sub-003,strawberrycake,3
sub-003,blackberry,3
sub-003,pineapple,1
sub-003,mixedvegetables,1
sub-003,spareribswithfrenchfriesandsalad,4
sub-003,spaghettiwithtomatosauce,3
sub-003,cheeseburgerfrenchfries,4
sub-003,cookie,2
sub-003,hardcandies,1
sub-003,butter,2
sub-003,raspberrycake,4
sub-003,edamcheese,3
sub-003,cake,1
sub-003,cheeseplatter,1
sub-003,grapeswhite,3
sub-003,banana,3
sub-003,bloodoranges,3
sub-003,walnut,2
sub-003,zucchini,3
sub-003,pizzaslicesassorted,4
sub-003,strawberryhalf,4
sub-003,chocolatemuffin,1
sub-003,pinenuts,2
sub-003,troutwithpotatoespanfried,3
sub-003,hamandcheesesandwich,3
sub-003,cucumberwithslices,2
sub-003,celery,4
sub-003,cucumberandcarrot,2
sub-003,muffins,2
sub-003,croissants,2
sub-003,cheeseplatter,1
sub-003,cake,4
sub-003,creamroll,4
sub-003,salmonwithvegetablesgrilled,3
sub-003,fennel,2
sub-003,challahbraidedyeastbunwithraisins,1
sub-003,cookiefilledwithjelly,4
sub-003,lollipops,2
sub-003,waffle,4
sub-003,piecesoffruit,3
sub-003,frankfurtcrowncake,3
sub-003,camembert,3
sub-003,bowlofsalad,2
sub-003,christmassweets,3
sub-003,cakegugelhupf,1
sub-003,sausages,4
sub-003,gummibearswithextrasugar,4
sub-003,loafofbread,2
sub-003,meatballspatties,4
sub-003,steakwithbackedpotatoandvegetables,4
sub-003,sugarsnappea,2
sub-003,popcorn,2
sub-003,bagelwithcreamcheeseandvegetables,2
sub-003,salmonsushi,4
sub-003,pastabake,3
sub-003,hotdog,2
sub-003,tortellini,3
sub-003,steak,4
sub-003,toastwithjam,3
sub-003,chocolatebar,1
sub-003,pizzasalami,4
sub-003,kitkatchocolatewaferbars,4
sub-003,romanlettuce,2
sub-003,apples,4
sub-003,hotdog,1
sub-003,tomatoes,2
sub-003,oranges,4
sub-003,fruitplatemelonpineapplegrapes,2
sub-003,vienneseschnitzelwithpotatoes,4
sub-003,chocolatecandybar,3
sub-003,strawberries,2
sub-003,fishsticks,4
sub-003,tomatosliced,2
sub-003,raspberrycreamcake,4
sub-003,chocolatecookies,2
sub-003,peach,1
sub-003,pizzawithmushroomsandbellpepper,2
sub-003,almonds,1
sub-003,mushroomsbrown,3
sub-003,minichocolatemarshmallows,3
sub-003,gherkin,2
sub-003,filledwaffles,2
sub-003,salamiroastedhamandcheese,1
sub-003,fruitcake,4
sub-003,artichoke,1
sub-003,watermelon,1
sub-003,greenonionshallot,2
sub-003,sachercake,4
sub-003,roll,2
sub-003,potatoes,3
sub-003,sundaepeach,4
sub-003,cherry,3
sub-003,apples,2
sub-003,hamburgerwithbacon,2
sub-003,croissants,1
sub-003,chocolatecakewithnuts,1
sub-003,glassoforangejuice,1
sub-003,bowlofsalad,1
sub-003,rusk,3
sub-003,cauliflower,3
sub-003,peaches,2
sub-003,blueberries,3
sub-003,fishsandwich,1
sub-003,chips,4
sub-003,brusselssprouts,1
sub-003,sandwichroastbeef,4
sub-003,marshmallowsflat,1
sub-003,avocado,4
sub-003,kiwi,3
sub-003,spaghettiwithtomatosauce,2
sub-003,carambolastarfruit,1
sub-003,saladplate,2
sub-003,glassofwhitewine,1
sub-003,blueberryastrawberrytartlet,4
sub-003,cornflakesandalmondscoveredinchocolate,4
sub-003,chocolatebarfilledwithmilkcream,3
sub-003,apples,3
sub-003,potatoes,3
sub-003,chocolatecookie,3
sub-003,greenbeans,3
sub-003,grapefruit,4
sub-003,redcabbage,1
sub-003,peanuts,4
sub-003,chocolatepopsicles,1
sub-003,hazelnut,3
sub-003,greenpaprikapeppers,3
sub-003,pralines,4
sub-003,potatoewedges,1
sub-003,veggiemixcucumbertomatopeppers,3
sub-003,germankrapfen,3
sub-003,raspberrycandies,3
sub-003,meatpie,1
sub-003,cappuccino,4
sub-003,cake,1
sub-003,wildberriesmix,4
sub-003,potatoes,4
sub-003,headoficeberglettuce,2
sub-003,cheese,2
sub-003,sundae,1
sub-003,paprikapeppersredyelloworange,1
sub-003,flatcakewithsalad,4
sub-003,strawberries,4
sub-003,pistachios,4
sub-003,cheese,4
sub-003,grilledbavariansausage,4
sub-003,waterbottle,1
sub-003,wafflewithwhippedcream,1
sub-003,oranges,2
sub-003,roastedchicken,2
sub-003,yellowbellpepper,3
sub-003,donutsandpastries,4
sub-003,raspberrycake,4
sub-003,chocolatebiscuit,3
sub-003,muffins,1
sub-003,orange,2
sub-003,cheesecake,4
sub-003,wildberriesmix,4
sub-003,eggsineggboard,1
sub-003,icecreamsandwiches,1
sub-003,crispbreadwithcookedham,1
sub-003,sushirolls,1
sub-003,toastwhitebread,1
sub-003,camembert,4
sub-003,cookiesoreos,4
sub-003,chives,3
sub-003,hamsandwichwithchips,2
sub-003,toblerone,4
sub-003,chocolatemarshmallows,2
sub-003,veggiemixwithdip,4
sub-003,tagliatelle,3
sub-003,steakwithbackedpotatoandvegetables,4
sub-003,cheeseburger,4
sub-003,chocolatepieces,3
sub-003,cookedham,1
sub-003,cookiemix,3
sub-003,breadroll,3
sub-003,lollipops,1
sub-003,brusselssprouts,3
sub-003,pineapple,4
sub-003,saladplate,4
sub-003,springonions,1
sub-003,banana,4
sub-003,mixedvegetables,3
sub-003,figs,1
sub-003,mixedvegetables,3
sub-003,barofchocolate,3
sub-003,germankrapfen,4
sub-003,minichocolatecakebar,4
sub-003,blueberries,3
sub-003,lemoncake,1
sub-003,peapod,1
sub-003,cookiesmixed,1
sub-003,rollsinabasket,1
sub-003,cheeseplatter,1
sub-003,pizzaveggiecheese,4
sub-003,strawberrycreamcake,4
sub-003,raspberrycake,4
sub-003,chocolatebarbite,4
sub-003,pastabake,4
sub-003,chocolatepopsiclewithnuts,1
sub-003,eclair,4
sub-003,pineapple,2
sub-003,sushirollwithcucumber,1
sub-003,nicnaccrustypeanuts,3
sub-003,vanillaicecream,4
sub-003,blacklicoricewheels,1
sub-003,banana,2
sub-003,eggboiled,1
sub-003,hamsandwich,3
sub-003,blackberries,1
sub-003,carrots,2
sub-003,cheeseburgerfrenchfriesandcola,4
sub-003,peascornandpotatos,2
sub-003,crispbread,1
sub-003,zucchini,1
sub-003,gummicandyandlicoricemix,4
sub-003,roundshortbreadcookies,4
sub-003,pretzels,2
sub-003,papaya,3
sub-003,mixedvegetables,2
sub-003,curdwithchives,2
sub-003,crispbreadwithcottagecheese,1
sub-003,hotdog,2
sub-003,pomegranate,1
sub-003,pastameal,1
sub-003,appledanish,3
sub-003,chocolatecake,4
sub-003,pears,3
sub-003,peascooked,2
sub-003,creamcakewithfruits,2
sub-003,frenchtoast,1
sub-003,friedegg,4
sub-003,marblecake,4
sub-003,shortbreads,1
sub-003,frenchfrieschicken,4
sub-003,salmon,1
sub-003,chocolatecroissants,1
sub-003,croissant,1
sub-003,croissants,2
sub-003,avocado,4
sub-003,tortillachips,4
sub-003,headofcabbage,2
sub-003,fennel,1
sub-003,cheeseburger,4
sub-003,donerkebab,4
sub-003,germankrapfen,3
sub-003,lemon,2
sub-003,coloredchocolatebeans,2
sub-004,frenchfries,3
sub-004,grapeswhite,3
sub-004,sandwichroastbeef,2
sub-004,hardcandies,1
sub-004,mixedsalad,1
sub-004,pastabake,1
sub-004,artichoke,1
sub-004,lemons,1
sub-004,cheeseplatter,1
sub-004,cremebrulee,1
sub-004,cherry,1
sub-004,cookiesmixed,1
sub-004,nicnaccrustypeanuts,1
sub-004,sushirollwithcucumber,2
sub-004,muffins,2
sub-004,peaches,2
sub-004,rasberries,2
sub-004,grapesred,2
sub-004,chocolatecookies,2
sub-004,watermelon,1
sub-004,apples,2
sub-004,arugula,1
sub-004,peascornandpotatos,1
sub-004,crackers,1
sub-004,peanutpuffs,1
sub-004,chocolatebar,2
sub-004,minicookieswithchocolateononeside,2
sub-004,hotdog,2
sub-004,fishsandwich,2
sub-004,pickles,1
sub-004,limes,1
sub-004,hamandcheesesandwich,2
sub-004,hotdog,2
sub-004,spaghetti,1
sub-004,toastwithjam,1
sub-004,pears,2
sub-004,salmon,1
sub-004,mixedvegetables,1
sub-004,cheeseplatter,2
sub-004,donutchocolatetopping,3
sub-004,chocolatecookie,2
sub-004,salmon,2
sub-004,apple,4
sub-004,frenchfries,2
sub-004,carambolastarfruit,1
sub-004,cheeseburgerfrenchfriesandcola,2
sub-004,grapefruit,2
sub-004,lettuceiceberg,1
sub-004,chocolatebarfilledwithmilkcream,2
sub-004,rasberry,1
sub-004,blackforestcake,2
sub-004,shashlik,2
sub-004,somedifferentcakewedges,1
sub-004,salamisausage,1
sub-004,cucumberwithslices,1
sub-004,broccoli,1
sub-004,lollipops,2
sub-004,ricewaffles,1
sub-004,lemon,2
sub-004,glassofbeer,1
sub-004,salmon,2
sub-004,glassofwhitewine,2
sub-004,chocolatebarfilledwithstrawberryandyogurtcream,1
sub-004,grapes,3
sub-004,strawberrycake,3
sub-004,sausages,2
sub-004,lollipops,2
sub-004,lettucelollorosso,2
sub-004,pizzaslicesassorted,2
sub-004,mixedvegetables,1
sub-004,meatfilletsandvegetablesgrilled,3
sub-004,walnut,2
sub-004,croissants,3
sub-004,sundaewithraspberries,1
sub-004,gardenradish,1
sub-004,plateofsalad,3
sub-004,roastbeef,3
sub-004,filledwaffles,2
sub-004,blueberries,2
sub-004,oranges,2
sub-004,beefsteakraw,2
sub-004,breadroll,2
sub-004,germankrapfen,2
sub-004,raspberries,2
sub-004,smokedhambacon,1
sub-004,waffle,2
sub-004,cheeseburger,1
sub-004,gummicandycola,1
sub-004,gooseroasted,2
sub-004,cookiemix,3
sub-004,blueberries,4
sub-004,donerkebab,4
sub-004,greenpaprikapeppers,2
sub-004,nutscashews,2
sub-004,stracciatellacake,2
sub-004,croissants,3
sub-004,roastedchicken,3
sub-004,headofcabbage,2
sub-004,pineapple,1
sub-004,wildberriesmix,2
sub-004,strawberries,1
sub-004,walnuts,1
sub-004,raspberrycreamcake,2
sub-004,hamburger,2
sub-004,icecreamwithchocolatebeans,1
sub-004,raspberries,2
sub-004,barsofwhitechocolate,1
sub-004,eclair,1
sub-004,canardroasted,2
sub-004,hamburgerwithbacon,3
sub-004,crispbreadwithcottagecheese,1
sub-004,creamroll,1
sub-004,mmspeanut,1
sub-004,donerkebab,3
sub-004,bagelwithcreamcheeseandvegetables,2
sub-004,pineapple,1
sub-004,gardenradish,1
sub-004,figs,1
sub-004,flatcakewithsalad,1
sub-004,watermelon,1
sub-004,fennel,1
sub-004,pastabake,2
sub-004,redcurrants,1
sub-004,gummibearswithextrasugar,1
sub-004,roastbeef,3
sub-004,hamsandwich,3
sub-004,peanuts,1
sub-004,cakewithgelatinizedfruits,2
sub-004,vienneseschnitzelwithpotatoes,2
sub-004,hardcandies,1
sub-004,tomatoes,1
sub-004,strawberrytartlet,2
sub-004,fruitmixkiwicherriesstrawberries,1
sub-004,pastries,1
sub-004,redcabbage,1
sub-004,roundshortbreadcookies,1
sub-004,lasagna,2
sub-004,wildberriesmix,1
sub-004,cookiefilledwithjelly,4
sub-004,applepie,2
sub-004,raspberrycake,2
sub-004,vegetables,1
sub-004,blueberryastrawberrytartlet,2
sub-004,saladplate,2
sub-004,pretzel,3
sub-004,barofchocolate,2
sub-004,baguette,2
sub-004,spaghettibolognese,3
sub-004,donut,3
sub-004,carrots,1
sub-004,raspberrycake,2
sub-004,salamiroastedhamandcheese,2
sub-004,roastpotatoes,3
sub-004,springonions,1
sub-004,bowlofrice,4
sub-004,chips,2
sub-004,mixedvegetables,2
sub-004,spinachpotatoecasserole,2
sub-004,spaghettiwithpesto,2
sub-004,cheeseburger,2
sub-004,strawberrycake,2
sub-004,cake,3
sub-004,glassofredwine,2
sub-004,carrotscooked,2
sub-004,cookies,2
sub-004,gummicandyandlicoricemix,1
sub-004,muffins,3
sub-004,sundaepeach,3
sub-004,chipsfrenchfries,2
sub-004,vegetables,1
sub-004,orange,2
sub-004,vienneseschnitzel,3
sub-004,chocolatecroissants,2
sub-004,greenchili,1
sub-004,roll,2
sub-004,kohlrabi,2
sub-004,yellowbellpepper,2
sub-004,cake,2
sub-004,minichocolatecakebar,3
sub-004,gummicandygoldbears,2
sub-004,leek,1
sub-004,redbellpepper,1
sub-004,rusk,3
sub-004,sausage,2
sub-004,chocolatecake,3
sub-004,winegum,2
sub-004,chocolatecake,2
sub-004,tomatoandmozzarella,2
sub-004,greenbellpepper,2
sub-004,fruitcake,3
sub-004,oranges,3
sub-004,chocolatebiscuit,1
sub-004,strawberrycreamcake,3
sub-004,spaghettiwithtomatosauce,1
sub-004,espresso,2
sub-004,cake,2
sub-004,popcorn,1
sub-004,wafflewithwhippedcream,2
sub-004,strawberryhalf,2
sub-004,chocolatemuffin,2
sub-004,avocado,1
sub-004,paprikapeppersredyelloworange,1
sub-004,oranges,2
sub-004,pancakes,3
sub-004,roastpork,2
sub-004,chocolateandvanillaicecream,3
sub-004,cheeseburger,2
sub-004,peapod,2
sub-004,muffin,2
sub-004,radishes,1
sub-004,grapewhites,3
sub-004,potatoes,2
sub-004,doughnutdonutjam,2
sub-004,knuckleofporkwithsauerkraut,2
sub-004,avocado,1
sub-004,toffifayfilledcaramelcup,2
sub-004,sliceofbreadtoppedwithchocolatecream,4
sub-004,shrimp,2
sub-004,chickenraw,1
sub-004,pizzawithmushroomsandbellpepper,2
sub-004,chocolatecake,2
sub-004,cookiesfilledwithchocolatecream,2
sub-004,banana,1
sub-004,minichocolatemarshmallows,2
sub-004,burgerpattywithfrenchfriesandsalad,1
sub-004,pomegranate,2
sub-004,cookedhamcut,1
sub-004,waffles,2
sub-004,sachercake,2
sub-004,carrots,2
sub-004,chickenfilletsgrilled,2
sub-004,potatoewedges,3
sub-004,glassoforangejuice,2
sub-004,hazelnut,1
sub-004,headoficeberglettuce,1
sub-004,fruitmixnectarinesraspberriescherries,4
sub-004,strawberries,3
sub-004,glassofgherkins,1
sub-004,zucchini,2
sub-004,filletofporkgrilled,2
sub-004,gherkin,2
sub-004,lasagna,4
sub-004,mashedpotatoes,4
sub-004,blackberry,2
sub-004,challahbraidedyeastbun,2
sub-004,bowlofmuesligranola,3
sub-004,filledroulade,4
sub-004,steakwithbackedpotatoandvegetables,2
sub-004,chocolatepopsicles,1
sub-004,coloredchocolatebeans,1
sub-004,saladplate,1
sub-004,snackmix,1
sub-004,chocolatemuffin,2
sub-004,redgrapes,1
sub-004,brusselssprouts,2
sub-004,chocolatecake,3
sub-004,bread,3
sub-004,tomatoes,1
sub-004,chocolatemuffin,2
sub-004,headofgreenlettuce,1
sub-004,pear,1
sub-004,zucchini,1
sub-004,cookiesfilledwithchocolatecream,1
sub-004,chips,2
sub-004,spareribswithfrenchfriesandsalad,2
sub-004,blackberries,2
sub-004,camembert,2
sub-004,chocolatetruffle,2
sub-004,pancakeswithblueberries,2
sub-004,cucumberslice,2
sub-004,croissant,2
sub-004,apples,3
sub-004,crispbread,3
sub-004,cutlet,3
sub-004,hazelnuts,2
sub-004,carrots,3
sub-004,hamsandwichwithchips,2
sub-004,filledcookiewithwalnut,2
sub-004,onion,2
sub-004,openedbarofchocolatewithnuts,2
sub-004,croissants,2
sub-004,kitkatchocolatewaferbars,1
sub-004,pineapple,2
sub-004,pretzels,3
sub-004,meatpie,2
sub-004,fishsticks,3
sub-004,strawberries,3
sub-004,friedsausagewithroll,3
sub-004,cheeseburgerfrenchfries,3
sub-004,pinenuts,3
sub-004,cake,3
sub-004,briecheese,2
sub-004,veggiemixcucumbertomatopeppers,2
sub-004,hardcandies,2
sub-004,piecesoffruit,2
sub-004,cheeseburger,1
sub-004,pizzasalami,1
sub-004,pistachios,3
sub-004,hamsandwichwithchips,1
sub-004,olives,1
sub-004,cheese,2
sub-004,troutwithpotatoespanfried,2
sub-004,asparagus,1
sub-004,cakewithtangerines,1
sub-004,bowlofsalad,1
sub-004,marblecake,1
sub-004,icecreamsandwiches,1
sub-004,chips,1
sub-004,peanuts,1
sub-004,chocolatemarshmallows,1
sub-004,donutsandpastries,1
sub-004,artichoke,1
sub-004,oranges,2
sub-004,grapesredandwhite,2
sub-004,bloodoranges,3
sub-004,pralines,3
sub-004,cornflakesandalmondscoveredinchocolate,2
sub-004,soybeansprouts,1
sub-004,tunasandwiches,1
sub-004,appledanish,4
sub-004,hamsandwich,2
sub-004,chocolatepopsiclewithnuts,2
sub-004,butter,1
sub-004,mueslibaroatmeal,1
sub-004,pizzawithmushrooms,2
sub-004,emmentalercheese,2
sub-004,chiccory,1
sub-004,mixedsalad,2
sub-004,cheese,3
sub-004,pizzawithsalami,3
sub-004,banana,2
sub-004,tortillachips,2
sub-004,asparaguswithbechamelsauce,2
sub-004,apples,3
sub-004,hotdog,2
sub-004,frenchfries,2
sub-004,pastriesanddonuts,2
sub-004,cauliflower,1
sub-004,breads,2
sub-004,papaya,1
sub-004,pastawithbacon,2
sub-004,cheesecakewithstrawberriesandcrumbles,2
sub-004,meatpie,2
sub-004,frenchcruller,3
sub-004,cheeseburgerfrenchfriesandcola,2
sub-004,fishwithvegetablesgrilled,2
sub-004,wienerschnitzel,3
sub-004,paprikapeppersredgreenyellow,3
sub-004,chocolatebarbite,2
sub-004,steak,2
sub-004,doughnutdonutchocolate,2
sub-004,sushiwithsalmon,2
sub-004,pizzahamandmushrooms,2
sub-004,sausage,2
sub-004,ravioli,1
sub-004,fruits,2
sub-004,knuckleofporkwithsauerkraut,2
sub-004,cake,2
sub-004,pears,1
sub-004,cheeseplatter,2
sub-004,sproutspotatoescarrots,1
sub-004,yellowbellpepper,1
sub-004,marzipanchocolate,1
sub-004,cappuccino,3
sub-004,grapes,3
sub-004,cake,2
sub-004,espresso,2
sub-004,oranges,2
sub-004,chocolatepieces,1
sub-004,roulade,2
sub-004,chocolatecake,2
sub-004,quiche,2
sub-004,kiwis,1
sub-004,crispbreadwithcottagecheese,2
sub-004,meatballspatties,2
sub-004,rigatoniwithvegetable,1
sub-004,avocado,1
sub-004,tomatoandmozzarellaskewer,1
sub-004,jaffacookies,1
sub-004,sausagesfrankfurter,1
sub-004,celery,1
sub-004,pizzawithsalami,2
sub-004,beefsteakraw,1
sub-004,edamcheese,2
sub-004,toast,2
sub-004,spareribswithfrenchfriesandsalad,2
sub-004,pastameal,2
sub-004,cherries,1
sub-004,grapewhites,2
sub-004,almonds,2
sub-004,vanillaicecreamcone,2
sub-004,spaghettiwithtomatosauce,2
sub-004,carrots,2
sub-004,chocolatebarbroken,2
sub-004,cake,3
sub-004,cheesecake,2
sub-004,saladplate,2
sub-004,cherries,1
sub-004,chocolatebiscuit,2
sub-004,chocolateandstrawberryicecream,2
sub-004,liversausage,2
sub-004,beansandcarrotscooked,1
sub-004,chroisant,1
sub-004,muffins,2
sub-004,bagel,3
sub-004,fruits,1
sub-004,cakegugelhupf,2
sub-004,browniewithnuts,2
sub-004,fennel,2
sub-004,greenasparagus,1
sub-004,cheddarcheese,1
sub-004,loafofbread,2
sub-004,romanlettuce,2
sub-004,muffinwithgreentopping,2
sub-004,marblecake,2
sub-004,cheeseplatter,1
sub-004,nectarines,1
sub-004,potatoes,1
sub-004,openedchipsbag,2
sub-004,chocolatecake,2
sub-004,paprikapeppersredyelloworange,1
sub-004,mushroomswhite,1
sub-004,cake,3
sub-004,avocado,1
sub-004,greenbeans,1
sub-004,tagliatelle,2
sub-004,bread,2
sub-004,glassofbeer,2
sub-004,cauliflower,2
sub-004,vanillaicecream,3
sub-004,chocolatecookie,2
sub-004,bagelswithsesameandpoppyseed,1
sub-004,potatoes,1
sub-004,gummicandygoldbears,1
sub-004,spaghettiwithtomatosauce,2
sub-004,spaghettiwithtomatosauce,1
sub-004,donutwithchocolatesprinkles,1
sub-004,wafflewithwhippedcream,2
sub-004,croissants,2
sub-004,steakwithbackedpotatoandvegetables,2
sub-004,radishes,2
sub-004,greenonionshallot,3
sub-004,donutchocolate,2
sub-004,minichocolatecakebar,2
sub-004,popcorn,1
sub-004,croissants,2
sub-004,greenbellpepper,2
sub-004,pancakes,1
sub-004,crispbreadwithcookedham,1
sub-004,roll,2
sub-004,hamsandwich,2
sub-004,sushirolls,1
sub-004,camembert,1
sub-004,crispreadwithcottagecheese,1
sub-004,potatoes,1
sub-004,peanuts,1
sub-004,germankrapfen,1
sub-004,shrimp,1
sub-004,cutlet,2
sub-004,hamsandwich,1
sub-004,potatogratin,2
sub-004,ravioli,1
sub-004,chocolatecake,1
sub-004,strawberryicecreamcone,3
sub-004,sushi,2
sub-004,cornonacob,2
sub-004,rollsinabasket,2
sub-004,chickenraw,2
sub-004,bowlofrice,4
sub-004,toastwhitebread,2
sub-004,germankrapfen,3
sub-004,tomatoandmozzarella,3
sub-004,christmassweets,1
sub-004,chocolatepopsiclewithnuts,3
sub-004,sliceofbreadtoppedwithchocolatecream,3
sub-004,muffin,3
sub-004,chocolatemuffin,2
sub-004,mixedvegetables,1
sub-004,leek,1
sub-004,kiwi,1
sub-004,roll,2
sub-004,toblerone,1
sub-004,wildberriesmix,1
sub-004,chickenroasted,1
sub-004,doughnutdonutjam,2
sub-004,squashpumpkin,2
sub-004,piecesofchocolate,1
sub-004,germankrapfen,2
sub-004,lemon1half,1
sub-004,winegum,1
sub-004,croissant,2
sub-004,vanillaandchocolateicecreamcone,3
sub-004,saladplate,2
sub-004,filledchocolates,1
sub-004,oranges,2
sub-004,cheeseandcoldmeatplatter,1
sub-004,doughnutdonuticing,2
sub-004,marshmallowsflat,1
sub-004,parsley,1
sub-004,peapod,2
sub-004,lemoncake,2
sub-004,curdwithchives,3
sub-004,crispbread,1
sub-004,cucumberandcarrot,1
sub-004,potatoesandcorn,1
sub-004,chocolatecandybar,3
sub-004,roastpork,3
sub-004,chocolatecreamcake,3
sub-004,rusk,3
sub-004,icecream,1
sub-004,cheese,1
sub-004,croissantwithbutterandjam,2
sub-004,chocolateandvanillaicecream,2
sub-004,doughnutdonutplain,3
sub-004,strawberries,2
sub-004,salmonsushi,3
sub-004,shortbreads,2
sub-004,fruitcake,3
sub-004,blacklicoricewheels,1
sub-004,platewithrawhamburgerpattiesandsausages,1
sub-004,cookedham,2
sub-004,strawberrycreamcake,2
sub-004,cakewithpowderedsugar,1
sub-004,chives,1
sub-004,wildberriesmix,1
sub-004,cake,3
sub-004,strawberryhalf,1
sub-004,cauliflower,2
sub-004,fruitplatemelonpineapplegrapes,1
sub-004,mushroomsbrown,1
sub-004,redbellpepper,1
sub-004,toffifayfilledcaramelcup,1
sub-004,mixedvegetables,1
sub-004,nutscoveredinchocolate,1
sub-004,mixedvegetablescooked,1
sub-004,wildberriesmix,1
sub-004,sachercake,3
sub-004,shashlikwithbakedpotato,2
sub-004,raspberrycreamcake,3
sub-004,cantaloup,2
sub-004,kohlrabi,1
sub-005,zucchini,3
sub-005,winegum,2
sub-005,spareribswithfrenchfriesandsalad,4
sub-005,pastameal,4
sub-005,piecesoffruit,4
sub-005,salmon,3
sub-005,germankrapfen,4
sub-005,chips,4
sub-005,eclair,4
sub-005,pickles,3
sub-005,beefsteakraw,4
sub-005,roastpotatoes,3
sub-005,carrots,3
sub-005,lasagna,2
sub-005,kiwis,4
sub-005,chiccory,2
sub-005,croissant,4
sub-005,chocolatemuffin,4
sub-005,wienerschnitzel,3
sub-005,roastpork,4
sub-005,cornonacob,4
sub-005,toast,4
sub-005,cookiesoreos,4
sub-005,spaghettiwithtomatosauce,2
sub-005,cornflakeswithmilk,4
sub-005,eggsineggboard,3
sub-005,roastbeef,4
sub-005,broccoli,3
sub-005,toastwithjam,4
sub-005,mixedsalad,4
sub-005,bagelwithcreamcheeseandvegetables,4
sub-005,bread,4
sub-005,muffins,2
sub-005,grilledbavariansausage,2
sub-005,tomatoes,3
sub-005,rasberry,4
sub-005,gooseroasted,4
sub-005,frenchfries,4
sub-005,tomatoes,4
sub-005,filledcookiewithwalnut,4
sub-005,croissants,4
sub-005,chocolatecandybar,4
sub-005,tunasandwiches,4
sub-005,mixedvegetables,3
sub-005,beefsteakraw,4
sub-005,christmassweets,3
sub-005,piecesofchocolate,4
sub-005,sushirolls,3
sub-005,wafflewithwhippedcream,4
sub-005,paprikapeppersredyelloworange,3
sub-005,chocolatepopsiclewithnuts,3
sub-005,cutlet,3
sub-005,cakegugelhupf,3
sub-005,chocolatebarfilledwithstrawberryandyogurtcream,4
sub-005,cookie,4
sub-005,bloodoranges,4
sub-005,fruitplatemelonpineapplegrapes,4
sub-005,cakewithpowderedsugar,4
sub-005,crispbreadwithcottagecheese,3
sub-005,grapes,4
sub-005,raspberrycake,4
sub-005,hamsandwich,2
sub-005,potatoes,3
sub-005,donerkebab,3
sub-005,headofgreenlettuce,3
sub-005,toffifayfilledcaramelcup,4
sub-005,salmonsushi,4
sub-005,salamisausage,4
sub-005,cantaloup,4
sub-005,peach,4
sub-005,banana,3
sub-005,greenbellpepper,3
sub-005,cakewithtangerines,1
sub-005,sushiwithsalmon,3
sub-005,watermelon,4
sub-005,glassofwhitewine,1
sub-005,greenchili,1
sub-005,marzipanchocolate,4
sub-005,pastries,3
sub-005,chocolatebarbroken,3
sub-005,pears,2
sub-005,onion,3
sub-005,cookiesfilledwithchocolatecream,4
sub-005,pizzasalami,4
sub-005,cauliflower,1
sub-005,grapeswhite,1
sub-005,frankfurtcrowncake,4
sub-005,emmentalercheese,4
sub-005,tagliatelle,3
sub-005,chroisant,3
sub-005,icecreamwithchocolatebeans,4
sub-005,grapefruit,4
sub-005,flatcakewithsalad,4
sub-005,gummicandycola,4
sub-005,frenchfriesandchickendrumsticks,2
sub-005,plateofsalad,4
sub-005,cutlet,4
sub-005,vanillaicecream,4
sub-005,grapesredandwhite,4
sub-005,muffins,4
sub-005,fennel,3
sub-005,chocolatecookie,4
sub-005,glassofbeer,1
sub-005,carrots,2
sub-005,challahbraidedyeastbunwithraisins,4
sub-005,ravioli,4
sub-005,parsley,3
sub-005,jaffacookies,4
sub-005,greenpaprikapeppers,1
sub-005,hazelnuts,1
sub-005,donerkebab,2
sub-005,hotdog,4
sub-005,pastabake,3
sub-005,steakwithbackedpotatoandvegetables,4
sub-005,crispbread,4
sub-005,bowlofmuesligranola,4
sub-005,cheese,4
sub-005,cheeseburger,4
sub-005,saladplate,4
sub-005,tomatoes,4
sub-005,friedsausagewithroll,4
sub-005,potatogratin,4
sub-005,raspberrycreamcake,2
sub-005,meatfilletsandvegetablesgrilled,4
sub-005,fruitmixkiwicherriesstrawberries,4
sub-005,chocolatecookie,4
sub-005,muffins,4
sub-005,pomegranate,4
sub-005,glassoforangejuice,4
sub-005,peanuts,2
sub-005,pralines,4
sub-005,nutscashews,3
sub-005,sugarsnappea,3
sub-005,hardcandies,2
sub-005,redcabbage,2
sub-005,blackberries,4
sub-005,chickenfilletsgrilled,4
sub-005,cappuccino,4
sub-005,donutchocolatetopping,4
sub-005,cake,4
sub-005,quiche,4
sub-005,mandarins,4
sub-005,cookies,4
sub-005,sausages,2
sub-005,cake,4
sub-005,sachercake,3
sub-005,arugula,2
sub-005,peapod,3
sub-005,toblerone,3
sub-005,strawberrytartlet,4
sub-005,chocolatecakewithnuts,4
sub-005,grapewhites,3
sub-005,chipsfrenchfries,4
sub-005,blueberries,4
sub-005,avocado,3
sub-005,pizzahamandmushrooms,4
sub-005,kiwi,4
sub-005,nutscoveredinchocolate,4
sub-005,hamsandwichwithchips,4
sub-005,carrotscooked,1
sub-005,mixedlicorice,1
sub-005,chips,2
sub-005,liversausage,3
sub-005,pinenuts,3
sub-005,orange,4
sub-005,lollipops,2
sub-005,frenchtoast,4
sub-005,banana,4
sub-005,pretzelsticks,3
sub-005,chocolatecroissants,4
sub-005,creamroll,4
sub-005,spaghettiwithtomatosauce,3
sub-005,icecreamsandwiches,3
sub-005,ravioli,3
sub-005,hamburger,4
sub-005,pizzawithmushrooms,3
sub-005,cookedham,4
sub-005,cheeseburgerfrenchfriesandcola,4
sub-005,yellowbellpeppersliced,3
sub-005,oranges,4
sub-005,glassofgherkins,3
sub-005,fruitsalad,4
sub-005,spinach,2
sub-005,pastabake,2
sub-005,puffedricecoveredinchocolate,3
sub-005,jellycandies,1
sub-005,hotdog,3
sub-005,gummicandygoldbears,4
sub-005,troutwithpotatoespanfried,3
sub-005,pears,2
sub-005,shashlikwithbakedpotato,3
sub-005,oranges,4
sub-005,wildberriesmix,4
sub-005,tomatoandmozzarella,4
sub-005,donutchocolate,4
sub-005,frenchcruller,4
sub-005,curdwithchives,3
sub-005,glassofbeer,1
sub-005,hamsandwich,3
sub-005,spinach,2
sub-005,canardroasted,3
sub-005,mushroomsbrown,4
sub-005,chocolatemarshmallows,3
sub-005,chocolatepopsicles,4
sub-005,kitkatchocolatewaferbars,4
sub-005,meatpie,3
sub-005,nectarines,4
sub-005,chocolatemuffin,3
sub-005,pancakeswithblueberries,3
sub-005,chocolatecake,1
sub-005,frenchfrieschicken,2
sub-005,pastawithbacon,3
sub-005,croissants,4
sub-005,crispbread,2
sub-005,snackmix,3
sub-005,saladplate,1
sub-005,cherries,4
sub-005,pretzel,2
sub-005,apples,4
sub-005,redgrapes,4
sub-005,gummicandyandlicoricemix,2
sub-005,doughnutdonutjam,3
sub-005,lemoncake,3
sub-005,crispbreadwithcottagecheese,3
sub-005,apples,4
sub-005,sundaepeach,4
sub-005,chocolatecookies,4
sub-005,hamsandwich,3
sub-005,icecream,2
sub-005,oranges,3
sub-005,gardenradish,3
sub-005,strawberrycake,4
sub-005,potatoesandcorn,2
sub-005,kohlrabi,2
sub-005,cookiesmixed,4
sub-005,wildberriesmix,4
sub-005,rusk,4
sub-005,chocolateandvanillaicecream,3
sub-005,gherkinsliced,3
sub-005,oranges,4
sub-005,sundaewithraspberries,4
sub-005,greenbeans,2
sub-005,lettucelollorosso,2
sub-005,cheesecakewithcherrytopping,1
sub-005,cheese,3
sub-005,walnuts,3
sub-005,cake,1
sub-005,filledchocolates,3
sub-005,strawberries,4
sub-005,crispbreadwithcookedham,4
sub-005,platewithrawhamburgerpattiesandsausages,3
sub-005,veggiemixwithdip,2
sub-005,tomatoandmozzarellaskewer,4
sub-005,headofgreenlettuce,3
sub-005,raspberrycake,4
sub-005,hardcandies,3
sub-005,croissant,3
sub-005,roastbeef,3
sub-005,cornflakesandalmondscoveredinchocolate,4
sub-005,cheeseandcoldmeatplatter,2
sub-005,leek,3
sub-005,ricewaffles,2
sub-005,chips,3
sub-005,pastabake,2
sub-005,hamandcheesesandwich,3
sub-005,peascooked,4
sub-005,chocolatebar,2
sub-005,strawberries,4
sub-005,cornmaize,3
sub-005,fruits,4
sub-005,tomato,3
sub-005,rollsinabasket,4
sub-005,barsofwhitechocolate,4
sub-005,roll,3
sub-005,shashlik,3
sub-005,limes,2
sub-005,radishes,2
sub-005,toastwhitebread,2
sub-005,cheeseburger,3
sub-005,chocolatepieces,3
sub-005,artichoke,4
sub-005,camembert,3
sub-005,spareribswithfrenchfriesandsalad,3
sub-005,artichoke,1
sub-005,waterbottle,4
sub-005,openedchipsbag,3
sub-005,fishwithvegetablesgrilled,3
sub-005,cheeseburger,3
sub-005,lemons,2
sub-005,rigatoniwithvegetable,2
sub-005,bowlofsalad,3
sub-005,cheeseplatter,3
sub-005,chocolatecake,3
sub-005,cremebrulee,4
sub-005,chocolatemuffin,3
sub-005,spaghetti,3
sub-005,honeydewmelon,4
sub-005,blueberryastrawberrytartlet,3
sub-005,applepie,4
sub-005,chinesecabbage,2
sub-005,mueslibaroatmeal,2
sub-005,blacklicoricewheels,1
sub-005,cucumberandcarrot,2
sub-005,edamcheese,3
sub-005,breads,2
sub-005,salmon,3
sub-005,cheese,3
sub-005,fruitmixnectarinesraspberriescherries,4
sub-005,spaghettibolognese,3
sub-005,papaya,3
sub-005,gardenradish,3
sub-005,croissants,4
sub-005,mushroomswhite,3
sub-005,banana,3
sub-005,salamiroastedhamandcheese,3
sub-005,carrots,2
sub-005,mixedvegetables,2
sub-005,mmspeanut,3
sub-005,mixedvegetables,2
sub-005,vegetables,2
sub-005,donut,2
sub-005,waffle,3
sub-005,breakfastcereals,3
sub-005,cheeseplatter,2
sub-005,roll,4
sub-005,cake,2
sub-005,raspberries,3
sub-005,cake,3
sub-005,headoficeberglettuce,3
sub-005,cheeseburgerfrenchfriesandcola,3
sub-005,pastriesanddonuts,3
sub-005,hazelnut,2
sub-005,marblecake,1
sub-005,cucumberwithslices,2
sub-005,hotdog,3
sub-005,creamcakewithfruits,4
sub-005,popcorn,2
sub-005,sundae,4
sub-005,shrimp,3
sub-005,avocado,3
sub-005,almonds,3
sub-005,pizzaslicesassorted,3
sub-005,glassofredwine,1
sub-005,bowlofrice,2
sub-005,salmonwithvegetablesgrilled,2
sub-005,cookiefilledwithjelly,3
sub-005,waffles,2
sub-005,squashpumpkin,2
sub-005,vanillaandchocolateicecreamcone,2
sub-005,pancakes,4
sub-005,greenonionshallot,2
sub-005,mashedpotatoes,3
sub-005,papaya,2
sub-005,donutwithchocolatesprinkles,3
sub-005,spinachpotatoecasserole,2
sub-005,croissantwithbutterandjam,4
sub-005,barofchocolatewithnuts,3
sub-005,chocolatecake,1
sub-005,cherry,3
sub-005,pineapple,4
sub-005,butter,2
sub-005,germankrapfen,4
sub-005,germankrapfen,4
sub-005,redpaprikapeppers,3
sub-005,croissants,3
sub-005,hotdog,3
sub-005,loafofbread,3
sub-005,tortillachips,3
sub-005,artichoke,2
sub-005,strawberryicecreamcone,3
sub-005,peanuts,2
sub-005,roastedchicken,1
sub-005,potatoes,3
sub-005,zucchini,2
sub-005,meatpie,3
sub-005,crispreadwithcottagecheese,2
sub-005,pizzawithsalami,4
sub-005,greenapple,3
sub-005,cookiesfilledwithchocolatecream,4
sub-005,breadroll,3
sub-005,asparagus,3
sub-005,fennel,2
sub-005,sushirollwithcucumber,3
sub-005,chocolatebarfilledwithmilkcream,4
sub-005,raspberrycreamcake,3
sub-005,mixedvegetablescooked,3
sub-005,coloredchocolatebeans,1
sub-005,pizzawithsalami,3
sub-005,hamburgerwithbacon,3
sub-005,apples,4
sub-005,bowlofmuesligranola,4
sub-005,crackers,4
sub-005,cheeseplatter,3
sub-005,rasberries,3
sub-005,hamsandwichwithchips,4
sub-005,cheeseburgerfrenchfries,4
sub-005,vanillaicecreamcone,2
sub-005,peaches,3
sub-005,sushi,3
sub-005,lollipops,2
sub-005,mixedvegetables,3
sub-005,cauliflower,3
sub-005,bagel,3
sub-005,springonions,3
sub-005,doughnutdonutchocolate,4
sub-005,briecheese,4
sub-005,espresso,4
sub-005,cheddarcheese,3
sub-005,sliceofbreadtoppedwithchocolatecream,4
sub-005,friedegg,1
sub-005,cauliflower,1
sub-005,cakewithgelatinizedfruits,3
sub-005,cheesecake,4
sub-005,wildberriesmix,4
sub-005,minichocolatecakebar,3
sub-005,carambolastarfruit,2
sub-005,strawberrycake,4
sub-005,croissants,4
sub-005,roundshortbreadcookies,4
sub-005,somedifferentcakewedges,3
sub-005,filledroulade,3
sub-005,chocolatepopsiclewithnuts,4
sub-005,fishsticks,3
sub-005,cheesecakewithstrawberriesandcrumbles,4
sub-005,chips,4
sub-005,bowlofrice,3
sub-005,steakwithbackedpotatoandvegetables,2
sub-005,openedbarofchocolatewithnuts,3
sub-005,doughnutdonutplain,1
sub-005,mixedsalad,3
sub-005,pretzels,3
sub-005,cheeseplatter,4
sub-005,bowlofsalad,3
sub-005,soybeansprouts,3
sub-005,apples,4
sub-005,stracciatellacake,1
sub-005,minichocolatemarshmallows,3
sub-005,apple,3
sub-005,fruitcake,4
sub-005,redchilli,3
sub-005,blueberries,4
sub-005,pear,4
sub-005,fishsandwich,2
sub-005,greenasparagus,3
sub-005,yellowbellpepper,3
sub-005,vienneseschnitzel,4
sub-005,blackforestcake,4
sub-005,cucumberslice,4
sub-005,vegetables,4
sub-005,raffaelococonutwaferballs,3
sub-005,olives,2
sub-005,bread,4
sub-005,cookie,3
sub-005,chocolatetruffle,3
sub-005,marblecake,4
sub-005,steak,3
sub-005,hamsandwich,3
sub-005,grapes,3
sub-005,salmon,3
sub-005,tomatosliced,4
sub-005,pineapple,4
sub-005,chocolatecake,4
sub-005,crispbreadwithcottagecheese,4
sub-005,somebarsofchocolatestacked,4
sub-005,wildberriesmix,4
sub-005,paprikapeppersredgreenyellow,3
sub-005,mixedvegetables,2
sub-005,spaghettiwithtomatosauce,4
sub-005,sausagesfrankfurter,3
sub-005,chocolatecreamcake,3
sub-005,redcurrants,3
sub-005,tortellini,3
sub-005,raspberrycake,4
sub-005,marshmallowsflat,1
sub-005,peanuts,3
sub-005,cookedhamcut,3
sub-005,mixedvegetables,3
sub-005,peanutpuffs,4
sub-005,sproutspotatoescarrots,1
sub-005,pancakewithfruits,4
sub-005,watermelon,2
sub-005,filletofporkgrilled,3
sub-005,chocolatecake,4
sub-005,popcorn,3
sub-005,chickenraw,2
sub-005,baguette,4
sub-005,cherries,3
sub-005,pineapple,4
sub-005,beansandcarrotscooked,2
sub-005,germankrapfen,1
sub-005,pizzaveggiecheese,2
sub-005,raspberries,4
sub-005,pistachios,3
sub-005,muffin,3
sub-005,asparaguswithbechamelsauce,4
sub-005,appledanish,4
sub-005,donutsandpastries,4
sub-005,pizzawithmushroomsandbellpepper,4
sub-005,filledwaffles,4
sub-005,figs,4
sub-005,saladplate,4
sub-005,grapesred,1
sub-005,chocolateandstrawberryicecream,3
sub-005,spaghettiwithpesto,3
sub-005,veggiemixcucumbertomatopeppers,2
sub-005,beefsteakraw,3
sub-005,frenchfries,2
sub-005,headofcabbage,2
sub-005,vienneseschnitzelwithpotatoes,2
sub-005,smokedhambacon,3
sub-005,strawberries,4
sub-005,nicnaccrustypeanuts,1
sub-005,cake,2
sub-005,meatballspatties,3
sub-005,blackberry,2
sub-005,challahbraidedyeastbun,4
sub-005,strawberrycreamcake,4
sub-005,celery,3
sub-005,potatoewedges,3
sub-005,minicookieswithchocolateononeside,4
sub-005,cake,4
sub-005,sachercake,4
sub-005,frenchfries,4
sub-005,lemon,3
sub-005,barofchocolate,4
sub-005,eggboiled,4
sub-005,muffinwithgreentopping,3
sub-006,lemoncake,4
sub-006,cheeseburgerfrenchfriesandcola,2
sub-006,cookie,1
sub-006,wafflewithwhippedcream,4
sub-006,somebarsofchocolatestacked,1
sub-006,openedbarofchocolatewithnuts,3
sub-006,bowlofmuesligranola,1
sub-006,shashlikwithbakedpotato,2
sub-006,avocado,2
sub-006,spinach,1
sub-006,kitkatchocolatewaferbars,3
sub-006,cucumberslice,1
sub-006,breakfastcereals,1
sub-006,chocolatecake,1
sub-006,gardenradish,2
sub-006,briecheese,1
sub-006,chipsfrenchfries,1
sub-006,filledwaffles,1
sub-006,cheeseburger,3
sub-006,vegetables,1
sub-006,croissants,1
sub-006,chocolatecake,2
sub-006,crispbreadwithcookedham,1
sub-006,chips,1
sub-006,beefsteakraw,1
sub-006,platewithrawhamburgerpattiesandsausages,1
sub-006,barofchocolatewithnuts,3
sub-006,kohlrabi,1
sub-006,pear,2
sub-006,lemons,1
sub-006,eggboiled,1
sub-006,peanuts,1
sub-006,glassofredwine,1
sub-006,gummicandycola,1
sub-006,chinesecabbage,1
sub-006,redgrapes,2
sub-006,sushirolls,2
sub-006,croissants,2
sub-006,croissantwithbutterandjam,2
sub-006,cake,3
sub-006,potatoes,1
sub-006,strawberrycake,3
sub-006,steakwithbackedpotatoandvegetables,1
sub-006,pastameal,1
sub-006,redcabbage,1
sub-006,cookiesmixed,1
sub-006,creamcakewithfruits,1
sub-006,nutscoveredinchocolate,1
sub-006,chocolatebar,1
sub-006,honeydewmelon,1
sub-006,flatcakewithsalad,1
sub-006,germankrapfen,1
sub-006,marshmallowsflat,1
sub-006,glassofgherkins,2
sub-006,redbellpepper,1
sub-006,brusselssprouts,1
sub-006,wildberriesmix,2
sub-006,pickles,1
sub-006,jaffacookies,1
sub-006,lattemacchiato,1
sub-006,grapes,1
sub-006,shortbreads,1
sub-006,pretzelsticks,1
sub-006,mushroomsbrown,1
sub-006,chocolatemuffin,1
sub-006,cheeseplatter,1
sub-006,steakwithbackedpotatoandvegetables,2
sub-006,sushi,1
sub-006,pinenuts,1
sub-006,cutlet,1
sub-006,meatfilletsandvegetablesgrilled,1
sub-006,watermelon,1
sub-006,waffles,2
sub-006,grapefruit,1
sub-006,cake,1
sub-006,cake,1
sub-006,cheesecake,1
sub-006,hamsandwichwithchips,1
sub-006,glassofbeer,1
sub-006,blackberries,1
sub-006,challahbraidedyeastbunwithraisins,1
sub-006,croissant,3
sub-006,cornonacob,1
sub-006,glassoforangejuice,1
sub-006,frankfurtcrowncake,1
sub-006,steak,3
sub-006,oranges,2
sub-006,gherkinsliced,1
sub-006,yellowbellpepper,1
sub-006,salamiroastedhamandcheese,1
sub-006,paprikapeppersredgreenyellow,1
sub-006,raspberries,3
sub-006,gherkin,1
sub-006,piecesofchocolate,1
sub-006,grapesredandwhite,1
sub-006,cheese,1
sub-006,bread,1
sub-006,vanillaicecream,3
sub-006,tomatoes,1
sub-006,friedegg,1
sub-006,strawberrycreamcake,1
sub-006,raspberrycreamcake,1
sub-006,minichocolatemarshmallows,1
sub-006,glassofbeer,1
sub-006,vienneseschnitzelwithpotatoes,3
sub-006,filledroulade,1
sub-006,peascooked,1
sub-006,creamroll,1
sub-006,donut,1
sub-006,cake,1
sub-006,sachercake,1
sub-006,strawberries,1
sub-006,plateofsalad,1
sub-006,chiccory,1
sub-006,mixedvegetables,1
sub-006,pastabake,1
sub-006,marblecake,1
sub-006,frenchfries,2
sub-006,hamburgerwithbacon,3
sub-006,redpaprikapeppers,1
sub-006,cookiemix,1
sub-006,popcorn,1
sub-006,donerkebab,1
sub-006,papaya,1
sub-006,rasberry,1
sub-006,hamsandwichwithchips,1
sub-006,vegetables,1
sub-006,bowlofsalad,1
sub-006,lasagna,1
sub-006,spaghettiwithtomatosauce,1
sub-006,toffifayfilledcaramelcup,1
sub-006,cheeseburgerfrenchfries,1
sub-006,brusselssprouts,1
sub-006,hotdog,3
sub-006,blacklicoricewheels,1
sub-006,saladplate,1
sub-006,salmon,1
sub-006,breadroll,1
sub-006,frenchfries,1
sub-006,veggiemixwithdip,1
sub-006,meatpie,1
sub-006,cauliflower,1
sub-006,soybeansprouts,1
sub-006,pizzaslicesassorted,1
sub-006,oranges,1
sub-006,appledanish,1
sub-006,kiwis,1
sub-006,beefsteakraw,1
sub-006,donutsandpastries,1
sub-006,shrimp,1
sub-006,mixedvegetables,1
sub-006,pralines,1
sub-006,donutwithchocolatesprinkles,1
sub-006,saladplate,1
sub-006,fishwithvegetablesgrilled,1
sub-006,grapeswhite,1
sub-006,peanuts,1
sub-006,rusk,1
sub-006,cheeseburgerfrenchfriesandcola,1
sub-006,figs,1
sub-006,fruits,1
sub-006,sproutspotatoescarrots,1
sub-006,loafofbread,1
sub-006,jellycandies,1
sub-006,icecream,2
sub-006,camembert,1
sub-006,cucumberwithslices,1
sub-006,roastpotatoes,1
sub-006,chocolatebarfilledwithmilkcream,1
sub-006,sundae,4
sub-006,hotdog,4
sub-006,pizzahamandmushrooms,1
sub-006,chocolatepopsicles,1
sub-006,artichoke,1
sub-006,mandarins,1
sub-006,cheeseburger,1
sub-006,fennel,1
sub-006,asparaguswithbechamelsauce,1
sub-006,chocolatecreamcake,1
sub-006,openedchipsbag,1
sub-006,saladplate,1
sub-006,filledchocolates,1
sub-006,toastwithjam,1
sub-006,glassofwhitewine,1
sub-006,fruitsalad,1
sub-006,greenapple,1
sub-006,blackforestcake,1
sub-006,cakegugelhupf,1
sub-006,pears,1
sub-006,chocolatecakewithnuts,1
sub-006,gummicandygoldbears,1
sub-006,peanutpuffs,1
sub-006,cheeseandcoldmeatplatter,1
sub-006,headofgreenlettuce,1
sub-006,wienerschnitzel,1
sub-006,doughnutdonutjam,2
sub-006,arugula,1
sub-006,hamburger,1
sub-006,muffins,2
sub-006,potatoes,1
sub-006,chocolatetruffle,1
sub-006,chocolatepopsiclewithnuts,1
sub-006,lettuceiceberg,1
sub-006,spareribswithfrenchfriesandsalad,2
sub-006,chocolatemarshmallows,1
sub-006,pineapple,1
sub-006,frenchcruller,3
sub-006,quiche,1
sub-006,leek,1
sub-006,cherries,2
sub-006,saladplate,2
sub-006,greenasparagus,1
sub-006,cheese,1
sub-006,rasberries,3
sub-006,orange,2
sub-006,rigatoniwithvegetable,1
sub-006,lemon,1
sub-006,pears,2
sub-006,frenchfries,4
sub-006,yellowbellpeppersliced,1
sub-006,donutchocolate,4
sub-006,roastbeef,4
sub-006,veggiemixcucumbertomatopeppers,1
sub-006,filletofporkgrilled,2
sub-006,sausages,1
sub-006,baguette,2
sub-006,ricewaffles,1
sub-006,smokedhambacon,1
sub-006,edamcheese,1
sub-006,sachercake,3
sub-006,ravioli,1
sub-006,roastpork,3
sub-006,hamsandwich,3
sub-006,mixedvegetables,1
sub-006,toastwhitebread,1
sub-006,pastabake,1
sub-006,grapesred,3
sub-006,fruitplatemelonpineapplegrapes,4
sub-006,gummicandyandlicoricemix,1
sub-006,carrots,1
sub-006,muffinwithgreentopping,1
sub-006,snackmix,1
sub-006,knuckleofporkwithsauerkraut,1
sub-006,vienneseschnitzel,1
sub-006,somedifferentcakewedges,1
sub-006,hotdog,2
sub-006,chickenfilletsgrilled,1
sub-006,watermelon,2
sub-006,pancakewithfruits,4
sub-006,hamsandwich,4
sub-006,cappuccino,4
sub-006,icecreamwithchocolatebeans,3
sub-006,cornflakeswithmilk,2
sub-006,crispbreadwithcottagecheese,1
sub-006,mixedlicorice,1
sub-006,romanlettuce,1
sub-006,barsofwhitechocolate,2
sub-006,walnut,1
sub-006,potatoes,1
sub-006,strawberryicecreamcone,4
sub-006,vanillaicecreamcone,3
sub-006,roundshortbreadcookies,3
sub-006,cookedham,1
sub-006,hotdog,3
sub-006,chocolatecookies,4
sub-006,cheese,1
sub-006,chocolatepieces,1
sub-006,bowlofsalad,1
sub-006,rissole,1
sub-006,cheeseplatter,1
sub-006,cherry,1
sub-006,christmassweets,2
sub-006,nutscashews,2
sub-006,cookies,3
sub-006,germankrapfen,4
sub-006,wildberriesmix,4
sub-006,bagel,3
sub-006,sushirollwithcucumber,1
sub-006,challahbraidedyeastbun,2
sub-006,strawberries,2
sub-006,meatpie,1
sub-006,doughnutdonuticing,3
sub-006,cauliflower,1
sub-006,cheddarcheese,1
sub-006,bagelswithsesameandpoppyseed,2
sub-006,tunasandwiches,4
sub-006,cremebrulee,1
sub-006,tomatoandmozzarella,4
sub-006,gummibearswithextrasugar,1
sub-006,chocolatemuffin,3
sub-006,headofcabbage,1
sub-006,raffaelococonutwaferballs,1
sub-006,banana,3
sub-006,mixedsalad,2
sub-006,pastawithbacon,1
sub-006,redchilli,1
sub-006,onion,1
sub-006,tortellini,2
sub-006,headofgreenlettuce,1
sub-006,mixedvegetables,1
sub-006,hazelnuts,1
sub-006,hardcandies,1
sub-006,raspberrycandies,1
sub-006,sliceofbreadtoppedwithchocolatecream,2
sub-006,meatballspatties,1
sub-006,toblerone,3
sub-006,peaches,1
sub-006,tomatosliced,1
sub-006,crispbreadwithcottagecheese,1
sub-006,cookiesfilledwithchocolatecream,3
sub-006,banana,3
sub-006,chocolatecake,2
sub-006,hamandcheesesandwich,2
sub-006,greenbellpepper,1
sub-006,barofchocolate,2
sub-006,spaghettiwithpesto,1
sub-006,roastbeef,4
sub-006,bowlofrice,1
sub-006,shortbread,2
sub-006,limes,1
sub-006,mixedvegetables,1
sub-006,chickenraw,1
sub-006,kiwi,2
sub-006,cake,1
sub-006,roll,2
sub-006,applepie,4
sub-006,mashedpotatoes,3
sub-006,raspberrycake,3
sub-006,parsley,1
sub-006,crispbread,1
sub-006,cakewithpowderedsugar,2
sub-006,pizzawithsalami,3
sub-006,tomatoandmozzarellaskewer,1
sub-006,banana,3
sub-006,redcurrants,1
sub-006,mmspeanut,4
sub-006,tortillachips,2
sub-006,greenonionshallot,1
sub-006,carambolastarfruit,1
sub-006,gardenradish,1
sub-006,celery,1
sub-006,oranges,2
sub-006,pastries,1
sub-006,sausagesfrankfurter,1
sub-006,pizzawithmushroomsandbellpepper,1
sub-006,cheesecakewithstrawberriesandcrumbles,2
sub-006,carrots,1
sub-006,salmon,1
sub-006,strawberries,2
sub-006,muffins,1
sub-006,chroisant,3
sub-006,strawberries,2
sub-006,friedsausagewithroll,4
sub-006,apples,2
sub-006,marzipanchocolate,1
sub-006,carrots,1
sub-006,canardroasted,4
sub-006,salmonsushi,3
sub-006,cantaloup,3
sub-006,grilledbavariansausage,4
sub-006,chocolatebarbite,3
sub-006,cheeseburger,3
sub-006,bowlofrice,1
sub-006,grapewhites,3
sub-006,cheeseburger,2
sub-006,sundaewithraspberries,4
sub-006,fruitcake,2
sub-006,waterbottle,1
sub-006,chocolateandvanillaicecream,3
sub-006,strawberrytartlet,4
sub-006,peach,3
sub-006,paprikapeppersredyelloworange,1
sub-006,pizzawithsalami,1
sub-006,gooseroasted,3
sub-006,raspberrycreamcake,1
sub-006,spaghettiwithtomatosauce,1
sub-006,apples,1
sub-006,mixedsalad,1
sub-006,mixedvegetables,1
sub-006,blackberry,1
sub-006,nicnaccrustypeanuts,1
sub-006,hardcandies,1
sub-006,radishes,1
sub-006,zucchini,1
sub-006,zucchini,1
sub-006,chocolatebarfilledwithstrawberryandyogurtcream,3
sub-006,greenbeans,1
sub-006,cornmaize,1
sub-006,chocolatepopsiclewithnuts,3
sub-006,potatoesandcorn,1
sub-006,blueberryastrawberrytartlet,4
sub-006,pancakes,4
sub-006,tomatoes,3
sub-006,pancakeswithblueberries,4
sub-006,pretzel,2
sub-006,cake,4
sub-006,raspberrycake,3
sub-006,fennel,1
sub-006,cookie,4
sub-006,germankrapfen,4
sub-006,greenpaprikapeppers,1
sub-006,strawberryhalf,3
sub-006,spinachpotatoecasserole,1
sub-006,lollipops,1
sub-006,apples,2
sub-006,cheesecakewithcherrytopping,4
sub-006,hardcandies,1
sub-006,lasagna,3
sub-006,curdwithchives,1
sub-006,sausage,1
sub-006,eclair,4
sub-006,wildberriesmix,2
sub-006,oranges,3
sub-006,stracciatellacake,3
sub-006,ravioli,1
sub-006,chives,1
sub-006,chips,3
sub-006,cutlet,4
sub-006,chocolatecookie,3
sub-006,peanuts,1
sub-006,toast,2
sub-006,cheeseplatter,1
sub-006,cucumberandcarrot,1
sub-006,potatogratin,1
sub-006,filledcookiewithwalnut,3
sub-006,fishsticks,1
sub-006,roll,2
sub-006,cookiefilledwithjelly,3
sub-006,wildberriesmix,4
sub-006,beefsteakraw,1
sub-006,chocolatecandybar,4
sub-006,tagliatelle,1
sub-006,spaghetti,1
sub-006,croissant,3
sub-006,almonds,1
sub-006,bread,2
sub-006,chickenroasted,3
sub-006,potatoewedges,4
sub-006,minichocolatecakebar,4
sub-006,chocolatecake,4
sub-006,hamsandwich,4
sub-006,walnuts,1
sub-006,bloodoranges,1
sub-006,springonions,1
sub-006,cookiesfilledwithchocolatecream,3
sub-006,croissants,4
sub-006,butter,1
sub-006,crispbreadwithcottagecheese,1
sub-006,peapod,1
sub-006,chocolatecroissants,3
sub-006,sugarsnappea,1
sub-006,mushroomswhite,1
sub-006,croissants,3
sub-006,tomato,1
sub-006,squashpumpkin,1
sub-006,artichoke,1
sub-006,mueslibaroatmeal,3
sub-006,apples,2
sub-006,lollipops,1
sub-006,fruits,1
sub-006,sandwichroastbeef,4
sub-006,frenchfriesandchickendrumsticks,3
sub-006,pizzaveggiecheese,1
sub-006,cakewithtangerines,3
sub-006,chips,4
sub-006,cookiesoreos,3
sub-006,donerkebab,2
sub-006,browniewithnuts,2
sub-006,blueberries,4
sub-006,chocolatebarbroken,3
sub-006,apple,3
sub-006,mixedvegetablescooked,1
sub-006,artichoke,1
sub-006,waffle,2
sub-006,lettucelollorosso,1
sub-006,spaghettibolognese,1
sub-006,hazelnut,1
sub-006,grapes,3
sub-006,burgerpattywithfrenchfriesandsalad,3
sub-006,eggsineggboard,1
sub-006,rollsinabasket,3
sub-006,hamsandwich,2
sub-006,pizzasalami,3
sub-006,bagelwithcreamcheeseandvegetables,1
sub-006,blueberries,4
sub-006,espresso,4
sub-006,minicookieswithchocolateononeside,3
sub-006,cauliflower,1
sub-006,cake,3
sub-006,popcorn,2
sub-006,crispbread,1
sub-006,puffedricecoveredinchocolate,3
sub-006,roastedchicken,3
sub-006,piecesoffruit,3
sub-006,raspberrycake,3
sub-006,salamisausage,1
sub-006,chocolatecake,1
sub-006,pretzels,2
sub-006,pastabake,2
sub-006,salmonwithvegetablesgrilled,1
sub-006,breads,3
sub-006,emmentalercheese,1
sub-006,papaya,3
sub-006,fruitmixnectarinesraspberriescherries,4
sub-006,chocolatecookie,3
sub-006,muffin,3
sub-006,mixedvegetables,1
sub-006,tomatoes,3
sub-006,crackers,3
sub-006,carrots,1
sub-006,chips,3
sub-006,spaghettiwithtomatosauce,1
sub-006,cakewithgelatinizedfruits,4
sub-006,sushiwithsalmon,3
sub-006,headoficeberglettuce,1
sub-006,bowlofmuesligranola,3
sub-006,beansandcarrotscooked,1
sub-006,chocolatemuffin,3
sub-006,vanillaandchocolateicecreamcone,4
sub-006,pastriesanddonuts,2
sub-006,pizzawithmushrooms,1
sub-006,fruitmixkiwicherriesstrawberries,3
sub-006,fishsandwich,2
sub-006,chocolateandstrawberryicecream,4
sub-006,wildberriesmix,4
sub-006,lemon1half,1
sub-006,pineapple,1
sub-006,spareribswithfrenchfriesandsalad,3
sub-006,cheeseplatter,1
sub-006,crispreadwithcottagecheese,1
sub-006,carrotscooked,1
sub-006,pomegranate,1
sub-006,marblecake,2
sub-006,broccoli,2
sub-006,chocolatebiscuit,2
sub-006,raspberries,4
sub-006,icecreamsandwiches,2
sub-006,camembert,1
sub-006,roulade,2
sub-006,troutwithpotatoespanfried,1
sub-006,sundaepeach,3
sub-006,avocado,1
sub-006,croissants,2
sub-006,greenchili,1
sub-006,strawberrycake,4
sub-006,germankrapfen,4
sub-006,coloredchocolatebeans,4
sub-006,cherries,4
sub-006,doughnutdonutchocolate,4
sub-006,cornflakesandalmondscoveredinchocolate,4
sub-006,shashlik,4
sub-006,winegum,1
sub-006,pistachios,1
sub-006,salmon,1
sub-006,cookedhamcut,1
sub-006,pineapple,1
sub-006,frenchtoast,3
sub-006,nectarines,2
sub-006,doughnutdonutplain,3
sub-006,donutchocolatetopping,4
sub-006,asparagus,1
sub-006,frenchfrieschicken,3
sub-006,liversausage,1
sub-006,olives,1
sub-006,peascornandpotatos,1
sub-006,spinach,1
sub-006,chocolatemuffin,3
sub-006,muffins,3
sub-007,fishwithvegetablesgrilled,3
sub-007,liversausage,2
sub-007,germankrapfen,4
sub-007,cornflakesandalmondscoveredinchocolate,4
sub-007,brusselssprouts,2
sub-007,raspberrycake,4
sub-007,lemons,3
sub-007,grapewhites,4
sub-007,roll,2
sub-007,potatoewedges,4
sub-007,chickenfilletsgrilled,3
sub-007,strawberries,3
sub-007,artichoke,2
sub-007,kiwi,3
sub-007,hazelnuts,4
sub-007,rollsinabasket,4
sub-007,chips,3
sub-007,arugula,1
sub-007,zucchini,2
sub-007,grapesred,3
sub-007,winegum,4
sub-007,cheeseplatter,2
sub-007,cremebrulee,4
sub-007,fennel,2
sub-007,fishsticks,3
sub-007,banana,3
sub-007,croissants,4
sub-007,croissants,4
sub-007,ravioli,1
sub-007,cornflakeswithmilk,4
sub-007,hamsandwichwithchips,3
sub-007,wildberriesmix,2
sub-007,glassofbeer,1
sub-007,tomatoes,2
sub-007,beansandcarrotscooked,2
sub-007,croissants,4
sub-007,strawberryicecreamcone,4
sub-007,pizzawithmushrooms,3
sub-007,cake,3
sub-007,edamcheese,1
sub-007,bowlofsalad,4
sub-007,breakfastcereals,4
sub-007,blackberry,2
sub-007,breadroll,3
sub-007,tomatoes,2
sub-007,cornmaize,3
sub-007,lemon,2
sub-007,vanillaandchocolateicecreamcone,4
sub-007,crispreadwithcottagecheese,1
sub-007,cheesecake,3
sub-007,sachercake,3
sub-007,strawberrycake,3
sub-007,artichoke,2
sub-007,mixedvegetables,2
sub-007,barofchocolate,3
sub-007,chickenroasted,4
sub-007,chocolatepopsiclewithnuts,4
sub-007,browniewithnuts,4
sub-007,challahbraidedyeastbunwithraisins,3
sub-007,cake,3
sub-007,fruits,2
sub-007,cake,3
sub-007,raspberrycake,3
sub-007,cheeseburger,2
sub-007,bagelswithsesameandpoppyseed,3
sub-007,cheeseplatter,2
sub-007,celery,1
sub-007,headofgreenlettuce,4
sub-007,roulade,3
sub-007,mashedpotatoes,2
sub-007,chocolatecake,4
sub-007,jellycandies,3
sub-007,apples,3
sub-007,cheeseandcoldmeatplatter,1
sub-007,asparaguswithbechamelsauce,2
sub-007,cheeseburgerfrenchfries,3
sub-007,cauliflower,2
sub-007,meatpie,3
sub-007,openedchipsbag,2
sub-007,croissantwithbutterandjam,4
sub-007,fruitcake,3
sub-007,bagelwithcreamcheeseandvegetables,2
sub-007,chocolateandvanillaicecream,4
sub-007,peapod,2
sub-007,sundaewithraspberries,3
sub-007,doughnutdonutchocolate,4
sub-007,hardcandies,2
sub-007,waterbottle,3
sub-007,tortellini,1
sub-007,barofchocolatewithnuts,4
sub-007,headofgreenlettuce,3
sub-007,pears,3
sub-007,sundaepeach,3
sub-007,banana,3
sub-007,oranges,4
sub-007,gooseroasted,3
sub-007,peascooked,2
sub-007,toffifayfilledcaramelcup,4
sub-007,onion,2
sub-007,banana,3
sub-007,sandwichroastbeef,4
sub-007,chocolatecake,3
sub-007,limes,2
sub-007,cakegugelhupf,3
sub-007,chocolateandstrawberryicecream,3
sub-007,filledroulade,1
sub-007,pineapple,3
sub-007,germankrapfen,4
sub-007,salamisausage,2
sub-007,potatoes,2
sub-007,apple,3
sub-007,greenbellpepper,3
sub-007,roastpotatoes,2
sub-007,pretzels,3
sub-007,blackberries,2
sub-007,romanlettuce,2
sub-007,marblecake,3
sub-007,broccoli,2
sub-007,redbellpepper,2
sub-007,greenonionshallot,2
sub-007,sushi,3
sub-007,pastriesanddonuts,4
sub-007,chocolatecandybar,4
sub-007,cutlet,1
sub-007,cake,3
sub-007,shortbreads,3
sub-007,carrots,2
sub-007,icecreamsandwiches,3
sub-007,yellowbellpeppersliced,2
sub-007,glassoforangejuice,3
sub-007,paprikapeppersredgreenyellow,2
sub-007,chocolatemuffin,3
sub-007,fruitmixkiwicherriesstrawberries,3
sub-007,appledanish,3
sub-007,pizzasalami,3
sub-007,wafflewithwhippedcream,4
sub-007,figs,3
sub-007,spinach,1
sub-007,vienneseschnitzelwithpotatoes,4
sub-007,rissole,2
sub-007,chocolatecookie,4
sub-007,cheese,3
sub-007,cheeseburgerfrenchfriesandcola,3
sub-007,spaghettiwithtomatosauce,1
sub-007,marzipanchocolate,2
sub-007,chocolatecake,4
sub-007,tortillachips,3
sub-007,chocolatebarfilledwithmilkcream,4
sub-007,frenchfrieschicken,4
sub-007,icecreamwithchocolatebeans,4
sub-007,watermelon,3
sub-007,almonds,3
sub-007,shashlik,3
sub-007,chocolatecake,4
sub-007,radishes,2
sub-007,vienneseschnitzel,3
sub-007,piecesofchocolate,4
sub-007,cucumberwithslices,2
sub-007,hamsandwich,3
sub-007,creamcakewithfruits,3
sub-007,troutwithpotatoespanfried,3
sub-007,christmassweets,3
sub-007,donerkebab,3
sub-007,eclair,3
sub-007,mixedvegetables,2
sub-007,icecream,4
sub-007,somedifferentcakewedges,3
sub-007,camembert,3
sub-007,pears,1
sub-007,vanillaicecream,4
sub-007,raspberries,2
sub-007,hamburger,1
sub-007,chocolatemuffin,3
sub-007,glassofgherkins,2
sub-007,fruitplatemelonpineapplegrapes,3
sub-007,carrots,2
sub-007,pizzahamandmushrooms,3
sub-007,brusselssprouts,2
sub-007,loafofbread,3
sub-007,bowlofsalad,3
sub-007,eggboiled,2
sub-007,cauliflower,2
sub-007,pastameal,1
sub-007,cookiesmixed,3
sub-007,chocolatecookie,4
sub-007,mixedlicorice,2
sub-007,minicookieswithchocolateononeside,3
sub-007,toastwhitebread,3
sub-007,chocolatebarbroken,4
sub-007,potatoesandcorn,2
sub-007,minichocolatecakebar,4
sub-007,cheeseburger,3
sub-007,salmon,4
sub-007,pickles,2
sub-007,saladplate,3
sub-007,sausages,2
sub-007,breads,4
sub-007,crispbread,3
sub-007,gardenradish,2
sub-007,germankrapfen,4
sub-007,sausagesfrankfurter,2
sub-007,cookies,2
sub-007,cakewithtangerines,3
sub-007,headofcabbage,2
sub-007,donutchocolate,4
sub-007,puffedricecoveredinchocolate,4
sub-007,cakewithpowderedsugar,3
sub-007,bloodoranges,3
sub-007,chroisant,3
sub-007,marshmallowsflat,3
sub-007,cheeseburgerfrenchfriesandcola,3
sub-007,chocolatecroissants,4
sub-007,friedegg,2
sub-007,saladplate,2
sub-007,sundae,3
sub-007,cucumberandcarrot,2
sub-007,hotdog,1
sub-007,chocolatecookies,3
sub-007,filledcookiewithwalnut,3
sub-007,mixedsalad,4
sub-007,jaffacookies,4
sub-007,emmentalercheese,3
sub-007,smokedhambacon,3
sub-007,mixedvegetablescooked,2
sub-007,roastpork,3
sub-007,briecheese,3
sub-007,cucumberslice,3
sub-007,greenchili,1
sub-007,frenchfries,4
sub-007,fruits,2
sub-007,peanuts,1
sub-007,mandarins,2
sub-007,platewithrawhamburgerpattiesandsausages,2
sub-007,raspberrycreamcake,3
sub-007,lasagna,3
sub-007,lemoncake,3
sub-007,gummicandycola,3
sub-007,hamsandwich,3
sub-007,potatoes,3
sub-007,raspberries,2
sub-007,curdwithchives,1
sub-007,papaya,1
sub-007,pizzawithmushroomsandbellpepper,2
sub-007,doughnutdonutjam,3
sub-007,marblecake,3
sub-007,blackforestcake,3
sub-007,cantaloup,3
sub-007,grapeswhite,4
sub-007,redpaprikapeppers,2
sub-007,chocolatebarfilledwithstrawberryandyogurtcream,4
sub-007,beefsteakraw,2
sub-007,fruitsalad,3
sub-007,grapes,3
sub-007,pastabake,3
sub-007,tomatoandmozzarella,3
sub-007,spinach,1
sub-007,waffle,4
sub-007,doughnutdonuticing,3
sub-007,donutwithchocolatesprinkles,3
sub-007,cookedhamcut,2
sub-007,cutlet,3
sub-007,meatballspatties,3
sub-007,salmon,4
sub-007,oranges,2
sub-007,strawberries,3
sub-007,greenasparagus,3
sub-007,carrots,2
sub-007,fennel,2
sub-007,pinenuts,2
sub-007,cheeseburger,2
sub-007,frenchtoast,4
sub-007,roll,3
sub-007,salamiroastedhamandcheese,2
sub-007,spaghetti,3
sub-007,baguette,4
sub-007,lollipops,2
sub-007,mixedvegetables,1
sub-007,cookiesfilledwithchocolatecream,3
sub-007,hamsandwichwithchips,1
sub-007,pancakewithfruits,3
sub-007,blueberries,4
sub-007,mixedvegetables,1
sub-007,muffins,3
sub-007,wienerschnitzel,3
sub-007,kohlrabi,1
sub-007,blueberryastrawberrytartlet,3
sub-007,cake,3
sub-007,cheesecakewithstrawberriesandcrumbles,3
sub-007,chiccory,1
sub-007,minichocolatemarshmallows,3
sub-007,carrotscooked,1
sub-007,croissant,4
sub-007,donutsandpastries,4
sub-007,chips,3
sub-007,cakewithgelatinizedfruits,2
sub-007,cheese,4
sub-007,crackers,3
sub-007,saladplate,3
sub-007,tagliatelle,4
sub-007,frankfurtcrowncake,3
sub-007,cookiefilledwithjelly,3
sub-007,chives,2
sub-007,peanuts,2
sub-007,cookie,3
sub-007,barsofwhitechocolate,3
sub-007,shortbread,3
sub-007,chocolatemarshmallows,4
sub-007,sausage,1
sub-007,rasberry,2
sub-007,crispbreadwithcottagecheese,1
sub-007,glassofwhitewine,3
sub-007,strawberryhalf,3
sub-007,hotdog,2
sub-007,beefsteakraw,4
sub-007,openedbarofchocolatewithnuts,3
sub-007,pistachios,2
sub-007,grilledbavariansausage,2
sub-007,cheeseplatter,3
sub-007,vanillaicecreamcone,3
sub-007,crispbreadwithcottagecheese,1
sub-007,cookiesoreos,4
sub-007,pizzawithsalami,2
sub-007,nectarines,2
sub-007,roastedchicken,3
sub-007,strawberrycreamcake,3
sub-007,pastries,4
sub-007,papaya,2
sub-007,germankrapfen,4
sub-007,bowlofrice,3
sub-007,sushiwithsalmon,4
sub-007,hamsandwich,3
sub-007,stracciatellacake,4
sub-007,chocolatepopsicles,4
sub-007,spareribswithfrenchfriesandsalad,4
sub-007,grapes,3
sub-007,quiche,2
sub-007,canardroasted,3
sub-007,carambolastarfruit,2
sub-007,paprikapeppersredyelloworange,2
sub-007,sachercake,4
sub-007,chocolatepopsiclewithnuts,4
sub-007,popcorn,3
sub-007,roastbeef,3
sub-007,avocado,2
sub-007,kiwis,2
sub-007,doughnutdonutplain,4
sub-007,tomatosliced,2
sub-007,leek,1
sub-007,steak,3
sub-007,croissant,4
sub-007,roundshortbreadcookies,3
sub-007,grapesredandwhite,3
sub-007,olives,2
sub-007,raspberrycreamcake,2
sub-007,parsley,1
sub-007,sushirollwithcucumber,3
sub-007,spaghettiwithtomatosauce,1
sub-007,cookie,3
sub-007,challahbraidedyeastbun,3
sub-007,sliceofbreadtoppedwithchocolatecream,4
sub-007,filledchocolates,3
sub-007,cheese,3
sub-007,gherkin,1
sub-007,hamburgerwithbacon,3
sub-007,pomegranate,2
sub-007,pretzel,3
sub-007,shrimp,3
sub-007,apples,3
sub-007,blueberries,4
sub-007,butter,2
sub-007,orange,3
sub-007,sushirolls,2
sub-007,peanutpuffs,3
sub-007,creamroll,3
sub-007,meatpie,2
sub-007,springonions,2
sub-007,chocolatetruffle,3
sub-007,apples,2
sub-007,greenbeans,2
sub-007,knuckleofporkwithsauerkraut,1
sub-007,hamandcheesesandwich,3
sub-007,fruitmixnectarinesraspberriescherries,3
sub-007,oranges,3
sub-007,sugarsnappea,2
sub-007,potatogratin,3
sub-007,mixedvegetables,1
sub-007,chickenraw,3
sub-007,walnuts,2
sub-007,gummicandygoldbears,3
sub-007,avocado,2
sub-007,fishsandwich,3
sub-007,mixedvegetables,1
sub-007,toast,3
sub-007,camembert,3
sub-007,zucchini,2
sub-007,donutchocolatetopping,4
sub-007,donut,3
sub-007,veggiemixwithdip,2
sub-007,filledwaffles,3
sub-007,pizzawithsalami,3
sub-007,muffins,2
sub-007,salmonwithvegetablesgrilled,2
sub-007,spaghettibolognese,1
sub-007,redcabbage,3
sub-007,pastawithbacon,1
sub-007,squashpumpkin,1
sub-007,hardcandies,2
sub-007,lettucelollorosso,3
sub-007,mixedsalad,3
sub-007,nutscashews,2
sub-007,ricewaffles,2
sub-007,mixedvegetables,2
sub-007,tomatoandmozzarellaskewer,2
sub-007,popcorn,3
sub-007,mushroomsbrown,2
sub-007,croissants,4
sub-007,lemon1half,2
sub-007,lettuceiceberg,2
sub-007,cheddarcheese,3
sub-007,chocolatecakewithnuts,4
sub-007,spareribswithfrenchfriesandsalad,2
sub-007,hardcandies,2
sub-007,chocolatemuffin,4
sub-007,frenchfries,1
sub-007,toastwithjam,3
sub-007,pizzaveggiecheese,2
sub-007,rasberries,2
sub-007,vegetables,1
sub-007,rusk,3
sub-007,soybeansprouts,3
sub-007,burgerpattywithfrenchfriesandsalad,3
sub-007,spaghettiwithpesto,2
sub-007,peach,2
sub-007,strawberries,3
sub-007,coloredchocolatebeans,2
sub-007,frenchcruller,4
sub-007,cauliflower,2
sub-007,chipsfrenchfries,4
sub-007,redcurrants,2
sub-007,greenapple,3
sub-007,pastabake,2
sub-007,muffins,3
sub-007,gherkinsliced,2
sub-007,kitkatchocolatewaferbars,3
sub-007,raspberrycake,3
sub-007,wildberriesmix,2
sub-007,toblerone,3
sub-007,mmspeanut,3
sub-007,chocolatecreamcake,3
sub-007,mushroomswhite,2
sub-007,chips,3
sub-007,nicnaccrustypeanuts,3
sub-007,cherry,2
sub-007,asparagus,3
sub-007,watermelon,3
sub-007,friedsausagewithroll,3
sub-007,pineapple,3
sub-007,apples,3
sub-007,plateofsalad,2
sub-007,hazelnut,3
sub-007,espresso,3
sub-007,sproutspotatoescarrots,2
sub-007,strawberrycake,3
sub-007,tomato,2
sub-007,tunasandwiches,2
sub-007,redgrapes,3
sub-007,blacklicoricewheels,1
sub-007,tomatoes,2
sub-007,crispbread,3
sub-007,frenchfries,1
sub-007,chocolatebiscuit,4
sub-007,cookiemix,3
sub-007,ravioli,2
sub-007,beefsteakraw,4
sub-007,chocolatebarbite,4
sub-007,cake,3
sub-007,bowlofmuesligranola,3
sub-007,wildberriesmix,2
sub-007,filletofporkgrilled,4
sub-007,meatfilletsandvegetablesgrilled,4
sub-007,cappuccino,3
sub-007,bread,3
sub-007,wildberriesmix,2
sub-007,gummicandyandlicoricemix,3
sub-007,pralines,3
sub-007,lollipops,2
sub-007,muffin,4
sub-007,frenchfriesandchickendrumsticks,4
sub-007,steakwithbackedpotatoandvegetables,4
sub-007,eggsineggboard,3
sub-007,salmonsushi,4
sub-007,salmon,3
sub-007,piecesoffruit,2
sub-007,crispbreadwithcottagecheese,1
sub-007,peaches,2
sub-007,pastabake,1
sub-007,croissants,4
sub-007,spinachpotatoecasserole,1
sub-007,hamsandwich,3
sub-007,mueslibaroatmeal,3
sub-007,cake,3
sub-007,pear,3
sub-007,veggiemixcucumbertomatopeppers,2
sub-007,chips,3
sub-007,shashlikwithbakedpotato,3
sub-007,chocolatecake,3
sub-007,bowlofrice,3
sub-007,gummibearswithextrasugar,2
sub-007,raffaelococonutwaferballs,2
sub-007,bread,3
sub-007,yellowbellpepper,2
sub-007,hotdog,1
sub-007,cookiesfilledwithchocolatecream,3
sub-007,saladplate,3
sub-007,pretzelsticks,4
sub-007,pizzaslicesassorted,3
sub-007,glassofredwine,3
sub-007,lattemacchiato,3
sub-007,roastbeef,4
sub-007,waffles,4
sub-007,gardenradish,1
sub-007,spaghettiwithtomatosauce,1
sub-007,crispbreadwithcookedham,2
sub-007,nutscoveredinchocolate,4
sub-007,chinesecabbage,3
sub-007,potatoes,3
sub-007,applepie,3
sub-007,cherries,2
sub-007,cornonacob,3
sub-007,redchilli,3
sub-007,somebarsofchocolatestacked,3
sub-007,chocolatemuffin,4
sub-007,cheeseburger,2
sub-007,grapefruit,2
sub-007,raspberrycandies,2
sub-007,honeydewmelon,2
sub-007,peanuts,2
sub-007,glassofbeer,2
sub-007,cheesecakewithcherrytopping,3
sub-007,wildberriesmix,2
sub-007,strawberrytartlet,3
sub-007,cheeseplatter,3
sub-007,rigatoniwithvegetable,2
sub-007,chocolatebar,4
sub-007,artichoke,2
sub-007,peascornandpotatos,1
sub-007,cherries,2
sub-007,flatcakewithsalad,1
sub-007,carrots,2
sub-007,pineapple,3
sub-007,oranges,3
sub-007,pancakes,4
sub-007,walnut,2
sub-007,chocolatepieces,3
sub-007,hotdog,3
sub-007,lasagna,1
sub-007,cookedham,3
sub-007,greenpaprikapeppers,3
sub-007,steakwithbackedpotatoandvegetables,4
sub-007,bagel,3
sub-007,headoficeberglettuce,4
sub-007,strawberries,3
sub-007,donerkebab,1
sub-007,muffinwithgreentopping,2
sub-007,snackmix,3
sub-007,bowlofmuesligranola,3
sub-007,vegetables,2
sub-007,pancakeswithblueberries,4
sub-008,saladplate,3
sub-008,burgerpattywithfrenchfriesandsalad,4
sub-008,tomatoes,3
sub-008,cremebrulee,4
sub-008,avocado,1
sub-008,artichoke,1
sub-008,chocolatecake,3
sub-008,bowlofsalad,4
sub-008,chocolateandvanillaicecream,2
sub-008,lettucelollorosso,4
sub-008,blueberries,4
sub-008,ravioli,3
sub-008,spareribswithfrenchfriesandsalad,4
sub-008,roastedchicken,3
sub-008,wildberriesmix,4
sub-008,cookedham,1
sub-008,chocolatecake,3
sub-008,chocolatepieces,2
sub-008,bagelswithsesameandpoppyseed,3
sub-008,mixedvegetables,2
sub-008,cakegugelhupf,2
sub-008,cantaloup,2
sub-008,mueslibaroatmeal,4
sub-008,plateofsalad,3
sub-008,glassofbeer,1
sub-008,gummibearswithextrasugar,3
sub-008,filledroulade,1
sub-008,spinach,1
sub-008,pancakewithfruits,4
sub-008,germankrapfen,4
sub-008,cookie,2
sub-008,snackmix,4
sub-008,muffin,3
sub-008,germankrapfen,3
sub-008,cheeseburgerfrenchfriesandcola,3
sub-008,cutlet,4
sub-008,openedchipsbag,4
sub-008,fennel,2
sub-008,rasberry,4
sub-008,chocolatepopsiclewithnuts,2
sub-008,fruits,2
sub-008,pastriesanddonuts,4
sub-008,doughnutdonutplain,4
sub-008,chocolatepopsicles,2
sub-008,pretzel,2
sub-008,chocolatecreamcake,2
sub-008,mixedvegetables,2
sub-008,carrots,1
sub-008,muffins,2
sub-008,arugula,3
sub-008,artichoke,1
sub-008,bowlofmuesligranola,3
sub-008,croissantwithbutterandjam,2
sub-008,chocolatecookie,4
sub-008,blackforestcake,4
sub-008,nutscashews,3
sub-008,platewithrawhamburgerpattiesandsausages,1
sub-008,pears,1
sub-008,brusselssprouts,1
sub-008,chinesecabbage,1
sub-008,roundshortbreadcookies,4
sub-008,doughnutdonuticing,3
sub-008,bread,2
sub-008,rusk,2
sub-008,stracciatellacake,4
sub-008,vienneseschnitzelwithpotatoes,4
sub-008,raspberrycreamcake,4
sub-008,cake,3
sub-008,carrots,1
sub-008,raspberrycreamcake,4
sub-008,sliceofbreadtoppedwithchocolatecream,3
sub-008,pastabake,3
sub-008,cake,4
sub-008,strawberrytartlet,4
sub-008,muffinwithgreentopping,1
sub-008,eggsineggboard,1
sub-008,chocolatebarfilledwithstrawberryandyogurtcream,3
sub-008,pancakes,4
sub-008,wildberriesmix,4
sub-008,sproutspotatoescarrots,1
sub-008,filledchocolates,4
sub-008,fishsandwich,3
sub-008,lattemacchiato,1
sub-008,strawberrycake,4
sub-008,creamroll,2
sub-008,pastabake,2
sub-008,salamiroastedhamandcheese,2
sub-008,fishsticks,2
sub-008,cornflakeswithmilk,2
sub-008,minichocolatemarshmallows,2
sub-008,donutchocolatetopping,4
sub-008,mixedvegetablescooked,2
sub-008,cookiemix,4
sub-008,watermelon,1
sub-008,briecheese,3
sub-008,cornmaize,3
sub-008,piecesoffruit,3
sub-008,pizzawithmushrooms,4
sub-008,troutwithpotatoespanfried,4
sub-008,almonds,2
sub-008,apple,3
sub-008,leek,1
sub-008,chocolatemuffin,4
sub-008,lasagna,2
sub-008,gherkin,1
sub-008,chocolatetruffle,4
sub-008,orange,3
sub-008,shortbread,2
sub-008,cherry,3
sub-008,zucchini,1
sub-008,spaghettiwithtomatosauce,2
sub-008,sushiwithsalmon,4
sub-008,yellowbellpeppersliced,1
sub-008,blacklicoricewheels,1
sub-008,raspberrycandies,2
sub-008,roastpork,4
sub-008,croissants,3
sub-008,chips,3
sub-008,nutscoveredinchocolate,3
sub-008,raspberrycake,4
sub-008,kohlrabi,1
sub-008,crackers,3
sub-008,peanuts,3
sub-008,greenpaprikapeppers,2
sub-008,tomatoandmozzarella,4
sub-008,zucchini,1
sub-008,gummicandyandlicoricemix,1
sub-008,mushroomswhite,3
sub-008,pizzaveggiecheese,3
sub-008,eclair,1
sub-008,coloredchocolatebeans,3
sub-008,espresso,2
sub-008,crispreadwithcottagecheese,1
sub-008,cookiesmixed,4
sub-008,piecesofchocolate,3
sub-008,friedsausagewithroll,2
sub-008,banana,2
sub-008,sundaepeach,3
sub-008,crispbreadwithcottagecheese,3
sub-008,fruitcake,4
sub-008,lemon,4
sub-008,flatcakewithsalad,1
sub-008,hardcandies,2
sub-008,openedbarofchocolatewithnuts,2
sub-008,rissole,1
sub-008,cucumberwithslices,2
sub-008,grapesredandwhite,3
sub-008,chocolateandstrawberryicecream,1
sub-008,cheddarcheese,4
sub-008,greenbeans,1
sub-008,breads,2
sub-008,frenchfries,3
sub-008,steak,4
sub-008,frenchfriesandchickendrumsticks,1
sub-008,glassoforangejuice,1
sub-008,beefsteakraw,3
sub-008,wafflewithwhippedcream,4
sub-008,mixedvegetables,2
sub-008,cake,3
sub-008,fennel,1
sub-008,lemoncake,2
sub-008,cheese,1
sub-008,chickenraw,1
sub-008,glassofredwine,1
sub-008,gherkinsliced,1
sub-008,strawberries,4
sub-008,raspberries,4
sub-008,smokedhambacon,3
sub-008,muffins,4
sub-008,sundae,4
sub-008,fruitplatemelonpineapplegrapes,3
sub-008,rigatoniwithvegetable,1
sub-008,chroisant,2
sub-008,cake,4
sub-008,oranges,3
sub-008,chickenroasted,4
sub-008,pineapple,3
sub-008,hazelnut,1
sub-008,redpaprikapeppers,2
sub-008,chocolatecake,3
sub-008,grapewhites,2
sub-008,germankrapfen,3
sub-008,cheeseburger,3
sub-008,headofcabbage,2
sub-008,chocolatecroissants,2
sub-008,jellycandies,1
sub-008,salmon,4
sub-008,tomatoes,2
sub-008,toastwhitebread,2
sub-008,mmspeanut,1
sub-008,steakwithbackedpotatoandvegetables,4
sub-008,hamsandwich,3
sub-008,banana,3
sub-008,creamcakewithfruits,3
sub-008,banana,3
sub-008,quiche,4
sub-008,raffaelococonutwaferballs,1
sub-008,meatballspatties,1
sub-008,watermelon,1
sub-008,mixedvegetables,3
sub-008,tomatoes,3
sub-008,chocolatepopsiclewithnuts,2
sub-008,donutwithchocolatesprinkles,3
sub-008,walnuts,2
sub-008,strawberries,4
sub-008,shashlikwithbakedpotato,2
sub-008,peanuts,2
sub-008,shashlik,2
sub-008,donutchocolate,2
sub-008,liversausage,1
sub-008,carrotscooked,2
sub-008,chipsfrenchfries,4
sub-008,chocolatebarfilledwithmilkcream,2
sub-008,apples,2
sub-008,pizzawithmushroomsandbellpepper,2
sub-008,camembert,4
sub-008,pastries,2
sub-008,apples,3
sub-008,cheeseandcoldmeatplatter,3
sub-008,spaghettiwithpesto,4
sub-008,crispbread,1
sub-008,romanlettuce,2
sub-008,hamsandwich,2
sub-008,tortillachips,3
sub-008,olives,1
sub-008,edamcheese,3
sub-008,cake,2
sub-008,paprikapeppersredgreenyellow,2
sub-008,oranges,2
sub-008,glassofgherkins,1
sub-008,croissant,2
sub-008,chiccory,2
sub-008,hamburger,3
sub-008,croissants,2
sub-008,cutlet,4
sub-008,sushirollwithcucumber,1
sub-008,cornflakesandalmondscoveredinchocolate,2
sub-008,somedifferentcakewedges,3
sub-008,salmon,4
sub-008,applepie,3
sub-008,soybeansprouts,2
sub-008,cornonacob,3
sub-008,frenchcruller,4
sub-008,kiwi,4
sub-008,rollsinabasket,1
sub-008,toastwithjam,2
sub-008,potatoes,4
sub-008,spaghettibolognese,4
sub-008,grapes,3
sub-008,sugarsnappea,3
sub-008,hotdog,3
sub-008,avocado,2
sub-008,cookiesfilledwithchocolatecream,3
sub-008,challahbraidedyeastbun,3
sub-008,grapesred,4
sub-008,saladplate,4
sub-008,raspberrycake,3
sub-008,cheese,4
sub-008,toffifayfilledcaramelcup,2
sub-008,waffles,3
sub-008,oranges,3
sub-008,chocolatecandybar,2
sub-008,vanillaandchocolateicecreamcone,2
sub-008,tomatoandmozzarellaskewer,4
sub-008,pizzawithsalami,4
sub-008,gardenradish,2
sub-008,croissants,3
sub-008,wildberriesmix,4
sub-008,hamsandwichwithchips,4
sub-008,minicookieswithchocolateononeside,2
sub-008,canardroasted,2
sub-008,cauliflower,3
sub-008,frenchtoast,3
sub-008,tagliatelle,3
sub-008,frankfurtcrowncake,2
sub-008,roastpotatoes,3
sub-008,chocolatecookies,3
sub-008,chocolatemuffin,4
sub-008,pomegranate,2
sub-008,peanutpuffs,2
sub-008,hamburgerwithbacon,4
sub-008,beansandcarrotscooked,2
sub-008,fishwithvegetablesgrilled,4
sub-008,peanuts,2
sub-008,roll,4
sub-008,icecreamsandwiches,4
sub-008,peach,3
sub-008,eggboiled,3
sub-008,mixedlicorice,1
sub-008,roulade,3
sub-008,beefsteakraw,4
sub-008,pretzels,4
sub-008,limes,1
sub-008,potatoes,2
sub-008,cookiesoreos,3
sub-008,greenasparagus,1
sub-008,salmonwithvegetablesgrilled,4
sub-008,chips,3
sub-008,bowlofmuesligranola,2
sub-008,breakfastcereals,2
sub-008,winegum,2
sub-008,cheeseplatter,2
sub-008,saladplate,4
sub-008,cheeseplatter,2
sub-008,honeydewmelon,1
sub-008,germankrapfen,2
sub-008,grapes,4
sub-008,pizzahamandmushrooms,4
sub-008,mixedvegetables,2
sub-008,headoficeberglettuce,4
sub-008,cheeseburger,4
sub-008,marblecake,3
sub-008,chips,4
sub-008,radishes,1
sub-008,pizzaslicesassorted,3
sub-008,gardenradish,1
sub-008,waterbottle,4
sub-008,raspberries,4
sub-008,steakwithbackedpotatoandvegetables,4
sub-008,donerkebab,1
sub-008,chickenfilletsgrilled,4
sub-008,hotdog,2
sub-008,bloodoranges,2
sub-008,cherries,4
sub-008,papaya,2
sub-008,cheeseburgerfrenchfries,4
sub-008,barofchocolate,2
sub-008,frenchfries,3
sub-008,chocolatemuffin,3
sub-008,crispbread,1
sub-008,chocolatemuffin,3
sub-008,bread,3
sub-008,hamandcheesesandwich,2
sub-008,vegetables,4
sub-008,broccoli,3
sub-008,donerkebab,4
sub-008,strawberries,4
sub-008,strawberryicecreamcone,4
sub-008,filletofporkgrilled,4
sub-008,strawberryhalf,4
sub-008,hamsandwichwithchips,2
sub-008,salmon,4
sub-008,roll,3
sub-008,baguette,2
sub-008,cucumberandcarrot,2
sub-008,lettuceiceberg,2
sub-008,sausage,2
sub-008,pineapple,3
sub-008,apples,3
sub-008,walnut,2
sub-008,springonions,2
sub-008,chocolatebarbroken,4
sub-008,squashpumpkin,3
sub-008,greenonionshallot,2
sub-008,grilledbavariansausage,1
sub-008,bowlofrice,4
sub-008,christmassweets,3
sub-008,ravioli,1
sub-008,frenchfrieschicken,2
sub-008,cakewithpowderedsugar,2
sub-008,cheeseplatter,3
sub-008,toast,2
sub-008,chips,3
sub-008,raspberrycake,3
sub-008,redchilli,1
sub-008,tortellini,3
sub-008,spareribswithfrenchfriesandsalad,3
sub-008,beefsteakraw,4
sub-008,pear,2
sub-008,barofchocolatewithnuts,1
sub-008,kitkatchocolatewaferbars,3
sub-008,breadroll,1
sub-008,waffle,3
sub-008,grapefruit,2
sub-008,parsley,2
sub-008,apples,1
sub-008,fruitsalad,4
sub-008,peapod,3
sub-008,fruitmixnectarinesraspberriescherries,4
sub-008,blueberryastrawberrytartlet,4
sub-008,cheeseburgerfrenchfriesandcola,3
sub-008,gummicandygoldbears,3
sub-008,gummicandycola,1
sub-008,lasagna,4
sub-008,bowlofrice,4
sub-008,marshmallowsflat,1
sub-008,curdwithchives,4
sub-008,jaffacookies,2
sub-008,carambolastarfruit,2
sub-008,salmonsushi,4
sub-008,pears,1
sub-008,croissants,2
sub-008,cake,4
sub-008,spaghettiwithtomatosauce,2
sub-008,loafofbread,2
sub-008,toblerone,3
sub-008,bagelwithcreamcheeseandvegetables,1
sub-008,blackberry,4
sub-008,pretzelsticks,2
sub-008,mixedsalad,4
sub-008,hotdog,2
sub-008,camembert,3
sub-008,blackberries,4
sub-008,sachercake,4
sub-008,spaghetti,2
sub-008,cappuccino,1
sub-008,roastbeef,4
sub-008,cheeseburger,3
sub-008,carrots,1
sub-008,chocolatecookie,2
sub-008,hamsandwich,1
sub-008,mushroomsbrown,2
sub-008,celery,1
sub-008,chocolatebar,4
sub-008,shortbreads,3
sub-008,wildberriesmix,4
sub-008,veggiemixcucumbertomatopeppers,1
sub-008,mixedvegetables,3
sub-008,meatfilletsandvegetablesgrilled,2
sub-008,chocolatecake,3
sub-008,sausagesfrankfurter,1
sub-008,peascornandpotatos,2
sub-008,filledwaffles,3
sub-008,peascooked,1
sub-008,lemons,3
sub-008,oranges,3
sub-008,chocolatecakewithnuts,3
sub-008,icecreamwithchocolatebeans,3
sub-008,bowlofsalad,4
sub-008,salamisausage,1
sub-008,asparagus,1
sub-008,cauliflower,2
sub-008,cherries,3
sub-008,croissant,3
sub-008,pinenuts,2
sub-008,meatpie,1
sub-008,donutsandpastries,3
sub-008,crispbreadwithcottagecheese,2
sub-008,potatogratin,4
sub-008,headofgreenlettuce,2
sub-008,marblecake,3
sub-008,wildberriesmix,4
sub-008,chocolatebarbite,3
sub-008,kiwis,4
sub-008,meatpie,1
sub-008,glassofbeer,1
sub-008,redcurrants,4
sub-008,glassofwhitewine,1
sub-008,figs,4
sub-008,appledanish,2
sub-008,cheesecake,1
sub-008,papaya,1
sub-008,pancakeswithblueberries,4
sub-008,lollipops,1
sub-008,cake,2
sub-008,redbellpepper,2
sub-008,cauliflower,2
sub-008,hardcandies,1
sub-008,hardcandies,2
sub-008,saladplate,2
sub-008,potatoesandcorn,3
sub-008,puffedricecoveredinchocolate,3
sub-008,popcorn,3
sub-008,filledcookiewithwalnut,3
sub-008,cookedhamcut,1
sub-008,grapeswhite,3
sub-008,vegetables,2
sub-008,fruits,1
sub-008,pickles,1
sub-008,cakewithgelatinizedfruits,2
sub-008,paprikapeppersredyelloworange,2
sub-008,vienneseschnitzel,4
sub-008,cucumberslice,2
sub-008,cheese,4
sub-008,chives,2
sub-008,mashedpotatoes,4
sub-008,somebarsofchocolatestacked,3
sub-008,gooseroasted,2
sub-008,barsofwhitechocolate,2
sub-008,yellowbellpepper,1
sub-008,tomatosliced,3
sub-008,fruitmixkiwicherriesstrawberries,4
sub-008,nicnaccrustypeanuts,2
sub-008,crispbreadwithcookedham,2
sub-008,sushi,4
sub-008,strawberries,4
sub-008,hamsandwich,4
sub-008,cookiefilledwithjelly,4
sub-008,cookiesfilledwithchocolatecream,2
sub-008,roastbeef,4
sub-008,greenapple,2
sub-008,cheesecakewithstrawberriesandcrumbles,3
sub-008,cheeseplatter,4
sub-008,pastabake,3
sub-008,sandwichroastbeef,3
sub-008,hazelnuts,1
sub-008,knuckleofporkwithsauerkraut,1
sub-008,lollipops,1
sub-008,frenchfries,3
sub-008,redgrapes,3
sub-008,butter,2
sub-008,donut,3
sub-008,doughnutdonutjam,3
sub-008,headofgreenlettuce,2
sub-008,crispbreadwithcottagecheese,2
sub-008,ricewaffles,3
sub-008,tunasandwiches,2
sub-008,rasberries,4
sub-008,sachercake,4
sub-008,nectarines,1
sub-008,challahbraidedyeastbunwithraisins,1
sub-008,tomato,2
sub-008,brusselssprouts,1
sub-008,cheeseburger,4
sub-008,cookies,2
sub-008,emmentalercheese,4
sub-008,sushirolls,2
sub-008,pizzasalami,4
sub-008,browniewithnuts,3
sub-008,croissants,3
sub-008,cookie,1
sub-008,marzipanchocolate,1
sub-008,pastameal,2
sub-008,bagel,2
sub-008,mandarins,2
sub-008,chocolatebiscuit,3
sub-008,wienerschnitzel,3
sub-008,redcabbage,2
sub-008,sausages,1
sub-008,strawberrycake,4
sub-008,mixedsalad,3
sub-008,sundaewithraspberries,3
sub-008,blueberries,4
sub-008,spinachpotatoecasserole,3
sub-009,roulade,1
sub-009,beansandcarrotscooked,1
sub-009,spareribswithfrenchfriesandsalad,3
sub-009,broccoli,2
sub-009,mixedvegetables,1
sub-009,cake,4
sub-009,cutlet,2
sub-009,grapefruit,3
sub-009,carrots,2
sub-009,grapewhites,2
sub-009,chocolatebarfilledwithmilkcream,4
sub-009,grapesredandwhite,2
sub-009,apples,3
sub-009,potatogratin,3
sub-009,raspberrycake,3
sub-009,christmassweets,4
sub-009,artichoke,1
sub-009,donutchocolate,4
sub-009,chocolatecake,4
sub-009,chocolatetruffle,4
sub-009,chocolatecookie,1
sub-009,salmon,1
sub-009,rissole,1
sub-009,peanutpuffs,2
sub-009,cheeseburger,4
sub-009,pastameal,3
sub-009,pastabake,2
sub-009,spaghetti,4
sub-009,breads,4
sub-009,chickenroasted,1
sub-009,pizzahamandmushrooms,4
sub-009,nicnaccrustypeanuts,4
sub-009,lettucelollorosso,1
sub-009,cheeseplatter,4
sub-009,mixedsalad,1
sub-009,croissants,4
sub-009,spinach,2
sub-009,tomatoes,1
sub-009,meatballspatties,1
sub-009,troutwithpotatoespanfried,1
sub-009,chocolatecake,4
sub-009,toblerone,4
sub-009,pinenuts,3
sub-009,chips,4
sub-009,rusk,4
sub-009,chocolatecookie,4
sub-009,hamsandwichwithchips,3
sub-009,cornflakesandalmondscoveredinchocolate,4
sub-009,muffins,4
sub-009,loafofbread,4
sub-009,lasagna,4
sub-009,chips,4
sub-009,redpaprikapeppers,4
sub-009,doughnutdonuticing,4
sub-009,coloredchocolatebeans,4
sub-009,celery,4
sub-009,icecream,3
sub-009,cookiemix,3
sub-009,cheesecake,4
sub-009,cremebrulee,3
sub-009,sausages,4
sub-009,banana,2
sub-009,honeydewmelon,2
sub-009,croissant,4
sub-009,quiche,4
sub-009,raspberrycandies,2
sub-009,chocolatemuffin,4
sub-009,pastriesanddonuts,4
sub-009,glassofbeer,2
sub-009,hamburgerwithbacon,4
sub-009,lettuceiceberg,1
sub-009,frenchfries,4
sub-009,saladplate,3
sub-009,peanuts,2
sub-009,cheeseburgerfrenchfriesandcola,4
sub-009,croissants,4
sub-009,cheeseburgerfrenchfriesandcola,4
sub-009,germankrapfen,2
sub-009,zucchini,1
sub-009,cookiesfilledwithchocolatecream,3
sub-009,strawberrycreamcake,3
sub-009,chocolatecroissants,4
sub-009,wildberriesmix,1
sub-009,mixedvegetablescooked,1
sub-009,filledwaffles,3
sub-009,lemon,3
sub-009,blueberries,4
sub-009,hamsandwich,2
sub-009,browniewithnuts,4
sub-009,pizzawithsalami,3
sub-009,cookiefilledwithjelly,3
sub-009,pastabake,1
sub-009,stracciatellacake,2
sub-009,bloodoranges,2
sub-009,creamcakewithfruits,3
sub-009,grapes,2
sub-009,vienneseschnitzel,1
sub-009,bowlofsalad,2
sub-009,beefsteakraw,2
sub-009,gherkinsliced,1
sub-009,headofgreenlettuce,2
sub-009,pizzawithsalami,1
sub-009,frenchcruller,4
sub-009,gummibearswithextrasugar,4
sub-009,wafflewithwhippedcream,4
sub-009,jellycandies,3
sub-009,sushirolls,1
sub-009,oranges,1
sub-009,parsley,1
sub-009,greenpaprikapeppers,1
sub-009,nutscashews,2
sub-009,peascooked,3
sub-009,peapod,3
sub-009,chickenfilletsgrilled,1
sub-009,toastwithjam,1
sub-009,roastbeef,2
sub-009,blackberries,1
sub-009,cake,1
sub-009,pineapple,1
sub-009,figs,3
sub-009,crispbreadwithcottagecheese,2
sub-009,curdwithchives,4
sub-009,peaches,1
sub-009,mandarins,1
sub-009,winegum,4
sub-009,cookiesmixed,2
sub-009,chocolatepieces,1
sub-009,greenapple,2
sub-009,cappuccino,1
sub-009,vegetables,1
sub-009,mixedsalad,2
sub-009,cheese,4
sub-009,pizzasalami,4
sub-009,waffle,3
sub-009,pretzels,3
sub-009,meatpie,2
sub-009,fennel,1
sub-009,veggiemixwithdip,1
sub-009,toastwhitebread,4
sub-009,pizzaslicesassorted,3
sub-009,barofchocolate,4
sub-009,limes,2
sub-009,baguette,4
sub-009,sachercake,4
sub-009,salamisausage,4
sub-009,mmspeanut,4
sub-009,greenchili,1
sub-009,redgrapes,2
sub-009,chocolatebarbroken,3
sub-009,cookiesoreos,3
sub-009,piecesoffruit,2
sub-009,somedifferentcakewedges,4
sub-009,cherries,2
sub-009,salamiroastedhamandcheese,4
sub-009,hazelnuts,4
sub-009,glassofbeer,1
sub-009,spareribswithfrenchfriesandsalad,2
sub-009,rasberry,1
sub-009,strawberrycake,2
sub-009,cakegugelhupf,3
sub-009,hardcandies,1
sub-009,pears,1
sub-009,cheese,1
sub-009,shashlik,1
sub-009,shashlikwithbakedpotato,1
sub-009,chips,2
sub-009,crispbread,2
sub-009,crispbreadwithcottagecheese,1
sub-009,steakwithbackedpotatoandvegetables,1
sub-009,vanillaicecream,4
sub-009,blacklicoricewheels,1
sub-009,muffins,4
sub-009,gummicandycola,4
sub-009,croissantwithbutterandjam,4
sub-009,spaghettiwithpesto,4
sub-009,roll,4
sub-009,edamcheese,1
sub-009,frenchfries,4
sub-009,cheeseplatter,3
sub-009,hazelnut,4
sub-009,puffedricecoveredinchocolate,3
sub-009,chocolatebar,4
sub-009,croissants,4
sub-009,glassoforangejuice,4
sub-009,strawberrytartlet,4
sub-009,chocolatebiscuit,3
sub-009,cookedhamcut,4
sub-009,redchilli,1
sub-009,creamroll,4
sub-009,fishsandwich,2
sub-009,redcurrants,1
sub-009,artichoke,2
sub-009,cake,2
sub-009,espresso,1
sub-009,frankfurtcrowncake,2
sub-009,camembert,4
sub-009,apples,3
sub-009,burgerpattywithfrenchfriesandsalad,3
sub-009,waterbottle,4
sub-009,cornonacob,2
sub-009,kiwis,3
sub-009,yellowbellpepper,1
sub-009,sausagesfrankfurter,4
sub-009,raspberries,3
sub-009,pistachios,3
sub-009,waffles,4
sub-009,chocolatepopsiclewithnuts,4
sub-009,cheeseandcoldmeatplatter,4
sub-009,cauliflower,2
sub-009,mushroomswhite,1
sub-009,tomatoandmozzarella,2
sub-009,eclair,4
sub-009,mashedpotatoes,3
sub-009,sliceofbreadtoppedwithchocolatecream,4
sub-009,carambolastarfruit,2
sub-009,strawberries,4
sub-009,gooseroasted,1
sub-009,cherries,2
sub-009,raspberrycreamcake,2
sub-009,germankrapfen,2
sub-009,fennel,1
sub-009,snackmix,3
sub-009,camembert,4
sub-009,hamsandwich,3
sub-009,cherry,2
sub-009,glassofgherkins,1
sub-009,redcabbage,1
sub-009,avocado,1
sub-009,chocolatecake,4
sub-009,donutchocolatetopping,4
sub-009,papaya,2
sub-009,spaghettiwithtomatosauce,3
sub-009,roll,4
sub-009,hotdog,4
sub-009,kohlrabi,1
sub-009,grilledbavariansausage,1
sub-009,salmon,1
sub-009,chocolatemarshmallows,4
sub-009,olives,4
sub-009,meatfilletsandvegetablesgrilled,1
sub-009,cheddarcheese,4
sub-009,pancakeswithblueberries,3
sub-009,grapeswhite,2
sub-009,mushroomsbrown,1
sub-009,chives,1
sub-009,cookie,3
sub-009,donutsandpastries,2
sub-009,apple,3
sub-009,frenchfriesandchickendrumsticks,3
sub-009,pretzelsticks,3
sub-009,squashpumpkin,1
sub-009,donutwithchocolatesprinkles,4
sub-009,beefsteakraw,4
sub-009,cheeseburger,4
sub-009,chocolateandvanillaicecream,4
sub-009,carrots,1
sub-009,pears,1
sub-009,veggiemixcucumbertomatopeppers,1
sub-009,gummicandygoldbears,4
sub-009,sachercake,4
sub-009,bread,4
sub-009,minichocolatecakebar,4
sub-009,pineapple,4
sub-009,donut,4
sub-009,cakewithpowderedsugar,4
sub-009,strawberryicecreamcone,4
sub-009,chocolatecreamcake,3
sub-009,filledcookiewithwalnut,4
sub-009,headofcabbage,3
sub-009,cucumberandcarrot,1
sub-009,grapes,1
sub-009,mueslibaroatmeal,2
sub-009,peanuts,4
sub-009,fruitmixkiwicherriesstrawberries,3
sub-009,pomegranate,2
sub-009,crispbread,4
sub-009,doughnutdonutplain,4
sub-009,chocolatecookies,4
sub-009,liversausage,3
sub-009,radishes,1
sub-009,friedsausagewithroll,3
sub-009,apples,3
sub-009,lasagna,3
sub-009,frenchtoast,1
sub-009,wienerschnitzel,2
sub-009,crispbreadwithcottagecheese,2
sub-009,pastries,4
sub-009,redbellpepper,1
sub-009,cauliflower,1
sub-009,crackers,4
sub-009,blueberries,4
sub-009,strawberrycake,3
sub-009,lemoncake,4
sub-009,spinachpotatoecasserole,1
sub-009,shrimp,1
sub-009,sugarsnappea,1
sub-009,steak,1
sub-009,chipsfrenchfries,4
sub-009,leek,1
sub-009,icecreamwithchocolatebeans,3
sub-009,kitkatchocolatewaferbars,4
sub-009,sushiwithsalmon,1
sub-009,bowlofsalad,3
sub-009,fruitsalad,4
sub-009,chocolatemuffin,4
sub-009,papaya,1
sub-009,sundaewithraspberries,4
sub-009,breadroll,4
sub-009,butter,2
sub-009,vanillaandchocolateicecreamcone,4
sub-009,hamsandwich,3
sub-009,lollipops,4
sub-009,lemons,4
sub-009,bowlofrice,2
sub-009,cheeseplatter,4
sub-009,germankrapfen,4
sub-009,pastabake,1
sub-009,pralines,3
sub-009,raspberrycreamcake,3
sub-009,cucumberwithslices,2
sub-009,roastpork,2
sub-009,marzipanchocolate,1
sub-009,sproutspotatoescarrots,1
sub-009,hardcandies,4
sub-009,paprikapeppersredgreenyellow,1
sub-009,mixedlicorice,3
sub-009,spaghettiwithtomatosauce,3
sub-009,roundshortbreadcookies,3
sub-009,hardcandies,4
sub-009,popcorn,4
sub-009,watermelon,2
sub-009,tortillachips,4
sub-009,icecreamsandwiches,3
sub-009,tunasandwiches,2
sub-009,canardroasted,1
sub-009,bagelwithcreamcheeseandvegetables,1
sub-009,greenasparagus,1
sub-009,donerkebab,1
sub-009,mixedvegetables,1
sub-009,chocolatemuffin,4
sub-009,cheese,4
sub-009,chocolateandstrawberryicecream,4
sub-009,chickenraw,2
sub-009,yellowbellpeppersliced,1
sub-009,vegetables,1
sub-009,mixedvegetables,1
sub-009,raspberrycake,3
sub-009,chinesecabbage,1
sub-009,cheeseburger,1
sub-009,paprikapeppersredyelloworange,1
sub-009,rigatoniwithvegetable,2
sub-009,carrots,1
sub-009,rasberries,2
sub-009,cornmaize,1
sub-009,doughnutdonutjam,3
sub-009,minicookieswithchocolateononeside,4
sub-009,donerkebab,1
sub-009,orange,2
sub-009,grapesred,3
sub-009,hotdog,4
sub-009,blackberry,2
sub-009,mixedvegetables,1
sub-009,cookedham,2
sub-009,smokedhambacon,4
sub-009,wildberriesmix,2
sub-009,banana,3
sub-009,headoficeberglettuce,1
sub-009,cakewithtangerines,3
sub-009,gardenradish,1
sub-009,chocolatecake,3
sub-009,springonions,1
sub-009,fruits,2
sub-009,cookiesfilledwithchocolatecream,3
sub-009,saladplate,1
sub-009,barsofwhitechocolate,4
sub-009,chroisant,3
sub-009,cornflakeswithmilk,4
sub-009,bagel,4
sub-009,greenbellpepper,1
sub-009,hamsandwich,4
sub-009,brusselssprouts,1
sub-009,meatpie,2
sub-009,platewithrawhamburgerpattiesandsausages,1
sub-009,challahbraidedyeastbun,4
sub-009,beefsteakraw,2
sub-009,sandwichroastbeef,3
sub-009,knuckleofporkwithsauerkraut,1
sub-009,raffaelococonutwaferballs,1
sub-009,nectarines,3
sub-009,banana,2
sub-009,carrots,1
sub-009,zucchini,1
sub-009,barofchocolatewithnuts,4
sub-009,cauliflower,1
sub-009,bowlofmuesligranola,4
sub-009,flatcakewithsalad,1
sub-009,saladplate,2
sub-009,cheeseburger,1
sub-009,salmonsushi,2
sub-009,tortellini,3
sub-009,strawberries,4
sub-009,mixedvegetables,1
sub-009,croissants,4
sub-009,hamsandwichwithchips,2
sub-009,cake,4
sub-009,ravioli,3
sub-009,tomatoes,1
sub-009,filletofporkgrilled,2
sub-009,lemon1half,4
sub-009,pretzel,4
sub-009,potatoes,3
sub-009,cookies,3
sub-009,potatoes,3
sub-009,lollipops,3
sub-009,strawberries,4
sub-009,oranges,3
sub-009,raspberrycake,3
sub-009,eggsineggboard,3
sub-009,nutscoveredinchocolate,4
sub-009,glassofwhitewine,2
sub-009,bagelswithsesameandpoppyseed,4
sub-009,rollsinabasket,4
sub-009,cheesecakewithcherrytopping,4
sub-009,salmonwithvegetablesgrilled,1
sub-009,tomato,1
sub-009,hotdog,4
sub-009,piecesofchocolate,4
sub-009,filledroulade,2
sub-009,frenchfries,4
sub-009,filledchocolates,4
sub-009,doughnutdonutchocolate,4
sub-009,shortbreads,4
sub-009,pastawithbacon,4
sub-009,vienneseschnitzelwithpotatoes,2
sub-009,cutlet,2
sub-009,wildberriesmix,3
sub-009,onion,2
sub-009,fruitplatemelonpineapplegrapes,3
sub-009,frenchfrieschicken,4
sub-009,watermelon,2
sub-009,openedbarofchocolatewithnuts,4
sub-009,applepie,4
sub-009,cheesecakewithstrawberriesandcrumbles,4
sub-009,soybeansprouts,1
sub-009,chocolatebarbite,4
sub-009,peanuts,2
sub-009,almonds,4
sub-009,potatoes,2
sub-009,chocolatecake,4
sub-009,croissant,4
sub-009,asparagus,1
sub-009,fishwithvegetablesgrilled,3
sub-009,walnuts,2
sub-009,briecheese,4
sub-009,peach,3
sub-009,roastbeef,3
sub-009,steakwithbackedpotatoandvegetables,1
sub-009,chocolatepopsicles,4
sub-009,toffifayfilledcaramelcup,4
sub-009,chocolatemuffin,4
sub-009,cantaloup,2
sub-009,arugula,1
sub-009,jaffacookies,4
sub-009,pizzaveggiecheese,4
sub-009,lattemacchiato,1
sub-009,challahbraidedyeastbunwithraisins,3
sub-009,pizzawithmushroomsandbellpepper,3
sub-009,eggboiled,4
sub-009,artichoke,1
sub-009,cheeseplatter,4
sub-009,carrotscooked,1
sub-009,pickles,1
sub-009,wildberriesmix,1
sub-009,crispreadwithcottagecheese,2
sub-009,potatoewedges,4
sub-009,muffins,4
sub-009,chiccory,1
sub-009,emmentalercheese,4
sub-009,pear,1
sub-009,marblecake,4
sub-009,vanillaicecreamcone,4
sub-009,ricewaffles,2
sub-009,gardenradish,1
sub-009,openedchipsbag,4
sub-009,tomatoes,1
sub-009,oranges,3
sub-009,fruits,2
sub-009,pineapple,4
sub-009,friedegg,3
sub-009,pizzawithmushrooms,4
sub-009,hamandcheesesandwich,4
sub-009,fishsticks,4
sub-009,oranges,3
sub-009,marshmallowsflat,4
sub-009,brusselssprouts,1
sub-009,spaghettibolognese,4
sub-009,blueberryastrawberrytartlet,3
sub-009,sushirollwithcucumber,2
sub-009,sundae,4
sub-009,muffin,1
sub-009,chocolatecakewithnuts,4
sub-009,kiwi,2
sub-009,muffinwithgreentopping,3
sub-009,cheeseburgerfrenchfries,3
sub-009,tagliatelle,4
sub-009,bread,4
sub-009,crispbreadwithcookedham,3
sub-009,sausage,1
sub-009,sushi,1
sub-009,germankrapfen,4
sub-009,greenbeans,1
sub-009,glassofredwine,4
sub-009,peascornandpotatos,1
sub-009,bowlofmuesligranola,4
sub-009,hamburger,4
sub-009,headofgreenlettuce,1
sub-009,strawberries,3
sub-009,fruitcake,4
sub-009,potatoesandcorn,1
sub-009,chips,4
sub-009,chocolatebarfilledwithstrawberryandyogurtcream,4
sub-009,cake,2
sub-009,raspberries,2
sub-009,avocado,1
sub-009,mixedvegetables,1
sub-009,toast,3
sub-009,shortbread,4
sub-009,cake,4
sub-009,cookie,4
sub-009,chocolatepopsiclewithnuts,4
sub-009,cake,3
sub-009,spaghettiwithtomatosauce,4
sub-009,roastedchicken,1
sub-009,wildberriesmix,2
sub-009,blackforestcake,4
sub-009,roastpotatoes,3
sub-009,apples,2
sub-009,tomatoandmozzarellaskewer,2
sub-009,pancakes,4
sub-009,bowlofrice,3
sub-009,fruitmixnectarinesraspberriescherries,2
sub-009,sundaepeach,4
sub-009,romanlettuce,1
sub-009,mixedvegetables,1
sub-009,somebarsofchocolatestacked,4
sub-009,saladplate,2
sub-009,ravioli,1
sub-009,strawberryhalf,4
sub-009,marblecake,4
sub-009,croissants,4
sub-009,salmon,1
sub-009,greenonionshallot,2
sub-009,gummicandyandlicoricemix,3
sub-009,hotdog,4
sub-009,minichocolatemarshmallows,4
sub-009,walnut,4
sub-009,spinach,1
sub-009,gherkin,1
sub-009,popcorn,4
sub-010,toast,2
sub-010,cakewithpowderedsugar,3
sub-010,broccoli,2
sub-010,potatoewedges,3
sub-010,doughnutdonutjam,4
sub-010,butter,1
sub-010,salmon,3
sub-010,glassofgherkins,3
sub-010,wildberriesmix,2
sub-010,cheeseandcoldmeatplatter,3
sub-010,frenchfriesandchickendrumsticks,4
sub-010,donutchocolate,3
sub-010,hamandcheesesandwich,4
sub-010,tomatoandmozzarellaskewer,2
sub-010,croissant,3
sub-010,headofgreenlettuce,1
sub-010,cheddarcheese,2
sub-010,tomatosliced,2
sub-010,lollipops,1
sub-010,bagelwithcreamcheeseandvegetables,3
sub-010,cutlet,2
sub-010,frenchfries,4
sub-010,cherry,3
sub-010,wildberriesmix,2
sub-010,croissants,2
sub-010,cantaloup,3
sub-010,pineapple,3
sub-010,barsofwhitechocolate,2
sub-010,icecreamwithchocolatebeans,2
sub-010,donerkebab,4
sub-010,spaghettiwithpesto,4
sub-010,germankrapfen,4
sub-010,papaya,1
sub-010,winegum,2
sub-010,greenpaprikapeppers,2
sub-010,leek,2
sub-010,muffins,3
sub-010,walnuts,1
sub-010,cheeseburger,4
sub-010,chocolatecake,4
sub-010,chroisant,3
sub-010,sundaewithraspberries,3
sub-010,tortillachips,4
sub-010,lemon,2
sub-010,gherkinsliced,2
sub-010,apples,2
sub-010,cake,3
sub-010,chocolatepopsiclewithnuts,3
sub-010,cornflakeswithmilk,3
sub-010,fennel,1
sub-010,gummicandygoldbears,2
sub-010,strawberries,3
sub-010,marblecake,4
sub-010,doughnutdonuticing,4
sub-010,vegetables,2
sub-010,strawberrytartlet,4
sub-010,oranges,2
sub-010,briecheese,4
sub-010,saladplate,3
sub-010,tortellini,2
sub-010,walnut,1
sub-010,piecesofchocolate,3
sub-010,beefsteakraw,3
sub-010,salamisausage,4
sub-010,mixedvegetables,2
sub-010,salmon,3
sub-010,cherries,4
sub-010,oranges,2
sub-010,sachercake,3
sub-010,asparagus,3
sub-010,hamsandwich,4
sub-010,raspberrycake,4
sub-010,toblerone,3
sub-010,honeydewmelon,2
sub-010,potatoesandcorn,3
sub-010,christmassweets,3
sub-010,sausage,4
sub-010,pizzaveggiecheese,3
sub-010,hamburger,4
sub-010,cheesecakewithcherrytopping,3
sub-010,limes,2
sub-010,grapesredandwhite,3
sub-010,roastpork,4
sub-010,chocolatemuffin,4
sub-010,figs,2
sub-010,challahbraidedyeastbun,3
sub-010,crispbread,2
sub-010,fruitsalad,3
sub-010,meatpie,2
sub-010,mashedpotatoes,3
sub-010,chocolatebar,2
sub-010,potatoes,1
sub-010,tagliatelle,2
sub-010,platewithrawhamburgerpattiesandsausages,4
sub-010,chocolatecookie,4
sub-010,pizzasalami,4
sub-010,celery,1
sub-010,pastabake,4
sub-010,grilledbavariansausage,3
sub-010,yellowbellpeppersliced,2
sub-010,crispbreadwithcottagecheese,3
sub-010,bowlofrice,4
sub-010,sushirolls,3
sub-010,fishsandwich,4
sub-010,ravioli,2
sub-010,filledwaffles,2
sub-010,chocolatecreamcake,4
sub-010,sandwichroastbeef,4
sub-010,soybeansprouts,2
sub-010,headoficeberglettuce,1
sub-010,liversausage,3
sub-010,donerkebab,4
sub-010,fruits,2
sub-010,chips,3
sub-010,chipsfrenchfries,3
sub-010,eggboiled,3
sub-010,camembert,2
sub-010,toastwhitebread,2
sub-010,openedbarofchocolatewithnuts,3
sub-010,crispbreadwithcookedham,2
sub-010,chocolatetruffle,3
sub-010,carrotscooked,3
sub-010,chips,3
sub-010,steakwithbackedpotatoandvegetables,4
sub-010,cookedham,2
sub-010,fruitplatemelonpineapplegrapes,3
sub-010,fishsticks,3
sub-010,chocolatecakewithnuts,3
sub-010,gummibearswithextrasugar,2
sub-010,shortbread,2
sub-010,mandarins,3
sub-010,cheeseburgerfrenchfriesandcola,4
sub-010,hamburgerwithbacon,4
sub-010,eclair,1
sub-010,salmonsushi,4
sub-010,redcabbage,2
sub-010,pizzahamandmushrooms,4
sub-010,peanuts,1
sub-010,cheeseplatter,2
sub-010,cheese,2
sub-010,breakfastcereals,2
sub-010,orange,2
sub-010,apples,2
sub-010,toastwithjam,3
sub-010,grapewhites,4
sub-010,sundae,3
sub-010,onion,2
sub-010,beansandcarrotscooked,2
sub-010,chocolatebarfilledwithstrawberryandyogurtcream,3
sub-010,frenchfrieschicken,4
sub-010,shrimp,3
sub-010,chocolatecake,3
sub-010,strawberrycreamcake,3
sub-010,cornmaize,2
sub-010,olives,1
sub-010,peascooked,1
sub-010,ricewaffles,3
sub-010,chocolatepieces,2
sub-010,knuckleofporkwithsauerkraut,3
sub-010,fruitmixkiwicherriesstrawberries,3
sub-010,croissants,3
sub-010,hardcandies,2
sub-010,cauliflower,1
sub-010,pralines,3
sub-010,mueslibaroatmeal,2
sub-010,chickenfilletsgrilled,4
sub-010,muffins,3
sub-010,watermelon,3
sub-010,cauliflower,2
sub-010,apples,2
sub-010,hamsandwich,3
sub-010,croissants,3
sub-010,sushirollwithcucumber,3
sub-010,rigatoniwithvegetable,3
sub-010,brusselssprouts,2
sub-010,cheeseburger,4
sub-010,strawberrycake,4
sub-010,bagel,3
sub-010,vegetables,1
sub-010,wildberriesmix,2
sub-010,greenbeans,2
sub-010,cutlet,3
sub-010,bowlofsalad,3
sub-010,lemons,2
sub-010,popcorn,2
sub-010,beefsteakraw,3
sub-010,pizzawithmushroomsandbellpepper,3
sub-010,roundshortbreadcookies,3
sub-010,mixedvegetables,1
sub-010,blackberry,1
sub-010,blackforestcake,4
sub-010,avocado,2
sub-010,cornonacob,2
sub-010,pineapple,3
sub-010,mixedvegetables,2
sub-010,rollsinabasket,3
sub-010,strawberrycake,4
sub-010,squashpumpkin,1
sub-010,brusselssprouts,2
sub-010,hamburger,4
sub-010,pizzawithmushrooms,4
sub-010,chives,2
sub-010,plateofsalad,2
sub-010,applepie,4
sub-010,bowlofrice,4
sub-010,chiccory,2
sub-010,chocolatepopsiclewithnuts,3
sub-010,saladplate,3
sub-010,potatoes,2
sub-010,tortillachips,3
sub-010,chocolatebarfilledwithstrawberryandyogurtcream,3
sub-010,frankfurtcrowncake,3
sub-010,ravioli,2
sub-010,chips,3
sub-010,pistachios,2
sub-010,oranges,3
sub-010,chocolatepopsicles,3
sub-010,artichoke,1
sub-010,waterbottle,3
sub-010,leek,2
sub-010,waffles,3
sub-010,cherry,3
sub-010,wildberriesmix,3
sub-010,barsofwhitechocolate,3
sub-010,meatfilletsandvegetablesgrilled,3
sub-010,greenbellpepper,2
sub-010,pomegranate,2
sub-010,walnut,2
sub-010,hamsandwichwithchips,4
sub-010,meatpie,3
sub-010,cake,4
sub-010,chocolatemuffin,4
sub-010,watermelon,3
sub-010,knuckleofporkwithsauerkraut,4
sub-010,raspberrycake,3
sub-010,grilledbavariansausage,3
sub-010,cake,3
sub-010,blueberryastrawberrytartlet,4
sub-010,salmonwithvegetablesgrilled,2
sub-010,cherries,2
sub-010,steakwithbackedpotatoandvegetables,3
sub-010,rasberries,2
sub-010,doughnutdonutchocolate,3
sub-010,raspberries,2
sub-010,filledchocolates,3
sub-010,cake,3
sub-010,lollipops,1
sub-010,oranges,3
sub-010,avocado,2
sub-010,steak,3
sub-010,roastedchicken,3
sub-010,hamandcheesesandwich,4
sub-010,carrots,2
sub-010,cheeseburgerfrenchfries,4
sub-010,wildberriesmix,3
sub-010,hamsandwich,4
sub-010,croissant,3
sub-010,fruitsalad,3
sub-010,carrots,2
sub-010,chocolatemuffin,4
sub-010,cheddarcheese,2
sub-010,kitkatchocolatewaferbars,2
sub-010,springonions,2
sub-010,cheeseburger,4
sub-010,briecheese,3
sub-010,snackmix,2
sub-010,challahbraidedyeastbun,2
sub-010,hardcandies,2
sub-010,peanuts,1
sub-010,emmentalercheese,2
sub-010,donutchocolatetopping,3
sub-010,icecreamsandwiches,3
sub-010,cookiesfilledwithchocolatecream,2
sub-010,hotdog,4
sub-010,pineapple,3
sub-010,papaya,1
sub-010,cakewithtangerines,4
sub-010,croissants,3
sub-010,germankrapfen,3
sub-010,cake,2
sub-010,shortbreads,4
sub-010,carrots,2
sub-010,icecreamwithchocolatebeans,2
sub-010,cantaloup,2
sub-010,gummicandyandlicoricemix,3
sub-010,muffin,3
sub-010,grapesred,4
sub-010,openedbarofchocolatewithnuts,3
sub-010,mixedlicorice,2
sub-010,bagel,3
sub-010,sundae,4
sub-010,greenasparagus,1
sub-010,grapeswhite,3
sub-010,pancakewithfruits,3
sub-010,cornmaize,2
sub-010,sachercake,3
sub-010,mashedpotatoes,3
sub-010,cheesecakewithcherrytopping,2
sub-010,walnuts,1
sub-010,canardroasted,3
sub-010,mueslibaroatmeal,2
sub-010,eclair,4
sub-010,saladplate,3
sub-010,salmon,2
sub-010,cheesecakewithstrawberriesandcrumbles,4
sub-010,orange,2
sub-010,mushroomsbrown,2
sub-010,tomatosliced,3
sub-010,potatoesandcorn,3
sub-010,bagelwithcreamcheeseandvegetables,3
sub-010,cucumberwithslices,3
sub-010,pancakes,4
sub-010,tagliatelle,1
sub-010,raspberries,2
sub-010,muffinwithgreentopping,3
sub-010,fennel,1
sub-010,breadroll,2
sub-010,pastries,4
sub-010,mushroomswhite,2
sub-010,yellowbellpeppersliced,2
sub-010,barofchocolatewithnuts,2
sub-010,cookedham,2
sub-010,chinesecabbage,2
sub-010,redcabbage,2
sub-010,burgerpattywithfrenchfriesandsalad,4
sub-010,sproutspotatoescarrots,1
sub-010,appledanish,2
sub-010,shrimp,3
sub-010,filledroulade,2
sub-010,minichocolatecakebar,4
sub-010,frenchfrieschicken,3
sub-010,jaffacookies,3
sub-010,tomatoes,2
sub-010,saladplate,2
sub-010,chocolatecake,3
sub-010,onion,1
sub-010,glassofwhitewine,2
sub-010,arugula,1
sub-010,banana,3
sub-010,pretzel,2
sub-010,brusselssprouts,3
sub-010,cauliflower,2
sub-010,wildberriesmix,2
sub-010,strawberries,3
sub-010,chocolatecake,3
sub-010,mixedvegetables,2
sub-010,fruitplatemelonpineapplegrapes,2
sub-010,vanillaicecreamcone,2
sub-010,flatcakewithsalad,4
sub-010,donerkebab,4
sub-010,crispbreadwithcookedham,2
sub-010,bowlofmuesligranola,2
sub-010,peaches,2
sub-010,shashlik,3
sub-010,chocolatecake,3
sub-010,chocolatemuffin,3
sub-010,gherkin,2
sub-010,apple,2
sub-010,coloredchocolatebeans,3
sub-010,grapefruit,3
sub-010,banana,4
sub-010,romanlettuce,2
sub-010,bloodoranges,2
sub-010,creamroll,4
sub-010,friedsausagewithroll,1
sub-010,chickenroasted,4
sub-010,raspberrycreamcake,3
sub-010,potatoes,2
sub-010,marblecake,3
sub-010,camembert,3
sub-010,cookedhamcut,3
sub-010,nutscashews,2
sub-010,peanutpuffs,2
sub-010,lollipops,1
sub-010,chocolatebarbroken,4
sub-010,cookie,2
sub-010,mixedvegetablescooked,2
sub-010,almonds,2
sub-010,donutwithchocolatesprinkles,3
sub-010,nutscoveredinchocolate,3
sub-010,peanuts,2
sub-010,browniewithnuts,3
sub-010,openedchipsbag,4
sub-010,cheese,4
sub-010,croissantwithbutterandjam,2
sub-010,waffle,2
sub-010,spareribswithfrenchfriesandsalad,4
sub-010,blacklicoricewheels,2
sub-010,chocolatecookies,3
sub-010,parsley,1
sub-010,greenapple,2
sub-010,glassofbeer,3
sub-010,bowlofsalad,3
sub-010,radishes,4
sub-010,cheesecake,4
sub-010,fishwithvegetablesgrilled,3
sub-010,headofgreenlettuce,2
sub-010,beefsteakraw,3
sub-010,glassofbeer,3
sub-010,sushi,3
sub-010,cheese,1
sub-010,chocolatebiscuit,3
sub-010,vanillaandchocolateicecreamcone,3
sub-010,strawberries,3
sub-010,somedifferentcakewedges,3
sub-010,hamsandwichwithchips,4
sub-010,kiwis,2
sub-010,edamcheese,2
sub-010,stracciatellacake,3
sub-010,lettuceiceberg,2
sub-010,cauliflower,1
sub-010,artichoke,1
sub-010,zucchini,1
sub-010,meatballspatties,3
sub-010,chocolatecroissants,2
sub-010,marzipanchocolate,1
sub-010,mixedvegetables,1
sub-010,pastawithbacon,3
sub-010,strawberryicecreamcone,2
sub-010,peascornandpotatos,1
sub-010,greenchili,2
sub-010,breads,4
sub-010,spareribswithfrenchfriesandsalad,4
sub-010,chocolatecake,3
sub-010,carambolastarfruit,1
sub-010,gummicandycola,1
sub-010,filletofporkgrilled,3
sub-010,pastabake,3
sub-010,roastbeef,3
sub-010,pastriesanddonuts,2
sub-010,barofchocolate,2
sub-010,blueberries,3
sub-010,curdwithchives,2
sub-010,saladplate,2
sub-010,cheeseplatter,3
sub-010,cheeseplatter,2
sub-010,cremebrulee,3
sub-010,oranges,4
sub-010,bowlofmuesligranola,3
sub-010,grapes,4
sub-010,roastbeef,3
sub-010,veggiemixcucumbertomatopeppers,1
sub-010,frenchtoast,1
sub-010,cookiefilledwithjelly,3
sub-010,roulade,3
sub-010,cheeseburger,4
sub-010,cakegugelhupf,3
sub-010,oranges,2
sub-010,shashlikwithbakedpotato,3
sub-010,chocolatebarfilledwithmilkcream,2
sub-010,mixedvegetables,3
sub-010,hazelnuts,2
sub-010,pear,2
sub-010,chocolateandstrawberryicecream,4
sub-010,rusk,3
sub-010,pickles,1
sub-010,tomatoandmozzarella,3
sub-010,crispbreadwithcottagecheese,2
sub-010,challahbraidedyeastbunwithraisins,3
sub-010,raffaelococonutwaferballs,2
sub-010,pretzelsticks,3
sub-010,frenchfries,2
sub-010,chocolatemarshmallows,1
sub-010,germankrapfen,4
sub-010,sushiwithsalmon,3
sub-010,donutsandpastries,3
sub-010,grapes,4
sub-010,doughnutdonutplain,4
sub-010,strawberries,3
sub-010,frenchcruller,3
sub-010,cappuccino,4
sub-010,blackberries,2
sub-010,papaya,2
sub-010,pastameal,3
sub-010,chips,3
sub-010,redcurrants,3
sub-010,cookiesmixed,3
sub-010,cookie,3
sub-010,kiwi,3
sub-010,strawberryhalf,3
sub-010,glassofredwine,1
sub-010,spinach,1
sub-010,vanillaicecream,2
sub-010,hotdog,3
sub-010,potatogratin,3
sub-010,muffins,3
sub-010,spinach,2
sub-010,pizzawithsalami,4
sub-010,gooseroasted,3
sub-010,greenonionshallot,1
sub-010,pizzawithsalami,4
sub-010,spaghettiwithtomatosauce,4
sub-010,pinenuts,1
sub-010,headofcabbage,2
sub-010,wienerschnitzel,3
sub-010,artichoke,1
sub-010,ravioli,2
sub-010,yellowbellpepper,2
sub-010,banana,2
sub-010,cornflakesandalmondscoveredinchocolate,2
sub-010,pancakeswithblueberries,3
sub-010,spaghettiwithtomatosauce,3
sub-010,smokedhambacon,3
sub-010,rissole,1
sub-010,croissants,3
sub-010,hardcandies,2
sub-010,salamiroastedhamandcheese,3
sub-010,strawberrycake,4
sub-010,eggsineggboard,2
sub-011,chocolatecandybar,4
sub-011,croissants,4
sub-011,raspberrycake,4
sub-011,potatoes,2
sub-011,puffedricecoveredinchocolate,3
sub-011,cheeseandcoldmeatplatter,2
sub-011,glassoforangejuice,4
sub-011,gooseroasted,2
sub-011,roll,2
sub-011,headofgreenlettuce,3
sub-011,spaghettibolognese,4
sub-011,lettuceiceberg,3
sub-011,chocolatecake,4
sub-011,donutwithchocolatesprinkles,3
sub-011,cauliflower,2
sub-011,wienerschnitzel,3
sub-011,cucumberandcarrot,3
sub-011,somebarsofchocolatestacked,4
sub-011,watermelon,4
sub-011,limes,3
sub-011,pineapple,4
sub-011,grilledbavariansausage,2
sub-011,fruits,4
sub-011,spaghettiwithtomatosauce,4
sub-011,sandwichroastbeef,4
sub-011,mmspeanut,3
sub-011,fruitsalad,4
sub-011,fishsticks,3
sub-011,fennel,1
sub-011,roastbeef,4
sub-011,chocolatemuffin,4
sub-011,cheeseplatter,4
sub-011,vienneseschnitzel,4
sub-011,breakfastcereals,4
sub-011,donutsandpastries,4
sub-011,glassofredwine,2
sub-011,pancakewithfruits,4
sub-011,hamsandwich,4
sub-011,lattemacchiato,4
sub-011,banana,4
sub-011,pizzaslicesassorted,4
sub-011,hamsandwich,4
sub-011,marzipanchocolate,3
sub-011,shashlik,4
sub-011,bowlofsalad,3
sub-011,somedifferentcakewedges,4
sub-011,emmentalercheese,4
sub-011,chinesecabbage,3
sub-011,wildberriesmix,4
sub-011,sachercake,4
sub-011,bread,3
sub-011,mixedvegetables,3
sub-011,avocado,3
sub-011,raspberries,3
sub-011,cookiesoreos,4
sub-011,carrots,3
sub-011,cookies,2
sub-011,meatpie,2
sub-011,greenapple,3
sub-011,piecesoffruit,4
sub-011,mixedvegetables,4
sub-011,chickenfilletsgrilled,2
sub-011,chocolatebarbite,4
sub-011,doughnutdonuticing,4
sub-011,blacklicoricewheels,1
sub-011,shortbread,3
sub-011,yellowbellpeppersliced,4
sub-011,baguette,3
sub-011,crispbreadwithcottagecheese,2
sub-011,glassofbeer,4
sub-011,pastabake,4
sub-011,hamburger,4
sub-011,croissants,4
sub-011,germankrapfen,4
sub-011,avocado,3
sub-011,croissants,4
sub-011,steakwithbackedpotatoandvegetables,4
sub-011,cake,4
sub-011,barofchocolatewithnuts,3
sub-011,frenchfries,3
sub-011,frenchfries,4
sub-011,spareribswithfrenchfriesandsalad,3
sub-011,walnuts,2
sub-011,filledcookiewithwalnut,3
sub-011,cheeseplatter,4
sub-011,jaffacookies,4
sub-011,mixedvegetables,4
sub-011,cheese,4
sub-011,cakegugelhupf,4
sub-011,cheesecake,4
sub-011,peapod,3
sub-011,cantaloup,4
sub-011,strawberries,4
sub-011,oranges,4
sub-011,pizzahamandmushrooms,4
sub-011,muffins,4
sub-011,zucchini,2
sub-011,loafofbread,2
sub-011,squashpumpkin,3
sub-011,hotdog,3
sub-011,lollipops,4
sub-011,oranges,4
sub-011,cakewithgelatinizedfruits,4
sub-011,cremebrulee,4
sub-011,toast,4
sub-011,glassofgherkins,4
sub-011,mixedvegetables,4
sub-011,rasberries,4
sub-011,cake,3
sub-011,bowlofsalad,4
sub-011,chocolateandvanillaicecream,4
sub-011,ricewaffles,2
sub-011,beefsteakraw,2
sub-011,grapefruit,4
sub-011,camembert,4
sub-011,beefsteakraw,4
sub-011,peanuts,4
sub-011,pretzel,3
sub-011,veggiemixcucumbertomatopeppers,4
sub-011,pineapple,4
sub-011,knuckleofporkwithsauerkraut,3
sub-011,headoficeberglettuce,4
sub-011,gummicandygoldbears,2
sub-011,doughnutdonutchocolate,3
sub-011,redcurrants,1
sub-011,apple,4
sub-011,barsofwhitechocolate,4
sub-011,waffles,3
sub-011,chocolatemuffin,4
sub-011,crispbreadwithcookedham,3
sub-011,cheeseburgerfrenchfriesandcola,4
sub-011,toastwhitebread,3
sub-011,bagelwithcreamcheeseandvegetables,3
sub-011,cheesecakewithcherrytopping,4
sub-011,blackforestcake,4
sub-011,cornonacob,4
sub-011,sliceofbreadtoppedwithchocolatecream,4
sub-011,butter,2
sub-011,cheeseburger,4
sub-011,pizzawithmushrooms,4
sub-011,ravioli,3
sub-011,flatcakewithsalad,2
sub-011,wildberriesmix,4
sub-011,peanuts,2
sub-011,raspberries,4
sub-011,cheeseburger,4
sub-011,carrots,4
sub-011,crispreadwithcottagecheese,3
sub-011,cake,3
sub-011,sausages,3
sub-011,cornmaize,3
sub-011,lasagna,4
sub-011,cookiefilledwithjelly,3
sub-011,rollsinabasket,3
sub-011,shashlikwithbakedpotato,4
sub-011,frenchfries,4
sub-011,nutscoveredinchocolate,3
sub-011,vienneseschnitzelwithpotatoes,3
sub-011,liversausage,2
sub-011,rusk,3
sub-011,grapes,4
sub-011,onion,4
sub-011,paprikapeppersredyelloworange,4
sub-011,orange,4
sub-011,veggiemixwithdip,4
sub-011,filletofporkgrilled,3
sub-011,tomatoes,4
sub-011,briecheese,4
sub-011,applepie,1
sub-011,croissants,4
sub-011,crispbreadwithcottagecheese,3
sub-011,snackmix,3
sub-011,apples,4
sub-011,broccoli,4
sub-011,hotdog,3
sub-011,openedbarofchocolatewithnuts,3
sub-011,tortillachips,3
sub-011,mueslibaroatmeal,3
sub-011,hamandcheesesandwich,4
sub-011,sushiwithsalmon,3
sub-011,artichoke,2
sub-011,gherkinsliced,4
sub-011,chocolatepieces,2
sub-011,strawberryhalf,4
sub-011,bread,3
sub-011,vanillaandchocolateicecreamcone,4
sub-011,spaghettiwithpesto,4
sub-011,chocolatebar,4
sub-011,pear,3
sub-011,filledchocolates,4
sub-011,camembert,4
sub-011,cookiesfilledwithchocolatecream,4
sub-011,browniewithnuts,4
sub-011,icecreamsandwiches,4
sub-011,plateofsalad,4
sub-011,carambolastarfruit,3
sub-011,toblerone,4
sub-011,cake,4
sub-011,hamsandwichwithchips,3
sub-011,challahbraidedyeastbun,4
sub-011,grapesredandwhite,4
sub-011,soybeansprouts,2
sub-011,fishwithvegetablesgrilled,4
sub-011,parsley,3
sub-011,muffins,4
sub-011,chips,3
sub-011,roulade,4
sub-011,springonions,3
sub-011,wildberriesmix,4
sub-011,grapewhites,4
sub-011,breadroll,4
sub-011,spareribswithfrenchfriesandsalad,4
sub-011,donutchocolatetopping,4
sub-011,chocolatecake,4
sub-011,mandarins,4
sub-011,greenchili,3
sub-011,sproutspotatoescarrots,3
sub-011,kitkatchocolatewaferbars,4
sub-011,cutlet,4
sub-011,roastbeef,4
sub-011,tomatoes,4
sub-011,frankfurtcrowncake,4
sub-011,cherry,4
sub-011,kiwis,4
sub-011,grapes,4
sub-011,chips,3
sub-011,raspberrycreamcake,4
sub-011,cheesecakewithstrawberriesandcrumbles,4
sub-011,salmon,4
sub-011,brusselssprouts,3
sub-011,eclair,4
sub-011,sachercake,4
sub-011,sundae,4
sub-011,saladplate,4
sub-011,watermelon,4
sub-011,hamsandwichwithchips,4
sub-011,cheeseplatter,4
sub-011,papaya,3
sub-011,cheddarcheese,4
sub-011,cookiemix,4
sub-011,popcorn,4
sub-011,cheeseburger,4
sub-011,potatoes,3
sub-011,cookiesfilledwithchocolatecream,4
sub-011,gardenradish,4
sub-011,raspberrycreamcake,4
sub-011,tortellini,4
sub-011,blackberry,4
sub-011,chickenroasted,2
sub-011,potatoesandcorn,3
sub-011,blueberries,4
sub-011,spinach,4
sub-011,gardenradish,4
sub-011,arugula,3
sub-011,espresso,4
sub-011,sundaewithraspberries,4
sub-011,waffle,4
sub-011,gummicandyandlicoricemix,4
sub-011,shortbreads,4
sub-011,chocolatebarbroken,4
sub-011,wafflewithwhippedcream,4
sub-011,artichoke,2
sub-011,chocolatecake,4
sub-011,canardroasted,2
sub-011,cucumberwithslices,4
sub-011,roastedchicken,4
sub-011,pancakeswithblueberries,4
sub-011,roundshortbreadcookies,4
sub-011,christmassweets,3
sub-011,pretzels,4
sub-011,chocolatemarshmallows,4
sub-011,meatpie,3
sub-011,donerkebab,3
sub-011,lemoncake,4
sub-011,celery,3
sub-011,chipsfrenchfries,4
sub-011,salmonsushi,4
sub-011,raffaelococonutwaferballs,4
sub-011,fruits,4
sub-011,fennel,3
sub-011,toastwithjam,4
sub-011,chips,4
sub-011,chocolatecookie,4
sub-011,cauliflower,3
sub-011,hazelnut,2
sub-011,potatoewedges,3
sub-011,germankrapfen,3
sub-011,bowlofrice,4
sub-011,raspberrycake,4
sub-011,chips,3
sub-011,pistachios,3
sub-011,pomegranate,3
sub-011,cheeseplatter,4
sub-011,saladplate,4
sub-011,vegetables,4
sub-011,paprikapeppersredgreenyellow,4
sub-011,marblecake,4
sub-011,apples,4
sub-011,shrimp,3
sub-011,donerkebab,4
sub-011,redgrapes,4
sub-011,marblecake,4
sub-011,brusselssprouts,2
sub-011,muffins,4
sub-011,troutwithpotatoespanfried,3
sub-011,creamroll,4
sub-011,minicookieswithchocolateononeside,4
sub-011,peanuts,2
sub-011,meatballspatties,4
sub-011,minichocolatemarshmallows,2
sub-011,spinach,3
sub-011,greenbeans,3
sub-011,asparagus,3
sub-011,breads,4
sub-011,rissole,4
sub-011,strawberries,4
sub-011,ravioli,1
sub-011,lollipops,4
sub-011,bowlofmuesligranola,4
sub-011,potatoes,4
sub-011,pickles,2
sub-011,lemon,4
sub-011,papaya,2
sub-011,banana,4
sub-011,cucumberslice,3
sub-011,appledanish,4
sub-011,tomatoes,4
sub-011,hotdog,3
sub-011,chocolatepopsiclewithnuts,4
sub-011,radishes,4
sub-011,cheeseburger,4
sub-011,tagliatelle,3
sub-011,fishsandwich,4
sub-011,hardcandies,3
sub-011,almonds,2
sub-011,peanutpuffs,4
sub-011,strawberrytartlet,4
sub-011,cornflakeswithmilk,4
sub-011,pizzawithsalami,4
sub-011,pears,2
sub-011,mixedlicorice,3
sub-011,crackers,3
sub-011,fruitcake,4
sub-011,cheeseburgerfrenchfriesandcola,4
sub-011,mixedvegetables,3
sub-011,bagelswithsesameandpoppyseed,4
sub-011,doughnutdonutplain,4
sub-011,banana,4
sub-011,meatfilletsandvegetablesgrilled,4
sub-011,croissantwithbutterandjam,4
sub-011,frenchfrieschicken,4
sub-011,frenchcruller,4
sub-011,tomatoandmozzarellaskewer,4
sub-011,cookie,4
sub-011,croissant,4
sub-011,toffifayfilledcaramelcup,4
sub-011,cookiesmixed,4
sub-011,walnut,2
sub-011,oranges,4
sub-011,chocolatecake,4
sub-011,creamcakewithfruits,4
sub-011,mixedvegetablescooked,2
sub-011,greenpaprikapeppers,4
sub-011,lemons,4
sub-011,greenbellpepper,4
sub-011,eggboiled,3
sub-011,apples,4
sub-011,raspberrycandies,4
sub-011,salmonwithvegetablesgrilled,4
sub-011,chocolatepopsiclewithnuts,4
sub-011,friedsausagewithroll,4
sub-011,cheeseburgerfrenchfries,4
sub-011,cookedham,3
sub-011,redcabbage,4
sub-011,openedchipsbag,2
sub-011,gummicandycola,4
sub-011,cutlet,3
sub-011,edamcheese,3
sub-011,filledroulade,4
sub-011,apples,4
sub-011,sausagesfrankfurter,3
sub-011,chocolatecookies,4
sub-011,minichocolatecakebar,4
sub-011,bagel,4
sub-011,chocolatemuffin,4
sub-011,carrotscooked,4
sub-011,mashedpotatoes,4
sub-011,hardcandies,4
sub-011,mixedsalad,4
sub-011,blueberryastrawberrytartlet,4
sub-011,cauliflower,3
sub-011,waterbottle,3
sub-011,nectarines,4
sub-011,roastpotatoes,1
sub-011,tomatoandmozzarella,4
sub-011,peascornandpotatos,3
sub-011,spaghettiwithtomatosauce,4
sub-011,grapesred,4
sub-011,saladplate,4
sub-011,salamisausage,3
sub-011,sugarsnappea,3
sub-011,salmon,4
sub-011,pizzawithsalami,4
sub-011,chives,3
sub-011,marshmallowsflat,4
sub-011,gherkin,2
sub-011,carrots,3
sub-011,lemon1half,4
sub-011,platewithrawhamburgerpattiesandsausages,3
sub-011,pralines,4
sub-011,headofgreenlettuce,3
sub-011,fruitmixnectarinesraspberriescherries,4
sub-011,gummibearswithextrasugar,4
sub-011,sushi,4
sub-011,hardcandies,4
sub-011,croissant,4
sub-011,greenonionshallot,3
sub-011,sundaepeach,4
sub-011,pancakes,4
sub-011,lettucelollorosso,4
sub-011,cheese,4
sub-011,challahbraidedyeastbunwithraisins,4
sub-011,nutscashews,3
sub-011,cappuccino,4
sub-011,rigatoniwithvegetable,3
sub-011,yellowbellpepper,4
sub-011,strawberrycreamcake,4
sub-011,cake,4
sub-011,pizzasalami,4
sub-011,hamsandwich,4
sub-011,blackberries,2
sub-011,jellycandies,2
sub-011,spaghetti,4
sub-011,crispbread,3
sub-011,filledwaffles,4
sub-011,kohlrabi,3
sub-011,donut,4
sub-011,pastawithbacon,4
sub-011,mushroomswhite,4
sub-011,tomato,4
sub-011,cheese,4
sub-011,cookie,4
sub-011,hamsandwich,4
sub-011,pears,4
sub-011,strawberrycake,4
sub-011,coloredchocolatebeans,4
sub-011,steakwithbackedpotatoandvegetables,4
sub-011,pastabake,4
sub-011,sushirolls,4
sub-011,redbellpepper,4
sub-011,burgerpattywithfrenchfriesandsalad,4
sub-011,kiwi,4
sub-011,strawberryicecreamcone,4
sub-011,sausage,3
sub-011,spaghettiwithtomatosauce,4
sub-011,chroisant,4
sub-011,chocolatecroissants,4
sub-011,barofchocolate,4
sub-011,fruitplatemelonpineapplegrapes,4
sub-011,rasberry,4
sub-011,pretzelsticks,4
sub-011,mushroomsbrown,4
sub-011,cakewithpowderedsugar,4
sub-011,muffinwithgreentopping,4
sub-011,steak,4
sub-011,wildberriesmix,4
sub-011,blueberries,4
sub-011,leek,4
sub-011,spinachpotatoecasserole,4
sub-011,peach,4
sub-011,fruitmixkiwicherriesstrawberries,4
sub-011,strawberries,4
sub-011,peascooked,4
sub-011,pastabake,4
sub-011,chocolatetruffle,4
sub-011,bowlofmuesligranola,4
sub-011,doughnutdonutjam,4
sub-011,vanillaicecreamcone,4
sub-011,bloodoranges,4
sub-011,vegetables,4
sub-011,chocolatecakewithnuts,4
sub-011,beansandcarrotscooked,4
sub-011,cherries,4
sub-011,redpaprikapeppers,4
sub-011,muffin,4
sub-011,nicnaccrustypeanuts,3
sub-011,glassofbeer,4
sub-011,vanillaicecream,4
sub-011,grapeswhite,4
sub-011,chocolatepopsicles,4
sub-011,cake,4
sub-011,crispbread,4
sub-011,chocolatecreamcake,4
sub-011,strawberrycake,4
sub-011,hamburgerwithbacon,4
sub-011,peaches,4
sub-011,roll,3
sub-011,cake,4
sub-011,mixedsalad,4
sub-011,figs,4
sub-011,cookedhamcut,4
sub-011,saladplate,4
sub-011,artichoke,3
sub-011,salamiroastedhamandcheese,4
sub-011,sushirollwithcucumber,4
sub-011,cornflakesandalmondscoveredinchocolate,4
sub-011,piecesofchocolate,4
sub-011,donutchocolate,4
sub-011,pizzawithmushroomsandbellpepper,4
sub-011,icecream,3
sub-011,chocolatecake,4
sub-011,stracciatellacake,4
sub-011,zucchini,4
sub-011,icecreamwithchocolatebeans,4
sub-011,pastries,4
sub-011,potatogratin,4
sub-011,tomatosliced,4
sub-011,hotdog,4
sub-011,croissants,4
sub-011,frenchtoast,4
sub-011,chiccory,2
sub-011,raspberrycake,4
sub-011,popcorn,3
sub-011,bowlofrice,4
sub-011,hazelnuts,3
sub-011,tunasandwiches,4
sub-011,wildberriesmix,4
sub-011,curdwithchives,3
sub-011,olives,4
sub-011,redchilli,4
sub-011,germankrapfen,4
sub-011,chocolatecookie,4
sub-011,germankrapfen,4
sub-011,pinenuts,3
sub-011,mixedvegetables,3
sub-011,beefsteakraw,4
sub-011,crispbreadwithcottagecheese,3
sub-011,roastpork,4
sub-011,oranges,4
sub-011,glassofwhitewine,2
sub-011,greenasparagus,3
sub-011,cakewithtangerines,4
sub-011,frenchfriesandchickendrumsticks,4
sub-011,cherries,4
sub-011,chocolatebiscuit,3
sub-011,smokedhambacon,3
sub-011,romanlettuce,4
sub-011,winegum,4
sub-011,asparaguswithbechamelsauce,3
sub-011,chocolateandstrawberryicecream,4
sub-011,carrots,4
sub-011,lasagna,4
sub-011,friedegg,4
sub-011,pizzaveggiecheese,4
sub-011,chocolatemuffin,4
sub-011,mixedvegetables,3
sub-011,chickenraw,4
sub-011,salmon,3
sub-011,pastameal,4
sub-011,pineapple,4
sub-011,strawberries,4
sub-011,pastriesanddonuts,4
sub-011,eggsineggboard,4
sub-011,honeydewmelon,4
sub-011,quiche,4
sub-011,chocolatebarfilledwithstrawberryandyogurtcream,4
sub-011,chocolatebarfilledwithmilkcream,4
sub-011,headofcabbage,4
sub-012,strawberrycake,3
sub-012,pickles,1
sub-012,pralines,4
sub-012,croissants,2
sub-012,roastbeef,4
sub-012,gherkin,1
sub-012,cookie,3
sub-012,hamsandwichwithchips,3
sub-012,carrots,1
sub-012,kohlrabi,1
sub-012,wafflewithwhippedcream,4
sub-012,radishes,1
sub-012,strawberryhalf,4
sub-012,roundshortbreadcookies,4
sub-012,pizzaslicesassorted,4
sub-012,headoficeberglettuce,2
sub-012,greenbeans,2
sub-012,minicookieswithchocolateononeside,4
sub-012,mixedsalad,2
sub-012,shashlikwithbakedpotato,4
sub-012,mixedvegetables,2
sub-012,cheeseburger,3
sub-012,doughnutdonutchocolate,4
sub-012,cookiesmixed,3
sub-012,crispbread,3
sub-012,cheeseburgerfrenchfries,4
sub-012,blackberries,2
sub-012,muffins,2
sub-012,banana,3
sub-012,roastbeef,4
sub-012,cheeseplatter,3
sub-012,meatballspatties,3
sub-012,wildberriesmix,3
sub-012,strawberries,4
sub-012,pistachios,3
sub-012,cucumberandcarrot,2
sub-012,eggsineggboard,2
sub-012,chiccory,1
sub-012,frenchfrieschicken,4
sub-012,croissants,3
sub-012,cheeseplatter,3
sub-012,frenchcruller,4
sub-012,soybeansprouts,1
sub-012,mixedvegetables,2
sub-012,puffedricecoveredinchocolate,4
sub-012,frenchtoast,4
sub-012,sundaewithraspberries,4
sub-012,beefsteakraw,3
sub-012,sushi,3
sub-012,bowlofsalad,2
sub-012,greenchili,1
sub-012,peanuts,3
sub-012,fishsticks,3
sub-012,chocolatecake,4
sub-012,toast,3
sub-012,potatoesandcorn,3
sub-012,gummicandygoldbears,4
sub-012,strawberries,4
sub-012,piecesofchocolate,4
sub-012,glassofbeer,3
sub-012,nicnaccrustypeanuts,3
sub-012,carrots,1
sub-012,walnut,2
sub-012,canardroasted,4
sub-012,chocolatebar,4
sub-012,hazelnuts,2
sub-012,cakewithpowderedsugar,3
sub-012,salmonsushi,4
sub-012,mixedvegetables,2
sub-012,springonions,1
sub-012,cookiesfilledwithchocolatecream,4
sub-012,spareribswithfrenchfriesandsalad,4
sub-012,sandwichroastbeef,4
sub-012,chips,3
sub-012,emmentalercheese,3
sub-012,tunasandwiches,4
sub-012,brusselssprouts,1
sub-012,cheese,3
sub-012,tortillachips,3
sub-012,squashpumpkin,1
sub-012,potatoes,1
sub-012,mashedpotatoes,3
sub-012,cherries,3
sub-012,lemon1half,3
sub-012,loafofbread,3
sub-012,frenchfries,4
sub-012,spaghettiwithpesto,3
sub-012,walnuts,1
sub-012,arugula,1
sub-012,lettuceiceberg,1
sub-012,tortellini,2
sub-012,greenasparagus,1
sub-012,lemon,2
sub-012,saladplate,2
sub-012,raspberrycake,3
sub-012,brusselssprouts,1
sub-012,fruitmixnectarinesraspberriescherries,3
sub-012,mixedsalad,2
sub-012,kiwis,3
sub-012,potatogratin,4
sub-012,hazelnut,2
sub-012,peascornandpotatos,1
sub-012,liversausage,2
sub-012,lettucelollorosso,1
sub-012,waffle,4
sub-012,cherries,3
sub-012,filledchocolates,4
sub-012,grapesred,4
sub-012,chips,3
sub-012,jellycandies,3
sub-012,cheeseburger,4
sub-012,frankfurtcrowncake,4
sub-012,chroisant,3
sub-012,strawberryicecreamcone,3
sub-012,gummicandyandlicoricemix,4
sub-012,rissole,4
sub-012,nutscashews,2
sub-012,redpaprikapeppers,1
sub-012,apples,4
sub-012,saladplate,2
sub-012,croissants,3
sub-012,chocolatetruffle,4
sub-012,asparaguswithbechamelsauce,2
sub-012,pastabake,4
sub-012,pancakes,4
sub-012,peach,3
sub-012,openedchipsbag,3
sub-012,chocolatecakewithnuts,4
sub-012,cheddarcheese,3
sub-012,pear,3
sub-012,muffins,4
sub-012,mixedvegetables,2
sub-012,chocolatecreamcake,4
sub-012,grilledbavariansausage,4
sub-012,sundae,4
sub-012,blueberries,3
sub-012,artichoke,1
sub-012,fruits,3
sub-012,donutchocolatetopping,4
sub-012,mmspeanut,4
sub-012,chocolatepopsicles,4
sub-012,strawberrycreamcake,3
sub-012,bagelwithcreamcheeseandvegetables,2
sub-012,peapod,1
sub-012,mixedvegetables,2
sub-012,pretzels,3
sub-012,grapefruit,3
sub-012,strawberries,4
sub-012,ravioli,2
sub-012,paprikapeppersredyelloworange,1
sub-012,spaghettiwithtomatosauce,3
sub-012,donut,4
sub-012,platewithrawhamburgerpattiesandsausages,3
sub-012,cake,3
sub-012,marblecake,4
sub-012,cookiesfilledwithchocolatecream,4
sub-012,cornflakesandalmondscoveredinchocolate,4
sub-012,headofcabbage,1
sub-012,vienneseschnitzel,4
sub-012,cheeseplatter,3
sub-012,sushirollwithcucumber,2
sub-012,wildberriesmix,3
sub-012,saladplate,2
sub-012,crispbreadwithcottagecheese,2
sub-012,romanlettuce,1
sub-012,cutlet,4
sub-012,zucchini,1
sub-012,cookiemix,3
sub-012,chocolateandstrawberryicecream,3
sub-012,shrimp,3
sub-012,redcabbage,1
sub-012,lattemacchiato,4
sub-012,challahbraidedyeastbunwithraisins,3
sub-012,barsofwhitechocolate,4
sub-012,creamcakewithfruits,4
sub-012,watermelon,3
sub-012,peanuts,2
sub-012,headofgreenlettuce,1
sub-012,fishsandwich,2
sub-012,fruitmixkiwicherriesstrawberries,3
sub-012,cake,3
sub-012,lemoncake,3
sub-012,sugarsnappea,2
sub-012,burgerpattywithfrenchfriesandsalad,4
sub-012,eggboiled,3
sub-012,potatoes,1
sub-012,blacklicoricewheels,1
sub-012,somebarsofchocolatestacked,4
sub-012,filledcookiewithwalnut,3
sub-012,rasberries,2
sub-012,mushroomsbrown,1
sub-012,strawberrycake,3
sub-012,blueberryastrawberrytartlet,3
sub-012,rollsinabasket,3
sub-012,raffaelococonutwaferballs,2
sub-012,curdwithchives,2
sub-012,pomegranate,2
sub-012,steakwithbackedpotatoandvegetables,4
sub-012,friedsausagewithroll,4
sub-012,waffles,4
sub-012,vanillaandchocolateicecreamcone,4
sub-012,crispbreadwithcottagecheese,2
sub-012,toblerone,4
sub-012,vanillaicecreamcone,4
sub-012,applepie,3
sub-012,cheeseburgerfrenchfriesandcola,4
sub-012,cheeseburger,4
sub-012,glassoforangejuice,3
sub-012,toastwithjam,3
sub-012,chocolatemuffin,4
sub-012,chocolatemuffin,4
sub-012,veggiemixcucumbertomatopeppers,1
sub-012,greenpaprikapeppers,1
sub-012,toffifayfilledcaramelcup,3
sub-012,peaches,4
sub-012,cornflakeswithmilk,3
sub-012,donutchocolate,4
sub-012,roll,2
sub-012,hamburger,4
sub-012,cheesecakewithcherrytopping,3
sub-012,redcurrants,3
sub-012,kitkatchocolatewaferbars,4
sub-012,cakewithtangerines,3
sub-012,cantaloup,3
sub-012,pizzawithmushroomsandbellpepper,4
sub-012,cremebrulee,3
sub-012,cookie,3
sub-012,blackberry,3
sub-012,gummicandycola,4
sub-012,greenapple,3
sub-012,lasagna,2
sub-012,cookiefilledwithjelly,2
sub-012,pastawithbacon,4
sub-012,sachercake,4
sub-012,briecheese,2
sub-012,strawberrytartlet,3
sub-012,peascooked,1
sub-012,stracciatellacake,4
sub-012,cornmaize,2
sub-012,spaghettiwithtomatosauce,3
sub-012,cake,4
sub-012,breadroll,2
sub-012,cheeseburger,4
sub-012,frenchfriesandchickendrumsticks,4
sub-012,shashlik,3
sub-012,cheesecake,3
sub-012,pineapple,3
sub-012,papaya,2
sub-012,hamandcheesesandwich,4
sub-012,chocolatecookie,3
sub-012,pinenuts,2
sub-012,cheeseandcoldmeatplatter,2
sub-012,popcorn,2
sub-012,cucumberslice,1
sub-012,chickenraw,2
sub-012,coloredchocolatebeans,4
sub-012,salamiroastedhamandcheese,3
sub-012,carrots,2
sub-012,pizzasalami,4
sub-012,avocado,1
sub-012,pastabake,4
sub-012,doughnutdonutplain,1
sub-012,shortbread,2
sub-012,yellowbellpeppersliced,1
sub-012,oranges,2
sub-012,plateofsalad,2
sub-012,oranges,3
sub-012,broccoli,1
sub-012,nutscoveredinchocolate,3
sub-012,chocolatecroissants,4
sub-012,jaffacookies,4
sub-012,apples,4
sub-012,roastpotatoes,3
sub-012,chickenfilletsgrilled,3
sub-012,watermelon,3
sub-012,germankrapfen,3
sub-012,minichocolatecakebar,4
sub-012,hamsandwich,4
sub-012,fennel,1
sub-012,cauliflower,1
sub-012,carrots,1
sub-012,sliceofbreadtoppedwithchocolatecream,4
sub-012,croissants,2
sub-012,fruits,3
sub-012,sundaepeach,4
sub-012,minichocolatemarshmallows,4
sub-012,rigatoniwithvegetable,3
sub-012,rusk,2
sub-012,veggiemixwithdip,2
sub-012,tomato,1
sub-012,vanillaicecream,3
sub-012,waterbottle,3
sub-012,mixedlicorice,3
sub-012,meatfilletsandvegetablesgrilled,4
sub-012,lollipops,3
sub-012,pizzaveggiecheese,3
sub-012,icecreamwithchocolatebeans,4
sub-012,avocado,2
sub-012,sushirolls,3
sub-012,vegetables,1
sub-012,quiche,3
sub-012,meatpie,3
sub-012,fruitplatemelonpineapplegrapes,4
sub-012,nectarines,3
sub-012,mueslibaroatmeal,3
sub-012,raspberrycandies,2
sub-012,spaghettiwithtomatosauce,3
sub-012,olives,2
sub-012,espresso,1
sub-012,pizzawithsalami,4
sub-012,filledroulade,2
sub-012,chocolatepopsiclewithnuts,4
sub-012,croissants,2
sub-012,pancakewithfruits,4
sub-012,sachercake,4
sub-012,vienneseschnitzelwithpotatoes,4
sub-012,cornonacob,2
sub-012,marblecake,4
sub-012,salmon,3
sub-012,snackmix,2
sub-012,chocolatemuffin,4
sub-012,steak,3
sub-012,pizzahamandmushrooms,4
sub-012,cake,3
sub-012,hardcandies,2
sub-012,onion,1
sub-012,yellowbellpepper,3
sub-012,celery,1
sub-012,sproutspotatoescarrots,1
sub-012,glassofredwine,2
sub-012,zucchini,1
sub-012,spinach,1
sub-012,pears,2
sub-012,openedbarofchocolatewithnuts,4
sub-012,cake,3
sub-012,winegum,4
sub-012,eclair,4
sub-012,roastpork,4
sub-012,muffinwithgreentopping,3
sub-012,hamburgerwithbacon,4
sub-012,mixedvegetables,2
sub-012,oranges,3
sub-012,chocolatebiscuit,4
sub-012,germankrapfen,4
sub-012,hotdog,4
sub-012,raspberries,2
sub-012,carambolastarfruit,3
sub-012,pears,1
sub-012,tomatoes,1
sub-012,chocolatecookies,4
sub-012,raspberrycake,3
sub-012,chocolatemuffin,4
sub-012,spareribswithfrenchfriesandsalad,4
sub-012,mixedvegetablescooked,2
sub-012,germankrapfen,3
sub-012,edamcheese,1
sub-012,gardenradish,1
sub-012,hamsandwichwithchips,4
sub-012,hamsandwich,4
sub-012,grapes,3
sub-012,asparagus,1
sub-012,greenonionshallot,1
sub-012,cookedhamcut,3
sub-012,popcorn,2
sub-012,baguette,2
sub-012,knuckleofporkwithsauerkraut,3
sub-012,doughnutdonuticing,4
sub-012,cauliflower,1
sub-012,tomatosliced,1
sub-012,roll,2
sub-012,crispreadwithcottagecheese,2
sub-012,grapes,4
sub-012,banana,4
sub-012,filletofporkgrilled,4
sub-012,chocolateandvanillaicecream,3
sub-012,marzipanchocolate,2
sub-012,chocolatecake,4
sub-012,barofchocolate,4
sub-012,chocolatepopsiclewithnuts,4
sub-012,bowlofrice,3
sub-012,sausages,4
sub-012,chickenroasted,4
sub-012,limes,2
sub-012,bowlofsalad,2
sub-012,glassofgherkins,2
sub-012,almonds,2
sub-012,cookedham,3
sub-012,chocolatecake,4
sub-012,pizzawithmushrooms,4
sub-012,grapesredandwhite,4
sub-012,donerkebab,4
sub-012,ravioli,3
sub-012,tagliatelle,2
sub-012,spaghetti,1
sub-012,icecreamsandwiches,4
sub-012,hamsandwich,4
sub-012,blueberries,2
sub-012,cheeseplatter,3
sub-012,beefsteakraw,2
sub-012,cheeseburgerfrenchfriesandcola,4
sub-012,bowlofmuesligranola,2
sub-012,hotdog,4
sub-012,smokedhambacon,3
sub-012,muffins,4
sub-012,cutlet,4
sub-012,gherkinsliced,2
sub-012,cheese,2
sub-012,sushiwithsalmon,4
sub-012,honeydewmelon,3
sub-012,frenchfries,4
sub-012,crispbreadwithcottagecheese,2
sub-012,doughnutdonutjam,3
sub-012,chocolatebarbroken,4
sub-012,cheese,2
sub-012,chocolatecookie,3
sub-012,mushroomswhite,1
sub-012,cookies,4
sub-012,cappuccino,4
sub-012,chocolatecake,4
sub-012,artichoke,1
sub-012,apple,4
sub-012,gardenradish,1
sub-012,crackers,2
sub-012,troutwithpotatoespanfried,4
sub-012,spinachpotatoecasserole,4
sub-012,tomatoes,1
sub-012,cucumberwithslices,2
sub-012,camembert,2
sub-012,raspberrycreamcake,3
sub-012,chocolatebarfilledwithmilkcream,4
sub-012,potatoes,1
sub-012,cakewithgelatinizedfruits,3
sub-012,cookiesoreos,4
sub-012,parsley,1
sub-012,tomatoes,1
sub-012,roastedchicken,4
sub-012,muffin,3
sub-012,appledanish,3
sub-012,crispbreadwithcookedham,3
sub-012,chocolatecandybar,4
sub-012,bread,2
sub-012,donutsandpastries,4
sub-012,fennel,1
sub-012,donerkebab,3
sub-012,peanutpuffs,3
sub-012,meatpie,3
sub-012,wildberriesmix,3
sub-012,pancakeswithblueberries,3
sub-012,bloodoranges,3
sub-012,artichoke,1
sub-012,bowlofmuesligranola,3
sub-012,wildberriesmix,3
sub-012,pastabake,4
sub-012,strawberries,4
sub-012,filledwaffles,4
sub-012,kiwi,4
sub-012,toastwhitebread,2
sub-012,friedegg,3
sub-012,figs,2
sub-012,challahbraidedyeastbun,2
sub-012,hotdog,4
sub-012,glassofbeer,2
sub-012,oranges,3
sub-012,vegetables,1
sub-012,shortbreads,3
sub-012,spaghettibolognese,3
sub-012,croissant,2
sub-012,wienerschnitzel,4
sub-012,bagel,3
sub-012,hotdog,4
sub-012,hardcandies,4
sub-012,peanuts,2
sub-012,lemons,3
sub-012,lasagna,4
sub-012,croissant,2
sub-012,browniewithnuts,4
sub-012,pineapple,2
sub-012,rasberry,2
sub-012,chocolatemarshmallows,4
sub-012,grapeswhite,4
sub-012,gummibearswithextrasugar,4
sub-012,sausagesfrankfurter,4
sub-012,lollipops,3
sub-012,chips,3
sub-012,saladplate,2
sub-012,apples,3
sub-012,pastries,3
sub-012,christmassweets,3
sub-012,cake,3
sub-012,barofchocolatewithnuts,4
sub-012,beansandcarrotscooked,1
sub-012,camembert,2
sub-012,salmon,3
sub-012,fruitsalad,4
sub-012,fishwithvegetablesgrilled,4
sub-012,spinach,1
sub-012,chocolatepieces,4
sub-012,chinesecabbage,1
sub-012,chives,1
sub-012,ricewaffles,3
sub-012,pastriesanddonuts,4
sub-012,redgrapes,4
sub-012,breads,3
sub-012,crispbread,2
sub-012,glassofwhitewine,2
sub-012,leek,1
sub-012,hamsandwich,4
sub-012,redbellpepper,1
sub-012,tomatoandmozzarellaskewer,2
sub-012,salmonwithvegetablesgrilled,4
sub-012,raspberrycreamcake,3
sub-012,germankrapfen,3
sub-012,gooseroasted,4
sub-012,breakfastcereals,3
sub-012,chocolatebarbite,4
sub-012,hardcandies,2
sub-012,mandarins,4
sub-012,cake,4
sub-012,pastameal,4
sub-012,blackforestcake,4
sub-012,chocolatecake,4
sub-012,carrotscooked,1
sub-012,pretzel,2
sub-012,piecesoffruit,4
sub-012,chipsfrenchfries,4
sub-012,donutwithchocolatesprinkles,4
sub-012,frenchfries,4
sub-012,mixedvegetables,2
sub-012,roulade,4
sub-012,pretzelsticks,2
sub-012,orange,4
sub-012,sausage,3
sub-012,butter,2
sub-012,croissantwithbutterandjam,3
sub-012,wildberriesmix,3
sub-012,cakegugelhupf,3
sub-012,cherry,3
sub-012,raspberrycake,3
sub-012,headofgreenlettuce,1
sub-012,salmon,2
sub-012,creamroll,4
sub-012,cheesecakewithstrawberriesandcrumbles,3
sub-012,flatcakewithsalad,2
sub-012,cauliflower,1
sub-012,greenbellpepper,1
sub-012,raspberries,2
sub-012,chips,2
sub-012,grapewhites,4
sub-012,pizzawithsalami,4
sub-012,apples,4
sub-012,marshmallowsflat,4
sub-012,papaya,3
sub-012,bread,2
sub-012,redchilli,1
sub-012,banana,4
sub-012,icecream,4
sub-012,steakwithbackedpotatoandvegetables,4
sub-012,somedifferentcakewedges,4
sub-012,tomatoandmozzarella,3
sub-012,potatoewedges,4
sub-012,bagelswithsesameandpoppyseed,2
sub-013,chiccory,1
sub-013,troutwithpotatoespanfried,4
sub-013,tagliatelle,1
sub-013,browniewithnuts,3
sub-013,pizzaslicesassorted,4
sub-013,glassoforangejuice,3
sub-013,challahbraidedyeastbunwithraisins,3
sub-013,cakegugelhupf,1
sub-013,mmspeanut,1
sub-013,cakewithpowderedsugar,2
sub-013,tomatoes,2
sub-013,chocolatepopsiclewithnuts,3
sub-013,hotdog,4
sub-013,filledroulade,2
sub-013,lettucelollorosso,2
sub-013,lettuceiceberg,2
sub-013,chocolatebiscuit,1
sub-013,somebarsofchocolatestacked,1
sub-013,rasberry,3
sub-013,croissants,3
sub-013,raspberrycake,4
sub-013,hamsandwich,4
sub-013,greenbeans,2
sub-013,somedifferentcakewedges,4
sub-013,carambolastarfruit,1
sub-013,roastpork,4
sub-013,headofgreenlettuce,2
sub-013,roulade,3
sub-013,mixedvegetablescooked,2
sub-013,tunasandwiches,4
sub-013,peascornandpotatos,2
sub-013,cheeseburgerfrenchfriesandcola,4
sub-013,cheeseburgerfrenchfries,4
sub-013,fruitplatemelonpineapplegrapes,4
sub-013,cheesecakewithstrawberriesandcrumbles,4
sub-013,pizzawithmushroomsandbellpepper,4
sub-013,piecesofchocolate,2
sub-013,cookiemix,2
sub-013,doughnutdonutchocolate,2
sub-013,germankrapfen,2
sub-013,pastriesanddonuts,3
sub-013,spinachpotatoecasserole,4
sub-013,shashlikwithbakedpotato,4
sub-013,spinach,1
sub-013,cheeseplatter,3
sub-013,cappuccino,2
sub-013,spaghettiwithtomatosauce,4
sub-013,quiche,4
sub-013,salmon,4
sub-013,frenchcruller,2
sub-013,croissants,3
sub-013,hamsandwich,4
sub-013,friedegg,2
sub-013,cake,3
sub-013,vienneseschnitzelwithpotatoes,4
sub-013,walnuts,1
sub-013,gardenradish,2
sub-013,steakwithbackedpotatoandvegetables,4
sub-013,bowlofmuesligranola,2
sub-013,oranges,2
sub-013,grapes,2
sub-013,chocolatemuffin,2
sub-013,gummibearswithextrasugar,2
sub-013,roastbeef,4
sub-013,chives,1
sub-013,bowlofsalad,3
sub-013,wildberriesmix,2
sub-013,glassofwhitewine,1
sub-013,nectarines,2
sub-013,yellowbellpepper,1
sub-013,gummicandygoldbears,3
sub-013,marzipanchocolate,1
sub-013,pastabake,2
sub-013,roll,1
sub-013,waterbottle,2
sub-013,pastries,3
sub-013,popcorn,2
sub-013,bread,3
sub-013,figs,3
sub-013,rigatoniwithvegetable,2
sub-013,apples,2
sub-013,peaches,2
sub-013,potatoesandcorn,2
sub-013,peach,2
sub-013,hamburgerwithbacon,4
sub-013,chips,1
sub-013,chips,4
sub-013,mixedvegetables,2
sub-013,bowlofrice,3
sub-013,avocado,2
sub-013,gooseroasted,4
sub-013,fennel,1
sub-013,lemon,2
sub-013,cornonacob,3
sub-013,mixedsalad,3
sub-013,camembert,3
sub-013,fruits,3
sub-013,toastwhitebread,1
sub-013,tomato,2
sub-013,leek,1
sub-013,muffinwithgreentopping,2
sub-013,camembert,3
sub-013,cookiesoreos,2
sub-013,rusk,1
sub-013,fruitsalad,3
sub-013,pizzawithmushrooms,4
sub-013,cake,3
sub-013,crispbreadwithcottagecheese,4
sub-013,peanutpuffs,2
sub-013,ravioli,3
sub-013,blacklicoricewheels,1
sub-013,mashedpotatoes,2
sub-013,gummicandycola,3
sub-013,shortbread,1
sub-013,saladplate,4
sub-013,popcorn,2
sub-013,cornmaize,1
sub-013,cheeseplatter,4
sub-013,redbellpepper,1
sub-013,banana,2
sub-013,chocolatepopsiclewithnuts,3
sub-013,vegetables,1
sub-013,pineapple,2
sub-013,apple,2
sub-013,baguette,2
sub-013,butter,1
sub-013,almonds,1
sub-013,peascooked,2
sub-013,raspberrycandies,1
sub-013,barofchocolatewithnuts,1
sub-013,donutwithchocolatesprinkles,2
sub-013,fruitcake,3
sub-013,crispbreadwithcookedham,3
sub-013,pastameal,4
sub-013,chickenfilletsgrilled,4
sub-013,blueberries,3
sub-013,kitkatchocolatewaferbars,2
sub-013,chocolatecroissants,2
sub-013,spaghettibolognese,4
sub-013,chocolatecookie,1
sub-013,potatoewedges,4
sub-013,brusselssprouts,2
sub-013,chocolateandvanillaicecream,2
sub-013,pears,2
sub-013,frenchfries,4
sub-013,loafofbread,2
sub-013,breadroll,2
sub-013,minicookieswithchocolateononeside,1
sub-013,chocolatemuffin,2
sub-013,wafflewithwhippedcream,2
sub-013,strawberrycake,4
sub-013,cheeseburgerfrenchfriesandcola,4
sub-013,carrots,2
sub-013,glassofbeer,1
sub-013,chocolatebarfilledwithmilkcream,1
sub-013,mixedvegetables,3
sub-013,tomatosliced,2
sub-013,chickenroasted,3
sub-013,filledcookiewithwalnut,1
sub-013,friedsausagewithroll,4
sub-013,mixedsalad,4
sub-013,greenasparagus,1
sub-013,jellycandies,1
sub-013,redchilli,1
sub-013,apples,2
sub-013,chocolatebarbroken,2
sub-013,pomegranate,2
sub-013,olives,2
sub-013,peanuts,1
sub-013,sandwichroastbeef,4
sub-013,chocolatepieces,3
sub-013,meatballspatties,3
sub-013,sachercake,3
sub-013,burgerpattywithfrenchfriesandsalad,4
sub-013,lasagna,4
sub-013,donut,3
sub-013,potatoes,2
sub-013,mixedvegetables,2
sub-013,gummicandyandlicoricemix,2
sub-013,eclair,3
sub-013,brusselssprouts,2
sub-013,beefsteakraw,2
sub-013,oranges,2
sub-013,cheeseburger,4
sub-013,vegetables,2
sub-013,cake,3
sub-013,greenbellpepper,2
sub-013,pancakes,3
sub-013,spareribswithfrenchfriesandsalad,4
sub-013,coloredchocolatebeans,2
sub-013,raspberrycreamcake,3
sub-013,lasagna,4
sub-013,cookie,1
sub-013,croissants,3
sub-013,sausages,3
sub-013,walnut,1
sub-013,sproutspotatoescarrots,2
sub-013,glassofgherkins,2
sub-013,cantaloup,3
sub-013,grapeswhite,3
sub-013,shashlik,3
sub-013,spinach,2
sub-013,sundaewithraspberries,3
sub-013,toast,2
sub-013,flatcakewithsalad,2
sub-013,wienerschnitzel,3
sub-013,sausage,3
sub-013,blueberries,3
sub-013,chocolatecake,3
sub-013,tortillachips,2
sub-013,mixedvegetables,3
sub-013,greenpaprikapeppers,2
sub-013,papaya,2
sub-013,zucchini,2
sub-013,raspberrycake,3
sub-013,hamsandwichwithchips,4
sub-013,eggboiled,1
sub-013,beansandcarrotscooked,3
sub-013,artichoke,1
sub-013,cheddarcheese,2
sub-013,nicnaccrustypeanuts,2
sub-013,kiwi,3
sub-013,paprikapeppersredyelloworange,1
sub-013,lemons,1
sub-013,cremebrulee,2
sub-013,carrotscooked,2
sub-013,peanuts,1
sub-013,hotdog,4
sub-013,raspberries,2
sub-013,cake,3
sub-013,mixedvegetables,3
sub-013,spareribswithfrenchfriesandsalad,4
sub-013,wildberriesmix,3
sub-013,steak,4
sub-013,christmassweets,1
sub-013,fruitmixkiwicherriesstrawberries,3
sub-013,muffin,2
sub-013,sachercake,3
sub-013,fruits,3
sub-013,pancakewithfruits,4
sub-013,sundae,3
sub-013,pineapple,3
sub-013,crispbread,2
sub-013,pralines,3
sub-013,bread,2
sub-013,tomatoandmozzarellaskewer,3
sub-013,watermelon,2
sub-013,shortbreads,1
sub-013,donerkebab,4
sub-013,cheeseplatter,3
sub-013,headofcabbage,2
sub-013,bowlofmuesligranola,2
sub-013,celery,2
sub-013,cutlet,4
sub-013,cheeseburger,1
sub-013,crispbreadwithcottagecheese,2
sub-013,cheese,2
sub-013,cauliflower,2
sub-013,minichocolatemarshmallows,2
sub-013,fishwithvegetablesgrilled,4
sub-013,pickles,2
sub-013,salamisausage,3
sub-013,greenapple,2
sub-013,sundaepeach,3
sub-013,cake,3
sub-013,oranges,2
sub-013,rissole,3
sub-013,sushirollwithcucumber,3
sub-013,cornflakesandalmondscoveredinchocolate,2
sub-013,roastpotatoes,3
sub-013,cherries,3
sub-013,glassofredwine,1
sub-013,hamsandwichwithchips,4
sub-013,strawberrycreamcake,3
sub-013,crispbread,1
sub-013,squashpumpkin,1
sub-013,chocolatecreamcake,3
sub-013,pretzel,2
sub-013,chocolatecakewithnuts,3
sub-013,cheeseandcoldmeatplatter,3
sub-013,cauliflower,2
sub-013,lemon1half,2
sub-013,lattemacchiato,3
sub-013,nutscoveredinchocolate,2
sub-013,crackers,1
sub-013,croissant,3
sub-013,appledanish,2
sub-013,liversausage,3
sub-013,hardcandies,2
sub-013,honeydewmelon,2
sub-013,donutchocolate,3
sub-013,winegum,2
sub-013,springonions,2
sub-013,donerkebab,4
sub-013,chipsfrenchfries,4
sub-013,blueberryastrawberrytartlet,3
sub-013,doughnutdonutjam,2
sub-013,openedbarofchocolatewithnuts,2
sub-013,tomatoes,2
sub-013,lemoncake,2
sub-013,chocolatebarfilledwithstrawberryandyogurtcream,2
sub-013,breads,2
sub-013,donutsandpastries,3
sub-013,cucumberandcarrot,2
sub-013,germankrapfen,3
sub-013,salmonsushi,4
sub-013,cherry,3
sub-013,pastawithbacon,3
sub-013,salamiroastedhamandcheese,3
sub-013,hazelnuts,1
sub-013,hardcandies,2
sub-013,pretzelsticks,1
sub-013,redcabbage,2
sub-013,chocolatemarshmallows,2
sub-013,carrots,2
sub-013,waffles,3
sub-013,edamcheese,1
sub-013,hardcandies,2
sub-013,frenchtoast,3
sub-013,pretzels,2
sub-013,fennel,1
sub-013,crispbreadwithcottagecheese,3
sub-013,headoficeberglettuce,3
sub-013,potatoes,2
sub-013,chips,3
sub-013,germankrapfen,3
sub-013,cherries,2
sub-013,saladplate,4
sub-013,bloodoranges,3
sub-013,chocolatebar,2
sub-013,hazelnut,1
sub-013,cake,3
sub-013,cookies,1
sub-013,pancakeswithblueberries,3
sub-013,parsley,1
sub-013,gherkinsliced,2
sub-013,grapes,4
sub-013,pistachios,1
sub-013,peapod,2
sub-013,banana,3
sub-013,hotdog,4
sub-013,lollipops,2
sub-013,gherkin,2
sub-013,meatpie,3
sub-013,kohlrabi,1
sub-013,wildberriesmix,3
sub-013,radishes,2
sub-013,glassofbeer,1
sub-013,cakewithgelatinizedfruits,3
sub-013,chocolatecake,3
sub-013,cheese,3
sub-013,chocolatecake,3
sub-013,applepie,3
sub-013,bagelswithsesameandpoppyseed,3
sub-013,pastabake,4
sub-013,grapesredandwhite,4
sub-013,pear,3
sub-013,artichoke,2
sub-013,grilledbavariansausage,2
sub-013,knuckleofporkwithsauerkraut,2
sub-013,meatfilletsandvegetablesgrilled,4
sub-013,bowlofsalad,3
sub-013,cheeseburger,4
sub-013,strawberryhalf,4
sub-013,cookedham,3
sub-013,meatpie,3
sub-013,cookedhamcut,3
sub-013,mushroomsbrown,2
sub-013,tomatoes,2
sub-013,chocolateandstrawberryicecream,3
sub-013,raffaelococonutwaferballs,2
sub-013,filledchocolates,2
sub-013,beefsteakraw,3
sub-013,mixedlicorice,2
sub-013,germankrapfen,1
sub-013,broccoli,2
sub-013,doughnutdonutplain,2
sub-013,chocolatecookies,2
sub-013,veggiemixcucumbertomatopeppers,3
sub-013,croissantwithbutterandjam,3
sub-013,chocolatecookie,2
sub-013,chocolatebarbite,2
sub-013,strawberries,4
sub-013,plateofsalad,4
sub-013,chocolatepopsicles,3
sub-013,mushroomswhite,2
sub-013,shrimp,1
sub-013,chocolatecake,2
sub-013,cookiesfilledwithchocolatecream,2
sub-013,pineapple,3
sub-013,mandarins,4
sub-013,pizzasalami,4
sub-013,sushi,4
sub-013,banana,3
sub-013,gardenradish,2
sub-013,icecreamsandwiches,2
sub-013,watermelon,3
sub-013,salmonwithvegetablesgrilled,4
sub-013,piecesoffruit,4
sub-013,hamsandwich,4
sub-013,artichoke,2
sub-013,chroisant,2
sub-013,papaya,3
sub-013,hamandcheesesandwich,4
sub-013,veggiemixwithdip,3
sub-013,croissant,2
sub-013,curdwithchives,2
sub-013,bowlofrice,3
sub-013,chinesecabbage,2
sub-013,spaghetti,2
sub-013,spaghettiwithtomatosauce,4
sub-013,strawberrytartlet,4
sub-013,redpaprikapeppers,2
sub-013,saladplate,3
sub-013,blackberry,3
sub-013,marblecake,3
sub-013,peanuts,2
sub-013,cornflakeswithmilk,2
sub-013,redgrapes,3
sub-013,challahbraidedyeastbun,2
sub-013,icecreamwithchocolatebeans,3
sub-013,cutlet,4
sub-013,asparagus,2
sub-013,sushirolls,3
sub-013,oranges,3
sub-013,waffle,2
sub-013,cheesecake,3
sub-013,hamsandwich,4
sub-013,apples,3
sub-013,cucumberslice,1
sub-013,bagel,2
sub-013,espresso,2
sub-013,emmentalercheese,2
sub-013,vanillaicecream,3
sub-013,minichocolatecakebar,3
sub-013,greenchili,2
sub-013,ricewaffles,2
sub-013,pinenuts,1
sub-013,potatoes,2
sub-013,chocolatecake,3
sub-013,vienneseschnitzel,3
sub-013,zucchini,2
sub-013,chocolatemuffin,2
sub-013,grapewhites,3
sub-013,cheesecakewithcherrytopping,4
sub-013,chocolatemuffin,2
sub-013,cauliflower,3
sub-013,spaghettiwithtomatosauce,3
sub-013,toffifayfilledcaramelcup,2
sub-013,croissants,3
sub-013,filletofporkgrilled,4
sub-013,snackmix,2
sub-013,marblecake,1
sub-013,cheese,2
sub-013,wildberriesmix,3
sub-013,mixedvegetables,3
sub-013,yellowbellpeppersliced,2
sub-013,vanillaicecreamcone,2
sub-013,cucumberwithslices,2
sub-013,grapefruit,3
sub-013,beefsteakraw,4
sub-013,rasberries,2
sub-013,cheeseplatter,3
sub-013,cake,1
sub-013,fruitmixnectarinesraspberriescherries,3
sub-013,barsofwhitechocolate,2
sub-013,roundshortbreadcookies,2
sub-013,doughnutdonuticing,2
sub-013,paprikapeppersredgreenyellow,2
sub-013,muffins,3
sub-013,mixedvegetables,4
sub-013,fishsticks,3
sub-013,openedchipsbag,3
sub-013,pastabake,4
sub-013,crispreadwithcottagecheese,3
sub-013,frankfurtcrowncake,3
sub-013,tomatoandmozzarella,4
sub-013,greenonionshallot,1
sub-013,raspberrycake,4
sub-013,toastwithjam,3
sub-013,pizzaveggiecheese,4
sub-013,carrots,3
sub-013,blackforestcake,3
sub-013,roastedchicken,2
sub-013,creamcakewithfruits,4
sub-013,strawberries,3
sub-013,fishsandwich,3
sub-013,hamburger,4
sub-013,toblerone,2
sub-013,filledwaffles,3
sub-013,frenchfries,4
sub-013,roll,2
sub-013,sugarsnappea,2
sub-013,onion,2
sub-013,cookie,3
sub-013,canardroasted,4
sub-013,donutchocolatetopping,3
sub-013,pears,1
sub-013,lollipops,1
sub-013,icecream,3
sub-013,asparaguswithbechamelsauce,2
sub-013,avocado,3
sub-013,briecheese,3
sub-013,pizzahamandmushrooms,4
sub-013,strawberryicecreamcone,3
sub-013,limes,3
sub-013,chickenraw,2
sub-013,jaffacookies,2
sub-013,creamroll,3
sub-013,sausagesfrankfurter,3
sub-013,salmon,3
sub-013,cookiesmixed,3
sub-013,potatogratin,4
sub-013,orange,2
sub-013,chocolatecandybar,3
sub-013,cakewithtangerines,3
sub-013,cookiesfilledwithchocolatecream,2
sub-013,cookiefilledwithjelly,3
sub-013,nutscashews,1
sub-013,steakwithbackedpotatoandvegetables,4
sub-013,croissants,3
sub-013,tortellini,3
sub-013,mueslibaroatmeal,2
sub-013,rollsinabasket,3
sub-013,chips,3
sub-013,spaghettiwithpesto,4
sub-013,frenchfriesandchickendrumsticks,3
sub-013,apples,2
sub-013,puffedricecoveredinchocolate,2
sub-013,saladplate,4
sub-013,marshmallowsflat,1
sub-013,sliceofbreadtoppedwithchocolatecream,2
sub-013,ravioli,3
sub-013,smokedhambacon,2
sub-014,hotdog,2
sub-014,chocolatecakewithnuts,4
sub-014,cornflakesandalmondscoveredinchocolate,3
sub-014,frenchcruller,3
sub-014,apples,2
sub-014,camembert,4
sub-014,cheeseburger,4
sub-014,strawberryicecreamcone,4
sub-014,christmassweets,3
sub-014,grilledbavariansausage,4
sub-014,blueberries,3
sub-014,chips,2
sub-014,chocolatepopsiclewithnuts,4
sub-014,mushroomsbrown,3
sub-014,germankrapfen,2
sub-014,oranges,3
sub-014,croissant,2
sub-014,oranges,2
sub-014,asparaguswithbechamelsauce,4
sub-014,cakewithpowderedsugar,3
sub-014,cookiefilledwithjelly,4
sub-014,creamcakewithfruits,3
sub-014,fruitsalad,1
sub-014,frenchtoast,4
sub-014,lollipops,1
sub-014,waterbottle,1
sub-014,apples,2
sub-014,zucchini,3
sub-014,chipsfrenchfries,4
sub-014,cake,4
sub-014,spinachpotatoecasserole,3
sub-014,gherkin,3
sub-014,salmon,3
sub-014,cakewithgelatinizedfruits,3
sub-014,spinach,2
sub-014,mixedvegetables,1
sub-014,roastpork,4
sub-014,chocolatecroissants,2
sub-014,fruitmixkiwicherriesstrawberries,2
sub-014,hamsandwichwithchips,2
sub-014,saladplate,3
sub-014,beefsteakraw,4
sub-014,leek,3
sub-014,grapefruit,2
sub-014,donerkebab,3
sub-014,cornmaize,3
sub-014,tortellini,4
sub-014,raspberrycandies,1
sub-014,chocolatecake,4
sub-014,cheese,2
sub-014,jellycandies,1
sub-014,piecesofchocolate,4
sub-014,frenchfriesandchickendrumsticks,3
sub-014,pears,1
sub-014,icecreamwithchocolatebeans,3
sub-014,roastbeef,4
sub-014,crispbreadwithcottagecheese,3
sub-014,sundaepeach,2
sub-014,gherkinsliced,3
sub-014,cookiemix,3
sub-014,saladplate,3
sub-014,raspberrycake,3
sub-014,redpaprikapeppers,3
sub-014,wildberriesmix,2
sub-014,roll,1
sub-014,yellowbellpepper,3
sub-014,bowlofrice,4
sub-014,tortillachips,2
sub-014,veggiemixwithdip,1
sub-014,hazelnuts,1
sub-014,pizzasalami,4
sub-014,lemons,4
sub-014,chocolatepieces,4
sub-014,liversausage,4
sub-014,chickenfilletsgrilled,3
sub-014,cucumberslice,1
sub-014,mixedsalad,2
sub-014,minicookieswithchocolateononeside,1
sub-014,somedifferentcakewedges,4
sub-014,salamisausage,4
sub-014,chips,3
sub-014,cucumberwithslices,1
sub-014,carrotscooked,1
sub-014,cake,2
sub-014,camembert,4
sub-014,donutsandpastries,3
sub-014,cappuccino,3
sub-014,shortbreads,1
sub-014,mixedvegetables,1
sub-014,fruits,2
sub-014,grapes,2
sub-014,raspberries,3
sub-014,peanuts,2
sub-014,cheeseburgerfrenchfries,4
sub-014,doughnutdonuticing,1
sub-014,tomato,2
sub-014,toblerone,4
sub-014,icecream,4
sub-014,chocolatemuffin,2
sub-014,kohlrabi,1
sub-014,quiche,3
sub-014,apple,2
sub-014,shrimp,4
sub-014,chocolatecreamcake,2
sub-014,meatpie,2
sub-014,pastabake,2
sub-014,ravioli,2
sub-014,pistachios,2
sub-014,spaghettiwithtomatosauce,4
sub-014,lemon1half,2
sub-014,sushirollwithcucumber,1
sub-014,croissants,3
sub-014,strawberrytartlet,2
sub-014,donutwithchocolatesprinkles,3
sub-014,vanillaicecream,4
sub-014,eclair,4
sub-014,lollipops,1
sub-014,lemoncake,2
sub-014,saladplate,2
sub-014,artichoke,1
sub-014,mixedlicorice,1
sub-014,sausagesfrankfurter,2
sub-014,mixedvegetables,1
sub-014,chips,3
sub-014,headofgreenlettuce,2
sub-014,kiwi,1
sub-014,crispbreadwithcottagecheese,2
sub-014,eggsineggboard,1
sub-014,icecreamsandwiches,1
sub-014,pralines,4
sub-014,redchilli,1
sub-014,raspberrycreamcake,3
sub-014,hotdog,1
sub-014,vienneseschnitzelwithpotatoes,4
sub-014,sushiwithsalmon,4
sub-014,croissantwithbutterandjam,2
sub-014,spaghetti,2
sub-014,cookiesoreos,4
sub-014,vegetables,2
sub-014,strawberrycake,4
sub-014,hamsandwich,2
sub-014,spaghettiwithtomatosauce,3
sub-014,hazelnut,1
sub-014,cauliflower,2
sub-014,raspberries,2
sub-014,cookie,1
sub-014,gummicandygoldbears,2
sub-014,doughnutdonutplain,2
sub-014,chickenroasted,4
sub-014,peanuts,2
sub-014,challahbraidedyeastbunwithraisins,1
sub-014,burgerpattywithfrenchfriesandsalad,4
sub-014,crackers,1
sub-014,mixedvegetablescooked,1
sub-014,potatogratin,3
sub-014,glassoforangejuice,2
sub-014,croissants,2
sub-014,headoficeberglettuce,1
sub-014,spaghettibolognese,4
sub-014,sausage,3
sub-014,watermelon,1
sub-014,nutscashews,2
sub-014,beansandcarrotscooked,2
sub-014,cookiesfilledwithchocolatecream,2
sub-014,pineapple,4
sub-014,eggboiled,3
sub-014,honeydewmelon,2
sub-014,pizzaveggiecheese,3
sub-014,donutchocolatetopping,2
sub-014,croissants,2
sub-014,spareribswithfrenchfriesandsalad,3
sub-014,coloredchocolatebeans,2
sub-014,greenbellpepper,3
sub-014,paprikapeppersredgreenyellow,3
sub-014,apples,1
sub-014,potatoesandcorn,1
sub-014,cookedhamcut,2
sub-014,grapes,3
sub-014,carrots,1
sub-014,mixedvegetables,1
sub-014,peascooked,1
sub-014,hotdog,2
sub-014,loafofbread,1
sub-014,minichocolatecakebar,2
sub-014,flatcakewithsalad,1
sub-014,fruitmixnectarinesraspberriescherries,2
sub-014,mixedvegetables,1
sub-014,filledchocolates,3
sub-014,meatpie,3
sub-014,mandarins,3
sub-014,rasberries,2
sub-014,fruits,1
sub-014,chinesecabbage,3
sub-014,snackmix,3
sub-014,pretzels,2
sub-014,beefsteakraw,4
sub-014,lettucelollorosso,2
sub-014,openedchipsbag,3
sub-014,fishsticks,2
sub-014,germankrapfen,2
sub-014,waffle,3
sub-014,nicnaccrustypeanuts,1
sub-014,orange,3
sub-014,cookiesmixed,4
sub-014,strawberries,3
sub-014,hamsandwichwithchips,3
sub-014,steakwithbackedpotatoandvegetables,4
sub-014,germankrapfen,2
sub-014,pancakes,3
sub-014,glassofbeer,4
sub-014,lettuceiceberg,2
sub-014,bread,1
sub-014,troutwithpotatoespanfried,3
sub-014,pastawithbacon,4
sub-014,saladplate,3
sub-014,crispbread,1
sub-014,potatoes,2
sub-014,lasagna,4
sub-014,mixedvegetables,1
sub-014,pineapple,3
sub-014,somebarsofchocolatestacked,3
sub-014,chocolatemuffin,3
sub-014,glassofgherkins,2
sub-014,redgrapes,4
sub-014,donut,4
sub-014,mixedsalad,3
sub-014,meatfilletsandvegetablesgrilled,4
sub-014,chocolatemarshmallows,3
sub-014,applepie,3
sub-014,potatoes,1
sub-014,croissant,2
sub-014,popcorn,3
sub-014,stracciatellacake,4
sub-014,wildberriesmix,2
sub-014,headofgreenlettuce,2
sub-014,wildberriesmix,2
sub-014,potatoes,2
sub-014,wildberriesmix,1
sub-014,challahbraidedyeastbun,3
sub-014,limes,1
sub-014,glassofwhitewine,4
sub-014,rissole,3
sub-014,cauliflower,1
sub-014,redcurrants,1
sub-014,chocolatemuffin,2
sub-014,carrots,4
sub-014,chocolatepopsiclewithnuts,4
sub-014,bowlofmuesligranola,3
sub-014,banana,2
sub-014,salmon,2
sub-014,cheese,4
sub-014,chiccory,1
sub-014,rasberry,1
sub-014,hamsandwich,2
sub-014,friedsausagewithroll,3
sub-014,chocolatemuffin,3
sub-014,cheeseandcoldmeatplatter,4
sub-014,wildberriesmix,2
sub-014,frenchfries,3
sub-014,croissants,2
sub-014,muffins,3
sub-014,asparagus,3
sub-014,espresso,3
sub-014,strawberries,3
sub-014,blacklicoricewheels,1
sub-014,doughnutdonutchocolate,2
sub-014,sliceofbreadtoppedwithchocolatecream,1
sub-014,salmonsushi,4
sub-014,filletofporkgrilled,4
sub-014,hamburger,4
sub-014,mashedpotatoes,3
sub-014,cake,4
sub-014,breakfastcereals,3
sub-014,marshmallowsflat,2
sub-014,cheese,3
sub-014,cheddarcheese,3
sub-014,chocolatecookies,4
sub-014,pickles,2
sub-014,jaffacookies,3
sub-014,peaches,2
sub-014,tomatoes,3
sub-014,grapeswhite,3
sub-014,waffles,4
sub-014,strawberrycreamcake,4
sub-014,pizzawithsalami,4
sub-014,kiwis,1
sub-014,cakewithtangerines,3
sub-014,cherry,2
sub-014,cheesecakewithstrawberriesandcrumbles,4
sub-014,pineapple,3
sub-014,chocolatecandybar,2
sub-014,pastabake,3
sub-014,hamsandwich,3
sub-014,strawberries,3
sub-014,soybeansprouts,1
sub-014,tomatoes,3
sub-014,meatballspatties,2
sub-014,cherries,1
sub-014,bagelswithsesameandpoppyseed,2
sub-014,emmentalercheese,1
sub-014,salmonwithvegetablesgrilled,3
sub-014,bowlofsalad,2
sub-014,sundae,4
sub-014,pretzel,2
sub-014,sandwichroastbeef,4
sub-014,popcorn,2
sub-014,lasagna,3
sub-014,fishsandwich,3
sub-014,chocolatecookie,3
sub-014,pomegranate,3
sub-014,filledroulade,3
sub-014,muffins,2
sub-014,pinenuts,1
sub-014,papaya,1
sub-014,fennel,2
sub-014,muffin,3
sub-014,arugula,1
sub-014,olives,4
sub-014,gooseroasted,4
sub-014,muffinwithgreentopping,3
sub-014,peascornandpotatos,1
sub-014,cakegugelhupf,3
sub-014,cake,3
sub-014,spinach,2
sub-014,curdwithchives,4
sub-014,bagel,1
sub-014,shortbread,3
sub-014,spareribswithfrenchfriesandsalad,2
sub-014,parsley,1
sub-014,blueberryastrawberrytartlet,4
sub-014,marblecake,1
sub-014,figs,1
sub-014,crispbreadwithcottagecheese,3
sub-014,roulade,3
sub-014,yellowbellpeppersliced,3
sub-014,toastwhitebread,1
sub-014,redbellpepper,2
sub-014,chocolatecake,3
sub-014,sausages,2
sub-014,roastpotatoes,3
sub-014,toastwithjam,1
sub-014,vienneseschnitzel,3
sub-014,bowlofmuesligranola,2
sub-014,watermelon,1
sub-014,knuckleofporkwithsauerkraut,3
sub-014,sachercake,3
sub-014,muffins,3
sub-014,strawberryhalf,2
sub-014,piecesoffruit,2
sub-014,cake,4
sub-014,apples,1
sub-014,breads,1
sub-014,fishwithvegetablesgrilled,3
sub-014,beefsteakraw,4
sub-014,hardcandies,2
sub-014,vegetables,2
sub-014,veggiemixcucumbertomatopeppers,2
sub-014,mushroomswhite,3
sub-014,pizzawithsalami,4
sub-014,butter,2
sub-014,strawberries,2
sub-014,crispreadwithcottagecheese,2
sub-014,grapesredandwhite,3
sub-014,pastabake,4
sub-014,chocolateandstrawberryicecream,3
sub-014,strawberrycake,4
sub-014,frenchfries,4
sub-014,cheeseplatter,3
sub-014,cheeseburger,4
sub-014,greenasparagus,3
sub-014,cookiesfilledwithchocolatecream,2
sub-014,papaya,1
sub-014,doughnutdonutjam,3
sub-014,tomatosliced,2
sub-014,fruitcake,3
sub-014,chocolatebarbite,1
sub-014,spaghettiwithpesto,3
sub-014,carambolastarfruit,1
sub-014,shashlik,4
sub-014,raspberrycreamcake,3
sub-014,celery,1
sub-014,raffaelococonutwaferballs,2
sub-014,redcabbage,2
sub-014,greenpaprikapeppers,2
sub-014,chocolatetruffle,4
sub-014,donerkebab,3
sub-014,cheeseplatter,3
sub-014,minichocolatemarshmallows,4
sub-014,roll,1
sub-014,pizzawithmushrooms,4
sub-014,greenchili,1
sub-014,croissants,2
sub-014,fennel,1
sub-014,cornflakeswithmilk,1
sub-014,sundaewithraspberries,4
sub-014,raspberrycake,4
sub-014,greenonionshallot,2
sub-014,broccoli,1
sub-014,cutlet,4
sub-014,artichoke,1
sub-014,germankrapfen,2
sub-014,chocolatebarbroken,3
sub-014,cutlet,4
sub-014,cherries,1
sub-014,tomatoes,1
sub-014,peapod,2
sub-014,walnuts,1
sub-014,chocolatebiscuit,2
sub-014,toffifayfilledcaramelcup,3
sub-014,pizzaslicesassorted,4
sub-014,cheesecake,4
sub-014,sproutspotatoescarrots,1
sub-014,peanuts,1
sub-014,rigatoniwithvegetable,2
sub-014,peanutpuffs,1
sub-014,rollsinabasket,2
sub-014,artichoke,1
sub-014,sugarsnappea,3
sub-014,fruitplatemelonpineapplegrapes,2
sub-014,carrots,1
sub-014,plateofsalad,3
sub-014,grapesred,3
sub-014,blackberries,1
sub-014,pastries,3
sub-014,chocolatebarfilledwithmilkcream,4
sub-014,zucchini,3
sub-014,hamsandwich,3
sub-014,ricewaffles,1
sub-014,cheesecakewithcherrytopping,4
sub-014,pretzelsticks,2
sub-014,roastedchicken,4
sub-014,tagliatelle,2
sub-014,vanillaandchocolateicecreamcone,3
sub-014,cookie,4
sub-014,frenchfries,3
sub-014,openedbarofchocolatewithnuts,4
sub-014,oranges,3
sub-014,cheeseburger,3
sub-014,ravioli,3
sub-014,chocolatebar,3
sub-014,hamburgerwithbacon,4
sub-014,bloodoranges,2
sub-014,sushirolls,4
sub-014,toast,1
sub-014,appledanish,1
sub-014,roastbeef,4
sub-014,avocado,3
sub-014,cheeseplatter,3
sub-014,potatoewedges,3
sub-014,radishes,3
sub-014,cheeseburger,4
sub-014,mueslibaroatmeal,2
sub-014,platewithrawhamburgerpattiesandsausages,3
sub-014,oranges,1
sub-014,wienerschnitzel,3
sub-014,canardroasted,4
sub-014,frankfurtcrowncake,4
sub-014,chroisant,2
sub-014,sushi,3
sub-014,grapewhites,2
sub-014,chocolateandvanillaicecream,4
sub-014,chocolatecake,2
sub-014,cantaloup,2
sub-014,cheeseburgerfrenchfriesandcola,3
sub-014,friedegg,3
sub-014,filledcookiewithwalnut,4
sub-014,avocado,3
sub-014,pancakewithfruits,2
sub-014,sachercake,3
sub-014,gummicandycola,4
sub-014,gardenradish,2
sub-014,lemon,2
sub-014,greenbeans,2
sub-014,pastriesanddonuts,3
sub-014,blueberries,1
sub-014,cake,4
sub-014,smokedhambacon,4
sub-014,marblecake,3
sub-014,chickenraw,4
sub-014,cucumberandcarrot,1
sub-014,briecheese,3
sub-014,shashlikwithbakedpotato,3
sub-014,hamandcheesesandwich,2
sub-014,puffedricecoveredinchocolate,4
sub-014,bowlofrice,3
sub-014,frenchfrieschicken,4
sub-014,lattemacchiato,3
sub-014,blackforestcake,3
sub-014,winegum,3
sub-014,tunasandwiches,2
sub-014,banana,1
sub-014,steakwithbackedpotatoandvegetables,4
sub-014,crispbreadwithcookedham,2
sub-014,chocolatepopsicles,3
sub-014,browniewithnuts,3
sub-014,walnut,1
sub-014,tomatoandmozzarella,3
sub-014,chips,4
sub-014,cornonacob,3
sub-014,gardenradish,2
sub-014,barofchocolate,3
sub-014,pizzawithmushroomsandbellpepper,4
sub-014,cauliflower,2
sub-014,spaghettiwithtomatosauce,4
sub-014,barsofwhitechocolate,4
sub-014,cake,4
sub-014,vanillaicecreamcone,3
sub-014,romanlettuce,1
sub-014,steak,4
sub-014,hardcandies,2
sub-014,chocolatebarfilledwithstrawberryandyogurtcream,3
sub-014,edamcheese,2
sub-014,pastameal,3
sub-014,peach,2
sub-014,marzipanchocolate,2
sub-014,baguette,1
sub-014,pizzahamandmushrooms,3
sub-014,cremebrulee,4
sub-014,squashpumpkin,3
sub-014,bread,1
sub-014,cheeseburgerfrenchfriesandcola,3
sub-014,barofchocolatewithnuts,4
sub-014,blackberry,3
sub-014,donutchocolate,2
sub-014,wafflewithwhippedcream,4
sub-014,springonions,1
sub-014,banana,1
sub-014,chocolatecake,2
sub-014,nectarines,2
sub-014,crispbread,1
sub-014,paprikapeppersredyelloworange,3
sub-014,tomatoandmozzarellaskewer,3
sub-014,rusk,1
sub-015,almonds,3
sub-015,headoficeberglettuce,3
sub-015,chocolatepopsicles,3
sub-015,tomatoes,3
sub-015,fruitplatemelonpineapplegrapes,3
sub-015,bloodoranges,2
sub-015,chips,2
sub-015,salmon,3
sub-015,pinenuts,1
sub-015,somedifferentcakewedges,1
sub-015,salmonsushi,2
sub-015,kitkatchocolatewaferbars,2
sub-015,wildberriesmix,1
sub-015,steakwithbackedpotatoandvegetables,2
sub-015,peanuts,1
sub-015,marshmallowsflat,1
sub-015,frenchtoast,2
sub-015,platewithrawhamburgerpattiesandsausages,1
sub-015,romanlettuce,1
sub-015,muffinwithgreentopping,1
sub-015,zucchini,1
sub-015,hamsandwichwithchips,2
sub-015,strawberries,3
sub-015,muffin,2
sub-015,headofgreenlettuce,1
sub-015,mixedvegetables,1
sub-015,carambolastarfruit,1
sub-015,cheeseburgerfrenchfriesandcola,4
sub-015,minichocolatecakebar,2
sub-015,germankrapfen,2
sub-015,mixedvegetablescooked,1
sub-015,apples,3
sub-015,cherries,3
sub-015,smokedhambacon,3
sub-015,vienneseschnitzel,3
sub-015,cornonacob,2
sub-015,grapesredandwhite,1
sub-015,vegetables,2
sub-015,raspberrycake,1
sub-015,lemon,1
sub-015,salmon,3
sub-015,sushi,3
sub-015,espresso,4
sub-015,chips,3
sub-015,breadroll,2
sub-015,frankfurtcrowncake,1
sub-015,tortellini,1
sub-015,spaghetti,2
sub-015,chocolatebarbroken,1
sub-015,cookie,2
sub-015,greenapple,3
sub-015,filledchocolates,1
sub-015,hotdog,4
sub-015,pralines,1
sub-015,cremebrulee,2
sub-015,yellowbellpeppersliced,1
sub-015,gooseroasted,3
sub-015,glassofbeer,1
sub-015,openedbarofchocolatewithnuts,1
sub-015,browniewithnuts,1
sub-015,chocolatebarbite,1
sub-015,celery,1
sub-015,fishwithvegetablesgrilled,2
sub-015,pizzaveggiecheese,2
sub-015,tomatoandmozzarella,2
sub-015,filledcookiewithwalnut,1
sub-015,glassofwhitewine,2
sub-015,cheesecakewithstrawberriesandcrumbles,4
sub-015,cucumberwithslices,2
sub-015,gummicandycola,1
sub-015,banana,2
sub-015,paprikapeppersredgreenyellow,1
sub-015,avocado,2
sub-015,toblerone,3
sub-015,pancakeswithblueberries,1
sub-015,christmassweets,1
sub-015,cheeseandcoldmeatplatter,1
sub-015,walnuts,2
sub-015,croissants,4
sub-015,spaghettiwithtomatosauce,2
sub-015,cheeseplatter,2
sub-015,steak,1
sub-015,hamburger,3
sub-015,croissants,3
sub-015,tunasandwiches,2
sub-015,mixedlicorice,1
sub-015,stracciatellacake,1
sub-015,artichoke,2
sub-015,chips,3
sub-015,potatoewedges,3
sub-015,donutsandpastries,2
sub-015,fruits,2
sub-015,kiwis,3
sub-015,sachercake,2
sub-015,doughnutdonuticing,3
sub-015,bowlofrice,4
sub-015,rasberry,2
sub-015,grapes,3
sub-015,spareribswithfrenchfriesandsalad,2
sub-015,croissant,2
sub-015,bagel,2
sub-015,wildberriesmix,2
sub-015,wafflewithwhippedcream,1
sub-015,cornmaize,2
sub-015,beefsteakraw,3
sub-015,gardenradish,3
sub-015,pretzelsticks,2
sub-015,salamisausage,2
sub-015,paprikapeppersredyelloworange,1
sub-015,barofchocolatewithnuts,2
sub-015,kohlrabi,1
sub-015,bowlofmuesligranola,1
sub-015,sugarsnappea,1
sub-015,piecesofchocolate,1
sub-015,blackforestcake,2
sub-015,wildberriesmix,3
sub-015,doughnutdonutchocolate,3
sub-015,pizzawithsalami,2
sub-015,chiccory,1
sub-015,pretzels,2
sub-015,blackberry,1
sub-015,leek,1
sub-015,fruits,3
sub-015,mixedvegetables,1
sub-015,spaghettibolognese,2
sub-015,greenpaprikapeppers,1
sub-015,hamsandwich,2
sub-015,raspberrycreamcake,1
sub-015,spaghettiwithpesto,3
sub-015,pear,3
sub-015,cauliflower,2
sub-015,cheese,2
sub-015,mixedvegetables,1
sub-015,wienerschnitzel,2
sub-015,saladplate,2
sub-015,chickenroasted,2
sub-015,curdwithchives,1
sub-015,roastpotatoes,1
sub-015,barsofwhitechocolate,2
sub-015,meatfilletsandvegetablesgrilled,3
sub-015,beefsteakraw,4
sub-015,icecreamwithchocolatebeans,2
sub-015,frenchfries,3
sub-015,chocolatecake,1
sub-015,rasberries,1
sub-015,tomatoes,3
sub-015,gummibearswithextrasugar,2
sub-015,tortillachips,2
sub-015,strawberryicecreamcone,3
sub-015,chocolatecookie,2
sub-015,mmspeanut,2
sub-015,potatogratin,2
sub-015,chocolateandvanillaicecream,3
sub-015,troutwithpotatoespanfried,4
sub-015,chickenraw,1
sub-015,glassofbeer,1
sub-015,banana,2
sub-015,cantaloup,2
sub-015,redgrapes,3
sub-015,bowlofrice,4
sub-015,jaffacookies,1
sub-015,cauliflower,2
sub-015,donutchocolatetopping,2
sub-015,meatpie,1
sub-015,filledroulade,1
sub-015,doughnutdonutplain,2
sub-015,lettucelollorosso,2
sub-015,chives,1
sub-015,cookiefilledwithjelly,2
sub-015,cornflakesandalmondscoveredinchocolate,1
sub-015,salmonwithvegetablesgrilled,3
sub-015,chocolatecake,1
sub-015,blueberries,3
sub-015,shashlikwithbakedpotato,4
sub-015,meatballspatties,1
sub-015,spinach,2
sub-015,steakwithbackedpotatoandvegetables,3
sub-015,chocolatecakewithnuts,1
sub-015,shortbreads,2
sub-015,fruitsalad,3
sub-015,fennel,3
sub-015,potatoesandcorn,1
sub-015,cheeseplatter,2
sub-015,gummicandyandlicoricemix,2
sub-015,strawberrytartlet,3
sub-015,cakewithgelatinizedfruits,1
sub-015,vienneseschnitzelwithpotatoes,3
sub-015,cheese,1
sub-015,vanillaicecream,3
sub-015,saladplate,3
sub-015,bagelswithsesameandpoppyseed,1
sub-015,liversausage,1
sub-015,grapeswhite,3
sub-015,sushiwithsalmon,4
sub-015,potatoes,1
sub-015,waffle,3
sub-015,creamroll,2
sub-015,pomegranate,2
sub-015,donutchocolate,3
sub-015,filletofporkgrilled,2
sub-015,cookiesoreos,4
sub-015,bowlofsalad,2
sub-015,fruitcake,2
sub-015,parsley,1
sub-015,fruitmixkiwicherriesstrawberries,3
sub-015,tomato,2
sub-015,cake,1
sub-015,cutlet,2
sub-015,crispreadwithcottagecheese,2
sub-015,cookiesmixed,2
sub-015,strawberryhalf,3
sub-015,cherry,3
sub-015,blueberryastrawberrytartlet,3
sub-015,fennel,1
sub-015,cheeseburger,3
sub-015,cookiemix,2
sub-015,sandwichroastbeef,1
sub-015,quiche,4
sub-015,briecheese,1
sub-015,shashlik,3
sub-015,donerkebab,3
sub-015,roastpork,3
sub-015,shortbread,2
sub-015,cake,3
sub-015,pastriesanddonuts,3
sub-015,crispbreadwithcottagecheese,3
sub-015,cheeseburgerfrenchfriesandcola,3
sub-015,tomatoes,2
sub-015,croissant,2
sub-015,mashedpotatoes,1
sub-015,icecreamsandwiches,1
sub-015,redcurrants,2
sub-015,cookedham,2
sub-015,onion,3
sub-015,chocolatemuffin,3
sub-015,chocolatemuffin,3
sub-015,waterbottle,2
sub-015,carrots,1
sub-015,nectarines,3
sub-015,cookiesfilledwithchocolatecream,1
sub-015,redchilli,1
sub-015,spinach,1
sub-015,pizzaslicesassorted,2
sub-015,hamandcheesesandwich,3
sub-015,salamiroastedhamandcheese,2
sub-015,roastedchicken,3
sub-015,gummicandygoldbears,2
sub-015,bread,1
sub-015,asparagus,1
sub-015,challahbraidedyeastbunwithraisins,1
sub-015,cucumberandcarrot,1
sub-015,snackmix,2
sub-015,shrimp,2
sub-015,cakegugelhupf,2
sub-015,chickenfilletsgrilled,1
sub-015,vanillaicecreamcone,2
sub-015,breads,2
sub-015,roll,2
sub-015,apples,3
sub-015,carrots,1
sub-015,flatcakewithsalad,2
sub-015,raspberries,2
sub-015,mueslibaroatmeal,1
sub-015,butter,2
sub-015,croissantwithbutterandjam,2
sub-015,peach,3
sub-015,orange,3
sub-015,nutscashews,1
sub-015,potatoes,2
sub-015,chocolateandstrawberryicecream,3
sub-015,glassofgherkins,1
sub-015,roundshortbreadcookies,2
sub-015,baguette,2
sub-015,lasagna,2
sub-015,pizzawithsalami,2
sub-015,hotdog,3
sub-015,roll,1
sub-015,meatpie,2
sub-015,plateofsalad,2
sub-015,chocolatepopsiclewithnuts,3
sub-015,broccoli,2
sub-015,raspberries,2
sub-015,kiwi,2
sub-015,peapod,1
sub-015,peascooked,1
sub-015,raspberrycake,2
sub-015,greenbellpepper,1
sub-015,tomatosliced,3
sub-015,chocolatemuffin,3
sub-015,headofcabbage,2
sub-015,peascornandpotatos,2
sub-015,fishsticks,2
sub-015,lasagna,2
sub-015,cheeseplatter,2
sub-015,arugula,2
sub-015,pastries,2
sub-015,chinesecabbage,2
sub-015,marblecake,2
sub-015,cheeseburger,3
sub-015,chocolatecake,3
sub-015,bread,2
sub-015,hamsandwich,3
sub-015,hardcandies,3
sub-015,oranges,2
sub-015,avocado,2
sub-015,toffifayfilledcaramelcup,2
sub-015,icecream,3
sub-015,chocolatebiscuit,3
sub-015,pickles,2
sub-015,oranges,3
sub-015,vanillaandchocolateicecreamcone,3
sub-015,asparaguswithbechamelsauce,2
sub-015,bowlofsalad,3
sub-015,bowlofmuesligranola,2
sub-015,cornflakeswithmilk,2
sub-015,chocolatecake,2
sub-015,redcabbage,1
sub-015,crispbreadwithcottagecheese,3
sub-015,saladplate,2
sub-015,chips,3
sub-015,creamcakewithfruits,2
sub-015,peanutpuffs,3
sub-015,pancakes,4
sub-015,muffins,3
sub-015,crispbread,2
sub-015,rigatoniwithvegetable,1
sub-015,pretzel,2
sub-015,hardcandies,3
sub-015,raspberrycreamcake,1
sub-015,hazelnuts,1
sub-015,winegum,2
sub-015,cucumberslice,2
sub-015,cake,2
sub-015,doughnutdonutjam,2
sub-015,greenchili,1
sub-015,blacklicoricewheels,1
sub-015,muffins,2
sub-015,croissants,3
sub-015,rusk,3
sub-015,germankrapfen,4
sub-015,hamsandwichwithchips,4
sub-015,cutlet,3
sub-015,croissants,3
sub-015,cake,1
sub-015,toastwhitebread,2
sub-015,lollipops,2
sub-015,hardcandies,2
sub-015,chocolatepieces,2
sub-015,lemon1half,3
sub-015,lollipops,3
sub-015,mushroomsbrown,1
sub-015,chocolatecreamcake,1
sub-015,rissole,1
sub-015,coloredchocolatebeans,1
sub-015,raspberrycake,1
sub-015,pizzasalami,2
sub-015,nutscoveredinchocolate,1
sub-015,yellowbellpepper,1
sub-015,pastabake,2
sub-015,pastabake,2
sub-015,redpaprikapeppers,1
sub-015,papaya,2
sub-015,figs,2
sub-015,gherkinsliced,2
sub-015,strawberries,2
sub-015,cherries,2
sub-015,olives,1
sub-015,grilledbavariansausage,2
sub-015,applepie,2
sub-015,greenasparagus,2
sub-015,chocolatecake,2
sub-015,chocolatecookie,3
sub-015,cheesecakewithcherrytopping,3
sub-015,popcorn,2
sub-015,mushroomswhite,2
sub-015,filledwaffles,2
sub-015,gherkin,2
sub-015,croissants,3
sub-015,chocolatecroissants,1
sub-015,apples,2
sub-015,cheese,2
sub-015,sproutspotatoescarrots,2
sub-015,glassofredwine,1
sub-015,openedchipsbag,3
sub-015,sausages,3
sub-015,chipsfrenchfries,3
sub-015,chocolatemarshmallows,2
sub-015,artichoke,1
sub-015,wildberriesmix,3
sub-015,walnut,2
sub-015,brusselssprouts,2
sub-015,minichocolatemarshmallows,1
sub-015,pastabake,2
sub-015,chocolatepopsiclewithnuts,1
sub-015,crispbreadwithcookedham,1
sub-015,mixedsalad,3
sub-015,oranges,3
sub-015,honeydewmelon,1
sub-015,blackberries,1
sub-015,sausagesfrankfurter,2
sub-015,ricewaffles,1
sub-015,popcorn,2
sub-015,emmentalercheese,2
sub-015,sundae,3
sub-015,pineapple,1
sub-015,cheeseburgerfrenchfries,4
sub-015,marzipanchocolate,1
sub-015,barofchocolate,2
sub-015,sliceofbreadtoppedwithchocolatecream,2
sub-015,cauliflower,3
sub-015,sushirolls,2
sub-015,marblecake,2
sub-015,challahbraidedyeastbun,2
sub-015,pears,2
sub-015,greenonionshallot,1
sub-015,carrots,2
sub-015,germankrapfen,3
sub-015,mixedvegetables,2
sub-015,hamburgerwithbacon,4
sub-015,loafofbread,2
sub-015,hamsandwich,3
sub-015,headofgreenlettuce,2
sub-015,donutwithchocolatesprinkles,2
sub-015,ravioli,2
sub-015,puffedricecoveredinchocolate,1
sub-015,roastbeef,2
sub-015,cappuccino,2
sub-015,squashpumpkin,2
sub-015,piecesoffruit,3
sub-015,salmon,3
sub-015,crispbreadwithcottagecheese,2
sub-015,greenbeans,1
sub-015,pastawithbacon,3
sub-015,donut,2
sub-015,spaghettiwithtomatosauce,2
sub-015,lattemacchiato,1
sub-015,beefsteakraw,1
sub-015,mixedvegetables,2
sub-015,chocolatecookies,2
sub-015,ravioli,1
sub-015,germankrapfen,3
sub-015,roulade,2
sub-015,frenchfrieschicken,2
sub-015,sundaewithraspberries,1
sub-015,eggboiled,2
sub-015,grapes,2
sub-015,peaches,4
sub-015,cheesecake,2
sub-015,spareribswithfrenchfriesandsalad,4
sub-015,fruitmixnectarinesraspberriescherries,2
sub-015,limes,2
sub-015,veggiemixcucumbertomatopeppers,2
sub-015,friedsausagewithroll,3
sub-015,beansandcarrotscooked,2
sub-015,eclair,2
sub-015,crackers,2
sub-015,cake,2
sub-015,chroisant,2
sub-015,raspberrycandies,3
sub-015,saladplate,3
sub-015,fishsandwich,1
sub-015,frenchfries,4
sub-015,rollsinabasket,2
sub-015,pistachios,1
sub-015,lemons,2
sub-015,tagliatelle,2
sub-015,apple,3
sub-015,glassoforangejuice,1
sub-015,cheeseburger,3
sub-015,cookie,2
sub-015,bagelwithcreamcheeseandvegetables,3
sub-015,chocolatemuffin,3
sub-015,pears,2
sub-015,vegetables,2
sub-015,mixedvegetables,1
sub-015,oranges,2
sub-015,cookedhamcut,3
sub-015,chocolatecandybar,2
sub-015,edamcheese,3
sub-015,pizzahamandmushrooms,3
sub-015,frenchfriesandchickendrumsticks,3
sub-015,frenchfries,3
sub-015,wildberriesmix,2
sub-015,breakfastcereals,3
sub-015,cakewithtangerines,2
sub-015,radishes,1
sub-015,carrotscooked,2
sub-015,jellycandies,1
sub-015,redbellpepper,1
sub-015,crispbread,1
sub-015,hotdog,3
sub-015,veggiemixwithdip,2
sub-015,roastbeef,3
sub-015,sachercake,1
sub-015,peanuts,1
sub-015,cheeseplatter,2
sub-015,cake,2
sub-015,springonions,1
sub-015,frenchcruller,3
sub-015,chocolatebarfilledwithstrawberryandyogurtcream,1
sub-015,canardroasted,3
sub-015,chocolatebarfilledwithmilkcream,1
sub-015,toastwithjam,3
sub-015,artichoke,1
sub-015,sushirollwithcucumber,2
sub-015,donerkebab,3
sub-015,lemoncake,2
sub-015,knuckleofporkwithsauerkraut,1
sub-015,cheeseburger,3
sub-015,toast,2
sub-015,brusselssprouts,1
sub-015,pastameal,2
sub-015,sausage,1
sub-015,nicnaccrustypeanuts,2
sub-015,mixedvegetables,1
sub-015,grapefruit,2
sub-015,friedegg,3
sub-015,apples,2
sub-015,strawberrycreamcake,1
sub-016,chips,3
sub-016,chocolatebarfilledwithstrawberryandyogurtcream,3
sub-016,raspberries,4
sub-016,avocado,4
sub-016,snackmix,2
sub-016,lettuceiceberg,1
sub-016,marblecake,2
sub-016,wildberriesmix,4
sub-016,emmentalercheese,2
sub-016,cakewithpowderedsugar,3
sub-016,knuckleofporkwithsauerkraut,4
sub-016,eggsineggboard,4
sub-016,gooseroasted,4
sub-016,chocolatecroissants,3
sub-016,glassofgherkins,1
sub-016,headoficeberglettuce,1
sub-016,carrots,2
sub-016,croissantwithbutterandjam,3
sub-016,watermelon,4
sub-016,oranges,4
sub-016,pizzawithsalami,4
sub-016,breads,3
sub-016,toastwhitebread,2
sub-016,pastriesanddonuts,4
sub-016,carrots,2
sub-016,appledanish,3
sub-016,muffins,3
sub-016,beefsteakraw,4
sub-016,filletofporkgrilled,4
sub-016,chocolatemuffin,3
sub-016,watermelon,3
sub-016,vanillaandchocolateicecreamcone,4
sub-016,hazelnuts,1
sub-016,flatcakewithsalad,3
sub-016,chocolatecake,4
sub-016,fishsandwich,3
sub-016,glassofredwine,1
sub-016,chickenfilletsgrilled,4
sub-016,pancakes,4
sub-016,eclair,4
sub-016,salmon,4
sub-016,donutwithchocolatesprinkles,4
sub-016,kitkatchocolatewaferbars,4
sub-016,hotdog,4
sub-016,cake,4
sub-016,raspberrycreamcake,4
sub-016,crispbreadwithcottagecheese,2
sub-016,pastawithbacon,3
sub-016,gherkin,3
sub-016,piecesofchocolate,4
sub-016,challahbraidedyeastbunwithraisins,3
sub-016,cake,4
sub-016,salamiroastedhamandcheese,4
sub-016,paprikapeppersredyelloworange,3
sub-016,cookiesoreos,3
sub-016,chocolatebiscuit,4
sub-016,quiche,3
sub-016,cake,4
sub-016,peaches,4
sub-016,barofchocolate,4
sub-016,popcorn,4
sub-016,radishes,2
sub-016,tagliatelle,2
sub-016,veggiemixwithdip,3
sub-016,cookiesfilledwithchocolatecream,3
sub-016,sushirollwithcucumber,2
sub-016,banana,3
sub-016,spaghetti,2
sub-016,mmspeanut,4
sub-016,chocolatecakewithnuts,4
sub-016,blueberries,4
sub-016,cheeseplatter,3
sub-016,croissants,4
sub-016,asparaguswithbechamelsauce,2
sub-016,frenchfries,4
sub-016,pastries,4
sub-016,spinach,2
sub-016,bread,2
sub-016,romanlettuce,2
sub-016,cheeseburgerfrenchfriesandcola,4
sub-016,pizzawithsalami,4
sub-016,cookie,4
sub-016,potatoes,1
sub-016,cheeseburger,4
sub-016,applepie,2
sub-016,greenchili,2
sub-016,vienneseschnitzelwithpotatoes,4
sub-016,chickenraw,3
sub-016,blackforestcake,4
sub-016,steak,4
sub-016,muffins,4
sub-016,gummicandyandlicoricemix,4
sub-016,fruits,4
sub-016,cornflakeswithmilk,3
sub-016,grapes,4
sub-016,chocolatecake,4
sub-016,crispreadwithcottagecheese,3
sub-016,grapefruit,4
sub-016,jellycandies,2
sub-016,fishsticks,3
sub-016,crackers,2
sub-016,hotdog,4
sub-016,raspberrycreamcake,3
sub-016,beansandcarrotscooked,1
sub-016,rigatoniwithvegetable,2
sub-016,donutsandpastries,4
sub-016,mueslibaroatmeal,1
sub-016,chocolatepopsicles,4
sub-016,croissant,3
sub-016,marzipanchocolate,4
sub-016,potatoes,3
sub-016,hamandcheesesandwich,4
sub-016,germankrapfen,3
sub-016,tortillachips,3
sub-016,sundae,4
sub-016,roll,1
sub-016,peanutpuffs,1
sub-016,strawberries,4
sub-016,lasagna,3
sub-016,leek,1
sub-016,marshmallowsflat,4
sub-016,strawberries,4
sub-016,nectarines,4
sub-016,canardroasted,4
sub-016,waffles,4
sub-016,redchilli,2
sub-016,filledchocolates,4
sub-016,toblerone,4
sub-016,salmonsushi,3
sub-016,saladplate,3
sub-016,redgrapes,4
sub-016,sausagesfrankfurter,3
sub-016,peanuts,2
sub-016,cheeseburgerfrenchfries,4
sub-016,apples,4
sub-016,oranges,4
sub-016,cake,4
sub-016,beefsteakraw,4
sub-016,cauliflower,3
sub-016,cutlet,4
sub-016,salmon,3
sub-016,sliceofbreadtoppedwithchocolatecream,3
sub-016,cheesecakewithstrawberriesandcrumbles,4
sub-016,hamsandwich,4
sub-016,bagelswithsesameandpoppyseed,3
sub-016,camembert,2
sub-016,chips,3
sub-016,barsofwhitechocolate,4
sub-016,chocolatebarfilledwithmilkcream,4
sub-016,troutwithpotatoespanfried,4
sub-016,kohlrabi,2
sub-016,cherry,4
sub-016,cakewithtangerines,4
sub-016,lasagna,4
sub-016,figs,4
sub-016,shrimp,4
sub-016,pistachios,2
sub-016,zucchini,2
sub-016,minichocolatemarshmallows,4
sub-016,chiccory,2
sub-016,sundaepeach,4
sub-016,camembert,2
sub-016,spaghettiwithpesto,4
sub-016,stracciatellacake,4
sub-016,peapod,3
sub-016,winegum,3
sub-016,sproutspotatoescarrots,4
sub-016,chocolatemuffin,4
sub-016,chipsfrenchfries,4
sub-016,cantaloup,4
sub-016,gardenradish,2
sub-016,cucumberwithslices,2
sub-016,raspberrycake,3
sub-016,chocolatecookie,4
sub-016,liversausage,2
sub-016,onion,1
sub-016,smokedhambacon,4
sub-016,barofchocolatewithnuts,4
sub-016,donutchocolate,3
sub-016,arugula,1
sub-016,bowlofmuesligranola,3
sub-016,chocolatepieces,4
sub-016,nicnaccrustypeanuts,2
sub-016,blackberry,3
sub-016,raffaelococonutwaferballs,4
sub-016,hamburger,4
sub-016,raspberries,3
sub-016,apples,4
sub-016,frenchfrieschicken,4
sub-016,openedchipsbag,4
sub-016,salmon,2
sub-016,cheddarcheese,3
sub-016,pineapple,3
sub-016,tomatoandmozzarella,4
sub-016,spareribswithfrenchfriesandsalad,4
sub-016,cornonacob,4
sub-016,frenchfries,2
sub-016,blueberryastrawberrytartlet,4
sub-016,peascornandpotatos,2
sub-016,briecheese,2
sub-016,grilledbavariansausage,4
sub-016,cheeseplatter,3
sub-016,potatogratin,3
sub-016,chocolatecake,3
sub-016,banana,3
sub-016,meatpie,3
sub-016,strawberryhalf,4
sub-016,headofcabbage,1
sub-016,chocolatebarbroken,3
sub-016,rissole,3
sub-016,shashlikwithbakedpotato,4
sub-016,pears,2
sub-016,pinenuts,1
sub-016,cheesecake,3
sub-016,wafflewithwhippedcream,3
sub-016,sundaewithraspberries,4
sub-016,cremebrulee,3
sub-016,cheeseburgerfrenchfriesandcola,4
sub-016,lollipops,2
sub-016,wildberriesmix,4
sub-016,sachercake,4
sub-016,creamcakewithfruits,4
sub-016,doughnutdonutplain,3
sub-016,spaghettibolognese,4
sub-016,tomatoes,4
sub-016,cucumberslice,1
sub-016,butter,1
sub-016,steakwithbackedpotatoandvegetables,4
sub-016,redcabbage,2
sub-016,lemoncake,3
sub-016,vanillaicecreamcone,4
sub-016,sausages,2
sub-016,artichoke,4
sub-016,potatoewedges,4
sub-016,lollipops,3
sub-016,tortellini,2
sub-016,roastedchicken,4
sub-016,brusselssprouts,3
sub-016,muffin,3
sub-016,kiwi,4
sub-016,pears,4
sub-016,pralines,4
sub-016,chocolatecandybar,4
sub-016,cheese,2
sub-016,chroisant,3
sub-016,crispbreadwithcottagecheese,2
sub-016,bagelwithcreamcheeseandvegetables,2
sub-016,strawberrycake,4
sub-016,bowlofmuesligranola,3
sub-016,meatpie,1
sub-016,bowlofrice,3
sub-016,burgerpattywithfrenchfriesandsalad,4
sub-016,headofgreenlettuce,2
sub-016,chocolateandvanillaicecream,3
sub-016,glassofwhitewine,2
sub-016,vegetables,3
sub-016,cheeseburger,4
sub-016,cookedhamcut,4
sub-016,pastameal,4
sub-016,carrots,2
sub-016,greenbeans,2
sub-016,chocolateandstrawberryicecream,4
sub-016,shortbread,3
sub-016,loafofbread,2
sub-016,celery,2
sub-016,pizzasalami,4
sub-016,hardcandies,2
sub-016,cornmaize,4
sub-016,walnuts,4
sub-016,shashlik,4
sub-016,hamsandwichwithchips,4
sub-016,plateofsalad,4
sub-016,squashpumpkin,1
sub-016,kiwis,4
sub-016,vegetables,2
sub-016,gummicandycola,4
sub-016,donerkebab,4
sub-016,strawberrytartlet,4
sub-016,mushroomsbrown,2
sub-016,sushiwithsalmon,3
sub-016,salamisausage,4
sub-016,gummibearswithextrasugar,4
sub-016,roundshortbreadcookies,4
sub-016,gardenradish,3
sub-016,tomatoes,4
sub-016,hamsandwich,4
sub-016,cheese,1
sub-016,rusk,2
sub-016,broccoli,3
sub-016,pineapple,4
sub-016,fruitplatemelonpineapplegrapes,4
sub-016,jaffacookies,4
sub-016,sandwichroastbeef,4
sub-016,cheeseplatter,2
sub-016,chives,1
sub-016,tomatosliced,4
sub-016,mixedvegetables,4
sub-016,lemon1half,1
sub-016,blackberries,2
sub-016,hotdog,4
sub-016,doughnutdonutchocolate,4
sub-016,paprikapeppersredgreenyellow,2
sub-016,fishwithvegetablesgrilled,4
sub-016,pear,4
sub-016,filledwaffles,4
sub-016,yellowbellpepper,2
sub-016,lettucelollorosso,1
sub-016,crispbreadwithcottagecheese,2
sub-016,mixedvegetables,3
sub-016,mixedvegetables,3
sub-016,glassofbeer,3
sub-016,cookiemix,4
sub-016,cheese,2
sub-016,cheeseburger,4
sub-016,pastabake,4
sub-016,cake,3
sub-016,chocolatecreamcake,2
sub-016,icecreamsandwiches,3
sub-016,peanuts,2
sub-016,veggiemixcucumbertomatopeppers,1
sub-016,chocolatepopsiclewithnuts,3
sub-016,spinachpotatoecasserole,3
sub-016,blacklicoricewheels,1
sub-016,wildberriesmix,4
sub-016,spinach,3
sub-016,waffle,3
sub-016,mixedsalad,3
sub-016,mixedvegetablescooked,4
sub-016,artichoke,2
sub-016,roastpotatoes,3
sub-016,cookedham,4
sub-016,pancakewithfruits,4
sub-016,walnut,1
sub-016,potatoes,3
sub-016,grapesredandwhite,4
sub-016,eggboiled,4
sub-016,donerkebab,4
sub-016,oranges,2
sub-016,chips,3
sub-016,chocolatebarbite,4
sub-016,redcurrants,4
sub-016,lemon,1
sub-016,edamcheese,3
sub-016,papaya,2
sub-016,filledcookiewithwalnut,3
sub-016,mixedvegetables,3
sub-016,icecream,4
sub-016,cookies,4
sub-016,honeydewmelon,2
sub-016,lattemacchiato,3
sub-016,cornflakesandalmondscoveredinchocolate,3
sub-016,sausage,2
sub-016,croissant,3
sub-016,saladplate,2
sub-016,hotdog,4
sub-016,steakwithbackedpotatoandvegetables,4
sub-016,grapeswhite,4
sub-016,germankrapfen,2
sub-016,puffedricecoveredinchocolate,4
sub-016,germankrapfen,3
sub-016,fennel,1
sub-016,hamsandwich,4
sub-016,croissants,3
sub-016,bloodoranges,2
sub-016,chocolatemuffin,4
sub-016,headofgreenlettuce,1
sub-016,hardcandies,3
sub-016,filledroulade,3
sub-016,greenasparagus,2
sub-016,cappuccino,4
sub-016,cake,3
sub-016,fennel,2
sub-016,espresso,4
sub-016,tomatoandmozzarellaskewer,4
sub-016,doughnutdonuticing,4
sub-016,springonions,1
sub-016,chocolatemuffin,4
sub-016,pizzawithmushrooms,4
sub-016,fruitsalad,4
sub-016,fruitmixkiwicherriesstrawberries,4
sub-016,roastbeef,4
sub-016,zucchini,2
sub-016,shortbreads,2
sub-016,artichoke,1
sub-016,mandarins,4
sub-016,pancakeswithblueberries,3
sub-016,ravioli,1
sub-016,cookiefilledwithjelly,3
sub-016,avocado,3
sub-016,ricewaffles,2
sub-016,chocolatetruffle,4
sub-016,meatfilletsandvegetablesgrilled,4
sub-016,roastbeef,4
sub-016,roll,1
sub-016,spaghettiwithtomatosauce,3
sub-016,redbellpepper,2
sub-016,hazelnut,1
sub-016,pretzels,2
sub-016,pizzahamandmushrooms,4
sub-016,soybeansprouts,2
sub-016,pizzaslicesassorted,4
sub-016,cucumberandcarrot,2
sub-016,glassofbeer,4
sub-016,cookiesmixed,4
sub-016,chickenroasted,4
sub-016,fruitcake,4
sub-016,cauliflower,3
sub-016,gherkinsliced,2
sub-016,chinesecabbage,3
sub-016,chocolatecookie,4
sub-016,grapewhites,4
sub-016,pretzelsticks,3
sub-016,friedegg,4
sub-016,fruitmixnectarinesraspberriescherries,4
sub-016,crispbread,2
sub-016,grapes,4
sub-016,toffifayfilledcaramelcup,3
sub-016,glassoforangejuice,4
sub-016,bread,3
sub-016,rasberry,2
sub-016,spaghettiwithtomatosauce,3
sub-016,peascooked,2
sub-016,peach,4
sub-016,limes,1
sub-016,hardcandies,3
sub-016,cakegugelhupf,2
sub-016,chocolatepopsiclewithnuts,4
sub-016,parsley,1
sub-016,hamburgerwithbacon,4
sub-016,frankfurtcrowncake,3
sub-016,coloredchocolatebeans,3
sub-016,raspberrycandies,2
sub-016,cakewithgelatinizedfruits,3
sub-016,doughnutdonutjam,4
sub-016,carrots,3
sub-016,chocolatebar,4
sub-016,rasberries,2
sub-016,christmassweets,4
sub-016,apples,4
sub-016,openedbarofchocolatewithnuts,4
sub-016,apples,3
sub-016,cherries,4
sub-016,strawberryicecreamcone,4
sub-016,toastwithjam,2
sub-016,brusselssprouts,4
sub-016,mixedvegetables,4
sub-016,croissants,3
sub-016,peanuts,2
sub-016,donut,4
sub-016,cauliflower,3
sub-016,mixedvegetables,3
sub-016,platewithrawhamburgerpattiesandsausages,3
sub-016,sugarsnappea,2
sub-016,piecesoffruit,4
sub-016,beefsteakraw,4
sub-016,challahbraidedyeastbun,3
sub-016,baguette,3
sub-016,tunasandwiches,4
sub-016,frenchfries,4
sub-016,muffinwithgreentopping,3
sub-016,breakfastcereals,3
sub-016,wildberriesmix,4
sub-016,strawberries,4
sub-016,hamsandwichwithchips,3
sub-016,raspberrycake,4
sub-016,mushroomswhite,2
sub-017,artichoke,2
sub-017,bowlofmuesligranola,4
sub-017,grapes,4
sub-017,meatpie,3
sub-017,icecreamsandwiches,3
sub-017,germankrapfen,3
sub-017,toffifayfilledcaramelcup,3
sub-017,grapefruit,2
sub-017,lettuceiceberg,3
sub-017,cookiesfilledwithchocolatecream,4
sub-017,cookie,4
sub-017,butter,1
sub-017,chickenroasted,2
sub-017,cheesecake,2
sub-017,yellowbellpepper,2
sub-017,wildberriesmix,2
sub-017,pancakewithfruits,3
sub-017,headoficeberglettuce,3
sub-017,salamisausage,2
sub-017,raspberrycake,2
sub-017,spinachpotatoecasserole,2
sub-017,puffedricecoveredinchocolate,3
sub-017,tomatosliced,2
sub-017,gummicandygoldbears,3
sub-017,spaghettiwithpesto,2
sub-017,sachercake,4
sub-017,germankrapfen,2
sub-017,carrots,2
sub-017,chocolatecake,3
sub-017,carambolastarfruit,1
sub-017,cake,3
sub-017,chips,3
sub-017,apples,3
sub-017,pickles,1
sub-017,raspberrycandies,1
sub-017,crispbread,2
sub-017,mixedvegetables,1
sub-017,toastwithjam,3
sub-017,fruitcake,3
sub-017,cantaloup,3
sub-017,cookiesfilledwithchocolatecream,4
sub-017,coloredchocolatebeans,4
sub-017,shashlik,2
sub-017,plateofsalad,2
sub-017,bloodoranges,2
sub-017,cornflakeswithmilk,4
sub-017,nectarines,2
sub-017,leek,2
sub-017,marblecake,4
sub-017,cakewithgelatinizedfruits,3
sub-017,peaches,2
sub-017,frenchfriesandchickendrumsticks,3
sub-017,spinach,2
sub-017,squashpumpkin,1
sub-017,cake,3
sub-017,chocolatebarfilledwithstrawberryandyogurtcream,4
sub-017,meatfilletsandvegetablesgrilled,4
sub-017,hotdog,3
sub-017,tomatoandmozzarella,3
sub-017,grapewhites,3
sub-017,mandarins,2
sub-017,salmon,3
sub-017,cookie,4
sub-017,marblecake,3
sub-017,crispreadwithcottagecheese,3
sub-017,zucchini,2
sub-017,pastabake,3
sub-017,chocolatemuffin,3
sub-017,chocolatecookies,3
sub-017,greenpaprikapeppers,1
sub-017,chips,3
sub-017,pears,1
sub-017,rasberry,1
sub-017,redcabbage,2
sub-017,pancakes,4
sub-017,strawberries,3
sub-017,germankrapfen,3
sub-017,cherries,2
sub-017,hamsandwichwithchips,3
sub-017,breakfastcereals,4
sub-017,strawberries,3
sub-017,cheeseburger,3
sub-017,shortbreads,2
sub-017,steakwithbackedpotatoandvegetables,3
sub-017,mixedvegetables,2
sub-017,banana,2
sub-017,chocolatecake,4
sub-017,pastabake,3
sub-017,pizzawithmushrooms,3
sub-017,eggboiled,2
sub-017,lattemacchiato,3
sub-017,marzipanchocolate,3
sub-017,camembert,3
sub-017,vegetables,1
sub-017,filledchocolates,4
sub-017,artichoke,1
sub-017,frenchfries,3
sub-017,shortbread,3
sub-017,filledwaffles,3
sub-017,doughnutdonuticing,4
sub-017,chocolateandvanillaicecream,3
sub-017,eggsineggboard,2
sub-017,crispbreadwithcookedham,3
sub-017,sushi,4
sub-017,cheese,3
sub-017,shashlikwithbakedpotato,3
sub-017,fruitmixnectarinesraspberriescherries,2
sub-017,saladplate,3
sub-017,greenasparagus,2
sub-017,tagliatelle,4
sub-017,kohlrabi,2
sub-017,spareribswithfrenchfriesandsalad,3
sub-017,peanutpuffs,2
sub-017,watermelon,2
sub-017,bread,4
sub-017,frenchtoast,3
sub-017,pizzasalami,3
sub-017,cake,3
sub-017,hardcandies,3
sub-017,chocolatecookie,4
sub-017,hamburger,3
sub-017,lemoncake,3
sub-017,mixedvegetables,1
sub-017,potatoes,2
sub-017,beefsteakraw,2
sub-017,peanuts,2
sub-017,pastameal,3
sub-017,pizzawithsalami,3
sub-017,blueberries,2
sub-017,cakegugelhupf,3
sub-017,headofgreenlettuce,2
sub-017,curdwithchives,2
sub-017,applepie,3
sub-017,croissants,4
sub-017,paprikapeppersredyelloworange,2
sub-017,redpaprikapeppers,1
sub-017,saladplate,2
sub-017,chocolatebar,3
sub-017,strawberrycreamcake,3
sub-017,raspberries,2
sub-017,pastawithbacon,3
sub-017,apples,2
sub-017,greenapple,2
sub-017,toastwhitebread,3
sub-017,toast,3
sub-017,pastabake,3
sub-017,bowlofmuesligranola,3
sub-017,challahbraidedyeastbunwithraisins,3
sub-017,challahbraidedyeastbun,3
sub-017,rissole,3
sub-017,oranges,2
sub-017,cheeseplatter,3
sub-017,oranges,2
sub-017,cheeseburger,3
sub-017,sushiwithsalmon,4
sub-017,openedchipsbag,3
sub-017,peascornandpotatos,1
sub-017,fishsticks,3
sub-017,wildberriesmix,2
sub-017,grapes,3
sub-017,chocolatecookie,3
sub-017,creamcakewithfruits,2
sub-017,muffins,3
sub-017,chives,1
sub-017,cucumberandcarrot,1
sub-017,fruitplatemelonpineapplegrapes,2
sub-017,chroisant,3
sub-017,cheeseplatter,3
sub-017,salmon,2
sub-017,croissants,3
sub-017,beansandcarrotscooked,1
sub-017,grapeswhite,3
sub-017,cake,4
sub-017,doughnutdonutplain,3
sub-017,sundaepeach,3
sub-017,hamsandwich,3
sub-017,salmonsushi,4
sub-017,winegum,3
sub-017,glassofredwine,1
sub-017,cornmaize,1
sub-017,muffin,3
sub-017,peanuts,2
sub-017,mixedvegetables,1
sub-017,popcorn,2
sub-017,papaya,1
sub-017,chocolatebarfilledwithmilkcream,3
sub-017,lasagna,3
sub-017,grapesred,3
sub-017,hazelnuts,2
sub-017,chiccory,2
sub-017,chocolatebarbroken,3
sub-017,crispbreadwithcottagecheese,3
sub-017,mixedvegetables,2
sub-017,figs,1
sub-017,pralines,3
sub-017,donerkebab,3
sub-017,banana,3
sub-017,strawberryhalf,3
sub-017,popcorn,2
sub-017,springonions,2
sub-017,tomatoes,2
sub-017,raspberrycreamcake,3
sub-017,fruits,2
sub-017,gherkin,2
sub-017,oranges,2
sub-017,almonds,2
sub-017,vegetables,2
sub-017,waffle,3
sub-017,salmon,2
sub-017,chips,3
sub-017,jellycandies,2
sub-017,mixedvegetables,2
sub-017,beefsteakraw,3
sub-017,mixedvegetablescooked,2
sub-017,arugula,1
sub-017,cremebrulee,3
sub-017,orange,2
sub-017,raspberrycake,3
sub-017,sausages,2
sub-017,roll,3
sub-017,beefsteakraw,3
sub-017,chocolatepopsiclewithnuts,3
sub-017,hardcandies,3
sub-017,hotdog,3
sub-017,chocolatepopsiclewithnuts,3
sub-017,frenchcruller,3
sub-017,pineapple,2
sub-017,pomegranate,1
sub-017,spaghettiwithtomatosauce,3
sub-017,glassoforangejuice,2
sub-017,veggiemixcucumbertomatopeppers,2
sub-017,canardroasted,3
sub-017,vienneseschnitzel,4
sub-017,donut,3
sub-017,fishsandwich,3
sub-017,somedifferentcakewedges,4
sub-017,pistachios,2
sub-017,peapod,1
sub-017,carrots,2
sub-017,appledanish,3
sub-017,pretzel,3
sub-017,cheesecakewithcherrytopping,3
sub-017,knuckleofporkwithsauerkraut,3
sub-017,spaghettiwithtomatosauce,3
sub-017,crackers,3
sub-017,strawberries,3
sub-017,snackmix,2
sub-017,cheeseplatter,2
sub-017,spaghettibolognese,3
sub-017,kitkatchocolatewaferbars,3
sub-017,chocolatepopsicles,3
sub-017,liversausage,3
sub-017,gherkinsliced,2
sub-017,pretzelsticks,3
sub-017,vanillaicecreamcone,3
sub-017,pizzaveggiecheese,3
sub-017,strawberrycake,3
sub-017,bagelwithcreamcheeseandvegetables,3
sub-017,pastriesanddonuts,4
sub-017,glassofbeer,2
sub-017,filledcookiewithwalnut,3
sub-017,raffaelococonutwaferballs,3
sub-017,bowlofsalad,3
sub-017,sandwichroastbeef,4
sub-017,lettucelollorosso,3
sub-017,muffinwithgreentopping,3
sub-017,minichocolatecakebar,3
sub-017,asparaguswithbechamelsauce,3
sub-017,cornflakesandalmondscoveredinchocolate,3
sub-017,crispbreadwithcottagecheese,3
sub-017,walnut,3
sub-017,muffins,3
sub-017,espresso,3
sub-017,ravioli,2
sub-017,chocolatecreamcake,3
sub-017,blueberryastrawberrytartlet,3
sub-017,kiwis,3
sub-017,sliceofbreadtoppedwithchocolatecream,3
sub-017,pizzawithsalami,3
sub-017,rigatoniwithvegetable,2
sub-017,salmonwithvegetablesgrilled,3
sub-017,cheeseburgerfrenchfries,3
sub-017,mashedpotatoes,3
sub-017,frankfurtcrowncake,4
sub-017,grapesredandwhite,3
sub-017,celery,2
sub-017,saladplate,2
sub-017,mushroomsbrown,2
sub-017,icecream,3
sub-017,carrotscooked,3
sub-017,chocolatemarshmallows,3
sub-017,sugarsnappea,2
sub-017,pancakeswithblueberries,3
sub-017,cauliflower,2
sub-017,lemons,1
sub-017,filletofporkgrilled,3
sub-017,donerkebab,4
sub-017,croissants,3
sub-017,brusselssprouts,3
sub-017,avocado,2
sub-017,vienneseschnitzelwithpotatoes,4
sub-017,potatoes,2
sub-017,somebarsofchocolatestacked,4
sub-017,edamcheese,2
sub-017,cherry,2
sub-017,gardenradish,2
sub-017,quiche,3
sub-017,onion,2
sub-017,redbellpepper,2
sub-017,cauliflower,2
sub-017,redcurrants,2
sub-017,smokedhambacon,3
sub-017,yellowbellpeppersliced,2
sub-017,browniewithnuts,3
sub-017,apples,2
sub-017,cutlet,3
sub-017,saladplate,2
sub-017,cornonacob,2
sub-017,tomatoandmozzarellaskewer,2
sub-017,roastbeef,3
sub-017,mixedsalad,2
sub-017,mixedlicorice,3
sub-017,cake,3
sub-017,mixedvegetables,2
sub-017,chocolatemuffin,3
sub-017,sundaewithraspberries,3
sub-017,pineapple,2
sub-017,waffles,3
sub-017,croissantwithbutterandjam,3
sub-017,veggiemixwithdip,2
sub-017,chocolatecandybar,3
sub-017,hotdog,3
sub-017,wildberriesmix,2
sub-017,marshmallowsflat,2
sub-017,spaghetti,2
sub-017,strawberrytartlet,3
sub-017,grilledbavariansausage,4
sub-017,cutlet,3
sub-017,steakwithbackedpotatoandvegetables,3
sub-017,chinesecabbage,2
sub-017,cheeseburger,3
sub-017,vanillaicecream,3
sub-017,fruitsalad,3
sub-017,cauliflower,1
sub-017,lollipops,3
sub-017,briecheese,2
sub-017,gardenradish,2
sub-017,croissants,3
sub-017,cake,3
sub-017,roastedchicken,3
sub-017,toblerone,4
sub-017,pizzaslicesassorted,3
sub-017,chickenfilletsgrilled,3
sub-017,apple,2
sub-017,rasberries,2
sub-017,cookiesmixed,2
sub-017,icecreamwithchocolatebeans,3
sub-017,shrimp,2
sub-017,strawberryicecreamcone,3
sub-017,carrots,2
sub-017,waterbottle,3
sub-017,chocolatepieces,3
sub-017,cookies,3
sub-017,hamandcheesesandwich,3
sub-017,sproutspotatoescarrots,2
sub-017,papaya,1
sub-017,chocolatecakewithnuts,4
sub-017,chickenraw,3
sub-017,cakewithtangerines,3
sub-017,gummicandycola,2
sub-017,hazelnut,2
sub-017,ravioli,2
sub-017,frenchfries,3
sub-017,pear,2
sub-017,steak,3
sub-017,mushroomswhite,2
sub-017,lasagna,3
sub-017,blackberries,2
sub-017,headofcabbage,2
sub-017,cheddarcheese,2
sub-017,lollipops,3
sub-017,roastpotatoes,4
sub-017,donutchocolatetopping,4
sub-017,crispbreadwithcottagecheese,2
sub-017,olives,2
sub-017,salamiroastedhamandcheese,3
sub-017,breadroll,3
sub-017,gummibearswithextrasugar,3
sub-017,cherries,2
sub-017,lemon1half,2
sub-017,raspberrycreamcake,3
sub-017,rusk,3
sub-017,tortillachips,2
sub-017,spaghettiwithtomatosauce,3
sub-017,potatoewedges,3
sub-017,blueberries,2
sub-017,burgerpattywithfrenchfriesandsalad,4
sub-017,jaffacookies,4
sub-017,tortellini,2
sub-017,roastbeef,4
sub-017,headofgreenlettuce,2
sub-017,artichoke,1
sub-017,chocolatecake,4
sub-017,christmassweets,3
sub-017,raspberrycake,1
sub-017,doughnutdonutjam,3
sub-017,apples,2
sub-017,chocolatebiscuit,3
sub-017,chocolatetruffle,2
sub-017,meatballspatties,3
sub-017,cookiefilledwithjelly,3
sub-017,chips,3
sub-017,frenchfrieschicken,3
sub-017,pretzels,3
sub-017,mixedsalad,3
sub-017,wildberriesmix,2
sub-017,honeydewmelon,2
sub-017,fennel,2
sub-017,radishes,2
sub-017,cheeseburger,3
sub-017,donutsandpastries,4
sub-017,carrots,2
sub-017,roastpork,3
sub-017,spinach,2
sub-017,cakewithpowderedsugar,4
sub-017,pizzahamandmushrooms,3
sub-017,tomato,2
sub-017,romanlettuce,2
sub-017,cookedham,2
sub-017,blackforestcake,4
sub-017,parsley,1
sub-017,chocolatemuffin,3
sub-017,chocolatecake,3
sub-017,zucchini,2
sub-017,cucumberslice,2
sub-017,chocolatebarbite,3
sub-017,hotdog,3
sub-017,loafofbread,3
sub-017,fruitmixkiwicherriesstrawberries,2
sub-017,peanuts,1
sub-017,glassofbeer,2
sub-017,chocolatecake,3
sub-017,blackberry,1
sub-017,meatpie,2
sub-017,frenchfries,3
sub-017,ricewaffles,2
sub-017,strawberries,3
sub-017,friedsausagewithroll,3
sub-017,paprikapeppersredgreenyellow,2
sub-017,broccoli,2
sub-017,eclair,3
sub-017,pears,2
sub-017,bowlofrice,3
sub-017,gummicandyandlicoricemix,3
sub-017,fennel,1
sub-017,donutchocolate,4
sub-017,cappuccino,4
sub-017,flatcakewithsalad,2
sub-017,barofchocolate,3
sub-017,cookedhamcut,3
sub-017,muffins,3
sub-017,chocolateandstrawberryicecream,3
sub-017,mmspeanut,3
sub-017,lemon,1
sub-017,pinenuts,1
sub-017,tunasandwiches,3
sub-017,redchilli,1
sub-017,hamsandwich,3
sub-017,sachercake,3
sub-017,pineapple,2
sub-017,minichocolatemarshmallows,2
sub-017,troutwithpotatoespanfried,3
sub-017,greenonionshallot,2
sub-017,bagelswithsesameandpoppyseed,4
sub-017,croissant,3
sub-017,pizzawithmushroomsandbellpepper,3
sub-017,greenbeans,2
sub-017,sausagesfrankfurter,3
sub-017,peach,2
sub-017,cake,3
sub-017,potatogratin,3
sub-017,roll,3
sub-017,openedbarofchocolatewithnuts,3
sub-017,barofchocolatewithnuts,3
sub-017,cookiesoreos,4
sub-017,camembert,3
sub-017,filledroulade,3
sub-017,hamburgerwithbacon,3
sub-017,piecesofchocolate,3
sub-017,emmentalercheese,3
sub-017,hamsandwichwithchips,3
sub-017,cookiemix,3
sub-017,redgrapes,3
sub-017,crispbread,2
sub-017,bagel,3
sub-017,asparagus,3
sub-017,minicookieswithchocolateononeside,3
sub-017,nutscashews,2
sub-017,wildberriesmix,2
sub-017,limes,2
sub-017,potatoesandcorn,2
sub-017,creamroll,4
sub-017,pastries,4
sub-017,hardcandies,3
sub-017,hamsandwich,3
sub-017,wafflewithwhippedcream,3
sub-017,bowlofsalad,2
sub-017,cheeseburgerfrenchfriesandcola,4
sub-017,mueslibaroatmeal,2
sub-017,gooseroasted,3
sub-017,chipsfrenchfries,3
sub-017,nicnaccrustypeanuts,3
sub-017,raspberries,2
sub-017,hamsandwich,3
sub-017,glassofgherkins,1
sub-017,sausage,2
sub-017,germankrapfen,4
sub-017,baguette,3
sub-017,platewithrawhamburgerpattiesandsausages,3
sub-017,potatoes,2
sub-017,tomatoes,2
sub-017,cheeseplatter,1
sub-017,cheeseandcoldmeatplatter,2
sub-017,sushirolls,2
sub-017,walnuts,1
sub-017,kiwi,2
sub-017,chocolatecroissants,4
sub-017,doughnutdonutchocolate,4
sub-017,cheesecakewithstrawberriesandcrumbles,2
sub-017,friedegg,3
sub-017,fishwithvegetablesgrilled,3
sub-017,greenchili,2
sub-017,roundshortbreadcookies,3
sub-017,greenbellpepper,2
sub-017,blacklicoricewheels,2
sub-017,bowlofrice,3
sub-017,sundae,4
sub-017,roulade,3
sub-017,brusselssprouts,2
sub-017,sushirollwithcucumber,3
sub-017,piecesoffruit,2
sub-017,nutscoveredinchocolate,1
sub-017,vanillaandchocolateicecreamcone,3
sub-017,watermelon,3
sub-017,oranges,2
sub-017,glassofwhitewine,2
sub-017,soybeansprouts,2
sub-017,cheese,3
sub-017,avocado,3
sub-017,barsofwhitechocolate,3
sub-017,breads,4
sub-017,strawberrycake,3
sub-017,cheeseburgerfrenchfriesandcola,4
sub-017,bread,3
sub-017,donutwithchocolatesprinkles,3
sub-017,peascooked,2
sub-017,wienerschnitzel,3
sub-017,rollsinabasket,3
sub-017,spareribswithfrenchfriesandsalad,4
sub-017,fruits,2
sub-017,croissant,3
sub-017,cucumberwithslices,3
sub-017,cheese,3
sub-017,croissants,3
sub-017,banana,3
sub-017,stracciatellacake,3
sub-017,chocolatemuffin,4
sub-018,redchilli,1
sub-018,celery,1
sub-018,breakfastcereals,4
sub-018,barofchocolate,3
sub-018,openedchipsbag,2
sub-018,vegetables,1
sub-018,hamsandwich,2
sub-018,hardcandies,2
sub-018,blackberries,2
sub-018,cakewithpowderedsugar,3
sub-018,nutscoveredinchocolate,3
sub-018,jellycandies,2
sub-018,raspberrycake,2
sub-018,wildberriesmix,3
sub-018,cookiefilledwithjelly,4
sub-018,curdwithchives,3
sub-018,wildberriesmix,2
sub-018,minichocolatemarshmallows,3
sub-018,greenbellpepper,1
sub-018,cakegugelhupf,3
sub-018,gherkin,3
sub-018,fruits,2
sub-018,pizzawithmushroomsandbellpepper,4
sub-018,strawberrytartlet,3
sub-018,roll,2
sub-018,pretzelsticks,1
sub-018,lollipops,2
sub-018,salmon,4
sub-018,eggsineggboard,2
sub-018,carrots,2
sub-018,carrots,1
sub-018,cookedhamcut,2
sub-018,peanuts,1
sub-018,muffins,4
sub-018,squashpumpkin,2
sub-018,mmspeanut,2
sub-018,apple,2
sub-018,barsofwhitechocolate,3
sub-018,tomatoandmozzarella,3
sub-018,pancakes,3
sub-018,crackers,1
sub-018,donerkebab,2
sub-018,grapesred,2
sub-018,piecesofchocolate,3
sub-018,salamiroastedhamandcheese,3
sub-018,potatoes,2
sub-018,nectarines,2
sub-018,troutwithpotatoespanfried,3
sub-018,bowlofmuesligranola,3
sub-018,breads,2
sub-018,gummicandygoldbears,1
sub-018,strawberryhalf,2
sub-018,hamsandwich,3
sub-018,mashedpotatoes,4
sub-018,crispbreadwithcottagecheese,2
sub-018,watermelon,2
sub-018,gardenradish,1
sub-018,rissole,2
sub-018,gherkinsliced,4
sub-018,crispbreadwithcookedham,1
sub-018,cake,4
sub-018,rasberries,1
sub-018,toastwithjam,3
sub-018,chips,3
sub-018,cheeseplatter,3
sub-018,meatballspatties,2
sub-018,cookiesfilledwithchocolatecream,3
sub-018,chocolatecake,4
sub-018,icecream,3
sub-018,pizzaveggiecheese,4
sub-018,chocolatebiscuit,4
sub-018,donutwithchocolatesprinkles,4
sub-018,frenchtoast,2
sub-018,piecesoffruit,3
sub-018,broccoli,2
sub-018,cake,4
sub-018,grapes,2
sub-018,muffins,4
sub-018,filletofporkgrilled,2
sub-018,cakewithtangerines,4
sub-018,platewithrawhamburgerpattiesandsausages,3
sub-018,creamroll,4
sub-018,walnut,2
sub-018,pastawithbacon,2
sub-018,fishwithvegetablesgrilled,3
sub-018,artichoke,1
sub-018,chocolatecandybar,4
sub-018,sproutspotatoescarrots,1
sub-018,mixedsalad,1
sub-018,tomato,2
sub-018,camembert,3
sub-018,filledwaffles,3
sub-018,glassofredwine,1
sub-018,zucchini,1
sub-018,espresso,3
sub-018,cheeseplatter,3
sub-018,cauliflower,1
sub-018,cookie,4
sub-018,headofgreenlettuce,1
sub-018,chips,4
sub-018,plateofsalad,1
sub-018,doughnutdonutchocolate,4
sub-018,tagliatelle,1
sub-018,raspberries,1
sub-018,barofchocolatewithnuts,4
sub-018,pineapple,2
sub-018,chocolatecreamcake,4
sub-018,strawberries,2
sub-018,icecreamwithchocolatebeans,4
sub-018,camembert,4
sub-018,appledanish,4
sub-018,potatoes,1
sub-018,nutscashews,1
sub-018,hamsandwich,2
sub-018,browniewithnuts,4
sub-018,fruitmixkiwicherriesstrawberries,2
sub-018,raspberrycake,3
sub-018,applepie,4
sub-018,fruitmixnectarinesraspberriescherries,2
sub-018,vienneseschnitzelwithpotatoes,2
sub-018,mushroomsbrown,4
sub-018,marzipanchocolate,4
sub-018,muffinwithgreentopping,4
sub-018,roastpork,2
sub-018,cornflakeswithmilk,2
sub-018,popcorn,1
sub-018,bowlofmuesligranola,3
sub-018,fruitsalad,3
sub-018,cheesecakewithstrawberriesandcrumbles,4
sub-018,tortillachips,1
sub-018,shashlik,2
sub-018,bowlofsalad,1
sub-018,papaya,2
sub-018,burgerpattywithfrenchfriesandsalad,4
sub-018,shortbread,2
sub-018,hamsandwichwithchips,2
sub-018,grapefruit,2
sub-018,pastabake,3
sub-018,cheese,2
sub-018,loafofbread,3
sub-018,strawberrycake,4
sub-018,wafflewithwhippedcream,2
sub-018,strawberries,2
sub-018,salmon,2
sub-018,cheesecake,4
sub-018,jaffacookies,2
sub-018,cheeseplatter,3
sub-018,tomatoandmozzarellaskewer,3
sub-018,hotdog,4
sub-018,croissants,3
sub-018,chives,1
sub-018,blueberryastrawberrytartlet,4
sub-018,raspberrycake,4
sub-018,potatoes,1
sub-018,mixedlicorice,1
sub-018,crispbread,1
sub-018,fishsandwich,4
sub-018,lettuceiceberg,1
sub-018,headofgreenlettuce,1
sub-018,spaghettiwithtomatosauce,3
sub-018,potatoesandcorn,2
sub-018,cake,3
sub-018,bowlofrice,2
sub-018,hotdog,3
sub-018,pancakewithfruits,3
sub-018,shortbreads,2
sub-018,doughnutdonuticing,4
sub-018,muffin,4
sub-018,cheeseandcoldmeatplatter,3
sub-018,pastabake,4
sub-018,pizzaslicesassorted,3
sub-018,raffaelococonutwaferballs,1
sub-018,lemon,1
sub-018,baguette,2
sub-018,rusk,2
sub-018,olives,2
sub-018,chocolatebarbite,4
sub-018,rollsinabasket,1
sub-018,chocolatecroissants,4
sub-018,pralines,2
sub-018,toastwhitebread,2
sub-018,kiwis,2
sub-018,chickenraw,1
sub-018,glassofwhitewine,1
sub-018,asparaguswithbechamelsauce,2
sub-018,salamisausage,2
sub-018,bread,1
sub-018,peanuts,1
sub-018,cookedham,2
sub-018,gardenradish,1
sub-018,sushiwithsalmon,3
sub-018,beansandcarrotscooked,1
sub-018,vanillaicecream,3
sub-018,pears,1
sub-018,fennel,1
sub-018,artichoke,1
sub-018,rasberry,2
sub-018,challahbraidedyeastbunwithraisins,3
sub-018,nicnaccrustypeanuts,2
sub-018,crispreadwithcottagecheese,1
sub-018,cornmaize,2
sub-018,frenchfries,3
sub-018,crispbreadwithcottagecheese,1
sub-018,cutlet,3
sub-018,grapes,3
sub-018,carrotscooked,2
sub-018,cheese,3
sub-018,friedsausagewithroll,4
sub-018,challahbraidedyeastbun,3
sub-018,cremebrulee,3
sub-018,romanlettuce,1
sub-018,avocado,2
sub-018,lasagna,3
sub-018,roll,2
sub-018,hotdog,3
sub-018,cherries,3
sub-018,chocolatebarfilledwithstrawberryandyogurtcream,4
sub-018,oranges,3
sub-018,chips,4
sub-018,chocolatecake,4
sub-018,steakwithbackedpotatoandvegetables,3
sub-018,hazelnut,2
sub-018,greenchili,1
sub-018,tomatoes,2
sub-018,bagelswithsesameandpoppyseed,2
sub-018,lemoncake,4
sub-018,cutlet,3
sub-018,mixedvegetables,1
sub-018,mixedvegetables,2
sub-018,cauliflower,1
sub-018,pineapple,2
sub-018,frankfurtcrowncake,4
sub-018,chocolatebarfilledwithmilkcream,4
sub-018,waffle,4
sub-018,redpaprikapeppers,1
sub-018,marshmallowsflat,1
sub-018,briecheese,2
sub-018,peascooked,1
sub-018,pastameal,4
sub-018,spaghettibolognese,4
sub-018,mixedvegetables,1
sub-018,chickenfilletsgrilled,2
sub-018,doughnutdonutplain,3
sub-018,greenonionshallot,1
sub-018,somebarsofchocolatestacked,4
sub-018,pretzel,3
sub-018,mixedvegetables,1
sub-018,peanutpuffs,2
sub-018,greenbeans,1
sub-018,cheeseburgerfrenchfriesandcola,3
sub-018,cheeseplatter,4
sub-018,steak,3
sub-018,grapesredandwhite,3
sub-018,potatogratin,3
sub-018,banana,4
sub-018,walnuts,1
sub-018,spaghetti,1
sub-018,roulade,2
sub-018,redcabbage,1
sub-018,filledchocolates,3
sub-018,fennel,1
sub-018,cookiesmixed,4
sub-018,chocolatemuffin,4
sub-018,bagel,2
sub-018,waffles,4
sub-018,glassofbeer,2
sub-018,greenasparagus,1
sub-018,eggboiled,2
sub-018,vanillaicecreamcone,4
sub-018,donut,4
sub-018,somedifferentcakewedges,1
sub-018,cucumberwithslices,1
sub-018,bowlofsalad,1
sub-018,sushirolls,4
sub-018,hamsandwich,3
sub-018,croissantwithbutterandjam,4
sub-018,cauliflower,1
sub-018,cherry,4
sub-018,fishsticks,4
sub-018,honeydewmelon,2
sub-018,winegum,2
sub-018,grapeswhite,2
sub-018,wildberriesmix,3
sub-018,sausage,2
sub-018,blueberries,3
sub-018,kohlrabi,1
sub-018,chocolatecookie,4
sub-018,fruitcake,4
sub-018,blueberries,2
sub-018,germankrapfen,4
sub-018,mixedvegetables,1
sub-018,paprikapeppersredgreenyellow,2
sub-018,limes,1
sub-018,beefsteakraw,3
sub-018,steakwithbackedpotatoandvegetables,4
sub-018,blacklicoricewheels,1
sub-018,mushroomswhite,2
sub-018,cappuccino,3
sub-018,pickles,1
sub-018,apples,2
sub-018,lemon1half,3
sub-018,roundshortbreadcookies,4
sub-018,spaghettiwithtomatosauce,3
sub-018,wildberriesmix,3
sub-018,chocolatemuffin,4
sub-018,chocolatebar,4
sub-018,bread,2
sub-018,croissant,4
sub-018,cookiesfilledwithchocolatecream,3
sub-018,cheeseburger,3
sub-018,strawberries,2
sub-018,sundae,4
sub-018,strawberryicecreamcone,3
sub-018,spinach,1
sub-018,mixedvegetablescooked,3
sub-018,frenchfrieschicken,2
sub-018,cake,4
sub-018,cake,4
sub-018,chocolatecake,4
sub-018,frenchcruller,4
sub-018,mueslibaroatmeal,2
sub-018,saladplate,1
sub-018,tomatoes,2
sub-018,grilledbavariansausage,3
sub-018,tortellini,2
sub-018,yellowbellpeppersliced,1
sub-018,sausages,3
sub-018,salmonsushi,4
sub-018,pinenuts,1
sub-018,cucumberandcarrot,1
sub-018,frenchfries,4
sub-018,friedegg,3
sub-018,headoficeberglettuce,1
sub-018,onion,1
sub-018,zucchini,1
sub-018,beefsteakraw,2
sub-018,soybeansprouts,1
sub-018,smokedhambacon,2
sub-018,papaya,2
sub-018,toblerone,4
sub-018,ricewaffles,1
sub-018,pretzels,3
sub-018,cheeseburgerfrenchfriesandcola,3
sub-018,cantaloup,3
sub-018,glassofbeer,1
sub-018,chocolatecakewithnuts,4
sub-018,mixedsalad,2
sub-018,croissants,4
sub-018,spaghettiwithtomatosauce,3
sub-018,roastbeef,2
sub-018,saladplate,1
sub-018,greenpaprikapeppers,1
sub-018,brusselssprouts,1
sub-018,veggiemixcucumbertomatopeppers,1
sub-018,carrots,1
sub-018,pizzawithsalami,4
sub-018,cheesecakewithcherrytopping,4
sub-018,bowlofrice,1
sub-018,kitkatchocolatewaferbars,4
sub-018,cookiemix,4
sub-018,tunasandwiches,2
sub-018,spareribswithfrenchfriesandsalad,3
sub-018,cornonacob,1
sub-018,veggiemixwithdip,1
sub-018,pancakeswithblueberries,4
sub-018,artichoke,1
sub-018,orange,3
sub-018,sliceofbreadtoppedwithchocolatecream,3
sub-018,mixedvegetables,1
sub-018,parsley,1
sub-018,cheeseburgerfrenchfries,3
sub-018,filledroulade,1
sub-018,roastedchicken,2
sub-018,chocolatemuffin,4
sub-018,pizzahamandmushrooms,4
sub-018,frenchfries,4
sub-018,sundaepeach,4
sub-018,spareribswithfrenchfriesandsalad,3
sub-018,chocolatepieces,2
sub-018,frenchfriesandchickendrumsticks,3
sub-018,snackmix,2
sub-018,breadroll,3
sub-018,cookiesoreos,4
sub-018,chickenroasted,3
sub-018,quiche,3
sub-018,cornflakesandalmondscoveredinchocolate,2
sub-018,kiwi,2
sub-018,lattemacchiato,1
sub-018,cakewithgelatinizedfruits,4
sub-018,pastriesanddonuts,4
sub-018,figs,4
sub-018,bloodoranges,3
sub-018,pastabake,2
sub-018,minicookieswithchocolateononeside,2
sub-018,doughnutdonutjam,4
sub-018,yellowbellpepper,1
sub-018,toffifayfilledcaramelcup,3
sub-018,pears,1
sub-018,raspberrycandies,1
sub-018,beefsteakraw,4
sub-018,chocolatecookie,4
sub-018,chocolatepopsiclewithnuts,3
sub-018,banana,1
sub-018,mixedvegetables,1
sub-018,pistachios,1
sub-018,arugula,2
sub-018,grapewhites,3
sub-018,lasagna,4
sub-018,popcorn,1
sub-018,oranges,4
sub-018,cheeseburger,3
sub-018,gummicandycola,1
sub-018,sundaewithraspberries,3
sub-018,pomegranate,4
sub-018,crispbread,1
sub-018,donerkebab,2
sub-018,tomatosliced,3
sub-018,meatpie,1
sub-018,salmon,2
sub-018,cookies,1
sub-018,roastpotatoes,4
sub-018,redcurrants,1
sub-018,muffins,3
sub-018,spinach,1
sub-018,wildberriesmix,3
sub-018,lemons,3
sub-018,peach,2
sub-018,hotdog,2
sub-018,knuckleofporkwithsauerkraut,1
sub-018,openedbarofchocolatewithnuts,3
sub-018,gooseroasted,2
sub-018,vanillaandchocolateicecreamcone,2
sub-018,apples,1
sub-018,waterbottle,1
sub-018,salmonwithvegetablesgrilled,2
sub-018,chipsfrenchfries,4
sub-018,hardcandies,2
sub-018,sachercake,4
sub-018,stracciatellacake,4
sub-018,glassoforangejuice,2
sub-018,strawberrycake,4
sub-018,eclair,4
sub-018,redgrapes,4
sub-018,redbellpepper,1
sub-018,chips,4
sub-018,hamburgerwithbacon,2
sub-018,gummibearswithextrasugar,1
sub-018,rigatoniwithvegetable,1
sub-018,glassofgherkins,3
sub-018,icecreamsandwiches,3
sub-018,cake,4
sub-018,mandarins,2
sub-018,shashlikwithbakedpotato,3
sub-018,roastbeef,4
sub-018,chocolatetruffle,4
sub-018,sushirollwithcucumber,4
sub-018,cherries,4
sub-018,hamsandwichwithchips,3
sub-018,chocolatecake,1
sub-018,chocolatemarshmallows,2
sub-018,flatcakewithsalad,1
sub-018,saladplate,1
sub-018,hamandcheesesandwich,2
sub-018,croissant,4
sub-018,germankrapfen,4
sub-018,canardroasted,2
sub-018,headofcabbage,1
sub-018,peascornandpotatos,1
sub-018,radishes,1
sub-018,butter,1
sub-018,pizzasalami,4
sub-018,germankrapfen,4
sub-018,cheeseburger,2
sub-018,toast,1
sub-018,chocolatecookies,1
sub-018,blackberry,1
sub-018,edamcheese,1
sub-018,sachercake,3
sub-018,shrimp,4
sub-018,gummicandyandlicoricemix,1
sub-018,sugarsnappea,1
sub-018,asparagus,1
sub-018,christmassweets,1
sub-018,oranges,4
sub-018,spinachpotatoecasserole,3
sub-018,sausagesfrankfurter,2
sub-018,spaghettiwithpesto,3
sub-018,watermelon,4
sub-018,filledcookiewithwalnut,2
sub-018,sushi,1
sub-018,raspberrycreamcake,3
sub-018,chocolateandstrawberryicecream,2
sub-018,potatoewedges,4
sub-018,strawberrycreamcake,4
sub-018,carambolastarfruit,1
sub-018,donutsandpastries,4
sub-018,pastries,4
sub-018,pear,1
sub-018,wienerschnitzel,3
sub-018,cookie,4
sub-018,cheeseburger,2
sub-018,chocolatecake,4
sub-018,pizzawithsalami,4
sub-018,marblecake,4
sub-018,oranges,2
sub-018,apples,1
sub-018,apples,1
sub-018,lettucelollorosso,1
sub-018,donutchocolate,1
sub-018,croissants,4
sub-018,cheese,1
sub-018,tomatoes,3
sub-018,sandwichroastbeef,4
sub-018,peapod,4
sub-018,donutchocolatetopping,4
sub-018,ravioli,1
sub-018,chocolatemuffin,4
sub-018,blackforestcake,4
sub-018,saladplate,1
sub-018,minichocolatecakebar,4
sub-018,peanuts,1
sub-018,banana,2
sub-018,hazelnuts,1
sub-018,brusselssprouts,1
sub-018,springonions,1
sub-018,cheddarcheese,2
sub-018,almonds,1
sub-018,crispbreadwithcottagecheese,2
sub-018,peaches,2
sub-018,croissants,3
sub-018,meatfilletsandvegetablesgrilled,4
sub-018,leek,1
sub-018,croissants,4
sub-018,vegetables,1
sub-018,ravioli,1
sub-018,liversausage,1
sub-018,chocolatebarbroken,4
sub-018,raspberries,2
sub-018,emmentalercheese,3
sub-018,coloredchocolatebeans,1
sub-018,marblecake,4
sub-018,cake,4
sub-018,vienneseschnitzel,4
sub-018,chocolatepopsiclewithnuts,3
sub-018,hamburger,2
sub-018,raspberrycreamcake,2
sub-018,cucumberslice,1
sub-018,avocado,1
sub-018,pineapple,2
sub-018,pizzawithmushrooms,4
sub-018,chroisant,4
sub-018,creamcakewithfruits,4
sub-018,hardcandies,1
sub-018,bagelwithcreamcheeseandvegetables,2
sub-018,lollipops,1
sub-018,chocolateandvanillaicecream,2
sub-018,chinesecabbage,1
sub-018,greenapple,2
sub-018,paprikapeppersredyelloworange,1
sub-018,carrots,1
sub-018,chocolatepopsicles,3
sub-018,fruits,2
sub-018,fruitplatemelonpineapplegrapes,3
sub-018,meatpie,1
sub-018,germankrapfen,3
sub-018,strawberries,4
sub-018,chiccory,1
sub-019,lettucelollorosso,1
sub-019,crispreadwithcottagecheese,2
sub-019,blueberryastrawberrytartlet,4
sub-019,apples,2
sub-019,cake,2
sub-019,greenasparagus,2
sub-019,icecreamwithchocolatebeans,4
sub-019,glassoforangejuice,3
sub-019,croissants,4
sub-019,germankrapfen,2
sub-019,sandwichroastbeef,3
sub-019,cherry,4
sub-019,lasagna,3
sub-019,headofcabbage,2
sub-019,spareribswithfrenchfriesandsalad,1
sub-019,cheeseburger,2
sub-019,cucumberwithslices,2
sub-019,mixedvegetables,2
sub-019,wienerschnitzel,1
sub-019,plateofsalad,2
sub-019,redpaprikapeppers,1
sub-019,rasberries,4
sub-019,waffles,3
sub-019,sundae,2
sub-019,sushirollwithcucumber,2
sub-019,icecream,3
sub-019,donutwithchocolatesprinkles,3
sub-019,blacklicoricewheels,1
sub-019,jellycandies,1
sub-019,canardroasted,4
sub-019,chocolatecookie,3
sub-019,chocolatecake,3
sub-019,papaya,4
sub-019,headofgreenlettuce,3
sub-019,butter,1
sub-019,cauliflower,1
sub-019,tomatosliced,4
sub-019,raspberrycreamcake,3
sub-019,chocolatecake,3
sub-019,gardenradish,1
sub-019,muffins,3
sub-019,stracciatellacake,2
sub-019,doughnutdonuticing,1
sub-019,mmspeanut,3
sub-019,blackberries,2
sub-019,appledanish,2
sub-019,pizzahamandmushrooms,4
sub-019,chocolatebiscuit,3
sub-019,rissole,2
sub-019,chips,2
sub-019,friedegg,1
sub-019,watermelon,3
sub-019,cookie,2
sub-019,salmon,1
sub-019,tomatoes,4
sub-019,bread,2
sub-019,crispbreadwithcottagecheese,1
sub-019,cookies,2
sub-019,celery,1
sub-019,carambolastarfruit,2
sub-019,salamisausage,1
sub-019,honeydewmelon,3
sub-019,banana,2
sub-019,mixedsalad,4
sub-019,bagel,2
sub-019,grapefruit,1
sub-019,lettuceiceberg,3
sub-019,paprikapeppersredgreenyellow,1
sub-019,raspberrycake,4
sub-019,friedsausagewithroll,1
sub-019,blackberry,2
sub-019,doughnutdonutplain,2
sub-019,chocolatetruffle,1
sub-019,springonions,3
sub-019,vegetables,1
sub-019,glassofbeer,1
sub-019,minicookieswithchocolateononeside,4
sub-019,pomegranate,1
sub-019,marshmallowsflat,1
sub-019,saladplate,4
sub-019,mixedvegetables,1
sub-019,pizzaveggiecheese,1
sub-019,spaghettiwithtomatosauce,2
sub-019,saladplate,2
sub-019,redcabbage,1
sub-019,pancakewithfruits,3
sub-019,figs,1
sub-019,spinachpotatoecasserole,3
sub-019,greenbeans,2
sub-019,frenchcruller,2
sub-019,ravioli,2
sub-019,raspberrycreamcake,1
sub-019,lattemacchiato,1
sub-019,vanillaicecreamcone,4
sub-019,donut,2
sub-019,lemon1half,1
sub-019,popcorn,2
sub-019,ravioli,1
sub-019,fennel,2
sub-019,hardcandies,2
sub-019,fruits,3
sub-019,sundaepeach,3
sub-019,cakewithtangerines,3
sub-019,crispbreadwithcottagecheese,2
sub-019,donutsandpastries,4
sub-019,croissantwithbutterandjam,4
sub-019,tunasandwiches,3
sub-019,steak,3
sub-019,pastabake,4
sub-019,pizzaslicesassorted,4
sub-019,roll,1
sub-019,pears,1
sub-019,chocolatemarshmallows,2
sub-019,chickenraw,1
sub-019,kiwi,4
sub-019,vienneseschnitzelwithpotatoes,3
sub-019,pear,2
sub-019,cherries,4
sub-019,chocolatemuffin,3
sub-019,cappuccino,1
sub-019,toblerone,4
sub-019,frankfurtcrowncake,2
sub-019,meatpie,2
sub-019,doughnutdonutchocolate,3
sub-019,tortillachips,2
sub-019,breakfastcereals,3
sub-019,spareribswithfrenchfriesandsalad,3
sub-019,muffins,3
sub-019,quiche,4
sub-019,cheeseburgerfrenchfries,3
sub-019,arugula,2
sub-019,cookiesfilledwithchocolatecream,2
sub-019,mixedvegetables,2
sub-019,strawberrycake,4
sub-019,chocolatecake,3
sub-019,bagelwithcreamcheeseandvegetables,2
sub-019,grilledbavariansausage,1
sub-019,peanuts,4
sub-019,cookie,4
sub-019,roastedchicken,2
sub-019,strawberrycake,4
sub-019,blueberries,3
sub-019,hamsandwich,3
sub-019,beefsteakraw,1
sub-019,cake,4
sub-019,hamburger,3
sub-019,carrots,1
sub-019,pineapple,3
sub-019,sachercake,2
sub-019,grapes,4
sub-019,eggsineggboard,2
sub-019,squashpumpkin,2
sub-019,filledcookiewithwalnut,3
sub-019,mixedvegetablescooked,2
sub-019,burgerpattywithfrenchfriesandsalad,2
sub-019,cake,2
sub-019,pretzelsticks,2
sub-019,hamsandwichwithchips,3
sub-019,chives,2
sub-019,veggiemixcucumbertomatopeppers,2
sub-019,rasberry,1
sub-019,pineapple,1
sub-019,mixedvegetables,2
sub-019,sundaewithraspberries,4
sub-019,fruitsalad,4
sub-019,tomatoes,4
sub-019,barsofwhitechocolate,1
sub-019,strawberryhalf,4
sub-019,cookiemix,3
sub-019,bagelswithsesameandpoppyseed,3
sub-019,chocolatecookie,4
sub-019,cantaloup,3
sub-019,cheese,4
sub-019,sachercake,3
sub-019,kiwis,4
sub-019,cauliflower,3
sub-019,zucchini,2
sub-019,saladplate,3
sub-019,chips,3
sub-019,avocado,1
sub-019,fruitplatemelonpineapplegrapes,4
sub-019,cornflakeswithmilk,2
sub-019,peascooked,2
sub-019,romanlettuce,2
sub-019,strawberries,4
sub-019,roastpork,3
sub-019,grapewhites,4
sub-019,wildberriesmix,3
sub-019,peascornandpotatos,1
sub-019,sugarsnappea,2
sub-019,frenchfries,4
sub-019,pickles,2
sub-019,mueslibaroatmeal,2
sub-019,sliceofbreadtoppedwithchocolatecream,2
sub-019,croissants,4
sub-019,openedbarofchocolatewithnuts,4
sub-019,chipsfrenchfries,4
sub-019,vienneseschnitzel,2
sub-019,broccoli,3
sub-019,strawberries,4
sub-019,hotdog,1
sub-019,salmon,4
sub-019,bowlofmuesligranola,1
sub-019,apples,2
sub-019,christmassweets,2
sub-019,raspberrycandies,2
sub-019,piecesoffruit,3
sub-019,espresso,1
sub-019,fishwithvegetablesgrilled,2
sub-019,minichocolatecakebar,4
sub-019,cookedham,2
sub-019,barofchocolate,3
sub-019,chiccory,1
sub-019,beefsteakraw,1
sub-019,chocolatebarbroken,2
sub-019,cake,2
sub-019,parsley,2
sub-019,chocolatecandybar,4
sub-019,mushroomswhite,2
sub-019,saladplate,4
sub-019,germankrapfen,1
sub-019,cucumberandcarrot,2
sub-019,doughnutdonutjam,2
sub-019,spinach,2
sub-019,greenonionshallot,2
sub-019,chocolatepopsiclewithnuts,4
sub-019,frenchtoast,3
sub-019,creamroll,2
sub-019,filledchocolates,4
sub-019,chickenroasted,2
sub-019,tagliatelle,2
sub-019,asparagus,1
sub-019,spaghettibolognese,4
sub-019,openedchipsbag,2
sub-019,platewithrawhamburgerpattiesandsausages,2
sub-019,breads,3
sub-019,grapesred,4
sub-019,chocolatepopsiclewithnuts,4
sub-019,cremebrulee,3
sub-019,cookiesoreos,4
sub-019,crispbread,3
sub-019,headofgreenlettuce,3
sub-019,chocolatepopsicles,4
sub-019,gummibearswithextrasugar,3
sub-019,edamcheese,1
sub-019,banana,2
sub-019,oranges,4
sub-019,zucchini,2
sub-019,gummicandygoldbears,2
sub-019,cakewithpowderedsugar,1
sub-019,frenchfries,4
sub-019,crispbreadwithcookedham,1
sub-019,pizzawithsalami,3
sub-019,lemons,1
sub-019,pralines,4
sub-019,camembert,2
sub-019,pretzels,1
sub-019,fruitcake,4
sub-019,glassofbeer,2
sub-019,crispbread,2
sub-019,emmentalercheese,1
sub-019,tomato,4
sub-019,cheese,2
sub-019,bowlofsalad,3
sub-019,mixedvegetables,3
sub-019,hamsandwich,3
sub-019,wildberriesmix,4
sub-019,strawberrycreamcake,2
sub-019,bread,1
sub-019,gummicandycola,2
sub-019,pizzawithmushrooms,4
sub-019,cake,2
sub-019,chocolatecroissants,4
sub-019,meatfilletsandvegetablesgrilled,4
sub-019,roastpotatoes,3
sub-019,grapeswhite,4
sub-019,potatogratin,4
sub-019,artichoke,1
sub-019,smokedhambacon,1
sub-019,chocolatecookies,3
sub-019,greenapple,3
sub-019,browniewithnuts,3
sub-019,blueberries,3
sub-019,cheeseburger,2
sub-019,rusk,3
sub-019,flatcakewithsalad,3
sub-019,pretzel,3
sub-019,piecesofchocolate,4
sub-019,hazelnut,1
sub-019,beefsteakraw,1
sub-019,tomatoes,4
sub-019,lollipops,1
sub-019,cakewithgelatinizedfruits,1
sub-019,donutchocolate,3
sub-019,cornonacob,3
sub-019,cake,2
sub-019,bowlofmuesligranola,2
sub-019,chickenfilletsgrilled,1
sub-019,sushi,1
sub-019,oranges,4
sub-019,muffin,4
sub-019,strawberries,4
sub-019,baguette,2
sub-019,toastwithjam,2
sub-019,chocolatecake,1
sub-019,somedifferentcakewedges,2
sub-019,soybeansprouts,2
sub-019,fruits,3
sub-019,peanuts,3
sub-019,croissant,4
sub-019,puffedricecoveredinchocolate,4
sub-019,hotdog,2
sub-019,hardcandies,2
sub-019,bloodoranges,1
sub-019,redcurrants,2
sub-019,cheeseandcoldmeatplatter,2
sub-019,almonds,4
sub-019,vegetables,2
sub-019,nectarines,2
sub-019,walnuts,1
sub-019,watermelon,3
sub-019,hamsandwichwithchips,3
sub-019,cheeseburgerfrenchfriesandcola,4
sub-019,peanutpuffs,3
sub-019,cookiesfilledwithchocolatecream,4
sub-019,cauliflower,1
sub-019,chocolatebarfilledwithstrawberryandyogurtcream,2
sub-019,croissants,3
sub-019,chips,3
sub-019,orange,4
sub-019,muffins,2
sub-019,pastawithbacon,3
sub-019,cornflakesandalmondscoveredinchocolate,2
sub-019,brusselssprouts,2
sub-019,mixedvegetables,2
sub-019,redchilli,1
sub-019,cheesecakewithstrawberriesandcrumbles,4
sub-019,walnut,1
sub-019,hamburgerwithbacon,3
sub-019,creamcakewithfruits,3
sub-019,wildberriesmix,3
sub-019,spaghettiwithtomatosauce,2
sub-019,onion,1
sub-019,toast,2
sub-019,croissant,4
sub-019,cutlet,3
sub-019,salmon,2
sub-019,leek,1
sub-019,roulade,2
sub-019,mixedlicorice,1
sub-019,pinenuts,3
sub-019,cheeseplatter,2
sub-019,hazelnuts,3
sub-019,hotdog,1
sub-019,marblecake,3
sub-019,pears,4
sub-019,chocolatemuffin,4
sub-019,pineapple,2
sub-019,shortbread,1
sub-019,peaches,3
sub-019,cake,2
sub-019,bowlofrice,2
sub-019,hamandcheesesandwich,2
sub-019,gummicandyandlicoricemix,1
sub-019,challahbraidedyeastbun,2
sub-019,steakwithbackedpotatoandvegetables,3
sub-019,muffinwithgreentopping,1
sub-019,vanillaicecream,3
sub-019,roundshortbreadcookies,4
sub-019,breadroll,2
sub-019,cookiesmixed,3
sub-019,applepie,2
sub-019,briecheese,2
sub-019,cheesecake,3
sub-019,liversausage,1
sub-019,chocolatemuffin,4
sub-019,raspberries,3
sub-019,marzipanchocolate,1
sub-019,nutscashews,4
sub-019,peach,4
sub-019,peanuts,4
sub-019,cheeseburgerfrenchfriesandcola,3
sub-019,artichoke,1
sub-019,sushirolls,4
sub-019,steakwithbackedpotatoandvegetables,3
sub-019,redgrapes,4
sub-019,bowlofrice,2
sub-019,rollsinabasket,2
sub-019,fishsticks,3
sub-019,troutwithpotatoespanfried,2
sub-019,mashedpotatoes,3
sub-019,raspberries,4
sub-019,raspberrycake,2
sub-019,tomatoandmozzarella,4
sub-019,gherkinsliced,1
sub-019,minichocolatemarshmallows,2
sub-019,peapod,2
sub-019,nutscoveredinchocolate,4
sub-019,challahbraidedyeastbunwithraisins,3
sub-019,pizzawithmushroomsandbellpepper,2
sub-019,shortbreads,3
sub-019,tomatoandmozzarellaskewer,4
sub-019,potatoesandcorn,2
sub-019,lemoncake,1
sub-019,coloredchocolatebeans,4
sub-019,cheeseburger,1
sub-019,chips,2
sub-019,meatballspatties,2
sub-019,cheddarcheese,2
sub-019,pastriesanddonuts,4
sub-019,frenchfrieschicken,2
sub-019,salmonwithvegetablesgrilled,3
sub-019,pancakes,3
sub-019,pastabake,4
sub-019,grapes,4
sub-019,chocolatecreamcake,2
sub-019,chocolatecakewithnuts,3
sub-019,filledwaffles,1
sub-019,pistachios,4
sub-019,popcorn,3
sub-019,carrots,1
sub-019,filledroulade,1
sub-019,filletofporkgrilled,2
sub-019,mushroomsbrown,1
sub-019,curdwithchives,1
sub-019,snackmix,2
sub-019,strawberrytartlet,4
sub-019,jaffacookies,3
sub-019,fennel,1
sub-019,vanillaandchocolateicecreamcone,4
sub-019,yellowbellpepper,1
sub-019,meatpie,1
sub-019,spaghettiwithpesto,1
sub-019,mixedsalad,4
sub-019,donutchocolatetopping,4
sub-019,cherries,4
sub-019,limes,2
sub-019,potatoewedges,4
sub-019,wildberriesmix,4
sub-019,yellowbellpeppersliced,1
sub-019,potatoes,1
sub-019,toffifayfilledcaramelcup,3
sub-019,pastameal,3
sub-019,avocado,1
sub-019,kohlrabi,2
sub-019,pastabake,3
sub-019,pastries,4
sub-019,oranges,4
sub-019,knuckleofporkwithsauerkraut,2
sub-019,germankrapfen,2
sub-019,cookedhamcut,2
sub-019,headoficeberglettuce,1
sub-019,hamsandwich,3
sub-019,wildberriesmix,4
sub-019,croissants,2
sub-019,chocolateandstrawberryicecream,3
sub-019,radishes,1
sub-019,raffaelococonutwaferballs,1
sub-019,banana,2
sub-019,hamsandwich,2
sub-019,roll,2
sub-019,glassofwhitewine,2
sub-019,sausagesfrankfurter,2
sub-019,greenchili,1
sub-019,crackers,3
sub-019,salamiroastedhamandcheese,2
sub-019,carrots,2
sub-019,donerkebab,3
sub-019,chocolatemuffin,3
sub-019,glassofgherkins,1
sub-019,wafflewithwhippedcream,2
sub-019,pizzawithsalami,2
sub-019,paprikapeppersredyelloworange,1
sub-019,waterbottle,4
sub-019,gardenradish,1
sub-019,gherkin,1
sub-019,apples,2
sub-019,carrots,1
sub-019,eclair,2
sub-019,fruitmixkiwicherriesstrawberries,4
sub-019,croissants,4
sub-019,sushiwithsalmon,4
sub-019,cucumberslice,2
sub-019,germankrapfen,2
sub-019,cornmaize,2
sub-019,grapesredandwhite,3
sub-019,sproutspotatoescarrots,2
sub-019,raspberrycake,4
sub-019,glassofredwine,2
sub-019,chocolatebar,4
sub-019,apples,1
sub-019,shrimp,3
sub-019,cheeseplatter,1
sub-019,cheeseplatter,2
sub-019,waffle,3
sub-019,artichoke,1
sub-019,nicnaccrustypeanuts,1
sub-019,strawberries,4
sub-019,cakegugelhupf,2
sub-019,crispbreadwithcottagecheese,1
sub-019,icecreamsandwiches,2
sub-019,cookiefilledwithjelly,3
sub-019,cheese,4
sub-019,veggiemixwithdip,3
sub-019,roastbeef,2
sub-019,barofchocolatewithnuts,4
sub-019,chroisant,4
sub-019,somebarsofchocolatestacked,3
sub-019,greenpaprikapeppers,1
sub-019,pancakeswithblueberries,2
sub-019,sausage,2
sub-019,fruitmixnectarinesraspberriescherries,4
sub-019,cheesecakewithcherrytopping,4
sub-019,papaya,4
sub-019,frenchfriesandchickendrumsticks,2
sub-019,lemon,2
sub-019,bowlofsalad,3
sub-019,cutlet,2
sub-019,asparaguswithbechamelsauce,1
sub-019,shashlikwithbakedpotato,2
sub-019,apple,2
sub-019,potatoes,2
sub-019,spinach,4
sub-019,mandarins,4
sub-019,chocolatebarbite,4
sub-019,beansandcarrotscooked,2
sub-019,marblecake,2
sub-019,chocolatebarfilledwithmilkcream,3
sub-019,potatoes,2
sub-019,chinesecabbage,4
sub-019,oranges,4
sub-019,redbellpepper,1
sub-019,pizzasalami,3
sub-019,shashlik,2
sub-019,frenchfries,3
sub-019,kitkatchocolatewaferbars,4
sub-019,spaghettiwithtomatosauce,3
sub-019,camembert,1
sub-019,toastwhitebread,2
sub-019,lasagna,2
sub-019,ricewaffles,2
sub-019,strawberryicecreamcone,4
sub-019,salmonsushi,4
sub-019,blackforestcake,2
sub-019,gooseroasted,2
sub-019,hardcandies,1
sub-019,cheeseplatter,2
sub-019,mixedvegetables,3
sub-019,tortellini,2
sub-019,hotdog,2
sub-019,donerkebab,2
sub-019,chocolatecake,3
sub-019,loafofbread,2
sub-019,carrotscooked,1
sub-019,lollipops,1
sub-019,eggboiled,1
sub-019,fishsandwich,2
sub-019,roastbeef,1
sub-019,greenbellpepper,4
sub-019,olives,1
sub-019,sausages,2
sub-019,brusselssprouts,2
sub-019,rigatoniwithvegetable,1
sub-019,cheeseburger,4
sub-019,winegum,1
sub-019,chocolateandvanillaicecream,4
sub-020,sproutspotatoescarrots,2
sub-020,muffins,4
sub-020,pastries,4
sub-020,tomatoes,2
sub-020,lollipops,1
sub-020,redpaprikapeppers,2
sub-020,cutlet,4
sub-020,chickenroasted,4
sub-020,kiwi,2
sub-020,saladplate,3
sub-020,chocolatecandybar,3
sub-020,cucumberwithslices,2
sub-020,lasagna,4
sub-020,soybeansprouts,2
sub-020,rasberries,3
sub-020,pizzahamandmushrooms,4
sub-020,potatogratin,4
sub-020,pretzels,4
sub-020,cookedhamcut,4
sub-020,walnuts,2
sub-020,cheeseplatter,3
sub-020,emmentalercheese,3
sub-020,cheeseburger,4
sub-020,christmassweets,3
sub-020,papaya,2
sub-020,sachercake,4
sub-020,kohlrabi,2
sub-020,pastawithbacon,4
sub-020,doughnutdonutplain,4
sub-020,mashedpotatoes,3
sub-020,somedifferentcakewedges,4
sub-020,croissants,4
sub-020,yellowbellpeppersliced,2
sub-020,chocolateandvanillaicecream,3
sub-020,peascornandpotatos,2
sub-020,cake,4
sub-020,raspberrycreamcake,4
sub-020,breakfastcereals,3
sub-020,coloredchocolatebeans,2
sub-020,chocolateandstrawberryicecream,3
sub-020,donutchocolate,4
sub-020,oranges,3
sub-020,wildberriesmix,3
sub-020,redgrapes,3
sub-020,cucumberandcarrot,2
sub-020,mixedvegetables,2
sub-020,popcorn,2
sub-020,cheeseburger,4
sub-020,chocolatepopsicles,2
sub-020,bowlofrice,3
sub-020,shortbread,3
sub-020,peanuts,2
sub-020,sushirolls,4
sub-020,salmon,4
sub-020,peaches,3
sub-020,lemon1half,2
sub-020,frenchtoast,4
sub-020,vegetables,3
sub-020,carambolastarfruit,2
sub-020,cookiesmixed,3
sub-020,minichocolatecakebar,3
sub-020,friedegg,4
sub-020,shortbreads,3
sub-020,hamsandwichwithchips,4
sub-020,grapesred,3
sub-020,spaghettiwithtomatosauce,4
sub-020,roll,4
sub-020,roundshortbreadcookies,3
sub-020,strawberryhalf,3
sub-020,donutwithchocolatesprinkles,4
sub-020,potatoes,4
sub-020,zucchini,2
sub-020,mixedvegetables,2
sub-020,baguette,1
sub-020,lettucelollorosso,2
sub-020,roastedchicken,4
sub-020,crispbread,3
sub-020,chocolatebarbroken,3
sub-020,barofchocolatewithnuts,3
sub-020,lettuceiceberg,2
sub-020,spinach,2
sub-020,vegetables,3
sub-020,breads,4
sub-020,nutscashews,3
sub-020,waffle,4
sub-020,crispbreadwithcottagecheese,3
sub-020,paprikapeppersredyelloworange,2
sub-020,chives,2
sub-020,shashlikwithbakedpotato,4
sub-020,pears,3
sub-020,steak,4
sub-020,greenchili,3
sub-020,apples,3
sub-020,mixedlicorice,3
sub-020,piecesoffruit,3
sub-020,cheeseplatter,3
sub-020,raspberrycake,4
sub-020,cheeseburgerfrenchfries,4
sub-020,greenapple,3
sub-020,headofgreenlettuce,3
sub-020,frenchfrieschicken,4
sub-020,icecreamwithchocolatebeans,3
sub-020,cheeseburgerfrenchfriesandcola,4
sub-020,pizzaveggiecheese,4
sub-020,lasagna,4
sub-020,winegum,3
sub-020,icecreamsandwiches,3
sub-020,glassofwhitewine,2
sub-020,bowlofmuesligranola,4
sub-020,minicookieswithchocolateononeside,3
sub-020,banana,3
sub-020,cornonacob,3
sub-020,chocolatecookies,3
sub-020,gooseroasted,4
sub-020,strawberrycake,4
sub-020,fruits,3
sub-020,piecesofchocolate,3
sub-020,pizzasalami,4
sub-020,greenbellpepper,2
sub-020,toffifayfilledcaramelcup,3
sub-020,tomato,3
sub-020,beefsteakraw,4
sub-020,waterbottle,2
sub-020,chickenraw,4
sub-020,chocolatecreamcake,4
sub-020,hamsandwich,4
sub-020,cakewithpowderedsugar,4
sub-020,potatoes,3
sub-020,olives,3
sub-020,shrimp,4
sub-020,pickles,3
sub-020,grapes,4
sub-020,mixedvegetables,2
sub-020,vienneseschnitzelwithpotatoes,4
sub-020,beefsteakraw,4
sub-020,chocolatebiscuit,3
sub-020,artichoke,3
sub-020,lemon,2
sub-020,donerkebab,4
sub-020,strawberries,3
sub-020,chinesecabbage,3
sub-020,fennel,2
sub-020,sundae,4
sub-020,hazelnut,3
sub-020,glassofgherkins,2
sub-020,blackforestcake,4
sub-020,roulade,4
sub-020,flatcakewithsalad,3
sub-020,liversausage,4
sub-020,hamsandwich,4
sub-020,pancakewithfruits,4
sub-020,beefsteakraw,4
sub-020,chocolatecake,4
sub-020,greenasparagus,2
sub-020,donutsandpastries,4
sub-020,sachercake,4
sub-020,eggsineggboard,3
sub-020,glassoforangejuice,3
sub-020,wildberriesmix,3
sub-020,filletofporkgrilled,4
sub-020,leek,3
sub-020,appledanish,4
sub-020,cakegugelhupf,3
sub-020,germankrapfen,4
sub-020,hamandcheesesandwich,4
sub-020,sushiwithsalmon,4
sub-020,chocolatecake,4
sub-020,veggiemixwithdip,3
sub-020,fruitmixnectarinesraspberriescherries,3
sub-020,edamcheese,3
sub-020,donutchocolatetopping,4
sub-020,croissantwithbutterandjam,4
sub-020,cherries,2
sub-020,chocolatecake,4
sub-020,ricewaffles,3
sub-020,somebarsofchocolatestacked,3
sub-020,gherkin,3
sub-020,cookiesoreos,3
sub-020,honeydewmelon,3
sub-020,raspberries,3
sub-020,toastwhitebread,4
sub-020,cremebrulee,4
sub-020,mmspeanut,2
sub-020,pineapple,3
sub-020,chroisant,3
sub-020,salamisausage,4
sub-020,openedchipsbag,3
sub-020,hamsandwich,4
sub-020,croissants,4
sub-020,gummicandycola,3
sub-020,pretzelsticks,3
sub-020,hamburger,4
sub-020,frenchfries,3
sub-020,crispbread,2
sub-020,muffins,4
sub-020,oranges,2
sub-020,pralines,3
sub-020,salmonsushi,4
sub-020,chocolatemuffin,4
sub-020,cake,4
sub-020,sushi,4
sub-020,avocado,3
sub-020,creamcakewithfruits,4
sub-020,raspberries,3
sub-020,loafofbread,3
sub-020,rissole,4
sub-020,grapes,3
sub-020,greenpaprikapeppers,2
sub-020,chiccory,2
sub-020,apples,4
sub-020,pineapple,3
sub-020,fennel,2
sub-020,carrots,3
sub-020,bowlofsalad,2
sub-020,croissant,4
sub-020,asparagus,2
sub-020,cheeseburger,4
sub-020,pancakeswithblueberries,4
sub-020,hazelnuts,1
sub-020,pastriesanddonuts,4
sub-020,fruits,4
sub-020,minichocolatemarshmallows,3
sub-020,pizzawithsalami,4
sub-020,lemoncake,4
sub-020,oranges,3
sub-020,challahbraidedyeastbunwithraisins,4
sub-020,germankrapfen,4
sub-020,headoficeberglettuce,2
sub-020,saladplate,3
sub-020,sundaepeach,4
sub-020,cauliflower,2
sub-020,wienerschnitzel,4
sub-020,troutwithpotatoespanfried,4
sub-020,crispbreadwithcottagecheese,4
sub-020,watermelon,3
sub-020,cherries,3
sub-020,mixedvegetables,2
sub-020,chips,3
sub-020,croissants,4
sub-020,parsley,2
sub-020,frenchcruller,4
sub-020,challahbraidedyeastbun,4
sub-020,filledchocolates,3
sub-020,pear,3
sub-020,avocado,3
sub-020,strawberryicecreamcone,2
sub-020,nectarines,3
sub-020,pears,3
sub-020,vanillaicecream,2
sub-020,bowlofmuesligranola,3
sub-020,sausagesfrankfurter,4
sub-020,mixedvegetablescooked,2
sub-020,cheeseburger,4
sub-020,croissants,4
sub-020,cake,4
sub-020,hardcandies,3
sub-020,cheese,4
sub-020,spaghettiwithpesto,4
sub-020,mixedvegetables,3
sub-020,grapewhites,3
sub-020,pomegranate,3
sub-020,toast,4
sub-020,chocolatebarfilledwithmilkcream,3
sub-020,tortillachips,3
sub-020,hamsandwich,4
sub-020,greenonionshallot,2
sub-020,muffinwithgreentopping,4
sub-020,chickenfilletsgrilled,4
sub-020,walnut,2
sub-020,raspberrycake,4
sub-020,mushroomswhite,3
sub-020,carrots,3
sub-020,greenbeans,2
sub-020,redchilli,2
sub-020,sausages,4
sub-020,gardenradish,3
sub-020,bagel,4
sub-020,chocolatepieces,3
sub-020,marblecake,4
sub-020,zucchini,3
sub-020,cheese,4
sub-020,strawberries,3
sub-020,mueslibaroatmeal,4
sub-020,sugarsnappea,2
sub-020,ravioli,4
sub-020,glassofbeer,3
sub-020,jellycandies,3
sub-020,potatoes,3
sub-020,tomatoes,3
sub-020,briecheese,3
sub-020,mixedvegetables,2
sub-020,saladplate,3
sub-020,salmonwithvegetablesgrilled,4
sub-020,mixedsalad,3
sub-020,cookiesfilledwithchocolatecream,3
sub-020,chipsfrenchfries,3
sub-020,tomatosliced,3
sub-020,kiwis,2
sub-020,gummicandygoldbears,2
sub-020,papaya,3
sub-020,roastbeef,4
sub-020,sushirollwithcucumber,4
sub-020,redbellpepper,2
sub-020,pretzel,2
sub-020,onion,3
sub-020,hardcandies,4
sub-020,raspberrycake,4
sub-020,carrotscooked,3
sub-020,pizzaslicesassorted,4
sub-020,asparaguswithbechamelsauce,2
sub-020,strawberries,3
sub-020,smokedhambacon,4
sub-020,peapod,2
sub-020,pineapple,3
sub-020,hamsandwichwithchips,4
sub-020,chocolatepopsiclewithnuts,2
sub-020,lemons,2
sub-020,friedsausagewithroll,4
sub-020,blacklicoricewheels,1
sub-020,jaffacookies,3
sub-020,cookiesfilledwithchocolatecream,3
sub-020,doughnutdonuticing,4
sub-020,croissants,4
sub-020,cauliflower,2
sub-020,pastameal,4
sub-020,kitkatchocolatewaferbars,3
sub-020,cheesecake,4
sub-020,tagliatelle,3
sub-020,eggboiled,3
sub-020,curdwithchives,3
sub-020,shashlik,4
sub-020,salmon,4
sub-020,toastwithjam,4
sub-020,springonions,3
sub-020,frankfurtcrowncake,4
sub-020,plateofsalad,3
sub-020,icecream,4
sub-020,fruitcake,4
sub-020,cookiemix,4
sub-020,germankrapfen,4
sub-020,camembert,3
sub-020,chocolatecake,4
sub-020,brusselssprouts,2
sub-020,peanutpuffs,3
sub-020,salamiroastedhamandcheese,4
sub-020,cheddarcheese,3
sub-020,bread,4
sub-020,tunasandwiches,4
sub-020,cookie,3
sub-020,cookie,4
sub-020,puffedricecoveredinchocolate,3
sub-020,bloodoranges,3
sub-020,blueberryastrawberrytartlet,4
sub-020,steakwithbackedpotatoandvegetables,4
sub-020,cauliflower,2
sub-020,artichoke,2
sub-020,sliceofbreadtoppedwithchocolatecream,4
sub-020,mixedsalad,3
sub-020,breadroll,3
sub-020,wildberriesmix,3
sub-020,sundaewithraspberries,3
sub-020,frenchfriesandchickendrumsticks,4
sub-020,crispbreadwithcookedham,3
sub-020,raspberrycreamcake,4
sub-020,headofcabbage,2
sub-020,cookiefilledwithjelly,3
sub-020,toblerone,3
sub-020,fruitmixkiwicherriesstrawberries,3
sub-020,fruitplatemelonpineapplegrapes,3
sub-020,eclair,4
sub-020,doughnutdonutjam,4
sub-020,chocolatemarshmallows,3
sub-020,peach,3
sub-020,potatoesandcorn,3
sub-020,spareribswithfrenchfriesandsalad,4
sub-020,germankrapfen,4
sub-020,cornflakesandalmondscoveredinchocolate,3
sub-020,applepie,4
sub-020,strawberrytartlet,4
sub-020,chocolatebarfilledwithstrawberryandyogurtcream,3
sub-020,sausage,4
sub-020,spaghettibolognese,4
sub-020,roll,4
sub-020,cucumberslice,2
sub-020,hotdog,4
sub-020,blueberries,3
sub-020,bagelswithsesameandpoppyseed,4
sub-020,fishsticks,4
sub-020,browniewithnuts,4
sub-020,filledroulade,4
sub-020,nutscoveredinchocolate,3
sub-020,tomatoandmozzarella,3
sub-020,roastpotatoes,4
sub-020,cheeseplatter,3
sub-020,openedbarofchocolatewithnuts,3
sub-020,blackberry,3
sub-020,banana,3
sub-020,brusselssprouts,2
sub-020,apple,3
sub-020,headofgreenlettuce,2
sub-020,mixedvegetables,3
sub-020,espresso,2
sub-020,celery,2
sub-020,bread,4
sub-020,strawberrycake,4
sub-020,hamburgerwithbacon,4
sub-020,watermelon,3
sub-020,cake,4
sub-020,meatballspatties,3
sub-020,donut,4
sub-020,arugula,2
sub-020,cheeseburgerfrenchfriesandcola,4
sub-020,pinenuts,3
sub-020,filledwaffles,4
sub-020,muffin,4
sub-020,pastabake,4
sub-020,burgerpattywithfrenchfriesandsalad,4
sub-020,cakewithtangerines,4
sub-020,raspberrycandies,1
sub-020,fishwithvegetablesgrilled,4
sub-020,marshmallowsflat,3
sub-020,yellowbellpepper,2
sub-020,glassofredwine,2
sub-020,chocolatepopsiclewithnuts,2
sub-020,gummibearswithextrasugar,2
sub-020,doughnutdonutchocolate,3
sub-020,chocolatecookie,3
sub-020,roastpork,4
sub-020,grapeswhite,3
sub-020,sandwichroastbeef,4
sub-020,cookedham,4
sub-020,rollsinabasket,4
sub-020,wildberriesmix,3
sub-020,chocolatemuffin,4
sub-020,fishsandwich,4
sub-020,bowlofsalad,2
sub-020,peanuts,2
sub-020,cheesecakewithstrawberriesandcrumbles,4
sub-020,cake,4
sub-020,bowlofrice,4
sub-020,grapefruit,3
sub-020,rusk,4
sub-020,vanillaicecreamcone,3
sub-020,redcabbage,2
sub-020,orange,3
sub-020,frenchfries,4
sub-020,rigatoniwithvegetable,3
sub-020,paprikapeppersredgreenyellow,3
sub-020,chocolatecakewithnuts,4
sub-020,chocolatecookie,3
sub-020,pastabake,4
sub-020,carrots,3
sub-020,veggiemixcucumbertomatopeppers,3
sub-020,figs,3
sub-020,spaghettiwithtomatosauce,3
sub-020,chocolatecake,4
sub-020,spinach,2
sub-020,tortellini,3
sub-020,chocolatemuffin,4
sub-020,filledcookiewithwalnut,3
sub-020,cornmaize,3
sub-020,chips,3
sub-020,glassofbeer,2
sub-020,cornflakeswithmilk,4
sub-020,chocolatebar,3
sub-020,lattemacchiato,3
sub-020,snackmix,3
sub-020,platewithrawhamburgerpattiesandsausages,4
sub-020,barofchocolate,3
sub-020,chocolatemuffin,4
sub-020,spareribswithfrenchfriesandsalad,4
sub-020,cappuccino,3
sub-020,marblecake,4
sub-020,hardcandies,2
sub-020,broccoli,2
sub-020,mushroomsbrown,2
sub-020,hotdog,4
sub-020,hotdog,4
sub-020,nicnaccrustypeanuts,3
sub-020,carrots,2
sub-020,camembert,3
sub-020,fruitsalad,3
sub-020,chocolatecroissants,4
sub-020,popcorn,3
sub-020,spinachpotatoecasserole,4
sub-020,grapesredandwhite,3
sub-020,croissant,4
sub-020,salmon,4
sub-020,limes,3
sub-020,gherkinsliced,2
sub-020,cherry,3
sub-020,apples,3
sub-020,quiche,4
sub-020,peanuts,3
sub-020,knuckleofporkwithsauerkraut,4
sub-020,strawberrycreamcake,4
sub-020,crackers,3
sub-020,wafflewithwhippedcream,4
sub-020,spaghettiwithtomatosauce,4
sub-020,cheeseandcoldmeatplatter,3
sub-020,ravioli,4
sub-020,marzipanchocolate,4
sub-020,gummicandyandlicoricemix,2
sub-020,lollipops,1
sub-020,cake,4
sub-020,meatpie,4
sub-020,bagelwithcreamcheeseandvegetables,4
sub-020,oranges,3
sub-020,muffins,4
sub-020,pizzawithmushroomsandbellpepper,4
sub-020,cake,4
sub-020,raffaelococonutwaferballs,3
sub-020,redcurrants,3
sub-020,cheesecakewithcherrytopping,4
sub-020,wildberriesmix,3
sub-020,saladplate,3
sub-020,cantaloup,3
sub-020,pancakes,4
sub-020,apples,3
sub-020,pistachios,3
sub-020,creamroll,4
sub-020,cakewithgelatinizedfruits,4
sub-020,mandarins,3
sub-020,pizzawithmushrooms,4
sub-020,strawberries,3
sub-020,meatfilletsandvegetablesgrilled,4
sub-020,cheeseplatter,3
sub-020,roastbeef,4
sub-020,cheese,4
sub-020,tomatoes,3
sub-020,gardenradish,3
sub-020,chips,3
sub-020,donerkebab,4
sub-020,tomatoandmozzarellaskewer,3
sub-020,canardroasted,4
sub-020,vienneseschnitzel,4
sub-020,stracciatellacake,4
sub-020,chocolatebarbite,3
sub-020,almonds,3
sub-020,steakwithbackedpotatoandvegetables,4
sub-020,cookies,3
sub-020,crispreadwithcottagecheese,3
sub-020,peascooked,1
sub-020,grilledbavariansausage,4
sub-020,waffles,4
sub-020,spaghetti,2
sub-020,meatpie,4
sub-020,cutlet,4
sub-020,barsofwhitechocolate,3
sub-021,veggiemixcucumbertomatopeppers,2
sub-021,ravioli,1
sub-021,cheeseburgerfrenchfriesandcola,4
sub-021,muffins,2
sub-021,pastabake,4
sub-021,pineapple,1
sub-021,peach,1
sub-021,zucchini,2
sub-021,greenchili,2
sub-021,cookedhamcut,3
sub-021,blacklicoricewheels,1
sub-021,glassofwhitewine,2
sub-021,carrotscooked,2
sub-021,radishes,1
sub-021,spinach,2
sub-021,chickenfilletsgrilled,3
sub-021,frenchfrieschicken,4
sub-021,pizzahamandmushrooms,4
sub-021,toast,3
sub-021,crispbreadwithcottagecheese,1
sub-021,piecesofchocolate,3
sub-021,papaya,1
sub-021,lollipops,1
sub-021,quiche,4
sub-021,marshmallowsflat,2
sub-021,roundshortbreadcookies,3
sub-021,chocolatepopsicles,2
sub-021,fennel,1
sub-021,vanillaicecream,3
sub-021,chocolatebarbroken,2
sub-021,breads,2
sub-021,salmonsushi,4
sub-021,loafofbread,2
sub-021,greenapple,2
sub-021,potatoewedges,4
sub-021,croissants,3
sub-021,chipsfrenchfries,3
sub-021,smokedhambacon,3
sub-021,greenbellpepper,2
sub-021,banana,3
sub-021,cookiesmixed,2
sub-021,lemoncake,2
sub-021,blackforestcake,2
sub-021,platewithrawhamburgerpattiesandsausages,2
sub-021,peapod,2
sub-021,pancakewithfruits,4
sub-021,cauliflower,1
sub-021,tomatosliced,3
sub-021,pinenuts,1
sub-021,strawberrytartlet,3
sub-021,eggboiled,2
sub-021,cakewithtangerines,3
sub-021,burgerpattywithfrenchfriesandsalad,4
sub-021,donerkebab,4
sub-021,openedbarofchocolatewithnuts,1
sub-021,beefsteakraw,3
sub-021,tagliatelle,2
sub-021,carambolastarfruit,1
sub-021,brusselssprouts,2
sub-021,cheese,3
sub-021,croissants,3
sub-021,vienneseschnitzelwithpotatoes,3
sub-021,cremebrulee,3
sub-021,shortbreads,3
sub-021,chocolatecake,2
sub-021,shrimp,3
sub-021,grapesredandwhite,3
sub-021,edamcheese,2
sub-021,roastpork,4
sub-021,meatfilletsandvegetablesgrilled,4
sub-021,shashlik,4
sub-021,applepie,2
sub-021,blackberries,1
sub-021,figs,2
sub-021,gummibearswithextrasugar,2
sub-021,potatogratin,3
sub-021,waffles,4
sub-021,pickles,3
sub-021,cheese,1
sub-021,hamsandwichwithchips,2
sub-021,spinachpotatoecasserole,2
sub-021,cookedham,2
sub-021,tomatoes,2
sub-021,nicnaccrustypeanuts,3
sub-021,sushirollwithcucumber,3
sub-021,raspberrycake,2
sub-021,breakfastcereals,1
sub-021,openedchipsbag,3
sub-021,crispreadwithcottagecheese,1
sub-021,sausage,2
sub-021,croissant,4
sub-021,peanuts,1
sub-021,cornflakeswithmilk,2
sub-021,greenasparagus,1
sub-021,crispbreadwithcottagecheese,1
sub-021,cakewithgelatinizedfruits,2
sub-021,icecream,2
sub-021,mixedlicorice,1
sub-021,vegetables,2
sub-021,mushroomsbrown,1
sub-021,potatoes,1
sub-021,challahbraidedyeastbun,2
sub-021,frenchtoast,4
sub-021,roll,1
sub-021,glassofbeer,1
sub-021,liversausage,2
sub-021,apples,2
sub-021,bowlofsalad,3
sub-021,cookies,3
sub-021,peanuts,2
sub-021,chocolatecake,2
sub-021,limes,1
sub-021,gherkin,2
sub-021,strawberries,1
sub-021,kitkatchocolatewaferbars,2
sub-021,cheddarcheese,1
sub-021,artichoke,1
sub-021,pizzasalami,4
sub-021,mixedvegetables,2
sub-021,kohlrabi,1
sub-021,browniewithnuts,3
sub-021,barofchocolate,2
sub-021,chocolatemuffin,2
sub-021,toffifayfilledcaramelcup,1
sub-021,redchilli,1
sub-021,meatballspatties,2
sub-021,cheeseburger,4
sub-021,chocolatebarbite,3
sub-021,avocado,1
sub-021,sproutspotatoescarrots,1
sub-021,spaghettiwithpesto,3
sub-021,vanillaicecreamcone,3
sub-021,bowlofmuesligranola,4
sub-021,glassofbeer,1
sub-021,chocolatebiscuit,2
sub-021,camembert,2
sub-021,sundaepeach,2
sub-021,fishwithvegetablesgrilled,3
sub-021,salamisausage,2
sub-021,gummicandycola,2
sub-021,donutsandpastries,3
sub-021,strawberryicecreamcone,2
sub-021,chocolatecake,2
sub-021,filledwaffles,1
sub-021,walnuts,1
sub-021,plateofsalad,2
sub-021,roastedchicken,4
sub-021,glassofgherkins,2
sub-021,pancakes,4
sub-021,cornflakesandalmondscoveredinchocolate,3
sub-021,chocolateandvanillaicecream,2
sub-021,rasberries,1
sub-021,romanlettuce,2
sub-021,germankrapfen,4
sub-021,orange,2
sub-021,cheese,3
sub-021,artichoke,2
sub-021,roastbeef,4
sub-021,sachercake,2
sub-021,cheeseplatter,1
sub-021,pear,1
sub-021,salmonwithvegetablesgrilled,4
sub-021,cheeseburgerfrenchfriesandcola,4
sub-021,troutwithpotatoespanfried,4
sub-021,tomatoes,2
sub-021,friedegg,4
sub-021,raspberries,1
sub-021,meatpie,1
sub-021,carrots,1
sub-021,cheeseplatter,1
sub-021,headoficeberglettuce,2
sub-021,mixedvegetables,2
sub-021,bowlofrice,3
sub-021,pastriesanddonuts,3
sub-021,lattemacchiato,1
sub-021,cakegugelhupf,3
sub-021,creamcakewithfruits,2
sub-021,cucumberandcarrot,2
sub-021,bread,2
sub-021,lemons,1
sub-021,rusk,4
sub-021,marzipanchocolate,2
sub-021,mixedsalad,3
sub-021,salmon,4
sub-021,paprikapeppersredgreenyellow,1
sub-021,blueberries,3
sub-021,pastameal,4
sub-021,roastbeef,3
sub-021,oranges,3
sub-021,blackberry,2
sub-021,cauliflower,2
sub-021,sausages,1
sub-021,jellycandies,1
sub-021,nectarines,2
sub-021,doughnutdonutjam,1
sub-021,mushroomswhite,1
sub-021,winegum,1
sub-021,minicookieswithchocolateononeside,2
sub-021,chocolatecake,2
sub-021,cucumberwithslices,2
sub-021,canardroasted,3
sub-021,glassoforangejuice,2
sub-021,redpaprikapeppers,1
sub-021,cakewithpowderedsugar,1
sub-021,cake,1
sub-021,minichocolatecakebar,1
sub-021,challahbraidedyeastbunwithraisins,2
sub-021,chiccory,1
sub-021,saladplate,3
sub-021,salmon,1
sub-021,fruitcake,1
sub-021,saladplate,3
sub-021,pineapple,2
sub-021,germankrapfen,1
sub-021,jaffacookies,1
sub-021,pastries,1
sub-021,grapefruit,2
sub-021,carrots,1
sub-021,cantaloup,1
sub-021,arugula,1
sub-021,fennel,1
sub-021,watermelon,2
sub-021,germankrapfen,1
sub-021,cheeseburger,2
sub-021,chips,2
sub-021,gherkinsliced,2
sub-021,mixedvegetables,2
sub-021,redgrapes,3
sub-021,greenbeans,1
sub-021,peanuts,1
sub-021,fishsandwich,2
sub-021,roulade,3
sub-021,strawberries,3
sub-021,yellowbellpepper,1
sub-021,sugarsnappea,1
sub-021,rigatoniwithvegetable,2
sub-021,pizzaveggiecheese,2
sub-021,tomatoes,2
sub-021,baguette,1
sub-021,bloodoranges,3
sub-021,chocolatemuffin,2
sub-021,snackmix,3
sub-021,cheesecakewithcherrytopping,1
sub-021,potatoes,1
sub-021,raspberrycandies,1
sub-021,doughnutdonutplain,3
sub-021,asparagus,1
sub-021,beefsteakraw,1
sub-021,piecesoffruit,3
sub-021,sundaewithraspberries,2
sub-021,chocolatetruffle,3
sub-021,onion,2
sub-021,chips,1
sub-021,coloredchocolatebeans,1
sub-021,springonions,3
sub-021,tomatoandmozzarella,4
sub-021,icecreamwithchocolatebeans,2
sub-021,spinach,3
sub-021,gardenradish,2
sub-021,cheesecakewithstrawberriesandcrumbles,2
sub-021,sachercake,1
sub-021,hotdog,2
sub-021,strawberries,3
sub-021,cookiesfilledwithchocolatecream,2
sub-021,fruitmixkiwicherriesstrawberries,3
sub-021,cookie,2
sub-021,chickenroasted,3
sub-021,chocolatepieces,2
sub-021,kiwi,3
sub-021,crispbreadwithcookedham,2
sub-021,filledchocolates,2
sub-021,popcorn,2
sub-021,muffins,2
sub-021,grapeswhite,3
sub-021,salamiroastedhamandcheese,2
sub-021,donutchocolate,2
sub-021,strawberrycreamcake,2
sub-021,hotdog,3
sub-021,mueslibaroatmeal,2
sub-021,headofgreenlettuce,3
sub-021,mixedvegetables,2
sub-021,wafflewithwhippedcream,3
sub-021,croissants,4
sub-021,ricewaffles,1
sub-021,glassofredwine,2
sub-021,frenchfries,2
sub-021,spaghettiwithtomatosauce,2
sub-021,fruits,1
sub-021,fruitplatemelonpineapplegrapes,1
sub-021,espresso,2
sub-021,blueberryastrawberrytartlet,2
sub-021,chocolatebarfilledwithmilkcream,2
sub-021,mixedvegetablescooked,2
sub-021,cheeseburgerfrenchfries,2
sub-021,donerkebab,1
sub-021,bagel,2
sub-021,raspberrycreamcake,2
sub-021,sandwichroastbeef,3
sub-021,muffinwithgreentopping,2
sub-021,honeydewmelon,1
sub-021,pineapple,1
sub-021,wildberriesmix,2
sub-021,cake,2
sub-021,pizzaslicesassorted,3
sub-021,peanutpuffs,1
sub-021,donutwithchocolatesprinkles,2
sub-021,paprikapeppersredyelloworange,1
sub-021,hazelnut,1
sub-021,celery,2
sub-021,tunasandwiches,3
sub-021,chocolatebar,2
sub-021,chickenraw,2
sub-021,gummicandygoldbears,1
sub-021,cookiesfilledwithchocolatecream,1
sub-021,marblecake,2
sub-021,cake,2
sub-021,papaya,2
sub-021,hamburgerwithbacon,3
sub-021,grapewhites,4
sub-021,mixedvegetables,2
sub-021,chocolatepopsiclewithnuts,1
sub-021,pomegranate,2
sub-021,chips,2
sub-021,chocolatecookies,2
sub-021,cauliflower,2
sub-021,beansandcarrotscooked,2
sub-021,icecreamsandwiches,1
sub-021,strawberrycake,1
sub-021,sushi,2
sub-021,pastabake,3
sub-021,chocolatecookie,2
sub-021,meatpie,1
sub-021,waffle,1
sub-021,chocolatemarshmallows,1
sub-021,pears,1
sub-021,chips,2
sub-021,redbellpepper,2
sub-021,cherry,3
sub-021,saladplate,4
sub-021,raspberrycake,2
sub-021,artichoke,1
sub-021,pizzawithsalami,1
sub-021,sushirolls,2
sub-021,chocolatemuffin,2
sub-021,spaghettiwithtomatosauce,2
sub-021,oranges,4
sub-021,chocolatebarfilledwithstrawberryandyogurtcream,1
sub-021,pizzawithsalami,4
sub-021,zucchini,2
sub-021,crackers,1
sub-021,rasberry,1
sub-021,sliceofbreadtoppedwithchocolatecream,3
sub-021,broccoli,2
sub-021,sushiwithsalmon,4
sub-021,appledanish,2
sub-021,apples,2
sub-021,frankfurtcrowncake,1
sub-021,mandarins,3
sub-021,stracciatellacake,1
sub-021,crispbread,2
sub-021,roll,2
sub-021,friedsausagewithroll,4
sub-021,vanillaandchocolateicecreamcone,1
sub-021,briecheese,4
sub-021,peascooked,3
sub-021,pretzel,3
sub-021,somedifferentcakewedges,2
sub-021,steakwithbackedpotatoandvegetables,3
sub-021,christmassweets,2
sub-021,mmspeanut,1
sub-021,chocolatecake,3
sub-021,asparaguswithbechamelsauce,4
sub-021,eggsineggboard,3
sub-021,chocolatecreamcake,4
sub-021,carrots,2
sub-021,chocolateandstrawberryicecream,1
sub-021,cutlet,4
sub-021,carrots,2
sub-021,mixedvegetables,3
sub-021,tortillachips,2
sub-021,tomatoandmozzarellaskewer,2
sub-021,crispbread,2
sub-021,mixedsalad,1
sub-021,hardcandies,2
sub-021,somebarsofchocolatestacked,2
sub-021,sundae,1
sub-021,toastwithjam,3
sub-021,squashpumpkin,3
sub-021,fishsticks,2
sub-021,wildberriesmix,3
sub-021,oranges,2
sub-021,cutlet,3
sub-021,germankrapfen,3
sub-021,bowlofrice,2
sub-021,marblecake,1
sub-021,spaghetti,2
sub-021,apples,2
sub-021,hamsandwich,3
sub-021,creamroll,2
sub-021,fruitsalad,3
sub-021,chocolatecroissants,3
sub-021,muffins,2
sub-021,cornmaize,1
sub-021,filletofporkgrilled,4
sub-021,lemon,1
sub-021,fruitmixnectarinesraspberriescherries,2
sub-021,hamsandwich,3
sub-021,chinesecabbage,2
sub-021,doughnutdonuticing,1
sub-021,popcorn,2
sub-021,hotdog,3
sub-021,gummicandyandlicoricemix,2
sub-021,apples,2
sub-021,spaghettibolognese,2
sub-021,lettuceiceberg,2
sub-021,croissantwithbutterandjam,2
sub-021,pastabake,3
sub-021,potatoesandcorn,1
sub-021,lollipops,1
sub-021,waterbottle,2
sub-021,knuckleofporkwithsauerkraut,2
sub-021,grapes,3
sub-021,soybeansprouts,2
sub-021,saladplate,1
sub-021,nutscoveredinchocolate,2
sub-021,headofcabbage,2
sub-021,raffaelococonutwaferballs,1
sub-021,curdwithchives,2
sub-021,grapes,3
sub-021,cookie,1
sub-021,chocolatepopsiclewithnuts,1
sub-021,rissole,1
sub-021,frenchfriesandchickendrumsticks,3
sub-021,chroisant,3
sub-021,cake,2
sub-021,cornonacob,2
sub-021,steak,4
sub-021,pistachios,1
sub-021,raspberrycake,1
sub-021,spareribswithfrenchfriesandsalad,3
sub-021,cheeseplatter,1
sub-021,olives,2
sub-021,lasagna,2
sub-021,cake,1
sub-021,lasagna,2
sub-021,frenchcruller,2
sub-021,fruits,1
sub-021,cheeseandcoldmeatplatter,1
sub-021,peascornandpotatos,1
sub-021,cheeseburger,2
sub-021,sausagesfrankfurter,2
sub-021,lemon1half,1
sub-021,banana,1
sub-021,strawberrycake,2
sub-021,cappuccino,1
sub-021,wienerschnitzel,3
sub-021,camembert,1
sub-021,peaches,2
sub-021,croissants,1
sub-021,avocado,1
sub-021,hazelnuts,1
sub-021,banana,1
sub-021,watermelon,1
sub-021,grilledbavariansausage,1
sub-021,hamburger,2
sub-021,cookiefilledwithjelly,1
sub-021,walnut,1
sub-021,chocolatecookie,2
sub-021,toastwhitebread,1
sub-021,hamsandwich,2
sub-021,muffin,2
sub-021,cake,2
sub-021,filledcookiewithwalnut,1
sub-021,wildberriesmix,1
sub-021,veggiemixwithdip,2
sub-021,chives,1
sub-021,pastawithbacon,3
sub-021,blueberries,2
sub-021,tortellini,2
sub-021,wildberriesmix,1
sub-021,spareribswithfrenchfriesandsalad,3
sub-021,redcurrants,1
sub-021,chocolatecandybar,1
sub-021,greenpaprikapeppers,2
sub-021,wildberriesmix,1
sub-021,rollsinabasket,1
sub-021,croissants,1
sub-021,redcabbage,1
sub-021,headofgreenlettuce,1
sub-021,mixedvegetables,1
sub-021,donut,2
sub-021,cheesecake,3
sub-021,strawberries,2
sub-021,pretzelsticks,1
sub-021,frenchfries,2
sub-021,eclair,1
sub-021,yellowbellpeppersliced,2
sub-021,bowlofsalad,3
sub-021,greenonionshallot,2
sub-021,bagelswithsesameandpoppyseed,2
sub-021,steakwithbackedpotatoandvegetables,2
sub-021,vegetables,2
sub-021,cookiesoreos,2
sub-021,hardcandies,1
sub-021,breadroll,1
sub-021,cheeseburger,3
sub-021,puffedricecoveredinchocolate,1
sub-021,pizzawithmushroomsandbellpepper,3
sub-021,salmon,2
sub-021,apple,2
sub-021,pancakeswithblueberries,1
sub-021,cherries,2
sub-021,butter,1
sub-021,pretzels,2
sub-021,bagelwithcreamcheeseandvegetables,1
sub-021,potatoes,1
sub-021,raspberries,2
sub-021,parsley,2
sub-021,gooseroasted,3
sub-021,minichocolatemarshmallows,1
sub-022,fishsticks,3
sub-022,mixedvegetables,1
sub-022,peanuts,1
sub-022,cake,3
sub-022,peach,1
sub-022,croissant,2
sub-022,lollipops,1
sub-022,cookie,2
sub-022,breakfastcereals,1
sub-022,redcabbage,1
sub-022,grilledbavariansausage,3
sub-022,avocado,1
sub-022,cutlet,4
sub-022,nutscoveredinchocolate,2
sub-022,rollsinabasket,2
sub-022,filledcookiewithwalnut,3
sub-022,fruits,1
sub-022,filledchocolates,4
sub-022,chocolatemarshmallows,3
sub-022,cookiesoreos,4
sub-022,headofgreenlettuce,1
sub-022,cakewithtangerines,3
sub-022,chocolatepopsicles,4
sub-022,sushirolls,4
sub-022,muffins,3
sub-022,bowlofrice,1
sub-022,spaghettiwithtomatosauce,4
sub-022,frenchfries,4
sub-022,donutchocolatetopping,4
sub-022,camembert,3
sub-022,spareribswithfrenchfriesandsalad,4
sub-022,curdwithchives,2
sub-022,gardenradish,1
sub-022,cheeseplatter,4
sub-022,fruitmixkiwicherriesstrawberries,2
sub-022,pears,1
sub-022,cucumberslice,1
sub-022,peapod,1
sub-022,saladplate,1
sub-022,meatballspatties,3
sub-022,friedsausagewithroll,4
sub-022,cookies,2
sub-022,openedchipsbag,3
sub-022,bowlofmuesligranola,1
sub-022,pistachios,2
sub-022,brusselssprouts,1
sub-022,muffins,3
sub-022,sproutspotatoescarrots,1
sub-022,glassofbeer,2
sub-022,tomatoes,1
sub-022,roulade,4
sub-022,pizzawithsalami,4
sub-022,spaghettiwithtomatosauce,3
sub-022,bagel,3
sub-022,spaghettiwithpesto,3
sub-022,oranges,2
sub-022,cantaloup,1
sub-022,piecesoffruit,2
sub-022,waterbottle,1
sub-022,lemon1half,2
sub-022,openedbarofchocolatewithnuts,4
sub-022,cauliflower,1
sub-022,cheeseburger,4
sub-022,saladplate,3
sub-022,chipsfrenchfries,4
sub-022,frankfurtcrowncake,4
sub-022,platewithrawhamburgerpattiesandsausages,2
sub-022,sausages,1
sub-022,mixedsalad,2
sub-022,greenchili,1
sub-022,minichocolatecakebar,4
sub-022,cookiemix,3
sub-022,gummibearswithextrasugar,3
sub-022,wildberriesmix,2
sub-022,sachercake,4
sub-022,challahbraidedyeastbun,2
sub-022,blackberry,2
sub-022,jellycandies,3
sub-022,crispbreadwithcottagecheese,3
sub-022,snackmix,2
sub-022,apple,1
sub-022,cake,3
sub-022,wildberriesmix,2
sub-022,plateofsalad,2
sub-022,celery,1
sub-022,gardenradish,1
sub-022,bowlofrice,1
sub-022,cookiesfilledwithchocolatecream,2
sub-022,cake,4
sub-022,greenbeans,1
sub-022,lattemacchiato,3
sub-022,bread,3
sub-022,oranges,2
sub-022,strawberries,3
sub-022,cheese,3
sub-022,shortbreads,1
sub-022,hamsandwich,3
sub-022,cake,2
sub-022,beefsteakraw,3
sub-022,cookie,3
sub-022,tomato,1
sub-022,greenasparagus,1
sub-022,croissants,2
sub-022,espresso,2
sub-022,headofgreenlettuce,1
sub-022,lemons,2
sub-022,nicnaccrustypeanuts,3
sub-022,knuckleofporkwithsauerkraut,2
sub-022,challahbraidedyeastbunwithraisins,1
sub-022,chinesecabbage,1
sub-022,papaya,1
sub-022,pastameal,4
sub-022,nectarines,1
sub-022,mixedvegetablescooked,1
sub-022,cheese,3
sub-022,watermelon,1
sub-022,grapesred,2
sub-022,hotdog,3
sub-022,chocolatemuffin,2
sub-022,sausagesfrankfurter,1
sub-022,cucumberandcarrot,1
sub-022,cookedhamcut,3
sub-022,cauliflower,1
sub-022,arugula,1
sub-022,glassofgherkins,1
sub-022,artichoke,1
sub-022,greenapple,2
sub-022,hamburger,4
sub-022,filletofporkgrilled,4
sub-022,pineapple,2
sub-022,mushroomswhite,1
sub-022,pizzaslicesassorted,4
sub-022,sundae,4
sub-022,romanlettuce,1
sub-022,artichoke,1
sub-022,cheesecakewithcherrytopping,4
sub-022,blueberries,1
sub-022,sushiwithsalmon,3
sub-022,spinachpotatoecasserole,4
sub-022,pomegranate,1
sub-022,cheesecake,4
sub-022,butter,1
sub-022,croissants,2
sub-022,minicookieswithchocolateononeside,2
sub-022,glassofwhitewine,1
sub-022,cornonacob,2
sub-022,salmon,4
sub-022,cookedham,2
sub-022,brusselssprouts,1
sub-022,headofcabbage,1
sub-022,apples,2
sub-022,chips,3
sub-022,spaghetti,1
sub-022,fishsandwich,4
sub-022,cherry,1
sub-022,salmon,4
sub-022,glassoforangejuice,4
sub-022,ravioli,2
sub-022,steakwithbackedpotatoandvegetables,4
sub-022,shrimp,2
sub-022,croissants,2
sub-022,beefsteakraw,2
sub-022,sushirollwithcucumber,1
sub-022,waffle,4
sub-022,potatoes,1
sub-022,hardcandies,1
sub-022,marshmallowsflat,1
sub-022,wienerschnitzel,3
sub-022,pretzelsticks,2
sub-022,salmon,1
sub-022,pastabake,4
sub-022,springonions,1
sub-022,kitkatchocolatewaferbars,4
sub-022,chocolatecake,4
sub-022,fruitmixnectarinesraspberriescherries,3
sub-022,frenchfriesandchickendrumsticks,4
sub-022,muffinwithgreentopping,2
sub-022,toast,2
sub-022,roastbeef,4
sub-022,lasagna,3
sub-022,hardcandies,1
sub-022,tortellini,1
sub-022,waffles,3
sub-022,bowlofsalad,1
sub-022,honeydewmelon,1
sub-022,cornflakeswithmilk,1
sub-022,raspberrycreamcake,4
sub-022,crackers,1
sub-022,christmassweets,3
sub-022,toastwhitebread,1
sub-022,chocolateandstrawberryicecream,4
sub-022,chocolatepopsiclewithnuts,4
sub-022,roundshortbreadcookies,2
sub-022,frenchtoast,3
sub-022,mixedvegetables,2
sub-022,cucumberwithslices,1
sub-022,apples,1
sub-022,hotdog,2
sub-022,redgrapes,3
sub-022,rigatoniwithvegetable,2
sub-022,hamsandwichwithchips,4
sub-022,pizzawithmushrooms,4
sub-022,chocolatecroissants,3
sub-022,steak,4
sub-022,vienneseschnitzelwithpotatoes,4
sub-022,rasberry,1
sub-022,mixedvegetables,1
sub-022,doughnutdonutjam,4
sub-022,canardroasted,3
sub-022,vanillaandchocolateicecreamcone,3
sub-022,hazelnuts,2
sub-022,eclair,4
sub-022,cheddarcheese,3
sub-022,tomatoandmozzarella,4
sub-022,redbellpepper,1
sub-022,cutlet,4
sub-022,chocolatecake,4
sub-022,grapefruit,2
sub-022,chocolatetruffle,3
sub-022,hardcandies,2
sub-022,tomatoandmozzarellaskewer,3
sub-022,carambolastarfruit,1
sub-022,peascooked,1
sub-022,onion,1
sub-022,wildberriesmix,3
sub-022,carrotscooked,1
sub-022,fruits,2
sub-022,eggboiled,2
sub-022,creamroll,3
sub-022,potatogratin,4
sub-022,wildberriesmix,2
sub-022,chocolateandvanillaicecream,3
sub-022,edamcheese,1
sub-022,strawberries,3
sub-022,peanuts,2
sub-022,kiwi,2
sub-022,eggsineggboard,1
sub-022,creamcakewithfruits,4
sub-022,tomatoes,1
sub-022,vanillaicecreamcone,3
sub-022,cheese,3
sub-022,mashedpotatoes,3
sub-022,meatfilletsandvegetablesgrilled,4
sub-022,lollipops,2
sub-022,chocolatecakewithnuts,4
sub-022,emmentalercheese,2
sub-022,gherkin,1
sub-022,tunasandwiches,3
sub-022,nutscashews,3
sub-022,glassofredwine,1
sub-022,chips,3
sub-022,chickenraw,2
sub-022,kiwis,2
sub-022,cheeseplatter,4
sub-022,strawberries,3
sub-022,fennel,1
sub-022,orange,1
sub-022,pancakewithfruits,4
sub-022,peanutpuffs,2
sub-022,donutchocolate,4
sub-022,carrots,1
sub-022,loafofbread,1
sub-022,gooseroasted,4
sub-022,toastwithjam,2
sub-022,roastpork,4
sub-022,rusk,1
sub-022,donut,3
sub-022,cheeseplatter,2
sub-022,frenchfries,4
sub-022,germankrapfen,4
sub-022,chiccory,1
sub-022,icecreamwithchocolatebeans,3
sub-022,cakegugelhupf,2
sub-022,potatoes,1
sub-022,pastabake,4
sub-022,limes,1
sub-022,piecesofchocolate,4
sub-022,veggiemixcucumbertomatopeppers,1
sub-022,cherries,2
sub-022,kohlrabi,1
sub-022,germankrapfen,4
sub-022,lemoncake,2
sub-022,potatoes,1
sub-022,chickenroasted,3
sub-022,grapes,2
sub-022,bloodoranges,1
sub-022,donutsandpastries,4
sub-022,spareribswithfrenchfriesandsalad,4
sub-022,cookiesmixed,3
sub-022,hotdog,2
sub-022,pancakes,3
sub-022,frenchfrieschicken,2
sub-022,cauliflower,1
sub-022,pizzawithmushroomsandbellpepper,3
sub-022,mixedlicorice,1
sub-022,bagelswithsesameandpoppyseed,4
sub-022,chocolatebarbroken,4
sub-022,broccoli,1
sub-022,cookiesfilledwithchocolatecream,2
sub-022,blueberries,1
sub-022,pretzel,1
sub-022,jaffacookies,3
sub-022,strawberrycreamcake,3
sub-022,icecreamsandwiches,3
sub-022,cake,2
sub-022,chroisant,3
sub-022,ravioli,1
sub-022,lasagna,4
sub-022,carrots,1
sub-022,tomatoes,2
sub-022,browniewithnuts,4
sub-022,cheeseburgerfrenchfriesandcola,4
sub-022,beefsteakraw,3
sub-022,headoficeberglettuce,1
sub-022,coloredchocolatebeans,1
sub-022,sachercake,4
sub-022,cornflakesandalmondscoveredinchocolate,3
sub-022,wafflewithwhippedcream,4
sub-022,salmonwithvegetablesgrilled,4
sub-022,blackforestcake,4
sub-022,barofchocolate,2
sub-022,roastpotatoes,3
sub-022,pastriesanddonuts,4
sub-022,shashlikwithbakedpotato,3
sub-022,bagelwithcreamcheeseandvegetables,2
sub-022,vegetables,1
sub-022,chocolatemuffin,3
sub-022,squashpumpkin,1
sub-022,salamisausage,3
sub-022,pineapple,2
sub-022,chips,3
sub-022,potatoesandcorn,2
sub-022,banana,1
sub-022,raffaelococonutwaferballs,1
sub-022,mandarins,2
sub-022,gummicandygoldbears,1
sub-022,raspberrycake,4
sub-022,potatoewedges,4
sub-022,tomatosliced,2
sub-022,pastries,4
sub-022,cremebrulee,2
sub-022,roastedchicken,3
sub-022,roastbeef,4
sub-022,hamsandwichwithchips,4
sub-022,briecheese,2
sub-022,donerkebab,4
sub-022,cheeseplatter,2
sub-022,chocolatecookie,2
sub-022,grapesredandwhite,2
sub-022,barofchocolatewithnuts,2
sub-022,crispreadwithcottagecheese,1
sub-022,cake,3
sub-022,salamiroastedhamandcheese,4
sub-022,cornmaize,2
sub-022,chips,3
sub-022,cake,3
sub-022,mixedsalad,3
sub-022,apples,1
sub-022,meatpie,1
sub-022,friedegg,3
sub-022,strawberrycake,4
sub-022,flatcakewithsalad,1
sub-022,appledanish,2
sub-022,croissants,2
sub-022,wildberriesmix,2
sub-022,radishes,1
sub-022,spinach,1
sub-022,steakwithbackedpotatoandvegetables,3
sub-022,crispbread,1
sub-022,marzipanchocolate,1
sub-022,chocolatebarfilledwithmilkcream,2
sub-022,strawberrytartlet,4
sub-022,filledroulade,2
sub-022,parsley,1
sub-022,lettucelollorosso,1
sub-022,carrots,1
sub-022,hamburgerwithbacon,4
sub-022,winegum,2
sub-022,frenchcruller,4
sub-022,gummicandyandlicoricemix,2
sub-022,crispbreadwithcottagecheese,2
sub-022,soybeansprouts,1
sub-022,raspberrycake,3
sub-022,chocolatebarbite,4
sub-022,olives,1
sub-022,sliceofbreadtoppedwithchocolatecream,1
sub-022,chocolatepopsiclewithnuts,4
sub-022,marblecake,3
sub-022,zucchini,1
sub-022,chocolatecookies,3
sub-022,croissantwithbutterandjam,2
sub-022,pears,1
sub-022,croissants,2
sub-022,strawberryhalf,2
sub-022,muffins,3
sub-022,camembert,3
sub-022,toblerone,2
sub-022,vegetables,1
sub-022,tagliatelle,1
sub-022,cheeseburger,3
sub-022,pear,1
sub-022,chocolatecreamcake,3
sub-022,minichocolatemarshmallows,2
sub-022,hamandcheesesandwich,3
sub-022,breads,1
sub-022,roll,1
sub-022,vanillaicecream,3
sub-022,banana,1
sub-022,grapewhites,2
sub-022,pizzaveggiecheese,4
sub-022,bowlofsalad,1
sub-022,barsofwhitechocolate,1
sub-022,croissant,3
sub-022,cheeseburger,4
sub-022,doughnutdonutplain,4
sub-022,chocolatemuffin,3
sub-022,grapeswhite,3
sub-022,fennel,1
sub-022,gummicandycola,1
sub-022,cappuccino,2
sub-022,chocolatebarfilledwithstrawberryandyogurtcream,2
sub-022,banana,2
sub-022,cheeseburgerfrenchfriesandcola,4
sub-022,ricewaffles,1
sub-022,chocolatecake,3
sub-022,blacklicoricewheels,1
sub-022,bread,1
sub-022,mushroomsbrown,1
sub-022,hamsandwich,3
sub-022,cheeseandcoldmeatplatter,3
sub-022,chocolatecake,4
sub-022,pickles,1
sub-022,hotdog,1
sub-022,spaghettiwithtomatosauce,3
sub-022,bowlofmuesligranola,1
sub-022,quiche,4
sub-022,icecream,3
sub-022,puffedricecoveredinchocolate,3
sub-022,meatpie,1
sub-022,popcorn,1
sub-022,salmonsushi,4
sub-022,peanuts,3
sub-022,peascornandpotatos,1
sub-022,strawberrycake,3
sub-022,shortbread,1
sub-022,donutwithchocolatesprinkles,3
sub-022,redcurrants,2
sub-022,chocolatepieces,2
sub-022,raspberrycreamcake,2
sub-022,oranges,2
sub-022,chickenfilletsgrilled,2
sub-022,stracciatellacake,3
sub-022,saladplate,2
sub-022,fruitsalad,3
sub-022,burgerpattywithfrenchfriesandsalad,4
sub-022,mmspeanut,3
sub-022,asparagus,1
sub-022,spinach,1
sub-022,redpaprikapeppers,1
sub-022,donerkebab,3
sub-022,pizzawithsalami,3
sub-022,raspberrycake,3
sub-022,asparaguswithbechamelsauce,2
sub-022,chocolatecake,4
sub-022,almonds,2
sub-022,troutwithpotatoespanfried,4
sub-022,fruitcake,3
sub-022,beansandcarrotscooked,1
sub-022,papaya,1
sub-022,breadroll,1
sub-022,fruitplatemelonpineapplegrapes,3
sub-022,saladplate,2
sub-022,germankrapfen,4
sub-022,pancakeswithblueberries,1
sub-022,pineapple,1
sub-022,rissole,2
sub-022,sushi,1
sub-022,cakewithgelatinizedfruits,1
sub-022,mixedvegetables,1
sub-022,hamsandwich,3
sub-022,cookiefilledwithjelly,2
sub-022,cheesecakewithstrawberriesandcrumbles,4
sub-022,fishwithvegetablesgrilled,4
sub-022,raspberries,1
sub-022,mixedvegetables,1
sub-022,baguette,1
sub-022,marblecake,1
sub-022,strawberries,3
sub-022,zucchini,1
sub-022,chocolatemuffin,4
sub-022,germankrapfen,3
sub-022,liversausage,1
sub-022,somedifferentcakewedges,4
sub-022,oranges,1
sub-022,mueslibaroatmeal,1
sub-022,greenonionshallot,1
sub-022,pizzasalami,4
sub-022,shashlik,4
sub-022,greenbellpepper,1
sub-022,cakewithpowderedsugar,3
sub-022,popcorn,2
sub-022,paprikapeppersredyelloworange,2
sub-022,avocado,1
sub-022,applepie,2
sub-022,smokedhambacon,2
sub-022,crispbreadwithcookedham,1
sub-022,crispbread,1
sub-022,figs,1
sub-022,pastawithbacon,3
sub-022,redchilli,1
sub-022,sundaewithraspberries,4
sub-022,raspberries,1
sub-022,cherries,3
sub-022,sandwichroastbeef,4
sub-022,sundaepeach,4
sub-022,crispbreadwithcottagecheese,1
sub-022,somebarsofchocolatestacked,3
sub-022,walnuts,1
sub-022,cheeseburgerfrenchfries,4
sub-022,pastabake,4
sub-022,hamsandwich,4
sub-022,grapes,3
sub-022,blueberryastrawberrytartlet,3
sub-022,sausage,1
sub-022,yellowbellpeppersliced,1
sub-022,pizzahamandmushrooms,3
sub-022,chocolatebar,3
sub-022,walnut,2
sub-022,doughnutdonuticing,3
sub-022,cheeseburger,4
sub-022,chives,1
sub-022,greenpaprikapeppers,1
sub-022,lemon,1
sub-022,hazelnut,1
sub-022,strawberryicecreamcone,3
sub-022,apples,2
sub-022,roll,1
sub-022,raspberrycandies,1
sub-022,tortillachips,3
sub-022,artichoke,1
sub-022,blackberries,1
sub-022,spaghettibolognese,2
sub-022,gherkinsliced,1
sub-022,peaches,2
sub-022,mixedvegetables,1
sub-022,sugarsnappea,1
sub-022,watermelon,1
sub-022,leek,1
sub-022,toffifayfilledcaramelcup,2
sub-022,muffin,1
sub-022,rasberries,1
sub-022,chocolatecookie,2
sub-022,frenchfries,4
sub-022,vienneseschnitzel,4
sub-022,chocolatebiscuit,3
sub-022,chocolatecandybar,3
sub-022,paprikapeppersredgreenyellow,1
sub-022,pralines,4
sub-022,doughnutdonutchocolate,4
sub-022,glassofbeer,2
sub-022,filledwaffles,4
sub-022,mixedvegetables,1
sub-022,lettuceiceberg,1
sub-022,yellowbellpepper,1
sub-022,carrots,1
sub-022,pinenuts,3
sub-023,pastriesanddonuts,1
sub-023,cookiefilledwithjelly,1
sub-023,pizzahamandmushrooms,2
sub-023,cookiemix,2
sub-023,frenchfries,3
sub-023,blackberries,1
sub-023,chickenroasted,2
sub-023,nectarines,1
sub-023,papaya,1
sub-023,frenchfrieschicken,3
sub-023,pretzel,4
sub-023,bagel,3
sub-023,hardcandies,3
sub-023,waffle,3
sub-023,carrotscooked,3
sub-023,mmspeanut,3
sub-023,potatoesandcorn,3
sub-023,cakegugelhupf,3
sub-023,headoficeberglettuce,2
sub-023,raspberrycake,2
sub-023,glassofredwine,4
sub-023,chocolatebarbroken,3
sub-023,cheeseburger,1
sub-023,headofgreenlettuce,3
sub-023,cantaloup,1
sub-023,crispbreadwithcottagecheese,3
sub-023,rissole,3
sub-023,croissants,3
sub-023,cauliflower,3
sub-023,stracciatellacake,2
sub-023,carambolastarfruit,2
sub-023,pizzawithmushrooms,2
sub-023,yellowbellpeppersliced,3
sub-023,chocolatecake,3
sub-023,strawberrycake,1
sub-023,brusselssprouts,3
sub-023,sproutspotatoescarrots,3
sub-023,frenchfriesandchickendrumsticks,3
sub-023,bowlofrice,2
sub-023,cookies,4
sub-023,lemons,3
sub-023,chocolatebar,3
sub-023,shrimp,1
sub-023,wildberriesmix,1
sub-023,apples,1
sub-023,onion,3
sub-023,lollipops,3
sub-023,bread,3
sub-023,fruitcake,1
sub-023,greenonionshallot,4
sub-023,chips,3
sub-023,cheese,2
sub-023,wildberriesmix,1
sub-023,blackforestcake,2
sub-023,chickenraw,3
sub-023,leek,3
sub-023,creamroll,3
sub-023,breadroll,3
sub-023,cake,3
sub-023,veggiemixwithdip,3
sub-023,wafflewithwhippedcream,3
sub-023,mixedsalad,2
sub-023,roastbeef,1
sub-023,roastpotatoes,2
sub-023,chocolatecake,2
sub-023,cheeseburger,1
sub-023,chocolatecookie,3
sub-023,meatballspatties,3
sub-023,chocolatecroissants,3
sub-023,mushroomsbrown,2
sub-023,springonions,4
sub-023,frankfurtcrowncake,2
sub-023,somedifferentcakewedges,2
sub-023,cakewithgelatinizedfruits,3
sub-023,raspberries,1
sub-023,toblerone,2
sub-023,icecreamsandwiches,2
sub-023,chinesecabbage,2
sub-023,cauliflower,3
sub-023,vanillaicecreamcone,3
sub-023,cucumberandcarrot,3
sub-023,germankrapfen,3
sub-023,vanillaandchocolateicecreamcone,3
sub-023,blacklicoricewheels,4
sub-023,lasagna,2
sub-023,cake,3
sub-023,sundaewithraspberries,3
sub-023,greenbeans,4
sub-023,cheeseplatter,3
sub-023,strawberryicecreamcone,3
sub-023,tomatosliced,1
sub-023,sundaepeach,3
sub-023,jaffacookies,2
sub-023,greenapple,1
sub-023,artichoke,3
sub-023,emmentalercheese,1
sub-023,chocolatecake,2
sub-023,beefsteakraw,1
sub-023,pancakewithfruits,3
sub-023,grapes,1
sub-023,pretzels,3
sub-023,croissant,3
sub-023,salamisausage,1
sub-023,sausagesfrankfurter,2
sub-023,salmon,1
sub-023,fruitsalad,1
sub-023,blueberryastrawberrytartlet,2
sub-023,mixedvegetables,3
sub-023,kohlrabi,3
sub-023,pears,4
sub-023,mueslibaroatmeal,3
sub-023,pancakes,3
sub-023,knuckleofporkwithsauerkraut,3
sub-023,raspberries,1
sub-023,paprikapeppersredyelloworange,3
sub-023,chocolatepopsiclewithnuts,3
sub-023,spareribswithfrenchfriesandsalad,2
sub-023,piecesoffruit,1
sub-023,glassofgherkins,3
sub-023,cake,3
sub-023,waffles,3
sub-023,marblecake,3
sub-023,roll,3
sub-023,friedsausagewithroll,3
sub-023,tomato,1
sub-023,creamcakewithfruits,3
sub-023,bagelwithcreamcheeseandvegetables,3
sub-023,chocolatecake,3
sub-023,squashpumpkin,3
sub-023,chocolatemuffin,3
sub-023,meatpie,2
sub-023,gummicandyandlicoricemix,3
sub-023,lemoncake,3
sub-023,chocolatemuffin,3
sub-023,chocolatebarfilledwithmilkcream,2
sub-023,muffins,4
sub-023,roulade,1
sub-023,frenchfries,3
sub-023,spinach,3
sub-023,strawberries,1
sub-023,glassoforangejuice,1
sub-023,apples,1
sub-023,loafofbread,3
sub-023,sushirolls,1
sub-023,headofgreenlettuce,2
sub-023,pastabake,3
sub-023,honeydewmelon,2
sub-023,cheesecakewithstrawberriesandcrumbles,3
sub-023,toastwithjam,4
sub-023,cake,3
sub-023,banana,1
sub-023,orange,1
sub-023,glassofbeer,3
sub-023,bowlofrice,2
sub-023,lemon1half,3
sub-023,hotdog,2
sub-023,salamiroastedhamandcheese,2
sub-023,grapewhites,1
sub-023,muffinwithgreentopping,4
sub-023,blueberries,1
sub-023,tomatoandmozzarellaskewer,1
sub-023,breads,3
sub-023,bagelswithsesameandpoppyseed,3
sub-023,kitkatchocolatewaferbars,2
sub-023,grapeswhite,1
sub-023,chiccory,4
sub-023,chocolatebarfilledwithstrawberryandyogurtcream,3
sub-023,spaghettiwithtomatosauce,3
sub-023,hamsandwich,2
sub-023,browniewithnuts,3
sub-023,peaches,2
sub-023,broccoli,3
sub-023,cheesecakewithcherrytopping,2
sub-023,crispbread,3
sub-023,carrots,3
sub-023,snackmix,3
sub-023,toast,4
sub-023,cookiesoreos,3
sub-023,cheeseburgerfrenchfries,1
sub-023,redchilli,2
sub-023,olives,3
sub-023,shashlikwithbakedpotato,1
sub-023,mixedvegetables,3
sub-023,yellowbellpepper,3
sub-023,christmassweets,3
sub-023,gooseroasted,2
sub-023,steakwithbackedpotatoandvegetables,1
sub-023,vegetables,3
sub-023,fruitmixnectarinesraspberriescherries,1
sub-023,beefsteakraw,3
sub-023,flatcakewithsalad,2
sub-023,pastawithbacon,2
sub-023,icecream,2
sub-023,crispreadwithcottagecheese,2
sub-023,oranges,4
sub-023,cherries,4
sub-023,redcurrants,3
sub-023,croissantwithbutterandjam,2
sub-023,chips,3
sub-023,pears,4
sub-023,donerkebab,4
sub-023,mixedlicorice,1
sub-023,celery,2
sub-023,asparaguswithbechamelsauce,2
sub-023,peach,4
sub-023,doughnutdonutplain,2
sub-023,almonds,2
sub-023,saladplate,3
sub-023,wildberriesmix,4
sub-023,fruitplatemelonpineapplegrapes,3
sub-023,frenchcruller,3
sub-023,gardenradish,1
sub-023,mixedvegetables,2
sub-023,chips,2
sub-023,hamandcheesesandwich,4
sub-023,lemon,2
sub-023,briecheese,3
sub-023,fishsticks,2
sub-023,artichoke,1
sub-023,pickles,1
sub-023,hamsandwich,4
sub-023,cheddarcheese,3
sub-023,cornflakesandalmondscoveredinchocolate,2
sub-023,spinach,2
sub-023,popcorn,2
sub-023,croissants,2
sub-023,chives,1
sub-023,quiche,3
sub-023,coloredchocolatebeans,2
sub-023,carrots,2
sub-023,fishsandwich,4
sub-023,grapesredandwhite,4
sub-023,wildberriesmix,4
sub-023,banana,4
sub-023,chocolatecandybar,3
sub-023,arugula,2
sub-023,pizzawithsalami,3
sub-023,lattemacchiato,4
sub-023,strawberryhalf,4
sub-023,sliceofbreadtoppedwithchocolatecream,2
sub-023,hotdog,2
sub-023,greenchili,2
sub-023,hardcandies,1
sub-023,raspberrycreamcake,3
sub-023,donutchocolate,2
sub-023,pancakeswithblueberries,2
sub-023,mandarins,4
sub-023,croissants,2
sub-023,potatoewedges,4
sub-023,filletofporkgrilled,4
sub-023,muffins,2
sub-023,raffaelococonutwaferballs,3
sub-023,tomatoandmozzarella,4
sub-023,nutscoveredinchocolate,2
sub-023,chocolatebarbite,2
sub-023,blackberry,4
sub-023,roastedchicken,4
sub-023,spaghettiwithtomatosauce,2
sub-023,filledchocolates,3
sub-023,fennel,2
sub-023,frenchtoast,2
sub-023,cakewithtangerines,3
sub-023,chocolateandvanillaicecream,2
sub-023,raspberrycandies,4
sub-023,spaghettibolognese,2
sub-023,kiwis,4
sub-023,chocolatebiscuit,2
sub-023,somebarsofchocolatestacked,3
sub-023,platewithrawhamburgerpattiesandsausages,3
sub-023,sushirollwithcucumber,3
sub-023,crispbreadwithcookedham,2
sub-023,pizzaslicesassorted,3
sub-023,shortbread,2
sub-023,lettucelollorosso,2
sub-023,blueberries,4
sub-023,steak,4
sub-023,espresso,3
sub-023,cheeseplatter,3
sub-023,gummicandycola,2
sub-023,oranges,4
sub-023,pastries,2
sub-023,cappuccino,3
sub-023,pralines,3
sub-023,cutlet,4
sub-023,roastbeef,4
sub-023,edamcheese,2
sub-023,peanuts,2
sub-023,strawberrycake,3
sub-023,bowlofsalad,2
sub-023,lasagna,3
sub-023,breakfastcereals,1
sub-023,chocolatepopsicles,1
sub-023,meatfilletsandvegetablesgrilled,4
sub-023,rigatoniwithvegetable,2
sub-023,rusk,2
sub-023,spareribswithfrenchfriesandsalad,4
sub-023,canardroasted,4
sub-023,carrots,2
sub-023,barsofwhitechocolate,2
sub-023,toastwhitebread,2
sub-023,mixedvegetables,2
sub-023,glassofbeer,1
sub-023,pizzasalami,3
sub-023,hotdog,3
sub-023,redpaprikapeppers,2
sub-023,cookie,2
sub-023,curdwithchives,2
sub-023,eggboiled,3
sub-023,pinenuts,2
sub-023,strawberries,4
sub-023,openedchipsbag,2
sub-023,parsley,1
sub-023,chocolatepieces,3
sub-023,challahbraidedyeastbunwithraisins,2
sub-023,mixedvegetables,2
sub-023,chipsfrenchfries,3
sub-023,redbellpepper,2
sub-023,spaghettiwithpesto,2
sub-023,gherkin,2
sub-023,fruits,4
sub-023,pear,4
sub-023,shortbreads,2
sub-023,wildberriesmix,4
sub-023,cucumberwithslices,2
sub-023,hardcandies,1
sub-023,chocolatemuffin,2
sub-023,raspberrycake,2
sub-023,greenasparagus,2
sub-023,hotdog,3
sub-023,cutlet,4
sub-023,zucchini,2
sub-023,glassofwhitewine,1
sub-023,tortillachips,2
sub-023,cornonacob,2
sub-023,fishwithvegetablesgrilled,3
sub-023,apples,4
sub-023,eggsineggboard,3
sub-023,oranges,4
sub-023,peapod,1
sub-023,appledanish,2
sub-023,apple,4
sub-023,chocolatecookies,3
sub-023,donutsandpastries,3
sub-023,donutchocolatetopping,2
sub-023,hamburger,4
sub-023,fruitmixkiwicherriesstrawberries,4
sub-023,pastabake,3
sub-023,strawberries,4
sub-023,camembert,3
sub-023,plateofsalad,2
sub-023,vienneseschnitzel,3
sub-023,grapes,4
sub-023,vanillaicecream,2
sub-023,chocolatetruffle,3
sub-023,sundae,2
sub-023,germankrapfen,2
sub-023,avocado,3
sub-023,filledwaffles,2
sub-023,cheeseburgerfrenchfriesandcola,4
sub-023,figs,3
sub-023,sushi,3
sub-023,popcorn,2
sub-023,zucchini,2
sub-023,redgrapes,4
sub-023,hamsandwich,4
sub-023,pineapple,4
sub-023,potatoes,3
sub-023,pomegranate,4
sub-023,potatogratin,3
sub-023,watermelon,4
sub-023,ricewaffles,2
sub-023,liversausage,3
sub-023,chroisant,2
sub-023,hamsandwichwithchips,3
sub-023,chocolatepopsiclewithnuts,3
sub-023,grapesred,4
sub-023,lollipops,1
sub-023,veggiemixcucumbertomatopeppers,2
sub-023,hamburgerwithbacon,4
sub-023,salmonwithvegetablesgrilled,3
sub-023,openedbarofchocolatewithnuts,3
sub-023,cake,3
sub-023,croissants,2
sub-023,wienerschnitzel,3
sub-023,asparagus,2
sub-023,brusselssprouts,2
sub-023,pretzelsticks,2
sub-023,shashlik,4
sub-023,cake,2
sub-023,pineapple,4
sub-023,burgerpattywithfrenchfriesandsalad,4
sub-023,bowlofmuesligranola,2
sub-023,baguette,2
sub-023,headofcabbage,2
sub-023,barofchocolate,3
sub-023,peanuts,2
sub-023,cheeseplatter,3
sub-023,crispbreadwithcottagecheese,2
sub-023,crackers,1
sub-023,cheeseburger,4
sub-023,marblecake,2
sub-023,muffin,2
sub-023,donut,2
sub-023,sachercake,2
sub-023,sausages,2
sub-023,peascornandpotatos,1
sub-023,tortellini,2
sub-023,crispbread,1
sub-023,grapefruit,3
sub-023,papaya,3
sub-023,vienneseschnitzelwithpotatoes,3
sub-023,toffifayfilledcaramelcup,3
sub-023,limes,2
sub-023,frenchfries,3
sub-023,spinachpotatoecasserole,3
sub-023,chocolatecake,2
sub-023,gardenradish,2
sub-023,banana,4
sub-023,strawberrytartlet,3
sub-023,bowlofsalad,3
sub-023,minichocolatemarshmallows,2
sub-023,doughnutdonutjam,2
sub-023,nicnaccrustypeanuts,2
sub-023,pizzawithsalami,3
sub-023,germankrapfen,2
sub-023,butter,2
sub-023,pistachios,2
sub-023,applepie,3
sub-023,mushroomswhite,3
sub-023,cookiesmixed,2
sub-023,spaghetti,2
sub-023,walnuts,2
sub-023,doughnutdonutchocolate,2
sub-023,steakwithbackedpotatoandvegetables,4
sub-023,paprikapeppersredgreenyellow,3
sub-023,friedegg,3
sub-023,marshmallowsflat,4
sub-023,cookedhamcut,3
sub-023,apples,4
sub-023,saladplate,3
sub-023,redcabbage,2
sub-023,chickenfilletsgrilled,3
sub-023,camembert,3
sub-023,carrots,2
sub-023,puffedricecoveredinchocolate,2
sub-023,mixedvegetables,1
sub-023,cheesecake,2
sub-023,ravioli,2
sub-023,tunasandwiches,3
sub-023,greenpaprikapeppers,3
sub-023,filledroulade,2
sub-023,donerkebab,4
sub-023,cake,2
sub-023,challahbraidedyeastbun,2
sub-023,cherry,4
sub-023,cornmaize,3
sub-023,mixedvegetables,1
sub-023,mashedpotatoes,3
sub-023,raspberrycreamcake,2
sub-023,artichoke,2
sub-023,ravioli,1
sub-023,salmon,4
sub-023,vegetables,3
sub-023,muffins,2
sub-023,rasberry,4
sub-023,rollsinabasket,2
sub-023,chocolateandstrawberryicecream,1
sub-023,cauliflower,2
sub-023,chocolatecakewithnuts,2
sub-023,romanlettuce,3
sub-023,avocado,4
sub-023,chocolatecookie,2
sub-023,meatpie,2
sub-023,piecesofchocolate,3
sub-023,cookie,2
sub-023,cherries,4
sub-023,sachercake,2
sub-023,cheeseburger,3
sub-023,chocolatemarshmallows,3
sub-023,cucumberslice,3
sub-023,fruits,4
sub-023,cheese,3
sub-023,sushiwithsalmon,4
sub-023,cheeseplatter,3
sub-023,barofchocolatewithnuts,3
sub-023,winegum,1
sub-023,hamsandwich,4
sub-023,beefsteakraw,4
sub-023,cookiesfilledwithchocolatecream,2
sub-023,croissants,2
sub-023,potatoes,3
sub-023,cookedham,3
sub-023,pastabake,3
sub-023,sandwichroastbeef,4
sub-023,minichocolatecakebar,2
sub-023,tomatoes,4
sub-023,soybeansprouts,2
sub-023,cremebrulee,3
sub-023,spaghettiwithtomatosauce,2
sub-023,cheeseburgerfrenchfriesandcola,4
sub-023,peanutpuffs,2
sub-023,sugarsnappea,1
sub-023,beansandcarrotscooked,1
sub-023,greenbellpepper,3
sub-023,roll,2
sub-023,nutscashews,1
sub-023,watermelon,4
sub-023,radishes,2
sub-023,saladplate,3
sub-023,hazelnut,2
sub-023,gherkinsliced,2
sub-023,chocolatecreamcake,2
sub-023,marzipanchocolate,2
sub-023,pastameal,2
sub-023,saladplate,3
sub-023,minicookieswithchocolateononeside,3
sub-023,cornflakeswithmilk,1
sub-023,pineapple,4
sub-023,roastpork,4
sub-023,doughnutdonuticing,1
sub-023,strawberrycreamcake,3
sub-023,chips,3
sub-023,salmon,4
sub-023,chocolatemuffin,2
sub-023,salmonsushi,4
sub-023,cookiesfilledwithchocolatecream,2
sub-023,tomatoes,4
sub-023,germankrapfen,2
sub-023,troutwithpotatoespanfried,4
sub-023,fennel,2
sub-023,smokedhambacon,3
sub-023,hazelnuts,2
sub-023,cakewithpowderedsugar,2
sub-023,mixedvegetablescooked,3
sub-023,kiwi,4
sub-023,walnut,2
sub-023,strawberries,4
sub-023,lettuceiceberg,3
sub-023,roundshortbreadcookies,2
sub-023,hamsandwichwithchips,3
sub-023,sausage,3
sub-023,peascooked,1
sub-023,tomatoes,4
sub-023,icecreamwithchocolatebeans,3
sub-023,bread,2
sub-023,donutwithchocolatesprinkles,2
sub-023,gummibearswithextrasugar,1
sub-023,peanuts,2
sub-023,oranges,3
sub-023,gummicandygoldbears,1
sub-023,rasberries,4
sub-023,filledcookiewithwalnut,2
sub-023,pizzawithmushroomsandbellpepper,3
sub-023,potatoes,3
sub-023,cheeseandcoldmeatplatter,4
sub-023,bowlofmuesligranola,2
sub-023,bloodoranges,3
sub-023,croissant,2
sub-023,tagliatelle,2
sub-023,jellycandies,1
sub-023,cheese,3
sub-023,crispbreadwithcottagecheese,2
sub-023,mixedsalad,3
sub-023,pizzaveggiecheese,3
sub-023,raspberrycake,3
sub-023,grilledbavariansausage,2
sub-023,waterbottle,3
sub-023,eclair,2
sub-024,sliceofbreadtoppedwithchocolatecream,4
sub-024,croissants,3
sub-024,cornflakeswithmilk,4
sub-024,sausages,2
sub-024,strawberries,1
sub-024,springonions,2
sub-024,cake,4
sub-024,waterbottle,4
sub-024,artichoke,1
sub-024,chocolatecookie,4
sub-024,mixedvegetables,2
sub-024,spaghettiwithpesto,3
sub-024,nicnaccrustypeanuts,3
sub-024,chocolatepopsiclewithnuts,4
sub-024,shortbreads,4
sub-024,pizzawithmushrooms,4
sub-024,kiwis,1
sub-024,mixedsalad,2
sub-024,wildberriesmix,1
sub-024,barofchocolate,3
sub-024,mixedvegetables,2
sub-024,espresso,3
sub-024,vegetables,1
sub-024,pastawithbacon,3
sub-024,peach,1
sub-024,chocolatemuffin,4
sub-024,hamsandwich,2
sub-024,cappuccino,3
sub-024,cheese,3
sub-024,filledwaffles,3
sub-024,emmentalercheese,2
sub-024,roastpork,4
sub-024,greenapple,2
sub-024,gherkinsliced,1
sub-024,spinachpotatoecasserole,4
sub-024,cookiefilledwithjelly,4
sub-024,cucumberslice,1
sub-024,raspberries,1
sub-024,somebarsofchocolatestacked,3
sub-024,cookiesoreos,4
sub-024,apple,1
sub-024,salamiroastedhamandcheese,2
sub-024,chocolatemuffin,3
sub-024,toastwhitebread,1
sub-024,fishwithvegetablesgrilled,2
sub-024,raspberrycreamcake,2
sub-024,hotdog,2
sub-024,icecream,2
sub-024,filledcookiewithwalnut,4
sub-024,frankfurtcrowncake,4
sub-024,grapesredandwhite,3
sub-024,chocolatebiscuit,4
sub-024,chocolatecake,4
sub-024,raspberries,2
sub-024,chickenfilletsgrilled,2
sub-024,spaghettiwithtomatosauce,4
sub-024,mixedvegetables,2
sub-024,potatoes,2
sub-024,avocado,1
sub-024,artichoke,1
sub-024,germankrapfen,4
sub-024,peanutpuffs,3
sub-024,chocolateandvanillaicecream,4
sub-024,gummicandycola,4
sub-024,germankrapfen,4
sub-024,cookedhamcut,2
sub-024,cake,3
sub-024,crispbreadwithcottagecheese,1
sub-024,bloodoranges,2
sub-024,muffins,3
sub-024,quiche,2
sub-024,frenchfries,3
sub-024,openedchipsbag,4
sub-024,mushroomswhite,2
sub-024,mushroomsbrown,1
sub-024,chocolatecandybar,4
sub-024,tomatoes,2
sub-024,minichocolatemarshmallows,3
sub-024,chocolateandstrawberryicecream,2
sub-024,papaya,1
sub-024,sachercake,4
sub-024,filledchocolates,4
sub-024,brusselssprouts,1
sub-024,muffins,3
sub-024,breads,3
sub-024,avocado,1
sub-024,donutwithchocolatesprinkles,2
sub-024,shashlik,1
sub-024,gardenradish,1
sub-024,mixedvegetables,2
sub-024,wildberriesmix,1
sub-024,roastbeef,4
sub-024,cheddarcheese,2
sub-024,redbellpepper,1
sub-024,cheeseburger,3
sub-024,mixedlicorice,2
sub-024,carrots,1
sub-024,pears,2
sub-024,fennel,1
sub-024,chocolatemarshmallows,3
sub-024,germankrapfen,4
sub-024,donerkebab,4
sub-024,gherkin,1
sub-024,cookedham,1
sub-024,gummibearswithextrasugar,3
sub-024,squashpumpkin,1
sub-024,chips,3
sub-024,asparaguswithbechamelsauce,2
sub-024,fruits,1
sub-024,chinesecabbage,1
sub-024,beefsteakraw,4
sub-024,cherries,1
sub-024,shortbread,4
sub-024,fruitcake,3
sub-024,cheeseburgerfrenchfriesandcola,4
sub-024,lemon,2
sub-024,cheeseplatter,2
sub-024,minicookieswithchocolateononeside,3
sub-024,carrots,1
sub-024,lemons,2
sub-024,cheesecakewithstrawberriesandcrumbles,4
sub-024,spaghettiwithtomatosauce,3
sub-024,sandwichroastbeef,4
sub-024,zucchini,1
sub-024,knuckleofporkwithsauerkraut,4
sub-024,blackberry,1
sub-024,donut,3
sub-024,sushi,1
sub-024,hamsandwich,2
sub-024,blueberryastrawberrytartlet,4
sub-024,saladplate,2
sub-024,eclair,4
sub-024,glassofbeer,4
sub-024,oranges,2
sub-024,potatoes,1
sub-024,briecheese,3
sub-024,frenchfrieschicken,4
sub-024,walnuts,1
sub-024,mashedpotatoes,3
sub-024,blacklicoricewheels,1
sub-024,barsofwhitechocolate,3
sub-024,pastries,4
sub-024,jaffacookies,4
sub-024,hazelnuts,3
sub-024,pickles,1
sub-024,friedsausagewithroll,4
sub-024,cucumberandcarrot,1
sub-024,flatcakewithsalad,1
sub-024,frenchcruller,4
sub-024,cheesecake,2
sub-024,steakwithbackedpotatoandvegetables,4
sub-024,coloredchocolatebeans,4
sub-024,rollsinabasket,2
sub-024,puffedricecoveredinchocolate,3
sub-024,leek,1
sub-024,muffins,3
sub-024,tomato,1
sub-024,grapefruit,2
sub-024,marblecake,4
sub-024,saladplate,2
sub-024,roundshortbreadcookies,2
sub-024,meatpie,1
sub-024,sundaewithraspberries,3
sub-024,camembert,2
sub-024,bowlofsalad,2
sub-024,cheeseplatter,2
sub-024,strawberrycake,4
sub-024,pastameal,4
sub-024,crispbread,2
sub-024,potatogratin,3
sub-024,raspberrycandies,2
sub-024,muffin,3
sub-024,cherries,2
sub-024,breadroll,2
sub-024,tortillachips,4
sub-024,greenbeans,1
sub-024,cheesecakewithcherrytopping,3
sub-024,frenchfriesandchickendrumsticks,4
sub-024,glassofbeer,3
sub-024,headofgreenlettuce,1
sub-024,saladplate,3
sub-024,cookie,4
sub-024,chocolatecakewithnuts,2
sub-024,salmonsushi,4
sub-024,chocolatecookie,4
sub-024,bread,1
sub-024,radishes,1
sub-024,popcorn,2
sub-024,fishsticks,2
sub-024,raffaelococonutwaferballs,1
sub-024,spaghettibolognese,3
sub-024,donutchocolatetopping,4
sub-024,cake,3
sub-024,greenpaprikapeppers,1
sub-024,strawberries,2
sub-024,peanuts,2
sub-024,lettucelollorosso,1
sub-024,artichoke,1
sub-024,mixedvegetables,1
sub-024,onion,1
sub-024,breakfastcereals,1
sub-024,redpaprikapeppers,3
sub-024,glassofwhitewine,4
sub-024,chocolatepopsicles,4
sub-024,glassoforangejuice,4
sub-024,cheeseburger,3
sub-024,curdwithchives,2
sub-024,vienneseschnitzel,2
sub-024,sproutspotatoescarrots,1
sub-024,fruitplatemelonpineapplegrapes,2
sub-024,ricewaffles,2
sub-024,cake,2
sub-024,rigatoniwithvegetable,1
sub-024,winegum,4
sub-024,pretzel,2
sub-024,blueberries,2
sub-024,strawberryicecreamcone,3
sub-024,challahbraidedyeastbun,2
sub-024,cauliflower,1
sub-024,raspberrycake,2
sub-024,orange,1
sub-024,kitkatchocolatewaferbars,4
sub-024,browniewithnuts,4
sub-024,chocolatecreamcake,4
sub-024,greenasparagus,1
sub-024,pizzawithsalami,4
sub-024,steakwithbackedpotatoandvegetables,4
sub-024,croissant,3
sub-024,paprikapeppersredyelloworange,1
sub-024,chickenroasted,4
sub-024,mixedsalad,1
sub-024,lollipops,3
sub-024,spinach,2
sub-024,cake,2
sub-024,fruitmixnectarinesraspberriescherries,3
sub-024,hamburgerwithbacon,3
sub-024,salmon,4
sub-024,meatfilletsandvegetablesgrilled,4
sub-024,jellycandies,3
sub-024,mixedvegetables,1
sub-024,cheese,3
sub-024,tomatoes,2
sub-024,oranges,3
sub-024,romanlettuce,1
sub-024,potatoewedges,4
sub-024,redcurrants,1
sub-024,pomegranate,1
sub-024,broccoli,1
sub-024,hamsandwichwithchips,2
sub-024,appledanish,2
sub-024,cookiemix,4
sub-024,pistachios,2
sub-024,chocolatepopsiclewithnuts,4
sub-024,strawberries,2
sub-024,creamcakewithfruits,3
sub-024,barofchocolatewithnuts,3
sub-024,saladplate,1
sub-024,fishsandwich,2
sub-024,glassofgherkins,1
sub-024,peascooked,1
sub-024,chocolatebar,4
sub-024,apples,2
sub-024,pretzelsticks,2
sub-024,creamroll,3
sub-024,greenbellpepper,1
sub-024,lollipops,3
sub-024,cheese,2
sub-024,spaghetti,1
sub-024,rasberries,1
sub-024,camembert,2
sub-024,almonds,1
sub-024,chips,3
sub-024,lattemacchiato,4
sub-024,greenchili,1
sub-024,greenonionshallot,1
sub-024,donutsandpastries,4
sub-024,hardcandies,3
sub-024,lasagna,2
sub-024,pancakes,4
sub-024,toastwithjam,3
sub-024,doughnutdonutjam,4
sub-024,vanillaandchocolateicecreamcone,4
sub-024,watermelon,1
sub-024,peanuts,1
sub-024,nutscashews,3
sub-024,cantaloup,2
sub-024,raspberrycake,3
sub-024,arugula,1
sub-024,cakewithpowderedsugar,4
sub-024,chocolatecake,4
sub-024,pancakeswithblueberries,2
sub-024,celery,1
sub-024,beansandcarrotscooked,1
sub-024,cucumberwithslices,1
sub-024,pizzawithmushroomsandbellpepper,3
sub-024,sachercake,3
sub-024,openedbarofchocolatewithnuts,3
sub-024,cakegugelhupf,2
sub-024,headofgreenlettuce,1
sub-024,marblecake,3
sub-024,chocolatemuffin,3
sub-024,lemoncake,2
sub-024,christmassweets,2
sub-024,zucchini,1
sub-024,plateofsalad,2
sub-024,waffle,3
sub-024,gummicandyandlicoricemix,2
sub-024,cheeseburger,3
sub-024,croissantwithbutterandjam,2
sub-024,pizzaslicesassorted,3
sub-024,applepie,4
sub-024,cauliflower,1
sub-024,spareribswithfrenchfriesandsalad,3
sub-024,platewithrawhamburgerpattiesandsausages,2
sub-024,roulade,4
sub-024,popcorn,2
sub-024,peaches,1
sub-024,papaya,1
sub-024,pralines,3
sub-024,chocolatecake,3
sub-024,canardroasted,3
sub-024,tomatoandmozzarella,3
sub-024,redchilli,1
sub-024,veggiemixcucumbertomatopeppers,2
sub-024,pastriesanddonuts,3
sub-024,cake,3
sub-024,chives,1
sub-024,bowlofmuesligranola,4
sub-024,cakewithtangerines,3
sub-024,croissants,2
sub-024,veggiemixwithdip,2
sub-024,potatoesandcorn,1
sub-024,redcabbage,1
sub-024,burgerpattywithfrenchfriesandsalad,3
sub-024,troutwithpotatoespanfried,4
sub-024,pastabake,4
sub-024,strawberries,2
sub-024,cheeseburger,2
sub-024,hardcandies,3
sub-024,minichocolatecakebar,4
sub-024,cremebrulee,4
sub-024,eggboiled,4
sub-024,cauliflower,1
sub-024,crispbread,2
sub-024,mixedvegetablescooked,1
sub-024,nectarines,1
sub-024,strawberryhalf,1
sub-024,bagelswithsesameandpoppyseed,1
sub-024,salmon,4
sub-024,sundaepeach,3
sub-024,kiwi,1
sub-024,glassofredwine,3
sub-024,pizzawithsalami,4
sub-024,chips,4
sub-024,chipsfrenchfries,3
sub-024,cakewithgelatinizedfruits,3
sub-024,honeydewmelon,1
sub-024,tomatoandmozzarellaskewer,4
sub-024,crispreadwithcottagecheese,2
sub-024,baguette,2
sub-024,wienerschnitzel,3
sub-024,hamsandwichwithchips,3
sub-024,fruits,1
sub-024,chiccory,1
sub-024,liversausage,2
sub-024,chocolatepieces,4
sub-024,lettuceiceberg,1
sub-024,cookiesfilledwithchocolatecream,3
sub-024,oranges,3
sub-024,frenchfries,3
sub-024,chocolatebarfilledwithstrawberryandyogurtcream,4
sub-024,peapod,1
sub-024,carrots,1
sub-024,doughnutdonutchocolate,4
sub-024,pizzahamandmushrooms,3
sub-024,rusk,2
sub-024,sausage,1
sub-024,grilledbavariansausage,4
sub-024,oranges,3
sub-024,kohlrabi,1
sub-024,carambolastarfruit,1
sub-024,friedegg,2
sub-024,pizzasalami,3
sub-024,mmspeanut,4
sub-024,donutchocolate,4
sub-024,cookiesmixed,3
sub-024,wafflewithwhippedcream,4
sub-024,grapesred,2
sub-024,chocolatetruffle,2
sub-024,blackberries,1
sub-024,chocolatebarbite,3
sub-024,headoficeberglettuce,1
sub-024,pears,1
sub-024,roastbeef,3
sub-024,chocolatebarbroken,2
sub-024,steak,4
sub-024,hamburger,3
sub-024,hotdog,2
sub-024,hotdog,1
sub-024,waffles,4
sub-024,strawberrycake,3
sub-024,chocolatecroissants,3
sub-024,mixedvegetables,1
sub-024,cornmaize,1
sub-024,limes,2
sub-024,piecesofchocolate,3
sub-024,spaghettiwithtomatosauce,2
sub-024,toblerone,3
sub-024,cutlet,4
sub-024,apples,1
sub-024,grapes,4
sub-024,cornonacob,2
sub-024,bowlofmuesligranola,3
sub-024,bowlofsalad,2
sub-024,peascornandpotatos,1
sub-024,wildberriesmix,1
sub-024,asparagus,1
sub-024,ravioli,1
sub-024,cutlet,4
sub-024,lasagna,3
sub-024,chocolatebarfilledwithmilkcream,3
sub-024,carrotscooked,1
sub-024,tomatosliced,2
sub-024,beefsteakraw,1
sub-024,chickenraw,1
sub-024,bagelwithcreamcheeseandvegetables,2
sub-024,paprikapeppersredgreenyellow,2
sub-024,soybeansprouts,2
sub-024,mueslibaroatmeal,3
sub-024,pastabake,3
sub-024,crispbreadwithcottagecheese,3
sub-024,cheeseandcoldmeatplatter,2
sub-024,cheeseplatter,2
sub-024,meatpie,1
sub-024,somedifferentcakewedges,3
sub-024,cake,4
sub-024,pastabake,4
sub-024,hardcandies,3
sub-024,eggsineggboard,1
sub-024,pear,1
sub-024,croissants,1
sub-024,hamsandwich,2
sub-024,grapewhites,3
sub-024,doughnutdonutplain,2
sub-024,wildberriesmix,2
sub-024,sushirolls,2
sub-024,germankrapfen,3
sub-024,vegetables,1
sub-024,smokedhambacon,1
sub-024,croissants,2
sub-024,headofcabbage,1
sub-024,roll,2
sub-024,redgrapes,2
sub-024,hamsandwich,2
sub-024,sushiwithsalmon,4
sub-024,grapeswhite,2
sub-024,banana,1
sub-024,marzipanchocolate,1
sub-024,peanuts,1
sub-024,strawberrycreamcake,3
sub-024,tunasandwiches,2
sub-024,raspberrycreamcake,2
sub-024,rasberry,1
sub-024,chocolatecake,3
sub-024,rissole,2
sub-024,cornflakesandalmondscoveredinchocolate,4
sub-024,edamcheese,1
sub-024,fruitsalad,1
sub-024,roastedchicken,3
sub-024,nutscoveredinchocolate,3
sub-024,pineapple,1
sub-024,cheeseburgerfrenchfriesandcola,4
sub-024,gardenradish,1
sub-024,salmon,1
sub-024,hotdog,2
sub-024,tortellini,1
sub-024,raspberrycake,3
sub-024,stracciatellacake,3
sub-024,filletofporkgrilled,4
sub-024,mandarins,2
sub-024,muffinwithgreentopping,1
sub-024,chocolatemuffin,3
sub-024,snackmix,3
sub-024,bowlofrice,2
sub-024,fennel,1
sub-024,filledroulade,2
sub-024,toffifayfilledcaramelcup,3
sub-024,banana,1
sub-024,loafofbread,1
sub-024,hazelnut,3
sub-024,pinenuts,3
sub-024,bagel,3
sub-024,chroisant,2
sub-024,marshmallowsflat,2
sub-024,chips,3
sub-024,salamisausage,1
sub-024,lemon1half,1
sub-024,roll,1
sub-024,sausagesfrankfurter,1
sub-024,cherry,1
sub-024,vanillaicecream,4
sub-024,donerkebab,4
sub-024,banana,1
sub-024,parsley,1
sub-024,yellowbellpepper,1
sub-024,frenchtoast,4
sub-024,beefsteakraw,1
sub-024,pineapple,4
sub-024,doughnutdonuticing,2
sub-024,butter,1
sub-024,fruitmixkiwicherriesstrawberries,1
sub-024,challahbraidedyeastbunwithraisins,2
sub-024,gummicandygoldbears,3
sub-024,sushirollwithcucumber,1
sub-024,grapes,1
sub-024,cheeseplatter,2
sub-024,blueberries,3
sub-024,icecreamwithchocolatebeans,3
sub-024,toast,1
sub-024,chocolatecookies,3
sub-024,apples,1
sub-024,vanillaicecreamcone,3
sub-024,tagliatelle,1
sub-024,icecreamsandwiches,3
sub-024,sundae,4
sub-024,apples,1
sub-024,gooseroasted,4
sub-024,roastpotatoes,3
sub-024,shashlikwithbakedpotato,4
sub-024,salmonwithvegetablesgrilled,3
sub-024,potatoes,1
sub-024,blackforestcake,3
sub-024,hamandcheesesandwich,2
sub-024,pineapple,1
sub-024,cookies,2
sub-024,strawberrytartlet,3
sub-024,walnut,1
sub-024,pancakewithfruits,2
sub-024,croissants,2
sub-024,tomatoes,1
sub-024,bread,2
sub-024,ravioli,1
sub-024,spareribswithfrenchfriesandsalad,3
sub-024,frenchfries,2
sub-024,vienneseschnitzelwithpotatoes,3
sub-024,shrimp,2
sub-024,watermelon,1
sub-024,piecesoffruit,1
sub-024,crispbreadwithcookedham,1
sub-024,croissant,3
sub-024,bowlofrice,2
sub-024,chocolatecake,3
sub-024,cookiesfilledwithchocolatecream,3
sub-024,brusselssprouts,1
sub-024,olives,1
sub-024,figs,1
sub-024,crackers,2
sub-024,sugarsnappea,1
sub-024,pizzaveggiecheese,2
sub-024,cheeseburgerfrenchfries,2
sub-024,pretzels,2
sub-024,carrots,1
sub-024,spinach,1
sub-024,cookie,2
sub-024,meatballspatties,3
sub-024,wildberriesmix,1
sub-024,crispbreadwithcottagecheese,2
sub-024,yellowbellpeppersliced,2
sub-025,tomatoes,2
sub-025,chocolatecookie,2
sub-025,bagelwithcreamcheeseandvegetables,1
sub-025,chocolatecake,1
sub-025,raspberrycake,2
sub-025,cookiesmixed,1
sub-025,winegum,1
sub-025,cake,1
sub-025,radishes,2
sub-025,cake,1
sub-025,icecreamsandwiches,1
sub-025,applepie,2
sub-025,cremebrulee,2
sub-025,hamsandwich,2
sub-025,cakewithpowderedsugar,2
sub-025,chocolatebarbite,1
sub-025,blackberry,1
sub-025,bowlofrice,3
sub-025,gummibearswithextrasugar,1
sub-025,parsley,1
sub-025,pastabake,3
sub-025,donerkebab,3
sub-025,ravioli,3
sub-025,cheeseplatter,3
sub-025,hamsandwichwithchips,3
sub-025,sausagesfrankfurter,1
sub-025,sandwichroastbeef,3
sub-025,nutscoveredinchocolate,1
sub-025,nutscashews,1
sub-025,zucchini,1
sub-025,beefsteakraw,2
sub-025,bowlofrice,3
sub-025,pears,1
sub-025,mixedvegetables,2
sub-025,pomegranate,1
sub-025,onion,1
sub-025,pancakes,2
sub-025,carrots,1
sub-025,cornonacob,1
sub-025,frenchtoast,2
sub-025,blackforestcake,2
sub-025,cake,2
sub-025,minichocolatemarshmallows,1
sub-025,avocado,2
sub-025,hazelnut,1
sub-025,cornflakeswithmilk,1
sub-025,muffins,1
sub-025,strawberries,3
sub-025,filletofporkgrilled,4
sub-025,chocolatecake,2
sub-025,cookies,2
sub-025,chipsfrenchfries,3
sub-025,strawberryhalf,3
sub-025,cookiesoreos,1
sub-025,chocolatebarbroken,1
sub-025,mmspeanut,1
sub-025,headofgreenlettuce,1
sub-025,cakegugelhupf,1
sub-025,mixedvegetables,1
sub-025,squashpumpkin,1
sub-025,cauliflower,2
sub-025,gummicandycola,1
sub-025,lollipops,1
sub-025,raspberrycake,1
sub-025,hotdog,1
sub-025,muffinwithgreentopping,1
sub-025,pastabake,3
sub-025,bowlofsalad,2
sub-025,cake,2
sub-025,honeydewmelon,1
sub-025,salamisausage,3
sub-025,cheese,2
sub-025,pastries,1
sub-025,mixedsalad,2
sub-025,peanuts,1
sub-025,mushroomswhite,1
sub-025,chocolatebarfilledwithmilkcream,1
sub-025,donerkebab,2
sub-025,hotdog,1
sub-025,chips,2
sub-025,lettucelollorosso,1
sub-025,donutwithchocolatesprinkles,1
sub-025,somebarsofchocolatestacked,1
sub-025,cucumberslice,1
sub-025,edamcheese,1
sub-025,gherkinsliced,2
sub-025,platewithrawhamburgerpattiesandsausages,2
sub-025,kiwi,2
sub-025,hamandcheesesandwich,2
sub-025,cherry,2
sub-025,roastbeef,3
sub-025,raspberrycreamcake,2
sub-025,cheeseplatter,2
sub-025,croissants,2
sub-025,wildberriesmix,2
sub-025,donut,2
sub-025,chiccory,1
sub-025,blacklicoricewheels,1
sub-025,broccoli,2
sub-025,espresso,1
sub-025,yellowbellpeppersliced,1
sub-025,cookiemix,1
sub-025,cheesecake,2
sub-025,strawberrycreamcake,2
sub-025,camembert,2
sub-025,soybeansprouts,1
sub-025,waterbottle,4
sub-025,greenasparagus,1
sub-025,almonds,1
sub-025,wienerschnitzel,2
sub-025,asparagus,1
sub-025,donutsandpastries,1
sub-025,somedifferentcakewedges,1
sub-025,roundshortbreadcookies,2
sub-025,cakewithgelatinizedfruits,1
sub-025,mixedvegetables,2
sub-025,mandarins,3
sub-025,cheeseplatter,2
sub-025,crispbreadwithcottagecheese,1
sub-025,chocolatepopsiclewithnuts,2
sub-025,lemoncake,1
sub-025,crispbreadwithcookedham,2
sub-025,pineapple,2
sub-025,spaghettiwithtomatosauce,1
sub-025,chinesecabbage,1
sub-025,smokedhambacon,3
sub-025,rollsinabasket,3
sub-025,chocolatebarfilledwithstrawberryandyogurtcream,1
sub-025,waffles,1
sub-025,lettuceiceberg,1
sub-025,marblecake,2
sub-025,filledcookiewithwalnut,3
sub-025,canardroasted,3
sub-025,mueslibaroatmeal,1
sub-025,cheeseandcoldmeatplatter,3
sub-025,chocolatemuffin,3
sub-025,pastameal,2
sub-025,avocado,2
sub-025,tomatoes,2
sub-025,beansandcarrotscooked,2
sub-025,mixedvegetables,2
sub-025,kitkatchocolatewaferbars,1
sub-025,peascornandpotatos,1
sub-025,strawberrycake,1
sub-025,greenbellpepper,1
sub-025,salamiroastedhamandcheese,3
sub-025,chocolatemarshmallows,1
sub-025,cheeseburger,1
sub-025,chocolatecandybar,1
sub-025,mixedvegetables,1
sub-025,pizzawithsalami,2
sub-025,chickenfilletsgrilled,1
sub-025,cornflakesandalmondscoveredinchocolate,1
sub-025,liversausage,1
sub-025,oranges,2
sub-025,bagel,3
sub-025,raffaelococonutwaferballs,1
sub-025,filledroulade,1
sub-025,wafflewithwhippedcream,2
sub-025,sausage,1
sub-025,croissants,2
sub-025,pinenuts,1
sub-025,redgrapes,2
sub-025,cucumberandcarrot,1
sub-025,germankrapfen,1
sub-025,barsofwhitechocolate,1
sub-025,bread,3
sub-025,raspberrycandies,1
sub-025,spaghettiwithtomatosauce,2
sub-025,peascooked,1
sub-025,grilledbavariansausage,1
sub-025,rissole,1
sub-025,stracciatellacake,1
sub-025,crispbreadwithcottagecheese,1
sub-025,fruitmixkiwicherriesstrawberries,3
sub-025,cauliflower,2
sub-025,cheeseburger,3
sub-025,roastpork,3
sub-025,orange,2
sub-025,potatoes,1
sub-025,cheeseburgerfrenchfries,2
sub-025,chocolatepopsicles,1
sub-025,arugula,1
sub-025,kiwis,2
sub-025,apples,2
sub-025,fruitmixnectarinesraspberriescherries,3
sub-025,pizzawithmushroomsandbellpepper,2
sub-025,bowlofmuesligranola,1
sub-025,potatoes,1
sub-025,doughnutdonutplain,3
sub-025,frenchcruller,1
sub-025,hazelnuts,1
sub-025,burgerpattywithfrenchfriesandsalad,3
sub-025,chives,1
sub-025,pastabake,3
sub-025,salmonwithvegetablesgrilled,3
sub-025,filledwaffles,1
sub-025,chocolatecake,2
sub-025,roastbeef,3
sub-025,redcurrants,2
sub-025,chocolatecake,1
sub-025,olives,1
sub-025,hamburgerwithbacon,2
sub-025,salmon,3
sub-025,toblerone,1
sub-025,cheeseburgerfrenchfriesandcola,3
sub-025,redbellpepper,1
sub-025,icecreamwithchocolatebeans,1
sub-025,redchilli,1
sub-025,hardcandies,1
sub-025,steakwithbackedpotatoandvegetables,3
sub-025,chocolatecroissants,2
sub-025,sundaepeach,1
sub-025,salmon,2
sub-025,rigatoniwithvegetable,2
sub-025,frenchfries,3
sub-025,saladplate,2
sub-025,pears,1
sub-025,popcorn,1
sub-025,cookedhamcut,2
sub-025,hamburger,3
sub-025,paprikapeppersredyelloworange,1
sub-025,pretzelsticks,1
sub-025,tagliatelle,1
sub-025,salmonsushi,3
sub-025,apples,2
sub-025,glassofbeer,1
sub-025,fruits,4
sub-025,muffins,3
sub-025,bowlofsalad,2
sub-025,grapewhites,2
sub-025,apples,2
sub-025,greenbeans,2
sub-025,pistachios,1
sub-025,peaches,1
sub-025,barofchocolate,1
sub-025,cutlet,3
sub-025,chocolatebar,1
sub-025,fruitsalad,3
sub-025,roll,2
sub-025,loafofbread,3
sub-025,blueberries,3
sub-025,springonions,1
sub-025,banana,3
sub-025,frenchfriesandchickendrumsticks,2
sub-025,strawberrycake,2
sub-025,tomatoes,2
sub-025,glassofwhitewine,1
sub-025,bloodoranges,2
sub-025,spinach,1
sub-025,mushroomsbrown,1
sub-025,ravioli,2
sub-025,chocolateandstrawberryicecream,2
sub-025,filledchocolates,1
sub-025,beefsteakraw,3
sub-025,potatoesandcorn,2
sub-025,breakfastcereals,1
sub-025,snackmix,4
sub-025,carrotscooked,1
sub-025,redpaprikapeppers,1
sub-025,piecesoffruit,3
sub-025,headoficeberglettuce,1
sub-025,bowlofmuesligranola,1
sub-025,vanillaandchocolateicecreamcone,2
sub-025,apples,2
sub-025,croissants,3
sub-025,chocolatepieces,1
sub-025,hamsandwich,3
sub-025,eclair,1
sub-025,saladplate,2
sub-025,mixedvegetables,2
sub-025,meatpie,1
sub-025,shortbread,1
sub-025,watermelon,1
sub-025,pastawithbacon,2
sub-025,wildberriesmix,3
sub-025,lattemacchiato,4
sub-025,briecheese,2
sub-025,cheesecakewithstrawberriesandcrumbles,3
sub-025,cookie,2
sub-025,vegetables,2
sub-025,brusselssprouts,2
sub-025,peanuts,1
sub-025,challahbraidedyeastbun,3
sub-025,sausages,1
sub-025,roastedchicken,3
sub-025,blueberries,3
sub-025,chips,3
sub-025,blackberries,3
sub-025,cantaloup,1
sub-025,pizzahamandmushrooms,3
sub-025,hamsandwich,2
sub-025,banana,2
sub-025,cake,2
sub-025,frenchfrieschicken,3
sub-025,chocolatetruffle,1
sub-025,shashlikwithbakedpotato,2
sub-025,watermelon,1
sub-025,gardenradish,1
sub-025,meatpie,1
sub-025,camembert,2
sub-025,shortbreads,1
sub-025,beefsteakraw,3
sub-025,jaffacookies,2
sub-025,paprikapeppersredgreenyellow,1
sub-025,potatoewedges,3
sub-025,browniewithnuts,1
sub-025,waffle,2
sub-025,raspberrycreamcake,2
sub-025,chocolatebiscuit,1
sub-025,pizzasalami,3
sub-025,friedsausagewithroll,3
sub-025,nicnaccrustypeanuts,3
sub-025,mixedlicorice,1
sub-025,curdwithchives,3
sub-025,flatcakewithsalad,3
sub-025,breads,2
sub-025,cheese,3
sub-025,nectarines,2
sub-025,spaghetti,1
sub-025,pineapple,2
sub-025,chocolatecake,2
sub-025,sundae,1
sub-025,spinachpotatoecasserole,3
sub-025,carambolastarfruit,1
sub-025,shashlik,3
sub-025,asparaguswithbechamelsauce,2
sub-025,chocolatemuffin,2
sub-025,croissant,3
sub-025,troutwithpotatoespanfried,2
sub-025,lollipops,1
sub-025,fruitcake,2
sub-025,cornmaize,1
sub-025,strawberrytartlet,2
sub-025,peapod,1
sub-025,tortellini,2
sub-025,puffedricecoveredinchocolate,1
sub-025,meatfilletsandvegetablesgrilled,3
sub-025,grapes,2
sub-025,romanlettuce,1
sub-025,potatoes,1
sub-025,raspberries,3
sub-025,greenpaprikapeppers,1
sub-025,crispbread,1
sub-025,bagelswithsesameandpoppyseed,3
sub-025,frenchfries,3
sub-025,roastpotatoes,3
sub-025,cookiesfilledwithchocolatecream,1
sub-025,popcorn,1
sub-025,sachercake,2
sub-025,rusk,2
sub-025,crackers,1
sub-025,roulade,3
sub-025,pancakeswithblueberries,3
sub-025,creamcakewithfruits,1
sub-025,strawberryicecreamcone,1
sub-025,chips,2
sub-025,fishwithvegetablesgrilled,2
sub-025,mixedvegetablescooked,2
sub-025,croissantwithbutterandjam,2
sub-025,eggsineggboard,1
sub-025,papaya,1
sub-025,pizzawithsalami,2
sub-025,wildberriesmix,2
sub-025,glassofbeer,1
sub-025,fruitplatemelonpineapplegrapes,2
sub-025,cookedham,1
sub-025,jellycandies,1
sub-025,donutchocolatetopping,2
sub-025,artichoke,1
sub-025,toastwhitebread,2
sub-025,lemons,1
sub-025,grapefruit,2
sub-025,gardenradish,1
sub-025,mixedsalad,1
sub-025,cheeseplatter,2
sub-025,pancakewithfruits,3
sub-025,friedegg,2
sub-025,shrimp,4
sub-025,sushirolls,4
sub-025,coloredchocolatebeans,1
sub-025,carrots,2
sub-025,celery,1
sub-025,mixedvegetables,1
sub-025,brusselssprouts,2
sub-025,doughnutdonuticing,1
sub-025,pastriesanddonuts,1
sub-025,tortillachips,1
sub-025,zucchini,1
sub-025,spaghettiwithpesto,2
sub-025,walnuts,1
sub-025,lemon1half,1
sub-025,marblecake,2
sub-025,leek,1
sub-025,peanutpuffs,1
sub-025,cakewithtangerines,1
sub-025,sachercake,2
sub-025,tomatosliced,1
sub-025,veggiemixwithdip,1
sub-025,saladplate,1
sub-025,raspberries,3
sub-025,blueberryastrawberrytartlet,2
sub-025,wildberriesmix,3
sub-025,vanillaicecream,1
sub-025,carrots,1
sub-025,knuckleofporkwithsauerkraut,1
sub-025,cake,2
sub-025,spaghettiwithtomatosauce,2
sub-025,cutlet,3
sub-025,chocolateandvanillaicecream,2
sub-025,lasagna,3
sub-025,croissants,2
sub-025,germankrapfen,1
sub-025,pizzaslicesassorted,2
sub-025,hotdog,1
sub-025,glassoforangejuice,3
sub-025,lemon,1
sub-025,openedbarofchocolatewithnuts,1
sub-025,redcabbage,1
sub-025,chocolatepopsiclewithnuts,1
sub-025,roll,1
sub-025,pear,1
sub-025,emmentalercheese,2
sub-025,chroisant,2
sub-025,lasagna,3
sub-025,grapeswhite,2
sub-025,chickenroasted,2
sub-025,salmon,2
sub-025,gummicandygoldbears,1
sub-025,bread,2
sub-025,spinach,1
sub-025,challahbraidedyeastbunwithraisins,2
sub-025,grapesredandwhite,2
sub-025,peanuts,1
sub-025,ricewaffles,1
sub-025,strawberries,3
sub-025,chips,2
sub-025,figs,1
sub-025,fishsticks,1
sub-025,piecesofchocolate,1
sub-025,eggboiled,1
sub-025,tomatoandmozzarellaskewer,3
sub-025,sliceofbreadtoppedwithchocolatecream,1
sub-025,hardcandies,1
sub-025,sushi,2
sub-025,toffifayfilledcaramelcup,1
sub-025,pizzawithmushrooms,3
sub-025,cookie,1
sub-025,openedchipsbag,2
sub-025,limes,1
sub-025,butter,1
sub-025,chocolatecookie,3
sub-025,appledanish,2
sub-025,oranges,1
sub-025,christmassweets,1
sub-025,cherries,2
sub-025,strawberries,3
sub-025,headofgreenlettuce,1
sub-025,cheddarcheese,2
sub-025,rasberries,3
sub-025,cheese,2
sub-025,tunasandwiches,2
sub-025,tomatoandmozzarella,3
sub-025,sushiwithsalmon,2
sub-025,oranges,2
sub-025,marshmallowsflat,1
sub-025,grapesred,2
sub-025,muffins,2
sub-025,quiche,3
sub-025,chickenraw,1
sub-025,cheeseburgerfrenchfriesandcola,3
sub-025,steakwithbackedpotatoandvegetables,2
sub-025,sproutspotatoescarrots,2
sub-025,artichoke,1
sub-025,fennel,1
sub-025,cheeseburger,3
sub-025,rasberry,3
sub-025,apple,2
sub-025,chocolatemuffin,2
sub-025,kohlrabi,1
sub-025,hardcandies,1
sub-025,veggiemixcucumbertomatopeppers,2
sub-025,yellowbellpepper,1
sub-025,pretzels,2
sub-025,spareribswithfrenchfriesandsalad,2
sub-025,crispreadwithcottagecheese,1
sub-025,cauliflower,1
sub-025,fruits,1
sub-025,cookiesfilledwithchocolatecream,1
sub-025,cucumberwithslices,1
sub-025,frankfurtcrowncake,1
sub-025,headofcabbage,1
sub-025,vegetables,1
sub-025,cookiefilledwithjelly,1
sub-025,pickles,1
sub-025,toast,2
sub-025,croissant,1
sub-025,chocolatemuffin,2
sub-025,greenonionshallot,1
sub-025,vanillaicecreamcone,1
sub-025,strawberries,3
sub-025,greenchili,1
sub-025,steak,3
sub-025,germankrapfen,1
sub-025,crispbreadwithcottagecheese,1
sub-025,baguette,1
sub-025,saladplate,1
sub-025,icecream,1
sub-025,donutchocolate,1
sub-025,vienneseschnitzel,1
sub-025,fennel,1
sub-025,carrots,1
sub-025,crispbread,1
sub-025,meatballspatties,2
sub-025,sundaewithraspberries,1
sub-025,cherries,2
sub-025,sushirollwithcucumber,1
sub-025,vienneseschnitzelwithpotatoes,2
sub-025,pralines,1
sub-025,peach,1
sub-025,artichoke,1
sub-025,cake,1
sub-025,marzipanchocolate,1
sub-025,sugarsnappea,1
sub-025,pizzaveggiecheese,2
sub-025,doughnutdonutjam,1
sub-025,walnut,1
sub-025,chocolatecookies,1
sub-025,hotdog,1
sub-025,potatogratin,3
sub-025,breadroll,2
sub-025,germankrapfen,1
sub-025,gherkin,1
sub-025,gooseroasted,2
sub-025,chocolatecreamcake,1
sub-025,mashedpotatoes,4
sub-025,wildberriesmix,3
sub-025,glassofgherkins,1
sub-025,hamsandwichwithchips,1
sub-025,hamsandwich,2
sub-025,raspberrycake,2
sub-025,minichocolatecakebar,1
sub-025,spaghettibolognese,2
sub-025,fishsandwich,1
sub-025,tomato,2
sub-025,greenapple,1
sub-025,toastwithjam,1
sub-025,barofchocolatewithnuts,1
sub-025,cappuccino,1
sub-025,spareribswithfrenchfriesandsalad,3
sub-025,croissants,2
sub-025,pretzel,1
sub-025,oranges,1
sub-025,plateofsalad,2
sub-025,cheesecakewithcherrytopping,2
sub-025,gummicandyandlicoricemix,1
sub-025,chocolatecakewithnuts,1
sub-025,muffin,2
sub-025,minicookieswithchocolateononeside,1
sub-025,grapes,2
sub-025,doughnutdonutchocolate,1
sub-025,creamroll,1
sub-025,glassofredwine,1
sub-025,banana,2
sub-025,cheeseburger,2
sub-025,pineapple,1
sub-025,frenchfries,3
sub-026,fruits,3
sub-026,cheese,3
sub-026,chocolatecake,4
sub-026,cheese,3
sub-026,spaghettiwithtomatosauce,2
sub-026,carrotscooked,1
sub-026,popcorn,3
sub-026,pralines,2
sub-026,croissants,2
sub-026,spareribswithfrenchfriesandsalad,4
sub-026,mixedvegetables,1
sub-026,glassofredwine,2
sub-026,lemons,1
sub-026,toffifayfilledcaramelcup,1
sub-026,spinach,1
sub-026,salmon,3
sub-026,radishes,2
sub-026,oranges,3
sub-026,chocolatemarshmallows,2
sub-026,raspberries,2
sub-026,lettucelollorosso,1
sub-026,crispreadwithcottagecheese,3
sub-026,crispbreadwithcottagecheese,2
sub-026,redbellpepper,1
sub-026,sausages,2
sub-026,arugula,1
sub-026,marshmallowsflat,1
sub-026,hardcandies,2
sub-026,beefsteakraw,4
sub-026,roastpotatoes,4
sub-026,tomatoes,2
sub-026,gummicandygoldbears,2
sub-026,chocolatecake,4
sub-026,steak,4
sub-026,chocolatebarfilledwithstrawberryandyogurtcream,3
sub-026,quiche,4
sub-026,raffaelococonutwaferballs,2
sub-026,beansandcarrotscooked,1
sub-026,potatogratin,2
sub-026,potatoewedges,4
sub-026,donerkebab,4
sub-026,sausage,3
sub-026,filledwaffles,4
sub-026,pastameal,4
sub-026,tomato,3
sub-026,wildberriesmix,2
sub-026,eggsineggboard,4
sub-026,mixedvegetables,2
sub-026,blackberries,1
sub-026,nectarines,3
sub-026,pastabake,4
sub-026,mixedvegetables,2
sub-026,pizzaslicesassorted,4
sub-026,mixedvegetables,1
sub-026,pastabake,4
sub-026,bowlofsalad,2
sub-026,cheesecakewithcherrytopping,2
sub-026,glassofgherkins,3
sub-026,blacklicoricewheels,3
sub-026,cucumberandcarrot,2
sub-026,cake,3
sub-026,mixedvegetables,1
sub-026,espresso,3
sub-026,fruits,2
sub-026,grapes,1
sub-026,donerkebab,4
sub-026,glassoforangejuice,4
sub-026,cookiesoreos,4
sub-026,burgerpattywithfrenchfriesandsalad,4
sub-026,carrots,1
sub-026,cakewithgelatinizedfruits,2
sub-026,sausagesfrankfurter,2
sub-026,nutscoveredinchocolate,4
sub-026,barofchocolate,3
sub-026,asparagus,2
sub-026,potatoes,4
sub-026,bowlofrice,4
sub-026,camembert,3
sub-026,hamburgerwithbacon,4
sub-026,pomegranate,2
sub-026,wildberriesmix,3
sub-026,vanillaicecreamcone,3
sub-026,carrots,1
sub-026,cheeseburger,2
sub-026,pastriesanddonuts,4
sub-026,chips,4
sub-026,bagelswithsesameandpoppyseed,2
sub-026,breads,1
sub-026,cheese,2
sub-026,donutsandpastries,4
sub-026,chocolateandstrawberryicecream,4
sub-026,sundae,3
sub-026,breadroll,2
sub-026,wildberriesmix,2
sub-026,cornmaize,3
sub-026,baguette,3
sub-026,creamcakewithfruits,4
sub-026,muffins,2
sub-026,blueberries,4
sub-026,bagel,2
sub-026,doughnutdonutplain,4
sub-026,spaghettiwithtomatosauce,2
sub-026,hamsandwich,3
sub-026,yellowbellpeppersliced,2
sub-026,headofcabbage,1
sub-026,lattemacchiato,4
sub-026,cookies,3
sub-026,chocolatemuffin,4
sub-026,artichoke,1
sub-026,honeydewmelon,2
sub-026,grilledbavariansausage,3
sub-026,cornflakeswithmilk,3
sub-026,cheeseplatter,2
sub-026,apples,1
sub-026,brusselssprouts,2
sub-026,frenchfriesandchickendrumsticks,3
sub-026,chocolatepopsiclewithnuts,3
sub-026,cheesecakewithstrawberriesandcrumbles,4
sub-026,greenpaprikapeppers,1
sub-026,hazelnuts,1
sub-026,paprikapeppersredyelloworange,1
sub-026,knuckleofporkwithsauerkraut,2
sub-026,chocolatecroissants,4
sub-026,greenbellpepper,2
sub-026,vegetables,1
sub-026,emmentalercheese,2
sub-026,gherkin,2
sub-026,wafflewithwhippedcream,3
sub-026,chocolatemuffin,4
sub-026,peanuts,3
sub-026,fennel,1
sub-026,cheeseandcoldmeatplatter,4
sub-026,cheeseburger,4
sub-026,croissants,4
sub-026,cauliflower,2
sub-026,toblerone,4
sub-026,cake,3
sub-026,marzipanchocolate,3
sub-026,redpaprikapeppers,1
sub-026,icecreamwithchocolatebeans,2
sub-026,minicookieswithchocolateononeside,4
sub-026,mixedsalad,2
sub-026,sushiwithsalmon,4
sub-026,cheddarcheese,2
sub-026,roastedchicken,4
sub-026,spaghettiwithpesto,3
sub-026,parsley,1
sub-026,beefsteakraw,3
sub-026,papaya,1
sub-026,crispbread,2
sub-026,raspberrycreamcake,3
sub-026,liversausage,4
sub-026,redgrapes,3
sub-026,winegum,2
sub-026,apples,3
sub-026,ravioli,2
sub-026,fishwithvegetablesgrilled,4
sub-026,raspberries,3
sub-026,potatoes,3
sub-026,carrots,2
sub-026,wildberriesmix,2
sub-026,roastbeef,4
sub-026,tomatoandmozzarellaskewer,4
sub-026,zucchini,2
sub-026,doughnutdonutchocolate,4
sub-026,mixedvegetablescooked,2
sub-026,cake,3
sub-026,hardcandies,2
sub-026,cheeseplatter,2
sub-026,tomatoandmozzarella,4
sub-026,carambolastarfruit,2
sub-026,onion,2
sub-026,roll,3
sub-026,gardenradish,2
sub-026,fishsandwich,4
sub-026,camembert,3
sub-026,icecreamsandwiches,4
sub-026,hamsandwich,4
sub-026,watermelon,3
sub-026,tagliatelle,3
sub-026,shashlik,4
sub-026,cherry,2
sub-026,headofgreenlettuce,1
sub-026,waffles,3
sub-026,orange,3
sub-026,roastpork,4
sub-026,mushroomswhite,3
sub-026,cherries,2
sub-026,frankfurtcrowncake,4
sub-026,veggiemixcucumbertomatopeppers,2
sub-026,lemon1half,3
sub-026,walnuts,2
sub-026,somedifferentcakewedges,4
sub-026,pastabake,4
sub-026,bowlofmuesligranola,3
sub-026,minichocolatemarshmallows,4
sub-026,openedbarofchocolatewithnuts,4
sub-026,kitkatchocolatewaferbars,4
sub-026,spareribswithfrenchfriesandsalad,4
sub-026,watermelon,2
sub-026,lollipops,2
sub-026,strawberrytartlet,4
sub-026,salamiroastedhamandcheese,1
sub-026,springonions,1
sub-026,donutchocolatetopping,4
sub-026,chinesecabbage,3
sub-026,ricewaffles,2
sub-026,chickenraw,4
sub-026,chocolatecake,4
sub-026,cucumberslice,3
sub-026,vanillaandchocolateicecreamcone,3
sub-026,mmspeanut,2
sub-026,cake,4
sub-026,hotdog,4
sub-026,snackmix,3
sub-026,pizzasalami,4
sub-026,chiccory,1
sub-026,barofchocolatewithnuts,4
sub-026,chroisant,3
sub-026,blueberries,3
sub-026,hamsandwichwithchips,2
sub-026,edamcheese,2
sub-026,chips,3
sub-026,glassofbeer,4
sub-026,cauliflower,4
sub-026,mashedpotatoes,4
sub-026,marblecake,3
sub-026,frenchcruller,4
sub-026,avocado,2
sub-026,vienneseschnitzelwithpotatoes,4
sub-026,spaghettibolognese,4
sub-026,chives,2
sub-026,spinachpotatoecasserole,4
sub-026,pancakes,2
sub-026,cake,3
sub-026,chocolatecookies,3
sub-026,rasberry,2
sub-026,tomatosliced,2
sub-026,peach,2
sub-026,meatpie,4
sub-026,cutlet,4
sub-026,germankrapfen,4
sub-026,donut,3
sub-026,shortbreads,3
sub-026,chocolatepopsiclewithnuts,1
sub-026,pears,4
sub-026,grapewhites,3
sub-026,paprikapeppersredgreenyellow,1
sub-026,tunasandwiches,4
sub-026,cake,3
sub-026,cheeseplatter,3
sub-026,eggboiled,2
sub-026,platewithrawhamburgerpattiesandsausages,3
sub-026,meatballspatties,4
sub-026,grapesred,4
sub-026,raspberrycake,4
sub-026,cheeseburgerfrenchfriesandcola,4
sub-026,spaghetti,2
sub-026,artichoke,1
sub-026,cherries,3
sub-026,bread,2
sub-026,gummicandycola,4
sub-026,chocolatecake,4
sub-026,hamsandwich,3
sub-026,strawberryhalf,4
sub-026,sandwichroastbeef,4
sub-026,strawberryicecreamcone,4
sub-026,sliceofbreadtoppedwithchocolatecream,3
sub-026,sachercake,4
sub-026,spinach,1
sub-026,tomatoes,2
sub-026,plateofsalad,2
sub-026,pizzawithsalami,4
sub-026,cakegugelhupf,3
sub-026,chocolatecreamcake,3
sub-026,appledanish,4
sub-026,bowlofmuesligranola,1
sub-026,sachercake,4
sub-026,hamsandwichwithchips,3
sub-026,headofgreenlettuce,2
sub-026,cookedham,4
sub-026,rollsinabasket,4
sub-026,fishsticks,4
sub-026,vegetables,1
sub-026,bloodoranges,3
sub-026,fruitplatemelonpineapplegrapes,3
sub-026,pizzaveggiecheese,1
sub-026,asparaguswithbechamelsauce,2
sub-026,strawberries,4
sub-026,lemon,3
sub-026,shashlikwithbakedpotato,4
sub-026,gardenradish,3
sub-026,oranges,3
sub-026,hamandcheesesandwich,3
sub-026,glassofwhitewine,3
sub-026,germankrapfen,4
sub-026,flatcakewithsalad,1
sub-026,kiwis,4
sub-026,hotdog,4
sub-026,sundaepeach,4
sub-026,chipsfrenchfries,4
sub-026,peanuts,4
sub-026,applepie,4
sub-026,chips,1
sub-026,friedsausagewithroll,2
sub-026,rasberries,2
sub-026,crackers,2
sub-026,meatpie,3
sub-026,peapod,3
sub-026,eclair,2
sub-026,muffin,4
sub-026,jaffacookies,4
sub-026,sushirolls,4
sub-026,oranges,4
sub-026,minichocolatecakebar,4
sub-026,cremebrulee,3
sub-026,chickenfilletsgrilled,4
sub-026,rigatoniwithvegetable,3
sub-026,saladplate,3
sub-026,salmon,4
sub-026,hotdog,3
sub-026,lasagna,4
sub-026,banana,2
sub-026,cutlet,4
sub-026,fruitmixkiwicherriesstrawberries,3
sub-026,hardcandies,3
sub-026,almonds,2
sub-026,bowlofsalad,2
sub-026,soybeansprouts,1
sub-026,tortillachips,2
sub-026,saladplate,2
sub-026,croissantwithbutterandjam,3
sub-026,lemoncake,3
sub-026,browniewithnuts,4
sub-026,chocolatebarbite,3
sub-026,frenchfries,4
sub-026,openedchipsbag,2
sub-026,donutchocolate,4
sub-026,cornonacob,2
sub-026,blueberryastrawberrytartlet,3
sub-026,grapesredandwhite,3
sub-026,crispbreadwithcottagecheese,2
sub-026,chocolatepopsicles,4
sub-026,vanillaicecream,4
sub-026,peanutpuffs,2
sub-026,strawberries,2
sub-026,peanuts,2
sub-026,vienneseschnitzel,4
sub-026,gooseroasted,4
sub-026,hazelnut,2
sub-026,cake,3
sub-026,grapefruit,3
sub-026,cheeseburgerfrenchfries,4
sub-026,croissants,3
sub-026,pretzels,3
sub-026,cookie,4
sub-026,strawberrycake,4
sub-026,mixedlicorice,2
sub-026,celery,1
sub-026,chocolatebar,4
sub-026,croissant,2
sub-026,raspberrycake,3
sub-026,cucumberwithslices,2
sub-026,fennel,1
sub-026,cookie,4
sub-026,pineapple,4
sub-026,challahbraidedyeastbun,2
sub-026,croissants,3
sub-026,filletofporkgrilled,4
sub-026,puffedricecoveredinchocolate,4
sub-026,toastwithjam,3
sub-026,frenchtoast,3
sub-026,pretzelsticks,3
sub-026,raspberrycreamcake,3
sub-026,blackberry,2
sub-026,cookedhamcut,2
sub-026,kohlrabi,3
sub-026,glassofbeer,4
sub-026,barsofwhitechocolate,3
sub-026,rissole,3
sub-026,chocolatemuffin,4
sub-026,somebarsofchocolatestacked,4
sub-026,strawberries,3
sub-026,cheeseplatter,3
sub-026,lettuceiceberg,3
sub-026,pistachios,3
sub-026,pizzawithmushrooms,4
sub-026,wildberriesmix,2
sub-026,figs,2
sub-026,leek,2
sub-026,hamburger,4
sub-026,croissants,3
sub-026,cheeseburger,4
sub-026,chips,2
sub-026,butter,1
sub-026,cookiesmixed,3
sub-026,peascornandpotatos,3
sub-026,bowlofrice,4
sub-026,hotdog,3
sub-026,jellycandies,2
sub-026,grapes,3
sub-026,potatoes,3
sub-026,muffins,4
sub-026,crispbread,3
sub-026,cornflakesandalmondscoveredinchocolate,4
sub-026,nicnaccrustypeanuts,3
sub-026,filledroulade,2
sub-026,zucchini,1
sub-026,chocolatetruffle,1
sub-026,saladplate,2
sub-026,toast,3
sub-026,redcurrants,2
sub-026,smokedhambacon,4
sub-026,chocolatebarbroken,2
sub-026,veggiemixwithdip,2
sub-026,blackforestcake,4
sub-026,croissant,3
sub-026,raspberrycandies,1
sub-026,pastries,4
sub-026,chocolatecookie,4
sub-026,artichoke,1
sub-026,cakewithpowderedsugar,4
sub-026,romanlettuce,4
sub-026,chocolatemuffin,4
sub-026,redchilli,1
sub-026,grapeswhite,3
sub-026,peascooked,3
sub-026,cookiemix,4
sub-026,pretzel,4
sub-026,greenbeans,3
sub-026,icecream,4
sub-026,pancakeswithblueberries,3
sub-026,mueslibaroatmeal,1
sub-026,cauliflower,1
sub-026,saladplate,3
sub-026,gummibearswithextrasugar,3
sub-026,pinenuts,2
sub-026,shortbread,4
sub-026,brusselssprouts,2
sub-026,olives,4
sub-026,banana,2
sub-026,pears,3
sub-026,muffins,4
sub-026,hamsandwich,4
sub-026,gherkinsliced,3
sub-026,strawberrycreamcake,4
sub-026,steakwithbackedpotatoandvegetables,4
sub-026,crispbreadwithcookedham,2
sub-026,chocolatebarfilledwithmilkcream,3
sub-026,pizzawithmushroomsandbellpepper,4
sub-026,roundshortbreadcookies,4
sub-026,cookiesfilledwithchocolatecream,3
sub-026,pastawithbacon,2
sub-026,greenchili,1
sub-026,frenchfries,4
sub-026,crispbreadwithcottagecheese,2
sub-026,doughnutdonutjam,4
sub-026,greenasparagus,1
sub-026,stracciatellacake,3
sub-026,doughnutdonuticing,4
sub-026,cheeseburger,4
sub-026,roastbeef,4
sub-026,briecheese,4
sub-026,coloredchocolatebeans,4
sub-026,pizzahamandmushrooms,4
sub-026,gummicandyandlicoricemix,3
sub-026,cantaloup,4
sub-026,banana,2
sub-026,redcabbage,2
sub-026,waterbottle,2
sub-026,cookiesfilledwithchocolatecream,3
sub-026,pear,3
sub-026,fruitsalad,3
sub-026,sushi,2
sub-026,waffle,4
sub-026,strawberrycake,4
sub-026,bagelwithcreamcheeseandvegetables,3
sub-026,loafofbread,2
sub-026,muffinwithgreentopping,2
sub-026,pineapple,4
sub-026,tortellini,3
sub-026,avocado,1
sub-026,mixedsalad,2
sub-026,cakewithtangerines,2
sub-026,chocolatecandybar,4
sub-026,pancakewithfruits,3
sub-026,limes,3
sub-026,piecesoffruit,3
sub-026,germankrapfen,3
sub-026,sushirollwithcucumber,4
sub-026,filledchocolates,4
sub-026,squashpumpkin,2
sub-026,mushroomsbrown,3
sub-026,chickenroasted,4
sub-026,beefsteakraw,4
sub-026,roulade,3
sub-026,greenapple,3
sub-026,wienerschnitzel,4
sub-026,canardroasted,4
sub-026,lasagna,4
sub-026,roll,2
sub-027,cauliflower,4
sub-027,friedsausagewithroll,4
sub-027,loafofbread,3
sub-027,chocolatemarshmallows,2
sub-027,cookiemix,3
sub-027,shortbreads,3
sub-027,grilledbavariansausage,2
sub-027,chroisant,3
sub-027,greenasparagus,4
sub-027,carambolastarfruit,1
sub-027,pineapple,2
sub-027,avocado,4
sub-027,saladplate,4
sub-027,carrotscooked,3
sub-027,troutwithpotatoespanfried,4
sub-027,sausagesfrankfurter,2
sub-027,vanillaandchocolateicecreamcone,3
sub-027,kiwis,3
sub-027,sundaewithraspberries,3
sub-027,glassoforangejuice,4
sub-027,asparaguswithbechamelsauce,2
sub-027,doughnutdonutplain,2
sub-027,crispbreadwithcookedham,1
sub-027,cornmaize,3
sub-027,asparagus,3
sub-027,vienneseschnitzelwithpotatoes,2
sub-027,saladplate,4
sub-027,pizzahamandmushrooms,3
sub-027,cheesecakewithstrawberriesandcrumbles,3
sub-027,sushiwithsalmon,4
sub-027,pineapple,3
sub-027,mixedvegetables,4
sub-027,blueberries,4
sub-027,sandwichroastbeef,3
sub-027,chocolatecake,2
sub-027,cheeseplatter,4
sub-027,cheeseplatter,3
sub-027,soybeansprouts,2
sub-027,fishwithvegetablesgrilled,4
sub-027,curdwithchives,3
sub-027,salamisausage,2
sub-027,filletofporkgrilled,3
sub-027,cake,4
sub-027,toffifayfilledcaramelcup,3
sub-027,bowlofmuesligranola,3
sub-027,spareribswithfrenchfriesandsalad,1
sub-027,cherries,4
sub-027,spaghettiwithpesto,2
sub-027,banana,3
sub-027,mixedvegetables,4
sub-027,spinach,2
sub-027,espresso,4
sub-027,chocolatecake,3
sub-027,vienneseschnitzel,2
sub-027,bagel,4
sub-027,chocolatebar,1
sub-027,chipsfrenchfries,2
sub-027,cheese,3
sub-027,vegetables,4
sub-027,carrots,3
sub-027,cake,4
sub-027,raspberrycake,1
sub-027,pizzawithsalami,2
sub-027,pomegranate,4
sub-027,snackmix,1
sub-027,cake,4
sub-027,ravioli,1
sub-027,pizzawithsalami,2
sub-027,peanutpuffs,1
sub-027,walnuts,1
sub-027,glassofwhitewine,3
sub-027,headoficeberglettuce,4
sub-027,chickenroasted,4
sub-027,apples,1
sub-027,chocolatemuffin,4
sub-027,sausage,2
sub-027,chocolatemuffin,1
sub-027,nectarines,4
sub-027,tortellini,4
sub-027,grapesredandwhite,4
sub-027,sushi,4
sub-027,chips,1
sub-027,redgrapes,4
sub-027,grapes,4
sub-027,steakwithbackedpotatoandvegetables,4
sub-027,meatfilletsandvegetablesgrilled,3
sub-027,bread,2
sub-027,mixedvegetables,3
sub-027,gummicandygoldbears,4
sub-027,ricewaffles,1
sub-027,grapes,3
sub-027,strawberries,4
sub-027,pizzaslicesassorted,4
sub-027,crispbreadwithcottagecheese,1
sub-027,headofcabbage,3
sub-027,edamcheese,3
sub-027,orange,2
sub-027,raspberrycreamcake,1
sub-027,kiwi,3
sub-027,frenchfriesandchickendrumsticks,1
sub-027,vegetables,4
sub-027,crispbreadwithcottagecheese,1
sub-027,watermelon,3
sub-027,papaya,1
sub-027,greenonionshallot,2
sub-027,chinesecabbage,4
sub-027,strawberryhalf,4
sub-027,hotdog,2
sub-027,radishes,3
sub-027,flatcakewithsalad,2
sub-027,frenchfries,4
sub-027,coloredchocolatebeans,4
sub-027,puffedricecoveredinchocolate,1
sub-027,creamcakewithfruits,1
sub-027,nutscoveredinchocolate,3
sub-027,roll,2
sub-027,greenbeans,2
sub-027,apple,4
sub-027,crispreadwithcottagecheese,1
sub-027,cake,2
sub-027,vanillaicecreamcone,3
sub-027,pear,3
sub-027,mixedvegetables,4
sub-027,potatoes,2
sub-027,toblerone,3
sub-027,cheeseplatter,4
sub-027,gherkinsliced,1
sub-027,waffles,3
sub-027,hamandcheesesandwich,3
sub-027,tomatoes,4
sub-027,tomatoandmozzarella,3
sub-027,chocolatecandybar,3
sub-027,donut,4
sub-027,veggiemixwithdip,4
sub-027,chocolatebarfilledwithmilkcream,2
sub-027,cheesecakewithcherrytopping,3
sub-027,croissants,2
sub-027,redpaprikapeppers,3
sub-027,cookiesoreos,4
sub-027,mixedvegetables,4
sub-027,frenchfries,1
sub-027,shashlik,1
sub-027,bagelwithcreamcheeseandvegetables,2
sub-027,lettucelollorosso,4
sub-027,breakfastcereals,3
sub-027,creamroll,2
sub-027,cornonacob,4
sub-027,hamsandwich,3
sub-027,yellowbellpeppersliced,3
sub-027,hotdog,2
sub-027,parsley,2
sub-027,bowlofsalad,3
sub-027,quiche,4
sub-027,gardenradish,3
sub-027,chips,1
sub-027,fruitmixkiwicherriesstrawberries,4
sub-027,beansandcarrotscooked,3
sub-027,rusk,3
sub-027,pancakes,4
sub-027,muffins,1
sub-027,cauliflower,2
sub-027,sushirollwithcucumber,1
sub-027,potatoes,3
sub-027,germankrapfen,2
sub-027,glassofredwine,3
sub-027,christmassweets,2
sub-027,donutsandpastries,2
sub-027,meatballspatties,3
sub-027,croissants,3
sub-027,blacklicoricewheels,1
sub-027,friedegg,4
sub-027,carrots,3
sub-027,cheeseburger,4
sub-027,hotdog,2
sub-027,salmonwithvegetablesgrilled,4
sub-027,cookedhamcut,1
sub-027,sausages,2
sub-027,zucchini,3
sub-027,roastpotatoes,2
sub-027,blackforestcake,3
sub-027,fennel,2
sub-027,pears,1
sub-027,cakegugelhupf,2
sub-027,somedifferentcakewedges,1
sub-027,redbellpepper,3
sub-027,cookiefilledwithjelly,2
sub-027,steak,4
sub-027,emmentalercheese,3
sub-027,butter,1
sub-027,tagliatelle,2
sub-027,lasagna,1
sub-027,pears,4
sub-027,muffins,1
sub-027,chocolatecakewithnuts,4
sub-027,cauliflower,2
sub-027,wafflewithwhippedcream,3
sub-027,fishsticks,2
sub-027,tomato,3
sub-027,hamsandwich,4
sub-027,appledanish,3
sub-027,pastries,4
sub-027,bowlofmuesligranola,3
sub-027,lemoncake,4
sub-027,sachercake,2
sub-027,muffinwithgreentopping,1
sub-027,pastawithbacon,2
sub-027,nutscashews,1
sub-027,mushroomsbrown,4
sub-027,raspberrycandies,1
sub-027,pizzaveggiecheese,3
sub-027,grapesred,4
sub-027,chocolatebarbroken,3
sub-027,artichoke,2
sub-027,peaches,4
sub-027,waterbottle,4
sub-027,spaghettibolognese,2
sub-027,barofchocolate,3
sub-027,crackers,2
sub-027,hamsandwichwithchips,2
sub-027,romanlettuce,3
sub-027,pizzasalami,2
sub-027,pancakeswithblueberries,2
sub-027,fruitcake,2
sub-027,tomatoes,4
sub-027,potatoewedges,3
sub-027,cheese,3
sub-027,raspberrycake,4
sub-027,mixedsalad,4
sub-027,cremebrulee,4
sub-027,roastbeef,4
sub-027,artichoke,2
sub-027,chocolatetruffle,2
sub-027,artichoke,2
sub-027,bread,3
sub-027,cheeseburgerfrenchfries,3
sub-027,icecreamwithchocolatebeans,1
sub-027,headofgreenlettuce,3
sub-027,squashpumpkin,1
sub-027,spinach,2
sub-027,hamsandwich,3
sub-027,pickles,1
sub-027,cucumberslice,3
sub-027,pretzel,2
sub-027,cakewithtangerines,3
sub-027,oranges,3
sub-027,zucchini,3
sub-027,hardcandies,2
sub-027,rasberries,1
sub-027,pastabake,4
sub-027,blueberryastrawberrytartlet,1
sub-027,salmon,4
sub-027,kohlrabi,3
sub-027,frenchtoast,2
sub-027,knuckleofporkwithsauerkraut,2
sub-027,tunasandwiches,4
sub-027,sliceofbreadtoppedwithchocolatecream,2
sub-027,cutlet,2
sub-027,bloodoranges,4
sub-027,bowlofrice,1
sub-027,challahbraidedyeastbun,3
sub-027,pinenuts,1
sub-027,glassofgherkins,2
sub-027,crispbreadwithcottagecheese,3
sub-027,onion,3
sub-027,cucumberandcarrot,2
sub-027,beefsteakraw,4
sub-027,ravioli,1
sub-027,lemon,3
sub-027,banana,4
sub-027,brusselssprouts,3
sub-027,wildberriesmix,4
sub-027,lettuceiceberg,3
sub-027,cookie,1
sub-027,grapeswhite,4
sub-027,croissants,3
sub-027,lasagna,1
sub-027,filledroulade,2
sub-027,eggsineggboard,3
sub-027,croissants,4
sub-027,chiccory,1
sub-027,mueslibaroatmeal,1
sub-027,briecheese,1
sub-027,rissole,2
sub-027,frenchfries,1
sub-027,honeydewmelon,2
sub-027,crispbread,1
sub-027,roastedchicken,3
sub-027,cutlet,2
sub-027,minicookieswithchocolateononeside,3
sub-027,peapod,4
sub-027,chocolateandstrawberryicecream,4
sub-027,donerkebab,2
sub-027,meatpie,1
sub-027,bowlofsalad,3
sub-027,carrots,2
sub-027,roulade,2
sub-027,croissant,3
sub-027,paprikapeppersredgreenyellow,3
sub-027,cherries,4
sub-027,stracciatellacake,1
sub-027,cheddarcheese,3
sub-027,pizzawithmushroomsandbellpepper,3
sub-027,cornflakeswithmilk,4
sub-027,chocolatecookie,3
sub-027,olives,3
sub-027,cookiesfilledwithchocolatecream,2
sub-027,cheese,2
sub-027,cookie,3
sub-027,bagelswithsesameandpoppyseed,3
sub-027,doughnutdonuticing,1
sub-027,doughnutdonutchocolate,4
sub-027,sachercake,2
sub-027,fruitsalad,4
sub-027,peach,3
sub-027,leek,2
sub-027,roastbeef,4
sub-027,oranges,4
sub-027,platewithrawhamburgerpattiesandsausages,3
sub-027,germankrapfen,4
sub-027,hazelnut,1
sub-027,chocolatecreamcake,2
sub-027,challahbraidedyeastbunwithraisins,4
sub-027,peascornandpotatos,2
sub-027,spareribswithfrenchfriesandsalad,1
sub-027,pastabake,3
sub-027,pretzelsticks,2
sub-027,lollipops,2
sub-027,marblecake,3
sub-027,pistachios,1
sub-027,shashlikwithbakedpotato,3
sub-027,croissant,1
sub-027,chocolatepopsiclewithnuts,3
sub-027,cheeseburger,4
sub-027,sundae,4
sub-027,figs,4
sub-027,lemon1half,4
sub-027,applepie,3
sub-027,minichocolatecakebar,4
sub-027,hamsandwich,3
sub-027,celery,2
sub-027,germankrapfen,2
sub-027,mixedsalad,4
sub-027,veggiemixcucumbertomatopeppers,4
sub-027,cornflakesandalmondscoveredinchocolate,4
sub-027,wienerschnitzel,2
sub-027,blackberry,2
sub-027,greenchili,1
sub-027,arugula,3
sub-027,frenchfrieschicken,2
sub-027,grapewhites,4
sub-027,tomatosliced,4
sub-027,oranges,4
sub-027,blackberries,3
sub-027,chocolatecake,3
sub-027,apples,4
sub-027,icecreamsandwiches,1
sub-027,raspberrycreamcake,1
sub-027,fruitmixnectarinesraspberriescherries,2
sub-027,apples,3
sub-027,roll,3
sub-027,croissants,2
sub-027,raspberries,3
sub-027,peascooked,2
sub-027,lattemacchiato,3
sub-027,vanillaicecream,4
sub-027,donutchocolatetopping,4
sub-027,spinachpotatoecasserole,4
sub-027,muffin,3
sub-027,walnut,2
sub-027,jellycandies,1
sub-027,toastwithjam,3
sub-027,yellowbellpepper,3
sub-027,gardenradish,1
sub-027,chocolatecroissants,3
sub-027,potatogratin,3
sub-027,chocolatecookie,3
sub-027,fruitplatemelonpineapplegrapes,4
sub-027,croissantwithbutterandjam,2
sub-027,marblecake,3
sub-027,breadroll,3
sub-027,steakwithbackedpotatoandvegetables,3
sub-027,filledwaffles,1
sub-027,lollipops,2
sub-027,saladplate,3
sub-027,jaffacookies,2
sub-027,mushroomswhite,4
sub-027,raffaelococonutwaferballs,1
sub-027,waffle,2
sub-027,cookiesfilledwithchocolatecream,4
sub-027,doughnutdonutjam,1
sub-027,fruits,3
sub-027,strawberrycake,2
sub-027,banana,4
sub-027,greenbellpepper,3
sub-027,greenpaprikapeppers,2
sub-027,sugarsnappea,2
sub-027,strawberrycake,3
sub-027,raspberries,4
sub-027,mixedvegetablescooked,3
sub-027,roundshortbreadcookies,3
sub-027,salmon,4
sub-027,cheeseplatter,4
sub-027,redchilli,2
sub-027,cheesecake,1
sub-027,mmspeanut,3
sub-027,cantaloup,3
sub-027,cakewithgelatinizedfruits,4
sub-027,cappuccino,4
sub-027,glassofbeer,2
sub-027,strawberrycreamcake,1
sub-027,chocolatebarfilledwithstrawberryandyogurtcream,2
sub-027,browniewithnuts,1
sub-027,popcorn,2
sub-027,roastpork,2
sub-027,liversausage,1
sub-027,spaghettiwithtomatosauce,2
sub-027,cookedham,1
sub-027,chocolatemuffin,4
sub-027,frenchcruller,3
sub-027,gummibearswithextrasugar,2
sub-027,eclair,3
sub-027,chocolatepopsiclewithnuts,4
sub-027,pretzels,3
sub-027,hardcandies,3
sub-027,broccoli,3
sub-027,potatoesandcorn,3
sub-027,sundaepeach,2
sub-027,cheeseburgerfrenchfriesandcola,2
sub-027,gherkin,2
sub-027,chives,2
sub-027,peanuts,3
sub-027,wildberriesmix,4
sub-027,cucumberwithslices,3
sub-027,beefsteakraw,3
sub-027,salmonsushi,4
sub-027,popcorn,1
sub-027,bowlofrice,4
sub-027,cheeseburger,3
sub-027,pancakewithfruits,3
sub-027,limes,3
sub-027,donutchocolate,4
sub-027,beefsteakraw,1
sub-027,tomatoes,4
sub-027,cookies,2
sub-027,chocolatebiscuit,2
sub-027,cheeseandcoldmeatplatter,2
sub-027,strawberrytartlet,2
sub-027,spaghettiwithtomatosauce,1
sub-027,cake,2
sub-027,frankfurtcrowncake,3
sub-027,mixedlicorice,1
sub-027,mixedvegetables,2
sub-027,fruits,3
sub-027,barsofwhitechocolate,4
sub-027,pralines,3
sub-027,chocolatebarbite,3
sub-027,baguette,4
sub-027,meatpie,1
sub-027,saladplate,4
sub-027,minichocolatemarshmallows,1
sub-027,plateofsalad,4
sub-027,filledcookiewithwalnut,2
sub-027,canardroasted,3
sub-027,muffins,4
sub-027,hamsandwichwithchips,4
sub-027,filledchocolates,2
sub-027,wildberriesmix,4
sub-027,apples,2
sub-027,gummicandyandlicoricemix,2
sub-027,chickenfilletsgrilled,3
sub-027,peanuts,1
sub-027,glassofbeer,2
sub-027,donerkebab,2
sub-027,lemons,3
sub-027,strawberries,4
sub-027,blueberries,4
sub-027,fennel,1
sub-027,barofchocolatewithnuts,3
sub-027,salamiroastedhamandcheese,3
sub-027,salmon,4
sub-027,mixedvegetables,2
sub-027,chocolatecake,4
sub-027,paprikapeppersredyelloworange,1
sub-027,tomatoandmozzarellaskewer,3
sub-027,openedbarofchocolatewithnuts,3
sub-027,sushirolls,4
sub-027,sproutspotatoescarrots,3
sub-028,greenasparagus,2
sub-028,oranges,4
sub-028,saladplate,2
sub-028,chipsfrenchfries,1
sub-028,salmonsushi,4
sub-028,redgrapes,3
sub-028,kitkatchocolatewaferbars,2
sub-028,barsofwhitechocolate,3
sub-028,spareribswithfrenchfriesandsalad,4
sub-028,almonds,1
sub-028,blueberryastrawberrytartlet,3
sub-028,strawberrycake,3
sub-028,headofgreenlettuce,2
sub-028,fruitmixnectarinesraspberriescherries,4
sub-028,salmon,2
sub-028,lemon,1
sub-028,bowlofsalad,2
sub-028,pizzawithmushroomsandbellpepper,4
sub-028,chocolatemarshmallows,2
sub-028,sundae,3
sub-028,tortellini,1
sub-028,strawberrycreamcake,3
sub-028,cheeseburger,4
sub-028,bagelswithsesameandpoppyseed,2
sub-028,donut,3
sub-028,potatogratin,4
sub-028,raffaelococonutwaferballs,2
sub-028,avocado,3
sub-028,chinesecabbage,2
sub-028,headofgreenlettuce,2
sub-028,toastwithjam,1
sub-028,lasagna,4
sub-028,cherries,3
sub-028,doughnutdonuticing,2
sub-028,icecream,4
sub-028,pancakewithfruits,4
sub-028,challahbraidedyeastbun,2
sub-028,roastpotatoes,3
sub-028,steakwithbackedpotatoandvegetables,4
sub-028,edamcheese,3
sub-028,mixedvegetablescooked,1
sub-028,gherkin,2
sub-028,meatfilletsandvegetablesgrilled,4
sub-028,jellycandies,2
sub-028,sausagesfrankfurter,1
sub-028,wienerschnitzel,2
sub-028,pastries,4
sub-028,icecreamsandwiches,2
sub-028,cake,3
sub-028,filledcookiewithwalnut,2
sub-028,shortbreads,1
sub-028,veggiemixwithdip,1
sub-028,chocolatetruffle,2
sub-028,leek,3
sub-028,eggsineggboard,2
sub-028,rasberries,3
sub-028,roll,2
sub-028,sachercake,3
sub-028,cookiesmixed,1
sub-028,camembert,2
sub-028,donutwithchocolatesprinkles,3
sub-028,friedegg,4
sub-028,cutlet,4
sub-028,peapod,2
sub-028,zucchini,1
sub-028,icecreamwithchocolatebeans,2
sub-028,tomatoes,1
sub-028,salmon,1
sub-028,raspberries,3
sub-028,celery,1
sub-028,banana,1
sub-028,mixedvegetables,2
sub-028,spaghettiwithtomatosauce,2
sub-028,donutchocolate,3
sub-028,cookie,3
sub-028,frenchfriesandchickendrumsticks,1
sub-028,emmentalercheese,2
sub-028,chips,3
sub-028,creamcakewithfruits,4
sub-028,pastameal,3
sub-028,germankrapfen,2
sub-028,roundshortbreadcookies,2
sub-028,mashedpotatoes,2
sub-028,piecesoffruit,3
sub-028,cheeseandcoldmeatplatter,3
sub-028,chocolatepopsiclewithnuts,3
sub-028,fishsandwich,4
sub-028,filledroulade,3
sub-028,cappuccino,2
sub-028,gardenradish,1
sub-028,minicookieswithchocolateononeside,1
sub-028,mushroomsbrown,1
sub-028,pinenuts,2
sub-028,grapes,4
sub-028,bowlofmuesligranola,2
sub-028,raspberrycake,4
sub-028,carrots,2
sub-028,camembert,3
sub-028,sandwichroastbeef,4
sub-028,watermelon,4
sub-028,glassofbeer,1
sub-028,apple,4
sub-028,chocolatemuffin,3
sub-028,hamsandwichwithchips,4
sub-028,glassofwhitewine,1
sub-028,somedifferentcakewedges,4
sub-028,lollipops,2
sub-028,wafflewithwhippedcream,3
sub-028,lemoncake,2
sub-028,blackberries,3
sub-028,chocolatecake,2
sub-028,grapefruit,2
sub-028,sausage,3
sub-028,gherkinsliced,1
sub-028,greenonionshallot,2
sub-028,cheeseburger,4
sub-028,platewithrawhamburgerpattiesandsausages,3
sub-028,cherries,2
sub-028,cookiefilledwithjelly,2
sub-028,roastbeef,4
sub-028,strawberries,3
sub-028,tunasandwiches,4
sub-028,croissants,2
sub-028,pretzels,1
sub-028,strawberries,4
sub-028,chocolatebar,2
sub-028,nicnaccrustypeanuts,2
sub-028,cornflakesandalmondscoveredinchocolate,3
sub-028,tomatoes,2
sub-028,germankrapfen,3
sub-028,cookiesfilledwithchocolatecream,2
sub-028,tomatoandmozzarellaskewer,3
sub-028,kiwis,3
sub-028,brusselssprouts,1
sub-028,strawberryhalf,4
sub-028,pizzawithsalami,4
sub-028,gardenradish,2
sub-028,lasagna,4
sub-028,spaghettiwithpesto,3
sub-028,muffinwithgreentopping,3
sub-028,cookedham,3
sub-028,chocolateandvanillaicecream,3
sub-028,tomatoandmozzarella,4
sub-028,pastabake,2
sub-028,strawberries,4
sub-028,raspberrycake,3
sub-028,waffles,4
sub-028,salamisausage,3
sub-028,beefsteakraw,4
sub-028,zucchini,2
sub-028,briecheese,3
sub-028,redpaprikapeppers,1
sub-028,filletofporkgrilled,3
sub-028,rigatoniwithvegetable,2
sub-028,toastwhitebread,2
sub-028,figs,4
sub-028,nutscashews,2
sub-028,cheesecakewithstrawberriesandcrumbles,3
sub-028,soybeansprouts,1
sub-028,cheese,2
sub-028,cake,4
sub-028,bowlofmuesligranola,2
sub-028,gummicandycola,3
sub-028,spaghettiwithtomatosauce,3
sub-028,chickenraw,1
sub-028,grapes,4
sub-028,wildberriesmix,4
sub-028,crackers,1
sub-028,croissants,2
sub-028,breadroll,2
sub-028,fennel,1
sub-028,roastpork,4
sub-028,greenchili,1
sub-028,popcorn,3
sub-028,beansandcarrotscooked,1
sub-028,blueberries,4
sub-028,hotdog,4
sub-028,spareribswithfrenchfriesandsalad,4
sub-028,salmon,3
sub-028,chocolatecookie,2
sub-028,cheesecake,2
sub-028,chocolatemuffin,3
sub-028,donutsandpastries,1
sub-028,chocolatebarfilledwithmilkcream,3
sub-028,pastabake,4
sub-028,ravioli,3
sub-028,muffins,2
sub-028,fruits,2
sub-028,spinach,1
sub-028,rissole,4
sub-028,artichoke,1
sub-028,eclair,4
sub-028,pineapple,3
sub-028,salmonwithvegetablesgrilled,3
sub-028,chocolatebiscuit,3
sub-028,shrimp,1
sub-028,bowlofrice,2
sub-028,toblerone,3
sub-028,oranges,4
sub-028,blackforestcake,4
sub-028,crispbreadwithcottagecheese,1
sub-028,tomatosliced,2
sub-028,cauliflower,1
sub-028,coloredchocolatebeans,3
sub-028,peanutpuffs,2
sub-028,hardcandies,2
sub-028,spaghettibolognese,4
sub-028,redcabbage,1
sub-028,hamburger,4
sub-028,asparagus,1
sub-028,chocolatecake,4
sub-028,romanlettuce,3
sub-028,hardcandies,3
sub-028,chips,3
sub-028,chocolatemuffin,3
sub-028,pancakes,4
sub-028,fishsticks,2
sub-028,springonions,2
sub-028,yellowbellpeppersliced,1
sub-028,sundaewithraspberries,3
sub-028,greenbellpepper,2
sub-028,papaya,1
sub-028,sachercake,4
sub-028,liversausage,3
sub-028,bloodoranges,4
sub-028,grapesredandwhite,4
sub-028,cornonacob,2
sub-028,wildberriesmix,4
sub-028,crispbreadwithcookedham,3
sub-028,vienneseschnitzelwithpotatoes,4
sub-028,pizzaveggiecheese,4
sub-028,cucumberwithslices,1
sub-028,troutwithpotatoespanfried,2
sub-028,lettuceiceberg,2
sub-028,curdwithchives,2
sub-028,bread,3
sub-028,raspberrycreamcake,4
sub-028,frenchfries,2
sub-028,chocolatecookie,3
sub-028,redcurrants,3
sub-028,vanillaandchocolateicecreamcone,4
sub-028,olives,4
sub-028,chocolatecakewithnuts,4
sub-028,sushiwithsalmon,3
sub-028,potatoes,2
sub-028,cucumberslice,1
sub-028,wildberriesmix,4
sub-028,croissants,3
sub-028,hazelnuts,3
sub-028,sproutspotatoescarrots,1
sub-028,fennel,2
sub-028,mixedvegetables,1
sub-028,pretzel,3
sub-028,marzipanchocolate,3
sub-028,parsley,1
sub-028,mmspeanut,3
sub-028,cheeseburgerfrenchfriesandcola,4
sub-028,paprikapeppersredyelloworange,1
sub-028,beefsteakraw,2
sub-028,muffin,3
sub-028,chiccory,1
sub-028,crispbread,1
sub-028,shortbread,3
sub-028,croissant,3
sub-028,steakwithbackedpotatoandvegetables,4
sub-028,frenchfries,2
sub-028,carrotscooked,1
sub-028,limes,1
sub-028,pizzawithmushrooms,4
sub-028,spinachpotatoecasserole,4
sub-028,fruitsalad,4
sub-028,grapeswhite,3
sub-028,cake,4
sub-028,fruitcake,3
sub-028,chocolatebarfilledwithstrawberryandyogurtcream,2
sub-028,christmassweets,3
sub-028,frenchfrieschicken,3
sub-028,vegetables,2
sub-028,cheddarcheese,3
sub-028,headoficeberglettuce,1
sub-028,avocado,3
sub-028,lollipops,3
sub-028,barofchocolate,4
sub-028,cookie,2
sub-028,frenchtoast,4
sub-028,croissants,2
sub-028,cakewithtangerines,4
sub-028,apples,4
sub-028,chips,1
sub-028,salamiroastedhamandcheese,3
sub-028,potatoes,3
sub-028,wildberriesmix,3
sub-028,pineapple,3
sub-028,chocolatecreamcake,3
sub-028,winegum,2
sub-028,cheeseplatter,3
sub-028,chocolateandstrawberryicecream,3
sub-028,mixedvegetables,1
sub-028,lemon1half,1
sub-028,glassofbeer,4
sub-028,carrots,1
sub-028,mueslibaroatmeal,2
sub-028,squashpumpkin,2
sub-028,applepie,3
sub-028,hamburgerwithbacon,4
sub-028,hamsandwich,3
sub-028,cookiemix,3
sub-028,filledchocolates,4
sub-028,jaffacookies,3
sub-028,hamandcheesesandwich,3
sub-028,glassofredwine,2
sub-028,croissant,1
sub-028,waffle,3
sub-028,cake,4
sub-028,raspberrycandies,2
sub-028,walnut,1
sub-028,marshmallowsflat,2
sub-028,bowlofsalad,1
sub-028,cauliflower,1
sub-028,sushirolls,2
sub-028,crispbread,2
sub-028,apples,3
sub-028,radishes,1
sub-028,fruitplatemelonpineapplegrapes,4
sub-028,grapesred,3
sub-028,piecesofchocolate,4
sub-028,carrots,1
sub-028,oranges,4
sub-028,canardroasted,4
sub-028,mixedvegetables,1
sub-028,plateofsalad,2
sub-028,snackmix,3
sub-028,hotdog,2
sub-028,burgerpattywithfrenchfriesandsalad,3
sub-028,cakegugelhupf,3
sub-028,eggboiled,1
sub-028,mushroomswhite,1
sub-028,hazelnut,3
sub-028,baguette,3
sub-028,lettucelollorosso,1
sub-028,friedsausagewithroll,2
sub-028,cookiesoreos,3
sub-028,nutscoveredinchocolate,3
sub-028,sushi,2
sub-028,arugula,1
sub-028,fishwithvegetablesgrilled,4
sub-028,nectarines,3
sub-028,hamsandwichwithchips,3
sub-028,cake,4
sub-028,orange,4
sub-028,banana,3
sub-028,cheeseplatter,3
sub-028,gooseroasted,4
sub-028,cheese,2
sub-028,doughnutdonutjam,4
sub-028,frankfurtcrowncake,4
sub-028,saladplate,1
sub-028,pastabake,4
sub-028,sugarsnappea,1
sub-028,potatoes,3
sub-028,barofchocolatewithnuts,4
sub-028,peascooked,1
sub-028,kohlrabi,1
sub-028,crispreadwithcottagecheese,2
sub-028,hamsandwich,3
sub-028,muffins,3
sub-028,popcorn,1
sub-028,spaghettiwithtomatosauce,3
sub-028,cake,4
sub-028,mixedvegetables,1
sub-028,cremebrulee,3
sub-028,broccoli,1
sub-028,browniewithnuts,3
sub-028,pineapple,4
sub-028,pears,3
sub-028,peach,2
sub-028,chips,3
sub-028,fruitmixkiwicherriesstrawberries,4
sub-028,vienneseschnitzel,4
sub-028,openedchipsbag,2
sub-028,chives,1
sub-028,headofcabbage,2
sub-028,bread,3
sub-028,rasberry,3
sub-028,meatpie,3
sub-028,redchilli,1
sub-028,grapewhites,4
sub-028,creamroll,3
sub-028,beefsteakraw,2
sub-028,cutlet,3
sub-028,tomatoes,2
sub-028,greenpaprikapeppers,1
sub-028,smokedhambacon,2
sub-028,minichocolatecakebar,4
sub-028,meatballspatties,4
sub-028,chocolatebarbroken,3
sub-028,peanuts,2
sub-028,apples,2
sub-028,roulade,3
sub-028,raspberrycake,4
sub-028,glassofgherkins,2
sub-028,vanillaicecreamcone,3
sub-028,rollsinabasket,3
sub-028,gummicandyandlicoricemix,2
sub-028,puffedricecoveredinchocolate,2
sub-028,muffins,2
sub-028,blueberries,3
sub-028,chocolatecookies,2
sub-028,cantaloup,3
sub-028,watermelon,3
sub-028,raspberrycreamcake,3
sub-028,hotdog,3
sub-028,strawberrycake,3
sub-028,mandarins,3
sub-028,rusk,2
sub-028,chocolatecake,4
sub-028,chocolatecake,4
sub-028,butter,4
sub-028,cookiesfilledwithchocolatecream,3
sub-028,stracciatellacake,4
sub-028,waterbottle,1
sub-028,grilledbavariansausage,4
sub-028,pizzawithsalami,4
sub-028,sliceofbreadtoppedwithchocolatecream,4
sub-028,croissantwithbutterandjam,3
sub-028,cheeseburger,3
sub-028,pear,3
sub-028,walnuts,1
sub-028,saladplate,2
sub-028,cheesecakewithcherrytopping,4
sub-028,roll,3
sub-028,chickenfilletsgrilled,3
sub-028,hamsandwich,3
sub-028,lattemacchiato,3
sub-028,paprikapeppersredgreenyellow,1
sub-028,somebarsofchocolatestacked,3
sub-028,crispbreadwithcottagecheese,4
sub-028,chocolatepopsiclewithnuts,3
sub-028,oranges,4
sub-028,cauliflower,2
sub-028,fruits,4
sub-028,appledanish,3
sub-028,peascornandpotatos,1
sub-028,pistachios,2
sub-028,chroisant,2
sub-028,cake,3
sub-028,steak,4
sub-028,hotdog,3
sub-028,spaghetti,1
sub-028,espresso,2
sub-028,papaya,2
sub-028,honeydewmelon,1
sub-028,ricewaffles,3
sub-028,tomato,2
sub-028,pizzahamandmushrooms,4
sub-028,knuckleofporkwithsauerkraut,3
sub-028,donerkebab,3
sub-028,yellowbellpepper,1
sub-028,cakewithgelatinizedfruits,3
sub-028,asparaguswithbechamelsauce,1
sub-028,carrots,1
sub-028,toast,2
sub-028,redbellpepper,1
sub-028,breads,3
sub-028,chocolatecandybar,3
sub-028,sausages,2
sub-028,crispbreadwithcottagecheese,3
sub-028,strawberrytartlet,4
sub-028,chocolatepopsicles,2
sub-028,mixedsalad,1
sub-028,artichoke,1
sub-028,chickenroasted,4
sub-028,cornmaize,1
sub-028,pizzasalami,4
sub-028,cookedhamcut,3
sub-028,saladplate,1
sub-028,sundaepeach,4
sub-028,marblecake,4
sub-028,filledwaffles,3
sub-028,chocolatecake,3
sub-028,veggiemixcucumbertomatopeppers,2
sub-028,blacklicoricewheels,1
sub-028,pizzaslicesassorted,4
sub-028,blackberry,3
sub-028,cheeseburgerfrenchfriesandcola,4
sub-028,kiwi,3
sub-028,carambolastarfruit,4
sub-028,openedbarofchocolatewithnuts,3
sub-028,cheeseburger,3
sub-028,quiche,3
sub-028,chocolatemuffin,2
sub-028,chocolatepieces,3
sub-028,doughnutdonutchocolate,3
sub-028,cheeseplatter,3
sub-028,roastbeef,4
sub-028,chocolatecroissants,2
sub-028,pomegranate,2
sub-028,pretzelsticks,1
sub-028,strawberryicecreamcone,4
sub-028,bagelwithcreamcheeseandvegetables,2
sub-028,marblecake,3
sub-028,raspberries,2
sub-028,toffifayfilledcaramelcup,3
sub-028,frenchcruller,2
sub-028,vanillaicecream,4
sub-028,mixedvegetables,1
sub-028,sushirollwithcucumber,1
sub-028,donutchocolatetopping,4
sub-028,mixedsalad,2
sub-028,frenchfries,2
sub-028,meatpie,3
sub-028,onion,1
sub-028,hamsandwich,3
sub-028,pancakeswithblueberries,3
sub-028,donerkebab,4
sub-028,germankrapfen,3
sub-028,peanuts,1
sub-028,peanuts,1
sub-028,wildberriesmix,4
sub-028,cakewithpowderedsugar,3
sub-028,glassoforangejuice,4
sub-028,potatoesandcorn,2
sub-028,ravioli,3
sub-028,banana,3
sub-028,apples,3
sub-028,lemons,1
sub-028,bowlofrice,2
sub-028,shashlikwithbakedpotato,4
sub-028,tagliatelle,1
sub-028,pastriesanddonuts,3
sub-028,cherry,3
sub-028,pickles,1
sub-028,strawberries,4
sub-028,pears,3
sub-028,mixedlicorice,1
sub-028,breakfastcereals,1
sub-028,pastawithbacon,3
sub-028,cucumberandcarrot,1
sub-028,shashlik,3
sub-028,bagel,2
sub-028,gummibearswithextrasugar,2
sub-028,spinach,1
sub-028,cheese,3
sub-028,potatoewedges,2
sub-028,chocolatebarbite,3
sub-028,brusselssprouts,1
sub-028,cookies,2
sub-028,mixedvegetables,1
sub-028,doughnutdonutplain,2
sub-028,cheeseburgerfrenchfries,4
sub-028,greenbeans,2
sub-028,loafofbread,3
sub-028,hardcandies,1
sub-028,cornflakeswithmilk,2
sub-028,croissants,1
sub-028,greenapple,2
sub-028,cheeseplatter,3
sub-028,flatcakewithsalad,2
sub-028,pralines,3
sub-028,vegetables,1
sub-028,roastedchicken,4
sub-028,minichocolatemarshmallows,3
sub-028,challahbraidedyeastbunwithraisins,2
sub-028,peaches,4
sub-028,tortillachips,2
sub-028,germankrapfen,3
sub-029,salmonwithvegetablesgrilled,4
sub-029,chips,1
sub-029,redpaprikapeppers,1
sub-029,strawberries,2
sub-029,croissant,4
sub-029,sachercake,3
sub-029,hamsandwich,4
sub-029,cookie,2
sub-029,headofcabbage,1
sub-029,blacklicoricewheels,1
sub-029,breakfastcereals,1
sub-029,marblecake,3
sub-029,strawberries,2
sub-029,quiche,4
sub-029,avocado,2
sub-029,cookedham,2
sub-029,broccoli,2
sub-029,celery,1
sub-029,sushirollwithcucumber,3
sub-029,germankrapfen,3
sub-029,headoficeberglettuce,2
sub-029,banana,2
sub-029,cheeseandcoldmeatplatter,2
sub-029,lemon1half,1
sub-029,strawberrytartlet,3
sub-029,blueberryastrawberrytartlet,3
sub-029,honeydewmelon,1
sub-029,friedegg,2
sub-029,donutsandpastries,4
sub-029,openedchipsbag,2
sub-029,spinach,1
sub-029,kohlrabi,1
sub-029,popcorn,2
sub-029,eggboiled,1
sub-029,challahbraidedyeastbun,3
sub-029,piecesoffruit,2
sub-029,cauliflower,2
sub-029,chocolatepopsiclewithnuts,2
sub-029,rigatoniwithvegetable,1
sub-029,pastameal,4
sub-029,lettucelollorosso,1
sub-029,hardcandies,1
sub-029,fruitmixnectarinesraspberriescherries,4
sub-029,cornonacob,3
sub-029,fruitsalad,3
sub-029,cremebrulee,4
sub-029,creamroll,3
sub-029,apple,2
sub-029,pears,1
sub-029,glassofbeer,1
sub-029,olives,1
sub-029,cookiesfilledwithchocolatecream,3
sub-029,flatcakewithsalad,2
sub-029,donutchocolate,2
sub-029,croissants,3
sub-029,papaya,2
sub-029,pastabake,4
sub-029,grapeswhite,3
sub-029,spinachpotatoecasserole,3
sub-029,peascooked,1
sub-029,greenonionshallot,1
sub-029,strawberryicecreamcone,2
sub-029,bagelswithsesameandpoppyseed,4
sub-029,croissantwithbutterandjam,4
sub-029,springonions,1
sub-029,rollsinabasket,3
sub-029,chocolateandstrawberryicecream,4
sub-029,potatogratin,1
sub-029,cheeseplatter,3
sub-029,crispbread,3
sub-029,gherkin,3
sub-029,chips,1
sub-029,pineapple,3
sub-029,sausages,2
sub-029,cake,1
sub-029,asparaguswithbechamelsauce,1
sub-029,roulade,1
sub-029,hamburger,4
sub-029,greenchili,1
sub-029,cornflakesandalmondscoveredinchocolate,3
sub-029,beansandcarrotscooked,2
sub-029,chocolatecake,1
sub-029,pineapple,2
sub-029,cheeseburgerfrenchfries,3
sub-029,carrots,1
sub-029,raspberrycake,3
sub-029,croissant,4
sub-029,hamandcheesesandwich,3
sub-029,applepie,4
sub-029,filledwaffles,2
sub-029,cheeseplatter,2
sub-029,nutscashews,3
sub-029,coloredchocolatebeans,1
sub-029,cookiefilledwithjelly,2
sub-029,beefsteakraw,1
sub-029,gummicandygoldbears,1
sub-029,spaghettiwithtomatosauce,4
sub-029,cheeseplatter,3
sub-029,bread,2
sub-029,marzipanchocolate,2
sub-029,strawberrycreamcake,2
sub-029,pizzawithsalami,3
sub-029,cakewithpowderedsugar,3
sub-029,chocolatecookie,2
sub-029,mushroomsbrown,2
sub-029,greenbellpepper,1
sub-029,mixedvegetables,1
sub-029,hotdog,2
sub-029,salmonsushi,4
sub-029,grapes,3
sub-029,chocolatecandybar,2
sub-029,chocolatemuffin,4
sub-029,radishes,1
sub-029,cherries,2
sub-029,peanuts,2
sub-029,cheesecakewithcherrytopping,4
sub-029,cheese,2
sub-029,pretzels,2
sub-029,tunasandwiches,4
sub-029,platewithrawhamburgerpattiesandsausages,1
sub-029,camembert,2
sub-029,steakwithbackedpotatoandvegetables,2
sub-029,barsofwhitechocolate,1
sub-029,chocolatecookie,2
sub-029,chives,1
sub-029,somebarsofchocolatestacked,2
sub-029,cookiesfilledwithchocolatecream,3
sub-029,sushiwithsalmon,1
sub-029,frenchfrieschicken,1
sub-029,sundae,2
sub-029,burgerpattywithfrenchfriesandsalad,2
sub-029,marshmallowsflat,1
sub-029,cake,2
sub-029,tortillachips,2
sub-029,browniewithnuts,3
sub-029,troutwithpotatoespanfried,4
sub-029,kiwis,3
sub-029,lemoncake,1
sub-029,almonds,1
sub-029,crispreadwithcottagecheese,2
sub-029,onion,2
sub-029,cookiesmixed,3
sub-029,mixedlicorice,1
sub-029,hamsandwich,4
sub-029,chocolatecookies,3
sub-029,rasberries,3
sub-029,eggsineggboard,2
sub-029,sandwichroastbeef,4
sub-029,vanillaandchocolateicecreamcone,1
sub-029,cheeseburgerfrenchfriesandcola,4
sub-029,vienneseschnitzel,3
sub-029,bowlofrice,2
sub-029,artichoke,1
sub-029,saladplate,3
sub-029,greenapple,3
sub-029,knuckleofporkwithsauerkraut,1
sub-029,chickenfilletsgrilled,1
sub-029,nectarines,2
sub-029,pears,2
sub-029,pomegranate,1
sub-029,appledanish,3
sub-029,steak,2
sub-029,wildberriesmix,3
sub-029,pizzahamandmushrooms,3
sub-029,cantaloup,2
sub-029,fishwithvegetablesgrilled,3
sub-029,chocolatecake,3
sub-029,tomatoes,2
sub-029,pizzawithmushrooms,4
sub-029,chocolatecake,1
sub-029,raspberries,3
sub-029,chinesecabbage,1
sub-029,pancakewithfruits,4
sub-029,baguette,3
sub-029,lettuceiceberg,1
sub-029,mixedvegetablescooked,2
sub-029,saladplate,3
sub-029,cornmaize,2
sub-029,toastwithjam,2
sub-029,cheeseplatter,4
sub-029,salmon,2
sub-029,roastbeef,4
sub-029,cheeseburgerfrenchfriesandcola,4
sub-029,barofchocolatewithnuts,4
sub-029,wildberriesmix,3
sub-029,chocolatemuffin,2
sub-029,frenchcruller,2
sub-029,spaghetti,1
sub-029,chocolatetruffle,2
sub-029,chocolatebar,4
sub-029,hotdog,1
sub-029,breadroll,1
sub-029,gardenradish,1
sub-029,cheeseburger,4
sub-029,saladplate,2
sub-029,carrots,1
sub-029,carambolastarfruit,1
sub-029,pancakes,3
sub-029,chroisant,2
sub-029,lollipops,1
sub-029,fruits,2
sub-029,cheesecake,1
sub-029,spinach,1
sub-029,beefsteakraw,2
sub-029,lemon,1
sub-029,headofgreenlettuce,2
sub-029,strawberries,2
sub-029,figs,3
sub-029,openedbarofchocolatewithnuts,3
sub-029,orange,2
sub-029,carrots,1
sub-029,redcurrants,1
sub-029,fruitplatemelonpineapplegrapes,4
sub-029,kitkatchocolatewaferbars,3
sub-029,cookiesoreos,4
sub-029,mmspeanut,2
sub-029,doughnutdonutplain,2
sub-029,cucumberslice,1
sub-029,squashpumpkin,1
sub-029,chocolatemuffin,2
sub-029,potatoesandcorn,1
sub-029,mixedsalad,3
sub-029,bowlofmuesligranola,3
sub-029,chocolatecreamcake,4
sub-029,cookie,2
sub-029,greenbeans,1
sub-029,paprikapeppersredyelloworange,1
sub-029,tomato,1
sub-029,crispbreadwithcottagecheese,1
sub-029,pickles,3
sub-029,frenchfries,3
sub-029,chips,3
sub-029,edamcheese,2
sub-029,raffaelococonutwaferballs,1
sub-029,pastawithbacon,4
sub-029,artichoke,1
sub-029,mashedpotatoes,2
sub-029,fruitcake,1
sub-029,chocolatecake,4
sub-029,glassofwhitewine,1
sub-029,apples,1
sub-029,sushirolls,3
sub-029,roundshortbreadcookies,2
sub-029,croissants,4
sub-029,hamsandwichwithchips,3
sub-029,gummicandyandlicoricemix,2
sub-029,christmassweets,2
sub-029,spareribswithfrenchfriesandsalad,3
sub-029,cakegugelhupf,1
sub-029,camembert,3
sub-029,pizzaslicesassorted,4
sub-029,strawberryhalf,1
sub-029,yellowbellpeppersliced,2
sub-029,tomatoes,2
sub-029,cake,2
sub-029,friedsausagewithroll,1
sub-029,rasberry,1
sub-029,gummibearswithextrasugar,1
sub-029,curdwithchives,1
sub-029,icecreamwithchocolatebeans,1
sub-029,cutlet,1
sub-029,minichocolatemarshmallows,1
sub-029,sundaepeach,3
sub-029,filledroulade,2
sub-029,glassofbeer,1
sub-029,potatoes,1
sub-029,cornflakeswithmilk,1
sub-029,canardroasted,1
sub-029,mixedvegetables,1
sub-029,chocolatecroissants,4
sub-029,hardcandies,1
sub-029,salamisausage,2
sub-029,plateofsalad,4
sub-029,hamburgerwithbacon,4
sub-029,shashlik,4
sub-029,peanutpuffs,1
sub-029,peach,1
sub-029,croissants,3
sub-029,strawberrycake,3
sub-029,peaches,2
sub-029,briecheese,2
sub-029,peanuts,1
sub-029,germankrapfen,1
sub-029,waterbottle,3
sub-029,jellycandies,1
sub-029,liversausage,2
sub-029,spaghettiwithtomatosauce,1
sub-029,cauliflower,1
sub-029,potatoewedges,4
sub-029,shrimp,2
sub-029,meatpie,4
sub-029,grilledbavariansausage,2
sub-029,sliceofbreadtoppedwithchocolatecream,2
sub-029,pear,2
sub-029,chocolatebarfilledwithmilkcream,1
sub-029,chickenraw,1
sub-029,potatoes,1
sub-029,spaghettibolognese,3
sub-029,banana,2
sub-029,vegetables,1
sub-029,sugarsnappea,1
sub-029,ricewaffles,2
sub-029,parsley,1
sub-029,rissole,2
sub-029,icecream,1
sub-029,carrotscooked,1
sub-029,oranges,2
sub-029,donerkebab,4
sub-029,waffle,3
sub-029,strawberries,2
sub-029,cheeseburger,3
sub-029,frenchfriesandchickendrumsticks,1
sub-029,cookies,1
sub-029,bloodoranges,2
sub-029,pizzawithmushroomsandbellpepper,3
sub-029,minicookieswithchocolateononeside,2
sub-029,brusselssprouts,1
sub-029,cherries,1
sub-029,headofgreenlettuce,1
sub-029,icecreamsandwiches,4
sub-029,soybeansprouts,1
sub-029,peapod,1
sub-029,pastriesanddonuts,3
sub-029,espresso,1
sub-029,wildberriesmix,2
sub-029,vegetables,1
sub-029,muffins,2
sub-029,paprikapeppersredgreenyellow,1
sub-029,walnuts,1
sub-029,grapesred,2
sub-029,raspberries,3
sub-029,grapesredandwhite,1
sub-029,cheese,2
sub-029,doughnutdonutjam,4
sub-029,mixedvegetables,2
sub-029,veggiemixcucumbertomatopeppers,1
sub-029,chickenroasted,1
sub-029,raspberrycake,2
sub-029,spaghettiwithpesto,2
sub-029,cauliflower,1
sub-029,meatballspatties,4
sub-029,wildberriesmix,3
sub-029,apples,1
sub-029,cutlet,3
sub-029,redchilli,1
sub-029,bowlofmuesligranola,3
sub-029,shortbreads,2
sub-029,meatfilletsandvegetablesgrilled,2
sub-029,chipsfrenchfries,1
sub-029,grapefruit,3
sub-029,salmon,3
sub-029,chocolateandvanillaicecream,2
sub-029,wildberriesmix,2
sub-029,somedifferentcakewedges,2
sub-029,hazelnut,1
sub-029,grapes,3
sub-029,butter,1
sub-029,lemons,1
sub-029,pizzasalami,4
sub-029,vienneseschnitzelwithpotatoes,1
sub-029,mushroomswhite,2
sub-029,walnut,1
sub-029,minichocolatecakebar,4
sub-029,challahbraidedyeastbunwithraisins,3
sub-029,pistachios,1
sub-029,toblerone,2
sub-029,bowlofrice,3
sub-029,veggiemixwithdip,2
sub-029,rusk,3
sub-029,watermelon,1
sub-029,filledcookiewithwalnut,3
sub-029,croissants,3
sub-029,popcorn,2
sub-029,ravioli,1
sub-029,beefsteakraw,3
sub-029,glassofredwine,1
sub-029,sachercake,4
sub-029,cake,4
sub-029,wienerschnitzel,2
sub-029,pastabake,3
sub-029,pancakeswithblueberries,3
sub-029,filletofporkgrilled,1
sub-029,cakewithtangerines,4
sub-029,piecesofchocolate,3
sub-029,tomatoandmozzarellaskewer,3
sub-029,mandarins,3
sub-029,bread,2
sub-029,fennel,1
sub-029,blueberries,3
sub-029,spaghettiwithtomatosauce,1
sub-029,chocolatepopsiclewithnuts,2
sub-029,waffles,2
sub-029,crispbreadwithcookedham,1
sub-029,chocolatebarbite,4
sub-029,apples,1
sub-029,frenchfries,1
sub-029,chocolatemarshmallows,1
sub-029,glassoforangejuice,4
sub-029,toastwhitebread,1
sub-029,cakewithgelatinizedfruits,1
sub-029,muffins,1
sub-029,filledchocolates,2
sub-029,cucumberandcarrot,1
sub-029,yellowbellpepper,1
sub-029,salamiroastedhamandcheese,2
sub-029,nicnaccrustypeanuts,1
sub-029,gooseroasted,2
sub-029,sausagesfrankfurter,1
sub-029,pretzel,2
sub-029,bagel,3
sub-029,ravioli,1
sub-029,cookiemix,3
sub-029,tagliatelle,2
sub-029,greenasparagus,3
sub-029,vanillaicecream,2
sub-029,tomatoes,4
sub-029,roastedchicken,2
sub-029,lasagna,4
sub-029,fruitmixkiwicherriesstrawberries,1
sub-029,hotdog,1
sub-029,toffifayfilledcaramelcup,2
sub-029,bagelwithcreamcheeseandvegetables,1
sub-029,tomatosliced,3
sub-029,hazelnuts,3
sub-029,sausage,3
sub-029,loafofbread,2
sub-029,spareribswithfrenchfriesandsalad,3
sub-029,pastabake,3
sub-029,snackmix,3
sub-029,donut,2
sub-029,roastpotatoes,1
sub-029,blackberry,1
sub-029,cheddarcheese,3
sub-029,oranges,3
sub-029,peanuts,2
sub-029,chips,1
sub-029,bowlofsalad,3
sub-029,frenchtoast,2
sub-029,fishsandwich,2
sub-029,arugula,1
sub-029,chocolatepieces,2
sub-029,cake,1
sub-029,blackforestcake,1
sub-029,pizzaveggiecheese,2
sub-029,cappuccino,2
sub-029,bowlofsalad,3
sub-029,raspberrycreamcake,2
sub-029,mixedsalad,3
sub-029,fruits,1
sub-029,nutscoveredinchocolate,2
sub-029,wafflewithwhippedcream,3
sub-029,cheesecakewithstrawberriesandcrumbles,3
sub-029,donerkebab,2
sub-029,lasagna,4
sub-029,pastries,2
sub-029,pizzawithsalami,1
sub-029,zucchini,2
sub-029,cookedhamcut,2
sub-029,zucchini,1
sub-029,hamsandwich,3
sub-029,emmentalercheese,2
sub-029,doughnutdonuticing,2
sub-029,frankfurtcrowncake,1
sub-029,smokedhambacon,1
sub-029,creamcakewithfruits,4
sub-029,chocolatemuffin,3
sub-029,frenchfries,1
sub-029,mixedvegetables,2
sub-029,romanlettuce,1
sub-029,eclair,2
sub-029,shortbread,3
sub-029,gummicandycola,3
sub-029,saladplate,3
sub-029,gardenradish,1
sub-029,greenpaprikapeppers,1
sub-029,potatoes,2
sub-029,roastpork,2
sub-029,crispbread,2
sub-029,oranges,3
sub-029,tortellini,1
sub-029,chocolatecakewithnuts,3
sub-029,lollipops,1
sub-029,stracciatellacake,3
sub-029,cucumberwithslices,1
sub-029,chocolatepopsicles,1
sub-029,blackberries,1
sub-029,hardcandies,1
sub-029,chocolatecake,3
sub-029,gherkinsliced,3
sub-029,breads,4
sub-029,croissants,2
sub-029,muffin,1
sub-029,grapewhites,4
sub-029,mixedvegetables,2
sub-029,cheeseburger,2
sub-029,germankrapfen,2
sub-029,tomatoandmozzarella,4
sub-029,raspberrycreamcake,2
sub-029,cake,3
sub-029,crispbreadwithcottagecheese,2
sub-029,cheeseburger,2
sub-029,winegum,1
sub-029,mueslibaroatmeal,1
sub-029,toast,2
sub-029,raspberrycake,2
sub-029,apples,2
sub-029,glassofgherkins,3
sub-029,carrots,1
sub-029,jaffacookies,3
sub-029,sundaewithraspberries,3
sub-029,hamsandwichwithchips,2
sub-029,roll,1
sub-029,brusselssprouts,2
sub-029,fennel,1
sub-029,pretzelsticks,2
sub-029,cake,1
sub-029,redbellpepper,1
sub-029,chocolatebarfilledwithstrawberryandyogurtcream,1
sub-029,pralines,1
sub-029,hotdog,1
sub-029,redcabbage,2
sub-029,crackers,3
sub-029,watermelon,1
sub-029,sushi,1
sub-029,sproutspotatoescarrots,2
sub-029,crispbreadwithcottagecheese,2
sub-029,steakwithbackedpotatoandvegetables,1
sub-029,germankrapfen,2
sub-029,raspberrycandies,1
sub-029,puffedricecoveredinchocolate,2
sub-029,barofchocolate,1
sub-029,mixedvegetables,2
sub-029,hamsandwich,3
sub-029,blueberries,3
sub-029,muffins,2
sub-029,salmon,2
sub-029,asparagus,1
sub-029,chocolatebarbroken,1
sub-029,leek,3
sub-029,kiwi,4
sub-029,pineapple,2
sub-029,doughnutdonutchocolate,2
sub-029,donutchocolatetopping,2
sub-029,oranges,3
sub-029,meatpie,1
sub-029,muffinwithgreentopping,3
sub-029,banana,3
sub-029,artichoke,1
sub-029,redgrapes,2
sub-029,avocado,2
sub-029,papaya,1
sub-030,strawberrytartlet,3
sub-030,roll,2
sub-030,pizzaveggiecheese,2
sub-030,sausages,3
sub-030,headofgreenlettuce,2
sub-030,bagelswithsesameandpoppyseed,4
sub-030,salmon,4
sub-030,meatfilletsandvegetablesgrilled,4
sub-030,roulade,3
sub-030,tomatoes,3
sub-030,hardcandies,1
sub-030,mixedvegetablescooked,1
sub-030,breadroll,2
sub-030,hamsandwichwithchips,2
sub-030,zucchini,2
sub-030,chips,3
sub-030,cutlet,3
sub-030,muffinwithgreentopping,3
sub-030,sundaepeach,3
sub-030,yellowbellpeppersliced,2
sub-030,grapesred,4
sub-030,salmon,4
sub-030,wildberriesmix,4
sub-030,cookie,3
sub-030,crispbreadwithcottagecheese,1
sub-030,paprikapeppersredyelloworange,2
sub-030,quiche,3
sub-030,flatcakewithsalad,2
sub-030,croissant,3
sub-030,friedegg,2
sub-030,hamsandwichwithchips,3
sub-030,blueberries,4
sub-030,rissole,3
sub-030,chocolatecake,3
sub-030,chocolatebar,3
sub-030,pizzawithsalami,4
sub-030,cheesecake,3
sub-030,cheese,2
sub-030,cheeseburgerfrenchfries,4
sub-030,shashlik,3
sub-030,openedchipsbag,4
sub-030,chocolatemuffin,3
sub-030,toffifayfilledcaramelcup,3
sub-030,blackforestcake,3
sub-030,chocolatebiscuit,2
sub-030,doughnutdonuticing,3
sub-030,croissants,3
sub-030,pizzasalami,4
sub-030,kitkatchocolatewaferbars,4
sub-030,tomatoes,3
sub-030,loafofbread,3
sub-030,spaghettibolognese,3
sub-030,fennel,2
sub-030,chocolatecake,3
sub-030,pastriesanddonuts,4
sub-030,pizzawithmushroomsandbellpepper,3
sub-030,sandwichroastbeef,3
sub-030,crispbread,2
sub-030,muffins,3
sub-030,pickles,1
sub-030,frenchcruller,4
sub-030,rigatoniwithvegetable,2
sub-030,peapod,2
sub-030,cheeseburgerfrenchfriesandcola,3
sub-030,jellycandies,2
sub-030,orange,3
sub-030,doughnutdonutjam,3
sub-030,cauliflower,1
sub-030,broccoli,2
sub-030,kohlrabi,1
sub-030,steakwithbackedpotatoandvegetables,4
sub-030,redgrapes,4
sub-030,rasberries,3
sub-030,christmassweets,2
sub-030,espresso,2
sub-030,shortbread,2
sub-030,peach,3
sub-030,veggiemixwithdip,1
sub-030,ravioli,2
sub-030,lettuceiceberg,1
sub-030,vanillaicecreamcone,4
sub-030,cookie,1
sub-030,apples,3
sub-030,cookedhamcut,4
sub-030,tomato,2
sub-030,hamsandwich,3
sub-030,popcorn,3
sub-030,artichoke,1
sub-030,chinesecabbage,2
sub-030,cheese,2
sub-030,bowlofmuesligranola,2
sub-030,friedsausagewithroll,4
sub-030,crispbreadwithcookedham,2
sub-030,roastedchicken,4
sub-030,chives,1
sub-030,canardroasted,4
sub-030,carambolastarfruit,1
sub-030,grapes,3
sub-030,pastries,4
sub-030,sliceofbreadtoppedwithchocolatecream,2
sub-030,almonds,2
sub-030,pineapple,4
sub-030,potatoesandcorn,2
sub-030,roastpork,4
sub-030,vienneseschnitzelwithpotatoes,4
sub-030,redchilli,1
sub-030,cauliflower,1
sub-030,chocolatecookie,2
sub-030,fishwithvegetablesgrilled,4
sub-030,mashedpotatoes,3
sub-030,rusk,3
sub-030,oranges,4
sub-030,chips,3
sub-030,saladplate,3
sub-030,platewithrawhamburgerpattiesandsausages,4
sub-030,cremebrulee,3
sub-030,pastabake,3
sub-030,openedbarofchocolatewithnuts,2
sub-030,vanillaicecream,4
sub-030,chocolatecakewithnuts,2
sub-030,cucumberslice,1
sub-030,mixedsalad,2
sub-030,bowlofrice,3
sub-030,glassofwhitewine,2
sub-030,vanillaandchocolateicecreamcone,4
sub-030,crispreadwithcottagecheese,1
sub-030,icecream,4
sub-030,nicnaccrustypeanuts,2
sub-030,cauliflower,1
sub-030,avocado,1
sub-030,chocolatemarshmallows,2
sub-030,piecesofchocolate,2
sub-030,asparaguswithbechamelsauce,1
sub-030,gardenradish,2
sub-030,bread,3
sub-030,squashpumpkin,1
sub-030,papaya,2
sub-030,headofcabbage,1
sub-030,camembert,2
sub-030,pancakes,4
sub-030,redpaprikapeppers,1
sub-030,lasagna,2
sub-030,donerkebab,3
sub-030,nutscashews,1
sub-030,chocolatecreamcake,3
sub-030,bagel,2
sub-030,eggboiled,2
sub-030,hamsandwich,3
sub-030,croissants,3
sub-030,raspberries,4
sub-030,spaghettiwithpesto,3
sub-030,chocolatemuffin,3
sub-030,glassoforangejuice,4
sub-030,cakegugelhupf,3
sub-030,mixedlicorice,2
sub-030,banana,3
sub-030,filledwaffles,3
sub-030,greenbellpepper,1
sub-030,chickenroasted,3
sub-030,parsley,1
sub-030,marzipanchocolate,3
sub-030,edamcheese,3
sub-030,roastbeef,4
sub-030,pastabake,2
sub-030,pancakewithfruits,4
sub-030,mmspeanut,2
sub-030,redbellpepper,1
sub-030,cucumberwithslices,2
sub-030,cheeseburger,4
sub-030,carrots,1
sub-030,germankrapfen,3
sub-030,bagelwithcreamcheeseandvegetables,3
sub-030,cake,3
sub-030,blackberry,3
sub-030,greenapple,2
sub-030,donutsandpastries,4
sub-030,cookies,2
sub-030,pretzelsticks,2
sub-030,wildberriesmix,4
sub-030,icecreamsandwiches,2
sub-030,nectarines,3
sub-030,soybeansprouts,1
sub-030,tomatoandmozzarella,3
sub-030,challahbraidedyeastbunwithraisins,3
sub-030,chocolatecroissants,3
sub-030,peascooked,1
sub-030,pizzawithsalami,4
sub-030,strawberryicecreamcone,3
sub-030,tomatoes,3
sub-030,shortbreads,3
sub-030,gummicandyandlicoricemix,3
sub-030,donut,3
sub-030,tortellini,2
sub-030,wildberriesmix,4
sub-030,chipsfrenchfries,3
sub-030,watermelon,4
sub-030,greenonionshallot,1
sub-030,figs,3
sub-030,blacklicoricewheels,1
sub-030,peanutpuffs,3
sub-030,raspberrycake,4
sub-030,pear,3
sub-030,pineapple,4
sub-030,carrots,2
sub-030,pastabake,3
sub-030,saladplate,2
sub-030,germankrapfen,4
sub-030,fruitmixnectarinesraspberriescherries,4
sub-030,cheeseburger,3
sub-030,oranges,3
sub-030,fennel,1
sub-030,chocolateandstrawberryicecream,3
sub-030,toblerone,3
sub-030,crispbreadwithcottagecheese,1
sub-030,chocolatepopsiclewithnuts,3
sub-030,burgerpattywithfrenchfriesandsalad,4
sub-030,spaghettiwithtomatosauce,3
sub-030,bowlofsalad,2
sub-030,cake,3
sub-030,potatoes,2
sub-030,croissantwithbutterandjam,4
sub-030,donutchocolate,4
sub-030,breads,3
sub-030,emmentalercheese,2
sub-030,waterbottle,1
sub-030,greenpaprikapeppers,1
sub-030,cornflakesandalmondscoveredinchocolate,1
sub-030,mixedvegetables,1
sub-030,raspberrycake,4
sub-030,spinach,2
sub-030,meatpie,2
sub-030,shrimp,4
sub-030,yellowbellpepper,2
sub-030,saladplate,2
sub-030,barofchocolate,3
sub-030,raspberrycake,4
sub-030,peascornandpotatos,1
sub-030,roundshortbreadcookies,3
sub-030,pinenuts,2
sub-030,cakewithgelatinizedfruits,3
sub-030,mushroomsbrown,2
sub-030,walnuts,1
sub-030,crispbreadwithcottagecheese,1
sub-030,frankfurtcrowncake,3
sub-030,grapefruit,3
sub-030,spaghetti,2
sub-030,mixedvegetables,1
sub-030,cake,3
sub-030,bowlofrice,3
sub-030,cheeseburger,3
sub-030,beansandcarrotscooked,1
sub-030,chocolatecandybar,3
sub-030,pralines,3
sub-030,vienneseschnitzel,4
sub-030,grilledbavariansausage,3
sub-030,carrots,2
sub-030,asparagus,1
sub-030,mixedvegetables,1
sub-030,chiccory,1
sub-030,kiwis,4
sub-030,cheesecakewithcherrytopping,4
sub-030,donutwithchocolatesprinkles,4
sub-030,chocolatemuffin,3
sub-030,pretzel,2
sub-030,chocolatepopsicles,4
sub-030,cornonacob,4
sub-030,eggsineggboard,2
sub-030,mixedvegetables,1
sub-030,donerkebab,3
sub-030,spareribswithfrenchfriesandsalad,4
sub-030,hamandcheesesandwich,3
sub-030,marblecake,3
sub-030,cookiesfilledwithchocolatecream,3
sub-030,toast,3
sub-030,creamcakewithfruits,3
sub-030,vegetables,2
sub-030,chroisant,3
sub-030,chocolatebarfilledwithmilkcream,3
sub-030,pomegranate,2
sub-030,hotdog,2
sub-030,bread,3
sub-030,meatpie,3
sub-030,sushirollwithcucumber,3
sub-030,chocolatebarfilledwithstrawberryandyogurtcream,3
sub-030,curdwithchives,1
sub-030,pizzahamandmushrooms,3
sub-030,artichoke,1
sub-030,winegum,3
sub-030,sausage,3
sub-030,pistachios,2
sub-030,nutscoveredinchocolate,2
sub-030,cantaloup,4
sub-030,croissants,3
sub-030,salamiroastedhamandcheese,2
sub-030,cookedham,3
sub-030,celery,1
sub-030,briecheese,2
sub-030,popcorn,2
sub-030,arugula,1
sub-030,cheeseplatter,2
sub-030,toastwithjam,3
sub-030,avocado,1
sub-030,apples,3
sub-030,blueberryastrawberrytartlet,4
sub-030,pastameal,3
sub-030,sproutspotatoescarrots,1
sub-030,salmonwithvegetablesgrilled,2
sub-030,spinachpotatoecasserole,3
sub-030,cutlet,4
sub-030,potatogratin,3
sub-030,ricewaffles,2
sub-030,glassofredwine,3
sub-030,pretzels,3
sub-030,mueslibaroatmeal,2
sub-030,wildberriesmix,3
sub-030,tagliatelle,1
sub-030,glassofbeer,3
sub-030,cheeseplatter,2
sub-030,chocolatemuffin,3
sub-030,sushirolls,3
sub-030,lemon,3
sub-030,strawberrycreamcake,3
sub-030,olives,1
sub-030,muffins,3
sub-030,cakewithtangerines,3
sub-030,carrots,2
sub-030,cheese,2
sub-030,brusselssprouts,1
sub-030,beefsteakraw,4
sub-030,grapesredandwhite,3
sub-030,wafflewithwhippedcream,4
sub-030,eclair,3
sub-030,chocolatepieces,3
sub-030,raspberrycreamcake,4
sub-030,minicookieswithchocolateononeside,3
sub-030,raspberrycreamcake,3
sub-030,chocolatecake,3
sub-030,potatoewedges,4
sub-030,gummicandygoldbears,3
sub-030,chocolatecookies,3
sub-030,fishsticks,3
sub-030,somebarsofchocolatestacked,3
sub-030,lasagna,3
sub-030,hamsandwich,2
sub-030,artichoke,1
sub-030,limes,3
sub-030,peanuts,3
sub-030,strawberrycake,4
sub-030,fruitplatemelonpineapplegrapes,3
sub-030,potatoes,2
sub-030,paprikapeppersredgreenyellow,2
sub-030,pineapple,4
sub-030,lollipops,3
sub-030,toastwhitebread,3
sub-030,headofgreenlettuce,2
sub-030,frenchtoast,3
sub-030,salmon,4
sub-030,cake,3
sub-030,knuckleofporkwithsauerkraut,2
sub-030,bowlofmuesligranola,3
sub-030,glassofgherkins,1
sub-030,muffin,3
sub-030,raffaelococonutwaferballs,2
sub-030,grapes,4
sub-030,cookiesmixed,3
sub-030,cherries,4
sub-030,roll,3
sub-030,mushroomswhite,1
sub-030,chickenfilletsgrilled,4
sub-030,peaches,3
sub-030,salamisausage,3
sub-030,gherkin,1
sub-030,chocolatecake,3
sub-030,jaffacookies,3
sub-030,minichocolatemarshmallows,3
sub-030,cheeseplatter,2
sub-030,appledanish,3
sub-030,radishes,1
sub-030,hardcandies,1
sub-030,cheddarcheese,2
sub-030,barsofwhitechocolate,3
sub-030,spaghettiwithtomatosauce,3
sub-030,filledroulade,3
sub-030,creamroll,3
sub-030,croissants,3
sub-030,gummicandycola,3
sub-030,strawberries,4
sub-030,doughnutdonutchocolate,3
sub-030,apple,3
sub-030,strawberries,4
sub-030,piecesoffruit,4
sub-030,blackberries,2
sub-030,lattemacchiato,3
sub-030,croissants,3
sub-030,waffle,4
sub-030,peanuts,2
sub-030,brusselssprouts,2
sub-030,chocolatepopsiclewithnuts,3
sub-030,spinach,1
sub-030,roastbeef,4
sub-030,onion,2
sub-030,wienerschnitzel,4
sub-030,pizzawithmushrooms,4
sub-030,kiwi,4
sub-030,chocolatebarbite,3
sub-030,chocolatebarbroken,3
sub-030,mixedvegetables,1
sub-030,mixedsalad,2
sub-030,coloredchocolatebeans,1
sub-030,hardcandies,1
sub-030,snackmix,2
sub-030,hamburger,3
sub-030,somedifferentcakewedges,3
sub-030,germankrapfen,4
sub-030,steakwithbackedpotatoandvegetables,4
sub-030,zucchini,4
sub-030,grapeswhite,4
sub-030,browniewithnuts,3
sub-030,fruits,2
sub-030,sachercake,3
sub-030,baguette,3
sub-030,strawberryhalf,4
sub-030,leek,1
sub-030,watermelon,4
sub-030,cookiefilledwithjelly,3
sub-030,chips,4
sub-030,carrotscooked,2
sub-030,frenchfries,4
sub-030,hotdog,2
sub-030,cherry,3
sub-030,marshmallowsflat,3
sub-030,icecreamwithchocolatebeans,3
sub-030,greenchili,1
sub-030,cookiemix,3
sub-030,lemoncake,3
sub-030,fishsandwich,2
sub-030,butter,2
sub-030,plateofsalad,2
sub-030,chocolatetruffle,1
sub-030,waffles,3
sub-030,hamburgerwithbacon,4
sub-030,stracciatellacake,3
sub-030,camembert,2
sub-030,sachercake,4
sub-030,banana,3
sub-030,crackers,3
sub-030,pizzaslicesassorted,3
sub-030,cheeseandcoldmeatplatter,3
sub-030,saladplate,2
sub-030,chocolatecookie,3
sub-030,filledchocolates,4
sub-030,cornmaize,3
sub-030,sundaewithraspberries,4
sub-030,tunasandwiches,3
sub-030,banana,3
sub-030,tomatosliced,2
sub-030,applepie,2
sub-030,raspberrycandies,2
sub-030,gummibearswithextrasugar,3
sub-030,shashlikwithbakedpotato,3
sub-030,sushiwithsalmon,4
sub-030,strawberries,4
sub-030,minichocolatecakebar,3
sub-030,cherries,4
sub-030,doughnutdonutplain,4
sub-030,strawberries,4
sub-030,hotdog,3
sub-030,apples,3
sub-030,springonions,1
sub-030,cheeseburger,2
sub-030,potatoes,2
sub-030,hazelnuts,2
sub-030,greenbeans,1
sub-030,walnut,1
sub-030,gherkinsliced,1
sub-030,cheeseplatter,2
sub-030,blueberries,3
sub-030,fruits,3
sub-030,steak,4
sub-030,lettucelollorosso,1
sub-030,pastawithbacon,3
sub-030,rollsinabasket,3
sub-030,fruitmixkiwicherriesstrawberries,4
sub-030,tomatoandmozzarellaskewer,1
sub-030,frenchfries,2
sub-030,breakfastcereals,2
sub-030,muffins,3
sub-030,redcabbage,1
sub-030,pancakeswithblueberries,3
sub-030,tortillachips,3
sub-030,strawberrycake,4
sub-030,frenchfries,3
sub-030,chips,4
sub-030,lollipops,3
sub-030,liversausage,3
sub-030,mandarins,3
sub-030,cake,2
sub-030,beefsteakraw,4
sub-030,filletofporkgrilled,4
sub-030,redcurrants,3
sub-030,cheesecakewithstrawberriesandcrumbles,3
sub-030,salmonsushi,4
sub-030,rasberry,3
sub-030,cornflakeswithmilk,3
sub-030,mixedvegetables,1
sub-030,raspberries,4
sub-030,cappuccino,4
sub-030,chickenraw,3
sub-030,oranges,3
sub-030,cheeseburgerfrenchfriesandcola,4
sub-030,grapewhites,4
sub-030,cucumberandcarrot,2
sub-030,lemons,3
sub-030,meatballspatties,2
sub-030,spareribswithfrenchfriesandsalad,4
sub-030,puffedricecoveredinchocolate,3
sub-030,headoficeberglettuce,2
sub-030,frenchfriesandchickendrumsticks,4
sub-030,cookiesfilledwithchocolatecream,3
sub-030,hazelnut,2
sub-030,wildberriesmix,4
sub-030,croissant,3
sub-030,sugarsnappea,1
sub-030,romanlettuce,1
sub-030,pears,2
sub-030,sausagesfrankfurter,3
sub-030,spaghettiwithtomatosauce,3
sub-030,sundae,3
sub-030,roastpotatoes,3
sub-030,fruitcake,3
sub-030,bowlofsalad,3
sub-030,sushi,3
sub-030,beefsteakraw,4
sub-030,apples,3
sub-030,troutwithpotatoespanfried,4
sub-030,papaya,3
sub-030,chocolateandvanillaicecream,3
sub-030,ravioli,2
sub-030,mixedvegetables,1
sub-030,oranges,3
sub-030,cookiesoreos,3
sub-030,donutchocolatetopping,3
sub-030,chocolatecake,3
sub-030,gooseroasted,4
sub-030,germankrapfen,4
sub-030,bloodoranges,2
sub-030,filledcookiewithwalnut,3
sub-030,smokedhambacon,2
sub-030,frenchfrieschicken,3
sub-030,veggiemixcucumbertomatopeppers,2
sub-030,lemon1half,3
sub-030,cake,3
sub-030,challahbraidedyeastbun,2
sub-030,peanuts,2
sub-030,hamsandwich,3
sub-030,vegetables,2
sub-030,crispbread,2
sub-030,gardenradish,1
sub-030,greenasparagus,1
sub-030,cake,3
sub-030,cakewithpowderedsugar,3
sub-030,barofchocolatewithnuts,3
sub-030,honeydewmelon,1
sub-030,hotdog,3
sub-030,marblecake,3
sub-030,fruitsalad,4
sub-030,glassofbeer,3
sub-030,pears,1
sub-031,spinach,3
sub-031,espresso,1
sub-031,tunasandwiches,4
sub-031,sundaewithraspberries,3
sub-031,artichoke,1
sub-031,potatoes,2
sub-031,pretzel,4
sub-031,cakewithpowderedsugar,4
sub-031,hamsandwich,3
sub-031,hamandcheesesandwich,4
sub-031,croissants,2
sub-031,salmonwithvegetablesgrilled,3
sub-031,greenasparagus,2
sub-031,wienerschnitzel,3
sub-031,fruitmixkiwicherriesstrawberries,3
sub-031,filledroulade,3
sub-031,saladplate,2
sub-031,cake,3
sub-031,potatoes,3
sub-031,beefsteakraw,3
sub-031,zucchini,2
sub-031,tomatoes,3
sub-031,pretzelsticks,2
sub-031,greenpaprikapeppers,1
sub-031,smokedhambacon,2
sub-031,strawberrycake,2
sub-031,headofgreenlettuce,1
sub-031,cheese,3
sub-031,cheeseplatter,3
sub-031,waterbottle,1
sub-031,muffin,3
sub-031,peanutpuffs,4
sub-031,roastbeef,4
sub-031,blackberries,1
sub-031,pinenuts,1
sub-031,filledwaffles,2
sub-031,chocolatepopsiclewithnuts,2
sub-031,broccoli,1
sub-031,chocolatecreamcake,2
sub-031,strawberries,3
sub-031,gummicandycola,3
sub-031,fennel,2
sub-031,tomatoes,2
sub-031,parsley,1
sub-031,chives,1
sub-031,oranges,3
sub-031,croissants,2
sub-031,butter,1
sub-031,mixedlicorice,3
sub-031,jaffacookies,3
sub-031,crackers,2
sub-031,greenbeans,1
sub-031,cake,3
sub-031,chocolatecookie,3
sub-031,spinachpotatoecasserole,4
sub-031,cakewithgelatinizedfruits,2
sub-031,sandwichroastbeef,4
sub-031,hotdog,4
sub-031,nutscoveredinchocolate,2
sub-031,gummicandyandlicoricemix,3
sub-031,doughnutdonuticing,3
sub-031,briecheese,4
sub-031,croissantwithbutterandjam,2
sub-031,challahbraidedyeastbun,1
sub-031,grapesred,2
sub-031,eggsineggboard,2
sub-031,greenonionshallot,1
sub-031,apples,2
sub-031,vienneseschnitzel,4
sub-031,bread,2
sub-031,troutwithpotatoespanfried,4
sub-031,chocolatemuffin,3
sub-031,gummicandygoldbears,3
sub-031,raspberries,2
sub-031,cremebrulee,3
sub-031,hotdog,3
sub-031,spaghettiwithtomatosauce,2
sub-031,wildberriesmix,3
sub-031,cheeseburgerfrenchfries,4
sub-031,oranges,2
sub-031,wafflewithwhippedcream,4
sub-031,doughnutdonutchocolate,2
sub-031,cookie,4
sub-031,headofcabbage,1
sub-031,gooseroasted,4
sub-031,lasagna,4
sub-031,pastameal,3
sub-031,spaghettiwithtomatosauce,2
sub-031,walnuts,1
sub-031,ravioli,1
sub-031,minichocolatemarshmallows,2
sub-031,creamroll,4
sub-031,bowlofmuesligranola,2
sub-031,cheesecake,4
sub-031,icecreamsandwiches,2
sub-031,walnut,1
sub-031,banana,3
sub-031,chocolatecroissants,2
sub-031,redchilli,2
sub-031,chocolatebiscuit,3
sub-031,pomegranate,2
sub-031,piecesoffruit,3
sub-031,cauliflower,2
sub-031,cake,3
sub-031,cheeseplatter,3
sub-031,mmspeanut,2
sub-031,fishsandwich,3
sub-031,peanuts,1
sub-031,steak,4
sub-031,fruitcake,4
sub-031,vegetables,2
sub-031,cakewithtangerines,3
sub-031,spareribswithfrenchfriesandsalad,4
sub-031,chocolatemuffin,3
sub-031,cutlet,4
sub-031,paprikapeppersredgreenyellow,2
sub-031,blueberries,2
sub-031,cookiesfilledwithchocolatecream,2
sub-031,marblecake,3
sub-031,waffle,4
sub-031,blackforestcake,4
sub-031,jellycandies,2
sub-031,pickles,1
sub-031,saladplate,2
sub-031,vanillaicecreamcone,3
sub-031,doughnutdonutjam,3
sub-031,honeydewmelon,2
sub-031,veggiemixcucumbertomatopeppers,2
sub-031,orange,3
sub-031,crispreadwithcottagecheese,2
sub-031,mixedvegetables,2
sub-031,lemons,1
sub-031,chips,4
sub-031,chipsfrenchfries,2
sub-031,chocolatemuffin,3
sub-031,tagliatelle,1
sub-031,beansandcarrotscooked,2
sub-031,ravioli,2
sub-031,blueberries,3
sub-031,mixedvegetablescooked,3
sub-031,bowlofrice,4
sub-031,sliceofbreadtoppedwithchocolatecream,2
sub-031,pear,2
sub-031,barofchocolatewithnuts,3
sub-031,openedchipsbag,4
sub-031,chocolatecandybar,3
sub-031,hamsandwichwithchips,4
sub-031,mushroomswhite,3
sub-031,pancakes,2
sub-031,meatballspatties,2
sub-031,cucumberandcarrot,2
sub-031,mashedpotatoes,3
sub-031,yellowbellpepper,2
sub-031,donutchocolate,3
sub-031,salmon,4
sub-031,mandarins,3
sub-031,leek,2
sub-031,peascooked,1
sub-031,hazelnut,1
sub-031,carrotscooked,2
sub-031,cheeseburger,4
sub-031,strawberries,2
sub-031,pizzawithmushrooms,4
sub-031,pineapple,2
sub-031,banana,3
sub-031,strawberries,3
sub-031,kohlrabi,1
sub-031,croissants,3
sub-031,fishwithvegetablesgrilled,3
sub-031,pineapple,2
sub-031,chocolatecake,3
sub-031,fruits,3
sub-031,sachercake,3
sub-031,watermelon,2
sub-031,almonds,2
sub-031,grapewhites,3
sub-031,edamcheese,1
sub-031,crispbreadwithcookedham,3
sub-031,peaches,3
sub-031,roastbeef,4
sub-031,somedifferentcakewedges,3
sub-031,strawberrycreamcake,3
sub-031,eclair,3
sub-031,apples,2
sub-031,glassofbeer,3
sub-031,chocolatebarfilledwithmilkcream,2
sub-031,salmonsushi,4
sub-031,strawberries,3
sub-031,baguette,1
sub-031,spaghettiwithtomatosauce,2
sub-031,nectarines,3
sub-031,cheese,4
sub-031,chickenfilletsgrilled,3
sub-031,hotdog,2
sub-031,headoficeberglettuce,2
sub-031,chocolatebar,2
sub-031,hamburgerwithbacon,3
sub-031,nicnaccrustypeanuts,2
sub-031,frenchfries,2
sub-031,salmon,2
sub-031,doughnutdonutplain,3
sub-031,crispbread,1
sub-031,cheddarcheese,3
sub-031,bread,1
sub-031,meatpie,2
sub-031,steakwithbackedpotatoandvegetables,3
sub-031,grapes,3
sub-031,sushi,3
sub-031,fruitsalad,3
sub-031,cake,2
sub-031,knuckleofporkwithsauerkraut,2
sub-031,sushirollwithcucumber,3
sub-031,bagelswithsesameandpoppyseed,2
sub-031,mixedvegetables,2
sub-031,gardenradish,1
sub-031,sundaepeach,3
sub-031,glassofwhitewine,1
sub-031,raspberrycake,3
sub-031,toastwithjam,1
sub-031,applepie,2
sub-031,ricewaffles,2
sub-031,mueslibaroatmeal,2
sub-031,roastedchicken,4
sub-031,fennel,1
sub-031,cookiesfilledwithchocolatecream,2
sub-031,mixedvegetables,2
sub-031,frenchfrieschicken,3
sub-031,rollsinabasket,2
sub-031,cheeseburgerfrenchfriesandcola,4
sub-031,pastawithbacon,4
sub-031,marshmallowsflat,2
sub-031,zucchini,1
sub-031,cookiefilledwithjelly,2
sub-031,spaghetti,1
sub-031,cantaloup,4
sub-031,lettuceiceberg,2
sub-031,breadroll,2
sub-031,muffinwithgreentopping,1
sub-031,pears,1
sub-031,salamiroastedhamandcheese,3
sub-031,bowlofsalad,2
sub-031,icecream,2
sub-031,pastries,3
sub-031,sachercake,3
sub-031,mixedsalad,2
sub-031,donerkebab,1
sub-031,cookedham,3
sub-031,minichocolatecakebar,3
sub-031,filletofporkgrilled,4
sub-031,cherries,3
sub-031,vanillaicecream,3
sub-031,romanlettuce,1
sub-031,grilledbavariansausage,3
sub-031,cheesecakewithcherrytopping,3
sub-031,shashlikwithbakedpotato,4
sub-031,vienneseschnitzelwithpotatoes,4
sub-031,rusk,2
sub-031,gherkin,1
sub-031,hotdog,3
sub-031,croissants,2
sub-031,cake,2
sub-031,camembert,4
sub-031,creamcakewithfruits,4
sub-031,mixedvegetables,2
sub-031,carrots,1
sub-031,cookiesoreos,2
sub-031,chocolatecake,1
sub-031,frenchfries,3
sub-031,raspberrycake,3
sub-031,marblecake,2
sub-031,limes,3
sub-031,strawberrycake,3
sub-031,squashpumpkin,1
sub-031,blueberryastrawberrytartlet,3
sub-031,bagel,2
sub-031,fruits,2
sub-031,chocolatecake,3
sub-031,vegetables,2
sub-031,glassofredwine,2
sub-031,avocado,2
sub-031,peanuts,2
sub-031,potatoewedges,3
sub-031,peach,3
sub-031,liversausage,3
sub-031,toastwhitebread,2
sub-031,chocolatecookies,2
sub-031,raspberries,2
sub-031,spaghettibolognese,2
sub-031,cherries,2
sub-031,lasagna,3
sub-031,pretzels,3
sub-031,radishes,1
sub-031,pistachios,2
sub-031,donerkebab,2
sub-031,roastpork,3
sub-031,banana,3
sub-031,hardcandies,1
sub-031,bowlofrice,3
sub-031,saladplate,2
sub-031,tomatoandmozzarella,3
sub-031,sushirolls,2
sub-031,raspberrycake,3
sub-031,pizzawithsalami,4
sub-031,flatcakewithsalad,3
sub-031,sproutspotatoescarrots,1
sub-031,beefsteakraw,2
sub-031,raspberrycreamcake,3
sub-031,chocolatecookie,2
sub-031,crispbreadwithcottagecheese,3
sub-031,redgrapes,3
sub-031,pizzaveggiecheese,3
sub-031,kiwis,3
sub-031,challahbraidedyeastbunwithraisins,2
sub-031,cake,3
sub-031,cheesecakewithstrawberriesandcrumbles,3
sub-031,shrimp,3
sub-031,carrots,1
sub-031,pineapple,2
sub-031,paprikapeppersredyelloworange,2
sub-031,shortbread,1
sub-031,apples,3
sub-031,toblerone,2
sub-031,vanillaandchocolateicecreamcone,3
sub-031,grapes,2
sub-031,salmon,4
sub-031,pears,2
sub-031,breakfastcereals,2
sub-031,tortellini,1
sub-031,frenchfries,3
sub-031,cappuccino,3
sub-031,tomato,2
sub-031,tomatoes,2
sub-031,piecesofchocolate,3
sub-031,apple,3
sub-031,cake,3
sub-031,rissole,2
sub-031,pralines,2
sub-031,camembert,3
sub-031,cookedhamcut,3
sub-031,marzipanchocolate,1
sub-031,bloodoranges,2
sub-031,pastabake,3
sub-031,hamsandwich,3
sub-031,spareribswithfrenchfriesandsalad,2
sub-031,asparagus,1
sub-031,hardcandies,1
sub-031,mixedsalad,2
sub-031,glassofbeer,3
sub-031,gherkinsliced,3
sub-031,artichoke,4
sub-031,christmassweets,2
sub-031,somebarsofchocolatestacked,2
sub-031,kiwi,3
sub-031,greenchili,2
sub-031,sausage,3
sub-031,pizzaslicesassorted,4
sub-031,oranges,3
sub-031,popcorn,2
sub-031,greenapple,3
sub-031,chips,4
sub-031,cookie,2
sub-031,tomatoandmozzarellaskewer,3
sub-031,chocolatepopsiclewithnuts,3
sub-031,donut,2
sub-031,cheeseplatter,3
sub-031,peapod,1
sub-031,cornmaize,2
sub-031,asparaguswithbechamelsauce,1
sub-031,spaghettiwithpesto,3
sub-031,rasberry,1
sub-031,toast,2
sub-031,toffifayfilledcaramelcup,1
sub-031,hamburger,4
sub-031,pizzahamandmushrooms,4
sub-031,cheese,2
sub-031,muffins,3
sub-031,hamsandwich,3
sub-031,mushroomsbrown,2
sub-031,blacklicoricewheels,1
sub-031,tomatosliced,2
sub-031,lemon1half,2
sub-031,chocolatetruffle,3
sub-031,watermelon,3
sub-031,raffaelococonutwaferballs,3
sub-031,germankrapfen,4
sub-031,redcabbage,2
sub-031,saladplate,3
sub-031,cucumberwithslices,3
sub-031,croissant,3
sub-031,browniewithnuts,4
sub-031,roundshortbreadcookies,4
sub-031,sausages,3
sub-031,cucumberslice,2
sub-031,cheeseburger,4
sub-031,carambolastarfruit,1
sub-031,cornflakeswithmilk,3
sub-031,burgerpattywithfrenchfriesandsalad,3
sub-031,glassoforangejuice,3
sub-031,headofgreenlettuce,2
sub-031,peanuts,2
sub-031,cauliflower,2
sub-031,donutwithchocolatesprinkles,3
sub-031,mixedvegetables,2
sub-031,crispbread,2
sub-031,fruitmixnectarinesraspberriescherries,3
sub-031,cookies,2
sub-031,minicookieswithchocolateononeside,2
sub-031,sundae,3
sub-031,lettucelollorosso,2
sub-031,veggiemixwithdip,2
sub-031,bowlofmuesligranola,2
sub-031,lattemacchiato,3
sub-031,cauliflower,2
sub-031,roulade,4
sub-031,icecreamwithchocolatebeans,3
sub-031,bowlofsalad,2
sub-031,croissants,3
sub-031,mixedvegetables,2
sub-031,roastpotatoes,3
sub-031,cheeseburgerfrenchfriesandcola,4
sub-031,lemon,2
sub-031,croissant,3
sub-031,wildberriesmix,3
sub-031,potatoesandcorn,2
sub-031,barsofwhitechocolate,3
sub-031,snackmix,4
sub-031,pastabake,4
sub-031,redbellpepper,2
sub-031,peascornandpotatos,1
sub-031,canardroasted,4
sub-031,yellowbellpeppersliced,2
sub-031,cutlet,4
sub-031,lollipops,2
sub-031,cornonacob,2
sub-031,pastriesanddonuts,4
sub-031,hamsandwich,3
sub-031,brusselssprouts,2
sub-031,lollipops,3
sub-031,coloredchocolatebeans,2
sub-031,raspberrycreamcake,2
sub-031,sugarsnappea,1
sub-031,frenchtoast,2
sub-031,strawberrytartlet,3
sub-031,chocolatemuffin,3
sub-031,muffins,2
sub-031,chinesecabbage,1
sub-031,chocolatemarshmallows,2
sub-031,cookiesmixed,2
sub-031,grapefruit,3
sub-031,gardenradish,1
sub-031,avocado,2
sub-031,quiche,3
sub-031,papaya,2
sub-031,chickenroasted,4
sub-031,kitkatchocolatewaferbars,3
sub-031,barofchocolate,2
sub-031,figs,1
sub-031,potatogratin,3
sub-031,meatpie,2
sub-031,chocolatepieces,3
sub-031,chocolatebarbite,3
sub-031,frankfurtcrowncake,3
sub-031,grapesredandwhite,3
sub-031,artichoke,1
sub-031,appledanish,3
sub-031,chickenraw,2
sub-031,cherry,3
sub-031,nutscashews,3
sub-031,cornflakesandalmondscoveredinchocolate,2
sub-031,wildberriesmix,2
sub-031,chocolateandvanillaicecream,3
sub-031,springonions,2
sub-031,greenbellpepper,1
sub-031,crispbreadwithcottagecheese,2
sub-031,chips,3
sub-031,apples,2
sub-031,redcurrants,2
sub-031,meatfilletsandvegetablesgrilled,4
sub-031,soybeansprouts,1
sub-031,cheeseburger,3
sub-031,hazelnuts,1
sub-031,chocolatecake,3
sub-031,germankrapfen,2
sub-031,pizzawithsalami,3
sub-031,stracciatellacake,3
sub-031,cheeseandcoldmeatplatter,3
sub-031,chips,4
sub-031,chroisant,3
sub-031,bagelwithcreamcheeseandvegetables,2
sub-031,spinach,2
sub-031,chocolatecakewithnuts,2
sub-031,friedegg,2
sub-031,chocolatebarfilledwithstrawberryandyogurtcream,2
sub-031,pastabake,4
sub-031,chocolatebarbroken,2
sub-031,mixedvegetables,2
sub-031,wildberriesmix,2
sub-031,oranges,2
sub-031,wildberriesmix,2
sub-031,brusselssprouts,2
sub-031,loafofbread,2
sub-031,roll,2
sub-031,cheeseplatter,3
sub-031,lemoncake,2
sub-031,arugula,1
sub-031,steakwithbackedpotatoandvegetables,4
sub-031,pizzasalami,3
sub-031,breads,2
sub-031,sausagesfrankfurter,3
sub-031,winegum,3
sub-031,crispbreadwithcottagecheese,2
sub-031,onion,1
sub-031,platewithrawhamburgerpattiesandsausages,3
sub-031,puffedricecoveredinchocolate,3
sub-031,waffles,2
sub-031,shortbreads,2
sub-031,raspberrycandies,1
sub-031,fishsticks,3
sub-031,papaya,1
sub-031,curdwithchives,2
sub-031,popcorn,2
sub-031,rigatoniwithvegetable,3
sub-031,filledchocolates,3
sub-031,gummibearswithextrasugar,3
sub-031,shashlik,3
sub-031,grapeswhite,3
sub-031,beefsteakraw,3
sub-031,pancakewithfruits,3
sub-031,chiccory,1
sub-031,strawberryicecreamcone,2
sub-031,pizzawithmushroomsandbellpepper,3
sub-031,chocolateandstrawberryicecream,2
sub-031,emmentalercheese,3
sub-031,fruitplatemelonpineapplegrapes,3
sub-031,sushiwithsalmon,3
sub-031,chocolatepopsicles,2
sub-031,cheeseburger,4
sub-031,openedbarofchocolatewithnuts,2
sub-031,friedsausagewithroll,3
sub-031,olives,3
sub-031,celery,1
sub-031,redpaprikapeppers,2
sub-031,glassofgherkins,1
sub-031,salamisausage,3
sub-031,frenchcruller,4
sub-031,blackberry,2
sub-031,donutchocolatetopping,3
sub-031,cookiemix,3
sub-031,tortillachips,2
sub-031,pancakeswithblueberries,2
sub-031,carrots,2
sub-031,chocolatecake,3
sub-031,eggboiled,2
sub-031,germankrapfen,3
sub-031,strawberryhalf,3
sub-031,rasberries,2
sub-031,plateofsalad,2
sub-031,hardcandies,3
sub-031,roll,2
sub-031,germankrapfen,3
sub-031,carrots,1
sub-031,donutsandpastries,4
sub-031,muffins,3
sub-031,frenchfriesandchickendrumsticks,4
sub-031,potatoes,2
sub-031,cakegugelhupf,2
sub-031,hamsandwichwithchips,3
