subject_id,item_name,rating
5588e0b4fdf99b304ee56a0e,churro,79
5588e0b4fdf99b304ee56a0e,meatballs,52
5588e0b4fdf99b304ee56a0e,pocky,83
5588e0b4fdf99b304ee56a0e,orange,85
5588e0b4fdf99b304ee56a0e,brownie,68
5588e0b4fdf99b304ee56a0e,toblerone,37
5588e0b4fdf99b304ee56a0e,greenbellpepper,50
5588e0b4fdf99b304ee56a0e,kiwi,96
5588e0b4fdf99b304ee56a0e,tortillachips,68
5588e0b4fdf99b304ee56a0e,plum,93
5588e0b4fdf99b304ee56a0e,potatochips,45
5588e0b4fdf99b304ee56a0e,cherry,100
5588e0b4fdf99b304ee56a0e,vanillasoftservecone,82
5588e0b4fdf99b304ee56a0e,boulebread,100
5588e0b4fdf99b304ee56a0e,peanuts,53
5588e0b4fdf99b304ee56a0e,butteredpopcorn,36
5588e0b4fdf99b304ee56a0e,ritzcracker,33
5588e0b4fdf99b304ee56a0e,honeydewmelon,100
5588e0b4fdf99b304ee56a0e,slicedloafbread,54
5588e0b4fdf99b304ee56a0e,goldendeliciousapple,67
5588e0b4fdf99b304ee56a0e,chocolatewafer,52
5588e0b4fdf99b304ee56a0e,sugarcookie,18
5588e0b4fdf99b304ee56a0e,saltinecracker,71
5588e0b4fdf99b304ee56a0e,frenchfries,72
5588e0b4fdf99b304ee56a0e,raspberry,20
5588e0b4fdf99b304ee56a0e,baguette,100
5588e0b4fdf99b304ee56a0e,eggrolls,70
5588e0b4fdf99b304ee56a0e,thumprintcookie,87
5588e0b4fdf99b304ee56a0e,darkchocolate,71
5588e0b4fdf99b304ee56a0e,gouda,72
5588e0b4fdf99b304ee56a0e,wheatthins,75
5588e0b4fdf99b304ee56a0e,peanutmms,76
5588e0b4fdf99b304ee56a0e,madeleine,38
5588e0b4fdf99b304ee56a0e,deliturkey,1
5588e0b4fdf99b304ee56a0e,strawberryicecreamcone,89
5588e0b4fdf99b304ee56a0e,chocolateicecreamcone,90
5588e0b4fdf99b304ee56a0e,twix,1
5588e0b4fdf99b304ee56a0e,carrot,73
5588e0b4fdf99b304ee56a0e,ryebread,93
5588e0b4fdf99b304ee56a0e,milkchocolate,69
5588e0b4fdf99b304ee56a0e,vanillawafer,28
5588e0b4fdf99b304ee56a0e,doritos,14
5588e0b4fdf99b304ee56a0e,caramel,62
5588e0b4fdf99b304ee56a0e,chickentenders,78
5588e0b4fdf99b304ee56a0e,grape,1
5588e0b4fdf99b304ee56a0e,wavylays,1
5588e0b4fdf99b304ee56a0e,almonds,82
5588e0b4fdf99b304ee56a0e,chocolatebark,94
5588e0b4fdf99b304ee56a0e,lemoncake,96
5588e0b4fdf99b304ee56a0e,triscuits,100
5588e0b4fdf99b304ee56a0e,oatmealraisincookie,87
5588e0b4fdf99b304ee56a0e,nutrigrainbar,78
5588e0b4fdf99b304ee56a0e,tuilecookie,23
5588e0b4fdf99b304ee56a0e,apple,74
5588e0b4fdf99b304ee56a0e,lindtlindorchocolatetruffle,52
5588e0b4fdf99b304ee56a0e,frostedbrownie,63
5588e0b4fdf99b304ee56a0e,blackberry,9
5588e0b4fdf99b304ee56a0e,peach,100
5588e0b4fdf99b304ee56a0e,swisscheese,94
5588e0b4fdf99b304ee56a0e,twistdonut,97
55b2d3f2fdf99b525bc839aa,churro,81
55b2d3f2fdf99b525bc839aa,sugarcookie,29
55b2d3f2fdf99b525bc839aa,eggrolls,88
55b2d3f2fdf99b525bc839aa,doritos,100
55b2d3f2fdf99b525bc839aa,grape,91
55b2d3f2fdf99b525bc839aa,lemoncake,83
55b2d3f2fdf99b525bc839aa,apple,6
55b2d3f2fdf99b525bc839aa,twistdonut,96
55b2d3f2fdf99b525bc839aa,swisscheese,87
55b2d3f2fdf99b525bc839aa,blackberry,48
55b2d3f2fdf99b525bc839aa,ryebread,10
55b2d3f2fdf99b525bc839aa,frenchfries,13
55b2d3f2fdf99b525bc839aa,slicedloafbread,20
55b2d3f2fdf99b525bc839aa,saltinecracker,16
55b2d3f2fdf99b525bc839aa,caramel,27
55b2d3f2fdf99b525bc839aa,potatochips,81
55b2d3f2fdf99b525bc839aa,vanillasoftservecone,34
55b2d3f2fdf99b525bc839aa,brownie,16
55b2d3f2fdf99b525bc839aa,chocolatebark,18
55b2d3f2fdf99b525bc839aa,chickentenders,100
55b2d3f2fdf99b525bc839aa,kiwi,100
55b2d3f2fdf99b525bc839aa,wavylays,88
55b2d3f2fdf99b525bc839aa,strawberryicecreamcone,87
55b2d3f2fdf99b525bc839aa,peach,24
55b2d3f2fdf99b525bc839aa,meatballs,49
55b2d3f2fdf99b525bc839aa,chocolateicecreamcone,83
55b2d3f2fdf99b525bc839aa,goldendeliciousapple,19
55b2d3f2fdf99b525bc839aa,carrot,1
55b2d3f2fdf99b525bc839aa,madeleine,39
55b2d3f2fdf99b525bc839aa,tortillachips,89
55b2d3f2fdf99b525bc839aa,tuilecookie,86
55b2d3f2fdf99b525bc839aa,darkchocolate,72
55b2d3f2fdf99b525bc839aa,milkchocolate,62
55b2d3f2fdf99b525bc839aa,cherry,41
55b2d3f2fdf99b525bc839aa,wheatthins,32
55b2d3f2fdf99b525bc839aa,deliturkey,23
55b2d3f2fdf99b525bc839aa,ritzcracker,11
55b2d3f2fdf99b525bc839aa,honeydewmelon,20
55b2d3f2fdf99b525bc839aa,gouda,85
55b2d3f2fdf99b525bc839aa,pocky,1
55b2d3f2fdf99b525bc839aa,frostedbrownie,72
55b2d3f2fdf99b525bc839aa,triscuits,75
55b2d3f2fdf99b525bc839aa,boulebread,75
55b2d3f2fdf99b525bc839aa,twix,93
55b2d3f2fdf99b525bc839aa,peanuts,26
55b2d3f2fdf99b525bc839aa,greenbellpepper,25
55b2d3f2fdf99b525bc839aa,almonds,16
55b2d3f2fdf99b525bc839aa,vanillawafer,32
55b2d3f2fdf99b525bc839aa,nutrigrainbar,81
55b2d3f2fdf99b525bc839aa,baguette,21
55b2d3f2fdf99b525bc839aa,peanutmms,78
55b2d3f2fdf99b525bc839aa,plum,63
55b2d3f2fdf99b525bc839aa,toblerone,70
55b2d3f2fdf99b525bc839aa,raspberry,26
55b2d3f2fdf99b525bc839aa,lindtlindorchocolatetruffle,25
55b2d3f2fdf99b525bc839aa,oatmealraisincookie,20
55b2d3f2fdf99b525bc839aa,butteredpopcorn,69
55b2d3f2fdf99b525bc839aa,chocolatewafer,67
55b2d3f2fdf99b525bc839aa,thumprintcookie,85
55b2d3f2fdf99b525bc839aa,orange,73
561d98e03d7fe8000b0f5e09,darkchocolate,89
561d98e03d7fe8000b0f5e09,chocolateicecreamcone,92
561d98e03d7fe8000b0f5e09,strawberryicecreamcone,42
561d98e03d7fe8000b0f5e09,chocolatebark,82
561d98e03d7fe8000b0f5e09,wheatthins,37
561d98e03d7fe8000b0f5e09,deliturkey,43
561d98e03d7fe8000b0f5e09,triscuits,89
561d98e03d7fe8000b0f5e09,thumprintcookie,29
561d98e03d7fe8000b0f5e09,saltinecracker,56
561d98e03d7fe8000b0f5e09,twix,83
561d98e03d7fe8000b0f5e09,blackberry,92
561d98e03d7fe8000b0f5e09,churro,56
561d98e03d7fe8000b0f5e09,vanillasoftservecone,95
561d98e03d7fe8000b0f5e09,tuilecookie,80
561d98e03d7fe8000b0f5e09,peanutmms,87
561d98e03d7fe8000b0f5e09,slicedloafbread,36
561d98e03d7fe8000b0f5e09,sugarcookie,25
561d98e03d7fe8000b0f5e09,baguette,91
561d98e03d7fe8000b0f5e09,swisscheese,31
561d98e03d7fe8000b0f5e09,goldendeliciousapple,75
561d98e03d7fe8000b0f5e09,wavylays,97
561d98e03d7fe8000b0f5e09,chickentenders,24
561d98e03d7fe8000b0f5e09,butteredpopcorn,88
561d98e03d7fe8000b0f5e09,apple,85
561d98e03d7fe8000b0f5e09,potatochips,91
561d98e03d7fe8000b0f5e09,frostedbrownie,89
561d98e03d7fe8000b0f5e09,meatballs,40
561d98e03d7fe8000b0f5e09,grape,51
561d98e03d7fe8000b0f5e09,brownie,74
561d98e03d7fe8000b0f5e09,ritzcracker,16
561d98e03d7fe8000b0f5e09,boulebread,86
561d98e03d7fe8000b0f5e09,pocky,81
561d98e03d7fe8000b0f5e09,greenbellpepper,52
561d98e03d7fe8000b0f5e09,caramel,82
561d98e03d7fe8000b0f5e09,peanuts,60
561d98e03d7fe8000b0f5e09,kiwi,35
561d98e03d7fe8000b0f5e09,ryebread,77
561d98e03d7fe8000b0f5e09,peach,90
561d98e03d7fe8000b0f5e09,oatmealraisincookie,32
561d98e03d7fe8000b0f5e09,plum,92
561d98e03d7fe8000b0f5e09,raspberry,85
561d98e03d7fe8000b0f5e09,eggrolls,78
561d98e03d7fe8000b0f5e09,chocolatewafer,80
561d98e03d7fe8000b0f5e09,lindtlindorchocolatetruffle,71
561d98e03d7fe8000b0f5e09,doritos,73
561d98e03d7fe8000b0f5e09,gouda,64
561d98e03d7fe8000b0f5e09,honeydewmelon,79
561d98e03d7fe8000b0f5e09,nutrigrainbar,85
561d98e03d7fe8000b0f5e09,orange,58
561d98e03d7fe8000b0f5e09,vanillawafer,18
561d98e03d7fe8000b0f5e09,almonds,51
561d98e03d7fe8000b0f5e09,carrot,50
561d98e03d7fe8000b0f5e09,milkchocolate,83
561d98e03d7fe8000b0f5e09,tortillachips,84
561d98e03d7fe8000b0f5e09,cherry,84
561d98e03d7fe8000b0f5e09,frenchfries,84
561d98e03d7fe8000b0f5e09,twistdonut,82
561d98e03d7fe8000b0f5e09,madeleine,81
561d98e03d7fe8000b0f5e09,lemoncake,84
561d98e03d7fe8000b0f5e09,toblerone,85
565c6791c121fe0012fc3caf,greenbellpepper,1
565c6791c121fe0012fc3caf,wheatthins,59
565c6791c121fe0012fc3caf,chickentenders,83
565c6791c121fe0012fc3caf,carrot,50
565c6791c121fe0012fc3caf,strawberryicecreamcone,90
565c6791c121fe0012fc3caf,twistdonut,82
565c6791c121fe0012fc3caf,pocky,75
565c6791c121fe0012fc3caf,twix,93
565c6791c121fe0012fc3caf,swisscheese,76
565c6791c121fe0012fc3caf,churro,92
565c6791c121fe0012fc3caf,thumprintcookie,61
565c6791c121fe0012fc3caf,eggrolls,74
565c6791c121fe0012fc3caf,chocolatebark,100
565c6791c121fe0012fc3caf,ryebread,76
565c6791c121fe0012fc3caf,milkchocolate,100
565c6791c121fe0012fc3caf,honeydewmelon,25
565c6791c121fe0012fc3caf,oatmealraisincookie,65
565c6791c121fe0012fc3caf,deliturkey,67
565c6791c121fe0012fc3caf,vanillasoftservecone,82
565c6791c121fe0012fc3caf,kiwi,75
565c6791c121fe0012fc3caf,triscuits,37
565c6791c121fe0012fc3caf,apple,52
565c6791c121fe0012fc3caf,brownie,100
565c6791c121fe0012fc3caf,baguette,86
565c6791c121fe0012fc3caf,frenchfries,100
565c6791c121fe0012fc3caf,plum,56
565c6791c121fe0012fc3caf,peach,64
565c6791c121fe0012fc3caf,cherry,49
565c6791c121fe0012fc3caf,sugarcookie,61
565c6791c121fe0012fc3caf,toblerone,100
565c6791c121fe0012fc3caf,tortillachips,79
565c6791c121fe0012fc3caf,peanutmms,94
565c6791c121fe0012fc3caf,darkchocolate,92
565c6791c121fe0012fc3caf,ritzcracker,68
565c6791c121fe0012fc3caf,saltinecracker,59
565c6791c121fe0012fc3caf,goldendeliciousapple,52
565c6791c121fe0012fc3caf,blackberry,61
565c6791c121fe0012fc3caf,madeleine,76
565c6791c121fe0012fc3caf,meatballs,73
565c6791c121fe0012fc3caf,grape,51
565c6791c121fe0012fc3caf,nutrigrainbar,46
565c6791c121fe0012fc3caf,wavylays,90
565c6791c121fe0012fc3caf,vanillawafer,61
565c6791c121fe0012fc3caf,potatochips,95
565c6791c121fe0012fc3caf,peanuts,54
565c6791c121fe0012fc3caf,almonds,56
565c6791c121fe0012fc3caf,frostedbrownie,100
565c6791c121fe0012fc3caf,lemoncake,97
565c6791c121fe0012fc3caf,lindtlindorchocolatetruffle,77
565c6791c121fe0012fc3caf,orange,61
565c6791c121fe0012fc3caf,boulebread,66
565c6791c121fe0012fc3caf,raspberry,65
565c6791c121fe0012fc3caf,chocolatewafer,100
565c6791c121fe0012fc3caf,tuilecookie,94
565c6791c121fe0012fc3caf,butteredpopcorn,85
565c6791c121fe0012fc3caf,chocolateicecreamcone,100
565c6791c121fe0012fc3caf,gouda,68
565c6791c121fe0012fc3caf,doritos,90
565c6791c121fe0012fc3caf,caramel,74
565c6791c121fe0012fc3caf,slicedloafbread,54
56849d528f456f000c45e1dd,gouda,71
56849d528f456f000c45e1dd,tuilecookie,3
56849d528f456f000c45e1dd,toblerone,58
56849d528f456f000c45e1dd,peanutmms,6
56849d528f456f000c45e1dd,tortillachips,43
56849d528f456f000c45e1dd,triscuits,1
56849d528f456f000c45e1dd,pocky,2
56849d528f456f000c45e1dd,ryebread,1
56849d528f456f000c45e1dd,churro,52
56849d528f456f000c45e1dd,frenchfries,79
56849d528f456f000c45e1dd,boulebread,1
56849d528f456f000c45e1dd,brownie,1
56849d528f456f000c45e1dd,kiwi,77
56849d528f456f000c45e1dd,oatmealraisincookie,66
56849d528f456f000c45e1dd,darkchocolate,74
56849d528f456f000c45e1dd,madeleine,51
56849d528f456f000c45e1dd,greenbellpepper,1
56849d528f456f000c45e1dd,peanuts,66
56849d528f456f000c45e1dd,frostedbrownie,1
56849d528f456f000c45e1dd,blackberry,1
56849d528f456f000c45e1dd,chocolatewafer,1
56849d528f456f000c45e1dd,cherry,1
56849d528f456f000c45e1dd,plum,76
56849d528f456f000c45e1dd,doritos,79
56849d528f456f000c45e1dd,wheatthins,80
56849d528f456f000c45e1dd,chocolateicecreamcone,1
56849d528f456f000c45e1dd,thumprintcookie,72
56849d528f456f000c45e1dd,goldendeliciousapple,74
56849d528f456f000c45e1dd,lindtlindorchocolatetruffle,73
56849d528f456f000c45e1dd,milkchocolate,75
56849d528f456f000c45e1dd,ritzcracker,81
56849d528f456f000c45e1dd,orange,1
56849d528f456f000c45e1dd,lemoncake,100
56849d528f456f000c45e1dd,carrot,1
56849d528f456f000c45e1dd,slicedloafbread,1
56849d528f456f000c45e1dd,baguette,1
56849d528f456f000c45e1dd,saltinecracker,3
56849d528f456f000c45e1dd,nutrigrainbar,65
56849d528f456f000c45e1dd,chickentenders,80
56849d528f456f000c45e1dd,twistdonut,1
56849d528f456f000c45e1dd,deliturkey,78
56849d528f456f000c45e1dd,grape,80
56849d528f456f000c45e1dd,potatochips,80
56849d528f456f000c45e1dd,peach,80
56849d528f456f000c45e1dd,eggrolls,100
56849d528f456f000c45e1dd,raspberry,78
56849d528f456f000c45e1dd,caramel,7
56849d528f456f000c45e1dd,swisscheese,79
56849d528f456f000c45e1dd,apple,2
56849d528f456f000c45e1dd,meatballs,79
56849d528f456f000c45e1dd,vanillasoftservecone,81
56849d528f456f000c45e1dd,wavylays,47
56849d528f456f000c45e1dd,strawberryicecreamcone,74
56849d528f456f000c45e1dd,vanillawafer,1
56849d528f456f000c45e1dd,twix,81
56849d528f456f000c45e1dd,butteredpopcorn,77
56849d528f456f000c45e1dd,sugarcookie,67
56849d528f456f000c45e1dd,almonds,1
56849d528f456f000c45e1dd,chocolatebark,65
56849d528f456f000c45e1dd,honeydewmelon,1
56b8de29e1d0a200051517f8,grape,79
56b8de29e1d0a200051517f8,orange,82
56b8de29e1d0a200051517f8,peanutmms,51
56b8de29e1d0a200051517f8,ritzcracker,76
56b8de29e1d0a200051517f8,wheatthins,70
56b8de29e1d0a200051517f8,eggrolls,51
56b8de29e1d0a200051517f8,baguette,72
56b8de29e1d0a200051517f8,blackberry,50
56b8de29e1d0a200051517f8,vanillasoftservecone,83
56b8de29e1d0a200051517f8,milkchocolate,85
56b8de29e1d0a200051517f8,nutrigrainbar,65
56b8de29e1d0a200051517f8,almonds,86
56b8de29e1d0a200051517f8,twix,88
56b8de29e1d0a200051517f8,brownie,72
56b8de29e1d0a200051517f8,swisscheese,76
56b8de29e1d0a200051517f8,peanuts,73
56b8de29e1d0a200051517f8,kiwi,85
56b8de29e1d0a200051517f8,triscuits,51
56b8de29e1d0a200051517f8,strawberryicecreamcone,86
56b8de29e1d0a200051517f8,deliturkey,51
56b8de29e1d0a200051517f8,raspberry,50
56b8de29e1d0a200051517f8,doritos,64
56b8de29e1d0a200051517f8,cherry,73
56b8de29e1d0a200051517f8,tuilecookie,84
56b8de29e1d0a200051517f8,plum,87
56b8de29e1d0a200051517f8,meatballs,50
56b8de29e1d0a200051517f8,caramel,29
56b8de29e1d0a200051517f8,churro,67
56b8de29e1d0a200051517f8,twistdonut,69
56b8de29e1d0a200051517f8,apple,71
56b8de29e1d0a200051517f8,vanillawafer,61
56b8de29e1d0a200051517f8,goldendeliciousapple,59
56b8de29e1d0a200051517f8,honeydewmelon,70
56b8de29e1d0a200051517f8,lemoncake,60
56b8de29e1d0a200051517f8,chocolatewafer,74
56b8de29e1d0a200051517f8,frostedbrownie,66
56b8de29e1d0a200051517f8,slicedloafbread,60
56b8de29e1d0a200051517f8,potatochips,74
56b8de29e1d0a200051517f8,peach,81
56b8de29e1d0a200051517f8,lindtlindorchocolatetruffle,52
56b8de29e1d0a200051517f8,wavylays,67
56b8de29e1d0a200051517f8,madeleine,82
56b8de29e1d0a200051517f8,frenchfries,75
56b8de29e1d0a200051517f8,tortillachips,62
56b8de29e1d0a200051517f8,greenbellpepper,51
56b8de29e1d0a200051517f8,toblerone,71
56b8de29e1d0a200051517f8,chocolateicecreamcone,83
56b8de29e1d0a200051517f8,butteredpopcorn,65
56b8de29e1d0a200051517f8,gouda,66
56b8de29e1d0a200051517f8,chocolatebark,65
56b8de29e1d0a200051517f8,ryebread,57
56b8de29e1d0a200051517f8,chickentenders,51
56b8de29e1d0a200051517f8,boulebread,50
56b8de29e1d0a200051517f8,carrot,1
56b8de29e1d0a200051517f8,saltinecracker,66
56b8de29e1d0a200051517f8,darkchocolate,82
56b8de29e1d0a200051517f8,sugarcookie,72
56b8de29e1d0a200051517f8,pocky,87
56b8de29e1d0a200051517f8,oatmealraisincookie,73
56b8de29e1d0a200051517f8,thumprintcookie,70
5720a9f6fd3a5200113c1891,swisscheese,31
5720a9f6fd3a5200113c1891,eggrolls,55
5720a9f6fd3a5200113c1891,boulebread,45
5720a9f6fd3a5200113c1891,kiwi,17
5720a9f6fd3a5200113c1891,brownie,71
5720a9f6fd3a5200113c1891,honeydewmelon,20
5720a9f6fd3a5200113c1891,apple,35
5720a9f6fd3a5200113c1891,goldendeliciousapple,26
5720a9f6fd3a5200113c1891,pocky,47
5720a9f6fd3a5200113c1891,meatballs,52
5720a9f6fd3a5200113c1891,peanutmms,60
5720a9f6fd3a5200113c1891,sugarcookie,58
5720a9f6fd3a5200113c1891,raspberry,32
5720a9f6fd3a5200113c1891,wavylays,65
5720a9f6fd3a5200113c1891,saltinecracker,56
5720a9f6fd3a5200113c1891,thumprintcookie,43
5720a9f6fd3a5200113c1891,nutrigrainbar,59
5720a9f6fd3a5200113c1891,frenchfries,50
5720a9f6fd3a5200113c1891,twistdonut,68
5720a9f6fd3a5200113c1891,chocolatebark,40
5720a9f6fd3a5200113c1891,frostedbrownie,71
5720a9f6fd3a5200113c1891,vanillawafer,61
5720a9f6fd3a5200113c1891,madeleine,46
5720a9f6fd3a5200113c1891,carrot,23
5720a9f6fd3a5200113c1891,caramel,37
5720a9f6fd3a5200113c1891,baguette,55
5720a9f6fd3a5200113c1891,triscuits,51
5720a9f6fd3a5200113c1891,chocolateicecreamcone,57
5720a9f6fd3a5200113c1891,peanuts,32
5720a9f6fd3a5200113c1891,slicedloafbread,47
5720a9f6fd3a5200113c1891,chocolatewafer,65
5720a9f6fd3a5200113c1891,darkchocolate,65
5720a9f6fd3a5200113c1891,ryebread,47
5720a9f6fd3a5200113c1891,potatochips,72
5720a9f6fd3a5200113c1891,chickentenders,44
5720a9f6fd3a5200113c1891,wheatthins,52
5720a9f6fd3a5200113c1891,plum,31
5720a9f6fd3a5200113c1891,tuilecookie,46
5720a9f6fd3a5200113c1891,toblerone,58
5720a9f6fd3a5200113c1891,lemoncake,56
5720a9f6fd3a5200113c1891,milkchocolate,60
5720a9f6fd3a5200113c1891,cherry,23
5720a9f6fd3a5200113c1891,grape,30
5720a9f6fd3a5200113c1891,tortillachips,55
5720a9f6fd3a5200113c1891,almonds,23
5720a9f6fd3a5200113c1891,lindtlindorchocolatetruffle,58
5720a9f6fd3a5200113c1891,gouda,41
5720a9f6fd3a5200113c1891,deliturkey,46
5720a9f6fd3a5200113c1891,butteredpopcorn,52
5720a9f6fd3a5200113c1891,blackberry,25
5720a9f6fd3a5200113c1891,churro,55
5720a9f6fd3a5200113c1891,strawberryicecreamcone,61
5720a9f6fd3a5200113c1891,vanillasoftservecone,61
5720a9f6fd3a5200113c1891,ritzcracker,52
5720a9f6fd3a5200113c1891,peach,31
5720a9f6fd3a5200113c1891,twix,60
5720a9f6fd3a5200113c1891,greenbellpepper,25
5720a9f6fd3a5200113c1891,orange,39
5720a9f6fd3a5200113c1891,doritos,60
5720a9f6fd3a5200113c1891,oatmealraisincookie,66
57b74ddc3b218e000119643c,pocky,36
57b74ddc3b218e000119643c,caramel,20
57b74ddc3b218e000119643c,triscuits,11
57b74ddc3b218e000119643c,vanillasoftservecone,85
57b74ddc3b218e000119643c,doritos,95
57b74ddc3b218e000119643c,cherry,5
57b74ddc3b218e000119643c,carrot,2
57b74ddc3b218e000119643c,orange,49
57b74ddc3b218e000119643c,kiwi,57
57b74ddc3b218e000119643c,twix,90
57b74ddc3b218e000119643c,sugarcookie,100
57b74ddc3b218e000119643c,toblerone,78
57b74ddc3b218e000119643c,chocolatewafer,97
57b74ddc3b218e000119643c,wavylays,81
57b74ddc3b218e000119643c,tortillachips,52
57b74ddc3b218e000119643c,chocolateicecreamcone,100
57b74ddc3b218e000119643c,twistdonut,100
57b74ddc3b218e000119643c,vanillawafer,92
57b74ddc3b218e000119643c,grape,62
57b74ddc3b218e000119643c,thumprintcookie,79
57b74ddc3b218e000119643c,churro,98
57b74ddc3b218e000119643c,chickentenders,100
57b74ddc3b218e000119643c,ryebread,22
57b74ddc3b218e000119643c,blackberry,1
57b74ddc3b218e000119643c,goldendeliciousapple,1
57b74ddc3b218e000119643c,lindtlindorchocolatetruffle,86
57b74ddc3b218e000119643c,slicedloafbread,51
57b74ddc3b218e000119643c,oatmealraisincookie,100
57b74ddc3b218e000119643c,plum,16
57b74ddc3b218e000119643c,swisscheese,16
57b74ddc3b218e000119643c,peanutmms,88
57b74ddc3b218e000119643c,greenbellpepper,51
57b74ddc3b218e000119643c,chocolatebark,88
57b74ddc3b218e000119643c,wheatthins,91
57b74ddc3b218e000119643c,milkchocolate,93
57b74ddc3b218e000119643c,almonds,67
57b74ddc3b218e000119643c,raspberry,1
57b74ddc3b218e000119643c,tuilecookie,64
57b74ddc3b218e000119643c,madeleine,100
57b74ddc3b218e000119643c,strawberryicecreamcone,96
57b74ddc3b218e000119643c,gouda,1
57b74ddc3b218e000119643c,boulebread,26
57b74ddc3b218e000119643c,deliturkey,51
57b74ddc3b218e000119643c,meatballs,86
57b74ddc3b218e000119643c,lemoncake,97
57b74ddc3b218e000119643c,darkchocolate,88
57b74ddc3b218e000119643c,saltinecracker,66
57b74ddc3b218e000119643c,apple,8
57b74ddc3b218e000119643c,frenchfries,92
57b74ddc3b218e000119643c,brownie,100
57b74ddc3b218e000119643c,honeydewmelon,21
57b74ddc3b218e000119643c,butteredpopcorn,51
57b74ddc3b218e000119643c,potatochips,70
57b74ddc3b218e000119643c,peach,1
57b74ddc3b218e000119643c,baguette,27
57b74ddc3b218e000119643c,eggrolls,95
57b74ddc3b218e000119643c,nutrigrainbar,76
57b74ddc3b218e000119643c,ritzcracker,86
57b74ddc3b218e000119643c,peanuts,73
57b74ddc3b218e000119643c,frostedbrownie,94
57bf14513c449a000189c89a,almonds,1
57bf14513c449a000189c89a,wavylays,16
57bf14513c449a000189c89a,deliturkey,50
57bf14513c449a000189c89a,doritos,2
57bf14513c449a000189c89a,cherry,1
57bf14513c449a000189c89a,nutrigrainbar,1
57bf14513c449a000189c89a,ryebread,15
57bf14513c449a000189c89a,oatmealraisincookie,1
57bf14513c449a000189c89a,vanillawafer,53
57bf14513c449a000189c89a,peanutmms,92
57bf14513c449a000189c89a,toblerone,100
57bf14513c449a000189c89a,saltinecracker,26
57bf14513c449a000189c89a,darkchocolate,100
57bf14513c449a000189c89a,kiwi,1
57bf14513c449a000189c89a,potatochips,9
57bf14513c449a000189c89a,slicedloafbread,18
57bf14513c449a000189c89a,brownie,100
57bf14513c449a000189c89a,frostedbrownie,100
57bf14513c449a000189c89a,lemoncake,64
57bf14513c449a000189c89a,churro,1
57bf14513c449a000189c89a,peach,6
57bf14513c449a000189c89a,peanuts,1
57bf14513c449a000189c89a,butteredpopcorn,1
57bf14513c449a000189c89a,caramel,1
57bf14513c449a000189c89a,pocky,7
57bf14513c449a000189c89a,raspberry,1
57bf14513c449a000189c89a,tuilecookie,12
57bf14513c449a000189c89a,frenchfries,14
57bf14513c449a000189c89a,vanillasoftservecone,100
57bf14513c449a000189c89a,blackberry,1
57bf14513c449a000189c89a,plum,1
57bf14513c449a000189c89a,chocolatewafer,45
57bf14513c449a000189c89a,wheatthins,59
57bf14513c449a000189c89a,chocolateicecreamcone,79
57bf14513c449a000189c89a,meatballs,51
57bf14513c449a000189c89a,goldendeliciousapple,23
57bf14513c449a000189c89a,eggrolls,1
57bf14513c449a000189c89a,twistdonut,1
57bf14513c449a000189c89a,gouda,5
57bf14513c449a000189c89a,baguette,1
57bf14513c449a000189c89a,chocolatebark,1
57bf14513c449a000189c89a,ritzcracker,57
57bf14513c449a000189c89a,carrot,1
57bf14513c449a000189c89a,madeleine,45
57bf14513c449a000189c89a,strawberryicecreamcone,100
57bf14513c449a000189c89a,milkchocolate,84
57bf14513c449a000189c89a,thumprintcookie,9
57bf14513c449a000189c89a,grape,1
57bf14513c449a000189c89a,honeydewmelon,1
57bf14513c449a000189c89a,twix,22
57bf14513c449a000189c89a,triscuits,27
57bf14513c449a000189c89a,boulebread,63
57bf14513c449a000189c89a,orange,14
57bf14513c449a000189c89a,lindtlindorchocolatetruffle,1
57bf14513c449a000189c89a,apple,16
57bf14513c449a000189c89a,tortillachips,3
57bf14513c449a000189c89a,greenbellpepper,1
57bf14513c449a000189c89a,sugarcookie,18
57bf14513c449a000189c89a,chickentenders,66
57bf14513c449a000189c89a,swisscheese,1
581d38509b5b8800014d507e,honeydewmelon,45
581d38509b5b8800014d507e,doritos,100
581d38509b5b8800014d507e,toblerone,100
581d38509b5b8800014d507e,wavylays,100
581d38509b5b8800014d507e,apple,67
581d38509b5b8800014d507e,chocolateicecreamcone,100
581d38509b5b8800014d507e,oatmealraisincookie,100
581d38509b5b8800014d507e,brownie,100
581d38509b5b8800014d507e,boulebread,100
581d38509b5b8800014d507e,butteredpopcorn,83
581d38509b5b8800014d507e,slicedloafbread,75
581d38509b5b8800014d507e,ritzcracker,100
581d38509b5b8800014d507e,chickentenders,100
581d38509b5b8800014d507e,sugarcookie,49
581d38509b5b8800014d507e,milkchocolate,100
581d38509b5b8800014d507e,grape,17
581d38509b5b8800014d507e,lemoncake,100
581d38509b5b8800014d507e,meatballs,61
581d38509b5b8800014d507e,twix,94
581d38509b5b8800014d507e,blackberry,48
581d38509b5b8800014d507e,raspberry,63
581d38509b5b8800014d507e,twistdonut,100
581d38509b5b8800014d507e,triscuits,61
581d38509b5b8800014d507e,vanillasoftservecone,100
581d38509b5b8800014d507e,vanillawafer,100
581d38509b5b8800014d507e,chocolatewafer,89
581d38509b5b8800014d507e,swisscheese,34
581d38509b5b8800014d507e,peanuts,53
581d38509b5b8800014d507e,almonds,62
581d38509b5b8800014d507e,goldendeliciousapple,63
581d38509b5b8800014d507e,kiwi,36
581d38509b5b8800014d507e,eggrolls,99
581d38509b5b8800014d507e,strawberryicecreamcone,100
581d38509b5b8800014d507e,plum,33
581d38509b5b8800014d507e,tortillachips,73
581d38509b5b8800014d507e,baguette,100
581d38509b5b8800014d507e,pocky,81
581d38509b5b8800014d507e,madeleine,45
581d38509b5b8800014d507e,wheatthins,72
581d38509b5b8800014d507e,orange,71
581d38509b5b8800014d507e,thumprintcookie,100
581d38509b5b8800014d507e,lindtlindorchocolatetruffle,89
581d38509b5b8800014d507e,tuilecookie,50
581d38509b5b8800014d507e,potatochips,100
581d38509b5b8800014d507e,deliturkey,93
581d38509b5b8800014d507e,saltinecracker,65
581d38509b5b8800014d507e,peanutmms,74
581d38509b5b8800014d507e,cherry,42
581d38509b5b8800014d507e,frenchfries,100
581d38509b5b8800014d507e,carrot,72
581d38509b5b8800014d507e,nutrigrainbar,97
581d38509b5b8800014d507e,caramel,68
581d38509b5b8800014d507e,frostedbrownie,100
581d38509b5b8800014d507e,gouda,25
581d38509b5b8800014d507e,greenbellpepper,57
581d38509b5b8800014d507e,peach,21
581d38509b5b8800014d507e,ryebread,71
581d38509b5b8800014d507e,churro,83
581d38509b5b8800014d507e,chocolatebark,100
581d38509b5b8800014d507e,darkchocolate,100
59aae1188cef7d00011f8884,greenbellpepper,84
59aae1188cef7d00011f8884,chocolatewafer,88
59aae1188cef7d00011f8884,baguette,68
59aae1188cef7d00011f8884,butteredpopcorn,10
59aae1188cef7d00011f8884,peach,24
59aae1188cef7d00011f8884,ritzcracker,1
59aae1188cef7d00011f8884,milkchocolate,97
59aae1188cef7d00011f8884,caramel,1
59aae1188cef7d00011f8884,potatochips,33
59aae1188cef7d00011f8884,almonds,1
59aae1188cef7d00011f8884,peanuts,1
59aae1188cef7d00011f8884,brownie,85
59aae1188cef7d00011f8884,cherry,2
59aae1188cef7d00011f8884,blackberry,47
59aae1188cef7d00011f8884,deliturkey,1
59aae1188cef7d00011f8884,oatmealraisincookie,78
59aae1188cef7d00011f8884,lindtlindorchocolatetruffle,49
59aae1188cef7d00011f8884,triscuits,1
59aae1188cef7d00011f8884,saltinecracker,1
59aae1188cef7d00011f8884,nutrigrainbar,63
59aae1188cef7d00011f8884,vanillawafer,33
59aae1188cef7d00011f8884,chocolateicecreamcone,56
59aae1188cef7d00011f8884,tuilecookie,1
59aae1188cef7d00011f8884,kiwi,26
59aae1188cef7d00011f8884,thumprintcookie,69
59aae1188cef7d00011f8884,doritos,1
59aae1188cef7d00011f8884,twix,36
59aae1188cef7d00011f8884,churro,1
59aae1188cef7d00011f8884,tortillachips,1
59aae1188cef7d00011f8884,darkchocolate,66
59aae1188cef7d00011f8884,wavylays,46
59aae1188cef7d00011f8884,frostedbrownie,85
59aae1188cef7d00011f8884,honeydewmelon,1
59aae1188cef7d00011f8884,chickentenders,48
59aae1188cef7d00011f8884,lemoncake,44
59aae1188cef7d00011f8884,grape,1
59aae1188cef7d00011f8884,gouda,1
59aae1188cef7d00011f8884,raspberry,47
59aae1188cef7d00011f8884,twistdonut,58
59aae1188cef7d00011f8884,frenchfries,79
59aae1188cef7d00011f8884,meatballs,100
59aae1188cef7d00011f8884,apple,1
59aae1188cef7d00011f8884,peanutmms,41
59aae1188cef7d00011f8884,goldendeliciousapple,2
59aae1188cef7d00011f8884,vanillasoftservecone,12
59aae1188cef7d00011f8884,sugarcookie,48
59aae1188cef7d00011f8884,slicedloafbread,100
59aae1188cef7d00011f8884,toblerone,100
59aae1188cef7d00011f8884,madeleine,50
59aae1188cef7d00011f8884,pocky,27
59aae1188cef7d00011f8884,swisscheese,1
59aae1188cef7d00011f8884,eggrolls,81
59aae1188cef7d00011f8884,chocolatebark,15
59aae1188cef7d00011f8884,plum,19
59aae1188cef7d00011f8884,ryebread,46
59aae1188cef7d00011f8884,boulebread,44
59aae1188cef7d00011f8884,carrot,24
59aae1188cef7d00011f8884,orange,21
59aae1188cef7d00011f8884,strawberryicecreamcone,44
59aae1188cef7d00011f8884,wheatthins,1
5a03d20a7ecfc50001be0a7a,potatochips,100
5a03d20a7ecfc50001be0a7a,gouda,1
5a03d20a7ecfc50001be0a7a,tortillachips,1
5a03d20a7ecfc50001be0a7a,frenchfries,87
5a03d20a7ecfc50001be0a7a,thumprintcookie,1
5a03d20a7ecfc50001be0a7a,brownie,11
5a03d20a7ecfc50001be0a7a,caramel,1
5a03d20a7ecfc50001be0a7a,swisscheese,1
5a03d20a7ecfc50001be0a7a,tuilecookie,48
5a03d20a7ecfc50001be0a7a,triscuits,1
5a03d20a7ecfc50001be0a7a,churro,100
5a03d20a7ecfc50001be0a7a,madeleine,75
5a03d20a7ecfc50001be0a7a,deliturkey,7
5a03d20a7ecfc50001be0a7a,pocky,6
5a03d20a7ecfc50001be0a7a,ritzcracker,8
5a03d20a7ecfc50001be0a7a,honeydewmelon,31
5a03d20a7ecfc50001be0a7a,peanutmms,1
5a03d20a7ecfc50001be0a7a,milkchocolate,100
5a03d20a7ecfc50001be0a7a,chocolatebark,65
5a03d20a7ecfc50001be0a7a,eggrolls,100
5a03d20a7ecfc50001be0a7a,meatballs,77
5a03d20a7ecfc50001be0a7a,vanillasoftservecone,18
5a03d20a7ecfc50001be0a7a,ryebread,79
5a03d20a7ecfc50001be0a7a,saltinecracker,16
5a03d20a7ecfc50001be0a7a,lindtlindorchocolatetruffle,86
5a03d20a7ecfc50001be0a7a,doritos,31
5a03d20a7ecfc50001be0a7a,chickentenders,100
5a03d20a7ecfc50001be0a7a,baguette,91
5a03d20a7ecfc50001be0a7a,peach,16
5a03d20a7ecfc50001be0a7a,lemoncake,90
5a03d20a7ecfc50001be0a7a,almonds,27
5a03d20a7ecfc50001be0a7a,chocolatewafer,100
5a03d20a7ecfc50001be0a7a,sugarcookie,69
5a03d20a7ecfc50001be0a7a,darkchocolate,100
5a03d20a7ecfc50001be0a7a,wavylays,8
5a03d20a7ecfc50001be0a7a,nutrigrainbar,1
5a03d20a7ecfc50001be0a7a,twistdonut,92
5a03d20a7ecfc50001be0a7a,grape,73
5a03d20a7ecfc50001be0a7a,vanillawafer,26
5a03d20a7ecfc50001be0a7a,kiwi,100
5a03d20a7ecfc50001be0a7a,butteredpopcorn,15
5a03d20a7ecfc50001be0a7a,oatmealraisincookie,21
5a03d20a7ecfc50001be0a7a,twix,98
5a03d20a7ecfc50001be0a7a,greenbellpepper,19
5a03d20a7ecfc50001be0a7a,orange,57
5a03d20a7ecfc50001be0a7a,raspberry,1
5a03d20a7ecfc50001be0a7a,goldendeliciousapple,11
5a03d20a7ecfc50001be0a7a,cherry,87
5a03d20a7ecfc50001be0a7a,slicedloafbread,6
5a03d20a7ecfc50001be0a7a,toblerone,22
5a03d20a7ecfc50001be0a7a,peanuts,16
5a03d20a7ecfc50001be0a7a,carrot,30
5a03d20a7ecfc50001be0a7a,strawberryicecreamcone,1
5a03d20a7ecfc50001be0a7a,frostedbrownie,63
5a03d20a7ecfc50001be0a7a,boulebread,79
5a03d20a7ecfc50001be0a7a,wheatthins,70
5a03d20a7ecfc50001be0a7a,chocolateicecreamcone,35
5a03d20a7ecfc50001be0a7a,apple,74
5a03d20a7ecfc50001be0a7a,blackberry,19
5a03d20a7ecfc50001be0a7a,plum,76
5a286558564bdf00016463fc,vanillasoftservecone,100
5a286558564bdf00016463fc,blackberry,39
5a286558564bdf00016463fc,twistdonut,100
5a286558564bdf00016463fc,apple,66
5a286558564bdf00016463fc,churro,100
5a286558564bdf00016463fc,chickentenders,100
5a286558564bdf00016463fc,peanuts,67
5a286558564bdf00016463fc,chocolatewafer,81
5a286558564bdf00016463fc,tuilecookie,64
5a286558564bdf00016463fc,peanutmms,89
5a286558564bdf00016463fc,grape,36
5a286558564bdf00016463fc,swisscheese,23
5a286558564bdf00016463fc,saltinecracker,16
5a286558564bdf00016463fc,deliturkey,38
5a286558564bdf00016463fc,frenchfries,39
5a286558564bdf00016463fc,almonds,74
5a286558564bdf00016463fc,eggrolls,41
5a286558564bdf00016463fc,twix,71
5a286558564bdf00016463fc,thumprintcookie,53
5a286558564bdf00016463fc,triscuits,9
5a286558564bdf00016463fc,caramel,26
5a286558564bdf00016463fc,plum,13
5a286558564bdf00016463fc,oatmealraisincookie,40
5a286558564bdf00016463fc,brownie,74
5a286558564bdf00016463fc,butteredpopcorn,34
5a286558564bdf00016463fc,wheatthins,20
5a286558564bdf00016463fc,chocolateicecreamcone,100
5a286558564bdf00016463fc,ritzcracker,62
5a286558564bdf00016463fc,meatballs,23
5a286558564bdf00016463fc,kiwi,2
5a286558564bdf00016463fc,gouda,17
5a286558564bdf00016463fc,raspberry,22
5a286558564bdf00016463fc,lemoncake,85
5a286558564bdf00016463fc,potatochips,49
5a286558564bdf00016463fc,madeleine,75
5a286558564bdf00016463fc,honeydewmelon,8
5a286558564bdf00016463fc,orange,36
5a286558564bdf00016463fc,milkchocolate,95
5a286558564bdf00016463fc,vanillawafer,81
5a286558564bdf00016463fc,carrot,18
5a286558564bdf00016463fc,chocolatebark,40
5a286558564bdf00016463fc,peach,8
5a286558564bdf00016463fc,slicedloafbread,21
5a286558564bdf00016463fc,pocky,81
5a286558564bdf00016463fc,doritos,6
5a286558564bdf00016463fc,ryebread,15
5a286558564bdf00016463fc,darkchocolate,74
5a286558564bdf00016463fc,wavylays,69
5a286558564bdf00016463fc,tortillachips,61
5a286558564bdf00016463fc,strawberryicecreamcone,88
5a286558564bdf00016463fc,lindtlindorchocolatetruffle,77
5a286558564bdf00016463fc,goldendeliciousapple,6
5a286558564bdf00016463fc,boulebread,31
5a286558564bdf00016463fc,nutrigrainbar,17
5a286558564bdf00016463fc,greenbellpepper,3
5a286558564bdf00016463fc,cherry,33
5a286558564bdf00016463fc,toblerone,77
5a286558564bdf00016463fc,frostedbrownie,95
5a286558564bdf00016463fc,sugarcookie,79
5a286558564bdf00016463fc,baguette,36
5b9c2c816f92f30001ecce7a,ryebread,68
5b9c2c816f92f30001ecce7a,darkchocolate,97
5b9c2c816f92f30001ecce7a,sugarcookie,34
5b9c2c816f92f30001ecce7a,potatochips,12
5b9c2c816f92f30001ecce7a,slicedloafbread,48
5b9c2c816f92f30001ecce7a,milkchocolate,78
5b9c2c816f92f30001ecce7a,baguette,71
5b9c2c816f92f30001ecce7a,wheatthins,5
5b9c2c816f92f30001ecce7a,greenbellpepper,51
5b9c2c816f92f30001ecce7a,cherry,35
5b9c2c816f92f30001ecce7a,almonds,7
5b9c2c816f92f30001ecce7a,tuilecookie,22
5b9c2c816f92f30001ecce7a,oatmealraisincookie,6
5b9c2c816f92f30001ecce7a,goldendeliciousapple,28
5b9c2c816f92f30001ecce7a,eggrolls,86
5b9c2c816f92f30001ecce7a,boulebread,61
5b9c2c816f92f30001ecce7a,raspberry,81
5b9c2c816f92f30001ecce7a,frostedbrownie,100
5b9c2c816f92f30001ecce7a,strawberryicecreamcone,100
5b9c2c816f92f30001ecce7a,twix,92
5b9c2c816f92f30001ecce7a,honeydewmelon,20
5b9c2c816f92f30001ecce7a,ritzcracker,37
5b9c2c816f92f30001ecce7a,frenchfries,17
5b9c2c816f92f30001ecce7a,butteredpopcorn,6
5b9c2c816f92f30001ecce7a,swisscheese,63
5b9c2c816f92f30001ecce7a,blackberry,41
5b9c2c816f92f30001ecce7a,nutrigrainbar,42
5b9c2c816f92f30001ecce7a,madeleine,80
5b9c2c816f92f30001ecce7a,thumprintcookie,27
5b9c2c816f92f30001ecce7a,meatballs,18
5b9c2c816f92f30001ecce7a,chickentenders,60
5b9c2c816f92f30001ecce7a,lemoncake,100
5b9c2c816f92f30001ecce7a,wavylays,8
5b9c2c816f92f30001ecce7a,orange,100
5b9c2c816f92f30001ecce7a,chocolatewafer,1
5b9c2c816f92f30001ecce7a,chocolateicecreamcone,81
5b9c2c816f92f30001ecce7a,peanuts,1
5b9c2c816f92f30001ecce7a,churro,100
5b9c2c816f92f30001ecce7a,vanillawafer,83
5b9c2c816f92f30001ecce7a,brownie,100
5b9c2c816f92f30001ecce7a,deliturkey,100
5b9c2c816f92f30001ecce7a,gouda,6
5b9c2c816f92f30001ecce7a,tortillachips,1
5b9c2c816f92f30001ecce7a,pocky,1
5b9c2c816f92f30001ecce7a,plum,100
5b9c2c816f92f30001ecce7a,triscuits,6
5b9c2c816f92f30001ecce7a,toblerone,90
5b9c2c816f92f30001ecce7a,lindtlindorchocolatetruffle,97
5b9c2c816f92f30001ecce7a,doritos,1
5b9c2c816f92f30001ecce7a,peanutmms,96
5b9c2c816f92f30001ecce7a,caramel,100
5b9c2c816f92f30001ecce7a,peach,89
5b9c2c816f92f30001ecce7a,carrot,49
5b9c2c816f92f30001ecce7a,saltinecracker,7
5b9c2c816f92f30001ecce7a,grape,39
5b9c2c816f92f30001ecce7a,apple,6
5b9c2c816f92f30001ecce7a,chocolatebark,99
5b9c2c816f92f30001ecce7a,twistdonut,100
5b9c2c816f92f30001ecce7a,kiwi,100
5b9c2c816f92f30001ecce7a,vanillasoftservecone,100
5bf311373a5bf00001401f64,frenchfries,34
5bf311373a5bf00001401f64,ritzcracker,20
5bf311373a5bf00001401f64,eggrolls,55
5bf311373a5bf00001401f64,apple,100
5bf311373a5bf00001401f64,strawberryicecreamcone,71
5bf311373a5bf00001401f64,potatochips,4
5bf311373a5bf00001401f64,butteredpopcorn,4
5bf311373a5bf00001401f64,thumprintcookie,22
5bf311373a5bf00001401f64,caramel,62
5bf311373a5bf00001401f64,sugarcookie,67
5bf311373a5bf00001401f64,milkchocolate,81
5bf311373a5bf00001401f64,chocolateicecreamcone,68
5bf311373a5bf00001401f64,pocky,50
5bf311373a5bf00001401f64,madeleine,72
5bf311373a5bf00001401f64,baguette,56
5bf311373a5bf00001401f64,saltinecracker,23
5bf311373a5bf00001401f64,plum,100
5bf311373a5bf00001401f64,swisscheese,78
5bf311373a5bf00001401f64,chickentenders,93
5bf311373a5bf00001401f64,tortillachips,63
5bf311373a5bf00001401f64,orange,87
5bf311373a5bf00001401f64,lemoncake,81
5bf311373a5bf00001401f64,cherry,20
5bf311373a5bf00001401f64,ryebread,31
5bf311373a5bf00001401f64,grape,100
5bf311373a5bf00001401f64,twistdonut,58
5bf311373a5bf00001401f64,nutrigrainbar,43
5bf311373a5bf00001401f64,gouda,80
5bf311373a5bf00001401f64,almonds,32
5bf311373a5bf00001401f64,frostedbrownie,72
5bf311373a5bf00001401f64,twix,58
5bf311373a5bf00001401f64,wavylays,18
5bf311373a5bf00001401f64,honeydewmelon,100
5bf311373a5bf00001401f64,slicedloafbread,40
5bf311373a5bf00001401f64,kiwi,100
5bf311373a5bf00001401f64,lindtlindorchocolatetruffle,42
5bf311373a5bf00001401f64,vanillasoftservecone,61
5bf311373a5bf00001401f64,goldendeliciousapple,100
5bf311373a5bf00001401f64,carrot,71
5bf311373a5bf00001401f64,oatmealraisincookie,71
5bf311373a5bf00001401f64,peach,100
5bf311373a5bf00001401f64,brownie,86
5bf311373a5bf00001401f64,peanutmms,52
5bf311373a5bf00001401f64,darkchocolate,45
5bf311373a5bf00001401f64,churro,64
5bf311373a5bf00001401f64,chocolatewafer,44
5bf311373a5bf00001401f64,tuilecookie,50
5bf311373a5bf00001401f64,doritos,67
5bf311373a5bf00001401f64,chocolatebark,60
5bf311373a5bf00001401f64,toblerone,67
5bf311373a5bf00001401f64,greenbellpepper,33
5bf311373a5bf00001401f64,vanillawafer,58
5bf311373a5bf00001401f64,blackberry,100
5bf311373a5bf00001401f64,peanuts,35
5bf311373a5bf00001401f64,raspberry,100
5bf311373a5bf00001401f64,deliturkey,51
5bf311373a5bf00001401f64,meatballs,70
5bf311373a5bf00001401f64,triscuits,16
5bf311373a5bf00001401f64,wheatthins,30
5bf311373a5bf00001401f64,boulebread,51
5c0676a61a20110001ea1a24,deliturkey,21
5c0676a61a20110001ea1a24,ritzcracker,40
5c0676a61a20110001ea1a24,tuilecookie,17
5c0676a61a20110001ea1a24,churro,1
5c0676a61a20110001ea1a24,gouda,69
5c0676a61a20110001ea1a24,honeydewmelon,55
5c0676a61a20110001ea1a24,triscuits,28
5c0676a61a20110001ea1a24,raspberry,66
5c0676a61a20110001ea1a24,cherry,72
5c0676a61a20110001ea1a24,twistdonut,1
5c0676a61a20110001ea1a24,vanillasoftservecone,36
5c0676a61a20110001ea1a24,swisscheese,81
5c0676a61a20110001ea1a24,pocky,1
5c0676a61a20110001ea1a24,tortillachips,33
5c0676a61a20110001ea1a24,potatochips,73
5c0676a61a20110001ea1a24,orange,79
5c0676a61a20110001ea1a24,madeleine,1
5c0676a61a20110001ea1a24,saltinecracker,1
5c0676a61a20110001ea1a24,baguette,65
5c0676a61a20110001ea1a24,lindtlindorchocolatetruffle,99
5c0676a61a20110001ea1a24,chocolatebark,86
5c0676a61a20110001ea1a24,eggrolls,16
5c0676a61a20110001ea1a24,meatballs,1
5c0676a61a20110001ea1a24,chocolateicecreamcone,93
5c0676a61a20110001ea1a24,blackberry,35
5c0676a61a20110001ea1a24,caramel,75
5c0676a61a20110001ea1a24,slicedloafbread,1
5c0676a61a20110001ea1a24,milkchocolate,73
5c0676a61a20110001ea1a24,lemoncake,33
5c0676a61a20110001ea1a24,vanillawafer,1
5c0676a61a20110001ea1a24,grape,70
5c0676a61a20110001ea1a24,wavylays,87
5c0676a61a20110001ea1a24,chickentenders,51
5c0676a61a20110001ea1a24,brownie,89
5c0676a61a20110001ea1a24,carrot,60
5c0676a61a20110001ea1a24,doritos,95
5c0676a61a20110001ea1a24,almonds,74
5c0676a61a20110001ea1a24,peach,69
5c0676a61a20110001ea1a24,wheatthins,40
5c0676a61a20110001ea1a24,sugarcookie,76
5c0676a61a20110001ea1a24,oatmealraisincookie,100
5c0676a61a20110001ea1a24,apple,30
5c0676a61a20110001ea1a24,nutrigrainbar,62
5c0676a61a20110001ea1a24,greenbellpepper,1
5c0676a61a20110001ea1a24,boulebread,1
5c0676a61a20110001ea1a24,chocolatewafer,40
5c0676a61a20110001ea1a24,goldendeliciousapple,1
5c0676a61a20110001ea1a24,frostedbrownie,100
5c0676a61a20110001ea1a24,kiwi,54
5c0676a61a20110001ea1a24,plum,88
5c0676a61a20110001ea1a24,frenchfries,90
5c0676a61a20110001ea1a24,twix,96
5c0676a61a20110001ea1a24,thumprintcookie,32
5c0676a61a20110001ea1a24,butteredpopcorn,100
5c0676a61a20110001ea1a24,peanutmms,100
5c0676a61a20110001ea1a24,strawberryicecreamcone,83
5c0676a61a20110001ea1a24,ryebread,1
5c0676a61a20110001ea1a24,darkchocolate,86
5c0676a61a20110001ea1a24,toblerone,1
5c0676a61a20110001ea1a24,peanuts,48
5c1942e200849900010afdcd,gouda,78
5c1942e200849900010afdcd,peach,36
5c1942e200849900010afdcd,baguette,92
5c1942e200849900010afdcd,pocky,79
5c1942e200849900010afdcd,wheatthins,91
5c1942e200849900010afdcd,madeleine,76
5c1942e200849900010afdcd,frenchfries,99
5c1942e200849900010afdcd,lemoncake,55
5c1942e200849900010afdcd,kiwi,77
5c1942e200849900010afdcd,peanutmms,91
5c1942e200849900010afdcd,twix,82
5c1942e200849900010afdcd,caramel,65
5c1942e200849900010afdcd,meatballs,97
5c1942e200849900010afdcd,greenbellpepper,29
5c1942e200849900010afdcd,swisscheese,100
5c1942e200849900010afdcd,strawberryicecreamcone,100
5c1942e200849900010afdcd,milkchocolate,81
5c1942e200849900010afdcd,deliturkey,100
5c1942e200849900010afdcd,plum,39
5c1942e200849900010afdcd,brownie,84
5c1942e200849900010afdcd,honeydewmelon,64
5c1942e200849900010afdcd,cherry,37
5c1942e200849900010afdcd,churro,48
5c1942e200849900010afdcd,lindtlindorchocolatetruffle,94
5c1942e200849900010afdcd,ryebread,93
5c1942e200849900010afdcd,grape,71
5c1942e200849900010afdcd,triscuits,96
5c1942e200849900010afdcd,eggrolls,100
5c1942e200849900010afdcd,toblerone,72
5c1942e200849900010afdcd,nutrigrainbar,90
5c1942e200849900010afdcd,wavylays,90
5c1942e200849900010afdcd,chocolatewafer,95
5c1942e200849900010afdcd,potatochips,86
5c1942e200849900010afdcd,twistdonut,34
5c1942e200849900010afdcd,tuilecookie,81
5c1942e200849900010afdcd,vanillawafer,88
5c1942e200849900010afdcd,carrot,73
5c1942e200849900010afdcd,apple,60
5c1942e200849900010afdcd,butteredpopcorn,69
5c1942e200849900010afdcd,oatmealraisincookie,96
5c1942e200849900010afdcd,boulebread,32
5c1942e200849900010afdcd,frostedbrownie,89
5c1942e200849900010afdcd,thumprintcookie,78
5c1942e200849900010afdcd,ritzcracker,88
5c1942e200849900010afdcd,tortillachips,93
5c1942e200849900010afdcd,raspberry,93
5c1942e200849900010afdcd,chocolatebark,34
5c1942e200849900010afdcd,orange,91
5c1942e200849900010afdcd,almonds,27
5c1942e200849900010afdcd,peanuts,46
5c1942e200849900010afdcd,blackberry,93
5c1942e200849900010afdcd,slicedloafbread,74
5c1942e200849900010afdcd,doritos,89
5c1942e200849900010afdcd,darkchocolate,75
5c1942e200849900010afdcd,goldendeliciousapple,37
5c1942e200849900010afdcd,sugarcookie,52
5c1942e200849900010afdcd,vanillasoftservecone,96
5c1942e200849900010afdcd,saltinecracker,86
5c1942e200849900010afdcd,chickentenders,91
5c1942e200849900010afdcd,chocolateicecreamcone,91
5c8db07eb1f89a0016777fe0,cherry,16
5c8db07eb1f89a0016777fe0,meatballs,12
5c8db07eb1f89a0016777fe0,triscuits,5
5c8db07eb1f89a0016777fe0,greenbellpepper,20
5c8db07eb1f89a0016777fe0,wavylays,93
5c8db07eb1f89a0016777fe0,toblerone,99
5c8db07eb1f89a0016777fe0,gouda,11
5c8db07eb1f89a0016777fe0,ryebread,60
5c8db07eb1f89a0016777fe0,slicedloafbread,40
5c8db07eb1f89a0016777fe0,grape,14
5c8db07eb1f89a0016777fe0,peach,8
5c8db07eb1f89a0016777fe0,churro,99
5c8db07eb1f89a0016777fe0,madeleine,99
5c8db07eb1f89a0016777fe0,chickentenders,80
5c8db07eb1f89a0016777fe0,chocolateicecreamcone,93
5c8db07eb1f89a0016777fe0,peanutmms,99
5c8db07eb1f89a0016777fe0,boulebread,59
5c8db07eb1f89a0016777fe0,eggrolls,98
5c8db07eb1f89a0016777fe0,raspberry,15
5c8db07eb1f89a0016777fe0,vanillasoftservecone,95
5c8db07eb1f89a0016777fe0,oatmealraisincookie,79
5c8db07eb1f89a0016777fe0,sugarcookie,88
5c8db07eb1f89a0016777fe0,twistdonut,97
5c8db07eb1f89a0016777fe0,saltinecracker,66
5c8db07eb1f89a0016777fe0,chocolatebark,73
5c8db07eb1f89a0016777fe0,apple,10
5c8db07eb1f89a0016777fe0,kiwi,20
5c8db07eb1f89a0016777fe0,almonds,5
5c8db07eb1f89a0016777fe0,butteredpopcorn,23
5c8db07eb1f89a0016777fe0,baguette,61
5c8db07eb1f89a0016777fe0,goldendeliciousapple,17
5c8db07eb1f89a0016777fe0,deliturkey,71
5c8db07eb1f89a0016777fe0,nutrigrainbar,82
5c8db07eb1f89a0016777fe0,wheatthins,56
5c8db07eb1f89a0016777fe0,orange,23
5c8db07eb1f89a0016777fe0,lemoncake,93
5c8db07eb1f89a0016777fe0,brownie,87
5c8db07eb1f89a0016777fe0,tortillachips,19
5c8db07eb1f89a0016777fe0,chocolatewafer,78
5c8db07eb1f89a0016777fe0,peanuts,6
5c8db07eb1f89a0016777fe0,twix,95
5c8db07eb1f89a0016777fe0,plum,10
5c8db07eb1f89a0016777fe0,doritos,24
5c8db07eb1f89a0016777fe0,potatochips,77
5c8db07eb1f89a0016777fe0,ritzcracker,96
5c8db07eb1f89a0016777fe0,honeydewmelon,32
5c8db07eb1f89a0016777fe0,thumprintcookie,98
5c8db07eb1f89a0016777fe0,milkchocolate,100
5c8db07eb1f89a0016777fe0,darkchocolate,91
5c8db07eb1f89a0016777fe0,frostedbrownie,85
5c8db07eb1f89a0016777fe0,pocky,9
5c8db07eb1f89a0016777fe0,tuilecookie,30
5c8db07eb1f89a0016777fe0,carrot,6
5c8db07eb1f89a0016777fe0,vanillawafer,69
5c8db07eb1f89a0016777fe0,strawberryicecreamcone,94
5c8db07eb1f89a0016777fe0,frenchfries,64
5c8db07eb1f89a0016777fe0,blackberry,7
5c8db07eb1f89a0016777fe0,swisscheese,20
5c8db07eb1f89a0016777fe0,caramel,85
5c8db07eb1f89a0016777fe0,lindtlindorchocolatetruffle,96
5cb63178d946580001e4cef4,butteredpopcorn,6
5cb63178d946580001e4cef4,raspberry,4
5cb63178d946580001e4cef4,lemoncake,91
5cb63178d946580001e4cef4,saltinecracker,94
5cb63178d946580001e4cef4,apple,94
5cb63178d946580001e4cef4,grape,85
5cb63178d946580001e4cef4,tortillachips,84
5cb63178d946580001e4cef4,almonds,20
5cb63178d946580001e4cef4,pocky,93
5cb63178d946580001e4cef4,greenbellpepper,84
5cb63178d946580001e4cef4,chickentenders,100
5cb63178d946580001e4cef4,darkchocolate,100
5cb63178d946580001e4cef4,swisscheese,100
5cb63178d946580001e4cef4,wavylays,100
5cb63178d946580001e4cef4,cherry,49
5cb63178d946580001e4cef4,honeydewmelon,93
5cb63178d946580001e4cef4,twistdonut,95
5cb63178d946580001e4cef4,brownie,100
5cb63178d946580001e4cef4,kiwi,79
5cb63178d946580001e4cef4,churro,9
5cb63178d946580001e4cef4,meatballs,50
5cb63178d946580001e4cef4,milkchocolate,100
5cb63178d946580001e4cef4,blackberry,9
5cb63178d946580001e4cef4,baguette,91
5cb63178d946580001e4cef4,gouda,100
5cb63178d946580001e4cef4,madeleine,64
5cb63178d946580001e4cef4,oatmealraisincookie,83
5cb63178d946580001e4cef4,sugarcookie,100
5cb63178d946580001e4cef4,ryebread,62
5cb63178d946580001e4cef4,boulebread,98
5cb63178d946580001e4cef4,potatochips,100
5cb63178d946580001e4cef4,vanillasoftservecone,100
5cb63178d946580001e4cef4,strawberryicecreamcone,100
5cb63178d946580001e4cef4,toblerone,72
5cb63178d946580001e4cef4,doritos,100
5cb63178d946580001e4cef4,wheatthins,100
5cb63178d946580001e4cef4,slicedloafbread,100
5cb63178d946580001e4cef4,chocolatewafer,79
5cb63178d946580001e4cef4,caramel,10
5cb63178d946580001e4cef4,frenchfries,72
5cb63178d946580001e4cef4,twix,25
5cb63178d946580001e4cef4,vanillawafer,74
5cb63178d946580001e4cef4,nutrigrainbar,86
5cb63178d946580001e4cef4,tuilecookie,42
5cb63178d946580001e4cef4,chocolatebark,18
5cb63178d946580001e4cef4,goldendeliciousapple,87
5cb63178d946580001e4cef4,triscuits,8
5cb63178d946580001e4cef4,peach,100
5cb63178d946580001e4cef4,peanuts,24
5cb63178d946580001e4cef4,frostedbrownie,100
5cb63178d946580001e4cef4,thumprintcookie,100
5cb63178d946580001e4cef4,deliturkey,100
5cb63178d946580001e4cef4,carrot,100
5cb63178d946580001e4cef4,eggrolls,100
5cb63178d946580001e4cef4,plum,100
5cb63178d946580001e4cef4,peanutmms,39
5cb63178d946580001e4cef4,orange,66
5cb63178d946580001e4cef4,lindtlindorchocolatetruffle,96
5cb63178d946580001e4cef4,ritzcracker,94
5cb63178d946580001e4cef4,chocolateicecreamcone,95
5cc482bd8d2a1e001885c450,milkchocolate,77
5cc482bd8d2a1e001885c450,lemoncake,50
5cc482bd8d2a1e001885c450,ryebread,27
5cc482bd8d2a1e001885c450,frenchfries,63
5cc482bd8d2a1e001885c450,wavylays,77
5cc482bd8d2a1e001885c450,ritzcracker,51
5cc482bd8d2a1e001885c450,baguette,15
5cc482bd8d2a1e001885c450,grape,22
5cc482bd8d2a1e001885c450,potatochips,79
5cc482bd8d2a1e001885c450,meatballs,22
5cc482bd8d2a1e001885c450,pocky,8
5cc482bd8d2a1e001885c450,swisscheese,18
5cc482bd8d2a1e001885c450,kiwi,74
5cc482bd8d2a1e001885c450,honeydewmelon,78
5cc482bd8d2a1e001885c450,brownie,100
5cc482bd8d2a1e001885c450,strawberryicecreamcone,100
5cc482bd8d2a1e001885c450,peanuts,50
5cc482bd8d2a1e001885c450,toblerone,91
5cc482bd8d2a1e001885c450,gouda,60
5cc482bd8d2a1e001885c450,carrot,1
5cc482bd8d2a1e001885c450,cherry,26
5cc482bd8d2a1e001885c450,doritos,55
5cc482bd8d2a1e001885c450,blackberry,62
5cc482bd8d2a1e001885c450,twix,79
5cc482bd8d2a1e001885c450,orange,71
5cc482bd8d2a1e001885c450,darkchocolate,94
5cc482bd8d2a1e001885c450,triscuits,24
5cc482bd8d2a1e001885c450,tortillachips,59
5cc482bd8d2a1e001885c450,chocolatewafer,76
5cc482bd8d2a1e001885c450,chocolateicecreamcone,26
5cc482bd8d2a1e001885c450,peanutmms,93
5cc482bd8d2a1e001885c450,caramel,52
5cc482bd8d2a1e001885c450,wheatthins,40
5cc482bd8d2a1e001885c450,oatmealraisincookie,86
5cc482bd8d2a1e001885c450,madeleine,65
5cc482bd8d2a1e001885c450,plum,32
5cc482bd8d2a1e001885c450,slicedloafbread,22
5cc482bd8d2a1e001885c450,boulebread,12
5cc482bd8d2a1e001885c450,tuilecookie,34
5cc482bd8d2a1e001885c450,frostedbrownie,100
5cc482bd8d2a1e001885c450,chocolatebark,50
5cc482bd8d2a1e001885c450,thumprintcookie,55
5cc482bd8d2a1e001885c450,lindtlindorchocolatetruffle,62
5cc482bd8d2a1e001885c450,greenbellpepper,1
5cc482bd8d2a1e001885c450,sugarcookie,58
5cc482bd8d2a1e001885c450,goldendeliciousapple,43
5cc482bd8d2a1e001885c450,churro,56
5cc482bd8d2a1e001885c450,saltinecracker,43
5cc482bd8d2a1e001885c450,apple,48
5cc482bd8d2a1e001885c450,peach,22
5cc482bd8d2a1e001885c450,vanillawafer,50
5cc482bd8d2a1e001885c450,deliturkey,68
5cc482bd8d2a1e001885c450,twistdonut,40
5cc482bd8d2a1e001885c450,butteredpopcorn,29
5cc482bd8d2a1e001885c450,chickentenders,87
5cc482bd8d2a1e001885c450,nutrigrainbar,49
5cc482bd8d2a1e001885c450,raspberry,67
5cc482bd8d2a1e001885c450,vanillasoftservecone,69
5cc482bd8d2a1e001885c450,eggrolls,63
5cc482bd8d2a1e001885c450,almonds,48
5cc8cab1f67ce800171cc5b2,swisscheese,97
5cc8cab1f67ce800171cc5b2,boulebread,79
5cc8cab1f67ce800171cc5b2,slicedloafbread,25
5cc8cab1f67ce800171cc5b2,sugarcookie,51
5cc8cab1f67ce800171cc5b2,grape,69
5cc8cab1f67ce800171cc5b2,triscuits,59
5cc8cab1f67ce800171cc5b2,eggrolls,74
5cc8cab1f67ce800171cc5b2,plum,90
5cc8cab1f67ce800171cc5b2,darkchocolate,34
5cc8cab1f67ce800171cc5b2,doritos,35
5cc8cab1f67ce800171cc5b2,ryebread,39
5cc8cab1f67ce800171cc5b2,butteredpopcorn,69
5cc8cab1f67ce800171cc5b2,brownie,69
5cc8cab1f67ce800171cc5b2,peach,87
5cc8cab1f67ce800171cc5b2,thumprintcookie,4
5cc8cab1f67ce800171cc5b2,baguette,37
5cc8cab1f67ce800171cc5b2,strawberryicecreamcone,64
5cc8cab1f67ce800171cc5b2,honeydewmelon,76
5cc8cab1f67ce800171cc5b2,ritzcracker,4
5cc8cab1f67ce800171cc5b2,wheatthins,12
5cc8cab1f67ce800171cc5b2,carrot,6
5cc8cab1f67ce800171cc5b2,vanillawafer,19
5cc8cab1f67ce800171cc5b2,tuilecookie,18
5cc8cab1f67ce800171cc5b2,pocky,17
5cc8cab1f67ce800171cc5b2,blackberry,59
5cc8cab1f67ce800171cc5b2,goldendeliciousapple,68
5cc8cab1f67ce800171cc5b2,wavylays,49
5cc8cab1f67ce800171cc5b2,deliturkey,6
5cc8cab1f67ce800171cc5b2,twistdonut,58
5cc8cab1f67ce800171cc5b2,raspberry,80
5cc8cab1f67ce800171cc5b2,madeleine,12
5cc8cab1f67ce800171cc5b2,almonds,57
5cc8cab1f67ce800171cc5b2,oatmealraisincookie,34
5cc8cab1f67ce800171cc5b2,churro,76
5cc8cab1f67ce800171cc5b2,milkchocolate,58
5cc8cab1f67ce800171cc5b2,chocolatewafer,20
5cc8cab1f67ce800171cc5b2,lemoncake,84
5cc8cab1f67ce800171cc5b2,orange,30
5cc8cab1f67ce800171cc5b2,apple,76
5cc8cab1f67ce800171cc5b2,kiwi,89
5cc8cab1f67ce800171cc5b2,peanuts,30
5cc8cab1f67ce800171cc5b2,nutrigrainbar,2
5cc8cab1f67ce800171cc5b2,frostedbrownie,76
5cc8cab1f67ce800171cc5b2,toblerone,79
5cc8cab1f67ce800171cc5b2,frenchfries,54
5cc8cab1f67ce800171cc5b2,twix,95
5cc8cab1f67ce800171cc5b2,potatochips,58
5cc8cab1f67ce800171cc5b2,chocolateicecreamcone,66
5cc8cab1f67ce800171cc5b2,tortillachips,5
5cc8cab1f67ce800171cc5b2,chickentenders,17
5cc8cab1f67ce800171cc5b2,gouda,96
5cc8cab1f67ce800171cc5b2,lindtlindorchocolatetruffle,76
5cc8cab1f67ce800171cc5b2,greenbellpepper,3
5cc8cab1f67ce800171cc5b2,caramel,13
5cc8cab1f67ce800171cc5b2,cherry,89
5cc8cab1f67ce800171cc5b2,vanillasoftservecone,87
5cc8cab1f67ce800171cc5b2,meatballs,6
5cc8cab1f67ce800171cc5b2,peanutmms,87
5cc8cab1f67ce800171cc5b2,chocolatebark,93
5cc8cab1f67ce800171cc5b2,saltinecracker,4
5d17d6e7e2131c00171f1656,swisscheese,1
5d17d6e7e2131c00171f1656,grape,54
5d17d6e7e2131c00171f1656,gouda,1
5d17d6e7e2131c00171f1656,triscuits,31
5d17d6e7e2131c00171f1656,deliturkey,1
5d17d6e7e2131c00171f1656,kiwi,79
5d17d6e7e2131c00171f1656,plum,82
5d17d6e7e2131c00171f1656,strawberryicecreamcone,1
5d17d6e7e2131c00171f1656,frenchfries,83
5d17d6e7e2131c00171f1656,greenbellpepper,12
5d17d6e7e2131c00171f1656,goldendeliciousapple,99
5d17d6e7e2131c00171f1656,tuilecookie,70
5d17d6e7e2131c00171f1656,butteredpopcorn,11
5d17d6e7e2131c00171f1656,nutrigrainbar,53
5d17d6e7e2131c00171f1656,vanillasoftservecone,1
5d17d6e7e2131c00171f1656,peach,92
5d17d6e7e2131c00171f1656,milkchocolate,1
5d17d6e7e2131c00171f1656,vanillawafer,52
5d17d6e7e2131c00171f1656,almonds,93
5d17d6e7e2131c00171f1656,ryebread,83
5d17d6e7e2131c00171f1656,cherry,100
5d17d6e7e2131c00171f1656,caramel,1
5d17d6e7e2131c00171f1656,frostedbrownie,56
5d17d6e7e2131c00171f1656,chocolatewafer,49
5d17d6e7e2131c00171f1656,lemoncake,52
5d17d6e7e2131c00171f1656,saltinecracker,60
5d17d6e7e2131c00171f1656,raspberry,100
5d17d6e7e2131c00171f1656,doritos,51
5d17d6e7e2131c00171f1656,eggrolls,47
5d17d6e7e2131c00171f1656,sugarcookie,49
5d17d6e7e2131c00171f1656,peanuts,94
5d17d6e7e2131c00171f1656,churro,53
5d17d6e7e2131c00171f1656,meatballs,1
5d17d6e7e2131c00171f1656,twix,1
5d17d6e7e2131c00171f1656,wavylays,48
5d17d6e7e2131c00171f1656,lindtlindorchocolatetruffle,1
5d17d6e7e2131c00171f1656,apple,100
5d17d6e7e2131c00171f1656,peanutmms,1
5d17d6e7e2131c00171f1656,chocolatebark,9
5d17d6e7e2131c00171f1656,oatmealraisincookie,49
5d17d6e7e2131c00171f1656,potatochips,49
5d17d6e7e2131c00171f1656,twistdonut,92
5d17d6e7e2131c00171f1656,slicedloafbread,1
5d17d6e7e2131c00171f1656,toblerone,2
5d17d6e7e2131c00171f1656,tortillachips,50
5d17d6e7e2131c00171f1656,chocolateicecreamcone,1
5d17d6e7e2131c00171f1656,pocky,50
5d17d6e7e2131c00171f1656,boulebread,98
5d17d6e7e2131c00171f1656,madeleine,49
5d17d6e7e2131c00171f1656,blackberry,100
5d17d6e7e2131c00171f1656,thumprintcookie,100
5d17d6e7e2131c00171f1656,honeydewmelon,100
5d17d6e7e2131c00171f1656,wheatthins,54
5d17d6e7e2131c00171f1656,chickentenders,1
5d17d6e7e2131c00171f1656,ritzcracker,75
5d17d6e7e2131c00171f1656,orange,100
5d17d6e7e2131c00171f1656,darkchocolate,1
5d17d6e7e2131c00171f1656,baguette,100
5d17d6e7e2131c00171f1656,brownie,2
5d17d6e7e2131c00171f1656,carrot,52
5d8934dc4c680f00181616f8,toblerone,91
5d8934dc4c680f00181616f8,honeydewmelon,85
5d8934dc4c680f00181616f8,chickentenders,51
5d8934dc4c680f00181616f8,boulebread,46
5d8934dc4c680f00181616f8,tortillachips,20
5d8934dc4c680f00181616f8,potatochips,27
5d8934dc4c680f00181616f8,churro,32
5d8934dc4c680f00181616f8,milkchocolate,89
5d8934dc4c680f00181616f8,plum,30
5d8934dc4c680f00181616f8,wheatthins,10
5d8934dc4c680f00181616f8,deliturkey,48
5d8934dc4c680f00181616f8,lemoncake,93
5d8934dc4c680f00181616f8,doritos,31
5d8934dc4c680f00181616f8,carrot,42
5d8934dc4c680f00181616f8,eggrolls,24
5d8934dc4c680f00181616f8,peanuts,28
5d8934dc4c680f00181616f8,swisscheese,50
5d8934dc4c680f00181616f8,twix,92
5d8934dc4c680f00181616f8,peanutmms,89
5d8934dc4c680f00181616f8,wavylays,31
5d8934dc4c680f00181616f8,kiwi,51
5d8934dc4c680f00181616f8,meatballs,47
5d8934dc4c680f00181616f8,frostedbrownie,91
5d8934dc4c680f00181616f8,cherry,48
5d8934dc4c680f00181616f8,caramel,79
5d8934dc4c680f00181616f8,grape,73
5d8934dc4c680f00181616f8,chocolatewafer,87
5d8934dc4c680f00181616f8,baguette,52
5d8934dc4c680f00181616f8,ritzcracker,50
5d8934dc4c680f00181616f8,slicedloafbread,39
5d8934dc4c680f00181616f8,almonds,36
5d8934dc4c680f00181616f8,pocky,86
5d8934dc4c680f00181616f8,lindtlindorchocolatetruffle,95
5d8934dc4c680f00181616f8,apple,54
5d8934dc4c680f00181616f8,oatmealraisincookie,76
5d8934dc4c680f00181616f8,chocolateicecreamcone,86
5d8934dc4c680f00181616f8,brownie,76
5d8934dc4c680f00181616f8,peach,50
5d8934dc4c680f00181616f8,triscuits,11
5d8934dc4c680f00181616f8,saltinecracker,24
5d8934dc4c680f00181616f8,darkchocolate,80
5d8934dc4c680f00181616f8,greenbellpepper,35
5d8934dc4c680f00181616f8,frenchfries,21
5d8934dc4c680f00181616f8,twistdonut,20
5d8934dc4c680f00181616f8,vanillasoftservecone,92
5d8934dc4c680f00181616f8,strawberryicecreamcone,83
5d8934dc4c680f00181616f8,orange,18
5d8934dc4c680f00181616f8,tuilecookie,20
5d8934dc4c680f00181616f8,ryebread,15
5d8934dc4c680f00181616f8,madeleine,58
5d8934dc4c680f00181616f8,gouda,25
5d8934dc4c680f00181616f8,vanillawafer,72
5d8934dc4c680f00181616f8,thumprintcookie,94
5d8934dc4c680f00181616f8,butteredpopcorn,27
5d8934dc4c680f00181616f8,raspberry,66
5d8934dc4c680f00181616f8,chocolatebark,86
5d8934dc4c680f00181616f8,nutrigrainbar,81
5d8934dc4c680f00181616f8,goldendeliciousapple,39
5d8934dc4c680f00181616f8,blackberry,47
5d8934dc4c680f00181616f8,sugarcookie,67
5db4f0b63e33f2000dd54016,nutrigrainbar,26
5db4f0b63e33f2000dd54016,milkchocolate,9
5db4f0b63e33f2000dd54016,wavylays,23
5db4f0b63e33f2000dd54016,peanutmms,8
5db4f0b63e33f2000dd54016,greenbellpepper,49
5db4f0b63e33f2000dd54016,vanillasoftservecone,58
5db4f0b63e33f2000dd54016,vanillawafer,43
5db4f0b63e33f2000dd54016,twix,9
5db4f0b63e33f2000dd54016,boulebread,47
5db4f0b63e33f2000dd54016,pocky,23
5db4f0b63e33f2000dd54016,kiwi,38
5db4f0b63e33f2000dd54016,tuilecookie,18
5db4f0b63e33f2000dd54016,eggrolls,34
5db4f0b63e33f2000dd54016,orange,48
5db4f0b63e33f2000dd54016,plum,44
5db4f0b63e33f2000dd54016,chocolateicecreamcone,72
5db4f0b63e33f2000dd54016,swisscheese,52
5db4f0b63e33f2000dd54016,darkchocolate,48
5db4f0b63e33f2000dd54016,lemoncake,7
5db4f0b63e33f2000dd54016,doritos,21
5db4f0b63e33f2000dd54016,butteredpopcorn,49
5db4f0b63e33f2000dd54016,tortillachips,23
5db4f0b63e33f2000dd54016,churro,63
5db4f0b63e33f2000dd54016,strawberryicecreamcone,85
5db4f0b63e33f2000dd54016,almonds,71
5db4f0b63e33f2000dd54016,grape,44
5db4f0b63e33f2000dd54016,slicedloafbread,13
5db4f0b63e33f2000dd54016,wheatthins,77
5db4f0b63e33f2000dd54016,thumprintcookie,55
5db4f0b63e33f2000dd54016,goldendeliciousapple,73
5db4f0b63e33f2000dd54016,frenchfries,67
5db4f0b63e33f2000dd54016,brownie,76
5db4f0b63e33f2000dd54016,saltinecracker,88
5db4f0b63e33f2000dd54016,potatochips,53
5db4f0b63e33f2000dd54016,raspberry,74
5db4f0b63e33f2000dd54016,chocolatebark,55
5db4f0b63e33f2000dd54016,toblerone,48
5db4f0b63e33f2000dd54016,frostedbrownie,68
5db4f0b63e33f2000dd54016,deliturkey,47
5db4f0b63e33f2000dd54016,twistdonut,25
5db4f0b63e33f2000dd54016,honeydewmelon,73
5db4f0b63e33f2000dd54016,carrot,39
5db4f0b63e33f2000dd54016,peach,85
5db4f0b63e33f2000dd54016,cherry,82
5db4f0b63e33f2000dd54016,sugarcookie,52
5db4f0b63e33f2000dd54016,ryebread,58
5db4f0b63e33f2000dd54016,meatballs,63
5db4f0b63e33f2000dd54016,peanuts,59
5db4f0b63e33f2000dd54016,gouda,73
5db4f0b63e33f2000dd54016,blackberry,53
5db4f0b63e33f2000dd54016,ritzcracker,70
5db4f0b63e33f2000dd54016,lindtlindorchocolatetruffle,51
5db4f0b63e33f2000dd54016,oatmealraisincookie,37
5db4f0b63e33f2000dd54016,caramel,29
5db4f0b63e33f2000dd54016,triscuits,49
5db4f0b63e33f2000dd54016,madeleine,33
5db4f0b63e33f2000dd54016,baguette,49
5db4f0b63e33f2000dd54016,apple,86
5db4f0b63e33f2000dd54016,chocolatewafer,67
5db4f0b63e33f2000dd54016,chickentenders,15
5dd72efa82569a6d38e06854,triscuits,50
5dd72efa82569a6d38e06854,almonds,71
5dd72efa82569a6d38e06854,vanillawafer,35
5dd72efa82569a6d38e06854,chickentenders,54
5dd72efa82569a6d38e06854,lindtlindorchocolatetruffle,42
5dd72efa82569a6d38e06854,butteredpopcorn,81
5dd72efa82569a6d38e06854,slicedloafbread,43
5dd72efa82569a6d38e06854,chocolatebark,66
5dd72efa82569a6d38e06854,wheatthins,42
5dd72efa82569a6d38e06854,swisscheese,83
5dd72efa82569a6d38e06854,saltinecracker,45
5dd72efa82569a6d38e06854,wavylays,41
5dd72efa82569a6d38e06854,toblerone,46
5dd72efa82569a6d38e06854,lemoncake,18
5dd72efa82569a6d38e06854,raspberry,97
5dd72efa82569a6d38e06854,chocolatewafer,49
5dd72efa82569a6d38e06854,caramel,21
5dd72efa82569a6d38e06854,brownie,46
5dd72efa82569a6d38e06854,orange,77
5dd72efa82569a6d38e06854,churro,17
5dd72efa82569a6d38e06854,meatballs,32
5dd72efa82569a6d38e06854,carrot,63
5dd72efa82569a6d38e06854,blackberry,93
5dd72efa82569a6d38e06854,greenbellpepper,66
5dd72efa82569a6d38e06854,boulebread,78
5dd72efa82569a6d38e06854,oatmealraisincookie,28
5dd72efa82569a6d38e06854,madeleine,16
5dd72efa82569a6d38e06854,plum,72
5dd72efa82569a6d38e06854,twistdonut,36
5dd72efa82569a6d38e06854,ritzcracker,31
5dd72efa82569a6d38e06854,ryebread,92
5dd72efa82569a6d38e06854,eggrolls,51
5dd72efa82569a6d38e06854,darkchocolate,20
5dd72efa82569a6d38e06854,tuilecookie,21
5dd72efa82569a6d38e06854,vanillasoftservecone,79
5dd72efa82569a6d38e06854,frostedbrownie,36
5dd72efa82569a6d38e06854,frenchfries,34
5dd72efa82569a6d38e06854,peanuts,84
5dd72efa82569a6d38e06854,kiwi,75
5dd72efa82569a6d38e06854,apple,98
5dd72efa82569a6d38e06854,nutrigrainbar,38
5dd72efa82569a6d38e06854,cherry,97
5dd72efa82569a6d38e06854,peanutmms,48
5dd72efa82569a6d38e06854,tortillachips,37
5dd72efa82569a6d38e06854,strawberryicecreamcone,84
5dd72efa82569a6d38e06854,sugarcookie,26
5dd72efa82569a6d38e06854,gouda,83
5dd72efa82569a6d38e06854,grape,94
5dd72efa82569a6d38e06854,doritos,32
5dd72efa82569a6d38e06854,potatochips,44
5dd72efa82569a6d38e06854,thumprintcookie,38
5dd72efa82569a6d38e06854,baguette,83
5dd72efa82569a6d38e06854,goldendeliciousapple,71
5dd72efa82569a6d38e06854,milkchocolate,66
5dd72efa82569a6d38e06854,chocolateicecreamcone,68
5dd72efa82569a6d38e06854,peach,92
5dd72efa82569a6d38e06854,honeydewmelon,78
5dd72efa82569a6d38e06854,pocky,40
5dd72efa82569a6d38e06854,twix,36
5dd72efa82569a6d38e06854,deliturkey,61
5dd78dc3238a9171fbd93f22,frenchfries,98
5dd78dc3238a9171fbd93f22,potatochips,93
5dd78dc3238a9171fbd93f22,orange,64
5dd78dc3238a9171fbd93f22,meatballs,39
5dd78dc3238a9171fbd93f22,caramel,29
5dd78dc3238a9171fbd93f22,peach,38
5dd78dc3238a9171fbd93f22,lemoncake,52
5dd78dc3238a9171fbd93f22,apple,15
5dd78dc3238a9171fbd93f22,lindtlindorchocolatetruffle,44
5dd78dc3238a9171fbd93f22,kiwi,2
5dd78dc3238a9171fbd93f22,sugarcookie,47
5dd78dc3238a9171fbd93f22,greenbellpepper,1
5dd78dc3238a9171fbd93f22,darkchocolate,51
5dd78dc3238a9171fbd93f22,saltinecracker,21
5dd78dc3238a9171fbd93f22,butteredpopcorn,39
5dd78dc3238a9171fbd93f22,chocolatewafer,18
5dd78dc3238a9171fbd93f22,nutrigrainbar,72
5dd78dc3238a9171fbd93f22,oatmealraisincookie,60
5dd78dc3238a9171fbd93f22,thumprintcookie,74
5dd78dc3238a9171fbd93f22,frostedbrownie,67
5dd78dc3238a9171fbd93f22,peanuts,69
5dd78dc3238a9171fbd93f22,carrot,52
5dd78dc3238a9171fbd93f22,milkchocolate,62
5dd78dc3238a9171fbd93f22,eggrolls,68
5dd78dc3238a9171fbd93f22,tortillachips,28
5dd78dc3238a9171fbd93f22,goldendeliciousapple,5
5dd78dc3238a9171fbd93f22,wheatthins,25
5dd78dc3238a9171fbd93f22,baguette,11
5dd78dc3238a9171fbd93f22,chocolatebark,33
5dd78dc3238a9171fbd93f22,raspberry,20
5dd78dc3238a9171fbd93f22,churro,39
5dd78dc3238a9171fbd93f22,tuilecookie,28
5dd78dc3238a9171fbd93f22,toblerone,49
5dd78dc3238a9171fbd93f22,plum,55
5dd78dc3238a9171fbd93f22,madeleine,42
5dd78dc3238a9171fbd93f22,slicedloafbread,62
5dd78dc3238a9171fbd93f22,vanillawafer,79
5dd78dc3238a9171fbd93f22,swisscheese,5
5dd78dc3238a9171fbd93f22,twix,51
5dd78dc3238a9171fbd93f22,strawberryicecreamcone,99
5dd78dc3238a9171fbd93f22,peanutmms,69
5dd78dc3238a9171fbd93f22,ritzcracker,14
5dd78dc3238a9171fbd93f22,triscuits,12
5dd78dc3238a9171fbd93f22,almonds,16
5dd78dc3238a9171fbd93f22,grape,24
5dd78dc3238a9171fbd93f22,pocky,51
5dd78dc3238a9171fbd93f22,chickentenders,70
5dd78dc3238a9171fbd93f22,ryebread,15
5dd78dc3238a9171fbd93f22,cherry,43
5dd78dc3238a9171fbd93f22,gouda,10
5dd78dc3238a9171fbd93f22,twistdonut,47
5dd78dc3238a9171fbd93f22,honeydewmelon,51
5dd78dc3238a9171fbd93f22,wavylays,7
5dd78dc3238a9171fbd93f22,brownie,45
5dd78dc3238a9171fbd93f22,doritos,20
5dd78dc3238a9171fbd93f22,blackberry,61
5dd78dc3238a9171fbd93f22,boulebread,4
5dd78dc3238a9171fbd93f22,vanillasoftservecone,99
5dd78dc3238a9171fbd93f22,deliturkey,6
5dd78dc3238a9171fbd93f22,chocolateicecreamcone,77
5e0b388b15ef4037cebdecc9,frostedbrownie,100
5e0b388b15ef4037cebdecc9,triscuits,84
5e0b388b15ef4037cebdecc9,churro,15
5e0b388b15ef4037cebdecc9,goldendeliciousapple,76
5e0b388b15ef4037cebdecc9,ritzcracker,97
5e0b388b15ef4037cebdecc9,greenbellpepper,34
5e0b388b15ef4037cebdecc9,toblerone,98
5e0b388b15ef4037cebdecc9,grape,57
5e0b388b15ef4037cebdecc9,butteredpopcorn,60
5e0b388b15ef4037cebdecc9,apple,45
5e0b388b15ef4037cebdecc9,tortillachips,92
5e0b388b15ef4037cebdecc9,swisscheese,80
5e0b388b15ef4037cebdecc9,strawberryicecreamcone,92
5e0b388b15ef4037cebdecc9,slicedloafbread,14
5e0b388b15ef4037cebdecc9,chocolateicecreamcone,79
5e0b388b15ef4037cebdecc9,twistdonut,96
5e0b388b15ef4037cebdecc9,blackberry,17
5e0b388b15ef4037cebdecc9,thumprintcookie,89
5e0b388b15ef4037cebdecc9,orange,39
5e0b388b15ef4037cebdecc9,tuilecookie,100
5e0b388b15ef4037cebdecc9,boulebread,100
5e0b388b15ef4037cebdecc9,plum,1
5e0b388b15ef4037cebdecc9,sugarcookie,70
5e0b388b15ef4037cebdecc9,peach,1
5e0b388b15ef4037cebdecc9,gouda,8
5e0b388b15ef4037cebdecc9,deliturkey,53
5e0b388b15ef4037cebdecc9,eggrolls,19
5e0b388b15ef4037cebdecc9,oatmealraisincookie,87
5e0b388b15ef4037cebdecc9,caramel,95
5e0b388b15ef4037cebdecc9,peanuts,100
5e0b388b15ef4037cebdecc9,chocolatebark,100
5e0b388b15ef4037cebdecc9,peanutmms,100
5e0b388b15ef4037cebdecc9,raspberry,32
5e0b388b15ef4037cebdecc9,carrot,61
5e0b388b15ef4037cebdecc9,brownie,100
5e0b388b15ef4037cebdecc9,nutrigrainbar,50
5e0b388b15ef4037cebdecc9,milkchocolate,100
5e0b388b15ef4037cebdecc9,meatballs,57
5e0b388b15ef4037cebdecc9,pocky,81
5e0b388b15ef4037cebdecc9,wheatthins,94
5e0b388b15ef4037cebdecc9,chocolatewafer,71
5e0b388b15ef4037cebdecc9,ryebread,100
5e0b388b15ef4037cebdecc9,cherry,3
5e0b388b15ef4037cebdecc9,chickentenders,36
5e0b388b15ef4037cebdecc9,wavylays,81
5e0b388b15ef4037cebdecc9,potatochips,83
5e0b388b15ef4037cebdecc9,doritos,91
5e0b388b15ef4037cebdecc9,almonds,95
5e0b388b15ef4037cebdecc9,honeydewmelon,23
5e0b388b15ef4037cebdecc9,vanillasoftservecone,90
5e0b388b15ef4037cebdecc9,lemoncake,100
5e0b388b15ef4037cebdecc9,vanillawafer,87
5e0b388b15ef4037cebdecc9,frenchfries,96
5e0b388b15ef4037cebdecc9,kiwi,2
5e0b388b15ef4037cebdecc9,twix,99
5e0b388b15ef4037cebdecc9,darkchocolate,65
5e0b388b15ef4037cebdecc9,lindtlindorchocolatetruffle,51
5e0b388b15ef4037cebdecc9,madeleine,90
5e0b388b15ef4037cebdecc9,saltinecracker,72
5e0b388b15ef4037cebdecc9,baguette,100
5e1b299528c70235eeed62ef,chocolatewafer,100
5e1b299528c70235eeed62ef,toblerone,100
5e1b299528c70235eeed62ef,saltinecracker,48
5e1b299528c70235eeed62ef,wheatthins,50
5e1b299528c70235eeed62ef,plum,1
5e1b299528c70235eeed62ef,vanillasoftservecone,100
5e1b299528c70235eeed62ef,churro,100
5e1b299528c70235eeed62ef,thumprintcookie,100
5e1b299528c70235eeed62ef,slicedloafbread,51
5e1b299528c70235eeed62ef,lindtlindorchocolatetruffle,100
5e1b299528c70235eeed62ef,oatmealraisincookie,100
5e1b299528c70235eeed62ef,gouda,100
5e1b299528c70235eeed62ef,tortillachips,48
5e1b299528c70235eeed62ef,chocolatebark,100
5e1b299528c70235eeed62ef,vanillawafer,100
5e1b299528c70235eeed62ef,triscuits,51
5e1b299528c70235eeed62ef,caramel,53
5e1b299528c70235eeed62ef,orange,1
5e1b299528c70235eeed62ef,almonds,77
5e1b299528c70235eeed62ef,peach,1
5e1b299528c70235eeed62ef,frostedbrownie,100
5e1b299528c70235eeed62ef,ritzcracker,38
5e1b299528c70235eeed62ef,darkchocolate,49
5e1b299528c70235eeed62ef,frenchfries,96
5e1b299528c70235eeed62ef,brownie,100
5e1b299528c70235eeed62ef,peanutmms,100
5e1b299528c70235eeed62ef,boulebread,32
5e1b299528c70235eeed62ef,potatochips,43
5e1b299528c70235eeed62ef,carrot,1
5e1b299528c70235eeed62ef,goldendeliciousapple,1
5e1b299528c70235eeed62ef,butteredpopcorn,53
5e1b299528c70235eeed62ef,chocolateicecreamcone,100
5e1b299528c70235eeed62ef,twix,100
5e1b299528c70235eeed62ef,swisscheese,100
5e1b299528c70235eeed62ef,baguette,1
5e1b299528c70235eeed62ef,milkchocolate,100
5e1b299528c70235eeed62ef,meatballs,1
5e1b299528c70235eeed62ef,deliturkey,51
5e1b299528c70235eeed62ef,eggrolls,67
5e1b299528c70235eeed62ef,honeydewmelon,16
5e1b299528c70235eeed62ef,doritos,36
5e1b299528c70235eeed62ef,ryebread,8
5e1b299528c70235eeed62ef,cherry,1
5e1b299528c70235eeed62ef,tuilecookie,80
5e1b299528c70235eeed62ef,strawberryicecreamcone,100
5e1b299528c70235eeed62ef,apple,12
5e1b299528c70235eeed62ef,greenbellpepper,3
5e1b299528c70235eeed62ef,nutrigrainbar,50
5e1b299528c70235eeed62ef,grape,1
5e1b299528c70235eeed62ef,peanuts,48
5e1b299528c70235eeed62ef,chickentenders,100
5e1b299528c70235eeed62ef,pocky,100
5e1b299528c70235eeed62ef,wavylays,92
5e1b299528c70235eeed62ef,sugarcookie,80
5e1b299528c70235eeed62ef,raspberry,1
5e1b299528c70235eeed62ef,twistdonut,1
5e1b299528c70235eeed62ef,madeleine,25
5e1b299528c70235eeed62ef,lemoncake,100
5e1b299528c70235eeed62ef,kiwi,3
5e1b299528c70235eeed62ef,blackberry,2
5e387f2c0d70ef099d5e5a4f,toblerone,69
5e387f2c0d70ef099d5e5a4f,kiwi,1
5e387f2c0d70ef099d5e5a4f,peach,1
5e387f2c0d70ef099d5e5a4f,chocolateicecreamcone,84
5e387f2c0d70ef099d5e5a4f,churro,58
5e387f2c0d70ef099d5e5a4f,doritos,50
5e387f2c0d70ef099d5e5a4f,thumprintcookie,59
5e387f2c0d70ef099d5e5a4f,twistdonut,71
5e387f2c0d70ef099d5e5a4f,deliturkey,41
5e387f2c0d70ef099d5e5a4f,madeleine,62
5e387f2c0d70ef099d5e5a4f,apple,23
5e387f2c0d70ef099d5e5a4f,nutrigrainbar,6
5e387f2c0d70ef099d5e5a4f,blackberry,1
5e387f2c0d70ef099d5e5a4f,baguette,66
5e387f2c0d70ef099d5e5a4f,meatballs,25
5e387f2c0d70ef099d5e5a4f,orange,31
5e387f2c0d70ef099d5e5a4f,raspberry,1
5e387f2c0d70ef099d5e5a4f,carrot,28
5e387f2c0d70ef099d5e5a4f,twix,73
5e387f2c0d70ef099d5e5a4f,plum,1
5e387f2c0d70ef099d5e5a4f,chickentenders,94
5e387f2c0d70ef099d5e5a4f,triscuits,46
5e387f2c0d70ef099d5e5a4f,vanillasoftservecone,91
5e387f2c0d70ef099d5e5a4f,slicedloafbread,58
5e387f2c0d70ef099d5e5a4f,swisscheese,66
5e387f2c0d70ef099d5e5a4f,vanillawafer,62
5e387f2c0d70ef099d5e5a4f,tortillachips,53
5e387f2c0d70ef099d5e5a4f,saltinecracker,59
5e387f2c0d70ef099d5e5a4f,frostedbrownie,71
5e387f2c0d70ef099d5e5a4f,brownie,74
5e387f2c0d70ef099d5e5a4f,eggrolls,37
5e387f2c0d70ef099d5e5a4f,darkchocolate,76
5e387f2c0d70ef099d5e5a4f,pocky,70
5e387f2c0d70ef099d5e5a4f,boulebread,70
5e387f2c0d70ef099d5e5a4f,lemoncake,66
5e387f2c0d70ef099d5e5a4f,greenbellpepper,1
5e387f2c0d70ef099d5e5a4f,lindtlindorchocolatetruffle,79
5e387f2c0d70ef099d5e5a4f,butteredpopcorn,69
5e387f2c0d70ef099d5e5a4f,peanutmms,82
5e387f2c0d70ef099d5e5a4f,honeydewmelon,1
5e387f2c0d70ef099d5e5a4f,caramel,45
5e387f2c0d70ef099d5e5a4f,ryebread,59
5e387f2c0d70ef099d5e5a4f,ritzcracker,64
5e387f2c0d70ef099d5e5a4f,strawberryicecreamcone,9
5e387f2c0d70ef099d5e5a4f,chocolatewafer,68
5e387f2c0d70ef099d5e5a4f,cherry,1
5e387f2c0d70ef099d5e5a4f,almonds,57
5e387f2c0d70ef099d5e5a4f,gouda,61
5e387f2c0d70ef099d5e5a4f,chocolatebark,66
5e387f2c0d70ef099d5e5a4f,wavylays,78
5e387f2c0d70ef099d5e5a4f,potatochips,69
5e387f2c0d70ef099d5e5a4f,wheatthins,59
5e387f2c0d70ef099d5e5a4f,grape,14
5e387f2c0d70ef099d5e5a4f,oatmealraisincookie,31
5e387f2c0d70ef099d5e5a4f,milkchocolate,81
5e387f2c0d70ef099d5e5a4f,sugarcookie,59
5e387f2c0d70ef099d5e5a4f,peanuts,56
5e387f2c0d70ef099d5e5a4f,tuilecookie,32
5e387f2c0d70ef099d5e5a4f,goldendeliciousapple,26
5e387f2c0d70ef099d5e5a4f,frenchfries,99
5e89533c4d3d675e800bfc7c,wheatthins,52
5e89533c4d3d675e800bfc7c,peach,84
5e89533c4d3d675e800bfc7c,gouda,73
5e89533c4d3d675e800bfc7c,chocolatebark,84
5e89533c4d3d675e800bfc7c,deliturkey,66
5e89533c4d3d675e800bfc7c,ritzcracker,21
5e89533c4d3d675e800bfc7c,twix,92
5e89533c4d3d675e800bfc7c,wavylays,75
5e89533c4d3d675e800bfc7c,plum,47
5e89533c4d3d675e800bfc7c,meatballs,65
5e89533c4d3d675e800bfc7c,toblerone,96
5e89533c4d3d675e800bfc7c,pocky,90
5e89533c4d3d675e800bfc7c,triscuits,25
5e89533c4d3d675e800bfc7c,peanuts,22
5e89533c4d3d675e800bfc7c,madeleine,58
5e89533c4d3d675e800bfc7c,twistdonut,89
5e89533c4d3d675e800bfc7c,chocolateicecreamcone,100
5e89533c4d3d675e800bfc7c,caramel,92
5e89533c4d3d675e800bfc7c,baguette,91
5e89533c4d3d675e800bfc7c,vanillasoftservecone,100
5e89533c4d3d675e800bfc7c,thumprintcookie,43
5e89533c4d3d675e800bfc7c,raspberry,76
5e89533c4d3d675e800bfc7c,chickentenders,100
5e89533c4d3d675e800bfc7c,frostedbrownie,43
5e89533c4d3d675e800bfc7c,frenchfries,100
5e89533c4d3d675e800bfc7c,churro,86
5e89533c4d3d675e800bfc7c,oatmealraisincookie,50
5e89533c4d3d675e800bfc7c,saltinecracker,36
5e89533c4d3d675e800bfc7c,eggrolls,93
5e89533c4d3d675e800bfc7c,tuilecookie,68
5e89533c4d3d675e800bfc7c,kiwi,73
5e89533c4d3d675e800bfc7c,peanutmms,88
5e89533c4d3d675e800bfc7c,chocolatewafer,69
5e89533c4d3d675e800bfc7c,apple,27
5e89533c4d3d675e800bfc7c,lindtlindorchocolatetruffle,22
5e89533c4d3d675e800bfc7c,nutrigrainbar,93
5e89533c4d3d675e800bfc7c,darkchocolate,90
5e89533c4d3d675e800bfc7c,cherry,95
5e89533c4d3d675e800bfc7c,blackberry,78
5e89533c4d3d675e800bfc7c,carrot,4
5e89533c4d3d675e800bfc7c,almonds,24
5e89533c4d3d675e800bfc7c,greenbellpepper,64
5e89533c4d3d675e800bfc7c,strawberryicecreamcone,100
5e89533c4d3d675e800bfc7c,tortillachips,86
5e89533c4d3d675e800bfc7c,swisscheese,98
5e89533c4d3d675e800bfc7c,honeydewmelon,37
5e89533c4d3d675e800bfc7c,potatochips,89
5e89533c4d3d675e800bfc7c,lemoncake,80
5e89533c4d3d675e800bfc7c,boulebread,85
5e89533c4d3d675e800bfc7c,grape,58
5e89533c4d3d675e800bfc7c,ryebread,85
5e89533c4d3d675e800bfc7c,orange,56
5e89533c4d3d675e800bfc7c,slicedloafbread,45
5e89533c4d3d675e800bfc7c,doritos,38
5e89533c4d3d675e800bfc7c,milkchocolate,86
5e89533c4d3d675e800bfc7c,butteredpopcorn,55
5e89533c4d3d675e800bfc7c,goldendeliciousapple,56
5e89533c4d3d675e800bfc7c,vanillawafer,32
5e89533c4d3d675e800bfc7c,brownie,79
5e89533c4d3d675e800bfc7c,sugarcookie,75
5e9a168cb684e20a385933a6,blackberry,65
5e9a168cb684e20a385933a6,pocky,4
5e9a168cb684e20a385933a6,lindtlindorchocolatetruffle,51
5e9a168cb684e20a385933a6,deliturkey,88
5e9a168cb684e20a385933a6,grape,49
5e9a168cb684e20a385933a6,peanutmms,21
5e9a168cb684e20a385933a6,caramel,10
5e9a168cb684e20a385933a6,peach,9
5e9a168cb684e20a385933a6,chocolatebark,51
5e9a168cb684e20a385933a6,goldendeliciousapple,100
5e9a168cb684e20a385933a6,vanillawafer,54
5e9a168cb684e20a385933a6,eggrolls,100
5e9a168cb684e20a385933a6,chocolateicecreamcone,100
5e9a168cb684e20a385933a6,orange,100
5e9a168cb684e20a385933a6,chocolatewafer,73
5e9a168cb684e20a385933a6,lemoncake,25
5e9a168cb684e20a385933a6,frostedbrownie,49
5e9a168cb684e20a385933a6,almonds,58
5e9a168cb684e20a385933a6,ryebread,32
5e9a168cb684e20a385933a6,swisscheese,1
5e9a168cb684e20a385933a6,kiwi,65
5e9a168cb684e20a385933a6,greenbellpepper,66
5e9a168cb684e20a385933a6,raspberry,88
5e9a168cb684e20a385933a6,ritzcracker,37
5e9a168cb684e20a385933a6,madeleine,39
5e9a168cb684e20a385933a6,potatochips,70
5e9a168cb684e20a385933a6,vanillasoftservecone,97
5e9a168cb684e20a385933a6,twix,17
5e9a168cb684e20a385933a6,sugarcookie,14
5e9a168cb684e20a385933a6,strawberryicecreamcone,87
5e9a168cb684e20a385933a6,carrot,97
5e9a168cb684e20a385933a6,peanuts,47
5e9a168cb684e20a385933a6,tuilecookie,4
5e9a168cb684e20a385933a6,doritos,84
5e9a168cb684e20a385933a6,meatballs,66
5e9a168cb684e20a385933a6,honeydewmelon,29
5e9a168cb684e20a385933a6,darkchocolate,90
5e9a168cb684e20a385933a6,toblerone,4
5e9a168cb684e20a385933a6,boulebread,90
5e9a168cb684e20a385933a6,brownie,74
5e9a168cb684e20a385933a6,plum,86
5e9a168cb684e20a385933a6,butteredpopcorn,88
5e9a168cb684e20a385933a6,wavylays,93
5e9a168cb684e20a385933a6,twistdonut,88
5e9a168cb684e20a385933a6,tortillachips,89
5e9a168cb684e20a385933a6,milkchocolate,73
5e9a168cb684e20a385933a6,gouda,6
5e9a168cb684e20a385933a6,churro,98
5e9a168cb684e20a385933a6,cherry,100
5e9a168cb684e20a385933a6,saltinecracker,4
5e9a168cb684e20a385933a6,chickentenders,43
5e9a168cb684e20a385933a6,thumprintcookie,52
5e9a168cb684e20a385933a6,frenchfries,63
5e9a168cb684e20a385933a6,apple,87
5e9a168cb684e20a385933a6,baguette,90
5e9a168cb684e20a385933a6,oatmealraisincookie,18
5e9a168cb684e20a385933a6,nutrigrainbar,65
5e9a168cb684e20a385933a6,slicedloafbread,63
5e9a168cb684e20a385933a6,triscuits,8
5e9a168cb684e20a385933a6,wheatthins,31
5ed856266cb96135ff953e31,chocolatebark,41
5ed856266cb96135ff953e31,carrot,45
5ed856266cb96135ff953e31,tuilecookie,21
5ed856266cb96135ff953e31,wheatthins,70
5ed856266cb96135ff953e31,greenbellpepper,59
5ed856266cb96135ff953e31,raspberry,68
5ed856266cb96135ff953e31,deliturkey,76
5ed856266cb96135ff953e31,grape,48
5ed856266cb96135ff953e31,chickentenders,84
5ed856266cb96135ff953e31,vanillawafer,35
5ed856266cb96135ff953e31,cherry,12
5ed856266cb96135ff953e31,wavylays,96
5ed856266cb96135ff953e31,eggrolls,13
5ed856266cb96135ff953e31,peach,26
5ed856266cb96135ff953e31,almonds,3
5ed856266cb96135ff953e31,triscuits,13
5ed856266cb96135ff953e31,tortillachips,69
5ed856266cb96135ff953e31,meatballs,15
5ed856266cb96135ff953e31,plum,11
5ed856266cb96135ff953e31,boulebread,81
5ed856266cb96135ff953e31,goldendeliciousapple,43
5ed856266cb96135ff953e31,twix,92
5ed856266cb96135ff953e31,potatochips,95
5ed856266cb96135ff953e31,oatmealraisincookie,50
5ed856266cb96135ff953e31,doritos,67
5ed856266cb96135ff953e31,pocky,7
5ed856266cb96135ff953e31,chocolatewafer,20
5ed856266cb96135ff953e31,kiwi,13
5ed856266cb96135ff953e31,ryebread,59
5ed856266cb96135ff953e31,peanutmms,90
5ed856266cb96135ff953e31,lindtlindorchocolatetruffle,53
5ed856266cb96135ff953e31,churro,39
5ed856266cb96135ff953e31,sugarcookie,52
5ed856266cb96135ff953e31,gouda,32
5ed856266cb96135ff953e31,nutrigrainbar,9
5ed856266cb96135ff953e31,baguette,58
5ed856266cb96135ff953e31,thumprintcookie,8
5ed856266cb96135ff953e31,apple,64
5ed856266cb96135ff953e31,vanillasoftservecone,89
5ed856266cb96135ff953e31,brownie,69
5ed856266cb96135ff953e31,darkchocolate,88
5ed856266cb96135ff953e31,peanuts,7
5ed856266cb96135ff953e31,caramel,35
5ed856266cb96135ff953e31,chocolateicecreamcone,68
5ed856266cb96135ff953e31,frenchfries,82
5ed856266cb96135ff953e31,madeleine,13
5ed856266cb96135ff953e31,strawberryicecreamcone,6
5ed856266cb96135ff953e31,swisscheese,47
5ed856266cb96135ff953e31,lemoncake,6
5ed856266cb96135ff953e31,frostedbrownie,66
5ed856266cb96135ff953e31,slicedloafbread,50
5ed856266cb96135ff953e31,honeydewmelon,5
5ed856266cb96135ff953e31,ritzcracker,45
5ed856266cb96135ff953e31,twistdonut,58
5ed856266cb96135ff953e31,orange,46
5ed856266cb96135ff953e31,milkchocolate,78
5ed856266cb96135ff953e31,butteredpopcorn,61
5ed856266cb96135ff953e31,blackberry,52
5ed856266cb96135ff953e31,toblerone,51
5ed856266cb96135ff953e31,saltinecracker,77
5ef8b0e085fd3460fc8648bf,frostedbrownie,73
5ef8b0e085fd3460fc8648bf,peanuts,51
5ef8b0e085fd3460fc8648bf,tortillachips,72
5ef8b0e085fd3460fc8648bf,goldendeliciousapple,46
5ef8b0e085fd3460fc8648bf,chocolatebark,91
5ef8b0e085fd3460fc8648bf,saltinecracker,51
5ef8b0e085fd3460fc8648bf,honeydewmelon,25
5ef8b0e085fd3460fc8648bf,potatochips,59
5ef8b0e085fd3460fc8648bf,churro,80
5ef8b0e085fd3460fc8648bf,vanillawafer,96
5ef8b0e085fd3460fc8648bf,chocolatewafer,74
5ef8b0e085fd3460fc8648bf,doritos,77
5ef8b0e085fd3460fc8648bf,darkchocolate,74
5ef8b0e085fd3460fc8648bf,twistdonut,84
5ef8b0e085fd3460fc8648bf,thumprintcookie,64
5ef8b0e085fd3460fc8648bf,blackberry,39
5ef8b0e085fd3460fc8648bf,raspberry,52
5ef8b0e085fd3460fc8648bf,vanillasoftservecone,62
5ef8b0e085fd3460fc8648bf,strawberryicecreamcone,79
5ef8b0e085fd3460fc8648bf,kiwi,17
5ef8b0e085fd3460fc8648bf,baguette,66
5ef8b0e085fd3460fc8648bf,cherry,17
5ef8b0e085fd3460fc8648bf,oatmealraisincookie,57
5ef8b0e085fd3460fc8648bf,pocky,61
5ef8b0e085fd3460fc8648bf,carrot,8
5ef8b0e085fd3460fc8648bf,frenchfries,80
5ef8b0e085fd3460fc8648bf,tuilecookie,68
5ef8b0e085fd3460fc8648bf,gouda,68
5ef8b0e085fd3460fc8648bf,chocolateicecreamcone,67
5ef8b0e085fd3460fc8648bf,meatballs,54
5ef8b0e085fd3460fc8648bf,wavylays,60
5ef8b0e085fd3460fc8648bf,grape,51
5ef8b0e085fd3460fc8648bf,peanutmms,61
5ef8b0e085fd3460fc8648bf,toblerone,77
5ef8b0e085fd3460fc8648bf,swisscheese,63
5ef8b0e085fd3460fc8648bf,brownie,74
5ef8b0e085fd3460fc8648bf,milkchocolate,65
5ef8b0e085fd3460fc8648bf,nutrigrainbar,61
5ef8b0e085fd3460fc8648bf,lemoncake,73
5ef8b0e085fd3460fc8648bf,almonds,51
5ef8b0e085fd3460fc8648bf,caramel,89
5ef8b0e085fd3460fc8648bf,ryebread,51
5ef8b0e085fd3460fc8648bf,eggrolls,64
5ef8b0e085fd3460fc8648bf,madeleine,59
5ef8b0e085fd3460fc8648bf,lindtlindorchocolatetruffle,64
5ef8b0e085fd3460fc8648bf,apple,37
5ef8b0e085fd3460fc8648bf,greenbellpepper,23
5ef8b0e085fd3460fc8648bf,boulebread,51
5ef8b0e085fd3460fc8648bf,triscuits,57
5ef8b0e085fd3460fc8648bf,slicedloafbread,44
5ef8b0e085fd3460fc8648bf,sugarcookie,75
5ef8b0e085fd3460fc8648bf,wheatthins,62
5ef8b0e085fd3460fc8648bf,orange,21
5ef8b0e085fd3460fc8648bf,peach,25
5ef8b0e085fd3460fc8648bf,ritzcracker,51
5ef8b0e085fd3460fc8648bf,plum,25
5ef8b0e085fd3460fc8648bf,butteredpopcorn,76
5ef8b0e085fd3460fc8648bf,deliturkey,59
5ef8b0e085fd3460fc8648bf,twix,65
5ef8b0e085fd3460fc8648bf,chickentenders,68
5f3441525cafc1321ef51ac0,oatmealraisincookie,25
5f3441525cafc1321ef51ac0,orange,65
5f3441525cafc1321ef51ac0,wheatthins,34
5f3441525cafc1321ef51ac0,raspberry,1
5f3441525cafc1321ef51ac0,kiwi,1
5f3441525cafc1321ef51ac0,cherry,80
5f3441525cafc1321ef51ac0,vanillawafer,1
5f3441525cafc1321ef51ac0,pocky,57
5f3441525cafc1321ef51ac0,toblerone,55
5f3441525cafc1321ef51ac0,brownie,74
5f3441525cafc1321ef51ac0,caramel,1
5f3441525cafc1321ef51ac0,greenbellpepper,12
5f3441525cafc1321ef51ac0,peanutmms,68
5f3441525cafc1321ef51ac0,thumprintcookie,50
5f3441525cafc1321ef51ac0,churro,51
5f3441525cafc1321ef51ac0,frenchfries,100
5f3441525cafc1321ef51ac0,ritzcracker,93
5f3441525cafc1321ef51ac0,potatochips,87
5f3441525cafc1321ef51ac0,meatballs,38
5f3441525cafc1321ef51ac0,vanillasoftservecone,53
5f3441525cafc1321ef51ac0,chocolateicecreamcone,47
5f3441525cafc1321ef51ac0,baguette,72
5f3441525cafc1321ef51ac0,boulebread,27
5f3441525cafc1321ef51ac0,doritos,94
5f3441525cafc1321ef51ac0,twistdonut,89
5f3441525cafc1321ef51ac0,gouda,11
5f3441525cafc1321ef51ac0,slicedloafbread,68
5f3441525cafc1321ef51ac0,chocolatebark,78
5f3441525cafc1321ef51ac0,frostedbrownie,71
5f3441525cafc1321ef51ac0,milkchocolate,85
5f3441525cafc1321ef51ac0,apple,89
5f3441525cafc1321ef51ac0,lindtlindorchocolatetruffle,83
5f3441525cafc1321ef51ac0,almonds,88
5f3441525cafc1321ef51ac0,blackberry,1
5f3441525cafc1321ef51ac0,deliturkey,88
5f3441525cafc1321ef51ac0,madeleine,59
5f3441525cafc1321ef51ac0,triscuits,50
5f3441525cafc1321ef51ac0,sugarcookie,70
5f3441525cafc1321ef51ac0,peach,83
5f3441525cafc1321ef51ac0,twix,49
5f3441525cafc1321ef51ac0,honeydewmelon,45
5f3441525cafc1321ef51ac0,chickentenders,89
5f3441525cafc1321ef51ac0,saltinecracker,88
5f3441525cafc1321ef51ac0,peanuts,34
5f3441525cafc1321ef51ac0,carrot,2
5f3441525cafc1321ef51ac0,darkchocolate,61
5f3441525cafc1321ef51ac0,tuilecookie,60
5f3441525cafc1321ef51ac0,lemoncake,73
5f3441525cafc1321ef51ac0,wavylays,100
5f3441525cafc1321ef51ac0,swisscheese,1
5f3441525cafc1321ef51ac0,tortillachips,82
5f3441525cafc1321ef51ac0,strawberryicecreamcone,21
5f3441525cafc1321ef51ac0,grape,76
5f3441525cafc1321ef51ac0,nutrigrainbar,64
5f3441525cafc1321ef51ac0,goldendeliciousapple,1
5f3441525cafc1321ef51ac0,eggrolls,70
5f3441525cafc1321ef51ac0,plum,76
5f3441525cafc1321ef51ac0,butteredpopcorn,60
5f3441525cafc1321ef51ac0,chocolatewafer,38
5f3441525cafc1321ef51ac0,ryebread,53
5f5452df72345118f58d187b,sugarcookie,65
5f5452df72345118f58d187b,saltinecracker,79
5f5452df72345118f58d187b,thumprintcookie,32
5f5452df72345118f58d187b,wavylays,76
5f5452df72345118f58d187b,raspberry,100
5f5452df72345118f58d187b,churro,47
5f5452df72345118f58d187b,slicedloafbread,47
5f5452df72345118f58d187b,caramel,86
5f5452df72345118f58d187b,vanillawafer,40
5f5452df72345118f58d187b,chocolatewafer,13
5f5452df72345118f58d187b,tortillachips,66
5f5452df72345118f58d187b,butteredpopcorn,74
5f5452df72345118f58d187b,baguette,58
5f5452df72345118f58d187b,peanuts,34
5f5452df72345118f58d187b,potatochips,76
5f5452df72345118f58d187b,chocolatebark,61
5f5452df72345118f58d187b,strawberryicecreamcone,61
5f5452df72345118f58d187b,kiwi,92
5f5452df72345118f58d187b,swisscheese,88
5f5452df72345118f58d187b,almonds,80
5f5452df72345118f58d187b,gouda,59
5f5452df72345118f58d187b,blackberry,100
5f5452df72345118f58d187b,toblerone,69
5f5452df72345118f58d187b,lemoncake,39
5f5452df72345118f58d187b,honeydewmelon,88
5f5452df72345118f58d187b,chickentenders,98
5f5452df72345118f58d187b,oatmealraisincookie,62
5f5452df72345118f58d187b,peanutmms,57
5f5452df72345118f58d187b,twix,63
5f5452df72345118f58d187b,meatballs,63
5f5452df72345118f58d187b,goldendeliciousapple,81
5f5452df72345118f58d187b,grape,65
5f5452df72345118f58d187b,doritos,78
5f5452df72345118f58d187b,frenchfries,72
5f5452df72345118f58d187b,wheatthins,66
5f5452df72345118f58d187b,milkchocolate,69
5f5452df72345118f58d187b,greenbellpepper,67
5f5452df72345118f58d187b,peach,75
5f5452df72345118f58d187b,tuilecookie,72
5f5452df72345118f58d187b,darkchocolate,70
5f5452df72345118f58d187b,nutrigrainbar,81
5f5452df72345118f58d187b,frostedbrownie,59
5f5452df72345118f58d187b,cherry,83
5f5452df72345118f58d187b,apple,67
5f5452df72345118f58d187b,lindtlindorchocolatetruffle,75
5f5452df72345118f58d187b,ritzcracker,75
5f5452df72345118f58d187b,ryebread,73
5f5452df72345118f58d187b,pocky,52
5f5452df72345118f58d187b,carrot,52
5f5452df72345118f58d187b,vanillasoftservecone,66
5f5452df72345118f58d187b,brownie,57
5f5452df72345118f58d187b,orange,62
5f5452df72345118f58d187b,boulebread,81
5f5452df72345118f58d187b,madeleine,31
5f5452df72345118f58d187b,chocolateicecreamcone,64
5f5452df72345118f58d187b,deliturkey,62
5f5452df72345118f58d187b,plum,71
5f5452df72345118f58d187b,triscuits,72
5f5452df72345118f58d187b,twistdonut,70
5f5452df72345118f58d187b,eggrolls,66
5f58d7941af44708223b94da,lindtlindorchocolatetruffle,72
5f58d7941af44708223b94da,oatmealraisincookie,84
5f58d7941af44708223b94da,slicedloafbread,74
5f58d7941af44708223b94da,frenchfries,97
5f58d7941af44708223b94da,eggrolls,62
5f58d7941af44708223b94da,tuilecookie,17
5f58d7941af44708223b94da,caramel,64
5f58d7941af44708223b94da,honeydewmelon,39
5f58d7941af44708223b94da,frostedbrownie,99
5f58d7941af44708223b94da,ritzcracker,66
5f58d7941af44708223b94da,peach,44
5f58d7941af44708223b94da,greenbellpepper,33
5f58d7941af44708223b94da,goldendeliciousapple,67
5f58d7941af44708223b94da,ryebread,88
5f58d7941af44708223b94da,doritos,77
5f58d7941af44708223b94da,kiwi,80
5f58d7941af44708223b94da,churro,43
5f58d7941af44708223b94da,raspberry,58
5f58d7941af44708223b94da,sugarcookie,69
5f58d7941af44708223b94da,wavylays,80
5f58d7941af44708223b94da,peanuts,73
5f58d7941af44708223b94da,potatochips,96
5f58d7941af44708223b94da,deliturkey,87
5f58d7941af44708223b94da,carrot,65
5f58d7941af44708223b94da,blackberry,52
5f58d7941af44708223b94da,tortillachips,68
5f58d7941af44708223b94da,strawberryicecreamcone,95
5f58d7941af44708223b94da,toblerone,80
5f58d7941af44708223b94da,almonds,65
5f58d7941af44708223b94da,gouda,77
5f58d7941af44708223b94da,orange,37
5f58d7941af44708223b94da,apple,26
5f58d7941af44708223b94da,madeleine,44
5f58d7941af44708223b94da,chickentenders,92
5f58d7941af44708223b94da,butteredpopcorn,80
5f58d7941af44708223b94da,thumprintcookie,91
5f58d7941af44708223b94da,twistdonut,87
5f58d7941af44708223b94da,plum,24
5f58d7941af44708223b94da,boulebread,87
5f58d7941af44708223b94da,swisscheese,82
5f58d7941af44708223b94da,wheatthins,86
5f58d7941af44708223b94da,chocolateicecreamcone,85
5f58d7941af44708223b94da,triscuits,58
5f58d7941af44708223b94da,lemoncake,80
5f58d7941af44708223b94da,chocolatebark,87
5f58d7941af44708223b94da,grape,63
5f58d7941af44708223b94da,pocky,42
5f58d7941af44708223b94da,cherry,63
5f58d7941af44708223b94da,baguette,88
5f58d7941af44708223b94da,vanillasoftservecone,83
5f58d7941af44708223b94da,peanutmms,89
5f58d7941af44708223b94da,meatballs,76
5f58d7941af44708223b94da,chocolatewafer,77
5f58d7941af44708223b94da,vanillawafer,87
5f58d7941af44708223b94da,nutrigrainbar,44
5f58d7941af44708223b94da,darkchocolate,51
5f58d7941af44708223b94da,brownie,75
5f58d7941af44708223b94da,milkchocolate,86
5f58d7941af44708223b94da,twix,75
5f58d7941af44708223b94da,saltinecracker,73
5fbd057ea95c7102638685d5,greenbellpepper,3
5fbd057ea95c7102638685d5,doritos,40
5fbd057ea95c7102638685d5,orange,50
5fbd057ea95c7102638685d5,nutrigrainbar,23
5fbd057ea95c7102638685d5,frenchfries,94
5fbd057ea95c7102638685d5,vanillawafer,7
5fbd057ea95c7102638685d5,slicedloafbread,7
5fbd057ea95c7102638685d5,baguette,6
5fbd057ea95c7102638685d5,saltinecracker,3
5fbd057ea95c7102638685d5,twistdonut,22
5fbd057ea95c7102638685d5,raspberry,8
5fbd057ea95c7102638685d5,peanutmms,88
5fbd057ea95c7102638685d5,wheatthins,7
5fbd057ea95c7102638685d5,deliturkey,51
5fbd057ea95c7102638685d5,thumprintcookie,50
5fbd057ea95c7102638685d5,milkchocolate,79
5fbd057ea95c7102638685d5,honeydewmelon,55
5fbd057ea95c7102638685d5,tortillachips,54
5fbd057ea95c7102638685d5,darkchocolate,87
5fbd057ea95c7102638685d5,chickentenders,67
5fbd057ea95c7102638685d5,twix,62
5fbd057ea95c7102638685d5,kiwi,1
5fbd057ea95c7102638685d5,goldendeliciousapple,18
5fbd057ea95c7102638685d5,chocolatebark,77
5fbd057ea95c7102638685d5,carrot,4
5fbd057ea95c7102638685d5,chocolateicecreamcone,96
5fbd057ea95c7102638685d5,cherry,1
5fbd057ea95c7102638685d5,vanillasoftservecone,90
5fbd057ea95c7102638685d5,triscuits,14
5fbd057ea95c7102638685d5,peach,1
5fbd057ea95c7102638685d5,toblerone,97
5fbd057ea95c7102638685d5,wavylays,98
5fbd057ea95c7102638685d5,brownie,98
5fbd057ea95c7102638685d5,apple,51
5fbd057ea95c7102638685d5,meatballs,4
5fbd057ea95c7102638685d5,tuilecookie,9
5fbd057ea95c7102638685d5,eggrolls,100
5fbd057ea95c7102638685d5,chocolatewafer,6
5fbd057ea95c7102638685d5,caramel,50
5fbd057ea95c7102638685d5,gouda,98
5fbd057ea95c7102638685d5,frostedbrownie,99
5fbd057ea95c7102638685d5,pocky,7
5fbd057ea95c7102638685d5,swisscheese,52
5fbd057ea95c7102638685d5,ritzcracker,15
5fbd057ea95c7102638685d5,boulebread,11
5fbd057ea95c7102638685d5,lemoncake,51
5fbd057ea95c7102638685d5,grape,62
5fbd057ea95c7102638685d5,sugarcookie,50
5fbd057ea95c7102638685d5,strawberryicecreamcone,81
5fbd057ea95c7102638685d5,almonds,82
5fbd057ea95c7102638685d5,blackberry,50
5fbd057ea95c7102638685d5,churro,5
5fbd057ea95c7102638685d5,plum,1
5fbd057ea95c7102638685d5,ryebread,10
5fbd057ea95c7102638685d5,butteredpopcorn,51
5fbd057ea95c7102638685d5,potatochips,97
5fbd057ea95c7102638685d5,oatmealraisincookie,76
5fbd057ea95c7102638685d5,lindtlindorchocolatetruffle,69
5fbd057ea95c7102638685d5,peanuts,68
5fbd057ea95c7102638685d5,madeleine,9
5fc98fe1b105424d4b03381b,vanillasoftservecone,98
5fc98fe1b105424d4b03381b,peach,89
5fc98fe1b105424d4b03381b,ryebread,25
5fc98fe1b105424d4b03381b,lindtlindorchocolatetruffle,75
5fc98fe1b105424d4b03381b,grape,82
5fc98fe1b105424d4b03381b,ritzcracker,77
5fc98fe1b105424d4b03381b,saltinecracker,89
5fc98fe1b105424d4b03381b,chocolatebark,30
5fc98fe1b105424d4b03381b,darkchocolate,33
5fc98fe1b105424d4b03381b,blackberry,95
5fc98fe1b105424d4b03381b,churro,51
5fc98fe1b105424d4b03381b,twistdonut,79
5fc98fe1b105424d4b03381b,plum,62
5fc98fe1b105424d4b03381b,gouda,77
5fc98fe1b105424d4b03381b,brownie,63
5fc98fe1b105424d4b03381b,chocolatewafer,65
5fc98fe1b105424d4b03381b,thumprintcookie,55
5fc98fe1b105424d4b03381b,peanuts,60
5fc98fe1b105424d4b03381b,twix,86
5fc98fe1b105424d4b03381b,tortillachips,54
5fc98fe1b105424d4b03381b,honeydewmelon,83
5fc98fe1b105424d4b03381b,potatochips,77
5fc98fe1b105424d4b03381b,cherry,100
5fc98fe1b105424d4b03381b,pocky,34
5fc98fe1b105424d4b03381b,frostedbrownie,61
5fc98fe1b105424d4b03381b,frenchfries,85
5fc98fe1b105424d4b03381b,milkchocolate,94
5fc98fe1b105424d4b03381b,butteredpopcorn,90
5fc98fe1b105424d4b03381b,meatballs,33
5fc98fe1b105424d4b03381b,peanutmms,93
5fc98fe1b105424d4b03381b,apple,60
5fc98fe1b105424d4b03381b,toblerone,77
5fc98fe1b105424d4b03381b,wavylays,85
5fc98fe1b105424d4b03381b,doritos,89
5fc98fe1b105424d4b03381b,sugarcookie,32
5fc98fe1b105424d4b03381b,swisscheese,7
5fc98fe1b105424d4b03381b,baguette,19
5fc98fe1b105424d4b03381b,madeleine,45
5fc98fe1b105424d4b03381b,triscuits,60
5fc98fe1b105424d4b03381b,oatmealraisincookie,59
5fc98fe1b105424d4b03381b,almonds,70
5fc98fe1b105424d4b03381b,wheatthins,62
5fc98fe1b105424d4b03381b,orange,64
5fc98fe1b105424d4b03381b,tuilecookie,51
5fc98fe1b105424d4b03381b,deliturkey,58
5fc98fe1b105424d4b03381b,greenbellpepper,16
5fc98fe1b105424d4b03381b,nutrigrainbar,25
5fc98fe1b105424d4b03381b,strawberryicecreamcone,100
5fc98fe1b105424d4b03381b,eggrolls,38
5fc98fe1b105424d4b03381b,caramel,80
5fc98fe1b105424d4b03381b,slicedloafbread,28
5fc98fe1b105424d4b03381b,raspberry,100
5fc98fe1b105424d4b03381b,goldendeliciousapple,63
5fc98fe1b105424d4b03381b,carrot,29
5fc98fe1b105424d4b03381b,vanillawafer,96
5fc98fe1b105424d4b03381b,chocolateicecreamcone,100
5fc98fe1b105424d4b03381b,kiwi,81
5fc98fe1b105424d4b03381b,chickentenders,82
5fc98fe1b105424d4b03381b,lemoncake,49
5fc98fe1b105424d4b03381b,boulebread,29
6030410afc65e0e87a56079c,peach,75
6030410afc65e0e87a56079c,vanillasoftservecone,41
6030410afc65e0e87a56079c,thumprintcookie,4
6030410afc65e0e87a56079c,toblerone,19
6030410afc65e0e87a56079c,carrot,96
6030410afc65e0e87a56079c,brownie,100
6030410afc65e0e87a56079c,deliturkey,63
6030410afc65e0e87a56079c,boulebread,92
6030410afc65e0e87a56079c,raspberry,100
6030410afc65e0e87a56079c,meatballs,54
6030410afc65e0e87a56079c,frenchfries,70
6030410afc65e0e87a56079c,triscuits,1
6030410afc65e0e87a56079c,twistdonut,25
6030410afc65e0e87a56079c,strawberryicecreamcone,33
6030410afc65e0e87a56079c,vanillawafer,1
6030410afc65e0e87a56079c,darkchocolate,93
6030410afc65e0e87a56079c,caramel,3
6030410afc65e0e87a56079c,tuilecookie,1
6030410afc65e0e87a56079c,honeydewmelon,1
6030410afc65e0e87a56079c,almonds,68
6030410afc65e0e87a56079c,tortillachips,59
6030410afc65e0e87a56079c,saltinecracker,15
6030410afc65e0e87a56079c,frostedbrownie,100
6030410afc65e0e87a56079c,blackberry,80
6030410afc65e0e87a56079c,peanuts,59
6030410afc65e0e87a56079c,peanutmms,66
6030410afc65e0e87a56079c,chickentenders,86
6030410afc65e0e87a56079c,lindtlindorchocolatetruffle,45
6030410afc65e0e87a56079c,twix,83
6030410afc65e0e87a56079c,chocolatebark,21
6030410afc65e0e87a56079c,kiwi,19
6030410afc65e0e87a56079c,eggrolls,1
6030410afc65e0e87a56079c,grape,95
6030410afc65e0e87a56079c,ryebread,37
6030410afc65e0e87a56079c,doritos,72
6030410afc65e0e87a56079c,wheatthins,7
6030410afc65e0e87a56079c,nutrigrainbar,1
6030410afc65e0e87a56079c,oatmealraisincookie,84
6030410afc65e0e87a56079c,orange,53
6030410afc65e0e87a56079c,chocolateicecreamcone,98
6030410afc65e0e87a56079c,butteredpopcorn,78
6030410afc65e0e87a56079c,sugarcookie,22
6030410afc65e0e87a56079c,wavylays,69
6030410afc65e0e87a56079c,ritzcracker,32
6030410afc65e0e87a56079c,apple,85
6030410afc65e0e87a56079c,greenbellpepper,59
6030410afc65e0e87a56079c,cherry,19
6030410afc65e0e87a56079c,churro,13
6030410afc65e0e87a56079c,milkchocolate,88
6030410afc65e0e87a56079c,slicedloafbread,65
6030410afc65e0e87a56079c,plum,78
6030410afc65e0e87a56079c,swisscheese,46
6030410afc65e0e87a56079c,chocolatewafer,21
6030410afc65e0e87a56079c,potatochips,88
6030410afc65e0e87a56079c,pocky,56
6030410afc65e0e87a56079c,baguette,55
6030410afc65e0e87a56079c,madeleine,10
6030410afc65e0e87a56079c,goldendeliciousapple,53
6030410afc65e0e87a56079c,gouda,6
6030410afc65e0e87a56079c,lemoncake,1
607f7f18d84d010ea2cd8664,swisscheese,94
607f7f18d84d010ea2cd8664,wheatthins,67
607f7f18d84d010ea2cd8664,toblerone,94
607f7f18d84d010ea2cd8664,slicedloafbread,96
607f7f18d84d010ea2cd8664,chickentenders,100
607f7f18d84d010ea2cd8664,caramel,100
607f7f18d84d010ea2cd8664,milkchocolate,95
607f7f18d84d010ea2cd8664,carrot,87
607f7f18d84d010ea2cd8664,churro,100
607f7f18d84d010ea2cd8664,boulebread,100
607f7f18d84d010ea2cd8664,saltinecracker,100
607f7f18d84d010ea2cd8664,twistdonut,96
607f7f18d84d010ea2cd8664,pocky,1
607f7f18d84d010ea2cd8664,honeydewmelon,82
607f7f18d84d010ea2cd8664,grape,94
607f7f18d84d010ea2cd8664,frenchfries,99
607f7f18d84d010ea2cd8664,peanuts,81
607f7f18d84d010ea2cd8664,twix,77
607f7f18d84d010ea2cd8664,kiwi,100
607f7f18d84d010ea2cd8664,blackberry,96
607f7f18d84d010ea2cd8664,baguette,87
607f7f18d84d010ea2cd8664,peach,100
607f7f18d84d010ea2cd8664,chocolatewafer,1
607f7f18d84d010ea2cd8664,plum,100
607f7f18d84d010ea2cd8664,frostedbrownie,100
607f7f18d84d010ea2cd8664,chocolateicecreamcone,1
607f7f18d84d010ea2cd8664,triscuits,1
607f7f18d84d010ea2cd8664,greenbellpepper,52
607f7f18d84d010ea2cd8664,strawberryicecreamcone,1
607f7f18d84d010ea2cd8664,goldendeliciousapple,80
607f7f18d84d010ea2cd8664,vanillawafer,1
607f7f18d84d010ea2cd8664,lindtlindorchocolatetruffle,1
607f7f18d84d010ea2cd8664,gouda,1
607f7f18d84d010ea2cd8664,oatmealraisincookie,92
607f7f18d84d010ea2cd8664,thumprintcookie,1
607f7f18d84d010ea2cd8664,wavylays,93
607f7f18d84d010ea2cd8664,butteredpopcorn,100
607f7f18d84d010ea2cd8664,tortillachips,90
607f7f18d84d010ea2cd8664,apple,95
607f7f18d84d010ea2cd8664,peanutmms,1
607f7f18d84d010ea2cd8664,ritzcracker,66
607f7f18d84d010ea2cd8664,eggrolls,50
607f7f18d84d010ea2cd8664,chocolatebark,1
607f7f18d84d010ea2cd8664,tuilecookie,46
607f7f18d84d010ea2cd8664,orange,92
607f7f18d84d010ea2cd8664,madeleine,1
607f7f18d84d010ea2cd8664,deliturkey,100
607f7f18d84d010ea2cd8664,ryebread,95
607f7f18d84d010ea2cd8664,doritos,12
607f7f18d84d010ea2cd8664,lemoncake,54
607f7f18d84d010ea2cd8664,cherry,95
607f7f18d84d010ea2cd8664,darkchocolate,1
607f7f18d84d010ea2cd8664,sugarcookie,100
607f7f18d84d010ea2cd8664,vanillasoftservecone,100
607f7f18d84d010ea2cd8664,nutrigrainbar,32
607f7f18d84d010ea2cd8664,brownie,100
607f7f18d84d010ea2cd8664,almonds,1
607f7f18d84d010ea2cd8664,meatballs,50
607f7f18d84d010ea2cd8664,potatochips,98
607f7f18d84d010ea2cd8664,raspberry,87
6088c08b5db0d7af3daf4b69,sugarcookie,51
6088c08b5db0d7af3daf4b69,eggrolls,100
6088c08b5db0d7af3daf4b69,orange,100
6088c08b5db0d7af3daf4b69,chocolatewafer,100
6088c08b5db0d7af3daf4b69,ritzcracker,100
6088c08b5db0d7af3daf4b69,vanillawafer,100
6088c08b5db0d7af3daf4b69,deliturkey,100
6088c08b5db0d7af3daf4b69,churro,100
6088c08b5db0d7af3daf4b69,lemoncake,85
6088c08b5db0d7af3daf4b69,baguette,47
6088c08b5db0d7af3daf4b69,saltinecracker,100
6088c08b5db0d7af3daf4b69,caramel,80
6088c08b5db0d7af3daf4b69,twix,100
6088c08b5db0d7af3daf4b69,cherry,100
6088c08b5db0d7af3daf4b69,chocolatebark,100
6088c08b5db0d7af3daf4b69,vanillasoftservecone,100
6088c08b5db0d7af3daf4b69,toblerone,100
6088c08b5db0d7af3daf4b69,oatmealraisincookie,100
6088c08b5db0d7af3daf4b69,carrot,84
6088c08b5db0d7af3daf4b69,slicedloafbread,73
6088c08b5db0d7af3daf4b69,lindtlindorchocolatetruffle,100
6088c08b5db0d7af3daf4b69,honeydewmelon,44
6088c08b5db0d7af3daf4b69,thumprintcookie,100
6088c08b5db0d7af3daf4b69,greenbellpepper,100
6088c08b5db0d7af3daf4b69,peach,100
6088c08b5db0d7af3daf4b69,brownie,100
6088c08b5db0d7af3daf4b69,doritos,100
6088c08b5db0d7af3daf4b69,ryebread,51
6088c08b5db0d7af3daf4b69,peanuts,100
6088c08b5db0d7af3daf4b69,potatochips,100
6088c08b5db0d7af3daf4b69,boulebread,99
6088c08b5db0d7af3daf4b69,twistdonut,100
6088c08b5db0d7af3daf4b69,madeleine,88
6088c08b5db0d7af3daf4b69,butteredpopcorn,78
6088c08b5db0d7af3daf4b69,meatballs,100
6088c08b5db0d7af3daf4b69,tortillachips,100
6088c08b5db0d7af3daf4b69,goldendeliciousapple,100
6088c08b5db0d7af3daf4b69,chocolateicecreamcone,100
6088c08b5db0d7af3daf4b69,swisscheese,100
6088c08b5db0d7af3daf4b69,tuilecookie,100
6088c08b5db0d7af3daf4b69,wheatthins,100
6088c08b5db0d7af3daf4b69,triscuits,100
6088c08b5db0d7af3daf4b69,pocky,100
6088c08b5db0d7af3daf4b69,peanutmms,100
6088c08b5db0d7af3daf4b69,kiwi,100
6088c08b5db0d7af3daf4b69,gouda,29
6088c08b5db0d7af3daf4b69,nutrigrainbar,82
6088c08b5db0d7af3daf4b69,blackberry,100
6088c08b5db0d7af3daf4b69,strawberryicecreamcone,100
6088c08b5db0d7af3daf4b69,grape,100
6088c08b5db0d7af3daf4b69,wavylays,100
6088c08b5db0d7af3daf4b69,darkchocolate,100
6088c08b5db0d7af3daf4b69,milkchocolate,100
6088c08b5db0d7af3daf4b69,plum,100
6088c08b5db0d7af3daf4b69,frostedbrownie,100
6088c08b5db0d7af3daf4b69,almonds,100
6088c08b5db0d7af3daf4b69,chickentenders,100
6088c08b5db0d7af3daf4b69,raspberry,100
6088c08b5db0d7af3daf4b69,frenchfries,100
6088c08b5db0d7af3daf4b69,apple,100
60bea2bb524295b306830645,darkchocolate,100
60bea2bb524295b306830645,caramel,49
60bea2bb524295b306830645,baguette,99
60bea2bb524295b306830645,twix,17
60bea2bb524295b306830645,peanutmms,15
60bea2bb524295b306830645,strawberryicecreamcone,9
60bea2bb524295b306830645,wheatthins,77
60bea2bb524295b306830645,potatochips,100
60bea2bb524295b306830645,plum,1
60bea2bb524295b306830645,twistdonut,100
60bea2bb524295b306830645,goldendeliciousapple,100
60bea2bb524295b306830645,doritos,51
60bea2bb524295b306830645,ritzcracker,50
60bea2bb524295b306830645,frenchfries,79
60bea2bb524295b306830645,meatballs,10
60bea2bb524295b306830645,chocolateicecreamcone,1
60bea2bb524295b306830645,thumprintcookie,100
60bea2bb524295b306830645,lindtlindorchocolatetruffle,100
60bea2bb524295b306830645,vanillasoftservecone,1
60bea2bb524295b306830645,greenbellpepper,51
60bea2bb524295b306830645,tuilecookie,1
60bea2bb524295b306830645,wavylays,100
60bea2bb524295b306830645,madeleine,70
60bea2bb524295b306830645,vanillawafer,26
60bea2bb524295b306830645,deliturkey,49
60bea2bb524295b306830645,butteredpopcorn,87
60bea2bb524295b306830645,chocolatebark,71
60bea2bb524295b306830645,grape,57
60bea2bb524295b306830645,frostedbrownie,94
60bea2bb524295b306830645,toblerone,1
60bea2bb524295b306830645,chickentenders,100
60bea2bb524295b306830645,almonds,100
60bea2bb524295b306830645,eggrolls,100
60bea2bb524295b306830645,peanuts,30
60bea2bb524295b306830645,honeydewmelon,54
60bea2bb524295b306830645,nutrigrainbar,1
60bea2bb524295b306830645,gouda,78
60bea2bb524295b306830645,saltinecracker,70
60bea2bb524295b306830645,chocolatewafer,6
60bea2bb524295b306830645,triscuits,9
60bea2bb524295b306830645,boulebread,54
60bea2bb524295b306830645,apple,100
60bea2bb524295b306830645,cherry,58
60bea2bb524295b306830645,slicedloafbread,78
60bea2bb524295b306830645,oatmealraisincookie,30
60bea2bb524295b306830645,carrot,78
60bea2bb524295b306830645,ryebread,77
60bea2bb524295b306830645,kiwi,77
60bea2bb524295b306830645,raspberry,64
60bea2bb524295b306830645,milkchocolate,48
60bea2bb524295b306830645,pocky,100
60bea2bb524295b306830645,peach,88
60bea2bb524295b306830645,churro,71
60bea2bb524295b306830645,lemoncake,75
60bea2bb524295b306830645,tortillachips,81
60bea2bb524295b306830645,sugarcookie,75
60bea2bb524295b306830645,brownie,100
60bea2bb524295b306830645,orange,100
60bea2bb524295b306830645,blackberry,1
60bea2bb524295b306830645,swisscheese,49
60fb534aa3d839c152fa8f36,ritzcracker,49
60fb534aa3d839c152fa8f36,ryebread,45
60fb534aa3d839c152fa8f36,churro,61
60fb534aa3d839c152fa8f36,milkchocolate,36
60fb534aa3d839c152fa8f36,orange,85
60fb534aa3d839c152fa8f36,butteredpopcorn,34
60fb534aa3d839c152fa8f36,eggrolls,38
60fb534aa3d839c152fa8f36,chickentenders,54
60fb534aa3d839c152fa8f36,peanutmms,45
60fb534aa3d839c152fa8f36,madeleine,65
60fb534aa3d839c152fa8f36,doritos,39
60fb534aa3d839c152fa8f36,caramel,24
60fb534aa3d839c152fa8f36,toblerone,61
60fb534aa3d839c152fa8f36,oatmealraisincookie,20
60fb534aa3d839c152fa8f36,boulebread,37
60fb534aa3d839c152fa8f36,peanuts,46
60fb534aa3d839c152fa8f36,saltinecracker,37
60fb534aa3d839c152fa8f36,wavylays,71
60fb534aa3d839c152fa8f36,slicedloafbread,10
60fb534aa3d839c152fa8f36,brownie,26
60fb534aa3d839c152fa8f36,greenbellpepper,36
60fb534aa3d839c152fa8f36,cherry,73
60fb534aa3d839c152fa8f36,chocolatewafer,32
60fb534aa3d839c152fa8f36,swisscheese,34
60fb534aa3d839c152fa8f36,raspberry,33
60fb534aa3d839c152fa8f36,nutrigrainbar,27
60fb534aa3d839c152fa8f36,strawberryicecreamcone,36
60fb534aa3d839c152fa8f36,potatochips,41
60fb534aa3d839c152fa8f36,deliturkey,55
60fb534aa3d839c152fa8f36,chocolateicecreamcone,46
60fb534aa3d839c152fa8f36,meatballs,29
60fb534aa3d839c152fa8f36,thumprintcookie,28
60fb534aa3d839c152fa8f36,goldendeliciousapple,49
60fb534aa3d839c152fa8f36,carrot,42
60fb534aa3d839c152fa8f36,lemoncake,25
60fb534aa3d839c152fa8f36,wheatthins,50
60fb534aa3d839c152fa8f36,twix,55
60fb534aa3d839c152fa8f36,darkchocolate,36
60fb534aa3d839c152fa8f36,triscuits,45
60fb534aa3d839c152fa8f36,almonds,47
60fb534aa3d839c152fa8f36,blackberry,59
60fb534aa3d839c152fa8f36,chocolatebark,40
60fb534aa3d839c152fa8f36,plum,61
60fb534aa3d839c152fa8f36,honeydewmelon,62
60fb534aa3d839c152fa8f36,apple,61
60fb534aa3d839c152fa8f36,baguette,17
60fb534aa3d839c152fa8f36,sugarcookie,44
60fb534aa3d839c152fa8f36,grape,70
60fb534aa3d839c152fa8f36,tortillachips,61
60fb534aa3d839c152fa8f36,twistdonut,26
60fb534aa3d839c152fa8f36,lindtlindorchocolatetruffle,32
60fb534aa3d839c152fa8f36,vanillawafer,32
60fb534aa3d839c152fa8f36,frenchfries,79
60fb534aa3d839c152fa8f36,kiwi,64
60fb534aa3d839c152fa8f36,tuilecookie,34
60fb534aa3d839c152fa8f36,pocky,37
60fb534aa3d839c152fa8f36,frostedbrownie,33
60fb534aa3d839c152fa8f36,peach,66
60fb534aa3d839c152fa8f36,gouda,33
60fb534aa3d839c152fa8f36,vanillasoftservecone,54
6111234ac8cfa49e38acbfb4,goldendeliciousapple,80
6111234ac8cfa49e38acbfb4,tortillachips,1
6111234ac8cfa49e38acbfb4,potatochips,52
6111234ac8cfa49e38acbfb4,doritos,1
6111234ac8cfa49e38acbfb4,triscuits,1
6111234ac8cfa49e38acbfb4,almonds,26
6111234ac8cfa49e38acbfb4,swisscheese,73
6111234ac8cfa49e38acbfb4,baguette,52
6111234ac8cfa49e38acbfb4,butteredpopcorn,51
6111234ac8cfa49e38acbfb4,wheatthins,73
6111234ac8cfa49e38acbfb4,chocolatebark,100
6111234ac8cfa49e38acbfb4,boulebread,51
6111234ac8cfa49e38acbfb4,vanillawafer,76
6111234ac8cfa49e38acbfb4,caramel,1
6111234ac8cfa49e38acbfb4,slicedloafbread,19
6111234ac8cfa49e38acbfb4,gouda,1
6111234ac8cfa49e38acbfb4,deliturkey,24
6111234ac8cfa49e38acbfb4,saltinecracker,83
6111234ac8cfa49e38acbfb4,lindtlindorchocolatetruffle,51
6111234ac8cfa49e38acbfb4,thumprintcookie,1
6111234ac8cfa49e38acbfb4,strawberryicecreamcone,50
6111234ac8cfa49e38acbfb4,ryebread,19
6111234ac8cfa49e38acbfb4,cherry,1
6111234ac8cfa49e38acbfb4,apple,100
6111234ac8cfa49e38acbfb4,frostedbrownie,85
6111234ac8cfa49e38acbfb4,grape,100
6111234ac8cfa49e38acbfb4,raspberry,20
6111234ac8cfa49e38acbfb4,plum,14
6111234ac8cfa49e38acbfb4,churro,76
6111234ac8cfa49e38acbfb4,frenchfries,100
6111234ac8cfa49e38acbfb4,vanillasoftservecone,50
6111234ac8cfa49e38acbfb4,nutrigrainbar,1
6111234ac8cfa49e38acbfb4,honeydewmelon,100
6111234ac8cfa49e38acbfb4,oatmealraisincookie,81
6111234ac8cfa49e38acbfb4,toblerone,50
6111234ac8cfa49e38acbfb4,chocolatewafer,18
6111234ac8cfa49e38acbfb4,madeleine,50
6111234ac8cfa49e38acbfb4,brownie,74
6111234ac8cfa49e38acbfb4,greenbellpepper,49
6111234ac8cfa49e38acbfb4,ritzcracker,87
6111234ac8cfa49e38acbfb4,twix,53
6111234ac8cfa49e38acbfb4,tuilecookie,83
6111234ac8cfa49e38acbfb4,peach,1
6111234ac8cfa49e38acbfb4,chocolateicecreamcone,1
6111234ac8cfa49e38acbfb4,blackberry,1
6111234ac8cfa49e38acbfb4,lemoncake,51
6111234ac8cfa49e38acbfb4,milkchocolate,50
6111234ac8cfa49e38acbfb4,wavylays,80
6111234ac8cfa49e38acbfb4,darkchocolate,51
6111234ac8cfa49e38acbfb4,chickentenders,85
6111234ac8cfa49e38acbfb4,peanutmms,84
6111234ac8cfa49e38acbfb4,carrot,50
6111234ac8cfa49e38acbfb4,eggrolls,12
6111234ac8cfa49e38acbfb4,peanuts,83
6111234ac8cfa49e38acbfb4,meatballs,51
6111234ac8cfa49e38acbfb4,kiwi,14
6111234ac8cfa49e38acbfb4,twistdonut,87
6111234ac8cfa49e38acbfb4,sugarcookie,85
6111234ac8cfa49e38acbfb4,orange,85
6111234ac8cfa49e38acbfb4,pocky,50
61fa943b5719bc09cb834ebb,boulebread,1
61fa943b5719bc09cb834ebb,strawberryicecreamcone,100
61fa943b5719bc09cb834ebb,swisscheese,92
61fa943b5719bc09cb834ebb,thumprintcookie,67
61fa943b5719bc09cb834ebb,cherry,77
61fa943b5719bc09cb834ebb,eggrolls,51
61fa943b5719bc09cb834ebb,chickentenders,100
61fa943b5719bc09cb834ebb,lindtlindorchocolatetruffle,88
61fa943b5719bc09cb834ebb,raspberry,17
61fa943b5719bc09cb834ebb,vanillawafer,80
61fa943b5719bc09cb834ebb,wheatthins,52
61fa943b5719bc09cb834ebb,apple,78
61fa943b5719bc09cb834ebb,ritzcracker,84
61fa943b5719bc09cb834ebb,greenbellpepper,65
61fa943b5719bc09cb834ebb,gouda,58
61fa943b5719bc09cb834ebb,doritos,57
61fa943b5719bc09cb834ebb,nutrigrainbar,64
61fa943b5719bc09cb834ebb,churro,10
61fa943b5719bc09cb834ebb,slicedloafbread,38
61fa943b5719bc09cb834ebb,tortillachips,16
61fa943b5719bc09cb834ebb,frostedbrownie,40
61fa943b5719bc09cb834ebb,toblerone,19
61fa943b5719bc09cb834ebb,saltinecracker,28
61fa943b5719bc09cb834ebb,goldendeliciousapple,61
61fa943b5719bc09cb834ebb,grape,74
61fa943b5719bc09cb834ebb,milkchocolate,62
61fa943b5719bc09cb834ebb,twix,85
61fa943b5719bc09cb834ebb,oatmealraisincookie,55
61fa943b5719bc09cb834ebb,peach,72
61fa943b5719bc09cb834ebb,tuilecookie,34
61fa943b5719bc09cb834ebb,triscuits,3
61fa943b5719bc09cb834ebb,peanuts,40
61fa943b5719bc09cb834ebb,orange,69
61fa943b5719bc09cb834ebb,deliturkey,96
61fa943b5719bc09cb834ebb,vanillasoftservecone,100
61fa943b5719bc09cb834ebb,chocolateicecreamcone,70
61fa943b5719bc09cb834ebb,chocolatebark,47
61fa943b5719bc09cb834ebb,caramel,45
61fa943b5719bc09cb834ebb,peanutmms,73
61fa943b5719bc09cb834ebb,kiwi,94
61fa943b5719bc09cb834ebb,chocolatewafer,64
61fa943b5719bc09cb834ebb,honeydewmelon,68
61fa943b5719bc09cb834ebb,potatochips,96
61fa943b5719bc09cb834ebb,twistdonut,22
61fa943b5719bc09cb834ebb,carrot,51
61fa943b5719bc09cb834ebb,butteredpopcorn,37
61fa943b5719bc09cb834ebb,meatballs,53
61fa943b5719bc09cb834ebb,blackberry,84
61fa943b5719bc09cb834ebb,almonds,46
61fa943b5719bc09cb834ebb,plum,70
61fa943b5719bc09cb834ebb,baguette,41
61fa943b5719bc09cb834ebb,brownie,49
61fa943b5719bc09cb834ebb,ryebread,44
61fa943b5719bc09cb834ebb,madeleine,50
61fa943b5719bc09cb834ebb,sugarcookie,42
61fa943b5719bc09cb834ebb,pocky,2
61fa943b5719bc09cb834ebb,lemoncake,77
61fa943b5719bc09cb834ebb,frenchfries,78
61fa943b5719bc09cb834ebb,wavylays,57
61fa943b5719bc09cb834ebb,darkchocolate,63
6228f5506248f4f80a39008a,slicedloafbread,19
6228f5506248f4f80a39008a,chocolateicecreamcone,88
6228f5506248f4f80a39008a,nutrigrainbar,4
6228f5506248f4f80a39008a,baguette,49
6228f5506248f4f80a39008a,twix,86
6228f5506248f4f80a39008a,butteredpopcorn,54
6228f5506248f4f80a39008a,gouda,78
6228f5506248f4f80a39008a,chocolatewafer,81
6228f5506248f4f80a39008a,lemoncake,56
6228f5506248f4f80a39008a,swisscheese,75
6228f5506248f4f80a39008a,vanillawafer,81
6228f5506248f4f80a39008a,wheatthins,53
6228f5506248f4f80a39008a,churro,15
6228f5506248f4f80a39008a,frenchfries,57
6228f5506248f4f80a39008a,pocky,64
6228f5506248f4f80a39008a,orange,72
6228f5506248f4f80a39008a,peanuts,84
6228f5506248f4f80a39008a,honeydewmelon,56
6228f5506248f4f80a39008a,vanillasoftservecone,83
6228f5506248f4f80a39008a,eggrolls,23
6228f5506248f4f80a39008a,potatochips,90
6228f5506248f4f80a39008a,cherry,81
6228f5506248f4f80a39008a,darkchocolate,86
6228f5506248f4f80a39008a,peach,78
6228f5506248f4f80a39008a,plum,80
6228f5506248f4f80a39008a,blackberry,78
6228f5506248f4f80a39008a,almonds,74
6228f5506248f4f80a39008a,boulebread,30
6228f5506248f4f80a39008a,toblerone,76
6228f5506248f4f80a39008a,kiwi,55
6228f5506248f4f80a39008a,madeleine,38
6228f5506248f4f80a39008a,brownie,56
6228f5506248f4f80a39008a,triscuits,85
6228f5506248f4f80a39008a,greenbellpepper,62
6228f5506248f4f80a39008a,tuilecookie,66
6228f5506248f4f80a39008a,grape,90
6228f5506248f4f80a39008a,meatballs,38
6228f5506248f4f80a39008a,carrot,93
6228f5506248f4f80a39008a,tortillachips,70
6228f5506248f4f80a39008a,chocolatebark,100
6228f5506248f4f80a39008a,caramel,74
6228f5506248f4f80a39008a,strawberryicecreamcone,56
6228f5506248f4f80a39008a,oatmealraisincookie,74
6228f5506248f4f80a39008a,milkchocolate,78
6228f5506248f4f80a39008a,doritos,71
6228f5506248f4f80a39008a,ryebread,41
6228f5506248f4f80a39008a,ritzcracker,83
6228f5506248f4f80a39008a,chickentenders,87
6228f5506248f4f80a39008a,raspberry,54
6228f5506248f4f80a39008a,twistdonut,29
6228f5506248f4f80a39008a,sugarcookie,78
6228f5506248f4f80a39008a,saltinecracker,74
6228f5506248f4f80a39008a,peanutmms,80
6228f5506248f4f80a39008a,frostedbrownie,70
6228f5506248f4f80a39008a,thumprintcookie,39
6228f5506248f4f80a39008a,wavylays,65
6228f5506248f4f80a39008a,lindtlindorchocolatetruffle,66
6228f5506248f4f80a39008a,deliturkey,78
6228f5506248f4f80a39008a,apple,76
6228f5506248f4f80a39008a,goldendeliciousapple,72
62676456c3035c8461935d31,vanillawafer,1
62676456c3035c8461935d31,almonds,100
62676456c3035c8461935d31,churro,50
62676456c3035c8461935d31,pocky,1
62676456c3035c8461935d31,raspberry,100
62676456c3035c8461935d31,wheatthins,49
62676456c3035c8461935d31,vanillasoftservecone,1
62676456c3035c8461935d31,frenchfries,52
62676456c3035c8461935d31,lindtlindorchocolatetruffle,49
62676456c3035c8461935d31,doritos,50
62676456c3035c8461935d31,darkchocolate,49
62676456c3035c8461935d31,oatmealraisincookie,1
62676456c3035c8461935d31,apple,50
62676456c3035c8461935d31,swisscheese,1
62676456c3035c8461935d31,kiwi,100
62676456c3035c8461935d31,carrot,49
62676456c3035c8461935d31,twix,1
62676456c3035c8461935d31,milkchocolate,51
62676456c3035c8461935d31,gouda,50
62676456c3035c8461935d31,slicedloafbread,1
62676456c3035c8461935d31,peanuts,1
62676456c3035c8461935d31,honeydewmelon,1
62676456c3035c8461935d31,nutrigrainbar,100
62676456c3035c8461935d31,orange,100
62676456c3035c8461935d31,lemoncake,1
62676456c3035c8461935d31,blackberry,100
62676456c3035c8461935d31,frostedbrownie,1
62676456c3035c8461935d31,madeleine,1
62676456c3035c8461935d31,meatballs,52
62676456c3035c8461935d31,strawberryicecreamcone,1
62676456c3035c8461935d31,tortillachips,1
62676456c3035c8461935d31,goldendeliciousapple,100
62676456c3035c8461935d31,boulebread,1
62676456c3035c8461935d31,chocolatebark,1
62676456c3035c8461935d31,peach,100
62676456c3035c8461935d31,potatochips,49
62676456c3035c8461935d31,chocolateicecreamcone,1
62676456c3035c8461935d31,plum,100
62676456c3035c8461935d31,peanutmms,51
62676456c3035c8461935d31,thumprintcookie,1
62676456c3035c8461935d31,twistdonut,51
62676456c3035c8461935d31,eggrolls,100
62676456c3035c8461935d31,brownie,1
62676456c3035c8461935d31,baguette,1
62676456c3035c8461935d31,wavylays,50
62676456c3035c8461935d31,sugarcookie,1
62676456c3035c8461935d31,greenbellpepper,49
62676456c3035c8461935d31,chocolatewafer,1
62676456c3035c8461935d31,saltinecracker,50
62676456c3035c8461935d31,butteredpopcorn,50
62676456c3035c8461935d31,deliturkey,51
62676456c3035c8461935d31,triscuits,52
62676456c3035c8461935d31,cherry,100
62676456c3035c8461935d31,tuilecookie,52
62676456c3035c8461935d31,caramel,1
62676456c3035c8461935d31,ryebread,1
62676456c3035c8461935d31,toblerone,1
62676456c3035c8461935d31,grape,100
62676456c3035c8461935d31,ritzcracker,50
62676456c3035c8461935d31,chickentenders,100
6278038e3c9ead31c9a91a09,honeydewmelon,100
6278038e3c9ead31c9a91a09,deliturkey,64
6278038e3c9ead31c9a91a09,madeleine,28
6278038e3c9ead31c9a91a09,lemoncake,89
6278038e3c9ead31c9a91a09,chocolatebark,88
6278038e3c9ead31c9a91a09,frenchfries,73
6278038e3c9ead31c9a91a09,darkchocolate,22
6278038e3c9ead31c9a91a09,churro,24
6278038e3c9ead31c9a91a09,eggrolls,94
6278038e3c9ead31c9a91a09,brownie,100
6278038e3c9ead31c9a91a09,ryebread,10
6278038e3c9ead31c9a91a09,swisscheese,6
6278038e3c9ead31c9a91a09,boulebread,9
6278038e3c9ead31c9a91a09,baguette,1
6278038e3c9ead31c9a91a09,peanuts,27
6278038e3c9ead31c9a91a09,doritos,73
6278038e3c9ead31c9a91a09,grape,100
6278038e3c9ead31c9a91a09,almonds,33
6278038e3c9ead31c9a91a09,vanillasoftservecone,73
6278038e3c9ead31c9a91a09,pocky,41
6278038e3c9ead31c9a91a09,saltinecracker,1
6278038e3c9ead31c9a91a09,wheatthins,1
6278038e3c9ead31c9a91a09,cherry,100
6278038e3c9ead31c9a91a09,kiwi,100
6278038e3c9ead31c9a91a09,milkchocolate,12
6278038e3c9ead31c9a91a09,tortillachips,24
6278038e3c9ead31c9a91a09,oatmealraisincookie,74
6278038e3c9ead31c9a91a09,greenbellpepper,1
6278038e3c9ead31c9a91a09,peach,100
6278038e3c9ead31c9a91a09,plum,100
6278038e3c9ead31c9a91a09,blackberry,100
6278038e3c9ead31c9a91a09,chocolateicecreamcone,87
6278038e3c9ead31c9a91a09,vanillawafer,49
6278038e3c9ead31c9a91a09,potatochips,64
6278038e3c9ead31c9a91a09,gouda,1
6278038e3c9ead31c9a91a09,twix,100
6278038e3c9ead31c9a91a09,butteredpopcorn,74
6278038e3c9ead31c9a91a09,thumprintcookie,86
6278038e3c9ead31c9a91a09,chickentenders,100
6278038e3c9ead31c9a91a09,wavylays,84
6278038e3c9ead31c9a91a09,lindtlindorchocolatetruffle,14
6278038e3c9ead31c9a91a09,slicedloafbread,1
6278038e3c9ead31c9a91a09,chocolatewafer,28
6278038e3c9ead31c9a91a09,meatballs,33
6278038e3c9ead31c9a91a09,toblerone,9
6278038e3c9ead31c9a91a09,goldendeliciousapple,100
6278038e3c9ead31c9a91a09,nutrigrainbar,39
6278038e3c9ead31c9a91a09,triscuits,1
6278038e3c9ead31c9a91a09,twistdonut,68
6278038e3c9ead31c9a91a09,strawberryicecreamcone,87
6278038e3c9ead31c9a91a09,sugarcookie,2
6278038e3c9ead31c9a91a09,caramel,6
6278038e3c9ead31c9a91a09,peanutmms,92
6278038e3c9ead31c9a91a09,carrot,1
6278038e3c9ead31c9a91a09,tuilecookie,8
6278038e3c9ead31c9a91a09,orange,91
6278038e3c9ead31c9a91a09,ritzcracker,1
6278038e3c9ead31c9a91a09,raspberry,100
6278038e3c9ead31c9a91a09,apple,100
6278038e3c9ead31c9a91a09,frostedbrownie,100
62850d0754941f925e1af397,apple,72
62850d0754941f925e1af397,frostedbrownie,57
62850d0754941f925e1af397,twistdonut,62
62850d0754941f925e1af397,lindtlindorchocolatetruffle,69
62850d0754941f925e1af397,plum,30
62850d0754941f925e1af397,chocolatebark,57
62850d0754941f925e1af397,carrot,62
62850d0754941f925e1af397,thumprintcookie,39
62850d0754941f925e1af397,kiwi,66
62850d0754941f925e1af397,meatballs,59
62850d0754941f925e1af397,grape,85
62850d0754941f925e1af397,peanuts,94
62850d0754941f925e1af397,peach,60
62850d0754941f925e1af397,swisscheese,93
62850d0754941f925e1af397,eggrolls,54
62850d0754941f925e1af397,wavylays,63
62850d0754941f925e1af397,strawberryicecreamcone,38
62850d0754941f925e1af397,butteredpopcorn,76
62850d0754941f925e1af397,chocolateicecreamcone,64
62850d0754941f925e1af397,frenchfries,84
62850d0754941f925e1af397,ritzcracker,16
62850d0754941f925e1af397,vanillasoftservecone,74
62850d0754941f925e1af397,churro,86
62850d0754941f925e1af397,peanutmms,81
62850d0754941f925e1af397,madeleine,33
62850d0754941f925e1af397,cherry,62
62850d0754941f925e1af397,raspberry,20
62850d0754941f925e1af397,twix,63
62850d0754941f925e1af397,tortillachips,40
62850d0754941f925e1af397,gouda,83
62850d0754941f925e1af397,baguette,64
62850d0754941f925e1af397,oatmealraisincookie,61
62850d0754941f925e1af397,honeydewmelon,82
62850d0754941f925e1af397,boulebread,43
62850d0754941f925e1af397,triscuits,22
62850d0754941f925e1af397,deliturkey,64
62850d0754941f925e1af397,saltinecracker,38
62850d0754941f925e1af397,toblerone,80
62850d0754941f925e1af397,orange,84
62850d0754941f925e1af397,wheatthins,37
62850d0754941f925e1af397,vanillawafer,54
62850d0754941f925e1af397,lemoncake,55
62850d0754941f925e1af397,darkchocolate,76
62850d0754941f925e1af397,blackberry,57
62850d0754941f925e1af397,goldendeliciousapple,72
62850d0754941f925e1af397,chickentenders,70
62850d0754941f925e1af397,doritos,28
62850d0754941f925e1af397,milkchocolate,71
62850d0754941f925e1af397,chocolatewafer,63
62850d0754941f925e1af397,sugarcookie,36
62850d0754941f925e1af397,almonds,93
62850d0754941f925e1af397,pocky,36
62850d0754941f925e1af397,slicedloafbread,39
62850d0754941f925e1af397,brownie,83
62850d0754941f925e1af397,greenbellpepper,62
62850d0754941f925e1af397,nutrigrainbar,56
62850d0754941f925e1af397,tuilecookie,58
62850d0754941f925e1af397,ryebread,48
62850d0754941f925e1af397,caramel,68
62850d0754941f925e1af397,potatochips,65
62976e7114308ee7c69d10ae,oatmealraisincookie,77
62976e7114308ee7c69d10ae,toblerone,86
62976e7114308ee7c69d10ae,plum,39
62976e7114308ee7c69d10ae,twix,84
62976e7114308ee7c69d10ae,kiwi,79
62976e7114308ee7c69d10ae,honeydewmelon,53
62976e7114308ee7c69d10ae,frenchfries,62
62976e7114308ee7c69d10ae,chocolatebark,73
62976e7114308ee7c69d10ae,eggrolls,64
62976e7114308ee7c69d10ae,thumprintcookie,75
62976e7114308ee7c69d10ae,almonds,69
62976e7114308ee7c69d10ae,lindtlindorchocolatetruffle,72
62976e7114308ee7c69d10ae,butteredpopcorn,71
62976e7114308ee7c69d10ae,wheatthins,63
62976e7114308ee7c69d10ae,lemoncake,78
62976e7114308ee7c69d10ae,vanillawafer,71
62976e7114308ee7c69d10ae,twistdonut,64
62976e7114308ee7c69d10ae,gouda,78
62976e7114308ee7c69d10ae,frostedbrownie,84
62976e7114308ee7c69d10ae,meatballs,63
62976e7114308ee7c69d10ae,caramel,64
62976e7114308ee7c69d10ae,tuilecookie,66
62976e7114308ee7c69d10ae,blackberry,56
62976e7114308ee7c69d10ae,saltinecracker,42
62976e7114308ee7c69d10ae,swisscheese,73
62976e7114308ee7c69d10ae,goldendeliciousapple,61
62976e7114308ee7c69d10ae,peanuts,51
62976e7114308ee7c69d10ae,peanutmms,71
62976e7114308ee7c69d10ae,baguette,59
62976e7114308ee7c69d10ae,chocolatewafer,73
62976e7114308ee7c69d10ae,greenbellpepper,44
62976e7114308ee7c69d10ae,madeleine,55
62976e7114308ee7c69d10ae,orange,62
62976e7114308ee7c69d10ae,boulebread,59
62976e7114308ee7c69d10ae,churro,62
62976e7114308ee7c69d10ae,chocolateicecreamcone,60
62976e7114308ee7c69d10ae,tortillachips,52
62976e7114308ee7c69d10ae,sugarcookie,55
62976e7114308ee7c69d10ae,strawberryicecreamcone,57
62976e7114308ee7c69d10ae,potatochips,61
62976e7114308ee7c69d10ae,raspberry,89
62976e7114308ee7c69d10ae,nutrigrainbar,68
62976e7114308ee7c69d10ae,peach,29
62976e7114308ee7c69d10ae,milkchocolate,80
62976e7114308ee7c69d10ae,apple,64
62976e7114308ee7c69d10ae,brownie,70
62976e7114308ee7c69d10ae,darkchocolate,77
62976e7114308ee7c69d10ae,cherry,49
62976e7114308ee7c69d10ae,vanillasoftservecone,49
62976e7114308ee7c69d10ae,doritos,51
62976e7114308ee7c69d10ae,chickentenders,72
62976e7114308ee7c69d10ae,slicedloafbread,32
62976e7114308ee7c69d10ae,pocky,55
62976e7114308ee7c69d10ae,ryebread,55
62976e7114308ee7c69d10ae,deliturkey,56
62976e7114308ee7c69d10ae,triscuits,53
62976e7114308ee7c69d10ae,wavylays,56
62976e7114308ee7c69d10ae,carrot,51
62976e7114308ee7c69d10ae,ritzcracker,40
62976e7114308ee7c69d10ae,grape,47
6298da02915d3fdba6ad828a,frenchfries,19
6298da02915d3fdba6ad828a,ryebread,67
6298da02915d3fdba6ad828a,frostedbrownie,32
6298da02915d3fdba6ad828a,peanutmms,1
6298da02915d3fdba6ad828a,blackberry,80
6298da02915d3fdba6ad828a,tortillachips,31
6298da02915d3fdba6ad828a,ritzcracker,18
6298da02915d3fdba6ad828a,honeydewmelon,39
6298da02915d3fdba6ad828a,deliturkey,67
6298da02915d3fdba6ad828a,strawberryicecreamcone,39
6298da02915d3fdba6ad828a,saltinecracker,30
6298da02915d3fdba6ad828a,chickentenders,58
6298da02915d3fdba6ad828a,chocolatewafer,15
6298da02915d3fdba6ad828a,caramel,10
6298da02915d3fdba6ad828a,twistdonut,53
6298da02915d3fdba6ad828a,nutrigrainbar,31
6298da02915d3fdba6ad828a,sugarcookie,16
6298da02915d3fdba6ad828a,greenbellpepper,40
6298da02915d3fdba6ad828a,toblerone,17
6298da02915d3fdba6ad828a,milkchocolate,12
6298da02915d3fdba6ad828a,churro,11
6298da02915d3fdba6ad828a,tuilecookie,15
6298da02915d3fdba6ad828a,gouda,8
6298da02915d3fdba6ad828a,madeleine,10
6298da02915d3fdba6ad828a,chocolatebark,11
6298da02915d3fdba6ad828a,thumprintcookie,15
6298da02915d3fdba6ad828a,oatmealraisincookie,57
6298da02915d3fdba6ad828a,vanillasoftservecone,13
6298da02915d3fdba6ad828a,brownie,11
6298da02915d3fdba6ad828a,goldendeliciousapple,66
6298da02915d3fdba6ad828a,carrot,10
6298da02915d3fdba6ad828a,chocolateicecreamcone,8
6298da02915d3fdba6ad828a,peanuts,56
6298da02915d3fdba6ad828a,lindtlindorchocolatetruffle,13
6298da02915d3fdba6ad828a,pocky,10
6298da02915d3fdba6ad828a,orange,53
6298da02915d3fdba6ad828a,boulebread,48
6298da02915d3fdba6ad828a,twix,11
6298da02915d3fdba6ad828a,lemoncake,11
6298da02915d3fdba6ad828a,butteredpopcorn,59
6298da02915d3fdba6ad828a,almonds,60
6298da02915d3fdba6ad828a,wheatthins,23
6298da02915d3fdba6ad828a,eggrolls,42
6298da02915d3fdba6ad828a,apple,69
6298da02915d3fdba6ad828a,vanillawafer,12
6298da02915d3fdba6ad828a,swisscheese,74
6298da02915d3fdba6ad828a,slicedloafbread,65
6298da02915d3fdba6ad828a,plum,80
6298da02915d3fdba6ad828a,peach,63
6298da02915d3fdba6ad828a,meatballs,2
6298da02915d3fdba6ad828a,triscuits,61
6298da02915d3fdba6ad828a,wavylays,27
6298da02915d3fdba6ad828a,potatochips,12
6298da02915d3fdba6ad828a,doritos,14
6298da02915d3fdba6ad828a,baguette,60
6298da02915d3fdba6ad828a,cherry,65
6298da02915d3fdba6ad828a,kiwi,15
6298da02915d3fdba6ad828a,grape,94
6298da02915d3fdba6ad828a,darkchocolate,68
6298da02915d3fdba6ad828a,raspberry,88
62b0ff84054c6ca32f481c65,twix,7
62b0ff84054c6ca32f481c65,apple,47
62b0ff84054c6ca32f481c65,almonds,45
62b0ff84054c6ca32f481c65,plum,62
62b0ff84054c6ca32f481c65,grape,68
62b0ff84054c6ca32f481c65,greenbellpepper,11
62b0ff84054c6ca32f481c65,peach,88
62b0ff84054c6ca32f481c65,tortillachips,37
62b0ff84054c6ca32f481c65,caramel,21
62b0ff84054c6ca32f481c65,deliturkey,63
62b0ff84054c6ca32f481c65,oatmealraisincookie,21
62b0ff84054c6ca32f481c65,orange,17
62b0ff84054c6ca32f481c65,vanillawafer,17
62b0ff84054c6ca32f481c65,saltinecracker,16
62b0ff84054c6ca32f481c65,goldendeliciousapple,5
62b0ff84054c6ca32f481c65,sugarcookie,4
62b0ff84054c6ca32f481c65,thumprintcookie,17
62b0ff84054c6ca32f481c65,churro,17
62b0ff84054c6ca32f481c65,cherry,50
62b0ff84054c6ca32f481c65,ryebread,47
62b0ff84054c6ca32f481c65,swisscheese,12
62b0ff84054c6ca32f481c65,kiwi,1
62b0ff84054c6ca32f481c65,brownie,66
62b0ff84054c6ca32f481c65,madeleine,23
62b0ff84054c6ca32f481c65,peanutmms,16
62b0ff84054c6ca32f481c65,eggrolls,14
62b0ff84054c6ca32f481c65,pocky,2
62b0ff84054c6ca32f481c65,meatballs,1
62b0ff84054c6ca32f481c65,chickentenders,80
62b0ff84054c6ca32f481c65,strawberryicecreamcone,94
62b0ff84054c6ca32f481c65,darkchocolate,38
62b0ff84054c6ca32f481c65,baguette,15
62b0ff84054c6ca32f481c65,nutrigrainbar,37
62b0ff84054c6ca32f481c65,peanuts,18
62b0ff84054c6ca32f481c65,boulebread,30
62b0ff84054c6ca32f481c65,twistdonut,18
62b0ff84054c6ca32f481c65,blackberry,8
62b0ff84054c6ca32f481c65,tuilecookie,1
62b0ff84054c6ca32f481c65,chocolatebark,26
62b0ff84054c6ca32f481c65,vanillasoftservecone,86
62b0ff84054c6ca32f481c65,frostedbrownie,85
62b0ff84054c6ca32f481c65,gouda,6
62b0ff84054c6ca32f481c65,frenchfries,47
62b0ff84054c6ca32f481c65,butteredpopcorn,63
62b0ff84054c6ca32f481c65,carrot,13
62b0ff84054c6ca32f481c65,triscuits,10
62b0ff84054c6ca32f481c65,milkchocolate,83
62b0ff84054c6ca32f481c65,lemoncake,10
62b0ff84054c6ca32f481c65,wheatthins,13
62b0ff84054c6ca32f481c65,potatochips,22
62b0ff84054c6ca32f481c65,lindtlindorchocolatetruffle,90
62b0ff84054c6ca32f481c65,wavylays,10
62b0ff84054c6ca32f481c65,ritzcracker,6
62b0ff84054c6ca32f481c65,chocolatewafer,80
62b0ff84054c6ca32f481c65,slicedloafbread,12
62b0ff84054c6ca32f481c65,chocolateicecreamcone,92
62b0ff84054c6ca32f481c65,raspberry,94
62b0ff84054c6ca32f481c65,doritos,8
62b0ff84054c6ca32f481c65,honeydewmelon,1
62b0ff84054c6ca32f481c65,toblerone,98
62c63362e7342ad8be294866,almonds,100
62c63362e7342ad8be294866,madeleine,51
62c63362e7342ad8be294866,chocolatebark,82
62c63362e7342ad8be294866,apple,100
62c63362e7342ad8be294866,milkchocolate,100
62c63362e7342ad8be294866,honeydewmelon,1
62c63362e7342ad8be294866,oatmealraisincookie,100
62c63362e7342ad8be294866,toblerone,100
62c63362e7342ad8be294866,carrot,63
62c63362e7342ad8be294866,kiwi,100
62c63362e7342ad8be294866,greenbellpepper,1
62c63362e7342ad8be294866,chickentenders,100
62c63362e7342ad8be294866,grape,76
62c63362e7342ad8be294866,wheatthins,100
62c63362e7342ad8be294866,vanillawafer,100
62c63362e7342ad8be294866,strawberryicecreamcone,100
62c63362e7342ad8be294866,pocky,52
62c63362e7342ad8be294866,chocolateicecreamcone,100
62c63362e7342ad8be294866,sugarcookie,70
62c63362e7342ad8be294866,butteredpopcorn,76
62c63362e7342ad8be294866,potatochips,51
62c63362e7342ad8be294866,cherry,100
62c63362e7342ad8be294866,triscuits,68
62c63362e7342ad8be294866,goldendeliciousapple,100
62c63362e7342ad8be294866,twix,100
62c63362e7342ad8be294866,boulebread,51
62c63362e7342ad8be294866,darkchocolate,100
62c63362e7342ad8be294866,saltinecracker,85
62c63362e7342ad8be294866,ryebread,51
62c63362e7342ad8be294866,deliturkey,67
62c63362e7342ad8be294866,wavylays,93
62c63362e7342ad8be294866,brownie,100
62c63362e7342ad8be294866,ritzcracker,81
62c63362e7342ad8be294866,lindtlindorchocolatetruffle,100
62c63362e7342ad8be294866,slicedloafbread,51
62c63362e7342ad8be294866,frostedbrownie,100
62c63362e7342ad8be294866,vanillasoftservecone,100
62c63362e7342ad8be294866,nutrigrainbar,100
62c63362e7342ad8be294866,gouda,50
62c63362e7342ad8be294866,twistdonut,74
62c63362e7342ad8be294866,swisscheese,1
62c63362e7342ad8be294866,frenchfries,79
62c63362e7342ad8be294866,chocolatewafer,100
62c63362e7342ad8be294866,tortillachips,83
62c63362e7342ad8be294866,tuilecookie,100
62c63362e7342ad8be294866,lemoncake,51
62c63362e7342ad8be294866,peanutmms,100
62c63362e7342ad8be294866,raspberry,100
62c63362e7342ad8be294866,blackberry,100
62c63362e7342ad8be294866,doritos,97
62c63362e7342ad8be294866,eggrolls,100
62c63362e7342ad8be294866,caramel,100
62c63362e7342ad8be294866,baguette,50
62c63362e7342ad8be294866,peanuts,95
62c63362e7342ad8be294866,thumprintcookie,1
62c63362e7342ad8be294866,plum,96
62c63362e7342ad8be294866,peach,100
62c63362e7342ad8be294866,meatballs,48
62c63362e7342ad8be294866,orange,1
62c63362e7342ad8be294866,churro,100
62d2aee15e1dc6709bdcace0,apple,29
62d2aee15e1dc6709bdcace0,milkchocolate,100
62d2aee15e1dc6709bdcace0,deliturkey,100
62d2aee15e1dc6709bdcace0,gouda,48
62d2aee15e1dc6709bdcace0,honeydewmelon,1
62d2aee15e1dc6709bdcace0,chickentenders,79
62d2aee15e1dc6709bdcace0,caramel,100
62d2aee15e1dc6709bdcace0,orange,72
62d2aee15e1dc6709bdcace0,toblerone,80
62d2aee15e1dc6709bdcace0,vanillawafer,46
62d2aee15e1dc6709bdcace0,peanuts,1
62d2aee15e1dc6709bdcace0,raspberry,1
62d2aee15e1dc6709bdcace0,lindtlindorchocolatetruffle,48
62d2aee15e1dc6709bdcace0,peanutmms,100
62d2aee15e1dc6709bdcace0,sugarcookie,88
62d2aee15e1dc6709bdcace0,meatballs,51
62d2aee15e1dc6709bdcace0,cherry,77
62d2aee15e1dc6709bdcace0,kiwi,51
62d2aee15e1dc6709bdcace0,ryebread,24
62d2aee15e1dc6709bdcace0,grape,19
62d2aee15e1dc6709bdcace0,boulebread,17
62d2aee15e1dc6709bdcace0,frostedbrownie,100
62d2aee15e1dc6709bdcace0,wheatthins,100
62d2aee15e1dc6709bdcace0,tuilecookie,49
62d2aee15e1dc6709bdcace0,slicedloafbread,71
62d2aee15e1dc6709bdcace0,triscuits,1
62d2aee15e1dc6709bdcace0,potatochips,100
62d2aee15e1dc6709bdcace0,tortillachips,88
62d2aee15e1dc6709bdcace0,chocolatebark,82
62d2aee15e1dc6709bdcace0,oatmealraisincookie,1
62d2aee15e1dc6709bdcace0,thumprintcookie,29
62d2aee15e1dc6709bdcace0,churro,26
62d2aee15e1dc6709bdcace0,greenbellpepper,1
62d2aee15e1dc6709bdcace0,lemoncake,91
62d2aee15e1dc6709bdcace0,swisscheese,100
62d2aee15e1dc6709bdcace0,vanillasoftservecone,100
62d2aee15e1dc6709bdcace0,peach,1
62d2aee15e1dc6709bdcace0,baguette,1
62d2aee15e1dc6709bdcace0,nutrigrainbar,1
62d2aee15e1dc6709bdcace0,brownie,100
62d2aee15e1dc6709bdcace0,strawberryicecreamcone,81
62d2aee15e1dc6709bdcace0,doritos,97
62d2aee15e1dc6709bdcace0,ritzcracker,100
62d2aee15e1dc6709bdcace0,butteredpopcorn,78
62d2aee15e1dc6709bdcace0,blackberry,51
62d2aee15e1dc6709bdcace0,eggrolls,88
62d2aee15e1dc6709bdcace0,goldendeliciousapple,1
62d2aee15e1dc6709bdcace0,darkchocolate,56
62d2aee15e1dc6709bdcace0,chocolatewafer,11
62d2aee15e1dc6709bdcace0,madeleine,36
62d2aee15e1dc6709bdcace0,twistdonut,55
62d2aee15e1dc6709bdcace0,chocolateicecreamcone,22
62d2aee15e1dc6709bdcace0,carrot,1
62d2aee15e1dc6709bdcace0,almonds,1
62d2aee15e1dc6709bdcace0,wavylays,79
62d2aee15e1dc6709bdcace0,saltinecracker,100
62d2aee15e1dc6709bdcace0,twix,100
62d2aee15e1dc6709bdcace0,frenchfries,100
62d2aee15e1dc6709bdcace0,pocky,50
62d2aee15e1dc6709bdcace0,plum,1
62d43cee3d60ac98c1dcacc8,ritzcracker,63
62d43cee3d60ac98c1dcacc8,chocolatewafer,49
62d43cee3d60ac98c1dcacc8,boulebread,65
62d43cee3d60ac98c1dcacc8,oatmealraisincookie,41
62d43cee3d60ac98c1dcacc8,twix,61
62d43cee3d60ac98c1dcacc8,vanillawafer,26
62d43cee3d60ac98c1dcacc8,lindtlindorchocolatetruffle,25
62d43cee3d60ac98c1dcacc8,saltinecracker,78
62d43cee3d60ac98c1dcacc8,almonds,61
62d43cee3d60ac98c1dcacc8,baguette,77
62d43cee3d60ac98c1dcacc8,eggrolls,54
62d43cee3d60ac98c1dcacc8,triscuits,54
62d43cee3d60ac98c1dcacc8,chocolateicecreamcone,81
62d43cee3d60ac98c1dcacc8,twistdonut,85
62d43cee3d60ac98c1dcacc8,blackberry,88
62d43cee3d60ac98c1dcacc8,peach,68
62d43cee3d60ac98c1dcacc8,toblerone,40
62d43cee3d60ac98c1dcacc8,tortillachips,83
62d43cee3d60ac98c1dcacc8,plum,56
62d43cee3d60ac98c1dcacc8,churro,58
62d43cee3d60ac98c1dcacc8,peanutmms,66
62d43cee3d60ac98c1dcacc8,ryebread,81
62d43cee3d60ac98c1dcacc8,nutrigrainbar,5
62d43cee3d60ac98c1dcacc8,potatochips,81
62d43cee3d60ac98c1dcacc8,milkchocolate,70
62d43cee3d60ac98c1dcacc8,slicedloafbread,81
62d43cee3d60ac98c1dcacc8,madeleine,38
62d43cee3d60ac98c1dcacc8,doritos,79
62d43cee3d60ac98c1dcacc8,sugarcookie,64
62d43cee3d60ac98c1dcacc8,brownie,49
62d43cee3d60ac98c1dcacc8,goldendeliciousapple,52
62d43cee3d60ac98c1dcacc8,swisscheese,79
62d43cee3d60ac98c1dcacc8,wheatthins,82
62d43cee3d60ac98c1dcacc8,chocolatebark,51
62d43cee3d60ac98c1dcacc8,gouda,65
62d43cee3d60ac98c1dcacc8,grape,79
62d43cee3d60ac98c1dcacc8,apple,69
62d43cee3d60ac98c1dcacc8,caramel,44
62d43cee3d60ac98c1dcacc8,greenbellpepper,22
62d43cee3d60ac98c1dcacc8,carrot,38
62d43cee3d60ac98c1dcacc8,butteredpopcorn,54
62d43cee3d60ac98c1dcacc8,pocky,38
62d43cee3d60ac98c1dcacc8,orange,83
62d43cee3d60ac98c1dcacc8,lemoncake,33
62d43cee3d60ac98c1dcacc8,raspberry,91
62d43cee3d60ac98c1dcacc8,kiwi,97
62d43cee3d60ac98c1dcacc8,darkchocolate,40
62d43cee3d60ac98c1dcacc8,frenchfries,97
62d43cee3d60ac98c1dcacc8,vanillasoftservecone,87
62d43cee3d60ac98c1dcacc8,chickentenders,93
62d43cee3d60ac98c1dcacc8,wavylays,76
62d43cee3d60ac98c1dcacc8,cherry,55
62d43cee3d60ac98c1dcacc8,tuilecookie,73
62d43cee3d60ac98c1dcacc8,deliturkey,65
62d43cee3d60ac98c1dcacc8,meatballs,41
62d43cee3d60ac98c1dcacc8,thumprintcookie,30
62d43cee3d60ac98c1dcacc8,peanuts,60
62d43cee3d60ac98c1dcacc8,honeydewmelon,27
62d43cee3d60ac98c1dcacc8,strawberryicecreamcone,79
62d43cee3d60ac98c1dcacc8,frostedbrownie,22
62dc761564191bc28a87e7c7,meatballs,41
62dc761564191bc28a87e7c7,swisscheese,31
62dc761564191bc28a87e7c7,blackberry,68
62dc761564191bc28a87e7c7,raspberry,79
62dc761564191bc28a87e7c7,frenchfries,84
62dc761564191bc28a87e7c7,caramel,33
62dc761564191bc28a87e7c7,baguette,43
62dc761564191bc28a87e7c7,madeleine,55
62dc761564191bc28a87e7c7,toblerone,70
62dc761564191bc28a87e7c7,ritzcracker,49
62dc761564191bc28a87e7c7,pocky,27
62dc761564191bc28a87e7c7,wheatthins,47
62dc761564191bc28a87e7c7,triscuits,27
62dc761564191bc28a87e7c7,oatmealraisincookie,66
62dc761564191bc28a87e7c7,gouda,29
62dc761564191bc28a87e7c7,chickentenders,41
62dc761564191bc28a87e7c7,tortillachips,64
62dc761564191bc28a87e7c7,plum,85
62dc761564191bc28a87e7c7,sugarcookie,81
62dc761564191bc28a87e7c7,kiwi,100
62dc761564191bc28a87e7c7,slicedloafbread,41
62dc761564191bc28a87e7c7,butteredpopcorn,29
62dc761564191bc28a87e7c7,thumprintcookie,62
62dc761564191bc28a87e7c7,peanuts,59
62dc761564191bc28a87e7c7,honeydewmelon,89
62dc761564191bc28a87e7c7,frostedbrownie,75
62dc761564191bc28a87e7c7,potatochips,33
62dc761564191bc28a87e7c7,cherry,74
62dc761564191bc28a87e7c7,goldendeliciousapple,54
62dc761564191bc28a87e7c7,chocolatebark,31
62dc761564191bc28a87e7c7,chocolateicecreamcone,43
62dc761564191bc28a87e7c7,vanillawafer,39
62dc761564191bc28a87e7c7,strawberryicecreamcone,61
62dc761564191bc28a87e7c7,apple,69
62dc761564191bc28a87e7c7,brownie,56
62dc761564191bc28a87e7c7,milkchocolate,45
62dc761564191bc28a87e7c7,twistdonut,37
62dc761564191bc28a87e7c7,carrot,44
62dc761564191bc28a87e7c7,wavylays,34
62dc761564191bc28a87e7c7,ryebread,42
62dc761564191bc28a87e7c7,orange,74
62dc761564191bc28a87e7c7,eggrolls,57
62dc761564191bc28a87e7c7,tuilecookie,56
62dc761564191bc28a87e7c7,greenbellpepper,12
62dc761564191bc28a87e7c7,grape,77
62dc761564191bc28a87e7c7,chocolatewafer,26
62dc761564191bc28a87e7c7,darkchocolate,58
62dc761564191bc28a87e7c7,peach,81
62dc761564191bc28a87e7c7,vanillasoftservecone,96
62dc761564191bc28a87e7c7,churro,50
62dc761564191bc28a87e7c7,deliturkey,41
62dc761564191bc28a87e7c7,boulebread,18
62dc761564191bc28a87e7c7,twix,24
62dc761564191bc28a87e7c7,lindtlindorchocolatetruffle,64
62dc761564191bc28a87e7c7,nutrigrainbar,14
62dc761564191bc28a87e7c7,peanutmms,72
62dc761564191bc28a87e7c7,almonds,69
62dc761564191bc28a87e7c7,doritos,18
62dc761564191bc28a87e7c7,lemoncake,65
62dc761564191bc28a87e7c7,saltinecracker,40
62e0629e7fbb8a1907dade0e,peanuts,87
62e0629e7fbb8a1907dade0e,vanillasoftservecone,26
62e0629e7fbb8a1907dade0e,sugarcookie,30
62e0629e7fbb8a1907dade0e,cherry,81
62e0629e7fbb8a1907dade0e,ritzcracker,42
62e0629e7fbb8a1907dade0e,darkchocolate,38
62e0629e7fbb8a1907dade0e,kiwi,77
62e0629e7fbb8a1907dade0e,lindtlindorchocolatetruffle,32
62e0629e7fbb8a1907dade0e,grape,84
62e0629e7fbb8a1907dade0e,chocolateicecreamcone,40
62e0629e7fbb8a1907dade0e,meatballs,41
62e0629e7fbb8a1907dade0e,apple,71
62e0629e7fbb8a1907dade0e,ryebread,37
62e0629e7fbb8a1907dade0e,tuilecookie,16
62e0629e7fbb8a1907dade0e,milkchocolate,34
62e0629e7fbb8a1907dade0e,triscuits,40
62e0629e7fbb8a1907dade0e,eggrolls,38
62e0629e7fbb8a1907dade0e,gouda,42
62e0629e7fbb8a1907dade0e,brownie,39
62e0629e7fbb8a1907dade0e,saltinecracker,37
62e0629e7fbb8a1907dade0e,baguette,37
62e0629e7fbb8a1907dade0e,pocky,37
62e0629e7fbb8a1907dade0e,strawberryicecreamcone,26
62e0629e7fbb8a1907dade0e,lemoncake,37
62e0629e7fbb8a1907dade0e,blackberry,76
62e0629e7fbb8a1907dade0e,chocolatewafer,37
62e0629e7fbb8a1907dade0e,honeydewmelon,80
62e0629e7fbb8a1907dade0e,wheatthins,32
62e0629e7fbb8a1907dade0e,churro,33
62e0629e7fbb8a1907dade0e,goldendeliciousapple,72
62e0629e7fbb8a1907dade0e,tortillachips,28
62e0629e7fbb8a1907dade0e,twistdonut,28
62e0629e7fbb8a1907dade0e,toblerone,28
62e0629e7fbb8a1907dade0e,slicedloafbread,29
62e0629e7fbb8a1907dade0e,plum,87
62e0629e7fbb8a1907dade0e,wavylays,26
62e0629e7fbb8a1907dade0e,deliturkey,24
62e0629e7fbb8a1907dade0e,potatochips,19
62e0629e7fbb8a1907dade0e,raspberry,77
62e0629e7fbb8a1907dade0e,chocolatebark,22
62e0629e7fbb8a1907dade0e,peach,76
62e0629e7fbb8a1907dade0e,peanutmms,20
62e0629e7fbb8a1907dade0e,orange,90
62e0629e7fbb8a1907dade0e,frenchfries,20
62e0629e7fbb8a1907dade0e,frostedbrownie,12
62e0629e7fbb8a1907dade0e,chickentenders,19
62e0629e7fbb8a1907dade0e,almonds,87
62e0629e7fbb8a1907dade0e,swisscheese,16
62e0629e7fbb8a1907dade0e,boulebread,5
62e0629e7fbb8a1907dade0e,nutrigrainbar,4
62e0629e7fbb8a1907dade0e,madeleine,7
62e0629e7fbb8a1907dade0e,thumprintcookie,8
62e0629e7fbb8a1907dade0e,doritos,8
62e0629e7fbb8a1907dade0e,vanillawafer,8
62e0629e7fbb8a1907dade0e,butteredpopcorn,11
62e0629e7fbb8a1907dade0e,caramel,6
62e0629e7fbb8a1907dade0e,oatmealraisincookie,8
62e0629e7fbb8a1907dade0e,greenbellpepper,85
62e0629e7fbb8a1907dade0e,twix,12
62e0629e7fbb8a1907dade0e,carrot,95
62fb84322433c8d7e890a145,peanutmms,37
62fb84322433c8d7e890a145,honeydewmelon,48
62fb84322433c8d7e890a145,strawberryicecreamcone,68
62fb84322433c8d7e890a145,chocolatewafer,67
62fb84322433c8d7e890a145,sugarcookie,40
62fb84322433c8d7e890a145,caramel,5
62fb84322433c8d7e890a145,milkchocolate,50
62fb84322433c8d7e890a145,wavylays,76
62fb84322433c8d7e890a145,plum,3
62fb84322433c8d7e890a145,slicedloafbread,3
62fb84322433c8d7e890a145,meatballs,81
62fb84322433c8d7e890a145,cherry,1
62fb84322433c8d7e890a145,chickentenders,90
62fb84322433c8d7e890a145,lemoncake,59
62fb84322433c8d7e890a145,doritos,80
62fb84322433c8d7e890a145,butteredpopcorn,74
62fb84322433c8d7e890a145,ryebread,1
62fb84322433c8d7e890a145,baguette,8
62fb84322433c8d7e890a145,orange,5
62fb84322433c8d7e890a145,peanuts,69
62fb84322433c8d7e890a145,eggrolls,88
62fb84322433c8d7e890a145,oatmealraisincookie,83
62fb84322433c8d7e890a145,almonds,55
62fb84322433c8d7e890a145,nutrigrainbar,63
62fb84322433c8d7e890a145,thumprintcookie,79
62fb84322433c8d7e890a145,lindtlindorchocolatetruffle,64
62fb84322433c8d7e890a145,vanillawafer,58
62fb84322433c8d7e890a145,frenchfries,85
62fb84322433c8d7e890a145,churro,72
62fb84322433c8d7e890a145,frostedbrownie,78
62fb84322433c8d7e890a145,pocky,47
62fb84322433c8d7e890a145,triscuits,43
62fb84322433c8d7e890a145,madeleine,53
62fb84322433c8d7e890a145,greenbellpepper,1
62fb84322433c8d7e890a145,twix,61
62fb84322433c8d7e890a145,swisscheese,1
62fb84322433c8d7e890a145,chocolatebark,67
62fb84322433c8d7e890a145,carrot,1
62fb84322433c8d7e890a145,peach,1
62fb84322433c8d7e890a145,grape,39
62fb84322433c8d7e890a145,brownie,55
62fb84322433c8d7e890a145,apple,1
62fb84322433c8d7e890a145,saltinecracker,42
62fb84322433c8d7e890a145,raspberry,2
62fb84322433c8d7e890a145,goldendeliciousapple,1
62fb84322433c8d7e890a145,chocolateicecreamcone,80
62fb84322433c8d7e890a145,darkchocolate,50
62fb84322433c8d7e890a145,potatochips,80
62fb84322433c8d7e890a145,wheatthins,6
62fb84322433c8d7e890a145,gouda,1
62fb84322433c8d7e890a145,ritzcracker,77
62fb84322433c8d7e890a145,twistdonut,90
62fb84322433c8d7e890a145,boulebread,1
62fb84322433c8d7e890a145,toblerone,77
62fb84322433c8d7e890a145,kiwi,1
62fb84322433c8d7e890a145,tortillachips,87
62fb84322433c8d7e890a145,deliturkey,80
62fb84322433c8d7e890a145,tuilecookie,79
62fb84322433c8d7e890a145,vanillasoftservecone,64
62fb84322433c8d7e890a145,blackberry,1
6310ceffa120ca2c1fbe1d92,butteredpopcorn,83
6310ceffa120ca2c1fbe1d92,vanillawafer,61
6310ceffa120ca2c1fbe1d92,tortillachips,66
6310ceffa120ca2c1fbe1d92,peanuts,84
6310ceffa120ca2c1fbe1d92,greenbellpepper,8
6310ceffa120ca2c1fbe1d92,thumprintcookie,14
6310ceffa120ca2c1fbe1d92,grape,53
6310ceffa120ca2c1fbe1d92,caramel,90
6310ceffa120ca2c1fbe1d92,twix,90
6310ceffa120ca2c1fbe1d92,swisscheese,86
6310ceffa120ca2c1fbe1d92,kiwi,69
6310ceffa120ca2c1fbe1d92,ritzcracker,73
6310ceffa120ca2c1fbe1d92,lindtlindorchocolatetruffle,91
6310ceffa120ca2c1fbe1d92,darkchocolate,79
6310ceffa120ca2c1fbe1d92,wheatthins,77
6310ceffa120ca2c1fbe1d92,orange,61
6310ceffa120ca2c1fbe1d92,ryebread,81
6310ceffa120ca2c1fbe1d92,pocky,77
6310ceffa120ca2c1fbe1d92,chocolatebark,85
6310ceffa120ca2c1fbe1d92,blackberry,64
6310ceffa120ca2c1fbe1d92,peach,46
6310ceffa120ca2c1fbe1d92,oatmealraisincookie,60
6310ceffa120ca2c1fbe1d92,carrot,95
6310ceffa120ca2c1fbe1d92,nutrigrainbar,47
6310ceffa120ca2c1fbe1d92,baguette,97
6310ceffa120ca2c1fbe1d92,toblerone,68
6310ceffa120ca2c1fbe1d92,chocolateicecreamcone,51
6310ceffa120ca2c1fbe1d92,meatballs,28
6310ceffa120ca2c1fbe1d92,twistdonut,12
6310ceffa120ca2c1fbe1d92,almonds,88
6310ceffa120ca2c1fbe1d92,frostedbrownie,27
6310ceffa120ca2c1fbe1d92,madeleine,79
6310ceffa120ca2c1fbe1d92,gouda,74
6310ceffa120ca2c1fbe1d92,cherry,80
6310ceffa120ca2c1fbe1d92,goldendeliciousapple,75
6310ceffa120ca2c1fbe1d92,plum,63
6310ceffa120ca2c1fbe1d92,lemoncake,15
6310ceffa120ca2c1fbe1d92,eggrolls,93
6310ceffa120ca2c1fbe1d92,potatochips,48
6310ceffa120ca2c1fbe1d92,apple,69
6310ceffa120ca2c1fbe1d92,strawberryicecreamcone,38
6310ceffa120ca2c1fbe1d92,frenchfries,77
6310ceffa120ca2c1fbe1d92,vanillasoftservecone,29
6310ceffa120ca2c1fbe1d92,churro,50
6310ceffa120ca2c1fbe1d92,triscuits,71
6310ceffa120ca2c1fbe1d92,doritos,55
6310ceffa120ca2c1fbe1d92,boulebread,96
6310ceffa120ca2c1fbe1d92,slicedloafbread,15
6310ceffa120ca2c1fbe1d92,saltinecracker,51
6310ceffa120ca2c1fbe1d92,raspberry,64
6310ceffa120ca2c1fbe1d92,wavylays,51
6310ceffa120ca2c1fbe1d92,milkchocolate,49
6310ceffa120ca2c1fbe1d92,peanutmms,69
6310ceffa120ca2c1fbe1d92,tuilecookie,91
6310ceffa120ca2c1fbe1d92,chickentenders,94
6310ceffa120ca2c1fbe1d92,deliturkey,67
6310ceffa120ca2c1fbe1d92,honeydewmelon,54
6310ceffa120ca2c1fbe1d92,brownie,52
6310ceffa120ca2c1fbe1d92,chocolatewafer,88
6310ceffa120ca2c1fbe1d92,sugarcookie,70
637656f618065b68614915b0,triscuits,17
637656f618065b68614915b0,deliturkey,42
637656f618065b68614915b0,apple,45
637656f618065b68614915b0,boulebread,9
637656f618065b68614915b0,slicedloafbread,45
637656f618065b68614915b0,baguette,42
637656f618065b68614915b0,gouda,42
637656f618065b68614915b0,greenbellpepper,55
637656f618065b68614915b0,swisscheese,64
637656f618065b68614915b0,carrot,23
637656f618065b68614915b0,peanuts,4
637656f618065b68614915b0,vanillawafer,19
637656f618065b68614915b0,oatmealraisincookie,41
637656f618065b68614915b0,twistdonut,22
637656f618065b68614915b0,frostedbrownie,70
637656f618065b68614915b0,brownie,67
637656f618065b68614915b0,nutrigrainbar,18
637656f618065b68614915b0,twix,62
637656f618065b68614915b0,frenchfries,60
637656f618065b68614915b0,madeleine,60
637656f618065b68614915b0,darkchocolate,51
637656f618065b68614915b0,grape,88
637656f618065b68614915b0,saltinecracker,24
637656f618065b68614915b0,chickentenders,84
637656f618065b68614915b0,almonds,8
637656f618065b68614915b0,doritos,40
637656f618065b68614915b0,orange,83
637656f618065b68614915b0,cherry,62
637656f618065b68614915b0,vanillasoftservecone,90
637656f618065b68614915b0,peach,62
637656f618065b68614915b0,tuilecookie,41
637656f618065b68614915b0,caramel,61
637656f618065b68614915b0,butteredpopcorn,77
637656f618065b68614915b0,chocolateicecreamcone,88
637656f618065b68614915b0,ritzcracker,7
637656f618065b68614915b0,blackberry,92
637656f618065b68614915b0,meatballs,45
637656f618065b68614915b0,sugarcookie,33
637656f618065b68614915b0,pocky,65
637656f618065b68614915b0,thumprintcookie,79
637656f618065b68614915b0,chocolatewafer,51
637656f618065b68614915b0,toblerone,46
637656f618065b68614915b0,peanutmms,22
637656f618065b68614915b0,plum,84
637656f618065b68614915b0,lindtlindorchocolatetruffle,45
637656f618065b68614915b0,potatochips,27
637656f618065b68614915b0,milkchocolate,60
637656f618065b68614915b0,goldendeliciousapple,35
637656f618065b68614915b0,strawberryicecreamcone,84
637656f618065b68614915b0,lemoncake,68
637656f618065b68614915b0,tortillachips,73
637656f618065b68614915b0,kiwi,69
637656f618065b68614915b0,chocolatebark,44
637656f618065b68614915b0,honeydewmelon,93
637656f618065b68614915b0,wheatthins,7
637656f618065b68614915b0,wavylays,26
637656f618065b68614915b0,raspberry,44
637656f618065b68614915b0,eggrolls,45
637656f618065b68614915b0,ryebread,14
637656f618065b68614915b0,churro,23
63936bad01efa1e55f6e149d,sugarcookie,30
63936bad01efa1e55f6e149d,slicedloafbread,2
63936bad01efa1e55f6e149d,lindtlindorchocolatetruffle,25
63936bad01efa1e55f6e149d,apple,50
63936bad01efa1e55f6e149d,butteredpopcorn,15
63936bad01efa1e55f6e149d,honeydewmelon,53
63936bad01efa1e55f6e149d,peanuts,57
63936bad01efa1e55f6e149d,chocolatebark,41
63936bad01efa1e55f6e149d,caramel,38
63936bad01efa1e55f6e149d,tortillachips,9
63936bad01efa1e55f6e149d,plum,57
63936bad01efa1e55f6e149d,vanillawafer,46
63936bad01efa1e55f6e149d,deliturkey,69
63936bad01efa1e55f6e149d,eggrolls,51
63936bad01efa1e55f6e149d,tuilecookie,72
63936bad01efa1e55f6e149d,nutrigrainbar,31
63936bad01efa1e55f6e149d,triscuits,34
63936bad01efa1e55f6e149d,pocky,65
63936bad01efa1e55f6e149d,oatmealraisincookie,24
63936bad01efa1e55f6e149d,vanillasoftservecone,50
63936bad01efa1e55f6e149d,churro,9
63936bad01efa1e55f6e149d,wheatthins,7
63936bad01efa1e55f6e149d,twistdonut,24
63936bad01efa1e55f6e149d,greenbellpepper,5
63936bad01efa1e55f6e149d,twix,18
63936bad01efa1e55f6e149d,kiwi,56
63936bad01efa1e55f6e149d,lemoncake,21
63936bad01efa1e55f6e149d,milkchocolate,33
63936bad01efa1e55f6e149d,almonds,63
63936bad01efa1e55f6e149d,swisscheese,26
63936bad01efa1e55f6e149d,peanutmms,59
63936bad01efa1e55f6e149d,carrot,41
63936bad01efa1e55f6e149d,cherry,92
63936bad01efa1e55f6e149d,thumprintcookie,39
63936bad01efa1e55f6e149d,frostedbrownie,42
63936bad01efa1e55f6e149d,grape,92
63936bad01efa1e55f6e149d,brownie,45
63936bad01efa1e55f6e149d,baguette,80
63936bad01efa1e55f6e149d,chocolatewafer,49
63936bad01efa1e55f6e149d,meatballs,9
63936bad01efa1e55f6e149d,saltinecracker,5
63936bad01efa1e55f6e149d,blackberry,90
63936bad01efa1e55f6e149d,orange,92
63936bad01efa1e55f6e149d,raspberry,98
63936bad01efa1e55f6e149d,chocolateicecreamcone,16
63936bad01efa1e55f6e149d,strawberryicecreamcone,1
63936bad01efa1e55f6e149d,gouda,16
63936bad01efa1e55f6e149d,doritos,19
63936bad01efa1e55f6e149d,potatochips,33
63936bad01efa1e55f6e149d,chickentenders,72
63936bad01efa1e55f6e149d,ryebread,85
63936bad01efa1e55f6e149d,toblerone,40
63936bad01efa1e55f6e149d,wavylays,40
63936bad01efa1e55f6e149d,ritzcracker,45
63936bad01efa1e55f6e149d,peach,80
63936bad01efa1e55f6e149d,darkchocolate,2
63936bad01efa1e55f6e149d,frenchfries,31
63936bad01efa1e55f6e149d,madeleine,35
63936bad01efa1e55f6e149d,boulebread,77
63936bad01efa1e55f6e149d,goldendeliciousapple,20
63bd81554d9e726756bb2dc3,doritos,61
63bd81554d9e726756bb2dc3,brownie,100
63bd81554d9e726756bb2dc3,goldendeliciousapple,85
63bd81554d9e726756bb2dc3,gouda,87
63bd81554d9e726756bb2dc3,tortillachips,23
63bd81554d9e726756bb2dc3,lemoncake,64
63bd81554d9e726756bb2dc3,butteredpopcorn,92
63bd81554d9e726756bb2dc3,ryebread,80
63bd81554d9e726756bb2dc3,blackberry,100
63bd81554d9e726756bb2dc3,saltinecracker,23
63bd81554d9e726756bb2dc3,slicedloafbread,34
63bd81554d9e726756bb2dc3,plum,100
63bd81554d9e726756bb2dc3,triscuits,99
63bd81554d9e726756bb2dc3,milkchocolate,100
63bd81554d9e726756bb2dc3,peanutmms,68
63bd81554d9e726756bb2dc3,peach,100
63bd81554d9e726756bb2dc3,eggrolls,83
63bd81554d9e726756bb2dc3,raspberry,100
63bd81554d9e726756bb2dc3,twix,100
63bd81554d9e726756bb2dc3,toblerone,100
63bd81554d9e726756bb2dc3,honeydewmelon,100
63bd81554d9e726756bb2dc3,frostedbrownie,100
63bd81554d9e726756bb2dc3,frenchfries,68
63bd81554d9e726756bb2dc3,sugarcookie,76
63bd81554d9e726756bb2dc3,boulebread,100
63bd81554d9e726756bb2dc3,pocky,100
63bd81554d9e726756bb2dc3,orange,100
63bd81554d9e726756bb2dc3,chickentenders,100
63bd81554d9e726756bb2dc3,churro,100
63bd81554d9e726756bb2dc3,carrot,77
63bd81554d9e726756bb2dc3,wheatthins,66
63bd81554d9e726756bb2dc3,potatochips,53
63bd81554d9e726756bb2dc3,oatmealraisincookie,100
63bd81554d9e726756bb2dc3,darkchocolate,100
63bd81554d9e726756bb2dc3,deliturkey,97
63bd81554d9e726756bb2dc3,peanuts,94
63bd81554d9e726756bb2dc3,greenbellpepper,53
63bd81554d9e726756bb2dc3,wavylays,66
63bd81554d9e726756bb2dc3,apple,79
63bd81554d9e726756bb2dc3,madeleine,98
63bd81554d9e726756bb2dc3,baguette,40
63bd81554d9e726756bb2dc3,lindtlindorchocolatetruffle,100
63bd81554d9e726756bb2dc3,thumprintcookie,100
63bd81554d9e726756bb2dc3,tuilecookie,100
63bd81554d9e726756bb2dc3,chocolatewafer,100
63bd81554d9e726756bb2dc3,twistdonut,100
63bd81554d9e726756bb2dc3,chocolateicecreamcone,100
63bd81554d9e726756bb2dc3,meatballs,100
63bd81554d9e726756bb2dc3,strawberryicecreamcone,100
63bd81554d9e726756bb2dc3,caramel,91
63bd81554d9e726756bb2dc3,nutrigrainbar,88
63bd81554d9e726756bb2dc3,ritzcracker,51
63bd81554d9e726756bb2dc3,vanillasoftservecone,98
63bd81554d9e726756bb2dc3,kiwi,100
63bd81554d9e726756bb2dc3,swisscheese,100
63bd81554d9e726756bb2dc3,cherry,100
63bd81554d9e726756bb2dc3,chocolatebark,100
63bd81554d9e726756bb2dc3,vanillawafer,100
63bd81554d9e726756bb2dc3,almonds,88
63bd81554d9e726756bb2dc3,grape,100
63d156100e702f67d226f892,frostedbrownie,98
63d156100e702f67d226f892,vanillawafer,64
63d156100e702f67d226f892,triscuits,6
63d156100e702f67d226f892,raspberry,87
63d156100e702f67d226f892,gouda,24
63d156100e702f67d226f892,strawberryicecreamcone,77
63d156100e702f67d226f892,lemoncake,54
63d156100e702f67d226f892,potatochips,68
63d156100e702f67d226f892,chocolatewafer,33
63d156100e702f67d226f892,wavylays,27
63d156100e702f67d226f892,churro,10
63d156100e702f67d226f892,peach,88
63d156100e702f67d226f892,slicedloafbread,37
63d156100e702f67d226f892,frenchfries,26
63d156100e702f67d226f892,milkchocolate,96
63d156100e702f67d226f892,meatballs,27
63d156100e702f67d226f892,madeleine,13
63d156100e702f67d226f892,vanillasoftservecone,91
63d156100e702f67d226f892,plum,86
63d156100e702f67d226f892,chocolatebark,18
63d156100e702f67d226f892,grape,46
63d156100e702f67d226f892,almonds,57
63d156100e702f67d226f892,wheatthins,5
63d156100e702f67d226f892,pocky,74
63d156100e702f67d226f892,darkchocolate,67
63d156100e702f67d226f892,apple,77
63d156100e702f67d226f892,swisscheese,81
63d156100e702f67d226f892,lindtlindorchocolatetruffle,41
63d156100e702f67d226f892,doritos,26
63d156100e702f67d226f892,tortillachips,61
63d156100e702f67d226f892,caramel,83
63d156100e702f67d226f892,eggrolls,94
63d156100e702f67d226f892,oatmealraisincookie,15
63d156100e702f67d226f892,brownie,98
63d156100e702f67d226f892,chocolateicecreamcone,96
63d156100e702f67d226f892,sugarcookie,6
63d156100e702f67d226f892,kiwi,22
63d156100e702f67d226f892,blackberry,5
63d156100e702f67d226f892,cherry,1
63d156100e702f67d226f892,peanutmms,89
63d156100e702f67d226f892,ryebread,46
63d156100e702f67d226f892,carrot,58
63d156100e702f67d226f892,nutrigrainbar,1
63d156100e702f67d226f892,orange,79
63d156100e702f67d226f892,toblerone,87
63d156100e702f67d226f892,goldendeliciousapple,63
63d156100e702f67d226f892,baguette,56
63d156100e702f67d226f892,deliturkey,75
63d156100e702f67d226f892,saltinecracker,10
63d156100e702f67d226f892,butteredpopcorn,40
63d156100e702f67d226f892,greenbellpepper,70
63d156100e702f67d226f892,tuilecookie,20
63d156100e702f67d226f892,thumprintcookie,5
63d156100e702f67d226f892,peanuts,58
63d156100e702f67d226f892,chickentenders,89
63d156100e702f67d226f892,twix,45
63d156100e702f67d226f892,twistdonut,40
63d156100e702f67d226f892,honeydewmelon,33
63d156100e702f67d226f892,boulebread,53
63d156100e702f67d226f892,ritzcracker,4
63d40fb8c3a6bd1dc5560186,triscuits,74
63d40fb8c3a6bd1dc5560186,butteredpopcorn,90
63d40fb8c3a6bd1dc5560186,lemoncake,59
63d40fb8c3a6bd1dc5560186,meatballs,81
63d40fb8c3a6bd1dc5560186,almonds,100
63d40fb8c3a6bd1dc5560186,raspberry,52
63d40fb8c3a6bd1dc5560186,madeleine,73
63d40fb8c3a6bd1dc5560186,wheatthins,72
63d40fb8c3a6bd1dc5560186,oatmealraisincookie,1
63d40fb8c3a6bd1dc5560186,gouda,56
63d40fb8c3a6bd1dc5560186,chocolatewafer,52
63d40fb8c3a6bd1dc5560186,greenbellpepper,83
63d40fb8c3a6bd1dc5560186,tortillachips,15
63d40fb8c3a6bd1dc5560186,ritzcracker,76
63d40fb8c3a6bd1dc5560186,peach,100
63d40fb8c3a6bd1dc5560186,wavylays,7
63d40fb8c3a6bd1dc5560186,brownie,38
63d40fb8c3a6bd1dc5560186,goldendeliciousapple,95
63d40fb8c3a6bd1dc5560186,plum,1
63d40fb8c3a6bd1dc5560186,eggrolls,90
63d40fb8c3a6bd1dc5560186,chickentenders,89
63d40fb8c3a6bd1dc5560186,apple,95
63d40fb8c3a6bd1dc5560186,blackberry,100
63d40fb8c3a6bd1dc5560186,darkchocolate,49
63d40fb8c3a6bd1dc5560186,toblerone,52
63d40fb8c3a6bd1dc5560186,baguette,82
63d40fb8c3a6bd1dc5560186,carrot,80
63d40fb8c3a6bd1dc5560186,potatochips,9
63d40fb8c3a6bd1dc5560186,caramel,100
63d40fb8c3a6bd1dc5560186,slicedloafbread,76
63d40fb8c3a6bd1dc5560186,pocky,79
63d40fb8c3a6bd1dc5560186,frenchfries,1
63d40fb8c3a6bd1dc5560186,chocolatebark,78
63d40fb8c3a6bd1dc5560186,peanuts,95
63d40fb8c3a6bd1dc5560186,sugarcookie,52
63d40fb8c3a6bd1dc5560186,strawberryicecreamcone,95
63d40fb8c3a6bd1dc5560186,honeydewmelon,91
63d40fb8c3a6bd1dc5560186,chocolateicecreamcone,88
63d40fb8c3a6bd1dc5560186,tuilecookie,84
63d40fb8c3a6bd1dc5560186,thumprintcookie,52
63d40fb8c3a6bd1dc5560186,swisscheese,89
63d40fb8c3a6bd1dc5560186,peanutmms,50
63d40fb8c3a6bd1dc5560186,cherry,100
63d40fb8c3a6bd1dc5560186,milkchocolate,49
63d40fb8c3a6bd1dc5560186,doritos,4
63d40fb8c3a6bd1dc5560186,twistdonut,81
63d40fb8c3a6bd1dc5560186,grape,100
63d40fb8c3a6bd1dc5560186,ryebread,84
63d40fb8c3a6bd1dc5560186,orange,100
63d40fb8c3a6bd1dc5560186,twix,88
63d40fb8c3a6bd1dc5560186,saltinecracker,85
63d40fb8c3a6bd1dc5560186,kiwi,9
63d40fb8c3a6bd1dc5560186,vanillawafer,52
63d40fb8c3a6bd1dc5560186,vanillasoftservecone,100
63d40fb8c3a6bd1dc5560186,deliturkey,90
63d40fb8c3a6bd1dc5560186,frostedbrownie,51
63d40fb8c3a6bd1dc5560186,nutrigrainbar,1
63d40fb8c3a6bd1dc5560186,boulebread,78
63d40fb8c3a6bd1dc5560186,churro,100
63d40fb8c3a6bd1dc5560186,lindtlindorchocolatetruffle,50
63d41088860131e49a85cfac,vanillawafer,35
63d41088860131e49a85cfac,pocky,18
63d41088860131e49a85cfac,peanutmms,85
63d41088860131e49a85cfac,tuilecookie,25
63d41088860131e49a85cfac,baguette,72
63d41088860131e49a85cfac,honeydewmelon,53
63d41088860131e49a85cfac,milkchocolate,81
63d41088860131e49a85cfac,carrot,44
63d41088860131e49a85cfac,frostedbrownie,93
63d41088860131e49a85cfac,lemoncake,71
63d41088860131e49a85cfac,madeleine,53
63d41088860131e49a85cfac,raspberry,73
63d41088860131e49a85cfac,oatmealraisincookie,97
63d41088860131e49a85cfac,chocolateicecreamcone,83
63d41088860131e49a85cfac,wavylays,96
63d41088860131e49a85cfac,greenbellpepper,67
63d41088860131e49a85cfac,deliturkey,54
63d41088860131e49a85cfac,doritos,40
63d41088860131e49a85cfac,butteredpopcorn,52
63d41088860131e49a85cfac,wheatthins,9
63d41088860131e49a85cfac,orange,90
63d41088860131e49a85cfac,frenchfries,95
63d41088860131e49a85cfac,eggrolls,51
63d41088860131e49a85cfac,blackberry,59
63d41088860131e49a85cfac,gouda,25
63d41088860131e49a85cfac,swisscheese,75
63d41088860131e49a85cfac,triscuits,24
63d41088860131e49a85cfac,apple,91
63d41088860131e49a85cfac,darkchocolate,96
63d41088860131e49a85cfac,potatochips,69
63d41088860131e49a85cfac,slicedloafbread,87
63d41088860131e49a85cfac,toblerone,88
63d41088860131e49a85cfac,tortillachips,8
63d41088860131e49a85cfac,saltinecracker,71
63d41088860131e49a85cfac,nutrigrainbar,87
63d41088860131e49a85cfac,twix,67
63d41088860131e49a85cfac,thumprintcookie,63
63d41088860131e49a85cfac,churro,80
63d41088860131e49a85cfac,chocolatebark,79
63d41088860131e49a85cfac,chickentenders,10
63d41088860131e49a85cfac,almonds,51
63d41088860131e49a85cfac,boulebread,10
63d41088860131e49a85cfac,chocolatewafer,94
63d41088860131e49a85cfac,plum,55
63d41088860131e49a85cfac,lindtlindorchocolatetruffle,77
63d41088860131e49a85cfac,peanuts,18
63d41088860131e49a85cfac,grape,84
63d41088860131e49a85cfac,ritzcracker,5
63d41088860131e49a85cfac,twistdonut,85
63d41088860131e49a85cfac,cherry,49
63d41088860131e49a85cfac,sugarcookie,85
63d41088860131e49a85cfac,brownie,90
63d41088860131e49a85cfac,goldendeliciousapple,17
63d41088860131e49a85cfac,meatballs,74
63d41088860131e49a85cfac,vanillasoftservecone,94
63d41088860131e49a85cfac,peach,31
63d41088860131e49a85cfac,kiwi,90
63d41088860131e49a85cfac,ryebread,15
63d41088860131e49a85cfac,strawberryicecreamcone,81
63d41088860131e49a85cfac,caramel,96
63d7b127485d5655e70c8282,brownie,2
63d7b127485d5655e70c8282,kiwi,5
63d7b127485d5655e70c8282,toblerone,6
63d7b127485d5655e70c8282,lemoncake,7
63d7b127485d5655e70c8282,raspberry,2
63d7b127485d5655e70c8282,slicedloafbread,4
63d7b127485d5655e70c8282,chickentenders,91
63d7b127485d5655e70c8282,darkchocolate,94
63d7b127485d5655e70c8282,peach,4
63d7b127485d5655e70c8282,doritos,8
63d7b127485d5655e70c8282,deliturkey,7
63d7b127485d5655e70c8282,blackberry,9
63d7b127485d5655e70c8282,chocolateicecreamcone,10
63d7b127485d5655e70c8282,peanutmms,36
63d7b127485d5655e70c8282,greenbellpepper,68
63d7b127485d5655e70c8282,vanillasoftservecone,18
63d7b127485d5655e70c8282,peanuts,9
63d7b127485d5655e70c8282,apple,92
63d7b127485d5655e70c8282,goldendeliciousapple,13
63d7b127485d5655e70c8282,potatochips,81
63d7b127485d5655e70c8282,tuilecookie,15
63d7b127485d5655e70c8282,ritzcracker,12
63d7b127485d5655e70c8282,swisscheese,11
63d7b127485d5655e70c8282,cherry,8
63d7b127485d5655e70c8282,churro,15
63d7b127485d5655e70c8282,frostedbrownie,73
63d7b127485d5655e70c8282,vanillawafer,15
63d7b127485d5655e70c8282,grape,22
63d7b127485d5655e70c8282,honeydewmelon,82
63d7b127485d5655e70c8282,eggrolls,13
63d7b127485d5655e70c8282,frenchfries,83
63d7b127485d5655e70c8282,chocolatewafer,12
63d7b127485d5655e70c8282,pocky,12
63d7b127485d5655e70c8282,nutrigrainbar,12
63d7b127485d5655e70c8282,wheatthins,10
63d7b127485d5655e70c8282,caramel,8
63d7b127485d5655e70c8282,twistdonut,8
63d7b127485d5655e70c8282,sugarcookie,9
63d7b127485d5655e70c8282,triscuits,13
63d7b127485d5655e70c8282,meatballs,21
63d7b127485d5655e70c8282,baguette,15
63d7b127485d5655e70c8282,wavylays,90
63d7b127485d5655e70c8282,twix,5
63d7b127485d5655e70c8282,almonds,10
63d7b127485d5655e70c8282,ryebread,7
63d7b127485d5655e70c8282,thumprintcookie,10
63d7b127485d5655e70c8282,oatmealraisincookie,68
63d7b127485d5655e70c8282,chocolatebark,8
63d7b127485d5655e70c8282,tortillachips,73
63d7b127485d5655e70c8282,gouda,9
63d7b127485d5655e70c8282,butteredpopcorn,76
63d7b127485d5655e70c8282,madeleine,13
63d7b127485d5655e70c8282,strawberryicecreamcone,6
63d7b127485d5655e70c8282,lindtlindorchocolatetruffle,7
63d7b127485d5655e70c8282,plum,7
63d7b127485d5655e70c8282,carrot,4
63d7b127485d5655e70c8282,boulebread,5
63d7b127485d5655e70c8282,saltinecracker,5
63d7b127485d5655e70c8282,milkchocolate,7
63d7b127485d5655e70c8282,orange,6
63e1dbd6e3b024508cfb12e9,tortillachips,43
63e1dbd6e3b024508cfb12e9,boulebread,29
63e1dbd6e3b024508cfb12e9,baguette,23
63e1dbd6e3b024508cfb12e9,peanuts,16
63e1dbd6e3b024508cfb12e9,honeydewmelon,1
63e1dbd6e3b024508cfb12e9,eggrolls,52
63e1dbd6e3b024508cfb12e9,strawberryicecreamcone,65
63e1dbd6e3b024508cfb12e9,oatmealraisincookie,32
63e1dbd6e3b024508cfb12e9,slicedloafbread,13
63e1dbd6e3b024508cfb12e9,chocolateicecreamcone,93
63e1dbd6e3b024508cfb12e9,lindtlindorchocolatetruffle,67
63e1dbd6e3b024508cfb12e9,ryebread,29
63e1dbd6e3b024508cfb12e9,peanutmms,90
63e1dbd6e3b024508cfb12e9,nutrigrainbar,34
63e1dbd6e3b024508cfb12e9,grape,61
63e1dbd6e3b024508cfb12e9,gouda,70
63e1dbd6e3b024508cfb12e9,twistdonut,79
63e1dbd6e3b024508cfb12e9,twix,71
63e1dbd6e3b024508cfb12e9,kiwi,5
63e1dbd6e3b024508cfb12e9,raspberry,81
63e1dbd6e3b024508cfb12e9,wavylays,79
63e1dbd6e3b024508cfb12e9,frostedbrownie,38
63e1dbd6e3b024508cfb12e9,chickentenders,100
63e1dbd6e3b024508cfb12e9,deliturkey,91
63e1dbd6e3b024508cfb12e9,butteredpopcorn,78
63e1dbd6e3b024508cfb12e9,frenchfries,100
63e1dbd6e3b024508cfb12e9,brownie,74
63e1dbd6e3b024508cfb12e9,peach,67
63e1dbd6e3b024508cfb12e9,swisscheese,72
63e1dbd6e3b024508cfb12e9,goldendeliciousapple,18
63e1dbd6e3b024508cfb12e9,carrot,4
63e1dbd6e3b024508cfb12e9,thumprintcookie,35
63e1dbd6e3b024508cfb12e9,toblerone,95
63e1dbd6e3b024508cfb12e9,sugarcookie,47
63e1dbd6e3b024508cfb12e9,darkchocolate,63
63e1dbd6e3b024508cfb12e9,caramel,60
63e1dbd6e3b024508cfb12e9,churro,79
63e1dbd6e3b024508cfb12e9,vanillasoftservecone,95
63e1dbd6e3b024508cfb12e9,doritos,44
63e1dbd6e3b024508cfb12e9,pocky,51
63e1dbd6e3b024508cfb12e9,chocolatebark,68
63e1dbd6e3b024508cfb12e9,cherry,50
63e1dbd6e3b024508cfb12e9,plum,75
63e1dbd6e3b024508cfb12e9,apple,29
63e1dbd6e3b024508cfb12e9,triscuits,54
63e1dbd6e3b024508cfb12e9,madeleine,70
63e1dbd6e3b024508cfb12e9,blackberry,77
63e1dbd6e3b024508cfb12e9,ritzcracker,83
63e1dbd6e3b024508cfb12e9,meatballs,49
63e1dbd6e3b024508cfb12e9,lemoncake,18
63e1dbd6e3b024508cfb12e9,saltinecracker,81
63e1dbd6e3b024508cfb12e9,vanillawafer,47
63e1dbd6e3b024508cfb12e9,almonds,29
63e1dbd6e3b024508cfb12e9,chocolatewafer,68
63e1dbd6e3b024508cfb12e9,orange,69
63e1dbd6e3b024508cfb12e9,potatochips,88
63e1dbd6e3b024508cfb12e9,greenbellpepper,32
63e1dbd6e3b024508cfb12e9,milkchocolate,69
63e1dbd6e3b024508cfb12e9,tuilecookie,75
63e1dbd6e3b024508cfb12e9,wheatthins,67
63e51b881c0000d37060d8f7,nutrigrainbar,71
63e51b881c0000d37060d8f7,honeydewmelon,92
63e51b881c0000d37060d8f7,frenchfries,51
63e51b881c0000d37060d8f7,twistdonut,44
63e51b881c0000d37060d8f7,chocolatebark,40
63e51b881c0000d37060d8f7,eggrolls,51
63e51b881c0000d37060d8f7,swisscheese,22
63e51b881c0000d37060d8f7,baguette,81
63e51b881c0000d37060d8f7,saltinecracker,49
63e51b881c0000d37060d8f7,brownie,35
63e51b881c0000d37060d8f7,lemoncake,57
63e51b881c0000d37060d8f7,toblerone,65
63e51b881c0000d37060d8f7,vanillawafer,19
63e51b881c0000d37060d8f7,chocolateicecreamcone,13
63e51b881c0000d37060d8f7,darkchocolate,31
63e51b881c0000d37060d8f7,potatochips,12
63e51b881c0000d37060d8f7,sugarcookie,24
63e51b881c0000d37060d8f7,chocolatewafer,16
63e51b881c0000d37060d8f7,churro,22
63e51b881c0000d37060d8f7,slicedloafbread,20
63e51b881c0000d37060d8f7,tuilecookie,12
63e51b881c0000d37060d8f7,butteredpopcorn,12
63e51b881c0000d37060d8f7,frostedbrownie,20
63e51b881c0000d37060d8f7,ryebread,74
63e51b881c0000d37060d8f7,madeleine,41
63e51b881c0000d37060d8f7,caramel,18
63e51b881c0000d37060d8f7,lindtlindorchocolatetruffle,3
63e51b881c0000d37060d8f7,meatballs,76
63e51b881c0000d37060d8f7,tortillachips,22
63e51b881c0000d37060d8f7,gouda,48
63e51b881c0000d37060d8f7,carrot,83
63e51b881c0000d37060d8f7,thumprintcookie,16
63e51b881c0000d37060d8f7,peach,98
63e51b881c0000d37060d8f7,triscuits,81
63e51b881c0000d37060d8f7,doritos,8
63e51b881c0000d37060d8f7,grape,100
63e51b881c0000d37060d8f7,cherry,94
63e51b881c0000d37060d8f7,greenbellpepper,97
63e51b881c0000d37060d8f7,vanillasoftservecone,32
63e51b881c0000d37060d8f7,almonds,97
63e51b881c0000d37060d8f7,raspberry,100
63e51b881c0000d37060d8f7,oatmealraisincookie,36
63e51b881c0000d37060d8f7,peanutmms,25
63e51b881c0000d37060d8f7,twix,17
63e51b881c0000d37060d8f7,pocky,30
63e51b881c0000d37060d8f7,plum,98
63e51b881c0000d37060d8f7,boulebread,84
63e51b881c0000d37060d8f7,deliturkey,65
63e51b881c0000d37060d8f7,wheatthins,66
63e51b881c0000d37060d8f7,wavylays,14
63e51b881c0000d37060d8f7,milkchocolate,8
63e51b881c0000d37060d8f7,apple,100
63e51b881c0000d37060d8f7,kiwi,100
63e51b881c0000d37060d8f7,orange,100
63e51b881c0000d37060d8f7,strawberryicecreamcone,17
63e51b881c0000d37060d8f7,goldendeliciousapple,83
63e51b881c0000d37060d8f7,peanuts,48
63e51b881c0000d37060d8f7,chickentenders,87
63e51b881c0000d37060d8f7,blackberry,99
63e51b881c0000d37060d8f7,ritzcracker,74
63e5b3e89a3823139cb9d35e,blackberry,44
63e5b3e89a3823139cb9d35e,frostedbrownie,76
63e5b3e89a3823139cb9d35e,orange,30
63e5b3e89a3823139cb9d35e,plum,12
63e5b3e89a3823139cb9d35e,twix,65
63e5b3e89a3823139cb9d35e,tuilecookie,87
63e5b3e89a3823139cb9d35e,sugarcookie,81
63e5b3e89a3823139cb9d35e,cherry,29
63e5b3e89a3823139cb9d35e,vanillawafer,48
63e5b3e89a3823139cb9d35e,goldendeliciousapple,75
63e5b3e89a3823139cb9d35e,chocolatebark,80
63e5b3e89a3823139cb9d35e,nutrigrainbar,14
63e5b3e89a3823139cb9d35e,baguette,52
63e5b3e89a3823139cb9d35e,brownie,63
63e5b3e89a3823139cb9d35e,raspberry,65
63e5b3e89a3823139cb9d35e,madeleine,74
63e5b3e89a3823139cb9d35e,butteredpopcorn,59
63e5b3e89a3823139cb9d35e,ryebread,32
63e5b3e89a3823139cb9d35e,kiwi,72
63e5b3e89a3823139cb9d35e,triscuits,48
63e5b3e89a3823139cb9d35e,frenchfries,81
63e5b3e89a3823139cb9d35e,caramel,41
63e5b3e89a3823139cb9d35e,wavylays,30
63e5b3e89a3823139cb9d35e,lindtlindorchocolatetruffle,49
63e5b3e89a3823139cb9d35e,wheatthins,28
63e5b3e89a3823139cb9d35e,churro,72
63e5b3e89a3823139cb9d35e,tortillachips,48
63e5b3e89a3823139cb9d35e,potatochips,54
63e5b3e89a3823139cb9d35e,doritos,58
63e5b3e89a3823139cb9d35e,honeydewmelon,64
63e5b3e89a3823139cb9d35e,twistdonut,70
63e5b3e89a3823139cb9d35e,boulebread,52
63e5b3e89a3823139cb9d35e,thumprintcookie,78
63e5b3e89a3823139cb9d35e,darkchocolate,34
63e5b3e89a3823139cb9d35e,pocky,23
63e5b3e89a3823139cb9d35e,eggrolls,76
63e5b3e89a3823139cb9d35e,apple,62
63e5b3e89a3823139cb9d35e,oatmealraisincookie,85
63e5b3e89a3823139cb9d35e,peanuts,97
63e5b3e89a3823139cb9d35e,chocolateicecreamcone,77
63e5b3e89a3823139cb9d35e,grape,48
63e5b3e89a3823139cb9d35e,vanillasoftservecone,96
63e5b3e89a3823139cb9d35e,peach,69
63e5b3e89a3823139cb9d35e,meatballs,59
63e5b3e89a3823139cb9d35e,deliturkey,83
63e5b3e89a3823139cb9d35e,almonds,97
63e5b3e89a3823139cb9d35e,chocolatewafer,38
63e5b3e89a3823139cb9d35e,saltinecracker,45
63e5b3e89a3823139cb9d35e,carrot,59
63e5b3e89a3823139cb9d35e,lemoncake,70
63e5b3e89a3823139cb9d35e,ritzcracker,78
63e5b3e89a3823139cb9d35e,slicedloafbread,53
63e5b3e89a3823139cb9d35e,peanutmms,35
63e5b3e89a3823139cb9d35e,swisscheese,79
63e5b3e89a3823139cb9d35e,chickentenders,100
63e5b3e89a3823139cb9d35e,milkchocolate,65
63e5b3e89a3823139cb9d35e,gouda,73
63e5b3e89a3823139cb9d35e,greenbellpepper,58
63e5b3e89a3823139cb9d35e,toblerone,46
63e5b3e89a3823139cb9d35e,strawberryicecreamcone,100
63ead665638c8546d8c3a962,lemoncake,32
63ead665638c8546d8c3a962,peanuts,3
63ead665638c8546d8c3a962,twix,99
63ead665638c8546d8c3a962,swisscheese,2
63ead665638c8546d8c3a962,wavylays,64
63ead665638c8546d8c3a962,vanillasoftservecone,11
63ead665638c8546d8c3a962,nutrigrainbar,4
63ead665638c8546d8c3a962,darkchocolate,93
63ead665638c8546d8c3a962,oatmealraisincookie,14
63ead665638c8546d8c3a962,frostedbrownie,88
63ead665638c8546d8c3a962,potatochips,81
63ead665638c8546d8c3a962,churro,57
63ead665638c8546d8c3a962,grape,75
63ead665638c8546d8c3a962,butteredpopcorn,69
63ead665638c8546d8c3a962,slicedloafbread,4
63ead665638c8546d8c3a962,thumprintcookie,65
63ead665638c8546d8c3a962,sugarcookie,10
63ead665638c8546d8c3a962,caramel,82
63ead665638c8546d8c3a962,toblerone,76
63ead665638c8546d8c3a962,tortillachips,19
63ead665638c8546d8c3a962,tuilecookie,1
63ead665638c8546d8c3a962,meatballs,67
63ead665638c8546d8c3a962,chocolatewafer,75
63ead665638c8546d8c3a962,chocolatebark,70
63ead665638c8546d8c3a962,blackberry,1
63ead665638c8546d8c3a962,deliturkey,75
63ead665638c8546d8c3a962,doritos,78
63ead665638c8546d8c3a962,greenbellpepper,1
63ead665638c8546d8c3a962,milkchocolate,92
63ead665638c8546d8c3a962,pocky,98
63ead665638c8546d8c3a962,twistdonut,37
63ead665638c8546d8c3a962,raspberry,1
63ead665638c8546d8c3a962,madeleine,20
63ead665638c8546d8c3a962,brownie,78
63ead665638c8546d8c3a962,vanillawafer,61
63ead665638c8546d8c3a962,peach,1
63ead665638c8546d8c3a962,ryebread,1
63ead665638c8546d8c3a962,frenchfries,87
63ead665638c8546d8c3a962,boulebread,2
63ead665638c8546d8c3a962,eggrolls,80
63ead665638c8546d8c3a962,orange,1
63ead665638c8546d8c3a962,kiwi,1
63ead665638c8546d8c3a962,lindtlindorchocolatetruffle,77
63ead665638c8546d8c3a962,strawberryicecreamcone,73
63ead665638c8546d8c3a962,almonds,1
63ead665638c8546d8c3a962,carrot,3
63ead665638c8546d8c3a962,chocolateicecreamcone,93
63ead665638c8546d8c3a962,plum,1
63ead665638c8546d8c3a962,gouda,5
63ead665638c8546d8c3a962,peanutmms,100
63ead665638c8546d8c3a962,honeydewmelon,1
63ead665638c8546d8c3a962,ritzcracker,7
63ead665638c8546d8c3a962,goldendeliciousapple,2
63ead665638c8546d8c3a962,chickentenders,99
63ead665638c8546d8c3a962,wheatthins,13
63ead665638c8546d8c3a962,apple,1
63ead665638c8546d8c3a962,cherry,1
63ead665638c8546d8c3a962,triscuits,1
63ead665638c8546d8c3a962,baguette,10
63ead665638c8546d8c3a962,saltinecracker,5
641081a1261eb10752b72497,raspberry,81
641081a1261eb10752b72497,tortillachips,87
641081a1261eb10752b72497,pocky,33
641081a1261eb10752b72497,vanillasoftservecone,92
641081a1261eb10752b72497,slicedloafbread,26
641081a1261eb10752b72497,potatochips,88
641081a1261eb10752b72497,peanuts,88
641081a1261eb10752b72497,ryebread,18
641081a1261eb10752b72497,deliturkey,63
641081a1261eb10752b72497,frenchfries,77
641081a1261eb10752b72497,meatballs,61
641081a1261eb10752b72497,greenbellpepper,5
641081a1261eb10752b72497,cherry,69
641081a1261eb10752b72497,churro,75
641081a1261eb10752b72497,frostedbrownie,61
641081a1261eb10752b72497,blackberry,75
641081a1261eb10752b72497,plum,80
641081a1261eb10752b72497,grape,87
641081a1261eb10752b72497,wheatthins,68
641081a1261eb10752b72497,baguette,27
641081a1261eb10752b72497,oatmealraisincookie,82
641081a1261eb10752b72497,carrot,9
641081a1261eb10752b72497,swisscheese,91
641081a1261eb10752b72497,darkchocolate,84
641081a1261eb10752b72497,caramel,70
641081a1261eb10752b72497,goldendeliciousapple,49
641081a1261eb10752b72497,ritzcracker,59
641081a1261eb10752b72497,sugarcookie,78
641081a1261eb10752b72497,milkchocolate,92
641081a1261eb10752b72497,thumprintcookie,53
641081a1261eb10752b72497,lemoncake,78
641081a1261eb10752b72497,chocolatebark,75
641081a1261eb10752b72497,chocolatewafer,86
641081a1261eb10752b72497,chickentenders,70
641081a1261eb10752b72497,triscuits,67
641081a1261eb10752b72497,gouda,41
641081a1261eb10752b72497,twix,68
641081a1261eb10752b72497,apple,78
641081a1261eb10752b72497,toblerone,91
641081a1261eb10752b72497,peanutmms,72
641081a1261eb10752b72497,butteredpopcorn,88
641081a1261eb10752b72497,strawberryicecreamcone,30
641081a1261eb10752b72497,kiwi,77
641081a1261eb10752b72497,almonds,88
641081a1261eb10752b72497,honeydewmelon,30
641081a1261eb10752b72497,vanillawafer,84
641081a1261eb10752b72497,twistdonut,31
641081a1261eb10752b72497,eggrolls,35
641081a1261eb10752b72497,lindtlindorchocolatetruffle,64
641081a1261eb10752b72497,brownie,76
641081a1261eb10752b72497,wavylays,79
641081a1261eb10752b72497,peach,90
641081a1261eb10752b72497,doritos,78
641081a1261eb10752b72497,chocolateicecreamcone,29
641081a1261eb10752b72497,tuilecookie,63
641081a1261eb10752b72497,nutrigrainbar,45
641081a1261eb10752b72497,boulebread,29
641081a1261eb10752b72497,saltinecracker,72
641081a1261eb10752b72497,orange,18
641081a1261eb10752b72497,madeleine,33
6425da2ae14ac64b0138c3cb,slicedloafbread,33
6425da2ae14ac64b0138c3cb,butteredpopcorn,61
6425da2ae14ac64b0138c3cb,caramel,55
6425da2ae14ac64b0138c3cb,eggrolls,27
6425da2ae14ac64b0138c3cb,plum,1
6425da2ae14ac64b0138c3cb,sugarcookie,55
6425da2ae14ac64b0138c3cb,pocky,91
6425da2ae14ac64b0138c3cb,chickentenders,79
6425da2ae14ac64b0138c3cb,milkchocolate,83
6425da2ae14ac64b0138c3cb,orange,69
6425da2ae14ac64b0138c3cb,cherry,60
6425da2ae14ac64b0138c3cb,goldendeliciousapple,53
6425da2ae14ac64b0138c3cb,vanillawafer,71
6425da2ae14ac64b0138c3cb,doritos,40
6425da2ae14ac64b0138c3cb,greenbellpepper,10
6425da2ae14ac64b0138c3cb,peanuts,74
6425da2ae14ac64b0138c3cb,honeydewmelon,18
6425da2ae14ac64b0138c3cb,tortillachips,26
6425da2ae14ac64b0138c3cb,baguette,64
6425da2ae14ac64b0138c3cb,deliturkey,68
6425da2ae14ac64b0138c3cb,nutrigrainbar,87
6425da2ae14ac64b0138c3cb,wheatthins,55
6425da2ae14ac64b0138c3cb,chocolateicecreamcone,71
6425da2ae14ac64b0138c3cb,chocolatebark,81
6425da2ae14ac64b0138c3cb,meatballs,32
6425da2ae14ac64b0138c3cb,toblerone,91
6425da2ae14ac64b0138c3cb,chocolatewafer,73
6425da2ae14ac64b0138c3cb,darkchocolate,100
6425da2ae14ac64b0138c3cb,peach,6
6425da2ae14ac64b0138c3cb,saltinecracker,37
6425da2ae14ac64b0138c3cb,kiwi,1
6425da2ae14ac64b0138c3cb,madeleine,37
6425da2ae14ac64b0138c3cb,boulebread,58
6425da2ae14ac64b0138c3cb,almonds,84
6425da2ae14ac64b0138c3cb,churro,71
6425da2ae14ac64b0138c3cb,thumprintcookie,27
6425da2ae14ac64b0138c3cb,frostedbrownie,57
6425da2ae14ac64b0138c3cb,swisscheese,18
6425da2ae14ac64b0138c3cb,tuilecookie,64
6425da2ae14ac64b0138c3cb,triscuits,41
6425da2ae14ac64b0138c3cb,twix,62
6425da2ae14ac64b0138c3cb,apple,57
6425da2ae14ac64b0138c3cb,brownie,67
6425da2ae14ac64b0138c3cb,ryebread,54
6425da2ae14ac64b0138c3cb,twistdonut,73
6425da2ae14ac64b0138c3cb,lindtlindorchocolatetruffle,83
6425da2ae14ac64b0138c3cb,oatmealraisincookie,1
6425da2ae14ac64b0138c3cb,blackberry,31
6425da2ae14ac64b0138c3cb,ritzcracker,50
6425da2ae14ac64b0138c3cb,lemoncake,18
6425da2ae14ac64b0138c3cb,raspberry,39
6425da2ae14ac64b0138c3cb,strawberryicecreamcone,80
6425da2ae14ac64b0138c3cb,grape,29
6425da2ae14ac64b0138c3cb,vanillasoftservecone,67
6425da2ae14ac64b0138c3cb,wavylays,60
6425da2ae14ac64b0138c3cb,peanutmms,66
6425da2ae14ac64b0138c3cb,potatochips,71
6425da2ae14ac64b0138c3cb,gouda,1
6425da2ae14ac64b0138c3cb,carrot,34
6425da2ae14ac64b0138c3cb,frenchfries,73
6429ffe11a9806a9a95ad072,cherry,100
6429ffe11a9806a9a95ad072,potatochips,90
6429ffe11a9806a9a95ad072,nutrigrainbar,54
6429ffe11a9806a9a95ad072,milkchocolate,69
6429ffe11a9806a9a95ad072,chocolateicecreamcone,96
6429ffe11a9806a9a95ad072,pocky,4
6429ffe11a9806a9a95ad072,kiwi,56
6429ffe11a9806a9a95ad072,lemoncake,34
6429ffe11a9806a9a95ad072,peach,79
6429ffe11a9806a9a95ad072,saltinecracker,57
6429ffe11a9806a9a95ad072,almonds,99
6429ffe11a9806a9a95ad072,eggrolls,67
6429ffe11a9806a9a95ad072,apple,99
6429ffe11a9806a9a95ad072,madeleine,27
6429ffe11a9806a9a95ad072,chickentenders,2
6429ffe11a9806a9a95ad072,vanillasoftservecone,91
6429ffe11a9806a9a95ad072,grape,98
6429ffe11a9806a9a95ad072,goldendeliciousapple,38
6429ffe11a9806a9a95ad072,tuilecookie,12
6429ffe11a9806a9a95ad072,twistdonut,63
6429ffe11a9806a9a95ad072,toblerone,92
6429ffe11a9806a9a95ad072,lindtlindorchocolatetruffle,75
6429ffe11a9806a9a95ad072,swisscheese,98
6429ffe11a9806a9a95ad072,gouda,57
6429ffe11a9806a9a95ad072,baguette,99
6429ffe11a9806a9a95ad072,peanutmms,59
6429ffe11a9806a9a95ad072,wavylays,84
6429ffe11a9806a9a95ad072,carrot,70
6429ffe11a9806a9a95ad072,honeydewmelon,84
6429ffe11a9806a9a95ad072,peanuts,63
6429ffe11a9806a9a95ad072,frenchfries,86
6429ffe11a9806a9a95ad072,ritzcracker,66
6429ffe11a9806a9a95ad072,deliturkey,8
6429ffe11a9806a9a95ad072,boulebread,98
6429ffe11a9806a9a95ad072,thumprintcookie,90
6429ffe11a9806a9a95ad072,chocolatewafer,54
6429ffe11a9806a9a95ad072,oatmealraisincookie,63
6429ffe11a9806a9a95ad072,churro,61
6429ffe11a9806a9a95ad072,brownie,48
6429ffe11a9806a9a95ad072,sugarcookie,56
6429ffe11a9806a9a95ad072,tortillachips,49
6429ffe11a9806a9a95ad072,greenbellpepper,89
6429ffe11a9806a9a95ad072,darkchocolate,64
6429ffe11a9806a9a95ad072,slicedloafbread,11
6429ffe11a9806a9a95ad072,raspberry,100
6429ffe11a9806a9a95ad072,blackberry,78
6429ffe11a9806a9a95ad072,triscuits,7
6429ffe11a9806a9a95ad072,meatballs,4
6429ffe11a9806a9a95ad072,butteredpopcorn,71
6429ffe11a9806a9a95ad072,chocolatebark,71
6429ffe11a9806a9a95ad072,strawberryicecreamcone,89
6429ffe11a9806a9a95ad072,caramel,51
6429ffe11a9806a9a95ad072,orange,90
6429ffe11a9806a9a95ad072,doritos,41
6429ffe11a9806a9a95ad072,wheatthins,47
6429ffe11a9806a9a95ad072,twix,63
6429ffe11a9806a9a95ad072,frostedbrownie,39
6429ffe11a9806a9a95ad072,plum,97
6429ffe11a9806a9a95ad072,ryebread,97
6429ffe11a9806a9a95ad072,vanillawafer,15
642ee1cb7e6da0f6158a6743,wheatthins,9
642ee1cb7e6da0f6158a6743,vanillasoftservecone,70
642ee1cb7e6da0f6158a6743,peanutmms,25
642ee1cb7e6da0f6158a6743,ritzcracker,16
642ee1cb7e6da0f6158a6743,saltinecracker,17
642ee1cb7e6da0f6158a6743,lemoncake,17
642ee1cb7e6da0f6158a6743,brownie,49
642ee1cb7e6da0f6158a6743,slicedloafbread,49
642ee1cb7e6da0f6158a6743,potatochips,59
642ee1cb7e6da0f6158a6743,apple,79
642ee1cb7e6da0f6158a6743,twistdonut,52
642ee1cb7e6da0f6158a6743,almonds,49
642ee1cb7e6da0f6158a6743,greenbellpepper,24
642ee1cb7e6da0f6158a6743,tortillachips,40
642ee1cb7e6da0f6158a6743,vanillawafer,30
642ee1cb7e6da0f6158a6743,doritos,19
642ee1cb7e6da0f6158a6743,oatmealraisincookie,64
642ee1cb7e6da0f6158a6743,peach,81
642ee1cb7e6da0f6158a6743,deliturkey,74
642ee1cb7e6da0f6158a6743,meatballs,10
642ee1cb7e6da0f6158a6743,frenchfries,27
642ee1cb7e6da0f6158a6743,triscuits,9
642ee1cb7e6da0f6158a6743,goldendeliciousapple,77
642ee1cb7e6da0f6158a6743,orange,80
642ee1cb7e6da0f6158a6743,thumprintcookie,56
642ee1cb7e6da0f6158a6743,frostedbrownie,57
642ee1cb7e6da0f6158a6743,darkchocolate,77
642ee1cb7e6da0f6158a6743,plum,86
642ee1cb7e6da0f6158a6743,madeleine,19
642ee1cb7e6da0f6158a6743,chocolatebark,10
642ee1cb7e6da0f6158a6743,carrot,82
642ee1cb7e6da0f6158a6743,milkchocolate,10
642ee1cb7e6da0f6158a6743,raspberry,71
642ee1cb7e6da0f6158a6743,caramel,4
642ee1cb7e6da0f6158a6743,gouda,7
642ee1cb7e6da0f6158a6743,toblerone,8
642ee1cb7e6da0f6158a6743,kiwi,14
642ee1cb7e6da0f6158a6743,chocolateicecreamcone,50
642ee1cb7e6da0f6158a6743,strawberryicecreamcone,50
642ee1cb7e6da0f6158a6743,chickentenders,26
642ee1cb7e6da0f6158a6743,eggrolls,51
642ee1cb7e6da0f6158a6743,nutrigrainbar,10
642ee1cb7e6da0f6158a6743,pocky,49
642ee1cb7e6da0f6158a6743,boulebread,15
642ee1cb7e6da0f6158a6743,sugarcookie,38
642ee1cb7e6da0f6158a6743,tuilecookie,29
642ee1cb7e6da0f6158a6743,churro,7
642ee1cb7e6da0f6158a6743,twix,27
642ee1cb7e6da0f6158a6743,chocolatewafer,25
642ee1cb7e6da0f6158a6743,baguette,19
642ee1cb7e6da0f6158a6743,grape,71
642ee1cb7e6da0f6158a6743,butteredpopcorn,15
642ee1cb7e6da0f6158a6743,lindtlindorchocolatetruffle,50
642ee1cb7e6da0f6158a6743,cherry,80
642ee1cb7e6da0f6158a6743,blackberry,74
642ee1cb7e6da0f6158a6743,wavylays,63
642ee1cb7e6da0f6158a6743,peanuts,24
642ee1cb7e6da0f6158a6743,honeydewmelon,73
642ee1cb7e6da0f6158a6743,ryebread,21
642ee1cb7e6da0f6158a6743,swisscheese,6
6455616c0fe23ecca70ce1b9,wavylays,100
6455616c0fe23ecca70ce1b9,pocky,79
6455616c0fe23ecca70ce1b9,peanutmms,100
6455616c0fe23ecca70ce1b9,greenbellpepper,6
6455616c0fe23ecca70ce1b9,oatmealraisincookie,84
6455616c0fe23ecca70ce1b9,brownie,62
6455616c0fe23ecca70ce1b9,chickentenders,82
6455616c0fe23ecca70ce1b9,eggrolls,79
6455616c0fe23ecca70ce1b9,potatochips,100
6455616c0fe23ecca70ce1b9,raspberry,74
6455616c0fe23ecca70ce1b9,butteredpopcorn,14
6455616c0fe23ecca70ce1b9,carrot,59
6455616c0fe23ecca70ce1b9,plum,65
6455616c0fe23ecca70ce1b9,twistdonut,100
6455616c0fe23ecca70ce1b9,lemoncake,97
6455616c0fe23ecca70ce1b9,caramel,100
6455616c0fe23ecca70ce1b9,saltinecracker,51
6455616c0fe23ecca70ce1b9,vanillawafer,94
6455616c0fe23ecca70ce1b9,apple,58
6455616c0fe23ecca70ce1b9,nutrigrainbar,33
6455616c0fe23ecca70ce1b9,swisscheese,94
6455616c0fe23ecca70ce1b9,toblerone,90
6455616c0fe23ecca70ce1b9,frostedbrownie,88
6455616c0fe23ecca70ce1b9,chocolatewafer,96
6455616c0fe23ecca70ce1b9,chocolatebark,97
6455616c0fe23ecca70ce1b9,twix,89
6455616c0fe23ecca70ce1b9,darkchocolate,92
6455616c0fe23ecca70ce1b9,vanillasoftservecone,100
6455616c0fe23ecca70ce1b9,madeleine,72
6455616c0fe23ecca70ce1b9,almonds,63
6455616c0fe23ecca70ce1b9,thumprintcookie,60
6455616c0fe23ecca70ce1b9,kiwi,12
6455616c0fe23ecca70ce1b9,sugarcookie,57
6455616c0fe23ecca70ce1b9,ryebread,67
6455616c0fe23ecca70ce1b9,slicedloafbread,54
6455616c0fe23ecca70ce1b9,chocolateicecreamcone,98
6455616c0fe23ecca70ce1b9,tortillachips,99
6455616c0fe23ecca70ce1b9,gouda,94
6455616c0fe23ecca70ce1b9,churro,77
6455616c0fe23ecca70ce1b9,honeydewmelon,32
6455616c0fe23ecca70ce1b9,boulebread,79
6455616c0fe23ecca70ce1b9,blackberry,55
6455616c0fe23ecca70ce1b9,orange,80
6455616c0fe23ecca70ce1b9,peanuts,17
6455616c0fe23ecca70ce1b9,baguette,77
6455616c0fe23ecca70ce1b9,strawberryicecreamcone,100
6455616c0fe23ecca70ce1b9,frenchfries,96
6455616c0fe23ecca70ce1b9,grape,87
6455616c0fe23ecca70ce1b9,deliturkey,75
6455616c0fe23ecca70ce1b9,goldendeliciousapple,41
6455616c0fe23ecca70ce1b9,triscuits,51
6455616c0fe23ecca70ce1b9,wheatthins,55
6455616c0fe23ecca70ce1b9,doritos,95
6455616c0fe23ecca70ce1b9,cherry,100
6455616c0fe23ecca70ce1b9,lindtlindorchocolatetruffle,71
6455616c0fe23ecca70ce1b9,tuilecookie,71
6455616c0fe23ecca70ce1b9,milkchocolate,89
6455616c0fe23ecca70ce1b9,peach,70
6455616c0fe23ecca70ce1b9,meatballs,53
6455616c0fe23ecca70ce1b9,ritzcracker,88
6489676d76f9a61be61aa31c,baguette,100
6489676d76f9a61be61aa31c,tortillachips,100
6489676d76f9a61be61aa31c,chocolateicecreamcone,100
6489676d76f9a61be61aa31c,wheatthins,100
6489676d76f9a61be61aa31c,ritzcracker,100
6489676d76f9a61be61aa31c,grape,100
6489676d76f9a61be61aa31c,blackberry,100
6489676d76f9a61be61aa31c,madeleine,100
6489676d76f9a61be61aa31c,cherry,100
6489676d76f9a61be61aa31c,oatmealraisincookie,100
6489676d76f9a61be61aa31c,wavylays,100
6489676d76f9a61be61aa31c,greenbellpepper,97
6489676d76f9a61be61aa31c,frenchfries,99
6489676d76f9a61be61aa31c,lemoncake,100
6489676d76f9a61be61aa31c,gouda,100
6489676d76f9a61be61aa31c,chickentenders,99
6489676d76f9a61be61aa31c,peach,100
6489676d76f9a61be61aa31c,triscuits,100
6489676d76f9a61be61aa31c,vanillawafer,100
6489676d76f9a61be61aa31c,chocolatebark,100
6489676d76f9a61be61aa31c,honeydewmelon,99
6489676d76f9a61be61aa31c,orange,90
6489676d76f9a61be61aa31c,caramel,100
6489676d76f9a61be61aa31c,apple,99
6489676d76f9a61be61aa31c,peanutmms,11
6489676d76f9a61be61aa31c,frostedbrownie,100
6489676d76f9a61be61aa31c,plum,96
6489676d76f9a61be61aa31c,doritos,94
6489676d76f9a61be61aa31c,darkchocolate,96
6489676d76f9a61be61aa31c,carrot,98
6489676d76f9a61be61aa31c,ryebread,97
6489676d76f9a61be61aa31c,tuilecookie,7
6489676d76f9a61be61aa31c,meatballs,9
6489676d76f9a61be61aa31c,butteredpopcorn,97
6489676d76f9a61be61aa31c,strawberryicecreamcone,100
6489676d76f9a61be61aa31c,churro,100
6489676d76f9a61be61aa31c,boulebread,96
6489676d76f9a61be61aa31c,potatochips,100
6489676d76f9a61be61aa31c,saltinecracker,93
6489676d76f9a61be61aa31c,twix,97
6489676d76f9a61be61aa31c,vanillasoftservecone,100
6489676d76f9a61be61aa31c,peanuts,98
6489676d76f9a61be61aa31c,kiwi,99
6489676d76f9a61be61aa31c,pocky,99
6489676d76f9a61be61aa31c,almonds,57
6489676d76f9a61be61aa31c,slicedloafbread,93
6489676d76f9a61be61aa31c,lindtlindorchocolatetruffle,89
6489676d76f9a61be61aa31c,goldendeliciousapple,99
6489676d76f9a61be61aa31c,chocolatewafer,95
6489676d76f9a61be61aa31c,swisscheese,96
6489676d76f9a61be61aa31c,eggrolls,63
6489676d76f9a61be61aa31c,thumprintcookie,82
6489676d76f9a61be61aa31c,milkchocolate,92
6489676d76f9a61be61aa31c,toblerone,98
6489676d76f9a61be61aa31c,twistdonut,95
6489676d76f9a61be61aa31c,deliturkey,94
6489676d76f9a61be61aa31c,brownie,87
6489676d76f9a61be61aa31c,nutrigrainbar,86
6489676d76f9a61be61aa31c,raspberry,90
6489676d76f9a61be61aa31c,sugarcookie,86
