subject_id,item_name,rating,timepoint
101,orange,26,1
101,plum,10,1
101,blackberry,38,1
101,peach,8,1
101,cherry,11,1
101,raspberry,43,1
101,apple,88,1
101,grape,96,1
101,goldendeliciousapple,89,1
101,honeydewmelon,33,1
101,kiwi,23,1
101,greenbellpepper,51,1
101,carrot,51,1
101,peanuts,63,1
101,almonds,97,1
101,baguette,89,1
101,slicedloafbread,72,1
101,boulebread,78,1
101,ryebread,61,1
101,deliturkey,74,1
101,chickentenders,84,1
101,meatballs,74,1
101,gouda,68,1
101,swisscheese,64,1
101,potatochips,100,1
101,tortillachips,96,1
101,doritos,100,1
101,ritzcracker,100,1
101,saltinecracker,100,1
101,wheatthins,100,1
101,eggrolls,65,1
101,frenchfries,100,1
101,butteredpopcorn,87,1
101,triscuits,39,1
101,wavylays,100,1
101,chocolateicecreamcone,100,1
101,strawberryicecreamcone,92,1
101,vanillasoftservecone,99,1
101,nutrigrainbar,63,1
101,churro,100,1
101,twistdonut,92,1
101,tuilecookie,68,1
101,madeleine,89,1
101,oatmealraisincookie,27,1
101,thumprintcookie,88,1
101,sugarcookie,96,1
101,vanillawafer,100,1
101,chocolatewafer,100,1
101,chocolatebark,77,1
101,darkchocolate,92,1
101,milkchocolate,99,1
101,pocky,77,1
101,toblerone,100,1
101,lindtlindorchocolatetruffle,100,1
101,twix,100,1
101,caramel,94,1
101,peanutmms,100,1
101,brownie,100,1
101,frostedbrownie,100,1
101,lemoncake,100,1
102,orange,75,1
102,plum,29,1
102,blackberry,70,1
102,peach,22,1
102,cherry,57,1
102,raspberry,62,1
102,apple,63,1
102,grape,75,1
102,goldendeliciousapple,29,1
102,honeydewmelon,53,1
102,kiwi,35,1
102,greenbellpepper,4,1
102,carrot,72,1
102,peanuts,71,1
102,almonds,88,1
102,baguette,74,1
102,slicedloafbread,26,1
102,boulebread,15,1
102,ryebread,27,1
102,deliturkey,81,1
102,chickentenders,87,1
102,meatballs,75,1
102,gouda,43,1
102,swisscheese,64,1
102,potatochips,73,1
102,tortillachips,84,1
102,doritos,72,1
102,ritzcracker,69,1
102,saltinecracker,71,1
102,wheatthins,9,1
102,eggrolls,79,1
102,frenchfries,84,1
102,butteredpopcorn,54,1
102,triscuits,27,1
102,wavylays,83,1
102,chocolateicecreamcone,48,1
102,strawberryicecreamcone,33,1
102,vanillasoftservecone,33,1
102,nutrigrainbar,69,1
102,churro,73,1
102,twistdonut,62,1
102,tuilecookie,45,1
102,madeleine,32,1
102,oatmealraisincookie,51,1
102,thumprintcookie,26,1
102,sugarcookie,59,1
102,vanillawafer,72,1
102,chocolatewafer,81,1
102,chocolatebark,27,1
102,darkchocolate,39,1
102,milkchocolate,80,1
102,pocky,100,1
102,toblerone,41,1
102,lindtlindorchocolatetruffle,57,1
102,twix,79,1
102,caramel,3,1
102,peanutmms,72,1
102,brownie,79,1
102,frostedbrownie,82,1
102,lemoncake,63,1
103,orange,43,1
103,plum,45,1
103,blackberry,32,1
103,peach,40,1
103,cherry,45,1
103,raspberry,34,1
103,apple,55,1
103,grape,54,1
103,goldendeliciousapple,48,1
103,honeydewmelon,36,1
103,kiwi,54,1
103,greenbellpepper,37,1
103,carrot,46,1
103,peanuts,41,1
103,almonds,49,1
103,baguette,49,1
103,slicedloafbread,48,1
103,boulebread,48,1
103,ryebread,44,1
103,deliturkey,60,1
103,chickentenders,77,1
103,meatballs,53,1
103,gouda,48,1
103,swisscheese,49,1
103,potatochips,51,1
103,tortillachips,47,1
103,doritos,43,1
103,ritzcracker,48,1
103,saltinecracker,43,1
103,wheatthins,48,1
103,eggrolls,50,1
103,frenchfries,51,1
103,butteredpopcorn,47,1
103,triscuits,32,1
103,wavylays,51,1
103,chocolateicecreamcone,60,1
103,strawberryicecreamcone,56,1
103,vanillasoftservecone,60,1
103,nutrigrainbar,42,1
103,churro,44,1
103,twistdonut,45,1
103,tuilecookie,48,1
103,madeleine,50,1
103,oatmealraisincookie,25,1
103,thumprintcookie,51,1
103,sugarcookie,50,1
103,vanillawafer,55,1
103,chocolatewafer,52,1
103,chocolatebark,44,1
103,darkchocolate,50,1
103,milkchocolate,58,1
103,pocky,55,1
103,toblerone,50,1
103,lindtlindorchocolatetruffle,54,1
103,twix,59,1
103,caramel,43,1
103,peanutmms,49,1
103,brownie,64,1
103,frostedbrownie,66,1
103,lemoncake,66,1
104,orange,68,1
104,plum,85,1
104,blackberry,52,1
104,peach,79,1
104,cherry,91,1
104,raspberry,68,1
104,apple,66,1
104,grape,85,1
104,goldendeliciousapple,36,1
104,honeydewmelon,78,1
104,kiwi,36,1
104,greenbellpepper,88,1
104,carrot,57,1
104,peanuts,47,1
104,almonds,47,1
104,baguette,69,1
104,slicedloafbread,60,1
104,boulebread,75,1
104,ryebread,70,1
104,deliturkey,56,1
104,chickentenders,42,1
104,meatballs,29,1
104,gouda,30,1
104,swisscheese,37,1
104,potatochips,41,1
104,tortillachips,48,1
104,doritos,47,1
104,ritzcracker,76,1
104,saltinecracker,51,1
104,wheatthins,45,1
104,eggrolls,55,1
104,frenchfries,38,1
104,butteredpopcorn,39,1
104,triscuits,58,1
104,wavylays,43,1
104,chocolateicecreamcone,64,1
104,strawberryicecreamcone,69,1
104,vanillasoftservecone,75,1
104,nutrigrainbar,50,1
104,churro,32,1
104,twistdonut,22,1
104,tuilecookie,54,1
104,madeleine,61,1
104,oatmealraisincookie,50,1
104,thumprintcookie,53,1
104,sugarcookie,62,1
104,vanillawafer,41,1
104,chocolatewafer,34,1
104,chocolatebark,76,1
104,darkchocolate,41,1
104,milkchocolate,60,1
104,pocky,90,1
104,toblerone,73,1
104,lindtlindorchocolatetruffle,63,1
104,twix,72,1
104,caramel,51,1
104,peanutmms,66,1
104,brownie,37,1
104,frostedbrownie,43,1
104,lemoncake,60,1
105,orange,87,1
105,plum,30,1
105,blackberry,92,1
105,peach,77,1
105,cherry,10,1
105,raspberry,92,1
105,apple,75,1
105,grape,82,1
105,goldendeliciousapple,69,1
105,honeydewmelon,74,1
105,kiwi,20,1
105,greenbellpepper,28,1
105,carrot,74,1
105,peanuts,30,1
105,almonds,55,1
105,baguette,81,1
105,slicedloafbread,19,1
105,boulebread,50,1
105,ryebread,53,1
105,deliturkey,50,1
105,chickentenders,39,1
105,meatballs,7,1
105,gouda,59,1
105,swisscheese,68,1
105,potatochips,5,1
105,tortillachips,32,1
105,doritos,5,1
105,ritzcracker,6,1
105,saltinecracker,25,1
105,wheatthins,10,1
105,eggrolls,17,1
105,frenchfries,10,1
105,butteredpopcorn,17,1
105,triscuits,3,1
105,wavylays,27,1
105,chocolateicecreamcone,49,1
105,strawberryicecreamcone,27,1
105,vanillasoftservecone,39,1
105,nutrigrainbar,53,1
105,churro,29,1
105,twistdonut,55,1
105,tuilecookie,14,1
105,madeleine,9,1
105,oatmealraisincookie,51,1
105,thumprintcookie,7,1
105,sugarcookie,5,1
105,vanillawafer,4,1
105,chocolatewafer,11,1
105,chocolatebark,84,1
105,darkchocolate,23,1
105,milkchocolate,80,1
105,pocky,11,1
105,toblerone,94,1
105,lindtlindorchocolatetruffle,29,1
105,twix,47,1
105,caramel,30,1
105,peanutmms,86,1
105,brownie,72,1
105,frostedbrownie,73,1
105,lemoncake,18,1
106,orange,94,1
106,plum,100,1
106,blackberry,72,1
106,peach,99,1
106,cherry,1,1
106,raspberry,80,1
106,apple,62,1
106,grape,1,1
106,goldendeliciousapple,69,1
106,honeydewmelon,1,1
106,kiwi,1,1
106,greenbellpepper,60,1
106,carrot,63,1
106,peanuts,1,1
106,almonds,1,1
106,baguette,68,1
106,slicedloafbread,92,1
106,boulebread,86,1
106,ryebread,83,1
106,deliturkey,61,1
106,chickentenders,14,1
106,meatballs,1,1
106,gouda,26,1
106,swisscheese,65,1
106,potatochips,1,1
106,tortillachips,1,1
106,doritos,1,1
106,ritzcracker,57,1
106,saltinecracker,65,1
106,wheatthins,16,1
106,eggrolls,61,1
106,frenchfries,1,1
106,butteredpopcorn,62,1
106,triscuits,1,1
106,wavylays,1,1
106,chocolateicecreamcone,94,1
106,strawberryicecreamcone,85,1
106,vanillasoftservecone,65,1
106,nutrigrainbar,2,1
106,churro,69,1
106,twistdonut,90,1
106,tuilecookie,11,1
106,madeleine,63,1
106,oatmealraisincookie,1,1
106,thumprintcookie,83,1
106,sugarcookie,56,1
106,vanillawafer,1,1
106,chocolatewafer,1,1
106,chocolatebark,2,1
106,darkchocolate,31,1
106,milkchocolate,82,1
106,pocky,8,1
106,toblerone,81,1
106,lindtlindorchocolatetruffle,1,1
106,twix,14,1
106,caramel,1,1
106,peanutmms,1,1
106,brownie,63,1
106,frostedbrownie,74,1
106,lemoncake,88,1
107,orange,47,1
107,plum,11,1
107,blackberry,6,1
107,peach,11,1
107,cherry,3,1
107,raspberry,5,1
107,apple,55,1
107,grape,1,1
107,goldendeliciousapple,48,1
107,honeydewmelon,1,1
107,kiwi,36,1
107,greenbellpepper,3,1
107,carrot,3,1
107,peanuts,50,1
107,almonds,3,1
107,baguette,27,1
107,slicedloafbread,18,1
107,boulebread,15,1
107,ryebread,14,1
107,deliturkey,38,1
107,chickentenders,77,1
107,meatballs,49,1
107,gouda,16,1
107,swisscheese,49,1
107,potatochips,53,1
107,tortillachips,86,1
107,doritos,71,1
107,ritzcracker,58,1
107,saltinecracker,61,1
107,wheatthins,61,1
107,eggrolls,49,1
107,frenchfries,75,1
107,butteredpopcorn,17,1
107,triscuits,60,1
107,wavylays,66,1
107,chocolateicecreamcone,80,1
107,strawberryicecreamcone,90,1
107,vanillasoftservecone,86,1
107,nutrigrainbar,9,1
107,churro,13,1
107,twistdonut,85,1
107,tuilecookie,35,1
107,madeleine,23,1
107,oatmealraisincookie,14,1
107,thumprintcookie,68,1
107,sugarcookie,94,1
107,vanillawafer,74,1
107,chocolatewafer,84,1
107,chocolatebark,49,1
107,darkchocolate,86,1
107,milkchocolate,98,1
107,pocky,5,1
107,toblerone,74,1
107,lindtlindorchocolatetruffle,70,1
107,twix,80,1
107,caramel,48,1
107,peanutmms,95,1
107,brownie,93,1
107,frostedbrownie,88,1
107,lemoncake,87,1
108,orange,18,1
108,plum,17,1
108,blackberry,6,1
108,peach,11,1
108,cherry,11,1
108,raspberry,8,1
108,apple,36,1
108,grape,7,1
108,goldendeliciousapple,25,1
108,honeydewmelon,8,1
108,kiwi,9,1
108,greenbellpepper,15,1
108,carrot,28,1
108,peanuts,31,1
108,almonds,18,1
108,baguette,21,1
108,slicedloafbread,33,1
108,boulebread,13,1
108,ryebread,31,1
108,deliturkey,93,1
108,chickentenders,68,1
108,meatballs,84,1
108,gouda,12,1
108,swisscheese,25,1
108,potatochips,70,1
108,tortillachips,26,1
108,doritos,65,1
108,ritzcracker,89,1
108,saltinecracker,75,1
108,wheatthins,64,1
108,eggrolls,38,1
108,frenchfries,27,1
108,butteredpopcorn,39,1
108,triscuits,24,1
108,wavylays,85,1
108,chocolateicecreamcone,87,1
108,strawberryicecreamcone,78,1
108,vanillasoftservecone,67,1
108,nutrigrainbar,7,1
108,churro,51,1
108,twistdonut,68,1
108,tuilecookie,24,1
108,madeleine,34,1
108,oatmealraisincookie,23,1
108,thumprintcookie,27,1
108,sugarcookie,68,1
108,vanillawafer,90,1
108,chocolatewafer,27,1
108,chocolatebark,26,1
108,darkchocolate,68,1
108,milkchocolate,74,1
108,pocky,20,1
108,toblerone,36,1
108,lindtlindorchocolatetruffle,51,1
108,twix,46,1
108,caramel,79,1
108,peanutmms,89,1
108,brownie,82,1
108,frostedbrownie,85,1
108,lemoncake,18,1
109,orange,100,1
109,plum,100,1
109,blackberry,28,1
109,peach,100,1
109,cherry,100,1
109,raspberry,27,1
109,apple,100,1
109,grape,74,1
109,goldendeliciousapple,100,1
109,honeydewmelon,74,1
109,kiwi,76,1
109,greenbellpepper,50,1
109,carrot,1,1
109,peanuts,76,1
109,almonds,75,1
109,baguette,73,1
109,slicedloafbread,50,1
109,boulebread,69,1
109,ryebread,71,1
109,deliturkey,51,1
109,chickentenders,50,1
109,meatballs,30,1
109,gouda,76,1
109,swisscheese,100,1
109,potatochips,76,1
109,tortillachips,76,1
109,doritos,75,1
109,ritzcracker,78,1
109,saltinecracker,50,1
109,wheatthins,68,1
109,eggrolls,51,1
109,frenchfries,100,1
109,butteredpopcorn,73,1
109,triscuits,51,1
109,wavylays,100,1
109,chocolateicecreamcone,100,1
109,strawberryicecreamcone,36,1
109,vanillasoftservecone,100,1
109,nutrigrainbar,50,1
109,churro,49,1
109,twistdonut,50,1
109,tuilecookie,76,1
109,madeleine,77,1
109,oatmealraisincookie,51,1
109,thumprintcookie,51,1
109,sugarcookie,51,1
109,vanillawafer,51,1
109,chocolatewafer,51,1
109,chocolatebark,51,1
109,darkchocolate,80,1
109,milkchocolate,76,1
109,pocky,100,1
109,toblerone,63,1
109,lindtlindorchocolatetruffle,51,1
109,twix,75,1
109,caramel,29,1
109,peanutmms,50,1
109,brownie,51,1
109,frostedbrownie,50,1
109,lemoncake,50,1
110,orange,98,1
110,plum,99,1
110,blackberry,99,1
110,peach,99,1
110,cherry,79,1
110,raspberry,99,1
110,apple,99,1
110,grape,99,1
110,goldendeliciousapple,100,1
110,honeydewmelon,83,1
110,kiwi,78,1
110,greenbellpepper,15,1
110,carrot,76,1
110,peanuts,98,1
110,almonds,98,1
110,baguette,36,1
110,slicedloafbread,52,1
110,boulebread,38,1
110,ryebread,41,1
110,deliturkey,90,1
110,chickentenders,80,1
110,meatballs,75,1
110,gouda,25,1
110,swisscheese,75,1
110,potatochips,72,1
110,tortillachips,84,1
110,doritos,81,1
110,ritzcracker,81,1
110,saltinecracker,53,1
110,wheatthins,75,1
110,eggrolls,92,1
110,frenchfries,24,1
110,butteredpopcorn,24,1
110,triscuits,67,1
110,wavylays,73,1
110,chocolateicecreamcone,100,1
110,strawberryicecreamcone,99,1
110,vanillasoftservecone,87,1
110,nutrigrainbar,87,1
110,churro,80,1
110,twistdonut,66,1
110,tuilecookie,50,1
110,madeleine,84,1
110,oatmealraisincookie,84,1
110,thumprintcookie,80,1
110,sugarcookie,79,1
110,vanillawafer,76,1
110,chocolatewafer,86,1
110,chocolatebark,76,1
110,darkchocolate,97,1
110,milkchocolate,93,1
110,pocky,54,1
110,toblerone,87,1
110,lindtlindorchocolatetruffle,86,1
110,twix,87,1
110,caramel,63,1
110,peanutmms,97,1
110,brownie,92,1
110,frostedbrownie,73,1
110,lemoncake,30,1
111,orange,100,1
111,plum,100,1
111,blackberry,100,1
111,peach,92,1
111,cherry,100,1
111,raspberry,100,1
111,apple,100,1
111,grape,100,1
111,goldendeliciousapple,91,1
111,honeydewmelon,100,1
111,kiwi,100,1
111,greenbellpepper,83,1
111,carrot,100,1
111,peanuts,88,1
111,almonds,88,1
111,baguette,72,1
111,slicedloafbread,100,1
111,boulebread,100,1
111,ryebread,89,1
111,deliturkey,94,1
111,chickentenders,100,1
111,meatballs,100,1
111,gouda,96,1
111,swisscheese,100,1
111,potatochips,81,1
111,tortillachips,100,1
111,doritos,100,1
111,ritzcracker,97,1
111,saltinecracker,88,1
111,wheatthins,92,1
111,eggrolls,98,1
111,frenchfries,100,1
111,butteredpopcorn,100,1
111,triscuits,100,1
111,wavylays,97,1
111,chocolateicecreamcone,15,1
111,strawberryicecreamcone,21,1
111,vanillasoftservecone,36,1
111,nutrigrainbar,84,1
111,churro,72,1
111,twistdonut,80,1
111,tuilecookie,82,1
111,madeleine,69,1
111,oatmealraisincookie,61,1
111,thumprintcookie,86,1
111,sugarcookie,84,1
111,vanillawafer,85,1
111,chocolatewafer,85,1
111,chocolatebark,100,1
111,darkchocolate,48,1
111,milkchocolate,31,1
111,pocky,47,1
111,toblerone,46,1
111,lindtlindorchocolatetruffle,16,1
111,twix,71,1
111,caramel,75,1
111,peanutmms,13,1
111,brownie,100,1
111,frostedbrownie,82,1
111,lemoncake,29,1
112,orange,2,1
112,plum,70,1
112,blackberry,65,1
112,peach,2,1
112,cherry,70,1
112,raspberry,92,1
112,apple,2,1
112,grape,99,1
112,goldendeliciousapple,2,1
112,honeydewmelon,75,1
112,kiwi,2,1
112,greenbellpepper,14,1
112,carrot,3,1
112,peanuts,99,1
112,almonds,90,1
112,baguette,18,1
112,slicedloafbread,7,1
112,boulebread,32,1
112,ryebread,30,1
112,deliturkey,3,1
112,chickentenders,2,1
112,meatballs,3,1
112,gouda,58,1
112,swisscheese,72,1
112,potatochips,41,1
112,tortillachips,57,1
112,doritos,62,1
112,ritzcracker,55,1
112,saltinecracker,64,1
112,wheatthins,76,1
112,eggrolls,60,1
112,frenchfries,2,1
112,butteredpopcorn,1,1
112,triscuits,77,1
112,wavylays,60,1
112,chocolateicecreamcone,99,1
112,strawberryicecreamcone,2,1
112,vanillasoftservecone,98,1
112,nutrigrainbar,2,1
112,churro,1,1
112,twistdonut,7,1
112,tuilecookie,2,1
112,madeleine,10,1
112,oatmealraisincookie,94,1
112,thumprintcookie,85,1
112,sugarcookie,80,1
112,vanillawafer,3,1
112,chocolatewafer,2,1
112,chocolatebark,55,1
112,darkchocolate,62,1
112,milkchocolate,22,1
112,pocky,60,1
112,toblerone,5,1
112,lindtlindorchocolatetruffle,2,1
112,twix,2,1
112,caramel,2,1
112,peanutmms,76,1
112,brownie,9,1
112,frostedbrownie,23,1
112,lemoncake,2,1
113,orange,52,1
113,plum,48,1
113,blackberry,46,1
113,peach,49,1
113,cherry,48,1
113,raspberry,48,1
113,apple,49,1
113,grape,63,1
113,goldendeliciousapple,48,1
113,honeydewmelon,55,1
113,kiwi,51,1
113,greenbellpepper,1,1
113,carrot,6,1
113,peanuts,65,1
113,almonds,60,1
113,baguette,26,1
113,slicedloafbread,26,1
113,boulebread,34,1
113,ryebread,24,1
113,deliturkey,57,1
113,chickentenders,66,1
113,meatballs,57,1
113,gouda,55,1
113,swisscheese,58,1
113,potatochips,67,1
113,tortillachips,56,1
113,doritos,69,1
113,ritzcracker,31,1
113,saltinecracker,25,1
113,wheatthins,30,1
113,eggrolls,61,1
113,frenchfries,61,1
113,butteredpopcorn,68,1
113,triscuits,28,1
113,wavylays,63,1
113,chocolateicecreamcone,84,1
113,strawberryicecreamcone,83,1
113,vanillasoftservecone,85,1
113,nutrigrainbar,57,1
113,churro,63,1
113,twistdonut,29,1
113,tuilecookie,58,1
113,madeleine,58,1
113,oatmealraisincookie,69,1
113,thumprintcookie,65,1
113,sugarcookie,61,1
113,vanillawafer,63,1
113,chocolatewafer,88,1
113,chocolatebark,59,1
113,darkchocolate,79,1
113,milkchocolate,75,1
113,pocky,49,1
113,toblerone,81,1
113,lindtlindorchocolatetruffle,72,1
113,twix,82,1
113,caramel,54,1
113,peanutmms,71,1
113,brownie,71,1
113,frostedbrownie,67,1
113,lemoncake,61,1
114,orange,15,1
114,plum,13,1
114,blackberry,40,1
114,peach,21,1
114,cherry,67,1
114,raspberry,61,1
114,apple,4,1
114,grape,15,1
114,goldendeliciousapple,11,1
114,honeydewmelon,7,1
114,kiwi,4,1
114,greenbellpepper,2,1
114,carrot,4,1
114,peanuts,1,1
114,almonds,1,1
114,baguette,63,1
114,slicedloafbread,24,1
114,boulebread,24,1
114,ryebread,52,1
114,deliturkey,62,1
114,chickentenders,100,1
114,meatballs,8,1
114,gouda,9,1
114,swisscheese,13,1
114,potatochips,88,1
114,tortillachips,45,1
114,doritos,76,1
114,ritzcracker,76,1
114,saltinecracker,27,1
114,wheatthins,66,1
114,eggrolls,30,1
114,frenchfries,76,1
114,butteredpopcorn,87,1
114,triscuits,1,1
114,wavylays,83,1
114,chocolateicecreamcone,100,1
114,strawberryicecreamcone,100,1
114,vanillasoftservecone,100,1
114,nutrigrainbar,1,1
114,churro,8,1
114,twistdonut,74,1
114,tuilecookie,41,1
114,madeleine,100,1
114,oatmealraisincookie,7,1
114,thumprintcookie,83,1
114,sugarcookie,74,1
114,vanillawafer,91,1
114,chocolatewafer,79,1
114,chocolatebark,56,1
114,darkchocolate,78,1
114,milkchocolate,85,1
114,pocky,4,1
114,toblerone,90,1
114,lindtlindorchocolatetruffle,16,1
114,twix,95,1
114,caramel,11,1
114,peanutmms,94,1
114,brownie,78,1
114,frostedbrownie,82,1
114,lemoncake,92,1
115,orange,52,1
115,plum,36,1
115,blackberry,46,1
115,peach,55,1
115,cherry,43,1
115,raspberry,26,1
115,apple,35,1
115,grape,40,1
115,goldendeliciousapple,31,1
115,honeydewmelon,32,1
115,kiwi,16,1
115,greenbellpepper,24,1
115,carrot,20,1
115,peanuts,51,1
115,almonds,35,1
115,baguette,66,1
115,slicedloafbread,53,1
115,boulebread,62,1
115,ryebread,51,1
115,deliturkey,66,1
115,chickentenders,71,1
115,meatballs,76,1
115,gouda,61,1
115,swisscheese,47,1
115,potatochips,88,1
115,tortillachips,80,1
115,doritos,79,1
115,ritzcracker,74,1
115,saltinecracker,65,1
115,wheatthins,51,1
115,eggrolls,69,1
115,frenchfries,74,1
115,butteredpopcorn,41,1
115,triscuits,6,1
115,wavylays,86,1
115,chocolateicecreamcone,62,1
115,strawberryicecreamcone,51,1
115,vanillasoftservecone,67,1
115,nutrigrainbar,47,1
115,churro,70,1
115,twistdonut,67,1
115,tuilecookie,64,1
115,madeleine,78,1
115,oatmealraisincookie,75,1
115,thumprintcookie,65,1
115,sugarcookie,71,1
115,vanillawafer,52,1
115,chocolatewafer,57,1
115,chocolatebark,57,1
115,darkchocolate,72,1
115,milkchocolate,64,1
115,pocky,65,1
115,toblerone,65,1
115,lindtlindorchocolatetruffle,50,1
115,twix,61,1
115,caramel,51,1
115,peanutmms,52,1
115,brownie,56,1
115,frostedbrownie,54,1
115,lemoncake,62,1
116,orange,58,1
116,plum,71,1
116,blackberry,51,1
116,peach,64,1
116,cherry,69,1
116,raspberry,71,1
116,apple,63,1
116,grape,70,1
116,goldendeliciousapple,66,1
116,honeydewmelon,68,1
116,kiwi,51,1
116,greenbellpepper,50,1
116,carrot,49,1
116,peanuts,66,1
116,almonds,51,1
116,baguette,68,1
116,slicedloafbread,52,1
116,boulebread,72,1
116,ryebread,69,1
116,deliturkey,64,1
116,chickentenders,64,1
116,meatballs,52,1
116,gouda,40,1
116,swisscheese,37,1
116,potatochips,70,1
116,tortillachips,53,1
116,doritos,37,1
116,ritzcracker,50,1
116,saltinecracker,66,1
116,wheatthins,61,1
116,eggrolls,68,1
116,frenchfries,83,1
116,butteredpopcorn,72,1
116,triscuits,48,1
116,wavylays,72,1
116,chocolateicecreamcone,76,1
116,strawberryicecreamcone,75,1
116,vanillasoftservecone,64,1
116,nutrigrainbar,51,1
116,churro,74,1
116,twistdonut,71,1
116,tuilecookie,67,1
116,madeleine,52,1
116,oatmealraisincookie,71,1
116,thumprintcookie,50,1
116,sugarcookie,55,1
116,vanillawafer,66,1
116,chocolatewafer,71,1
116,chocolatebark,67,1
116,darkchocolate,75,1
116,milkchocolate,68,1
116,pocky,76,1
116,toblerone,76,1
116,lindtlindorchocolatetruffle,85,1
116,twix,69,1
116,caramel,78,1
116,peanutmms,79,1
116,brownie,78,1
116,frostedbrownie,76,1
116,lemoncake,70,1
117,orange,1,1
117,plum,49,1
117,blackberry,36,1
117,peach,50,1
117,cherry,2,1
117,raspberry,25,1
117,apple,18,1
117,grape,49,1
117,goldendeliciousapple,16,1
117,honeydewmelon,1,1
117,kiwi,17,1
117,greenbellpepper,14,1
117,carrot,46,1
117,peanuts,1,1
117,almonds,19,1
117,baguette,14,1
117,slicedloafbread,1,1
117,boulebread,18,1
117,ryebread,13,1
117,deliturkey,49,1
117,chickentenders,32,1
117,meatballs,1,1
117,gouda,24,1
117,swisscheese,12,1
117,potatochips,18,1
117,tortillachips,2,1
117,doritos,15,1
117,ritzcracker,2,1
117,saltinecracker,2,1
117,wheatthins,1,1
117,eggrolls,11,1
117,frenchfries,3,1
117,butteredpopcorn,2,1
117,triscuits,1,1
117,wavylays,1,1
117,chocolateicecreamcone,13,1
117,strawberryicecreamcone,16,1
117,vanillasoftservecone,2,1
117,nutrigrainbar,2,1
117,churro,6,1
117,twistdonut,2,1
117,tuilecookie,1,1
117,madeleine,1,1
117,oatmealraisincookie,13,1
117,thumprintcookie,1,1
117,sugarcookie,2,1
117,vanillawafer,2,1
117,chocolatewafer,15,1
117,chocolatebark,2,1
117,darkchocolate,51,1
117,milkchocolate,50,1
117,pocky,2,1
117,toblerone,13,1
117,lindtlindorchocolatetruffle,17,1
117,twix,1,1
117,caramel,1,1
117,peanutmms,13,1
117,brownie,11,1
117,frostedbrownie,26,1
117,lemoncake,1,1
118,orange,51,1
118,plum,19,1
118,blackberry,27,1
118,peach,29,1
118,cherry,58,1
118,raspberry,38,1
118,apple,23,1
118,grape,28,1
118,goldendeliciousapple,20,1
118,honeydewmelon,44,1
118,kiwi,33,1
118,greenbellpepper,33,1
118,carrot,16,1
118,peanuts,63,1
118,almonds,60,1
118,baguette,23,1
118,slicedloafbread,10,1
118,boulebread,17,1
118,ryebread,21,1
118,deliturkey,54,1
118,chickentenders,87,1
118,meatballs,54,1
118,gouda,17,1
118,swisscheese,18,1
118,potatochips,56,1
118,tortillachips,56,1
118,doritos,61,1
118,ritzcracker,9,1
118,saltinecracker,24,1
118,wheatthins,18,1
118,eggrolls,66,1
118,frenchfries,67,1
118,butteredpopcorn,62,1
118,triscuits,31,1
118,wavylays,61,1
118,chocolateicecreamcone,62,1
118,strawberryicecreamcone,69,1
118,vanillasoftservecone,58,1
118,nutrigrainbar,38,1
118,churro,47,1
118,twistdonut,27,1
118,tuilecookie,30,1
118,madeleine,57,1
118,oatmealraisincookie,58,1
118,thumprintcookie,37,1
118,sugarcookie,35,1
118,vanillawafer,37,1
118,chocolatewafer,30,1
118,chocolatebark,69,1
118,darkchocolate,54,1
118,milkchocolate,63,1
118,pocky,45,1
118,toblerone,60,1
118,lindtlindorchocolatetruffle,50,1
118,twix,63,1
118,caramel,56,1
118,peanutmms,54,1
118,brownie,56,1
118,frostedbrownie,62,1
118,lemoncake,64,1
119,orange,61,1
119,plum,53,1
119,blackberry,49,1
119,peach,45,1
119,cherry,57,1
119,raspberry,45,1
119,apple,70,1
119,grape,68,1
119,goldendeliciousapple,62,1
119,honeydewmelon,66,1
119,kiwi,4,1
119,greenbellpepper,7,1
119,carrot,15,1
119,peanuts,36,1
119,almonds,47,1
119,baguette,32,1
119,slicedloafbread,51,1
119,boulebread,32,1
119,ryebread,38,1
119,deliturkey,25,1
119,chickentenders,15,1
119,meatballs,19,1
119,gouda,65,1
119,swisscheese,51,1
119,potatochips,59,1
119,tortillachips,22,1
119,doritos,18,1
119,ritzcracker,48,1
119,saltinecracker,42,1
119,wheatthins,27,1
119,eggrolls,28,1
119,frenchfries,39,1
119,butteredpopcorn,52,1
119,triscuits,13,1
119,wavylays,54,1
119,chocolateicecreamcone,54,1
119,strawberryicecreamcone,66,1
119,vanillasoftservecone,52,1
119,nutrigrainbar,65,1
119,churro,13,1
119,twistdonut,45,1
119,tuilecookie,32,1
119,madeleine,46,1
119,oatmealraisincookie,59,1
119,thumprintcookie,30,1
119,sugarcookie,48,1
119,vanillawafer,22,1
119,chocolatewafer,44,1
119,chocolatebark,60,1
119,darkchocolate,60,1
119,milkchocolate,63,1
119,pocky,1,1
119,toblerone,61,1
119,lindtlindorchocolatetruffle,58,1
119,twix,89,1
119,caramel,27,1
119,peanutmms,53,1
119,brownie,72,1
119,frostedbrownie,84,1
119,lemoncake,61,1
120,orange,7,1
120,plum,8,1
120,blackberry,15,1
120,peach,59,1
120,cherry,63,1
120,raspberry,27,1
120,apple,47,1
120,grape,78,1
120,goldendeliciousapple,12,1
120,honeydewmelon,53,1
120,kiwi,1,1
120,greenbellpepper,2,1
120,carrot,12,1
120,peanuts,2,1
120,almonds,71,1
120,baguette,4,1
120,slicedloafbread,1,1
120,boulebread,1,1
120,ryebread,1,1
120,deliturkey,4,1
120,chickentenders,97,1
120,meatballs,5,1
120,gouda,9,1
120,swisscheese,68,1
120,potatochips,85,1
120,tortillachips,29,1
120,doritos,95,1
120,ritzcracker,25,1
120,saltinecracker,66,1
120,wheatthins,10,1
120,eggrolls,2,1
120,frenchfries,75,1
120,butteredpopcorn,75,1
120,triscuits,2,1
120,wavylays,99,1
120,chocolateicecreamcone,93,1
120,strawberryicecreamcone,94,1
120,vanillasoftservecone,80,1
120,nutrigrainbar,92,1
120,churro,23,1
120,twistdonut,71,1
120,tuilecookie,6,1
120,madeleine,4,1
120,oatmealraisincookie,92,1
120,thumprintcookie,72,1
120,sugarcookie,71,1
120,vanillawafer,73,1
120,chocolatewafer,82,1
120,chocolatebark,76,1
120,darkchocolate,75,1
120,milkchocolate,96,1
120,pocky,16,1
120,toblerone,75,1
120,lindtlindorchocolatetruffle,67,1
120,twix,96,1
120,caramel,13,1
120,peanutmms,95,1
120,brownie,76,1
120,frostedbrownie,85,1
120,lemoncake,80,1
121,orange,60,1
121,plum,67,1
121,blackberry,92,1
121,peach,65,1
121,cherry,57,1
121,raspberry,92,1
121,apple,77,1
121,grape,90,1
121,goldendeliciousapple,82,1
121,honeydewmelon,3,1
121,kiwi,74,1
121,greenbellpepper,44,1
121,carrot,3,1
121,peanuts,58,1
121,almonds,47,1
121,baguette,3,1
121,slicedloafbread,3,1
121,boulebread,1,1
121,ryebread,1,1
121,deliturkey,80,1
121,chickentenders,40,1
121,meatballs,9,1
121,gouda,48,1
121,swisscheese,62,1
121,potatochips,60,1
121,tortillachips,18,1
121,doritos,9,1
121,ritzcracker,21,1
121,saltinecracker,15,1
121,wheatthins,1,1
121,eggrolls,34,1
121,frenchfries,56,1
121,butteredpopcorn,38,1
121,triscuits,54,1
121,wavylays,31,1
121,chocolateicecreamcone,1,1
121,strawberryicecreamcone,62,1
121,vanillasoftservecone,61,1
121,nutrigrainbar,1,1
121,churro,9,1
121,twistdonut,6,1
121,tuilecookie,39,1
121,madeleine,2,1
121,oatmealraisincookie,1,1
121,thumprintcookie,1,1
121,sugarcookie,6,1
121,vanillawafer,32,1
121,chocolatewafer,1,1
121,chocolatebark,2,1
121,darkchocolate,1,1
121,milkchocolate,1,1
121,pocky,3,1
121,toblerone,2,1
121,lindtlindorchocolatetruffle,2,1
121,twix,60,1
121,caramel,1,1
121,peanutmms,1,1
121,brownie,1,1
121,frostedbrownie,1,1
121,lemoncake,1,1
122,orange,58,1
122,plum,37,1
122,blackberry,90,1
122,peach,90,1
122,cherry,85,1
122,raspberry,95,1
122,apple,85,1
122,grape,78,1
122,goldendeliciousapple,79,1
122,honeydewmelon,79,1
122,kiwi,71,1
122,greenbellpepper,68,1
122,carrot,6,1
122,peanuts,95,1
122,almonds,98,1
122,baguette,51,1
122,slicedloafbread,47,1
122,boulebread,50,1
122,ryebread,51,1
122,deliturkey,66,1
122,chickentenders,38,1
122,meatballs,61,1
122,gouda,6,1
122,swisscheese,5,1
122,potatochips,17,1
122,tortillachips,8,1
122,doritos,13,1
122,ritzcracker,37,1
122,saltinecracker,51,1
122,wheatthins,43,1
122,eggrolls,35,1
122,frenchfries,37,1
122,butteredpopcorn,11,1
122,triscuits,43,1
122,wavylays,13,1
122,chocolateicecreamcone,60,1
122,strawberryicecreamcone,27,1
122,vanillasoftservecone,43,1
122,nutrigrainbar,76,1
122,churro,46,1
122,twistdonut,58,1
122,tuilecookie,17,1
122,madeleine,40,1
122,oatmealraisincookie,70,1
122,thumprintcookie,41,1
122,sugarcookie,80,1
122,vanillawafer,19,1
122,chocolatewafer,15,1
122,chocolatebark,69,1
122,darkchocolate,67,1
122,milkchocolate,60,1
122,pocky,50,1
122,toblerone,62,1
122,lindtlindorchocolatetruffle,66,1
122,twix,62,1
122,caramel,6,1
122,peanutmms,33,1
122,brownie,81,1
122,frostedbrownie,82,1
122,lemoncake,55,1
123,orange,89,1
123,plum,79,1
123,blackberry,95,1
123,peach,77,1
123,cherry,84,1
123,raspberry,64,1
123,apple,92,1
123,grape,77,1
123,goldendeliciousapple,82,1
123,honeydewmelon,79,1
123,kiwi,83,1
123,greenbellpepper,44,1
123,carrot,85,1
123,peanuts,79,1
123,almonds,55,1
123,baguette,82,1
123,slicedloafbread,57,1
123,boulebread,48,1
123,ryebread,79,1
123,deliturkey,74,1
123,chickentenders,67,1
123,meatballs,75,1
123,gouda,85,1
123,swisscheese,64,1
123,potatochips,66,1
123,tortillachips,55,1
123,doritos,72,1
123,ritzcracker,81,1
123,saltinecracker,62,1
123,wheatthins,69,1
123,eggrolls,70,1
123,frenchfries,86,1
123,butteredpopcorn,69,1
123,triscuits,66,1
123,wavylays,50,1
123,chocolateicecreamcone,67,1
123,strawberryicecreamcone,78,1
123,vanillasoftservecone,92,1
123,nutrigrainbar,86,1
123,churro,92,1
123,twistdonut,77,1
123,tuilecookie,67,1
123,madeleine,72,1
123,oatmealraisincookie,68,1
123,thumprintcookie,65,1
123,sugarcookie,77,1
123,vanillawafer,53,1
123,chocolatewafer,50,1
123,chocolatebark,47,1
123,darkchocolate,75,1
123,milkchocolate,58,1
123,pocky,60,1
123,toblerone,64,1
123,lindtlindorchocolatetruffle,75,1
123,twix,65,1
123,caramel,69,1
123,peanutmms,67,1
123,brownie,81,1
123,frostedbrownie,49,1
123,lemoncake,78,1
124,orange,87,1
124,plum,11,1
124,blackberry,43,1
124,peach,84,1
124,cherry,58,1
124,raspberry,60,1
124,apple,99,1
124,grape,81,1
124,goldendeliciousapple,89,1
124,honeydewmelon,2,1
124,kiwi,19,1
124,greenbellpepper,1,1
124,carrot,74,1
124,peanuts,62,1
124,almonds,70,1
124,baguette,7,1
124,slicedloafbread,4,1
124,boulebread,2,1
124,ryebread,6,1
124,deliturkey,22,1
124,chickentenders,49,1
124,meatballs,3,1
124,gouda,10,1
124,swisscheese,59,1
124,potatochips,12,1
124,tortillachips,7,1
124,doritos,3,1
124,ritzcracker,9,1
124,saltinecracker,8,1
124,wheatthins,4,1
124,eggrolls,4,1
124,frenchfries,7,1
124,butteredpopcorn,2,1
124,triscuits,3,1
124,wavylays,12,1
124,chocolateicecreamcone,9,1
124,strawberryicecreamcone,18,1
124,vanillasoftservecone,19,1
124,nutrigrainbar,3,1
124,churro,3,1
124,twistdonut,15,1
124,tuilecookie,1,1
124,madeleine,8,1
124,oatmealraisincookie,36,1
124,thumprintcookie,1,1
124,sugarcookie,14,1
124,vanillawafer,2,1
124,chocolatewafer,1,1
124,chocolatebark,2,1
124,darkchocolate,11,1
124,milkchocolate,21,1
124,pocky,4,1
124,toblerone,11,1
124,lindtlindorchocolatetruffle,19,1
124,twix,3,1
124,caramel,2,1
124,peanutmms,10,1
124,brownie,35,1
124,frostedbrownie,33,1
124,lemoncake,38,1
125,orange,77,1
125,plum,27,1
125,blackberry,10,1
125,peach,34,1
125,cherry,4,1
125,raspberry,81,1
125,apple,5,1
125,grape,62,1
125,goldendeliciousapple,5,1
125,honeydewmelon,6,1
125,kiwi,4,1
125,greenbellpepper,11,1
125,carrot,5,1
125,peanuts,4,1
125,almonds,2,1
125,baguette,2,1
125,slicedloafbread,64,1
125,boulebread,53,1
125,ryebread,18,1
125,deliturkey,2,1
125,chickentenders,21,1
125,meatballs,8,1
125,gouda,68,1
125,swisscheese,91,1
125,potatochips,52,1
125,tortillachips,6,1
125,doritos,44,1
125,ritzcracker,67,1
125,saltinecracker,8,1
125,wheatthins,7,1
125,eggrolls,31,1
125,frenchfries,75,1
125,butteredpopcorn,87,1
125,triscuits,3,1
125,wavylays,59,1
125,chocolateicecreamcone,51,1
125,strawberryicecreamcone,59,1
125,vanillasoftservecone,63,1
125,nutrigrainbar,6,1
125,churro,52,1
125,twistdonut,83,1
125,tuilecookie,4,1
125,madeleine,71,1
125,oatmealraisincookie,5,1
125,thumprintcookie,52,1
125,sugarcookie,82,1
125,vanillawafer,85,1
125,chocolatewafer,66,1
125,chocolatebark,4,1
125,darkchocolate,83,1
125,milkchocolate,88,1
125,pocky,1,1
125,toblerone,74,1
125,lindtlindorchocolatetruffle,96,1
125,twix,94,1
125,caramel,2,1
125,peanutmms,76,1
125,brownie,89,1
125,frostedbrownie,95,1
125,lemoncake,95,1
126,orange,20,1
126,plum,1,1
126,blackberry,11,1
126,peach,6,1
126,cherry,12,1
126,raspberry,18,1
126,apple,58,1
126,grape,53,1
126,goldendeliciousapple,64,1
126,honeydewmelon,2,1
126,kiwi,2,1
126,greenbellpepper,3,1
126,carrot,3,1
126,peanuts,56,1
126,almonds,55,1
126,baguette,52,1
126,slicedloafbread,52,1
126,boulebread,44,1
126,ryebread,43,1
126,deliturkey,58,1
126,chickentenders,93,1
126,meatballs,59,1
126,gouda,57,1
126,swisscheese,88,1
126,potatochips,82,1
126,tortillachips,83,1
126,doritos,72,1
126,ritzcracker,65,1
126,saltinecracker,80,1
126,wheatthins,68,1
126,eggrolls,51,1
126,frenchfries,86,1
126,butteredpopcorn,77,1
126,triscuits,34,1
126,wavylays,84,1
126,chocolateicecreamcone,90,1
126,strawberryicecreamcone,77,1
126,vanillasoftservecone,94,1
126,nutrigrainbar,64,1
126,churro,77,1
126,twistdonut,72,1
126,tuilecookie,68,1
126,madeleine,56,1
126,oatmealraisincookie,81,1
126,thumprintcookie,85,1
126,sugarcookie,87,1
126,vanillawafer,86,1
126,chocolatewafer,100,1
126,chocolatebark,85,1
126,darkchocolate,86,1
126,milkchocolate,87,1
126,pocky,67,1
126,toblerone,87,1
126,lindtlindorchocolatetruffle,78,1
126,twix,97,1
126,caramel,79,1
126,peanutmms,100,1
126,brownie,87,1
126,frostedbrownie,98,1
126,lemoncake,96,1
127,orange,97,1
127,plum,61,1
127,blackberry,84,1
127,peach,69,1
127,cherry,47,1
127,raspberry,60,1
127,apple,80,1
127,grape,83,1
127,goldendeliciousapple,44,1
127,honeydewmelon,48,1
127,kiwi,60,1
127,greenbellpepper,73,1
127,carrot,46,1
127,peanuts,18,1
127,almonds,65,1
127,baguette,87,1
127,slicedloafbread,81,1
127,boulebread,83,1
127,ryebread,37,1
127,deliturkey,46,1
127,chickentenders,59,1
127,meatballs,72,1
127,gouda,83,1
127,swisscheese,60,1
127,potatochips,54,1
127,tortillachips,32,1
127,doritos,30,1
127,ritzcracker,51,1
127,saltinecracker,62,1
127,wheatthins,48,1
127,eggrolls,64,1
127,frenchfries,83,1
127,butteredpopcorn,65,1
127,triscuits,70,1
127,wavylays,28,1
127,chocolateicecreamcone,30,1
127,strawberryicecreamcone,33,1
127,vanillasoftservecone,43,1
127,nutrigrainbar,30,1
127,churro,34,1
127,twistdonut,62,1
127,tuilecookie,30,1
127,madeleine,33,1
127,oatmealraisincookie,76,1
127,thumprintcookie,73,1
127,sugarcookie,71,1
127,vanillawafer,16,1
127,chocolatewafer,44,1
127,chocolatebark,31,1
127,darkchocolate,43,1
127,milkchocolate,59,1
127,pocky,89,1
127,toblerone,75,1
127,lindtlindorchocolatetruffle,23,1
127,twix,52,1
127,caramel,58,1
127,peanutmms,14,1
127,brownie,51,1
127,frostedbrownie,26,1
127,lemoncake,33,1
128,orange,5,1
128,plum,4,1
128,blackberry,1,1
128,peach,7,1
128,cherry,5,1
128,raspberry,6,1
128,apple,35,1
128,grape,12,1
128,goldendeliciousapple,41,1
128,honeydewmelon,21,1
128,kiwi,14,1
128,greenbellpepper,78,1
128,carrot,28,1
128,peanuts,19,1
128,almonds,63,1
128,baguette,54,1
128,slicedloafbread,55,1
128,boulebread,62,1
128,ryebread,77,1
128,deliturkey,14,1
128,chickentenders,72,1
128,meatballs,9,1
128,gouda,6,1
128,swisscheese,12,1
128,potatochips,90,1
128,tortillachips,97,1
128,doritos,82,1
128,ritzcracker,10,1
128,saltinecracker,18,1
128,wheatthins,25,1
128,eggrolls,15,1
128,frenchfries,71,1
128,butteredpopcorn,18,1
128,triscuits,21,1
128,wavylays,70,1
128,chocolateicecreamcone,46,1
128,strawberryicecreamcone,12,1
128,vanillasoftservecone,47,1
128,nutrigrainbar,4,1
128,churro,6,1
128,twistdonut,3,1
128,tuilecookie,5,1
128,madeleine,4,1
128,oatmealraisincookie,5,1
128,thumprintcookie,5,1
128,sugarcookie,51,1
128,vanillawafer,3,1
128,chocolatewafer,6,1
128,chocolatebark,16,1
128,darkchocolate,8,1
128,milkchocolate,7,1
128,pocky,6,1
128,toblerone,10,1
128,lindtlindorchocolatetruffle,18,1
128,twix,9,1
128,caramel,11,1
128,peanutmms,36,1
128,brownie,6,1
128,frostedbrownie,47,1
128,lemoncake,2,1
129,orange,63,1
129,plum,52,1
129,blackberry,76,1
129,peach,52,1
129,cherry,72,1
129,raspberry,61,1
129,apple,94,1
129,grape,94,1
129,goldendeliciousapple,89,1
129,honeydewmelon,51,1
129,kiwi,40,1
129,greenbellpepper,39,1
129,carrot,79,1
129,peanuts,10,1
129,almonds,12,1
129,baguette,60,1
129,slicedloafbread,50,1
129,boulebread,62,1
129,ryebread,81,1
129,deliturkey,27,1
129,chickentenders,18,1
129,meatballs,19,1
129,gouda,27,1
129,swisscheese,21,1
129,potatochips,32,1
129,tortillachips,32,1
129,doritos,43,1
129,ritzcracker,10,1
129,saltinecracker,46,1
129,wheatthins,50,1
129,eggrolls,12,1
129,frenchfries,37,1
129,butteredpopcorn,58,1
129,triscuits,30,1
129,wavylays,43,1
129,chocolateicecreamcone,20,1
129,strawberryicecreamcone,25,1
129,vanillasoftservecone,35,1
129,nutrigrainbar,7,1
129,churro,34,1
129,twistdonut,49,1
129,tuilecookie,8,1
129,madeleine,14,1
129,oatmealraisincookie,10,1
129,thumprintcookie,5,1
129,sugarcookie,9,1
129,vanillawafer,18,1
129,chocolatewafer,19,1
129,chocolatebark,9,1
129,darkchocolate,8,1
129,milkchocolate,8,1
129,pocky,4,1
129,toblerone,9,1
129,lindtlindorchocolatetruffle,6,1
129,twix,12,1
129,caramel,5,1
129,peanutmms,25,1
129,brownie,7,1
129,frostedbrownie,8,1
129,lemoncake,22,1
130,orange,10,1
130,plum,4,1
130,blackberry,39,1
130,peach,48,1
130,cherry,49,1
130,raspberry,56,1
130,apple,13,1
130,grape,58,1
130,goldendeliciousapple,23,1
130,honeydewmelon,14,1
130,kiwi,60,1
130,greenbellpepper,2,1
130,carrot,3,1
130,peanuts,5,1
130,almonds,36,1
130,baguette,63,1
130,slicedloafbread,99,1
130,boulebread,70,1
130,ryebread,57,1
130,deliturkey,18,1
130,chickentenders,32,1
130,meatballs,6,1
130,gouda,52,1
130,swisscheese,4,1
130,potatochips,4,1
130,tortillachips,1,1
130,doritos,2,1
130,ritzcracker,2,1
130,saltinecracker,6,1
130,wheatthins,3,1
130,eggrolls,1,1
130,frenchfries,21,1
130,butteredpopcorn,5,1
130,triscuits,84,1
130,wavylays,3,1
130,chocolateicecreamcone,76,1
130,strawberryicecreamcone,39,1
130,vanillasoftservecone,63,1
130,nutrigrainbar,16,1
130,churro,35,1
130,twistdonut,24,1
130,tuilecookie,50,1
130,madeleine,2,1
130,oatmealraisincookie,9,1
130,thumprintcookie,8,1
130,sugarcookie,10,1
130,vanillawafer,11,1
130,chocolatewafer,18,1
130,chocolatebark,78,1
130,darkchocolate,76,1
130,milkchocolate,53,1
130,pocky,62,1
130,toblerone,67,1
130,lindtlindorchocolatetruffle,63,1
130,twix,94,1
130,caramel,99,1
130,peanutmms,3,1
130,brownie,71,1
130,frostedbrownie,71,1
130,lemoncake,4,1
131,orange,62,1
131,plum,26,1
131,blackberry,63,1
131,peach,27,1
131,cherry,31,1
131,raspberry,57,1
131,apple,79,1
131,grape,74,1
131,goldendeliciousapple,59,1
131,honeydewmelon,55,1
131,kiwi,75,1
131,greenbellpepper,20,1
131,carrot,5,1
131,peanuts,15,1
131,almonds,67,1
131,baguette,36,1
131,slicedloafbread,12,1
131,boulebread,8,1
131,ryebread,23,1
131,deliturkey,78,1
131,chickentenders,80,1
131,meatballs,37,1
131,gouda,85,1
131,swisscheese,86,1
131,potatochips,55,1
131,tortillachips,55,1
131,doritos,43,1
131,ritzcracker,33,1
131,saltinecracker,24,1
131,wheatthins,30,1
131,eggrolls,23,1
131,frenchfries,82,1
131,butteredpopcorn,32,1
131,triscuits,32,1
131,wavylays,68,1
131,chocolateicecreamcone,69,1
131,strawberryicecreamcone,46,1
131,vanillasoftservecone,62,1
131,nutrigrainbar,9,1
131,churro,62,1
131,twistdonut,66,1
131,tuilecookie,14,1
131,madeleine,22,1
131,oatmealraisincookie,19,1
131,thumprintcookie,12,1
131,sugarcookie,31,1
131,vanillawafer,38,1
131,chocolatewafer,18,1
131,chocolatebark,52,1
131,darkchocolate,36,1
131,milkchocolate,66,1
131,pocky,72,1
131,toblerone,90,1
131,lindtlindorchocolatetruffle,54,1
131,twix,63,1
131,caramel,24,1
131,peanutmms,72,1
131,brownie,24,1
131,frostedbrownie,78,1
131,lemoncake,74,1
132,orange,93,1
132,plum,2,1
132,blackberry,66,1
132,peach,1,1
132,cherry,83,1
132,raspberry,82,1
132,apple,99,1
132,grape,99,1
132,goldendeliciousapple,99,1
132,honeydewmelon,69,1
132,kiwi,66,1
132,greenbellpepper,94,1
132,carrot,99,1
132,peanuts,69,1
132,almonds,46,1
132,baguette,1,1
132,slicedloafbread,2,1
132,boulebread,2,1
132,ryebread,2,1
132,deliturkey,72,1
132,chickentenders,99,1
132,meatballs,60,1
132,gouda,74,1
132,swisscheese,81,1
132,potatochips,71,1
132,tortillachips,50,1
132,doritos,65,1
132,ritzcracker,32,1
132,saltinecracker,25,1
132,wheatthins,41,1
132,eggrolls,89,1
132,frenchfries,93,1
132,butteredpopcorn,60,1
132,triscuits,71,1
132,wavylays,45,1
132,chocolateicecreamcone,56,1
132,strawberryicecreamcone,60,1
132,vanillasoftservecone,68,1
132,nutrigrainbar,89,1
132,churro,62,1
132,twistdonut,63,1
132,tuilecookie,19,1
132,madeleine,70,1
132,oatmealraisincookie,62,1
132,thumprintcookie,39,1
132,sugarcookie,31,1
132,vanillawafer,66,1
132,chocolatewafer,73,1
132,chocolatebark,58,1
132,darkchocolate,37,1
132,milkchocolate,46,1
132,pocky,35,1
132,toblerone,56,1
132,lindtlindorchocolatetruffle,15,1
132,twix,42,1
132,caramel,22,1
132,peanutmms,40,1
132,brownie,60,1
132,frostedbrownie,70,1
132,lemoncake,40,1
133,orange,99,1
133,plum,99,1
133,blackberry,99,1
133,peach,96,1
133,cherry,99,1
133,raspberry,99,1
133,apple,99,1
133,grape,98,1
133,goldendeliciousapple,98,1
133,honeydewmelon,99,1
133,kiwi,97,1
133,greenbellpepper,72,1
133,carrot,97,1
133,peanuts,51,1
133,almonds,51,1
133,baguette,78,1
133,slicedloafbread,72,1
133,boulebread,86,1
133,ryebread,91,1
133,deliturkey,31,1
133,chickentenders,29,1
133,meatballs,44,1
133,gouda,84,1
133,swisscheese,88,1
133,potatochips,51,1
133,tortillachips,28,1
133,doritos,18,1
133,ritzcracker,93,1
133,saltinecracker,87,1
133,wheatthins,98,1
133,eggrolls,27,1
133,frenchfries,72,1
133,butteredpopcorn,3,1
133,triscuits,96,1
133,wavylays,60,1
133,chocolateicecreamcone,2,1
133,strawberryicecreamcone,3,1
133,vanillasoftservecone,1,1
133,nutrigrainbar,4,1
133,churro,3,1
133,twistdonut,95,1
133,tuilecookie,3,1
133,madeleine,2,1
133,oatmealraisincookie,2,1
133,thumprintcookie,2,1
133,sugarcookie,3,1
133,vanillawafer,2,1
133,chocolatewafer,3,1
133,chocolatebark,2,1
133,darkchocolate,3,1
133,milkchocolate,2,1
133,pocky,2,1
133,toblerone,3,1
133,lindtlindorchocolatetruffle,3,1
133,twix,2,1
133,caramel,2,1
133,peanutmms,2,1
133,brownie,2,1
133,frostedbrownie,2,1
133,lemoncake,2,1
134,orange,86,1
134,plum,88,1
134,blackberry,100,1
134,peach,98,1
134,cherry,31,1
134,raspberry,98,1
134,apple,97,1
134,grape,77,1
134,goldendeliciousapple,81,1
134,honeydewmelon,50,1
134,kiwi,3,1
134,greenbellpepper,84,1
134,carrot,14,1
134,peanuts,99,1
134,almonds,50,1
134,baguette,23,1
134,slicedloafbread,6,1
134,boulebread,68,1
134,ryebread,87,1
134,deliturkey,100,1
134,chickentenders,22,1
134,meatballs,23,1
134,gouda,87,1
134,swisscheese,86,1
134,potatochips,59,1
134,tortillachips,80,1
134,doritos,36,1
134,ritzcracker,76,1
134,saltinecracker,38,1
134,wheatthins,67,1
134,eggrolls,75,1
134,frenchfries,19,1
134,butteredpopcorn,99,1
134,triscuits,81,1
134,wavylays,51,1
134,chocolateicecreamcone,49,1
134,strawberryicecreamcone,21,1
134,vanillasoftservecone,50,1
134,nutrigrainbar,15,1
134,churro,74,1
134,twistdonut,30,1
134,tuilecookie,12,1
134,madeleine,69,1
134,oatmealraisincookie,77,1
134,thumprintcookie,67,1
134,sugarcookie,80,1
134,vanillawafer,21,1
134,chocolatewafer,62,1
134,chocolatebark,23,1
134,darkchocolate,83,1
134,milkchocolate,52,1
134,pocky,80,1
134,toblerone,47,1
134,lindtlindorchocolatetruffle,34,1
134,twix,50,1
134,caramel,26,1
134,peanutmms,15,1
134,brownie,19,1
134,frostedbrownie,14,1
134,lemoncake,24,1
135,orange,21,1
135,plum,94,1
135,blackberry,51,1
135,peach,60,1
135,cherry,100,1
135,raspberry,42,1
135,apple,82,1
135,grape,89,1
135,goldendeliciousapple,82,1
135,honeydewmelon,35,1
135,kiwi,42,1
135,greenbellpepper,9,1
135,carrot,69,1
135,peanuts,89,1
135,almonds,52,1
135,baguette,70,1
135,slicedloafbread,64,1
135,boulebread,42,1
135,ryebread,31,1
135,deliturkey,80,1
135,chickentenders,81,1
135,meatballs,75,1
135,gouda,71,1
135,swisscheese,6,1
135,potatochips,80,1
135,tortillachips,52,1
135,doritos,84,1
135,ritzcracker,76,1
135,saltinecracker,77,1
135,wheatthins,85,1
135,eggrolls,80,1
135,frenchfries,84,1
135,butteredpopcorn,88,1
135,triscuits,52,1
135,wavylays,68,1
135,chocolateicecreamcone,70,1
135,strawberryicecreamcone,72,1
135,vanillasoftservecone,91,1
135,nutrigrainbar,91,1
135,churro,75,1
135,twistdonut,82,1
135,tuilecookie,72,1
135,madeleine,51,1
135,oatmealraisincookie,82,1
135,thumprintcookie,30,1
135,sugarcookie,84,1
135,vanillawafer,86,1
135,chocolatewafer,88,1
135,chocolatebark,74,1
135,darkchocolate,83,1
135,milkchocolate,90,1
135,pocky,80,1
135,toblerone,61,1
135,lindtlindorchocolatetruffle,90,1
135,twix,86,1
135,caramel,32,1
135,peanutmms,73,1
135,brownie,77,1
135,frostedbrownie,71,1
135,lemoncake,93,1
136,orange,60,1
136,plum,67,1
136,blackberry,60,1
136,peach,66,1
136,cherry,68,1
136,raspberry,59,1
136,apple,95,1
136,grape,49,1
136,goldendeliciousapple,95,1
136,honeydewmelon,55,1
136,kiwi,35,1
136,greenbellpepper,7,1
136,carrot,60,1
136,peanuts,68,1
136,almonds,74,1
136,baguette,33,1
136,slicedloafbread,25,1
136,boulebread,42,1
136,ryebread,29,1
136,deliturkey,30,1
136,chickentenders,17,1
136,meatballs,12,1
136,gouda,36,1
136,swisscheese,35,1
136,potatochips,44,1
136,tortillachips,42,1
136,doritos,51,1
136,ritzcracker,39,1
136,saltinecracker,32,1
136,wheatthins,34,1
136,eggrolls,16,1
136,frenchfries,21,1
136,butteredpopcorn,40,1
136,triscuits,48,1
136,wavylays,43,1
136,chocolateicecreamcone,13,1
136,strawberryicecreamcone,9,1
136,vanillasoftservecone,11,1
136,nutrigrainbar,33,1
136,churro,16,1
136,twistdonut,8,1
136,tuilecookie,36,1
136,madeleine,31,1
136,oatmealraisincookie,38,1
136,thumprintcookie,29,1
136,sugarcookie,32,1
136,vanillawafer,28,1
136,chocolatewafer,29,1
136,chocolatebark,33,1
136,darkchocolate,34,1
136,milkchocolate,28,1
136,pocky,28,1
136,toblerone,29,1
136,lindtlindorchocolatetruffle,39,1
136,twix,34,1
136,caramel,29,1
136,peanutmms,38,1
136,brownie,22,1
136,frostedbrownie,31,1
136,lemoncake,16,1
137,orange,93,1
137,plum,19,1
137,blackberry,40,1
137,peach,57,1
137,cherry,2,1
137,raspberry,41,1
137,apple,4,1
137,grape,2,1
137,goldendeliciousapple,1,1
137,honeydewmelon,1,1
137,kiwi,37,1
137,greenbellpepper,69,1
137,carrot,2,1
137,peanuts,68,1
137,almonds,71,1
137,baguette,27,1
137,slicedloafbread,2,1
137,boulebread,11,1
137,ryebread,15,1
137,deliturkey,42,1
137,chickentenders,15,1
137,meatballs,1,1
137,gouda,47,1
137,swisscheese,88,1
137,potatochips,28,1
137,tortillachips,26,1
137,doritos,10,1
137,ritzcracker,75,1
137,saltinecracker,52,1
137,wheatthins,92,1
137,eggrolls,1,1
137,frenchfries,33,1
137,butteredpopcorn,1,1
137,triscuits,49,1
137,wavylays,30,1
137,chocolateicecreamcone,4,1
137,strawberryicecreamcone,1,1
137,vanillasoftservecone,4,1
137,nutrigrainbar,9,1
137,churro,7,1
137,twistdonut,7,1
137,tuilecookie,6,1
137,madeleine,3,1
137,oatmealraisincookie,5,1
137,thumprintcookie,2,1
137,sugarcookie,12,1
137,vanillawafer,6,1
137,chocolatewafer,22,1
137,chocolatebark,73,1
137,darkchocolate,56,1
137,milkchocolate,54,1
137,pocky,1,1
137,toblerone,57,1
137,lindtlindorchocolatetruffle,70,1
137,twix,58,1
137,caramel,30,1
137,peanutmms,31,1
137,brownie,8,1
137,frostedbrownie,15,1
137,lemoncake,26,1
138,orange,77,1
138,plum,91,1
138,blackberry,95,1
138,peach,95,1
138,cherry,95,1
138,raspberry,100,1
138,apple,74,1
138,grape,83,1
138,goldendeliciousapple,70,1
138,honeydewmelon,71,1
138,kiwi,99,1
138,greenbellpepper,39,1
138,carrot,78,1
138,peanuts,78,1
138,almonds,84,1
138,baguette,30,1
138,slicedloafbread,22,1
138,boulebread,31,1
138,ryebread,38,1
138,deliturkey,42,1
138,chickentenders,87,1
138,meatballs,42,1
138,gouda,89,1
138,swisscheese,88,1
138,potatochips,27,1
138,tortillachips,13,1
138,doritos,19,1
138,ritzcracker,46,1
138,saltinecracker,6,1
138,wheatthins,21,1
138,eggrolls,86,1
138,frenchfries,73,1
138,butteredpopcorn,41,1
138,triscuits,6,1
138,wavylays,71,1
138,chocolateicecreamcone,51,1
138,strawberryicecreamcone,50,1
138,vanillasoftservecone,55,1
138,nutrigrainbar,48,1
138,churro,61,1
138,twistdonut,37,1
138,tuilecookie,26,1
138,madeleine,24,1
138,oatmealraisincookie,38,1
138,thumprintcookie,35,1
138,sugarcookie,34,1
138,vanillawafer,30,1
138,chocolatewafer,47,1
138,chocolatebark,68,1
138,darkchocolate,42,1
138,milkchocolate,30,1
138,pocky,50,1
138,toblerone,43,1
138,lindtlindorchocolatetruffle,74,1
138,twix,51,1
138,caramel,49,1
138,peanutmms,60,1
138,brownie,23,1
138,frostedbrownie,50,1
138,lemoncake,36,1
139,orange,84,1
139,plum,19,1
139,blackberry,99,1
139,peach,28,1
139,cherry,77,1
139,raspberry,96,1
139,apple,2,1
139,grape,89,1
139,goldendeliciousapple,2,1
139,honeydewmelon,97,1
139,kiwi,93,1
139,greenbellpepper,1,1
139,carrot,3,1
139,peanuts,68,1
139,almonds,80,1
139,baguette,6,1
139,slicedloafbread,1,1
139,boulebread,3,1
139,ryebread,5,1
139,deliturkey,3,1
139,chickentenders,1,1
139,meatballs,4,1
139,gouda,9,1
139,swisscheese,7,1
139,potatochips,26,1
139,tortillachips,62,1
139,doritos,66,1
139,ritzcracker,2,1
139,saltinecracker,7,1
139,wheatthins,5,1
139,eggrolls,1,1
139,frenchfries,28,1
139,butteredpopcorn,6,1
139,triscuits,11,1
139,wavylays,18,1
139,chocolateicecreamcone,59,1
139,strawberryicecreamcone,58,1
139,vanillasoftservecone,20,1
139,nutrigrainbar,17,1
139,churro,83,1
139,twistdonut,74,1
139,tuilecookie,2,1
139,madeleine,17,1
139,oatmealraisincookie,18,1
139,thumprintcookie,8,1
139,sugarcookie,70,1
139,vanillawafer,38,1
139,chocolatewafer,40,1
139,chocolatebark,19,1
139,darkchocolate,18,1
139,milkchocolate,3,1
139,pocky,11,1
139,toblerone,3,1
139,lindtlindorchocolatetruffle,4,1
139,twix,3,1
139,caramel,12,1
139,peanutmms,71,1
139,brownie,75,1
139,frostedbrownie,61,1
139,lemoncake,11,1
140,orange,93,1
140,plum,15,1
140,blackberry,61,1
140,peach,18,1
140,cherry,30,1
140,raspberry,52,1
140,apple,50,1
140,grape,86,1
140,goldendeliciousapple,30,1
140,honeydewmelon,9,1
140,kiwi,24,1
140,greenbellpepper,1,1
140,carrot,1,1
140,peanuts,87,1
140,almonds,12,1
140,baguette,59,1
140,slicedloafbread,94,1
140,boulebread,91,1
140,ryebread,92,1
140,deliturkey,60,1
140,chickentenders,76,1
140,meatballs,61,1
140,gouda,65,1
140,swisscheese,95,1
140,potatochips,89,1
140,tortillachips,76,1
140,doritos,73,1
140,ritzcracker,87,1
140,saltinecracker,85,1
140,wheatthins,62,1
140,eggrolls,89,1
140,frenchfries,81,1
140,butteredpopcorn,93,1
140,triscuits,71,1
140,wavylays,81,1
140,chocolateicecreamcone,68,1
140,strawberryicecreamcone,86,1
140,vanillasoftservecone,94,1
140,nutrigrainbar,83,1
140,churro,71,1
140,twistdonut,70,1
140,tuilecookie,72,1
140,madeleine,39,1
140,oatmealraisincookie,83,1
140,thumprintcookie,78,1
140,sugarcookie,76,1
140,vanillawafer,95,1
140,chocolatewafer,83,1
140,chocolatebark,73,1
140,darkchocolate,84,1
140,milkchocolate,92,1
140,pocky,89,1
140,toblerone,75,1
140,lindtlindorchocolatetruffle,86,1
140,twix,84,1
140,caramel,68,1
140,peanutmms,79,1
140,brownie,95,1
140,frostedbrownie,90,1
140,lemoncake,69,1
141,orange,67,1
141,plum,46,1
141,blackberry,20,1
141,peach,60,1
141,cherry,72,1
141,raspberry,10,1
141,apple,64,1
141,grape,64,1
141,goldendeliciousapple,75,1
141,honeydewmelon,69,1
141,kiwi,55,1
141,greenbellpepper,31,1
141,carrot,53,1
141,peanuts,41,1
141,almonds,55,1
141,baguette,5,1
141,slicedloafbread,9,1
141,boulebread,5,1
141,ryebread,4,1
141,deliturkey,12,1
141,chickentenders,29,1
141,meatballs,13,1
141,gouda,7,1
141,swisscheese,66,1
141,potatochips,38,1
141,tortillachips,40,1
141,doritos,16,1
141,ritzcracker,24,1
141,saltinecracker,10,1
141,wheatthins,6,1
141,eggrolls,15,1
141,frenchfries,14,1
141,butteredpopcorn,19,1
141,triscuits,13,1
141,wavylays,17,1
141,chocolateicecreamcone,17,1
141,strawberryicecreamcone,36,1
141,vanillasoftservecone,16,1
141,nutrigrainbar,20,1
141,churro,8,1
141,twistdonut,26,1
141,tuilecookie,8,1
141,madeleine,10,1
141,oatmealraisincookie,50,1
141,thumprintcookie,23,1
141,sugarcookie,42,1
141,vanillawafer,35,1
141,chocolatewafer,45,1
141,chocolatebark,47,1
141,darkchocolate,65,1
141,milkchocolate,53,1
141,pocky,12,1
141,toblerone,11,1
141,lindtlindorchocolatetruffle,39,1
141,twix,25,1
141,caramel,8,1
141,peanutmms,57,1
141,brownie,18,1
141,frostedbrownie,28,1
141,lemoncake,63,1
142,orange,76,1
142,plum,77,1
142,blackberry,85,1
142,peach,84,1
142,cherry,94,1
142,raspberry,72,1
142,apple,87,1
142,grape,94,1
142,goldendeliciousapple,62,1
142,honeydewmelon,68,1
142,kiwi,94,1
142,greenbellpepper,30,1
142,carrot,59,1
142,peanuts,31,1
142,almonds,89,1
142,baguette,42,1
142,slicedloafbread,33,1
142,boulebread,32,1
142,ryebread,9,1
142,deliturkey,47,1
142,chickentenders,88,1
142,meatballs,57,1
142,gouda,22,1
142,swisscheese,99,1
142,potatochips,64,1
142,tortillachips,32,1
142,doritos,58,1
142,ritzcracker,84,1
142,saltinecracker,73,1
142,wheatthins,40,1
142,eggrolls,89,1
142,frenchfries,87,1
142,butteredpopcorn,29,1
142,triscuits,10,1
142,wavylays,64,1
142,chocolateicecreamcone,99,1
142,strawberryicecreamcone,98,1
142,vanillasoftservecone,99,1
142,nutrigrainbar,18,1
142,churro,45,1
142,twistdonut,64,1
142,tuilecookie,51,1
142,madeleine,26,1
142,oatmealraisincookie,49,1
142,thumprintcookie,67,1
142,sugarcookie,74,1
142,vanillawafer,48,1
142,chocolatewafer,63,1
142,chocolatebark,85,1
142,darkchocolate,94,1
142,milkchocolate,100,1
142,pocky,63,1
142,toblerone,86,1
142,lindtlindorchocolatetruffle,84,1
142,twix,100,1
142,caramel,68,1
142,peanutmms,64,1
142,brownie,87,1
142,frostedbrownie,82,1
142,lemoncake,88,1
143,orange,34,1
143,plum,57,1
143,blackberry,59,1
143,peach,53,1
143,cherry,55,1
143,raspberry,54,1
143,apple,59,1
143,grape,49,1
143,goldendeliciousapple,63,1
143,honeydewmelon,62,1
143,kiwi,47,1
143,greenbellpepper,1,1
143,carrot,20,1
143,peanuts,91,1
143,almonds,58,1
143,baguette,34,1
143,slicedloafbread,27,1
143,boulebread,22,1
143,ryebread,26,1
143,deliturkey,54,1
143,chickentenders,73,1
143,meatballs,73,1
143,gouda,40,1
143,swisscheese,31,1
143,potatochips,61,1
143,tortillachips,67,1
143,doritos,77,1
143,ritzcracker,47,1
143,saltinecracker,54,1
143,wheatthins,74,1
143,eggrolls,79,1
143,frenchfries,86,1
143,butteredpopcorn,55,1
143,triscuits,76,1
143,wavylays,70,1
143,chocolateicecreamcone,35,1
143,strawberryicecreamcone,27,1
143,vanillasoftservecone,21,1
143,nutrigrainbar,64,1
143,churro,66,1
143,twistdonut,57,1
143,tuilecookie,53,1
143,madeleine,57,1
143,oatmealraisincookie,25,1
143,thumprintcookie,63,1
143,sugarcookie,38,1
143,vanillawafer,51,1
143,chocolatewafer,68,1
143,chocolatebark,68,1
143,darkchocolate,46,1
143,milkchocolate,54,1
143,pocky,61,1
143,toblerone,68,1
143,lindtlindorchocolatetruffle,58,1
143,twix,76,1
143,caramel,50,1
143,peanutmms,73,1
143,brownie,61,1
143,frostedbrownie,69,1
143,lemoncake,33,1
144,orange,34,1
144,plum,33,1
144,blackberry,31,1
144,peach,4,1
144,cherry,5,1
144,raspberry,5,1
144,apple,75,1
144,grape,70,1
144,goldendeliciousapple,67,1
144,honeydewmelon,21,1
144,kiwi,43,1
144,greenbellpepper,4,1
144,carrot,4,1
144,peanuts,29,1
144,almonds,4,1
144,baguette,49,1
144,slicedloafbread,45,1
144,boulebread,36,1
144,ryebread,29,1
144,deliturkey,68,1
144,chickentenders,70,1
144,meatballs,2,1
144,gouda,35,1
144,swisscheese,51,1
144,potatochips,53,1
144,tortillachips,65,1
144,doritos,55,1
144,ritzcracker,42,1
144,saltinecracker,65,1
144,wheatthins,55,1
144,eggrolls,57,1
144,frenchfries,80,1
144,butteredpopcorn,86,1
144,triscuits,5,1
144,wavylays,27,1
144,chocolateicecreamcone,43,1
144,strawberryicecreamcone,32,1
144,vanillasoftservecone,22,1
144,nutrigrainbar,4,1
144,churro,27,1
144,twistdonut,49,1
144,tuilecookie,19,1
144,madeleine,25,1
144,oatmealraisincookie,10,1
144,thumprintcookie,4,1
144,sugarcookie,32,1
144,vanillawafer,14,1
144,chocolatewafer,43,1
144,chocolatebark,43,1
144,darkchocolate,54,1
144,milkchocolate,45,1
144,pocky,79,1
144,toblerone,9,1
144,lindtlindorchocolatetruffle,7,1
144,twix,32,1
144,caramel,21,1
144,peanutmms,54,1
144,brownie,98,1
144,frostedbrownie,52,1
144,lemoncake,27,1
145,orange,82,1
145,plum,1,1
145,blackberry,65,1
145,peach,1,1
145,cherry,1,1
145,raspberry,62,1
145,apple,73,1
145,grape,91,1
145,goldendeliciousapple,65,1
145,honeydewmelon,1,1
145,kiwi,58,1
145,greenbellpepper,11,1
145,carrot,54,1
145,peanuts,1,1
145,almonds,63,1
145,baguette,51,1
145,slicedloafbread,26,1
145,boulebread,63,1
145,ryebread,40,1
145,deliturkey,1,1
145,chickentenders,1,1
145,meatballs,10,1
145,gouda,1,1
145,swisscheese,78,1
145,potatochips,72,1
145,tortillachips,52,1
145,doritos,65,1
145,ritzcracker,47,1
145,saltinecracker,55,1
145,wheatthins,47,1
145,eggrolls,1,1
145,frenchfries,40,1
145,butteredpopcorn,37,1
145,triscuits,29,1
145,wavylays,57,1
145,chocolateicecreamcone,1,1
145,strawberryicecreamcone,2,1
145,vanillasoftservecone,10,1
145,nutrigrainbar,61,1
145,churro,22,1
145,twistdonut,55,1
145,tuilecookie,1,1
145,madeleine,1,1
145,oatmealraisincookie,34,1
145,thumprintcookie,1,1
145,sugarcookie,25,1
145,vanillawafer,23,1
145,chocolatewafer,1,1
145,chocolatebark,56,1
145,darkchocolate,14,1
145,milkchocolate,1,1
145,pocky,26,1
145,toblerone,1,1
145,lindtlindorchocolatetruffle,55,1
145,twix,22,1
145,caramel,55,1
145,peanutmms,9,1
145,brownie,19,1
145,frostedbrownie,18,1
145,lemoncake,6,1
146,orange,68,1
146,plum,79,1
146,blackberry,84,1
146,peach,90,1
146,cherry,83,1
146,raspberry,90,1
146,apple,86,1
146,grape,84,1
146,goldendeliciousapple,92,1
146,honeydewmelon,71,1
146,kiwi,74,1
146,greenbellpepper,96,1
146,carrot,65,1
146,peanuts,49,1
146,almonds,38,1
146,baguette,76,1
146,slicedloafbread,41,1
146,boulebread,51,1
146,ryebread,37,1
146,deliturkey,25,1
146,chickentenders,1,1
146,meatballs,1,1
146,gouda,19,1
146,swisscheese,44,1
146,potatochips,36,1
146,tortillachips,28,1
146,doritos,19,1
146,ritzcracker,50,1
146,saltinecracker,47,1
146,wheatthins,46,1
146,eggrolls,1,1
146,frenchfries,99,1
146,butteredpopcorn,10,1
146,triscuits,27,1
146,wavylays,25,1
146,chocolateicecreamcone,88,1
146,strawberryicecreamcone,40,1
146,vanillasoftservecone,56,1
146,nutrigrainbar,54,1
146,churro,60,1
146,twistdonut,52,1
146,tuilecookie,41,1
146,madeleine,36,1
146,oatmealraisincookie,46,1
146,thumprintcookie,26,1
146,sugarcookie,36,1
146,vanillawafer,62,1
146,chocolatewafer,56,1
146,chocolatebark,48,1
146,darkchocolate,85,1
146,milkchocolate,90,1
146,pocky,76,1
146,toblerone,89,1
146,lindtlindorchocolatetruffle,72,1
146,twix,67,1
146,caramel,72,1
146,peanutmms,20,1
146,brownie,65,1
146,frostedbrownie,82,1
146,lemoncake,54,1
147,orange,92,1
147,plum,60,1
147,blackberry,84,1
147,peach,81,1
147,cherry,75,1
147,raspberry,66,1
147,apple,87,1
147,grape,99,1
147,goldendeliciousapple,73,1
147,honeydewmelon,59,1
147,kiwi,57,1
147,greenbellpepper,82,1
147,carrot,72,1
147,peanuts,74,1
147,almonds,80,1
147,baguette,8,1
147,slicedloafbread,2,1
147,boulebread,12,1
147,ryebread,21,1
147,deliturkey,94,1
147,chickentenders,10,1
147,meatballs,12,1
147,gouda,63,1
147,swisscheese,96,1
147,potatochips,91,1
147,tortillachips,28,1
147,doritos,15,1
147,ritzcracker,68,1
147,saltinecracker,83,1
147,wheatthins,65,1
147,eggrolls,12,1
147,frenchfries,61,1
147,butteredpopcorn,59,1
147,triscuits,79,1
147,wavylays,90,1
147,chocolateicecreamcone,31,1
147,strawberryicecreamcone,48,1
147,vanillasoftservecone,49,1
147,nutrigrainbar,5,1
147,churro,25,1
147,twistdonut,24,1
147,tuilecookie,18,1
147,madeleine,27,1
147,oatmealraisincookie,38,1
147,thumprintcookie,19,1
147,sugarcookie,39,1
147,vanillawafer,30,1
147,chocolatewafer,72,1
147,chocolatebark,85,1
147,darkchocolate,100,1
147,milkchocolate,88,1
147,pocky,14,1
147,toblerone,99,1
147,lindtlindorchocolatetruffle,99,1
147,twix,24,1
147,caramel,85,1
147,peanutmms,74,1
147,brownie,32,1
147,frostedbrownie,34,1
147,lemoncake,17,1
148,orange,99,1
148,plum,98,1
148,blackberry,95,1
148,peach,100,1
148,cherry,57,1
148,raspberry,88,1
148,apple,99,1
148,grape,99,1
148,goldendeliciousapple,99,1
148,honeydewmelon,88,1
148,kiwi,99,1
148,greenbellpepper,18,1
148,carrot,97,1
148,peanuts,98,1
148,almonds,90,1
148,baguette,97,1
148,slicedloafbread,76,1
148,boulebread,97,1
148,ryebread,96,1
148,deliturkey,80,1
148,chickentenders,98,1
148,meatballs,99,1
148,gouda,98,1
148,swisscheese,99,1
148,potatochips,92,1
148,tortillachips,83,1
148,doritos,99,1
148,ritzcracker,98,1
148,saltinecracker,85,1
148,wheatthins,83,1
148,eggrolls,99,1
148,frenchfries,99,1
148,butteredpopcorn,79,1
148,triscuits,99,1
148,wavylays,80,1
148,chocolateicecreamcone,88,1
148,strawberryicecreamcone,98,1
148,vanillasoftservecone,90,1
148,nutrigrainbar,77,1
148,churro,71,1
148,twistdonut,62,1
148,tuilecookie,99,1
148,madeleine,99,1
148,oatmealraisincookie,73,1
148,thumprintcookie,98,1
148,sugarcookie,99,1
148,vanillawafer,98,1
148,chocolatewafer,98,1
148,chocolatebark,59,1
148,darkchocolate,73,1
148,milkchocolate,98,1
148,pocky,93,1
148,toblerone,82,1
148,lindtlindorchocolatetruffle,87,1
148,twix,75,1
148,caramel,99,1
148,peanutmms,98,1
148,brownie,60,1
148,frostedbrownie,73,1
148,lemoncake,85,1
149,orange,93,1
149,plum,93,1
149,blackberry,95,1
149,peach,88,1
149,cherry,97,1
149,raspberry,92,1
149,apple,46,1
149,grape,93,1
149,goldendeliciousapple,74,1
149,honeydewmelon,78,1
149,kiwi,88,1
149,greenbellpepper,95,1
149,carrot,45,1
149,peanuts,42,1
149,almonds,16,1
149,baguette,85,1
149,slicedloafbread,44,1
149,boulebread,31,1
149,ryebread,77,1
149,deliturkey,75,1
149,chickentenders,97,1
149,meatballs,94,1
149,gouda,19,1
149,swisscheese,91,1
149,potatochips,97,1
149,tortillachips,69,1
149,doritos,72,1
149,ritzcracker,97,1
149,saltinecracker,49,1
149,wheatthins,92,1
149,eggrolls,98,1
149,frenchfries,70,1
149,butteredpopcorn,72,1
149,triscuits,2,1
149,wavylays,84,1
149,chocolateicecreamcone,86,1
149,strawberryicecreamcone,95,1
149,vanillasoftservecone,91,1
149,nutrigrainbar,72,1
149,churro,97,1
149,twistdonut,62,1
149,tuilecookie,91,1
149,madeleine,55,1
149,oatmealraisincookie,19,1
149,thumprintcookie,87,1
149,sugarcookie,70,1
149,vanillawafer,79,1
149,chocolatewafer,12,1
149,chocolatebark,52,1
149,darkchocolate,57,1
149,milkchocolate,83,1
149,pocky,63,1
149,toblerone,50,1
149,lindtlindorchocolatetruffle,95,1
149,twix,67,1
149,caramel,70,1
149,peanutmms,78,1
149,brownie,84,1
149,frostedbrownie,89,1
149,lemoncake,96,1
150,orange,33,1
150,plum,28,1
150,blackberry,9,1
150,peach,62,1
150,cherry,12,1
150,raspberry,7,1
150,apple,19,1
150,grape,13,1
150,goldendeliciousapple,18,1
150,honeydewmelon,4,1
150,kiwi,3,1
150,greenbellpepper,2,1
150,carrot,3,1
150,peanuts,4,1
150,almonds,1,1
150,baguette,69,1
150,slicedloafbread,84,1
150,boulebread,63,1
150,ryebread,25,1
150,deliturkey,71,1
150,chickentenders,77,1
150,meatballs,91,1
150,gouda,35,1
150,swisscheese,86,1
150,potatochips,64,1
150,tortillachips,11,1
150,doritos,57,1
150,ritzcracker,28,1
150,saltinecracker,96,1
150,wheatthins,63,1
150,eggrolls,83,1
150,frenchfries,94,1
150,butteredpopcorn,5,1
150,triscuits,1,1
150,wavylays,61,1
150,chocolateicecreamcone,93,1
150,strawberryicecreamcone,68,1
150,vanillasoftservecone,97,1
150,nutrigrainbar,5,1
150,churro,73,1
150,twistdonut,80,1
150,tuilecookie,20,1
150,madeleine,63,1
150,oatmealraisincookie,64,1
150,thumprintcookie,89,1
150,sugarcookie,91,1
150,vanillawafer,3,1
150,chocolatewafer,1,1
150,chocolatebark,5,1
150,darkchocolate,92,1
150,milkchocolate,96,1
150,pocky,2,1
150,toblerone,63,1
150,lindtlindorchocolatetruffle,70,1
150,twix,8,1
150,caramel,3,1
150,peanutmms,20,1
150,brownie,71,1
150,frostedbrownie,87,1
150,lemoncake,39,1
151,orange,99,1
151,plum,98,1
151,blackberry,71,1
151,peach,98,1
151,cherry,83,1
151,raspberry,62,1
151,apple,98,1
151,grape,99,1
151,goldendeliciousapple,96,1
151,honeydewmelon,94,1
151,kiwi,77,1
151,greenbellpepper,52,1
151,carrot,97,1
151,peanuts,53,1
151,almonds,75,1
151,baguette,87,1
151,slicedloafbread,83,1
151,boulebread,84,1
151,ryebread,96,1
151,deliturkey,36,1
151,chickentenders,55,1
151,meatballs,2,1
151,gouda,20,1
151,swisscheese,14,1
151,potatochips,5,1
151,tortillachips,12,1
151,doritos,1,1
151,ritzcracker,35,1
151,saltinecracker,51,1
151,wheatthins,33,1
151,eggrolls,34,1
151,frenchfries,20,1
151,butteredpopcorn,39,1
151,triscuits,53,1
151,wavylays,13,1
151,chocolateicecreamcone,21,1
151,strawberryicecreamcone,32,1
151,vanillasoftservecone,12,1
151,nutrigrainbar,56,1
151,churro,6,1
151,twistdonut,33,1
151,tuilecookie,29,1
151,madeleine,22,1
151,oatmealraisincookie,5,1
151,thumprintcookie,17,1
151,sugarcookie,44,1
151,vanillawafer,20,1
151,chocolatewafer,12,1
151,chocolatebark,54,1
151,darkchocolate,55,1
151,milkchocolate,45,1
151,pocky,30,1
151,toblerone,48,1
151,lindtlindorchocolatetruffle,8,1
151,twix,36,1
151,caramel,1,1
151,peanutmms,98,1
151,brownie,1,1
151,frostedbrownie,1,1
151,lemoncake,8,1
152,orange,72,1
152,plum,54,1
152,blackberry,48,1
152,peach,78,1
152,cherry,48,1
152,raspberry,58,1
152,apple,59,1
152,grape,56,1
152,goldendeliciousapple,53,1
152,honeydewmelon,71,1
152,kiwi,1,1
152,greenbellpepper,14,1
152,carrot,25,1
152,peanuts,46,1
152,almonds,53,1
152,baguette,33,1
152,slicedloafbread,15,1
152,boulebread,49,1
152,ryebread,28,1
152,deliturkey,31,1
152,chickentenders,87,1
152,meatballs,51,1
152,gouda,51,1
152,swisscheese,22,1
152,potatochips,92,1
152,tortillachips,77,1
152,doritos,91,1
152,ritzcracker,50,1
152,saltinecracker,38,1
152,wheatthins,42,1
152,eggrolls,57,1
152,frenchfries,90,1
152,butteredpopcorn,87,1
152,triscuits,1,1
152,wavylays,82,1
152,chocolateicecreamcone,73,1
152,strawberryicecreamcone,95,1
152,vanillasoftservecone,97,1
152,nutrigrainbar,51,1
152,churro,78,1
152,twistdonut,76,1
152,tuilecookie,46,1
152,madeleine,50,1
152,oatmealraisincookie,53,1
152,thumprintcookie,57,1
152,sugarcookie,78,1
152,vanillawafer,52,1
152,chocolatewafer,49,1
152,chocolatebark,61,1
152,darkchocolate,63,1
152,milkchocolate,67,1
152,pocky,50,1
152,toblerone,72,1
152,lindtlindorchocolatetruffle,76,1
152,twix,74,1
152,caramel,46,1
152,peanutmms,81,1
152,brownie,81,1
152,frostedbrownie,98,1
152,lemoncake,75,1
153,orange,69,1
153,plum,70,1
153,blackberry,60,1
153,peach,90,1
153,cherry,74,1
153,raspberry,46,1
153,apple,71,1
153,grape,66,1
153,goldendeliciousapple,62,1
153,honeydewmelon,16,1
153,kiwi,51,1
153,greenbellpepper,55,1
153,carrot,51,1
153,peanuts,8,1
153,almonds,6,1
153,baguette,34,1
153,slicedloafbread,40,1
153,boulebread,58,1
153,ryebread,56,1
153,deliturkey,78,1
153,chickentenders,60,1
153,meatballs,66,1
153,gouda,13,1
153,swisscheese,51,1
153,potatochips,76,1
153,tortillachips,45,1
153,doritos,52,1
153,ritzcracker,48,1
153,saltinecracker,50,1
153,wheatthins,36,1
153,eggrolls,63,1
153,frenchfries,65,1
153,butteredpopcorn,53,1
153,triscuits,45,1
153,wavylays,68,1
153,chocolateicecreamcone,63,1
153,strawberryicecreamcone,74,1
153,vanillasoftservecone,70,1
153,nutrigrainbar,53,1
153,churro,44,1
153,twistdonut,72,1
153,tuilecookie,11,1
153,madeleine,5,1
153,oatmealraisincookie,49,1
153,thumprintcookie,55,1
153,sugarcookie,8,1
153,vanillawafer,63,1
153,chocolatewafer,15,1
153,chocolatebark,82,1
153,darkchocolate,48,1
153,milkchocolate,48,1
153,pocky,2,1
153,toblerone,36,1
153,lindtlindorchocolatetruffle,48,1
153,twix,78,1
153,caramel,76,1
153,peanutmms,31,1
153,brownie,8,1
153,frostedbrownie,30,1
153,lemoncake,67,1
154,orange,79,1
154,plum,82,1
154,blackberry,100,1
154,peach,91,1
154,cherry,100,1
154,raspberry,100,1
154,apple,78,1
154,grape,92,1
154,goldendeliciousapple,92,1
154,honeydewmelon,92,1
154,kiwi,81,1
154,greenbellpepper,1,1
154,carrot,64,1
154,peanuts,78,1
154,almonds,80,1
154,baguette,23,1
154,slicedloafbread,22,1
154,boulebread,22,1
154,ryebread,22,1
154,deliturkey,37,1
154,chickentenders,21,1
154,meatballs,1,1
154,gouda,25,1
154,swisscheese,22,1
154,potatochips,64,1
154,tortillachips,38,1
154,doritos,63,1
154,ritzcracker,22,1
154,saltinecracker,8,1
154,wheatthins,6,1
154,eggrolls,21,1
154,frenchfries,62,1
154,butteredpopcorn,64,1
154,triscuits,13,1
154,wavylays,64,1
154,chocolateicecreamcone,91,1
154,strawberryicecreamcone,89,1
154,vanillasoftservecone,90,1
154,nutrigrainbar,10,1
154,churro,23,1
154,twistdonut,23,1
154,tuilecookie,62,1
154,madeleine,10,1
154,oatmealraisincookie,38,1
154,thumprintcookie,20,1
154,sugarcookie,63,1
154,vanillawafer,63,1
154,chocolatewafer,64,1
154,chocolatebark,37,1
154,darkchocolate,63,1
154,milkchocolate,64,1
154,pocky,93,1
154,toblerone,63,1
154,lindtlindorchocolatetruffle,10,1
154,twix,63,1
154,caramel,23,1
154,peanutmms,79,1
154,brownie,25,1
154,frostedbrownie,23,1
154,lemoncake,23,1
155,orange,1,1
155,plum,1,1
155,blackberry,1,1
155,peach,2,1
155,cherry,1,1
155,raspberry,1,1
155,apple,2,1
155,grape,1,1
155,goldendeliciousapple,1,1
155,honeydewmelon,1,1
155,kiwi,1,1
155,greenbellpepper,1,1
155,carrot,17,1
155,peanuts,8,1
155,almonds,1,1
155,baguette,82,1
155,slicedloafbread,6,1
155,boulebread,97,1
155,ryebread,48,1
155,deliturkey,74,1
155,chickentenders,59,1
155,meatballs,52,1
155,gouda,64,1
155,swisscheese,1,1
155,potatochips,62,1
155,tortillachips,16,1
155,doritos,1,1
155,ritzcracker,28,1
155,saltinecracker,17,1
155,wheatthins,12,1
155,eggrolls,79,1
155,frenchfries,25,1
155,butteredpopcorn,1,1
155,triscuits,1,1
155,wavylays,29,1
155,chocolateicecreamcone,2,1
155,strawberryicecreamcone,2,1
155,vanillasoftservecone,69,1
155,nutrigrainbar,1,1
155,churro,76,1
155,twistdonut,77,1
155,tuilecookie,1,1
155,madeleine,1,1
155,oatmealraisincookie,29,1
155,thumprintcookie,1,1
155,sugarcookie,64,1
155,vanillawafer,1,1
155,chocolatewafer,23,1
155,chocolatebark,23,1
155,darkchocolate,54,1
155,milkchocolate,68,1
155,pocky,1,1
155,toblerone,56,1
155,lindtlindorchocolatetruffle,75,1
155,twix,8,1
155,caramel,71,1
155,peanutmms,67,1
155,brownie,84,1
155,frostedbrownie,80,1
155,lemoncake,59,1
156,orange,34,1
156,plum,34,1
156,blackberry,34,1
156,peach,35,1
156,cherry,37,1
156,raspberry,30,1
156,apple,4,1
156,grape,51,1
156,goldendeliciousapple,7,1
156,honeydewmelon,18,1
156,kiwi,43,1
156,greenbellpepper,71,1
156,carrot,14,1
156,peanuts,19,1
156,almonds,13,1
156,baguette,51,1
156,slicedloafbread,49,1
156,boulebread,34,1
156,ryebread,36,1
156,deliturkey,82,1
156,chickentenders,100,1
156,meatballs,57,1
156,gouda,62,1
156,swisscheese,72,1
156,potatochips,44,1
156,tortillachips,76,1
156,doritos,31,1
156,ritzcracker,51,1
156,saltinecracker,50,1
156,wheatthins,57,1
156,eggrolls,51,1
156,frenchfries,100,1
156,butteredpopcorn,6,1
156,triscuits,37,1
156,wavylays,49,1
156,chocolateicecreamcone,23,1
156,strawberryicecreamcone,16,1
156,vanillasoftservecone,30,1
156,nutrigrainbar,23,1
156,churro,26,1
156,twistdonut,12,1
156,tuilecookie,26,1
156,madeleine,23,1
156,oatmealraisincookie,49,1
156,thumprintcookie,15,1
156,sugarcookie,35,1
156,vanillawafer,50,1
156,chocolatewafer,50,1
156,chocolatebark,41,1
156,darkchocolate,37,1
156,milkchocolate,19,1
156,pocky,20,1
156,toblerone,57,1
156,lindtlindorchocolatetruffle,6,1
156,twix,34,1
156,caramel,15,1
156,peanutmms,11,1
156,brownie,71,1
156,frostedbrownie,52,1
156,lemoncake,50,1
157,orange,76,1
157,plum,58,1
157,blackberry,20,1
157,peach,66,1
157,cherry,29,1
157,raspberry,7,1
157,apple,68,1
157,grape,44,1
157,goldendeliciousapple,69,1
157,honeydewmelon,31,1
157,kiwi,3,1
157,greenbellpepper,67,1
157,carrot,17,1
157,peanuts,51,1
157,almonds,56,1
157,baguette,50,1
157,slicedloafbread,46,1
157,boulebread,37,1
157,ryebread,30,1
157,deliturkey,37,1
157,chickentenders,73,1
157,meatballs,66,1
157,gouda,70,1
157,swisscheese,51,1
157,potatochips,47,1
157,tortillachips,46,1
157,doritos,52,1
157,ritzcracker,51,1
157,saltinecracker,20,1
157,wheatthins,38,1
157,eggrolls,68,1
157,frenchfries,97,1
157,butteredpopcorn,20,1
157,triscuits,3,1
157,wavylays,48,1
157,chocolateicecreamcone,75,1
157,strawberryicecreamcone,83,1
157,vanillasoftservecone,78,1
157,nutrigrainbar,98,1
157,churro,81,1
157,twistdonut,77,1
157,tuilecookie,39,1
157,madeleine,77,1
157,oatmealraisincookie,88,1
157,thumprintcookie,75,1
157,sugarcookie,90,1
157,vanillawafer,47,1
157,chocolatewafer,57,1
157,chocolatebark,74,1
157,darkchocolate,80,1
157,milkchocolate,79,1
157,pocky,69,1
157,toblerone,79,1
157,lindtlindorchocolatetruffle,71,1
157,twix,92,1
157,caramel,67,1
157,peanutmms,99,1
157,brownie,82,1
157,frostedbrownie,87,1
157,lemoncake,64,1
158,orange,44,1
158,plum,59,1
158,blackberry,51,1
158,peach,59,1
158,cherry,58,1
158,raspberry,49,1
158,apple,40,1
158,grape,58,1
158,goldendeliciousapple,38,1
158,honeydewmelon,67,1
158,kiwi,55,1
158,greenbellpepper,28,1
158,carrot,53,1
158,peanuts,57,1
158,almonds,64,1
158,baguette,48,1
158,slicedloafbread,58,1
158,boulebread,53,1
158,ryebread,50,1
158,deliturkey,41,1
158,chickentenders,58,1
158,meatballs,49,1
158,gouda,70,1
158,swisscheese,65,1
158,potatochips,57,1
158,tortillachips,61,1
158,doritos,67,1
158,ritzcracker,63,1
158,saltinecracker,53,1
158,wheatthins,54,1
158,eggrolls,71,1
158,frenchfries,69,1
158,butteredpopcorn,63,1
158,triscuits,53,1
158,wavylays,69,1
158,chocolateicecreamcone,52,1
158,strawberryicecreamcone,68,1
158,vanillasoftservecone,63,1
158,nutrigrainbar,56,1
158,churro,51,1
158,twistdonut,76,1
158,tuilecookie,50,1
158,madeleine,43,1
158,oatmealraisincookie,54,1
158,thumprintcookie,43,1
158,sugarcookie,48,1
158,vanillawafer,46,1
158,chocolatewafer,57,1
158,chocolatebark,41,1
158,darkchocolate,71,1
158,milkchocolate,66,1
158,pocky,41,1
158,toblerone,52,1
158,lindtlindorchocolatetruffle,52,1
158,twix,73,1
158,caramel,34,1
158,peanutmms,62,1
158,brownie,62,1
158,frostedbrownie,57,1
158,lemoncake,54,1
159,orange,51,1
159,plum,49,1
159,blackberry,97,1
159,peach,59,1
159,cherry,99,1
159,raspberry,98,1
159,apple,2,1
159,grape,97,1
159,goldendeliciousapple,3,1
159,honeydewmelon,1,1
159,kiwi,99,1
159,greenbellpepper,50,1
159,carrot,51,1
159,peanuts,99,1
159,almonds,97,1
159,baguette,51,1
159,slicedloafbread,50,1
159,boulebread,49,1
159,ryebread,51,1
159,deliturkey,99,1
159,chickentenders,99,1
159,meatballs,97,1
159,gouda,97,1
159,swisscheese,99,1
159,potatochips,51,1
159,tortillachips,51,1
159,doritos,50,1
159,ritzcracker,50,1
159,saltinecracker,50,1
159,wheatthins,50,1
159,eggrolls,97,1
159,frenchfries,37,1
159,butteredpopcorn,51,1
159,triscuits,50,1
159,wavylays,51,1
159,chocolateicecreamcone,50,1
159,strawberryicecreamcone,51,1
159,vanillasoftservecone,52,1
159,nutrigrainbar,68,1
159,churro,52,1
159,twistdonut,51,1
159,tuilecookie,49,1
159,madeleine,50,1
159,oatmealraisincookie,51,1
159,thumprintcookie,53,1
159,sugarcookie,51,1
159,vanillawafer,51,1
159,chocolatewafer,99,1
159,chocolatebark,98,1
159,darkchocolate,98,1
159,milkchocolate,98,1
159,pocky,98,1
159,toblerone,98,1
159,lindtlindorchocolatetruffle,97,1
159,twix,97,1
159,caramel,2,1
159,peanutmms,99,1
159,brownie,98,1
159,frostedbrownie,99,1
159,lemoncake,51,1
160,orange,76,1
160,plum,56,1
160,blackberry,58,1
160,peach,58,1
160,cherry,43,1
160,raspberry,59,1
160,apple,57,1
160,grape,63,1
160,goldendeliciousapple,60,1
160,honeydewmelon,46,1
160,kiwi,44,1
160,greenbellpepper,53,1
160,carrot,61,1
160,peanuts,82,1
160,almonds,36,1
160,baguette,61,1
160,slicedloafbread,59,1
160,boulebread,57,1
160,ryebread,55,1
160,deliturkey,87,1
160,chickentenders,58,1
160,meatballs,26,1
160,gouda,79,1
160,swisscheese,64,1
160,potatochips,79,1
160,tortillachips,71,1
160,doritos,72,1
160,ritzcracker,60,1
160,saltinecracker,61,1
160,wheatthins,61,1
160,eggrolls,69,1
160,frenchfries,82,1
160,butteredpopcorn,59,1
160,triscuits,72,1
160,wavylays,79,1
160,chocolateicecreamcone,10,1
160,strawberryicecreamcone,9,1
160,vanillasoftservecone,9,1
160,nutrigrainbar,47,1
160,churro,14,1
160,twistdonut,56,1
160,tuilecookie,64,1
160,madeleine,11,1
160,oatmealraisincookie,18,1
160,thumprintcookie,40,1
160,sugarcookie,47,1
160,vanillawafer,53,1
160,chocolatewafer,35,1
160,chocolatebark,20,1
160,darkchocolate,27,1
160,milkchocolate,31,1
160,pocky,1,1
160,toblerone,31,1
160,lindtlindorchocolatetruffle,12,1
160,twix,41,1
160,caramel,48,1
160,peanutmms,51,1
160,brownie,43,1
160,frostedbrownie,46,1
160,lemoncake,9,1
161,orange,60,1
161,plum,1,1
161,blackberry,100,1
161,peach,1,1
161,cherry,83,1
161,raspberry,100,1
161,apple,67,1
161,grape,95,1
161,goldendeliciousapple,63,1
161,honeydewmelon,17,1
161,kiwi,97,1
161,greenbellpepper,1,1
161,carrot,1,1
161,peanuts,85,1
161,almonds,83,1
161,baguette,65,1
161,slicedloafbread,19,1
161,boulebread,24,1
161,ryebread,5,1
161,deliturkey,37,1
161,chickentenders,100,1
161,meatballs,84,1
161,gouda,68,1
161,swisscheese,76,1
161,potatochips,73,1
161,tortillachips,76,1
161,doritos,100,1
161,ritzcracker,65,1
161,saltinecracker,30,1
161,wheatthins,56,1
161,eggrolls,100,1
161,frenchfries,100,1
161,butteredpopcorn,100,1
161,triscuits,11,1
161,wavylays,60,1
161,chocolateicecreamcone,100,1
161,strawberryicecreamcone,95,1
161,vanillasoftservecone,88,1
161,nutrigrainbar,64,1
161,churro,100,1
161,twistdonut,91,1
161,tuilecookie,88,1
161,madeleine,88,1
161,oatmealraisincookie,11,1
161,thumprintcookie,100,1
161,sugarcookie,94,1
161,vanillawafer,54,1
161,chocolatewafer,80,1
161,chocolatebark,88,1
161,darkchocolate,41,1
161,milkchocolate,88,1
161,pocky,100,1
161,toblerone,94,1
161,lindtlindorchocolatetruffle,100,1
161,twix,100,1
161,caramel,68,1
161,peanutmms,84,1
161,brownie,100,1
161,frostedbrownie,100,1
161,lemoncake,87,1
162,orange,22,1
162,plum,39,1
162,blackberry,70,1
162,peach,47,1
162,cherry,41,1
162,raspberry,56,1
162,apple,36,1
162,grape,50,1
162,goldendeliciousapple,27,1
162,honeydewmelon,22,1
162,kiwi,41,1
162,greenbellpepper,13,1
162,carrot,27,1
162,peanuts,22,1
162,almonds,41,1
162,baguette,41,1
162,slicedloafbread,22,1
162,boulebread,30,1
162,ryebread,39,1
162,deliturkey,67,1
162,chickentenders,67,1
162,meatballs,67,1
162,gouda,75,1
162,swisscheese,41,1
162,potatochips,70,1
162,tortillachips,70,1
162,doritos,81,1
162,ritzcracker,61,1
162,saltinecracker,53,1
162,wheatthins,56,1
162,eggrolls,81,1
162,frenchfries,67,1
162,butteredpopcorn,73,1
162,triscuits,67,1
162,wavylays,73,1
162,chocolateicecreamcone,75,1
162,strawberryicecreamcone,75,1
162,vanillasoftservecone,81,1
162,nutrigrainbar,64,1
162,churro,67,1
162,twistdonut,64,1
162,tuilecookie,70,1
162,madeleine,75,1
162,oatmealraisincookie,67,1
162,thumprintcookie,81,1
162,sugarcookie,73,1
162,vanillawafer,56,1
162,chocolatewafer,67,1
162,chocolatebark,67,1
162,darkchocolate,67,1
162,milkchocolate,73,1
162,pocky,75,1
162,toblerone,73,1
162,lindtlindorchocolatetruffle,64,1
162,twix,81,1
162,caramel,56,1
162,peanutmms,70,1
162,brownie,67,1
162,frostedbrownie,75,1
162,lemoncake,92,1
163,orange,99,1
163,plum,99,1
163,blackberry,100,1
163,peach,99,1
163,cherry,99,1
163,raspberry,100,1
163,apple,100,1
163,grape,99,1
163,goldendeliciousapple,98,1
163,honeydewmelon,99,1
163,kiwi,99,1
163,greenbellpepper,99,1
163,carrot,98,1
163,peanuts,72,1
163,almonds,78,1
163,baguette,3,1
163,slicedloafbread,1,1
163,boulebread,4,1
163,ryebread,2,1
163,deliturkey,2,1
163,chickentenders,2,1
163,meatballs,1,1
163,gouda,2,1
163,swisscheese,2,1
163,potatochips,1,1
163,tortillachips,3,1
163,doritos,2,1
163,ritzcracker,3,1
163,saltinecracker,1,1
163,wheatthins,1,1
163,eggrolls,2,1
163,frenchfries,4,1
163,butteredpopcorn,1,1
163,triscuits,67,1
163,wavylays,1,1
163,chocolateicecreamcone,1,1
163,strawberryicecreamcone,4,1
163,vanillasoftservecone,2,1
163,nutrigrainbar,1,1
163,churro,2,1
163,twistdonut,2,1
163,tuilecookie,1,1
163,madeleine,1,1
163,oatmealraisincookie,1,1
163,thumprintcookie,1,1
163,sugarcookie,2,1
163,vanillawafer,1,1
163,chocolatewafer,2,1
163,chocolatebark,2,1
163,darkchocolate,2,1
163,milkchocolate,3,1
163,pocky,2,1
163,toblerone,2,1
163,lindtlindorchocolatetruffle,3,1
163,twix,3,1
163,caramel,2,1
163,peanutmms,2,1
163,brownie,1,1
163,frostedbrownie,2,1
163,lemoncake,2,1
201,orange,96,1
201,plum,60,1
201,blackberry,76,1
201,peach,89,1
201,cherry,87,1
201,raspberry,97,1
201,apple,90,1
201,grape,90,1
201,goldendeliciousapple,49,1
201,honeydewmelon,72,1
201,kiwi,79,1
201,greenbellpepper,1,1
201,carrot,29,1
201,peanuts,4,1
201,almonds,5,1
201,baguette,35,1
201,slicedloafbread,31,1
201,boulebread,22,1
201,ryebread,27,1
201,deliturkey,92,1
201,chickentenders,59,1
201,meatballs,6,1
201,gouda,26,1
201,swisscheese,71,1
201,potatochips,74,1
201,tortillachips,18,1
201,doritos,58,1
201,ritzcracker,66,1
201,saltinecracker,27,1
201,wheatthins,60,1
201,eggrolls,2,1
201,frenchfries,26,1
201,butteredpopcorn,30,1
201,triscuits,8,1
201,wavylays,79,1
201,chocolateicecreamcone,26,1
201,strawberryicecreamcone,37,1
201,vanillasoftservecone,68,1
201,nutrigrainbar,66,1
201,churro,7,1
201,twistdonut,51,1
201,tuilecookie,30,1
201,madeleine,12,1
201,oatmealraisincookie,10,1
201,thumprintcookie,5,1
201,sugarcookie,13,1
201,vanillawafer,7,1
201,chocolatewafer,12,1
201,chocolatebark,10,1
201,darkchocolate,19,1
201,milkchocolate,11,1
201,pocky,7,1
201,toblerone,20,1
201,lindtlindorchocolatetruffle,25,1
201,twix,9,1
201,caramel,18,1
201,peanutmms,33,1
201,brownie,62,1
201,frostedbrownie,24,1
201,lemoncake,6,1
202,orange,87,1
202,plum,89,1
202,blackberry,1,1
202,peach,73,1
202,cherry,1,1
202,raspberry,1,1
202,apple,88,1
202,grape,29,1
202,goldendeliciousapple,86,1
202,honeydewmelon,1,1
202,kiwi,27,1
202,greenbellpepper,4,1
202,carrot,1,1
202,peanuts,35,1
202,almonds,1,1
202,baguette,8,1
202,slicedloafbread,84,1
202,boulebread,99,1
202,ryebread,98,1
202,deliturkey,1,1
202,chickentenders,1,1
202,meatballs,100,1
202,gouda,26,1
202,swisscheese,12,1
202,potatochips,5,1
202,tortillachips,1,1
202,doritos,1,1
202,ritzcracker,99,1
202,saltinecracker,83,1
202,wheatthins,1,1
202,eggrolls,19,1
202,frenchfries,1,1
202,butteredpopcorn,1,1
202,triscuits,64,1
202,wavylays,1,1
202,chocolateicecreamcone,1,1
202,strawberryicecreamcone,1,1
202,vanillasoftservecone,2,1
202,nutrigrainbar,8,1
202,churro,4,1
202,twistdonut,3,1
202,tuilecookie,100,1
202,madeleine,9,1
202,oatmealraisincookie,13,1
202,thumprintcookie,1,1
202,sugarcookie,1,1
202,vanillawafer,1,1
202,chocolatewafer,1,1
202,chocolatebark,1,1
202,darkchocolate,1,1
202,milkchocolate,1,1
202,pocky,10,1
202,toblerone,1,1
202,lindtlindorchocolatetruffle,1,1
202,twix,1,1
202,caramel,1,1
202,peanutmms,1,1
202,brownie,1,1
202,frostedbrownie,1,1
202,lemoncake,1,1
203,orange,58,1
203,plum,76,1
203,blackberry,76,1
203,peach,69,1
203,cherry,47,1
203,raspberry,81,1
203,apple,72,1
203,grape,82,1
203,goldendeliciousapple,69,1
203,honeydewmelon,3,1
203,kiwi,84,1
203,greenbellpepper,12,1
203,carrot,43,1
203,peanuts,34,1
203,almonds,9,1
203,baguette,1,1
203,slicedloafbread,2,1
203,boulebread,2,1
203,ryebread,5,1
203,deliturkey,8,1
203,chickentenders,27,1
203,meatballs,3,1
203,gouda,13,1
203,swisscheese,30,1
203,potatochips,66,1
203,tortillachips,61,1
203,doritos,57,1
203,ritzcracker,51,1
203,saltinecracker,54,1
203,wheatthins,56,1
203,eggrolls,24,1
203,frenchfries,60,1
203,butteredpopcorn,62,1
203,triscuits,36,1
203,wavylays,58,1
203,chocolateicecreamcone,53,1
203,strawberryicecreamcone,53,1
203,vanillasoftservecone,56,1
203,nutrigrainbar,57,1
203,churro,56,1
203,twistdonut,12,1
203,tuilecookie,68,1
203,madeleine,39,1
203,oatmealraisincookie,61,1
203,thumprintcookie,59,1
203,sugarcookie,18,1
203,vanillawafer,68,1
203,chocolatewafer,91,1
203,chocolatebark,25,1
203,darkchocolate,72,1
203,milkchocolate,20,1
203,pocky,63,1
203,toblerone,53,1
203,lindtlindorchocolatetruffle,67,1
203,twix,75,1
203,caramel,69,1
203,peanutmms,62,1
203,brownie,62,1
203,frostedbrownie,66,1
203,lemoncake,63,1
204,orange,69,1
204,plum,77,1
204,blackberry,76,1
204,peach,79,1
204,cherry,82,1
204,raspberry,82,1
204,apple,48,1
204,grape,73,1
204,goldendeliciousapple,76,1
204,honeydewmelon,17,1
204,kiwi,88,1
204,greenbellpepper,73,1
204,carrot,79,1
204,peanuts,1,1
204,almonds,73,1
204,baguette,81,1
204,slicedloafbread,68,1
204,boulebread,84,1
204,ryebread,84,1
204,deliturkey,65,1
204,chickentenders,90,1
204,meatballs,80,1
204,gouda,33,1
204,swisscheese,72,1
204,potatochips,66,1
204,tortillachips,76,1
204,doritos,84,1
204,ritzcracker,78,1
204,saltinecracker,68,1
204,wheatthins,84,1
204,eggrolls,79,1
204,frenchfries,74,1
204,butteredpopcorn,79,1
204,triscuits,77,1
204,wavylays,68,1
204,chocolateicecreamcone,79,1
204,strawberryicecreamcone,66,1
204,vanillasoftservecone,1,1
204,nutrigrainbar,76,1
204,churro,80,1
204,twistdonut,75,1
204,tuilecookie,73,1
204,madeleine,71,1
204,oatmealraisincookie,69,1
204,thumprintcookie,68,1
204,sugarcookie,72,1
204,vanillawafer,81,1
204,chocolatewafer,73,1
204,chocolatebark,86,1
204,darkchocolate,77,1
204,milkchocolate,84,1
204,pocky,73,1
204,toblerone,76,1
204,lindtlindorchocolatetruffle,70,1
204,twix,88,1
204,caramel,73,1
204,peanutmms,81,1
204,brownie,80,1
204,frostedbrownie,78,1
204,lemoncake,81,1
205,orange,65,1
205,plum,94,1
205,blackberry,62,1
205,peach,75,1
205,cherry,29,1
205,raspberry,66,1
205,apple,35,1
205,grape,65,1
205,goldendeliciousapple,23,1
205,honeydewmelon,43,1
205,kiwi,64,1
205,greenbellpepper,11,1
205,carrot,62,1
205,peanuts,44,1
205,almonds,81,1
205,baguette,30,1
205,slicedloafbread,2,1
205,boulebread,12,1
205,ryebread,25,1
205,deliturkey,49,1
205,chickentenders,52,1
205,meatballs,37,1
205,gouda,51,1
205,swisscheese,86,1
205,potatochips,55,1
205,tortillachips,39,1
205,doritos,54,1
205,ritzcracker,72,1
205,saltinecracker,48,1
205,wheatthins,77,1
205,eggrolls,39,1
205,frenchfries,51,1
205,butteredpopcorn,95,1
205,triscuits,63,1
205,wavylays,55,1
205,chocolateicecreamcone,26,1
205,strawberryicecreamcone,21,1
205,vanillasoftservecone,20,1
205,nutrigrainbar,82,1
205,churro,2,1
205,twistdonut,30,1
205,tuilecookie,18,1
205,madeleine,7,1
205,oatmealraisincookie,93,1
205,thumprintcookie,28,1
205,sugarcookie,62,1
205,vanillawafer,63,1
205,chocolatewafer,63,1
205,chocolatebark,39,1
205,darkchocolate,39,1
205,milkchocolate,26,1
205,pocky,66,1
205,toblerone,47,1
205,lindtlindorchocolatetruffle,80,1
205,twix,48,1
205,caramel,55,1
205,peanutmms,40,1
205,brownie,29,1
205,frostedbrownie,33,1
205,lemoncake,6,1
206,orange,26,1
206,plum,1,1
206,blackberry,65,1
206,peach,67,1
206,cherry,16,1
206,raspberry,38,1
206,apple,67,1
206,grape,65,1
206,goldendeliciousapple,24,1
206,honeydewmelon,68,1
206,kiwi,39,1
206,greenbellpepper,9,1
206,carrot,35,1
206,peanuts,26,1
206,almonds,14,1
206,baguette,61,1
206,slicedloafbread,1,1
206,boulebread,69,1
206,ryebread,51,1
206,deliturkey,22,1
206,chickentenders,36,1
206,meatballs,1,1
206,gouda,1,1
206,swisscheese,1,1
206,potatochips,51,1
206,tortillachips,80,1
206,doritos,65,1
206,ritzcracker,45,1
206,saltinecracker,8,1
206,wheatthins,10,1
206,eggrolls,1,1
206,frenchfries,20,1
206,butteredpopcorn,1,1
206,triscuits,1,1
206,wavylays,18,1
206,chocolateicecreamcone,51,1
206,strawberryicecreamcone,40,1
206,vanillasoftservecone,68,1
206,nutrigrainbar,14,1
206,churro,7,1
206,twistdonut,36,1
206,tuilecookie,24,1
206,madeleine,3,1
206,oatmealraisincookie,73,1
206,thumprintcookie,23,1
206,sugarcookie,18,1
206,vanillawafer,51,1
206,chocolatewafer,23,1
206,chocolatebark,53,1
206,darkchocolate,71,1
206,milkchocolate,42,1
206,pocky,24,1
206,toblerone,1,1
206,lindtlindorchocolatetruffle,47,1
206,twix,11,1
206,caramel,11,1
206,peanutmms,22,1
206,brownie,69,1
206,frostedbrownie,61,1
206,lemoncake,1,1
207,orange,79,1
207,plum,72,1
207,blackberry,75,1
207,peach,67,1
207,cherry,83,1
207,raspberry,80,1
207,apple,84,1
207,grape,88,1
207,goldendeliciousapple,86,1
207,honeydewmelon,85,1
207,kiwi,75,1
207,greenbellpepper,57,1
207,carrot,71,1
207,peanuts,33,1
207,almonds,9,1
207,baguette,36,1
207,slicedloafbread,42,1
207,boulebread,25,1
207,ryebread,46,1
207,deliturkey,57,1
207,chickentenders,50,1
207,meatballs,33,1
207,gouda,44,1
207,swisscheese,43,1
207,potatochips,24,1
207,tortillachips,22,1
207,doritos,35,1
207,ritzcracker,64,1
207,saltinecracker,61,1
207,wheatthins,67,1
207,eggrolls,25,1
207,frenchfries,32,1
207,butteredpopcorn,54,1
207,triscuits,72,1
207,wavylays,23,1
207,chocolateicecreamcone,39,1
207,strawberryicecreamcone,53,1
207,vanillasoftservecone,50,1
207,nutrigrainbar,36,1
207,churro,38,1
207,twistdonut,49,1
207,tuilecookie,23,1
207,madeleine,38,1
207,oatmealraisincookie,36,1
207,thumprintcookie,46,1
207,sugarcookie,44,1
207,vanillawafer,35,1
207,chocolatewafer,40,1
207,chocolatebark,36,1
207,darkchocolate,24,1
207,milkchocolate,30,1
207,pocky,39,1
207,toblerone,48,1
207,lindtlindorchocolatetruffle,41,1
207,twix,45,1
207,caramel,31,1
207,peanutmms,42,1
207,brownie,28,1
207,frostedbrownie,37,1
207,lemoncake,29,1
208,orange,72,1
208,plum,88,1
208,blackberry,71,1
208,peach,70,1
208,cherry,87,1
208,raspberry,72,1
208,apple,71,1
208,grape,88,1
208,goldendeliciousapple,70,1
208,honeydewmelon,60,1
208,kiwi,59,1
208,greenbellpepper,22,1
208,carrot,78,1
208,peanuts,57,1
208,almonds,48,1
208,baguette,18,1
208,slicedloafbread,20,1
208,boulebread,22,1
208,ryebread,25,1
208,deliturkey,41,1
208,chickentenders,32,1
208,meatballs,48,1
208,gouda,27,1
208,swisscheese,42,1
208,potatochips,5,1
208,tortillachips,12,1
208,doritos,4,1
208,ritzcracker,50,1
208,saltinecracker,19,1
208,wheatthins,37,1
208,eggrolls,54,1
208,frenchfries,21,1
208,butteredpopcorn,44,1
208,triscuits,53,1
208,wavylays,4,1
208,chocolateicecreamcone,77,1
208,strawberryicecreamcone,65,1
208,vanillasoftservecone,69,1
208,nutrigrainbar,58,1
208,churro,57,1
208,twistdonut,9,1
208,tuilecookie,39,1
208,madeleine,42,1
208,oatmealraisincookie,23,1
208,thumprintcookie,46,1
208,sugarcookie,47,1
208,vanillawafer,7,1
208,chocolatewafer,9,1
208,chocolatebark,60,1
208,darkchocolate,53,1
208,milkchocolate,36,1
208,pocky,51,1
208,toblerone,41,1
208,lindtlindorchocolatetruffle,45,1
208,twix,23,1
208,caramel,35,1
208,peanutmms,56,1
208,brownie,20,1
208,frostedbrownie,15,1
208,lemoncake,48,1
209,orange,82,1
209,plum,72,1
209,blackberry,98,1
209,peach,76,1
209,cherry,99,1
209,raspberry,99,1
209,apple,61,1
209,grape,98,1
209,goldendeliciousapple,44,1
209,honeydewmelon,92,1
209,kiwi,84,1
209,greenbellpepper,12,1
209,carrot,33,1
209,peanuts,9,1
209,almonds,69,1
209,baguette,8,1
209,slicedloafbread,1,1
209,boulebread,8,1
209,ryebread,21,1
209,deliturkey,6,1
209,chickentenders,10,1
209,meatballs,6,1
209,gouda,59,1
209,swisscheese,43,1
209,potatochips,17,1
209,tortillachips,43,1
209,doritos,61,1
209,ritzcracker,10,1
209,saltinecracker,7,1
209,wheatthins,12,1
209,eggrolls,27,1
209,frenchfries,15,1
209,butteredpopcorn,90,1
209,triscuits,57,1
209,wavylays,9,1
209,chocolateicecreamcone,56,1
209,strawberryicecreamcone,46,1
209,vanillasoftservecone,58,1
209,nutrigrainbar,86,1
209,churro,87,1
209,twistdonut,55,1
209,tuilecookie,89,1
209,madeleine,65,1
209,oatmealraisincookie,93,1
209,thumprintcookie,80,1
209,sugarcookie,55,1
209,vanillawafer,71,1
209,chocolatewafer,92,1
209,chocolatebark,97,1
209,darkchocolate,98,1
209,milkchocolate,98,1
209,pocky,96,1
209,toblerone,97,1
209,lindtlindorchocolatetruffle,98,1
209,twix,76,1
209,caramel,88,1
209,peanutmms,89,1
209,brownie,85,1
209,frostedbrownie,87,1
209,lemoncake,58,1
210,orange,50,1
210,plum,45,1
210,blackberry,18,1
210,peach,54,1
210,cherry,81,1
210,raspberry,50,1
210,apple,69,1
210,grape,87,1
210,goldendeliciousapple,14,1
210,honeydewmelon,41,1
210,kiwi,17,1
210,greenbellpepper,53,1
210,carrot,50,1
210,peanuts,39,1
210,almonds,51,1
210,baguette,26,1
210,slicedloafbread,6,1
210,boulebread,10,1
210,ryebread,11,1
210,deliturkey,1,1
210,chickentenders,1,1
210,meatballs,1,1
210,gouda,34,1
210,swisscheese,49,1
210,potatochips,27,1
210,tortillachips,15,1
210,doritos,11,1
210,ritzcracker,7,1
210,saltinecracker,7,1
210,wheatthins,14,1
210,eggrolls,6,1
210,frenchfries,64,1
210,butteredpopcorn,8,1
210,triscuits,5,1
210,wavylays,5,1
210,chocolateicecreamcone,10,1
210,strawberryicecreamcone,11,1
210,vanillasoftservecone,16,1
210,nutrigrainbar,4,1
210,churro,8,1
210,twistdonut,24,1
210,tuilecookie,6,1
210,madeleine,2,1
210,oatmealraisincookie,7,1
210,thumprintcookie,1,1
210,sugarcookie,7,1
210,vanillawafer,10,1
210,chocolatewafer,4,1
210,chocolatebark,5,1
210,darkchocolate,11,1
210,milkchocolate,13,1
210,pocky,5,1
210,toblerone,4,1
210,lindtlindorchocolatetruffle,14,1
210,twix,29,1
210,caramel,20,1
210,peanutmms,1,1
210,brownie,9,1
210,frostedbrownie,10,1
210,lemoncake,3,1
211,orange,64,1
211,plum,63,1
211,blackberry,44,1
211,peach,58,1
211,cherry,2,1
211,raspberry,45,1
211,apple,26,1
211,grape,71,1
211,goldendeliciousapple,27,1
211,honeydewmelon,64,1
211,kiwi,32,1
211,greenbellpepper,71,1
211,carrot,58,1
211,peanuts,87,1
211,almonds,78,1
211,baguette,99,1
211,slicedloafbread,97,1
211,boulebread,98,1
211,ryebread,98,1
211,deliturkey,85,1
211,chickentenders,98,1
211,meatballs,94,1
211,gouda,62,1
211,swisscheese,98,1
211,potatochips,99,1
211,tortillachips,99,1
211,doritos,98,1
211,ritzcracker,85,1
211,saltinecracker,75,1
211,wheatthins,89,1
211,eggrolls,95,1
211,frenchfries,98,1
211,butteredpopcorn,74,1
211,triscuits,90,1
211,wavylays,99,1
211,chocolateicecreamcone,69,1
211,strawberryicecreamcone,63,1
211,vanillasoftservecone,74,1
211,nutrigrainbar,37,1
211,churro,68,1
211,twistdonut,67,1
211,tuilecookie,64,1
211,madeleine,96,1
211,oatmealraisincookie,62,1
211,thumprintcookie,61,1
211,sugarcookie,70,1
211,vanillawafer,49,1
211,chocolatewafer,63,1
211,chocolatebark,68,1
211,darkchocolate,57,1
211,milkchocolate,65,1
211,pocky,48,1
211,toblerone,59,1
211,lindtlindorchocolatetruffle,65,1
211,twix,71,1
211,caramel,77,1
211,peanutmms,74,1
211,brownie,60,1
211,frostedbrownie,74,1
211,lemoncake,71,1
212,orange,64,1
212,plum,54,1
212,blackberry,95,1
212,peach,69,1
212,cherry,81,1
212,raspberry,83,1
212,apple,66,1
212,grape,74,1
212,goldendeliciousapple,65,1
212,honeydewmelon,36,1
212,kiwi,68,1
212,greenbellpepper,19,1
212,carrot,49,1
212,peanuts,35,1
212,almonds,27,1
212,baguette,64,1
212,slicedloafbread,8,1
212,boulebread,53,1
212,ryebread,51,1
212,deliturkey,8,1
212,chickentenders,60,1
212,meatballs,38,1
212,gouda,30,1
212,swisscheese,33,1
212,potatochips,89,1
212,tortillachips,63,1
212,doritos,69,1
212,ritzcracker,24,1
212,saltinecracker,42,1
212,wheatthins,10,1
212,eggrolls,18,1
212,frenchfries,69,1
212,butteredpopcorn,44,1
212,triscuits,31,1
212,wavylays,88,1
212,chocolateicecreamcone,58,1
212,strawberryicecreamcone,28,1
212,vanillasoftservecone,49,1
212,nutrigrainbar,19,1
212,churro,38,1
212,twistdonut,37,1
212,tuilecookie,25,1
212,madeleine,29,1
212,oatmealraisincookie,58,1
212,thumprintcookie,52,1
212,sugarcookie,21,1
212,vanillawafer,31,1
212,chocolatewafer,57,1
212,chocolatebark,45,1
212,darkchocolate,75,1
212,milkchocolate,49,1
212,pocky,54,1
212,toblerone,58,1
212,lindtlindorchocolatetruffle,78,1
212,twix,29,1
212,caramel,32,1
212,peanutmms,34,1
212,brownie,60,1
212,frostedbrownie,73,1
212,lemoncake,34,1
213,orange,17,1
213,plum,1,1
213,blackberry,2,1
213,peach,2,1
213,cherry,2,1
213,raspberry,8,1
213,apple,2,1
213,grape,6,1
213,goldendeliciousapple,2,1
213,honeydewmelon,2,1
213,kiwi,5,1
213,greenbellpepper,1,1
213,carrot,2,1
213,peanuts,2,1
213,almonds,1,1
213,baguette,32,1
213,slicedloafbread,2,1
213,boulebread,2,1
213,ryebread,3,1
213,deliturkey,16,1
213,chickentenders,57,1
213,meatballs,6,1
213,gouda,23,1
213,swisscheese,18,1
213,potatochips,72,1
213,tortillachips,57,1
213,doritos,61,1
213,ritzcracker,24,1
213,saltinecracker,24,1
213,wheatthins,17,1
213,eggrolls,61,1
213,frenchfries,65,1
213,butteredpopcorn,55,1
213,triscuits,4,1
213,wavylays,44,1
213,chocolateicecreamcone,96,1
213,strawberryicecreamcone,99,1
213,vanillasoftservecone,79,1
213,nutrigrainbar,32,1
213,churro,15,1
213,twistdonut,32,1
213,tuilecookie,28,1
213,madeleine,38,1
213,oatmealraisincookie,53,1
213,thumprintcookie,4,1
213,sugarcookie,66,1
213,vanillawafer,27,1
213,chocolatewafer,58,1
213,chocolatebark,55,1
213,darkchocolate,76,1
213,milkchocolate,96,1
213,pocky,1,1
213,toblerone,84,1
213,lindtlindorchocolatetruffle,87,1
213,twix,93,1
213,caramel,81,1
213,peanutmms,54,1
213,brownie,98,1
213,frostedbrownie,98,1
213,lemoncake,14,1
214,orange,85,1
214,plum,75,1
214,blackberry,29,1
214,peach,81,1
214,cherry,43,1
214,raspberry,45,1
214,apple,80,1
214,grape,86,1
214,goldendeliciousapple,74,1
214,honeydewmelon,78,1
214,kiwi,34,1
214,greenbellpepper,23,1
214,carrot,77,1
214,peanuts,81,1
214,almonds,71,1
214,baguette,81,1
214,slicedloafbread,91,1
214,boulebread,88,1
214,ryebread,78,1
214,deliturkey,58,1
214,chickentenders,30,1
214,meatballs,67,1
214,gouda,44,1
214,swisscheese,98,1
214,potatochips,82,1
214,tortillachips,82,1
214,doritos,74,1
214,ritzcracker,93,1
214,saltinecracker,91,1
214,wheatthins,84,1
214,eggrolls,57,1
214,frenchfries,79,1
214,butteredpopcorn,31,1
214,triscuits,81,1
214,wavylays,78,1
214,chocolateicecreamcone,41,1
214,strawberryicecreamcone,73,1
214,vanillasoftservecone,42,1
214,nutrigrainbar,63,1
214,churro,32,1
214,twistdonut,86,1
214,tuilecookie,43,1
214,madeleine,43,1
214,oatmealraisincookie,37,1
214,thumprintcookie,71,1
214,sugarcookie,75,1
214,vanillawafer,64,1
214,chocolatewafer,63,1
214,chocolatebark,40,1
214,darkchocolate,51,1
214,milkchocolate,38,1
214,pocky,2,1
214,toblerone,30,1
214,lindtlindorchocolatetruffle,42,1
214,twix,65,1
214,caramel,53,1
214,peanutmms,51,1
214,brownie,62,1
214,frostedbrownie,37,1
214,lemoncake,53,1
215,orange,67,1
215,plum,1,1
215,blackberry,61,1
215,peach,63,1
215,cherry,2,1
215,raspberry,46,1
215,apple,63,1
215,grape,54,1
215,goldendeliciousapple,16,1
215,honeydewmelon,5,1
215,kiwi,1,1
215,greenbellpepper,38,1
215,carrot,80,1
215,peanuts,86,1
215,almonds,57,1
215,baguette,62,1
215,slicedloafbread,53,1
215,boulebread,65,1
215,ryebread,63,1
215,deliturkey,2,1
215,chickentenders,52,1
215,meatballs,47,1
215,gouda,54,1
215,swisscheese,46,1
215,potatochips,84,1
215,tortillachips,77,1
215,doritos,69,1
215,ritzcracker,61,1
215,saltinecracker,70,1
215,wheatthins,46,1
215,eggrolls,13,1
215,frenchfries,65,1
215,butteredpopcorn,57,1
215,triscuits,1,1
215,wavylays,70,1
215,chocolateicecreamcone,67,1
215,strawberryicecreamcone,38,1
215,vanillasoftservecone,69,1
215,nutrigrainbar,1,1
215,churro,42,1
215,twistdonut,72,1
215,tuilecookie,44,1
215,madeleine,30,1
215,oatmealraisincookie,75,1
215,thumprintcookie,1,1
215,sugarcookie,74,1
215,vanillawafer,17,1
215,chocolatewafer,55,1
215,chocolatebark,83,1
215,darkchocolate,80,1
215,milkchocolate,76,1
215,pocky,6,1
215,toblerone,64,1
215,lindtlindorchocolatetruffle,2,1
215,twix,76,1
215,caramel,78,1
215,peanutmms,51,1
215,brownie,89,1
215,frostedbrownie,85,1
215,lemoncake,69,1
216,orange,50,1
216,plum,50,1
216,blackberry,1,1
216,peach,1,1
216,cherry,1,1
216,raspberry,52,1
216,apple,7,1
216,grape,49,1
216,goldendeliciousapple,1,1
216,honeydewmelon,6,1
216,kiwi,1,1
216,greenbellpepper,1,1
216,carrot,51,1
216,peanuts,88,1
216,almonds,100,1
216,baguette,100,1
216,slicedloafbread,49,1
216,boulebread,100,1
216,ryebread,80,1
216,deliturkey,47,1
216,chickentenders,50,1
216,meatballs,50,1
216,gouda,100,1
216,swisscheese,100,1
216,potatochips,100,1
216,tortillachips,49,1
216,doritos,49,1
216,ritzcracker,50,1
216,saltinecracker,50,1
216,wheatthins,50,1
216,eggrolls,50,1
216,frenchfries,50,1
216,butteredpopcorn,100,1
216,triscuits,5,1
216,wavylays,100,1
216,chocolateicecreamcone,100,1
216,strawberryicecreamcone,16,1
216,vanillasoftservecone,78,1
216,nutrigrainbar,52,1
216,churro,52,1
216,twistdonut,100,1
216,tuilecookie,51,1
216,madeleine,50,1
216,oatmealraisincookie,8,1
216,thumprintcookie,20,1
216,sugarcookie,1,1
216,vanillawafer,14,1
216,chocolatewafer,1,1
216,chocolatebark,100,1
216,darkchocolate,100,1
216,milkchocolate,100,1
216,pocky,49,1
216,toblerone,100,1
216,lindtlindorchocolatetruffle,100,1
216,twix,100,1
216,caramel,94,1
216,peanutmms,100,1
216,brownie,100,1
216,frostedbrownie,100,1
216,lemoncake,100,1
217,orange,50,1
217,plum,50,1
217,blackberry,68,1
217,peach,76,1
217,cherry,100,1
217,raspberry,50,1
217,apple,19,1
217,grape,50,1
217,goldendeliciousapple,26,1
217,honeydewmelon,51,1
217,kiwi,75,1
217,greenbellpepper,1,1
217,carrot,20,1
217,peanuts,50,1
217,almonds,51,1
217,baguette,72,1
217,slicedloafbread,53,1
217,boulebread,50,1
217,ryebread,51,1
217,deliturkey,51,1
217,chickentenders,100,1
217,meatballs,79,1
217,gouda,75,1
217,swisscheese,75,1
217,potatochips,50,1
217,tortillachips,21,1
217,doritos,26,1
217,ritzcracker,51,1
217,saltinecracker,34,1
217,wheatthins,51,1
217,eggrolls,51,1
217,frenchfries,100,1
217,butteredpopcorn,51,1
217,triscuits,24,1
217,wavylays,51,1
217,chocolateicecreamcone,100,1
217,strawberryicecreamcone,100,1
217,vanillasoftservecone,100,1
217,nutrigrainbar,50,1
217,churro,73,1
217,twistdonut,75,1
217,tuilecookie,100,1
217,madeleine,100,1
217,oatmealraisincookie,100,1
217,thumprintcookie,100,1
217,sugarcookie,53,1
217,vanillawafer,65,1
217,chocolatewafer,68,1
217,chocolatebark,100,1
217,darkchocolate,100,1
217,milkchocolate,100,1
217,pocky,100,1
217,toblerone,100,1
217,lindtlindorchocolatetruffle,100,1
217,twix,100,1
217,caramel,51,1
217,peanutmms,51,1
217,brownie,100,1
217,frostedbrownie,100,1
217,lemoncake,79,1
218,orange,18,1
218,plum,68,1
218,blackberry,69,1
218,peach,76,1
218,cherry,71,1
218,raspberry,87,1
218,apple,19,1
218,grape,85,1
218,goldendeliciousapple,18,1
218,honeydewmelon,61,1
218,kiwi,27,1
218,greenbellpepper,20,1
218,carrot,18,1
218,peanuts,60,1
218,almonds,6,1
218,baguette,66,1
218,slicedloafbread,56,1
218,boulebread,54,1
218,ryebread,87,1
218,deliturkey,4,1
218,chickentenders,43,1
218,meatballs,3,1
218,gouda,8,1
218,swisscheese,62,1
218,potatochips,55,1
218,tortillachips,27,1
218,doritos,21,1
218,ritzcracker,10,1
218,saltinecracker,40,1
218,wheatthins,41,1
218,eggrolls,14,1
218,frenchfries,17,1
218,butteredpopcorn,23,1
218,triscuits,30,1
218,wavylays,40,1
218,chocolateicecreamcone,67,1
218,strawberryicecreamcone,16,1
218,vanillasoftservecone,81,1
218,nutrigrainbar,5,1
218,churro,57,1
218,twistdonut,63,1
218,tuilecookie,49,1
218,madeleine,48,1
218,oatmealraisincookie,60,1
218,thumprintcookie,57,1
218,sugarcookie,50,1
218,vanillawafer,50,1
218,chocolatewafer,11,1
218,chocolatebark,19,1
218,darkchocolate,33,1
218,milkchocolate,71,1
218,pocky,19,1
218,toblerone,22,1
218,lindtlindorchocolatetruffle,66,1
218,twix,56,1
218,caramel,2,1
218,peanutmms,73,1
218,brownie,56,1
218,frostedbrownie,65,1
218,lemoncake,11,1
219,orange,44,1
219,plum,49,1
219,blackberry,46,1
219,peach,46,1
219,cherry,45,1
219,raspberry,41,1
219,apple,49,1
219,grape,40,1
219,goldendeliciousapple,53,1
219,honeydewmelon,13,1
219,kiwi,46,1
219,greenbellpepper,47,1
219,carrot,53,1
219,peanuts,43,1
219,almonds,9,1
219,baguette,42,1
219,slicedloafbread,35,1
219,boulebread,35,1
219,ryebread,34,1
219,deliturkey,40,1
219,chickentenders,44,1
219,meatballs,27,1
219,gouda,51,1
219,swisscheese,31,1
219,potatochips,63,1
219,tortillachips,45,1
219,doritos,51,1
219,ritzcracker,49,1
219,saltinecracker,42,1
219,wheatthins,49,1
219,eggrolls,25,1
219,frenchfries,64,1
219,butteredpopcorn,49,1
219,triscuits,11,1
219,wavylays,52,1
219,chocolateicecreamcone,81,1
219,strawberryicecreamcone,87,1
219,vanillasoftservecone,85,1
219,nutrigrainbar,53,1
219,churro,55,1
219,twistdonut,50,1
219,tuilecookie,42,1
219,madeleine,80,1
219,oatmealraisincookie,76,1
219,thumprintcookie,98,1
219,sugarcookie,99,1
219,vanillawafer,95,1
219,chocolatewafer,73,1
219,chocolatebark,49,1
219,darkchocolate,98,1
219,milkchocolate,97,1
219,pocky,26,1
219,toblerone,64,1
219,lindtlindorchocolatetruffle,58,1
219,twix,64,1
219,caramel,47,1
219,peanutmms,97,1
219,brownie,84,1
219,frostedbrownie,98,1
219,lemoncake,77,1
220,orange,38,1
220,plum,74,1
220,blackberry,69,1
220,peach,70,1
220,cherry,63,1
220,raspberry,77,1
220,apple,9,1
220,grape,41,1
220,goldendeliciousapple,10,1
220,honeydewmelon,69,1
220,kiwi,50,1
220,greenbellpepper,8,1
220,carrot,22,1
220,peanuts,70,1
220,almonds,7,1
220,baguette,79,1
220,slicedloafbread,31,1
220,boulebread,47,1
220,ryebread,77,1
220,deliturkey,4,1
220,chickentenders,34,1
220,meatballs,90,1
220,gouda,88,1
220,swisscheese,87,1
220,potatochips,40,1
220,tortillachips,14,1
220,doritos,42,1
220,ritzcracker,56,1
220,saltinecracker,37,1
220,wheatthins,57,1
220,eggrolls,60,1
220,frenchfries,99,1
220,butteredpopcorn,32,1
220,triscuits,65,1
220,wavylays,70,1
220,chocolateicecreamcone,99,1
220,strawberryicecreamcone,2,1
220,vanillasoftservecone,89,1
220,nutrigrainbar,41,1
220,churro,87,1
220,twistdonut,60,1
220,tuilecookie,53,1
220,madeleine,61,1
220,oatmealraisincookie,71,1
220,thumprintcookie,88,1
220,sugarcookie,37,1
220,vanillawafer,77,1
220,chocolatewafer,85,1
220,chocolatebark,75,1
220,darkchocolate,73,1
220,milkchocolate,99,1
220,pocky,44,1
220,toblerone,95,1
220,lindtlindorchocolatetruffle,100,1
220,twix,99,1
220,caramel,77,1
220,peanutmms,41,1
220,brownie,89,1
220,frostedbrownie,99,1
220,lemoncake,99,1
221,orange,99,1
221,plum,87,1
221,blackberry,88,1
221,peach,92,1
221,cherry,73,1
221,raspberry,50,1
221,apple,100,1
221,grape,80,1
221,goldendeliciousapple,95,1
221,honeydewmelon,1,1
221,kiwi,1,1
221,greenbellpepper,1,1
221,carrot,16,1
221,peanuts,98,1
221,almonds,99,1
221,baguette,14,1
221,slicedloafbread,37,1
221,boulebread,15,1
221,ryebread,37,1
221,deliturkey,89,1
221,chickentenders,75,1
221,meatballs,59,1
221,gouda,10,1
221,swisscheese,61,1
221,potatochips,63,1
221,tortillachips,49,1
221,doritos,61,1
221,ritzcracker,67,1
221,saltinecracker,33,1
221,wheatthins,37,1
221,eggrolls,28,1
221,frenchfries,36,1
221,butteredpopcorn,55,1
221,triscuits,37,1
221,wavylays,61,1
221,chocolateicecreamcone,63,1
221,strawberryicecreamcone,58,1
221,vanillasoftservecone,69,1
221,nutrigrainbar,65,1
221,churro,34,1
221,twistdonut,29,1
221,tuilecookie,18,1
221,madeleine,52,1
221,oatmealraisincookie,79,1
221,thumprintcookie,27,1
221,sugarcookie,42,1
221,vanillawafer,75,1
221,chocolatewafer,79,1
221,chocolatebark,44,1
221,darkchocolate,83,1
221,milkchocolate,70,1
221,pocky,25,1
221,toblerone,70,1
221,lindtlindorchocolatetruffle,56,1
221,twix,54,1
221,caramel,40,1
221,peanutmms,65,1
221,brownie,57,1
221,frostedbrownie,61,1
221,lemoncake,17,1
222,orange,16,1
222,plum,27,1
222,blackberry,11,1
222,peach,63,1
222,cherry,19,1
222,raspberry,22,1
222,apple,51,1
222,grape,67,1
222,goldendeliciousapple,52,1
222,honeydewmelon,41,1
222,kiwi,23,1
222,greenbellpepper,13,1
222,carrot,70,1
222,peanuts,64,1
222,almonds,15,1
222,baguette,18,1
222,slicedloafbread,25,1
222,boulebread,39,1
222,ryebread,25,1
222,deliturkey,63,1
222,chickentenders,81,1
222,meatballs,25,1
222,gouda,34,1
222,swisscheese,36,1
222,potatochips,74,1
222,tortillachips,73,1
222,doritos,75,1
222,ritzcracker,29,1
222,saltinecracker,31,1
222,wheatthins,50,1
222,eggrolls,66,1
222,frenchfries,68,1
222,butteredpopcorn,74,1
222,triscuits,50,1
222,wavylays,76,1
222,chocolateicecreamcone,42,1
222,strawberryicecreamcone,37,1
222,vanillasoftservecone,27,1
222,nutrigrainbar,52,1
222,churro,68,1
222,twistdonut,35,1
222,tuilecookie,23,1
222,madeleine,18,1
222,oatmealraisincookie,73,1
222,thumprintcookie,21,1
222,sugarcookie,68,1
222,vanillawafer,34,1
222,chocolatewafer,56,1
222,chocolatebark,13,1
222,darkchocolate,25,1
222,milkchocolate,27,1
222,pocky,19,1
222,toblerone,46,1
222,lindtlindorchocolatetruffle,35,1
222,twix,78,1
222,caramel,25,1
222,peanutmms,30,1
222,brownie,49,1
222,frostedbrownie,63,1
222,lemoncake,65,1
223,orange,35,1
223,plum,36,1
223,blackberry,39,1
223,peach,24,1
223,cherry,36,1
223,raspberry,60,1
223,apple,28,1
223,grape,21,1
223,goldendeliciousapple,32,1
223,honeydewmelon,32,1
223,kiwi,24,1
223,greenbellpepper,17,1
223,carrot,39,1
223,peanuts,46,1
223,almonds,40,1
223,baguette,56,1
223,slicedloafbread,52,1
223,boulebread,39,1
223,ryebread,23,1
223,deliturkey,72,1
223,chickentenders,85,1
223,meatballs,55,1
223,gouda,79,1
223,swisscheese,61,1
223,potatochips,59,1
223,tortillachips,49,1
223,doritos,58,1
223,ritzcracker,40,1
223,saltinecracker,54,1
223,wheatthins,30,1
223,eggrolls,56,1
223,frenchfries,66,1
223,butteredpopcorn,43,1
223,triscuits,33,1
223,wavylays,67,1
223,chocolateicecreamcone,74,1
223,strawberryicecreamcone,56,1
223,vanillasoftservecone,58,1
223,nutrigrainbar,40,1
223,churro,58,1
223,twistdonut,54,1
223,tuilecookie,69,1
223,madeleine,30,1
223,oatmealraisincookie,62,1
223,thumprintcookie,30,1
223,sugarcookie,57,1
223,vanillawafer,44,1
223,chocolatewafer,76,1
223,chocolatebark,26,1
223,darkchocolate,53,1
223,milkchocolate,67,1
223,pocky,38,1
223,toblerone,58,1
223,lindtlindorchocolatetruffle,58,1
223,twix,68,1
223,caramel,47,1
223,peanutmms,62,1
223,brownie,65,1
223,frostedbrownie,66,1
223,lemoncake,54,1
224,orange,76,1
224,plum,1,1
224,blackberry,1,1
224,peach,22,1
224,cherry,21,1
224,raspberry,11,1
224,apple,100,1
224,grape,99,1
224,goldendeliciousapple,100,1
224,honeydewmelon,1,1
224,kiwi,98,1
224,greenbellpepper,72,1
224,carrot,95,1
224,peanuts,84,1
224,almonds,77,1
224,baguette,76,1
224,slicedloafbread,7,1
224,boulebread,3,1
224,ryebread,3,1
224,deliturkey,88,1
224,chickentenders,88,1
224,meatballs,6,1
224,gouda,2,1
224,swisscheese,2,1
224,potatochips,25,1
224,tortillachips,74,1
224,doritos,79,1
224,ritzcracker,85,1
224,saltinecracker,74,1
224,wheatthins,80,1
224,eggrolls,92,1
224,frenchfries,1,1
224,butteredpopcorn,71,1
224,triscuits,85,1
224,wavylays,53,1
224,chocolateicecreamcone,88,1
224,strawberryicecreamcone,82,1
224,vanillasoftservecone,82,1
224,nutrigrainbar,78,1
224,churro,73,1
224,twistdonut,84,1
224,tuilecookie,11,1
224,madeleine,38,1
224,oatmealraisincookie,19,1
224,thumprintcookie,77,1
224,sugarcookie,80,1
224,vanillawafer,61,1
224,chocolatewafer,75,1
224,chocolatebark,87,1
224,darkchocolate,40,1
224,milkchocolate,61,1
224,pocky,74,1
224,toblerone,51,1
224,lindtlindorchocolatetruffle,24,1
224,twix,81,1
224,caramel,75,1
224,peanutmms,81,1
224,brownie,71,1
224,frostedbrownie,71,1
224,lemoncake,68,1
225,orange,67,1
225,plum,51,1
225,blackberry,41,1
225,peach,50,1
225,cherry,52,1
225,raspberry,60,1
225,apple,73,1
225,grape,55,1
225,goldendeliciousapple,56,1
225,honeydewmelon,62,1
225,kiwi,24,1
225,greenbellpepper,14,1
225,carrot,67,1
225,peanuts,43,1
225,almonds,49,1
225,baguette,45,1
225,slicedloafbread,22,1
225,boulebread,32,1
225,ryebread,24,1
225,deliturkey,40,1
225,chickentenders,59,1
225,meatballs,65,1
225,gouda,30,1
225,swisscheese,35,1
225,potatochips,19,1
225,tortillachips,16,1
225,doritos,31,1
225,ritzcracker,30,1
225,saltinecracker,39,1
225,wheatthins,24,1
225,eggrolls,38,1
225,frenchfries,40,1
225,butteredpopcorn,32,1
225,triscuits,38,1
225,wavylays,41,1
225,chocolateicecreamcone,64,1
225,strawberryicecreamcone,76,1
225,vanillasoftservecone,68,1
225,nutrigrainbar,46,1
225,churro,35,1
225,twistdonut,22,1
225,tuilecookie,34,1
225,madeleine,30,1
225,oatmealraisincookie,51,1
225,thumprintcookie,73,1
225,sugarcookie,31,1
225,vanillawafer,31,1
225,chocolatewafer,76,1
225,chocolatebark,74,1
225,darkchocolate,72,1
225,milkchocolate,85,1
225,pocky,62,1
225,toblerone,69,1
225,lindtlindorchocolatetruffle,90,1
225,twix,60,1
225,caramel,12,1
225,peanutmms,5,1
225,brownie,80,1
225,frostedbrownie,91,1
225,lemoncake,79,1
226,orange,3,1
226,plum,3,1
226,blackberry,3,1
226,peach,2,1
226,cherry,14,1
226,raspberry,2,1
226,apple,2,1
226,grape,3,1
226,goldendeliciousapple,2,1
226,honeydewmelon,3,1
226,kiwi,3,1
226,greenbellpepper,2,1
226,carrot,2,1
226,peanuts,3,1
226,almonds,2,1
226,baguette,3,1
226,slicedloafbread,2,1
226,boulebread,3,1
226,ryebread,2,1
226,deliturkey,3,1
226,chickentenders,3,1
226,meatballs,3,1
226,gouda,2,1
226,swisscheese,2,1
226,potatochips,3,1
226,tortillachips,3,1
226,doritos,1,1
226,ritzcracker,3,1
226,saltinecracker,2,1
226,wheatthins,3,1
226,eggrolls,3,1
226,frenchfries,2,1
226,butteredpopcorn,3,1
226,triscuits,2,1
226,wavylays,2,1
226,chocolateicecreamcone,3,1
226,strawberryicecreamcone,2,1
226,vanillasoftservecone,3,1
226,nutrigrainbar,3,1
226,churro,3,1
226,twistdonut,3,1
226,tuilecookie,3,1
226,madeleine,2,1
226,oatmealraisincookie,3,1
226,thumprintcookie,2,1
226,sugarcookie,2,1
226,vanillawafer,2,1
226,chocolatewafer,3,1
226,chocolatebark,2,1
226,darkchocolate,2,1
226,milkchocolate,2,1
226,pocky,2,1
226,toblerone,2,1
226,lindtlindorchocolatetruffle,1,1
226,twix,3,1
226,caramel,3,1
226,peanutmms,3,1
226,brownie,25,1
226,frostedbrownie,3,1
226,lemoncake,3,1
227,orange,35,1
227,plum,9,1
227,blackberry,27,1
227,peach,10,1
227,cherry,30,1
227,raspberry,41,1
227,apple,35,1
227,grape,78,1
227,goldendeliciousapple,34,1
227,honeydewmelon,7,1
227,kiwi,5,1
227,greenbellpepper,34,1
227,carrot,5,1
227,peanuts,27,1
227,almonds,55,1
227,baguette,44,1
227,slicedloafbread,59,1
227,boulebread,21,1
227,ryebread,20,1
227,deliturkey,75,1
227,chickentenders,74,1
227,meatballs,93,1
227,gouda,73,1
227,swisscheese,83,1
227,potatochips,61,1
227,tortillachips,60,1
227,doritos,64,1
227,ritzcracker,64,1
227,saltinecracker,72,1
227,wheatthins,55,1
227,eggrolls,94,1
227,frenchfries,92,1
227,butteredpopcorn,29,1
227,triscuits,30,1
227,wavylays,65,1
227,chocolateicecreamcone,42,1
227,strawberryicecreamcone,75,1
227,vanillasoftservecone,60,1
227,nutrigrainbar,66,1
227,churro,45,1
227,twistdonut,63,1
227,tuilecookie,61,1
227,madeleine,51,1
227,oatmealraisincookie,18,1
227,thumprintcookie,47,1
227,sugarcookie,49,1
227,vanillawafer,61,1
227,chocolatewafer,53,1
227,chocolatebark,38,1
227,darkchocolate,48,1
227,milkchocolate,49,1
227,pocky,7,1
227,toblerone,51,1
227,lindtlindorchocolatetruffle,43,1
227,twix,59,1
227,caramel,19,1
227,peanutmms,52,1
227,brownie,43,1
227,frostedbrownie,27,1
227,lemoncake,38,1
228,orange,89,1
228,plum,80,1
228,blackberry,88,1
228,peach,23,1
228,cherry,80,1
228,raspberry,68,1
228,apple,49,1
228,grape,74,1
228,goldendeliciousapple,20,1
228,honeydewmelon,10,1
228,kiwi,45,1
228,greenbellpepper,30,1
228,carrot,10,1
228,peanuts,82,1
228,almonds,92,1
228,baguette,14,1
228,slicedloafbread,12,1
228,boulebread,15,1
228,ryebread,10,1
228,deliturkey,21,1
228,chickentenders,76,1
228,meatballs,20,1
228,gouda,90,1
228,swisscheese,57,1
228,potatochips,39,1
228,tortillachips,56,1
228,doritos,57,1
228,ritzcracker,28,1
228,saltinecracker,6,1
228,wheatthins,10,1
228,eggrolls,19,1
228,frenchfries,47,1
228,butteredpopcorn,82,1
228,triscuits,5,1
228,wavylays,49,1
228,chocolateicecreamcone,84,1
228,strawberryicecreamcone,91,1
228,vanillasoftservecone,60,1
228,nutrigrainbar,13,1
228,churro,75,1
228,twistdonut,41,1
228,tuilecookie,66,1
228,madeleine,59,1
228,oatmealraisincookie,6,1
228,thumprintcookie,73,1
228,sugarcookie,85,1
228,vanillawafer,60,1
228,chocolatewafer,31,1
228,chocolatebark,96,1
228,darkchocolate,81,1
228,milkchocolate,87,1
228,pocky,74,1
228,toblerone,79,1
228,lindtlindorchocolatetruffle,57,1
228,twix,85,1
228,caramel,80,1
228,peanutmms,54,1
228,brownie,76,1
228,frostedbrownie,58,1
228,lemoncake,47,1
229,orange,73,1
229,plum,35,1
229,blackberry,96,1
229,peach,71,1
229,cherry,63,1
229,raspberry,96,1
229,apple,49,1
229,grape,59,1
229,goldendeliciousapple,67,1
229,honeydewmelon,70,1
229,kiwi,61,1
229,greenbellpepper,1,1
229,carrot,35,1
229,peanuts,8,1
229,almonds,45,1
229,baguette,40,1
229,slicedloafbread,3,1
229,boulebread,8,1
229,ryebread,11,1
229,deliturkey,8,1
229,chickentenders,16,1
229,meatballs,19,1
229,gouda,13,1
229,swisscheese,94,1
229,potatochips,85,1
229,tortillachips,33,1
229,doritos,52,1
229,ritzcracker,50,1
229,saltinecracker,75,1
229,wheatthins,43,1
229,eggrolls,3,1
229,frenchfries,8,1
229,butteredpopcorn,76,1
229,triscuits,68,1
229,wavylays,91,1
229,chocolateicecreamcone,97,1
229,strawberryicecreamcone,100,1
229,vanillasoftservecone,97,1
229,nutrigrainbar,15,1
229,churro,74,1
229,twistdonut,85,1
229,tuilecookie,4,1
229,madeleine,5,1
229,oatmealraisincookie,14,1
229,thumprintcookie,76,1
229,sugarcookie,64,1
229,vanillawafer,56,1
229,chocolatewafer,84,1
229,chocolatebark,66,1
229,darkchocolate,69,1
229,milkchocolate,97,1
229,pocky,19,1
229,toblerone,94,1
229,lindtlindorchocolatetruffle,59,1
229,twix,95,1
229,caramel,12,1
229,peanutmms,87,1
229,brownie,85,1
229,frostedbrownie,79,1
229,lemoncake,96,1
230,orange,93,1
230,plum,81,1
230,blackberry,93,1
230,peach,87,1
230,cherry,77,1
230,raspberry,91,1
230,apple,80,1
230,grape,96,1
230,goldendeliciousapple,83,1
230,honeydewmelon,81,1
230,kiwi,83,1
230,greenbellpepper,75,1
230,carrot,67,1
230,peanuts,70,1
230,almonds,91,1
230,baguette,81,1
230,slicedloafbread,87,1
230,boulebread,76,1
230,ryebread,69,1
230,deliturkey,94,1
230,chickentenders,93,1
230,meatballs,83,1
230,gouda,76,1
230,swisscheese,88,1
230,potatochips,84,1
230,tortillachips,70,1
230,doritos,79,1
230,ritzcracker,83,1
230,saltinecracker,63,1
230,wheatthins,75,1
230,eggrolls,69,1
230,frenchfries,91,1
230,butteredpopcorn,90,1
230,triscuits,65,1
230,wavylays,88,1
230,chocolateicecreamcone,90,1
230,strawberryicecreamcone,92,1
230,vanillasoftservecone,91,1
230,nutrigrainbar,71,1
230,churro,76,1
230,twistdonut,68,1
230,tuilecookie,68,1
230,madeleine,85,1
230,oatmealraisincookie,84,1
230,thumprintcookie,63,1
230,sugarcookie,66,1
230,vanillawafer,61,1
230,chocolatewafer,71,1
230,chocolatebark,82,1
230,darkchocolate,90,1
230,milkchocolate,87,1
230,pocky,71,1
230,toblerone,84,1
230,lindtlindorchocolatetruffle,83,1
230,twix,64,1
230,caramel,54,1
230,peanutmms,93,1
230,brownie,92,1
230,frostedbrownie,90,1
230,lemoncake,71,1
231,orange,100,1
231,plum,67,1
231,blackberry,63,1
231,peach,71,1
231,cherry,77,1
231,raspberry,76,1
231,apple,100,1
231,grape,100,1
231,goldendeliciousapple,100,1
231,honeydewmelon,66,1
231,kiwi,80,1
231,greenbellpepper,25,1
231,carrot,51,1
231,peanuts,42,1
231,almonds,100,1
231,baguette,1,1
231,slicedloafbread,17,1
231,boulebread,1,1
231,ryebread,26,1
231,deliturkey,24,1
231,chickentenders,1,1
231,meatballs,1,1
231,gouda,1,1
231,swisscheese,48,1
231,potatochips,10,1
231,tortillachips,1,1
231,doritos,16,1
231,ritzcracker,1,1
231,saltinecracker,32,1
231,wheatthins,29,1
231,eggrolls,1,1
231,frenchfries,2,1
231,butteredpopcorn,38,1
231,triscuits,1,1
231,wavylays,1,1
231,chocolateicecreamcone,1,1
231,strawberryicecreamcone,1,1
231,vanillasoftservecone,1,1
231,nutrigrainbar,38,1
231,churro,1,1
231,twistdonut,4,1
231,tuilecookie,1,1
231,madeleine,21,1
231,oatmealraisincookie,31,1
231,thumprintcookie,1,1
231,sugarcookie,1,1
231,vanillawafer,10,1
231,chocolatewafer,1,1
231,chocolatebark,1,1
231,darkchocolate,1,1
231,milkchocolate,1,1
231,pocky,1,1
231,toblerone,1,1
231,lindtlindorchocolatetruffle,9,1
231,twix,16,1
231,caramel,32,1
231,peanutmms,35,1
231,brownie,2,1
231,frostedbrownie,1,1
231,lemoncake,17,1
232,orange,31,1
232,plum,41,1
232,blackberry,62,1
232,peach,46,1
232,cherry,39,1
232,raspberry,67,1
232,apple,40,1
232,grape,64,1
232,goldendeliciousapple,57,1
232,honeydewmelon,29,1
232,kiwi,57,1
232,greenbellpepper,8,1
232,carrot,12,1
232,peanuts,57,1
232,almonds,38,1
232,baguette,27,1
232,slicedloafbread,23,1
232,boulebread,33,1
232,ryebread,26,1
232,deliturkey,39,1
232,chickentenders,77,1
232,meatballs,47,1
232,gouda,16,1
232,swisscheese,8,1
232,potatochips,86,1
232,tortillachips,41,1
232,doritos,81,1
232,ritzcracker,37,1
232,saltinecracker,34,1
232,wheatthins,32,1
232,eggrolls,40,1
232,frenchfries,71,1
232,butteredpopcorn,57,1
232,triscuits,25,1
232,wavylays,75,1
232,chocolateicecreamcone,79,1
232,strawberryicecreamcone,86,1
232,vanillasoftservecone,81,1
232,nutrigrainbar,30,1
232,churro,65,1
232,twistdonut,47,1
232,tuilecookie,37,1
232,madeleine,39,1
232,oatmealraisincookie,68,1
232,thumprintcookie,35,1
232,sugarcookie,42,1
232,vanillawafer,42,1
232,chocolatewafer,73,1
232,chocolatebark,44,1
232,darkchocolate,64,1
232,milkchocolate,72,1
232,pocky,36,1
232,toblerone,62,1
232,lindtlindorchocolatetruffle,78,1
232,twix,81,1
232,caramel,54,1
232,peanutmms,80,1
232,brownie,76,1
232,frostedbrownie,67,1
232,lemoncake,79,1
233,orange,65,1
233,plum,68,1
233,blackberry,51,1
233,peach,70,1
233,cherry,61,1
233,raspberry,64,1
233,apple,58,1
233,grape,68,1
233,goldendeliciousapple,49,1
233,honeydewmelon,59,1
233,kiwi,68,1
233,greenbellpepper,62,1
233,carrot,70,1
233,peanuts,44,1
233,almonds,44,1
233,baguette,79,1
233,slicedloafbread,52,1
233,boulebread,71,1
233,ryebread,58,1
233,deliturkey,78,1
233,chickentenders,93,1
233,meatballs,84,1
233,gouda,70,1
233,swisscheese,82,1
233,potatochips,81,1
233,tortillachips,73,1
233,doritos,78,1
233,ritzcracker,80,1
233,saltinecracker,68,1
233,wheatthins,73,1
233,eggrolls,92,1
233,frenchfries,91,1
233,butteredpopcorn,67,1
233,triscuits,51,1
233,wavylays,74,1
233,chocolateicecreamcone,81,1
233,strawberryicecreamcone,80,1
233,vanillasoftservecone,83,1
233,nutrigrainbar,54,1
233,churro,81,1
233,twistdonut,71,1
233,tuilecookie,51,1
233,madeleine,53,1
233,oatmealraisincookie,72,1
233,thumprintcookie,65,1
233,sugarcookie,65,1
233,vanillawafer,22,1
233,chocolatewafer,38,1
233,chocolatebark,48,1
233,darkchocolate,43,1
233,milkchocolate,36,1
233,pocky,57,1
233,toblerone,33,1
233,lindtlindorchocolatetruffle,30,1
233,twix,30,1
233,caramel,54,1
233,peanutmms,37,1
233,brownie,63,1
233,frostedbrownie,65,1
233,lemoncake,62,1
234,orange,78,1
234,plum,69,1
234,blackberry,73,1
234,peach,56,1
234,cherry,68,1
234,raspberry,94,1
234,apple,76,1
234,grape,94,1
234,goldendeliciousapple,85,1
234,honeydewmelon,72,1
234,kiwi,75,1
234,greenbellpepper,69,1
234,carrot,52,1
234,peanuts,8,1
234,almonds,12,1
234,baguette,13,1
234,slicedloafbread,33,1
234,boulebread,8,1
234,ryebread,19,1
234,deliturkey,69,1
234,chickentenders,54,1
234,meatballs,28,1
234,gouda,32,1
234,swisscheese,19,1
234,potatochips,41,1
234,tortillachips,3,1
234,doritos,8,1
234,ritzcracker,29,1
234,saltinecracker,25,1
234,wheatthins,6,1
234,eggrolls,10,1
234,frenchfries,82,1
234,butteredpopcorn,45,1
234,triscuits,4,1
234,wavylays,4,1
234,chocolateicecreamcone,36,1
234,strawberryicecreamcone,18,1
234,vanillasoftservecone,41,1
234,nutrigrainbar,26,1
234,churro,34,1
234,twistdonut,45,1
234,tuilecookie,17,1
234,madeleine,18,1
234,oatmealraisincookie,27,1
234,thumprintcookie,13,1
234,sugarcookie,17,1
234,vanillawafer,7,1
234,chocolatewafer,18,1
234,chocolatebark,20,1
234,darkchocolate,28,1
234,milkchocolate,28,1
234,pocky,4,1
234,toblerone,22,1
234,lindtlindorchocolatetruffle,34,1
234,twix,6,1
234,caramel,38,1
234,peanutmms,8,1
234,brownie,48,1
234,frostedbrownie,67,1
234,lemoncake,32,1
235,orange,54,1
235,plum,22,1
235,blackberry,27,1
235,peach,32,1
235,cherry,23,1
235,raspberry,28,1
235,apple,89,1
235,grape,38,1
235,goldendeliciousapple,84,1
235,honeydewmelon,7,1
235,kiwi,9,1
235,greenbellpepper,78,1
235,carrot,68,1
235,peanuts,21,1
235,almonds,1,1
235,baguette,68,1
235,slicedloafbread,10,1
235,boulebread,47,1
235,ryebread,51,1
235,deliturkey,59,1
235,chickentenders,7,1
235,meatballs,3,1
235,gouda,55,1
235,swisscheese,13,1
235,potatochips,5,1
235,tortillachips,29,1
235,doritos,24,1
235,ritzcracker,27,1
235,saltinecracker,26,1
235,wheatthins,52,1
235,eggrolls,1,1
235,frenchfries,5,1
235,butteredpopcorn,16,1
235,triscuits,17,1
235,wavylays,7,1
235,chocolateicecreamcone,3,1
235,strawberryicecreamcone,2,1
235,vanillasoftservecone,2,1
235,nutrigrainbar,3,1
235,churro,66,1
235,twistdonut,9,1
235,tuilecookie,11,1
235,madeleine,47,1
235,oatmealraisincookie,6,1
235,thumprintcookie,3,1
235,sugarcookie,1,1
235,vanillawafer,4,1
235,chocolatewafer,5,1
235,chocolatebark,3,1
235,darkchocolate,4,1
235,milkchocolate,4,1
235,pocky,3,1
235,toblerone,4,1
235,lindtlindorchocolatetruffle,2,1
235,twix,3,1
235,caramel,7,1
235,peanutmms,4,1
235,brownie,4,1
235,frostedbrownie,2,1
235,lemoncake,1,1
236,orange,71,1
236,plum,86,1
236,blackberry,80,1
236,peach,86,1
236,cherry,79,1
236,raspberry,83,1
236,apple,84,1
236,grape,84,1
236,goldendeliciousapple,82,1
236,honeydewmelon,75,1
236,kiwi,74,1
236,greenbellpepper,74,1
236,carrot,73,1
236,peanuts,73,1
236,almonds,80,1
236,baguette,71,1
236,slicedloafbread,69,1
236,boulebread,68,1
236,ryebread,54,1
236,deliturkey,67,1
236,chickentenders,81,1
236,meatballs,75,1
236,gouda,80,1
236,swisscheese,57,1
236,potatochips,78,1
236,tortillachips,74,1
236,doritos,86,1
236,ritzcracker,80,1
236,saltinecracker,53,1
236,wheatthins,84,1
236,eggrolls,71,1
236,frenchfries,86,1
236,butteredpopcorn,75,1
236,triscuits,53,1
236,wavylays,87,1
236,chocolateicecreamcone,48,1
236,strawberryicecreamcone,79,1
236,vanillasoftservecone,75,1
236,nutrigrainbar,50,1
236,churro,79,1
236,twistdonut,79,1
236,tuilecookie,52,1
236,madeleine,67,1
236,oatmealraisincookie,55,1
236,thumprintcookie,53,1
236,sugarcookie,54,1
236,vanillawafer,73,1
236,chocolatewafer,58,1
236,chocolatebark,53,1
236,darkchocolate,52,1
236,milkchocolate,51,1
236,pocky,51,1
236,toblerone,52,1
236,lindtlindorchocolatetruffle,51,1
236,twix,49,1
236,caramel,88,1
236,peanutmms,50,1
236,brownie,51,1
236,frostedbrownie,52,1
236,lemoncake,46,1
237,orange,4,1
237,plum,43,1
237,blackberry,79,1
237,peach,58,1
237,cherry,56,1
237,raspberry,1,1
237,apple,39,1
237,grape,30,1
237,goldendeliciousapple,29,1
237,honeydewmelon,14,1
237,kiwi,18,1
237,greenbellpepper,2,1
237,carrot,1,1
237,peanuts,1,1
237,almonds,1,1
237,baguette,10,1
237,slicedloafbread,6,1
237,boulebread,45,1
237,ryebread,50,1
237,deliturkey,1,1
237,chickentenders,44,1
237,meatballs,28,1
237,gouda,5,1
237,swisscheese,45,1
237,potatochips,63,1
237,tortillachips,8,1
237,doritos,15,1
237,ritzcracker,45,1
237,saltinecracker,10,1
237,wheatthins,51,1
237,eggrolls,73,1
237,frenchfries,65,1
237,butteredpopcorn,1,1
237,triscuits,1,1
237,wavylays,59,1
237,chocolateicecreamcone,13,1
237,strawberryicecreamcone,86,1
237,vanillasoftservecone,87,1
237,nutrigrainbar,15,1
237,churro,81,1
237,twistdonut,100,1
237,tuilecookie,27,1
237,madeleine,41,1
237,oatmealraisincookie,73,1
237,thumprintcookie,54,1
237,sugarcookie,50,1
237,vanillawafer,83,1
237,chocolatewafer,48,1
237,chocolatebark,40,1
237,darkchocolate,47,1
237,milkchocolate,44,1
237,pocky,6,1
237,toblerone,31,1
237,lindtlindorchocolatetruffle,37,1
237,twix,37,1
237,caramel,2,1
237,peanutmms,34,1
237,brownie,75,1
237,frostedbrownie,57,1
237,lemoncake,97,1
238,orange,81,1
238,plum,61,1
238,blackberry,90,1
238,peach,61,1
238,cherry,93,1
238,raspberry,87,1
238,apple,88,1
238,grape,91,1
238,goldendeliciousapple,78,1
238,honeydewmelon,65,1
238,kiwi,91,1
238,greenbellpepper,3,1
238,carrot,13,1
238,peanuts,74,1
238,almonds,82,1
238,baguette,68,1
238,slicedloafbread,47,1
238,boulebread,52,1
238,ryebread,54,1
238,deliturkey,6,1
238,chickentenders,67,1
238,meatballs,8,1
238,gouda,31,1
238,swisscheese,47,1
238,potatochips,79,1
238,tortillachips,72,1
238,doritos,66,1
238,ritzcracker,59,1
238,saltinecracker,50,1
238,wheatthins,82,1
238,eggrolls,50,1
238,frenchfries,75,1
238,butteredpopcorn,1,1
238,triscuits,72,1
238,wavylays,74,1
238,chocolateicecreamcone,63,1
238,strawberryicecreamcone,51,1
238,vanillasoftservecone,81,1
238,nutrigrainbar,30,1
238,churro,51,1
238,twistdonut,52,1
238,tuilecookie,70,1
238,madeleine,75,1
238,oatmealraisincookie,69,1
238,thumprintcookie,78,1
238,sugarcookie,25,1
238,vanillawafer,71,1
238,chocolatewafer,60,1
238,chocolatebark,79,1
238,darkchocolate,67,1
238,milkchocolate,73,1
238,pocky,59,1
238,toblerone,87,1
238,lindtlindorchocolatetruffle,66,1
238,twix,59,1
238,caramel,54,1
238,peanutmms,78,1
238,brownie,63,1
238,frostedbrownie,56,1
238,lemoncake,56,1
239,orange,69,1
239,plum,50,1
239,blackberry,50,1
239,peach,45,1
239,cherry,65,1
239,raspberry,30,1
239,apple,62,1
239,grape,49,1
239,goldendeliciousapple,70,1
239,honeydewmelon,52,1
239,kiwi,43,1
239,greenbellpepper,9,1
239,carrot,17,1
239,peanuts,71,1
239,almonds,92,1
239,baguette,16,1
239,slicedloafbread,18,1
239,boulebread,30,1
239,ryebread,23,1
239,deliturkey,65,1
239,chickentenders,62,1
239,meatballs,38,1
239,gouda,50,1
239,swisscheese,52,1
239,potatochips,57,1
239,tortillachips,67,1
239,doritos,69,1
239,ritzcracker,34,1
239,saltinecracker,33,1
239,wheatthins,33,1
239,eggrolls,39,1
239,frenchfries,74,1
239,butteredpopcorn,72,1
239,triscuits,50,1
239,wavylays,50,1
239,chocolateicecreamcone,93,1
239,strawberryicecreamcone,96,1
239,vanillasoftservecone,87,1
239,nutrigrainbar,41,1
239,churro,69,1
239,twistdonut,58,1
239,tuilecookie,38,1
239,madeleine,63,1
239,oatmealraisincookie,76,1
239,thumprintcookie,47,1
239,sugarcookie,66,1
239,vanillawafer,52,1
239,chocolatewafer,63,1
239,chocolatebark,60,1
239,darkchocolate,72,1
239,milkchocolate,65,1
239,pocky,56,1
239,toblerone,72,1
239,lindtlindorchocolatetruffle,77,1
239,twix,64,1
239,caramel,37,1
239,peanutmms,73,1
239,brownie,69,1
239,frostedbrownie,71,1
239,lemoncake,71,1
240,orange,79,1
240,plum,51,1
240,blackberry,69,1
240,peach,76,1
240,cherry,58,1
240,raspberry,78,1
240,apple,44,1
240,grape,60,1
240,goldendeliciousapple,43,1
240,honeydewmelon,75,1
240,kiwi,65,1
240,greenbellpepper,4,1
240,carrot,43,1
240,peanuts,66,1
240,almonds,56,1
240,baguette,59,1
240,slicedloafbread,49,1
240,boulebread,58,1
240,ryebread,55,1
240,deliturkey,57,1
240,chickentenders,57,1
240,meatballs,48,1
240,gouda,68,1
240,swisscheese,54,1
240,potatochips,61,1
240,tortillachips,84,1
240,doritos,76,1
240,ritzcracker,60,1
240,saltinecracker,54,1
240,wheatthins,54,1
240,eggrolls,61,1
240,frenchfries,71,1
240,butteredpopcorn,55,1
240,triscuits,43,1
240,wavylays,57,1
240,chocolateicecreamcone,77,1
240,strawberryicecreamcone,69,1
240,vanillasoftservecone,85,1
240,nutrigrainbar,84,1
240,churro,74,1
240,twistdonut,81,1
240,tuilecookie,78,1
240,madeleine,74,1
240,oatmealraisincookie,87,1
240,thumprintcookie,58,1
240,sugarcookie,73,1
240,vanillawafer,53,1
240,chocolatewafer,62,1
240,chocolatebark,83,1
240,darkchocolate,72,1
240,milkchocolate,58,1
240,pocky,58,1
240,toblerone,63,1
240,lindtlindorchocolatetruffle,75,1
240,twix,54,1
240,caramel,56,1
240,peanutmms,49,1
240,brownie,83,1
240,frostedbrownie,85,1
240,lemoncake,77,1
241,orange,42,1
241,plum,20,1
241,blackberry,99,1
241,peach,80,1
241,cherry,68,1
241,raspberry,98,1
241,apple,74,1
241,grape,77,1
241,goldendeliciousapple,83,1
241,honeydewmelon,87,1
241,kiwi,36,1
241,greenbellpepper,70,1
241,carrot,39,1
241,peanuts,36,1
241,almonds,63,1
241,baguette,90,1
241,slicedloafbread,77,1
241,boulebread,79,1
241,ryebread,93,1
241,deliturkey,14,1
241,chickentenders,45,1
241,meatballs,71,1
241,gouda,46,1
241,swisscheese,93,1
241,potatochips,97,1
241,tortillachips,90,1
241,doritos,2,1
241,ritzcracker,85,1
241,saltinecracker,82,1
241,wheatthins,89,1
241,eggrolls,84,1
241,frenchfries,11,1
241,butteredpopcorn,53,1
241,triscuits,99,1
241,wavylays,100,1
241,chocolateicecreamcone,2,1
241,strawberryicecreamcone,2,1
241,vanillasoftservecone,49,1
241,nutrigrainbar,12,1
241,churro,44,1
241,twistdonut,73,1
241,tuilecookie,42,1
241,madeleine,37,1
241,oatmealraisincookie,16,1
241,thumprintcookie,49,1
241,sugarcookie,25,1
241,vanillawafer,2,1
241,chocolatewafer,98,1
241,chocolatebark,48,1
241,darkchocolate,99,1
241,milkchocolate,98,1
241,pocky,68,1
241,toblerone,74,1
241,lindtlindorchocolatetruffle,98,1
241,twix,98,1
241,caramel,2,1
241,peanutmms,50,1
241,brownie,100,1
241,frostedbrownie,98,1
241,lemoncake,86,1
242,orange,78,1
242,plum,70,1
242,blackberry,35,1
242,peach,63,1
242,cherry,54,1
242,raspberry,50,1
242,apple,63,1
242,grape,55,1
242,goldendeliciousapple,62,1
242,honeydewmelon,54,1
242,kiwi,70,1
242,greenbellpepper,25,1
242,carrot,23,1
242,peanuts,55,1
242,almonds,53,1
242,baguette,60,1
242,slicedloafbread,50,1
242,boulebread,58,1
242,ryebread,50,1
242,deliturkey,57,1
242,chickentenders,83,1
242,meatballs,73,1
242,gouda,52,1
242,swisscheese,50,1
242,potatochips,70,1
242,tortillachips,64,1
242,doritos,72,1
242,ritzcracker,54,1
242,saltinecracker,46,1
242,wheatthins,44,1
242,eggrolls,74,1
242,frenchfries,79,1
242,butteredpopcorn,72,1
242,triscuits,39,1
242,wavylays,67,1
242,chocolateicecreamcone,76,1
242,strawberryicecreamcone,80,1
242,vanillasoftservecone,73,1
242,nutrigrainbar,71,1
242,churro,56,1
242,twistdonut,57,1
242,tuilecookie,67,1
242,madeleine,56,1
242,oatmealraisincookie,79,1
242,thumprintcookie,75,1
242,sugarcookie,78,1
242,vanillawafer,77,1
242,chocolatewafer,83,1
242,chocolatebark,83,1
242,darkchocolate,75,1
242,milkchocolate,82,1
242,pocky,77,1
242,toblerone,72,1
242,lindtlindorchocolatetruffle,76,1
242,twix,82,1
242,caramel,72,1
242,peanutmms,76,1
242,brownie,78,1
242,frostedbrownie,82,1
242,lemoncake,86,1
243,orange,100,1
243,plum,100,1
243,blackberry,100,1
243,peach,100,1
243,cherry,25,1
243,raspberry,100,1
243,apple,100,1
243,grape,100,1
243,goldendeliciousapple,100,1
243,honeydewmelon,100,1
243,kiwi,100,1
243,greenbellpepper,100,1
243,carrot,100,1
243,peanuts,1,1
243,almonds,1,1
243,baguette,1,1
243,slicedloafbread,100,1
243,boulebread,61,1
243,ryebread,1,1
243,deliturkey,1,1
243,chickentenders,1,1
243,meatballs,1,1
243,gouda,1,1
243,swisscheese,1,1
243,potatochips,1,1
243,tortillachips,1,1
243,doritos,1,1
243,ritzcracker,1,1
243,saltinecracker,1,1
243,wheatthins,1,1
243,eggrolls,1,1
243,frenchfries,1,1
243,butteredpopcorn,1,1
243,triscuits,1,1
243,wavylays,1,1
243,chocolateicecreamcone,1,1
243,strawberryicecreamcone,1,1
243,vanillasoftservecone,1,1
243,nutrigrainbar,1,1
243,churro,1,1
243,twistdonut,1,1
243,tuilecookie,1,1
243,madeleine,1,1
243,oatmealraisincookie,1,1
243,thumprintcookie,2,1
243,sugarcookie,1,1
243,vanillawafer,1,1
243,chocolatewafer,1,1
243,chocolatebark,1,1
243,darkchocolate,1,1
243,milkchocolate,1,1
243,pocky,1,1
243,toblerone,1,1
243,lindtlindorchocolatetruffle,1,1
243,twix,1,1
243,caramel,1,1
243,peanutmms,1,1
243,brownie,1,1
243,frostedbrownie,1,1
243,lemoncake,1,1
244,orange,70,1
244,plum,45,1
244,blackberry,64,1
244,peach,43,1
244,cherry,1,1
244,raspberry,1,1
244,apple,32,1
244,grape,28,1
244,goldendeliciousapple,19,1
244,honeydewmelon,1,1
244,kiwi,1,1
244,greenbellpepper,1,1
244,carrot,1,1
244,peanuts,6,1
244,almonds,1,1
244,baguette,38,1
244,slicedloafbread,10,1
244,boulebread,27,1
244,ryebread,21,1
244,deliturkey,32,1
244,chickentenders,97,1
244,meatballs,36,1
244,gouda,1,1
244,swisscheese,6,1
244,potatochips,66,1
244,tortillachips,89,1
244,doritos,98,1
244,ritzcracker,17,1
244,saltinecracker,9,1
244,wheatthins,2,1
244,eggrolls,100,1
244,frenchfries,98,1
244,butteredpopcorn,40,1
244,triscuits,1,1
244,wavylays,61,1
244,chocolateicecreamcone,13,1
244,strawberryicecreamcone,99,1
244,vanillasoftservecone,99,1
244,nutrigrainbar,76,1
244,churro,89,1
244,twistdonut,100,1
244,tuilecookie,19,1
244,madeleine,69,1
244,oatmealraisincookie,35,1
244,thumprintcookie,94,1
244,sugarcookie,100,1
244,vanillawafer,71,1
244,chocolatewafer,6,1
244,chocolatebark,1,1
244,darkchocolate,1,1
244,milkchocolate,63,1
244,pocky,41,1
244,toblerone,71,1
244,lindtlindorchocolatetruffle,6,1
244,twix,76,1
244,caramel,61,1
244,peanutmms,95,1
244,brownie,16,1
244,frostedbrownie,89,1
244,lemoncake,99,1
245,orange,63,1
245,plum,67,1
245,blackberry,47,1
245,peach,86,1
245,cherry,82,1
245,raspberry,76,1
245,apple,58,1
245,grape,66,1
245,goldendeliciousapple,60,1
245,honeydewmelon,72,1
245,kiwi,59,1
245,greenbellpepper,61,1
245,carrot,21,1
245,peanuts,87,1
245,almonds,73,1
245,baguette,48,1
245,slicedloafbread,40,1
245,boulebread,58,1
245,ryebread,72,1
245,deliturkey,48,1
245,chickentenders,29,1
245,meatballs,31,1
245,gouda,76,1
245,swisscheese,72,1
245,potatochips,47,1
245,tortillachips,50,1
245,doritos,33,1
245,ritzcracker,28,1
245,saltinecracker,37,1
245,wheatthins,35,1
245,eggrolls,18,1
245,frenchfries,51,1
245,butteredpopcorn,58,1
245,triscuits,50,1
245,wavylays,39,1
245,chocolateicecreamcone,63,1
245,strawberryicecreamcone,36,1
245,vanillasoftservecone,66,1
245,nutrigrainbar,49,1
245,churro,23,1
245,twistdonut,36,1
245,tuilecookie,13,1
245,madeleine,19,1
245,oatmealraisincookie,57,1
245,thumprintcookie,14,1
245,sugarcookie,26,1
245,vanillawafer,27,1
245,chocolatewafer,38,1
245,chocolatebark,33,1
245,darkchocolate,47,1
245,milkchocolate,50,1
245,pocky,15,1
245,toblerone,34,1
245,lindtlindorchocolatetruffle,33,1
245,twix,23,1
245,caramel,20,1
245,peanutmms,26,1
245,brownie,52,1
245,frostedbrownie,51,1
245,lemoncake,29,1
246,orange,41,1
246,plum,26,1
246,blackberry,19,1
246,peach,38,1
246,cherry,46,1
246,raspberry,33,1
246,apple,37,1
246,grape,47,1
246,goldendeliciousapple,40,1
246,honeydewmelon,47,1
246,kiwi,32,1
246,greenbellpepper,2,1
246,carrot,21,1
246,peanuts,19,1
246,almonds,39,1
246,baguette,34,1
246,slicedloafbread,2,1
246,boulebread,10,1
246,ryebread,15,1
246,deliturkey,37,1
246,chickentenders,36,1
246,meatballs,11,1
246,gouda,15,1
246,swisscheese,20,1
246,potatochips,17,1
246,tortillachips,12,1
246,doritos,13,1
246,ritzcracker,28,1
246,saltinecracker,49,1
246,wheatthins,20,1
246,eggrolls,48,1
246,frenchfries,9,1
246,butteredpopcorn,5,1
246,triscuits,73,1
246,wavylays,25,1
246,chocolateicecreamcone,64,1
246,strawberryicecreamcone,70,1
246,vanillasoftservecone,68,1
246,nutrigrainbar,49,1
246,churro,48,1
246,twistdonut,22,1
246,tuilecookie,18,1
246,madeleine,21,1
246,oatmealraisincookie,60,1
246,thumprintcookie,30,1
246,sugarcookie,14,1
246,vanillawafer,81,1
246,chocolatewafer,99,1
246,chocolatebark,71,1
246,darkchocolate,98,1
246,milkchocolate,99,1
246,pocky,40,1
246,toblerone,100,1
246,lindtlindorchocolatetruffle,98,1
246,twix,98,1
246,caramel,39,1
246,peanutmms,99,1
246,brownie,97,1
246,frostedbrownie,98,1
246,lemoncake,72,1
247,orange,3,1
247,plum,2,1
247,blackberry,3,1
247,peach,4,1
247,cherry,2,1
247,raspberry,2,1
247,apple,1,1
247,grape,3,1
247,goldendeliciousapple,2,1
247,honeydewmelon,3,1
247,kiwi,3,1
247,greenbellpepper,2,1
247,carrot,4,1
247,peanuts,3,1
247,almonds,2,1
247,baguette,1,1
247,slicedloafbread,2,1
247,boulebread,43,1
247,ryebread,6,1
247,deliturkey,2,1
247,chickentenders,7,1
247,meatballs,6,1
247,gouda,2,1
247,swisscheese,16,1
247,potatochips,89,1
247,tortillachips,14,1
247,doritos,29,1
247,ritzcracker,67,1
247,saltinecracker,2,1
247,wheatthins,11,1
247,eggrolls,5,1
247,frenchfries,76,1
247,butteredpopcorn,98,1
247,triscuits,2,1
247,wavylays,81,1
247,chocolateicecreamcone,3,1
247,strawberryicecreamcone,3,1
247,vanillasoftservecone,3,1
247,nutrigrainbar,4,1
247,churro,78,1
247,twistdonut,7,1
247,tuilecookie,4,1
247,madeleine,10,1
247,oatmealraisincookie,6,1
247,thumprintcookie,2,1
247,sugarcookie,99,1
247,vanillawafer,83,1
247,chocolatewafer,83,1
247,chocolatebark,6,1
247,darkchocolate,86,1
247,milkchocolate,98,1
247,pocky,36,1
247,toblerone,4,1
247,lindtlindorchocolatetruffle,7,1
247,twix,72,1
247,caramel,6,1
247,peanutmms,80,1
247,brownie,87,1
247,frostedbrownie,85,1
247,lemoncake,87,1
248,orange,69,1
248,plum,94,1
248,blackberry,81,1
248,peach,93,1
248,cherry,95,1
248,raspberry,100,1
248,apple,66,1
248,grape,69,1
248,goldendeliciousapple,78,1
248,honeydewmelon,100,1
248,kiwi,100,1
248,greenbellpepper,96,1
248,carrot,75,1
248,peanuts,64,1
248,almonds,49,1
248,baguette,87,1
248,slicedloafbread,94,1
248,boulebread,100,1
248,ryebread,100,1
248,deliturkey,1,1
248,chickentenders,1,1
248,meatballs,1,1
248,gouda,97,1
248,swisscheese,96,1
248,potatochips,85,1
248,tortillachips,61,1
248,doritos,66,1
248,ritzcracker,58,1
248,saltinecracker,79,1
248,wheatthins,75,1
248,eggrolls,57,1
248,frenchfries,73,1
248,butteredpopcorn,48,1
248,triscuits,38,1
248,wavylays,91,1
248,chocolateicecreamcone,47,1
248,strawberryicecreamcone,68,1
248,vanillasoftservecone,49,1
248,nutrigrainbar,54,1
248,churro,51,1
248,twistdonut,59,1
248,tuilecookie,50,1
248,madeleine,49,1
248,oatmealraisincookie,48,1
248,thumprintcookie,55,1
248,sugarcookie,57,1
248,vanillawafer,47,1
248,chocolatewafer,45,1
248,chocolatebark,41,1
248,darkchocolate,33,1
248,milkchocolate,26,1
248,pocky,51,1
248,toblerone,34,1
248,lindtlindorchocolatetruffle,34,1
248,twix,41,1
248,caramel,46,1
248,peanutmms,55,1
248,brownie,17,1
248,frostedbrownie,27,1
248,lemoncake,55,1
249,orange,22,1
249,plum,31,1
249,blackberry,100,1
249,peach,71,1
249,cherry,1,1
249,raspberry,80,1
249,apple,30,1
249,grape,99,1
249,goldendeliciousapple,2,1
249,honeydewmelon,71,1
249,kiwi,20,1
249,greenbellpepper,67,1
249,carrot,39,1
249,peanuts,95,1
249,almonds,80,1
249,baguette,20,1
249,slicedloafbread,1,1
249,boulebread,1,1
249,ryebread,2,1
249,deliturkey,67,1
249,chickentenders,85,1
249,meatballs,1,1
249,gouda,2,1
249,swisscheese,62,1
249,potatochips,67,1
249,tortillachips,51,1
249,doritos,55,1
249,ritzcracker,81,1
249,saltinecracker,61,1
249,wheatthins,50,1
249,eggrolls,66,1
249,frenchfries,36,1
249,butteredpopcorn,66,1
249,triscuits,68,1
249,wavylays,1,1
249,chocolateicecreamcone,56,1
249,strawberryicecreamcone,40,1
249,vanillasoftservecone,62,1
249,nutrigrainbar,2,1
249,churro,2,1
249,twistdonut,51,1
249,tuilecookie,2,1
249,madeleine,3,1
249,oatmealraisincookie,32,1
249,thumprintcookie,2,1
249,sugarcookie,13,1
249,vanillawafer,2,1
249,chocolatewafer,3,1
249,chocolatebark,76,1
249,darkchocolate,84,1
249,milkchocolate,71,1
249,pocky,3,1
249,toblerone,68,1
249,lindtlindorchocolatetruffle,77,1
249,twix,75,1
249,caramel,67,1
249,peanutmms,81,1
249,brownie,82,1
249,frostedbrownie,82,1
249,lemoncake,31,1
250,orange,45,1
250,plum,1,1
250,blackberry,45,1
250,peach,16,1
250,cherry,2,1
250,raspberry,44,1
250,apple,43,1
250,grape,41,1
250,goldendeliciousapple,1,1
250,honeydewmelon,1,1
250,kiwi,4,1
250,greenbellpepper,2,1
250,carrot,62,1
250,peanuts,60,1
250,almonds,26,1
250,baguette,17,1
250,slicedloafbread,16,1
250,boulebread,41,1
250,ryebread,20,1
250,deliturkey,3,1
250,chickentenders,2,1
250,meatballs,1,1
250,gouda,30,1
250,swisscheese,41,1
250,potatochips,73,1
250,tortillachips,64,1
250,doritos,65,1
250,ritzcracker,51,1
250,saltinecracker,15,1
250,wheatthins,1,1
250,eggrolls,1,1
250,frenchfries,34,1
250,butteredpopcorn,45,1
250,triscuits,3,1
250,wavylays,73,1
250,chocolateicecreamcone,60,1
250,strawberryicecreamcone,3,1
250,vanillasoftservecone,52,1
250,nutrigrainbar,1,1
250,churro,13,1
250,twistdonut,51,1
250,tuilecookie,4,1
250,madeleine,12,1
250,oatmealraisincookie,60,1
250,thumprintcookie,3,1
250,sugarcookie,64,1
250,vanillawafer,2,1
250,chocolatewafer,46,1
250,chocolatebark,64,1
250,darkchocolate,78,1
250,milkchocolate,76,1
250,pocky,1,1
250,toblerone,49,1
250,lindtlindorchocolatetruffle,57,1
250,twix,44,1
250,caramel,56,1
250,peanutmms,19,1
250,brownie,57,1
250,frostedbrownie,71,1
250,lemoncake,37,1
251,orange,85,1
251,plum,93,1
251,blackberry,100,1
251,peach,79,1
251,cherry,92,1
251,raspberry,73,1
251,apple,67,1
251,grape,94,1
251,goldendeliciousapple,22,1
251,honeydewmelon,56,1
251,kiwi,58,1
251,greenbellpepper,4,1
251,carrot,54,1
251,peanuts,66,1
251,almonds,67,1
251,baguette,46,1
251,slicedloafbread,21,1
251,boulebread,53,1
251,ryebread,27,1
251,deliturkey,16,1
251,chickentenders,32,1
251,meatballs,26,1
251,gouda,19,1
251,swisscheese,69,1
251,potatochips,41,1
251,tortillachips,14,1
251,doritos,47,1
251,ritzcracker,27,1
251,saltinecracker,36,1
251,wheatthins,15,1
251,eggrolls,10,1
251,frenchfries,76,1
251,butteredpopcorn,56,1
251,triscuits,3,1
251,wavylays,58,1
251,chocolateicecreamcone,77,1
251,strawberryicecreamcone,42,1
251,vanillasoftservecone,63,1
251,nutrigrainbar,6,1
251,churro,25,1
251,twistdonut,29,1
251,tuilecookie,16,1
251,madeleine,31,1
251,oatmealraisincookie,10,1
251,thumprintcookie,2,1
251,sugarcookie,17,1
251,vanillawafer,15,1
251,chocolatewafer,48,1
251,chocolatebark,82,1
251,darkchocolate,60,1
251,milkchocolate,70,1
251,pocky,10,1
251,toblerone,72,1
251,lindtlindorchocolatetruffle,63,1
251,twix,39,1
251,caramel,64,1
251,peanutmms,74,1
251,brownie,73,1
251,frostedbrownie,68,1
251,lemoncake,37,1
252,orange,9,1
252,plum,69,1
252,blackberry,76,1
252,peach,72,1
252,cherry,87,1
252,raspberry,83,1
252,apple,85,1
252,grape,87,1
252,goldendeliciousapple,17,1
252,honeydewmelon,95,1
252,kiwi,64,1
252,greenbellpepper,94,1
252,carrot,27,1
252,peanuts,70,1
252,almonds,4,1
252,baguette,68,1
252,slicedloafbread,48,1
252,boulebread,65,1
252,ryebread,57,1
252,deliturkey,59,1
252,chickentenders,15,1
252,meatballs,85,1
252,gouda,2,1
252,swisscheese,7,1
252,potatochips,60,1
252,tortillachips,41,1
252,doritos,35,1
252,ritzcracker,54,1
252,saltinecracker,34,1
252,wheatthins,45,1
252,eggrolls,14,1
252,frenchfries,49,1
252,butteredpopcorn,67,1
252,triscuits,62,1
252,wavylays,66,1
252,chocolateicecreamcone,25,1
252,strawberryicecreamcone,12,1
252,vanillasoftservecone,28,1
252,nutrigrainbar,52,1
252,churro,6,1
252,twistdonut,9,1
252,tuilecookie,22,1
252,madeleine,10,1
252,oatmealraisincookie,61,1
252,thumprintcookie,86,1
252,sugarcookie,8,1
252,vanillawafer,19,1
252,chocolatewafer,5,1
252,chocolatebark,23,1
252,darkchocolate,16,1
252,milkchocolate,68,1
252,pocky,4,1
252,toblerone,26,1
252,lindtlindorchocolatetruffle,22,1
252,twix,44,1
252,caramel,3,1
252,peanutmms,76,1
252,brownie,40,1
252,frostedbrownie,68,1
252,lemoncake,24,1
253,orange,2,1
253,plum,43,1
253,blackberry,85,1
253,peach,19,1
253,cherry,22,1
253,raspberry,58,1
253,apple,56,1
253,grape,45,1
253,goldendeliciousapple,31,1
253,honeydewmelon,1,1
253,kiwi,40,1
253,greenbellpepper,68,1
253,carrot,55,1
253,peanuts,67,1
253,almonds,62,1
253,baguette,63,1
253,slicedloafbread,53,1
253,boulebread,63,1
253,ryebread,94,1
253,deliturkey,34,1
253,chickentenders,55,1
253,meatballs,61,1
253,gouda,63,1
253,swisscheese,30,1
253,potatochips,51,1
253,tortillachips,65,1
253,doritos,79,1
253,ritzcracker,64,1
253,saltinecracker,84,1
253,wheatthins,59,1
253,eggrolls,8,1
253,frenchfries,79,1
253,butteredpopcorn,56,1
253,triscuits,72,1
253,wavylays,61,1
253,chocolateicecreamcone,90,1
253,strawberryicecreamcone,71,1
253,vanillasoftservecone,67,1
253,nutrigrainbar,8,1
253,churro,80,1
253,twistdonut,29,1
253,tuilecookie,37,1
253,madeleine,52,1
253,oatmealraisincookie,38,1
253,thumprintcookie,52,1
253,sugarcookie,21,1
253,vanillawafer,60,1
253,chocolatewafer,67,1
253,chocolatebark,82,1
253,darkchocolate,75,1
253,milkchocolate,86,1
253,pocky,74,1
253,toblerone,90,1
253,lindtlindorchocolatetruffle,95,1
253,twix,75,1
253,caramel,32,1
253,peanutmms,93,1
253,brownie,72,1
253,frostedbrownie,87,1
253,lemoncake,62,1
254,orange,99,1
254,plum,99,1
254,blackberry,83,1
254,peach,99,1
254,cherry,99,1
254,raspberry,76,1
254,apple,90,1
254,grape,100,1
254,goldendeliciousapple,97,1
254,honeydewmelon,44,1
254,kiwi,32,1
254,greenbellpepper,93,1
254,carrot,99,1
254,peanuts,99,1
254,almonds,99,1
254,baguette,49,1
254,slicedloafbread,69,1
254,boulebread,62,1
254,ryebread,58,1
254,deliturkey,99,1
254,chickentenders,86,1
254,meatballs,91,1
254,gouda,83,1
254,swisscheese,86,1
254,potatochips,75,1
254,tortillachips,63,1
254,doritos,79,1
254,ritzcracker,54,1
254,saltinecracker,49,1
254,wheatthins,50,1
254,eggrolls,79,1
254,frenchfries,66,1
254,butteredpopcorn,84,1
254,triscuits,43,1
254,wavylays,74,1
254,chocolateicecreamcone,98,1
254,strawberryicecreamcone,99,1
254,vanillasoftservecone,96,1
254,nutrigrainbar,77,1
254,churro,76,1
254,twistdonut,97,1
254,tuilecookie,87,1
254,madeleine,76,1
254,oatmealraisincookie,99,1
254,thumprintcookie,81,1
254,sugarcookie,91,1
254,vanillawafer,97,1
254,chocolatewafer,99,1
254,chocolatebark,95,1
254,darkchocolate,99,1
254,milkchocolate,99,1
254,pocky,91,1
254,toblerone,99,1
254,lindtlindorchocolatetruffle,100,1
254,twix,99,1
254,caramel,31,1
254,peanutmms,99,1
254,brownie,99,1
254,frostedbrownie,99,1
254,lemoncake,96,1
255,orange,89,1
255,plum,75,1
255,blackberry,62,1
255,peach,54,1
255,cherry,68,1
255,raspberry,72,1
255,apple,81,1
255,grape,63,1
255,goldendeliciousapple,75,1
255,honeydewmelon,72,1
255,kiwi,73,1
255,greenbellpepper,70,1
255,carrot,71,1
255,peanuts,70,1
255,almonds,79,1
255,baguette,49,1
255,slicedloafbread,61,1
255,boulebread,67,1
255,ryebread,54,1
255,deliturkey,57,1
255,chickentenders,71,1
255,meatballs,49,1
255,gouda,66,1
255,swisscheese,61,1
255,potatochips,56,1
255,tortillachips,54,1
255,doritos,51,1
255,ritzcracker,54,1
255,saltinecracker,64,1
255,wheatthins,66,1
255,eggrolls,61,1
255,frenchfries,71,1
255,butteredpopcorn,55,1
255,triscuits,50,1
255,wavylays,59,1
255,chocolateicecreamcone,55,1
255,strawberryicecreamcone,72,1
255,vanillasoftservecone,58,1
255,nutrigrainbar,54,1
255,churro,59,1
255,twistdonut,66,1
255,tuilecookie,62,1
255,madeleine,63,1
255,oatmealraisincookie,51,1
255,thumprintcookie,51,1
255,sugarcookie,59,1
255,vanillawafer,62,1
255,chocolatewafer,52,1
255,chocolatebark,52,1
255,darkchocolate,52,1
255,milkchocolate,58,1
255,pocky,56,1
255,toblerone,52,1
255,lindtlindorchocolatetruffle,50,1
255,twix,53,1
255,caramel,61,1
255,peanutmms,48,1
255,brownie,51,1
255,frostedbrownie,63,1
255,lemoncake,61,1
256,orange,51,1
256,plum,38,1
256,blackberry,50,1
256,peach,91,1
256,cherry,92,1
256,raspberry,66,1
256,apple,81,1
256,grape,87,1
256,goldendeliciousapple,64,1
256,honeydewmelon,10,1
256,kiwi,85,1
256,greenbellpepper,83,1
256,carrot,44,1
256,peanuts,56,1
256,almonds,46,1
256,baguette,41,1
256,slicedloafbread,36,1
256,boulebread,50,1
256,ryebread,51,1
256,deliturkey,84,1
256,chickentenders,85,1
256,meatballs,70,1
256,gouda,6,1
256,swisscheese,8,1
256,potatochips,61,1
256,tortillachips,52,1
256,doritos,65,1
256,ritzcracker,85,1
256,saltinecracker,51,1
256,wheatthins,47,1
256,eggrolls,38,1
256,frenchfries,86,1
256,butteredpopcorn,78,1
256,triscuits,50,1
256,wavylays,54,1
256,chocolateicecreamcone,85,1
256,strawberryicecreamcone,86,1
256,vanillasoftservecone,91,1
256,nutrigrainbar,73,1
256,churro,42,1
256,twistdonut,32,1
256,tuilecookie,24,1
256,madeleine,69,1
256,oatmealraisincookie,78,1
256,thumprintcookie,47,1
256,sugarcookie,75,1
256,vanillawafer,49,1
256,chocolatewafer,62,1
256,chocolatebark,51,1
256,darkchocolate,57,1
256,milkchocolate,73,1
256,pocky,14,1
256,toblerone,52,1
256,lindtlindorchocolatetruffle,50,1
256,twix,71,1
256,caramel,64,1
256,peanutmms,86,1
256,brownie,85,1
256,frostedbrownie,86,1
256,lemoncake,86,1
257,orange,99,1
257,plum,99,1
257,blackberry,51,1
257,peach,99,1
257,cherry,2,1
257,raspberry,60,1
257,apple,100,1
257,grape,83,1
257,goldendeliciousapple,99,1
257,honeydewmelon,100,1
257,kiwi,2,1
257,greenbellpepper,86,1
257,carrot,79,1
257,peanuts,80,1
257,almonds,86,1
257,baguette,1,1
257,slicedloafbread,1,1
257,boulebread,2,1
257,ryebread,1,1
257,deliturkey,26,1
257,chickentenders,3,1
257,meatballs,2,1
257,gouda,86,1
257,swisscheese,72,1
257,potatochips,2,1
257,tortillachips,76,1
257,doritos,23,1
257,ritzcracker,86,1
257,saltinecracker,48,1
257,wheatthins,81,1
257,eggrolls,2,1
257,frenchfries,1,1
257,butteredpopcorn,48,1
257,triscuits,78,1
257,wavylays,2,1
257,chocolateicecreamcone,2,1
257,strawberryicecreamcone,3,1
257,vanillasoftservecone,1,1
257,nutrigrainbar,30,1
257,churro,1,1
257,twistdonut,2,1
257,tuilecookie,2,1
257,madeleine,3,1
257,oatmealraisincookie,15,1
257,thumprintcookie,4,1
257,sugarcookie,2,1
257,vanillawafer,2,1
257,chocolatewafer,3,1
257,chocolatebark,1,1
257,darkchocolate,48,1
257,milkchocolate,3,1
257,pocky,2,1
257,toblerone,1,1
257,lindtlindorchocolatetruffle,3,1
257,twix,2,1
257,caramel,3,1
257,peanutmms,2,1
257,brownie,3,1
257,frostedbrownie,2,1
257,lemoncake,2,1
258,orange,59,1
258,plum,32,1
258,blackberry,60,1
258,peach,41,1
258,cherry,75,1
258,raspberry,52,1
258,apple,66,1
258,grape,66,1
258,goldendeliciousapple,78,1
258,honeydewmelon,57,1
258,kiwi,14,1
258,greenbellpepper,31,1
258,carrot,66,1
258,peanuts,59,1
258,almonds,51,1
258,baguette,69,1
258,slicedloafbread,60,1
258,boulebread,54,1
258,ryebread,23,1
258,deliturkey,36,1
258,chickentenders,31,1
258,meatballs,35,1
258,gouda,60,1
258,swisscheese,24,1
258,potatochips,79,1
258,tortillachips,61,1
258,doritos,54,1
258,ritzcracker,48,1
258,saltinecracker,57,1
258,wheatthins,41,1
258,eggrolls,23,1
258,frenchfries,63,1
258,butteredpopcorn,78,1
258,triscuits,16,1
258,wavylays,77,1
258,chocolateicecreamcone,64,1
258,strawberryicecreamcone,37,1
258,vanillasoftservecone,57,1
258,nutrigrainbar,16,1
258,churro,4,1
258,twistdonut,59,1
258,tuilecookie,14,1
258,madeleine,20,1
258,oatmealraisincookie,40,1
258,thumprintcookie,51,1
258,sugarcookie,57,1
258,vanillawafer,62,1
258,chocolatewafer,55,1
258,chocolatebark,61,1
258,darkchocolate,62,1
258,milkchocolate,58,1
258,pocky,26,1
258,toblerone,51,1
258,lindtlindorchocolatetruffle,34,1
258,twix,67,1
258,caramel,55,1
258,peanutmms,57,1
258,brownie,22,1
258,frostedbrownie,15,1
258,lemoncake,31,1
259,orange,63,1
259,plum,61,1
259,blackberry,72,1
259,peach,58,1
259,cherry,80,1
259,raspberry,61,1
259,apple,62,1
259,grape,61,1
259,goldendeliciousapple,51,1
259,honeydewmelon,62,1
259,kiwi,26,1
259,greenbellpepper,61,1
259,carrot,55,1
259,peanuts,79,1
259,almonds,40,1
259,baguette,22,1
259,slicedloafbread,15,1
259,boulebread,24,1
259,ryebread,34,1
259,deliturkey,54,1
259,chickentenders,46,1
259,meatballs,30,1
259,gouda,46,1
259,swisscheese,66,1
259,potatochips,38,1
259,tortillachips,35,1
259,doritos,25,1
259,ritzcracker,34,1
259,saltinecracker,25,1
259,wheatthins,32,1
259,eggrolls,36,1
259,frenchfries,43,1
259,butteredpopcorn,34,1
259,triscuits,12,1
259,wavylays,51,1
259,chocolateicecreamcone,2,1
259,strawberryicecreamcone,12,1
259,vanillasoftservecone,22,1
259,nutrigrainbar,31,1
259,churro,34,1
259,twistdonut,27,1
259,tuilecookie,45,1
259,madeleine,13,1
259,oatmealraisincookie,21,1
259,thumprintcookie,26,1
259,sugarcookie,29,1
259,vanillawafer,24,1
259,chocolatewafer,17,1
259,chocolatebark,24,1
259,darkchocolate,21,1
259,milkchocolate,37,1
259,pocky,16,1
259,toblerone,26,1
259,lindtlindorchocolatetruffle,18,1
259,twix,38,1
259,caramel,28,1
259,peanutmms,14,1
259,brownie,16,1
259,frostedbrownie,17,1
259,lemoncake,24,1
260,orange,28,1
260,plum,2,1
260,blackberry,2,1
260,peach,12,1
260,cherry,3,1
260,raspberry,1,1
260,apple,20,1
260,grape,41,1
260,goldendeliciousapple,2,1
260,honeydewmelon,2,1
260,kiwi,3,1
260,greenbellpepper,1,1
260,carrot,1,1
260,peanuts,7,1
260,almonds,2,1
260,baguette,3,1
260,slicedloafbread,1,1
260,boulebread,2,1
260,ryebread,1,1
260,deliturkey,7,1
260,chickentenders,84,1
260,meatballs,2,1
260,gouda,2,1
260,swisscheese,2,1
260,potatochips,24,1
260,tortillachips,14,1
260,doritos,29,1
260,ritzcracker,4,1
260,saltinecracker,2,1
260,wheatthins,5,1
260,eggrolls,2,1
260,frenchfries,20,1
260,butteredpopcorn,41,1
260,triscuits,3,1
260,wavylays,19,1
260,chocolateicecreamcone,49,1
260,strawberryicecreamcone,8,1
260,vanillasoftservecone,60,1
260,nutrigrainbar,2,1
260,churro,13,1
260,twistdonut,3,1
260,tuilecookie,1,1
260,madeleine,2,1
260,oatmealraisincookie,2,1
260,thumprintcookie,12,1
260,sugarcookie,2,1
260,vanillawafer,3,1
260,chocolatewafer,1,1
260,chocolatebark,2,1
260,darkchocolate,3,1
260,milkchocolate,13,1
260,pocky,2,1
260,toblerone,16,1
260,lindtlindorchocolatetruffle,11,1
260,twix,36,1
260,caramel,2,1
260,peanutmms,80,1
260,brownie,8,1
260,frostedbrownie,21,1
260,lemoncake,19,1
261,orange,19,1
261,plum,78,1
261,blackberry,39,1
261,peach,97,1
261,cherry,1,1
261,raspberry,40,1
261,apple,43,1
261,grape,61,1
261,goldendeliciousapple,39,1
261,honeydewmelon,1,1
261,kiwi,89,1
261,greenbellpepper,1,1
261,carrot,19,1
261,peanuts,80,1
261,almonds,61,1
261,baguette,1,1
261,slicedloafbread,1,1
261,boulebread,1,1
261,ryebread,7,1
261,deliturkey,1,1
261,chickentenders,64,1
261,meatballs,1,1
261,gouda,96,1
261,swisscheese,1,1
261,potatochips,1,1
261,tortillachips,23,1
261,doritos,97,1
261,ritzcracker,76,1
261,saltinecracker,63,1
261,wheatthins,64,1
261,eggrolls,1,1
261,frenchfries,100,1
261,butteredpopcorn,13,1
261,triscuits,58,1
261,wavylays,79,1
261,chocolateicecreamcone,100,1
261,strawberryicecreamcone,95,1
261,vanillasoftservecone,100,1
261,nutrigrainbar,88,1
261,churro,69,1
261,twistdonut,19,1
261,tuilecookie,1,1
261,madeleine,5,1
261,oatmealraisincookie,83,1
261,thumprintcookie,17,1
261,sugarcookie,13,1
261,vanillawafer,96,1
261,chocolatewafer,100,1
261,chocolatebark,1,1
261,darkchocolate,1,1
261,milkchocolate,1,1
261,pocky,100,1
261,toblerone,1,1
261,lindtlindorchocolatetruffle,1,1
261,twix,100,1
261,caramel,78,1
261,peanutmms,67,1
261,brownie,95,1
261,frostedbrownie,100,1
261,lemoncake,96,1
262,orange,43,1
262,plum,74,1
262,blackberry,65,1
262,peach,68,1
262,cherry,91,1
262,raspberry,82,1
262,apple,36,1
262,grape,25,1
262,goldendeliciousapple,46,1
262,honeydewmelon,13,1
262,kiwi,44,1
262,greenbellpepper,1,1
262,carrot,2,1
262,peanuts,67,1
262,almonds,24,1
262,baguette,67,1
262,slicedloafbread,26,1
262,boulebread,47,1
262,ryebread,60,1
262,deliturkey,99,1
262,chickentenders,34,1
262,meatballs,88,1
262,gouda,99,1
262,swisscheese,98,1
262,potatochips,3,1
262,tortillachips,10,1
262,doritos,6,1
262,ritzcracker,20,1
262,saltinecracker,38,1
262,wheatthins,17,1
262,eggrolls,63,1
262,frenchfries,15,1
262,butteredpopcorn,19,1
262,triscuits,22,1
262,wavylays,2,1
262,chocolateicecreamcone,10,1
262,strawberryicecreamcone,9,1
262,vanillasoftservecone,18,1
262,nutrigrainbar,14,1
262,churro,8,1
262,twistdonut,45,1
262,tuilecookie,5,1
262,madeleine,48,1
262,oatmealraisincookie,35,1
262,thumprintcookie,23,1
262,sugarcookie,16,1
262,vanillawafer,49,1
262,chocolatewafer,42,1
262,chocolatebark,56,1
262,darkchocolate,53,1
262,milkchocolate,30,1
262,pocky,15,1
262,toblerone,48,1
262,lindtlindorchocolatetruffle,8,1
262,twix,32,1
262,caramel,58,1
262,peanutmms,19,1
262,brownie,74,1
262,frostedbrownie,49,1
262,lemoncake,77,1
263,orange,99,1
263,plum,99,1
263,blackberry,97,1
263,peach,100,1
263,cherry,99,1
263,raspberry,100,1
263,apple,98,1
263,grape,100,1
263,goldendeliciousapple,98,1
263,honeydewmelon,100,1
263,kiwi,15,1
263,greenbellpepper,51,1
263,carrot,88,1
263,peanuts,99,1
263,almonds,98,1
263,baguette,51,1
263,slicedloafbread,53,1
263,boulebread,70,1
263,ryebread,78,1
263,deliturkey,2,1
263,chickentenders,1,1
263,meatballs,1,1
263,gouda,73,1
263,swisscheese,98,1
263,potatochips,20,1
263,tortillachips,51,1
263,doritos,2,1
263,ritzcracker,79,1
263,saltinecracker,27,1
263,wheatthins,55,1
263,eggrolls,50,1
263,frenchfries,50,1
263,butteredpopcorn,51,1
263,triscuits,52,1
263,wavylays,22,1
263,chocolateicecreamcone,63,1
263,strawberryicecreamcone,82,1
263,vanillasoftservecone,84,1
263,nutrigrainbar,48,1
263,churro,50,1
263,twistdonut,50,1
263,tuilecookie,1,1
263,madeleine,62,1
263,oatmealraisincookie,88,1
263,thumprintcookie,63,1
263,sugarcookie,74,1
263,vanillawafer,22,1
263,chocolatewafer,21,1
263,chocolatebark,51,1
263,darkchocolate,79,1
263,milkchocolate,76,1
263,pocky,4,1
263,toblerone,51,1
263,lindtlindorchocolatetruffle,39,1
263,twix,51,1
263,caramel,51,1
263,peanutmms,81,1
263,brownie,98,1
263,frostedbrownie,100,1
263,lemoncake,81,1
264,orange,77,1
264,plum,13,1
264,blackberry,28,1
264,peach,19,1
264,cherry,42,1
264,raspberry,5,1
264,apple,32,1
264,grape,72,1
264,goldendeliciousapple,32,1
264,honeydewmelon,5,1
264,kiwi,36,1
264,greenbellpepper,1,1
264,carrot,11,1
264,peanuts,10,1
264,almonds,60,1
264,baguette,53,1
264,slicedloafbread,52,1
264,boulebread,44,1
264,ryebread,60,1
264,deliturkey,72,1
264,chickentenders,76,1
264,meatballs,69,1
264,gouda,71,1
264,swisscheese,83,1
264,potatochips,31,1
264,tortillachips,25,1
264,doritos,49,1
264,ritzcracker,50,1
264,saltinecracker,35,1
264,wheatthins,42,1
264,eggrolls,77,1
264,frenchfries,27,1
264,butteredpopcorn,56,1
264,triscuits,26,1
264,wavylays,28,1
264,chocolateicecreamcone,25,1
264,strawberryicecreamcone,30,1
264,vanillasoftservecone,23,1
264,nutrigrainbar,2,1
264,churro,54,1
264,twistdonut,29,1
264,tuilecookie,33,1
264,madeleine,21,1
264,oatmealraisincookie,26,1
264,thumprintcookie,80,1
264,sugarcookie,14,1
264,vanillawafer,17,1
264,chocolatewafer,16,1
264,chocolatebark,72,1
264,darkchocolate,62,1
264,milkchocolate,60,1
264,pocky,48,1
264,toblerone,50,1
264,lindtlindorchocolatetruffle,60,1
264,twix,29,1
264,caramel,46,1
264,peanutmms,58,1
264,brownie,40,1
264,frostedbrownie,38,1
264,lemoncake,28,1
265,orange,41,1
265,plum,9,1
265,blackberry,57,1
265,peach,19,1
265,cherry,27,1
265,raspberry,64,1
265,apple,63,1
265,grape,33,1
265,goldendeliciousapple,62,1
265,honeydewmelon,1,1
265,kiwi,31,1
265,greenbellpepper,1,1
265,carrot,11,1
265,peanuts,91,1
265,almonds,76,1
265,baguette,2,1
265,slicedloafbread,2,1
265,boulebread,2,1
265,ryebread,12,1
265,deliturkey,73,1
265,chickentenders,85,1
265,meatballs,50,1
265,gouda,55,1
265,swisscheese,63,1
265,potatochips,98,1
265,tortillachips,73,1
265,doritos,86,1
265,ritzcracker,64,1
265,saltinecracker,38,1
265,wheatthins,50,1
265,eggrolls,63,1
265,frenchfries,58,1
265,butteredpopcorn,63,1
265,triscuits,60,1
265,wavylays,84,1
265,chocolateicecreamcone,51,1
265,strawberryicecreamcone,57,1
265,vanillasoftservecone,50,1
265,nutrigrainbar,9,1
265,churro,25,1
265,twistdonut,7,1
265,tuilecookie,36,1
265,madeleine,12,1
265,oatmealraisincookie,30,1
265,thumprintcookie,13,1
265,sugarcookie,15,1
265,vanillawafer,20,1
265,chocolatewafer,35,1
265,chocolatebark,49,1
265,darkchocolate,49,1
265,milkchocolate,50,1
265,pocky,37,1
265,toblerone,50,1
265,lindtlindorchocolatetruffle,33,1
265,twix,50,1
265,caramel,28,1
265,peanutmms,60,1
265,brownie,18,1
265,frostedbrownie,10,1
265,lemoncake,13,1
266,orange,2,1
266,plum,25,1
266,blackberry,3,1
266,peach,20,1
266,cherry,79,1
266,raspberry,23,1
266,apple,13,1
266,grape,91,1
266,goldendeliciousapple,3,1
266,honeydewmelon,67,1
266,kiwi,3,1
266,greenbellpepper,6,1
266,carrot,2,1
266,peanuts,39,1
266,almonds,77,1
266,baguette,7,1
266,slicedloafbread,4,1
266,boulebread,3,1
266,ryebread,2,1
266,deliturkey,7,1
266,chickentenders,88,1
266,meatballs,2,1
266,gouda,9,1
266,swisscheese,75,1
266,potatochips,91,1
266,tortillachips,25,1
266,doritos,91,1
266,ritzcracker,8,1
266,saltinecracker,15,1
266,wheatthins,19,1
266,eggrolls,1,1
266,frenchfries,81,1
266,butteredpopcorn,61,1
266,triscuits,2,1
266,wavylays,80,1
266,chocolateicecreamcone,94,1
266,strawberryicecreamcone,92,1
266,vanillasoftservecone,74,1
266,nutrigrainbar,81,1
266,churro,26,1
266,twistdonut,14,1
266,tuilecookie,4,1
266,madeleine,4,1
266,oatmealraisincookie,92,1
266,thumprintcookie,94,1
266,sugarcookie,90,1
266,vanillawafer,76,1
266,chocolatewafer,95,1
266,chocolatebark,36,1
266,darkchocolate,82,1
266,milkchocolate,91,1
266,pocky,64,1
266,toblerone,95,1
266,lindtlindorchocolatetruffle,68,1
266,twix,99,1
266,caramel,63,1
266,peanutmms,100,1
266,brownie,96,1
266,frostedbrownie,73,1
266,lemoncake,76,1
267,orange,48,1
267,plum,36,1
267,blackberry,49,1
267,peach,36,1
267,cherry,37,1
267,raspberry,52,1
267,apple,49,1
267,grape,42,1
267,goldendeliciousapple,36,1
267,honeydewmelon,11,1
267,kiwi,20,1
267,greenbellpepper,46,1
267,carrot,36,1
267,peanuts,37,1
267,almonds,47,1
267,baguette,48,1
267,slicedloafbread,48,1
267,boulebread,48,1
267,ryebread,37,1
267,deliturkey,39,1
267,chickentenders,58,1
267,meatballs,30,1
267,gouda,47,1
267,swisscheese,31,1
267,potatochips,61,1
267,tortillachips,41,1
267,doritos,54,1
267,ritzcracker,52,1
267,saltinecracker,48,1
267,wheatthins,47,1
267,eggrolls,35,1
267,frenchfries,55,1
267,butteredpopcorn,51,1
267,triscuits,56,1
267,wavylays,54,1
267,chocolateicecreamcone,62,1
267,strawberryicecreamcone,65,1
267,vanillasoftservecone,65,1
267,nutrigrainbar,48,1
267,churro,29,1
267,twistdonut,48,1
267,tuilecookie,29,1
267,madeleine,48,1
267,oatmealraisincookie,47,1
267,thumprintcookie,50,1
267,sugarcookie,58,1
267,vanillawafer,64,1
267,chocolatewafer,62,1
267,chocolatebark,60,1
267,darkchocolate,61,1
267,milkchocolate,70,1
267,pocky,24,1
267,toblerone,62,1
267,lindtlindorchocolatetruffle,52,1
267,twix,61,1
267,caramel,25,1
267,peanutmms,64,1
267,brownie,61,1
267,frostedbrownie,70,1
267,lemoncake,65,1
268,orange,69,1
268,plum,60,1
268,blackberry,65,1
268,peach,81,1
268,cherry,45,1
268,raspberry,53,1
268,apple,72,1
268,grape,98,1
268,goldendeliciousapple,56,1
268,honeydewmelon,58,1
268,kiwi,68,1
268,greenbellpepper,1,1
268,carrot,31,1
268,peanuts,38,1
268,almonds,51,1
268,baguette,27,1
268,slicedloafbread,12,1
268,boulebread,60,1
268,ryebread,35,1
268,deliturkey,67,1
268,chickentenders,62,1
268,meatballs,10,1
268,gouda,20,1
268,swisscheese,42,1
268,potatochips,35,1
268,tortillachips,6,1
268,doritos,37,1
268,ritzcracker,26,1
268,saltinecracker,25,1
268,wheatthins,26,1
268,eggrolls,70,1
268,frenchfries,40,1
268,butteredpopcorn,58,1
268,triscuits,2,1
268,wavylays,39,1
268,chocolateicecreamcone,16,1
268,strawberryicecreamcone,33,1
268,vanillasoftservecone,34,1
268,nutrigrainbar,10,1
268,churro,42,1
268,twistdonut,58,1
268,tuilecookie,12,1
268,madeleine,24,1
268,oatmealraisincookie,45,1
268,thumprintcookie,11,1
268,sugarcookie,20,1
268,vanillawafer,49,1
268,chocolatewafer,63,1
268,chocolatebark,52,1
268,darkchocolate,92,1
268,milkchocolate,43,1
268,pocky,9,1
268,toblerone,49,1
268,lindtlindorchocolatetruffle,40,1
268,twix,9,1
268,caramel,2,1
268,peanutmms,49,1
268,brownie,36,1
268,frostedbrownie,56,1
268,lemoncake,10,1
301,orange,62,1
301,plum,69,1
301,blackberry,31,1
301,peach,63,1
301,cherry,93,1
301,raspberry,69,1
301,apple,52,1
301,grape,72,1
301,goldendeliciousapple,56,1
301,honeydewmelon,51,1
301,kiwi,49,1
301,greenbellpepper,32,1
301,carrot,62,1
301,peanuts,4,1
301,almonds,71,1
301,baguette,31,1
301,slicedloafbread,47,1
301,boulebread,87,1
301,ryebread,84,1
301,deliturkey,58,1
301,chickentenders,63,1
301,meatballs,45,1
301,gouda,63,1
301,swisscheese,80,1
301,potatochips,48,1
301,tortillachips,68,1
301,doritos,71,1
301,ritzcracker,45,1
301,saltinecracker,21,1
301,wheatthins,76,1
301,eggrolls,24,1
301,frenchfries,39,1
301,butteredpopcorn,65,1
301,triscuits,79,1
301,wavylays,36,1
301,chocolateicecreamcone,5,1
301,strawberryicecreamcone,79,1
301,vanillasoftservecone,82,1
301,nutrigrainbar,32,1
301,churro,52,1
301,twistdonut,85,1
301,tuilecookie,75,1
301,madeleine,51,1
301,oatmealraisincookie,56,1
301,thumprintcookie,30,1
301,sugarcookie,46,1
301,vanillawafer,50,1
301,chocolatewafer,39,1
301,chocolatebark,70,1
301,darkchocolate,80,1
301,milkchocolate,34,1
301,pocky,33,1
301,toblerone,10,1
301,lindtlindorchocolatetruffle,65,1
301,twix,24,1
301,caramel,46,1
301,peanutmms,26,1
301,brownie,28,1
301,frostedbrownie,16,1
301,lemoncake,95,1
302,orange,45,1
302,plum,41,1
302,blackberry,20,1
302,peach,34,1
302,cherry,36,1
302,raspberry,29,1
302,apple,29,1
302,grape,38,1
302,goldendeliciousapple,33,1
302,honeydewmelon,31,1
302,kiwi,32,1
302,greenbellpepper,32,1
302,carrot,27,1
302,peanuts,56,1
302,almonds,40,1
302,baguette,35,1
302,slicedloafbread,30,1
302,boulebread,34,1
302,ryebread,37,1
302,deliturkey,70,1
302,chickentenders,79,1
302,meatballs,72,1
302,gouda,43,1
302,swisscheese,49,1
302,potatochips,89,1
302,tortillachips,66,1
302,doritos,90,1
302,ritzcracker,49,1
302,saltinecracker,8,1
302,wheatthins,8,1
302,eggrolls,83,1
302,frenchfries,65,1
302,butteredpopcorn,21,1
302,triscuits,7,1
302,wavylays,88,1
302,chocolateicecreamcone,72,1
302,strawberryicecreamcone,85,1
302,vanillasoftservecone,79,1
302,nutrigrainbar,17,1
302,churro,55,1
302,twistdonut,50,1
302,tuilecookie,44,1
302,madeleine,25,1
302,oatmealraisincookie,56,1
302,thumprintcookie,22,1
302,sugarcookie,48,1
302,vanillawafer,59,1
302,chocolatewafer,59,1
302,chocolatebark,23,1
302,darkchocolate,33,1
302,milkchocolate,25,1
302,pocky,85,1
302,toblerone,59,1
302,lindtlindorchocolatetruffle,51,1
302,twix,91,1
302,caramel,11,1
302,peanutmms,20,1
302,brownie,91,1
302,frostedbrownie,87,1
302,lemoncake,55,1
303,orange,36,1
303,plum,69,1
303,blackberry,66,1
303,peach,60,1
303,cherry,36,1
303,raspberry,67,1
303,apple,6,1
303,grape,37,1
303,goldendeliciousapple,16,1
303,honeydewmelon,23,1
303,kiwi,69,1
303,greenbellpepper,5,1
303,carrot,14,1
303,peanuts,63,1
303,almonds,52,1
303,baguette,37,1
303,slicedloafbread,41,1
303,boulebread,30,1
303,ryebread,29,1
303,deliturkey,75,1
303,chickentenders,98,1
303,meatballs,68,1
303,gouda,52,1
303,swisscheese,86,1
303,potatochips,67,1
303,tortillachips,66,1
303,doritos,68,1
303,ritzcracker,40,1
303,saltinecracker,51,1
303,wheatthins,52,1
303,eggrolls,94,1
303,frenchfries,97,1
303,butteredpopcorn,76,1
303,triscuits,13,1
303,wavylays,65,1
303,chocolateicecreamcone,67,1
303,strawberryicecreamcone,67,1
303,vanillasoftservecone,39,1
303,nutrigrainbar,58,1
303,churro,60,1
303,twistdonut,90,1
303,tuilecookie,70,1
303,madeleine,18,1
303,oatmealraisincookie,63,1
303,thumprintcookie,29,1
303,sugarcookie,56,1
303,vanillawafer,25,1
303,chocolatewafer,40,1
303,chocolatebark,72,1
303,darkchocolate,65,1
303,milkchocolate,62,1
303,pocky,67,1
303,toblerone,59,1
303,lindtlindorchocolatetruffle,55,1
303,twix,55,1
303,caramel,29,1
303,peanutmms,79,1
303,brownie,77,1
303,frostedbrownie,77,1
303,lemoncake,57,1
304,orange,91,1
304,plum,51,1
304,blackberry,86,1
304,peach,51,1
304,cherry,51,1
304,raspberry,91,1
304,apple,29,1
304,grape,75,1
304,goldendeliciousapple,20,1
304,honeydewmelon,18,1
304,kiwi,50,1
304,greenbellpepper,51,1
304,carrot,5,1
304,peanuts,22,1
304,almonds,25,1
304,baguette,66,1
304,slicedloafbread,78,1
304,boulebread,50,1
304,ryebread,81,1
304,deliturkey,26,1
304,chickentenders,52,1
304,meatballs,22,1
304,gouda,8,1
304,swisscheese,49,1
304,potatochips,79,1
304,tortillachips,23,1
304,doritos,72,1
304,ritzcracker,51,1
304,saltinecracker,51,1
304,wheatthins,51,1
304,eggrolls,91,1
304,frenchfries,91,1
304,butteredpopcorn,8,1
304,triscuits,22,1
304,wavylays,72,1
304,chocolateicecreamcone,79,1
304,strawberryicecreamcone,82,1
304,vanillasoftservecone,91,1
304,nutrigrainbar,11,1
304,churro,89,1
304,twistdonut,72,1
304,tuilecookie,87,1
304,madeleine,74,1
304,oatmealraisincookie,49,1
304,thumprintcookie,16,1
304,sugarcookie,50,1
304,vanillawafer,52,1
304,chocolatewafer,50,1
304,chocolatebark,34,1
304,darkchocolate,19,1
304,milkchocolate,15,1
304,pocky,73,1
304,toblerone,31,1
304,lindtlindorchocolatetruffle,6,1
304,twix,21,1
304,caramel,49,1
304,peanutmms,79,1
304,brownie,26,1
304,frostedbrownie,23,1
304,lemoncake,34,1
305,orange,62,1
305,plum,50,1
305,blackberry,100,1
305,peach,83,1
305,cherry,83,1
305,raspberry,100,1
305,apple,69,1
305,grape,77,1
305,goldendeliciousapple,56,1
305,honeydewmelon,67,1
305,kiwi,93,1
305,greenbellpepper,26,1
305,carrot,77,1
305,peanuts,64,1
305,almonds,79,1
305,baguette,27,1
305,slicedloafbread,9,1
305,boulebread,27,1
305,ryebread,34,1
305,deliturkey,37,1
305,chickentenders,76,1
305,meatballs,11,1
305,gouda,91,1
305,swisscheese,72,1
305,potatochips,13,1
305,tortillachips,7,1
305,doritos,15,1
305,ritzcracker,17,1
305,saltinecracker,16,1
305,wheatthins,30,1
305,eggrolls,70,1
305,frenchfries,77,1
305,butteredpopcorn,23,1
305,triscuits,5,1
305,wavylays,60,1
305,chocolateicecreamcone,48,1
305,strawberryicecreamcone,58,1
305,vanillasoftservecone,39,1
305,nutrigrainbar,16,1
305,churro,48,1
305,twistdonut,31,1
305,tuilecookie,28,1
305,madeleine,37,1
305,oatmealraisincookie,41,1
305,thumprintcookie,49,1
305,sugarcookie,28,1
305,vanillawafer,23,1
305,chocolatewafer,44,1
305,chocolatebark,51,1
305,darkchocolate,45,1
305,milkchocolate,43,1
305,pocky,60,1
305,toblerone,45,1
305,lindtlindorchocolatetruffle,49,1
305,twix,34,1
305,caramel,53,1
305,peanutmms,60,1
305,brownie,26,1
305,frostedbrownie,50,1
305,lemoncake,35,1
306,orange,77,1
306,plum,76,1
306,blackberry,82,1
306,peach,65,1
306,cherry,61,1
306,raspberry,49,1
306,apple,21,1
306,grape,55,1
306,goldendeliciousapple,25,1
306,honeydewmelon,1,1
306,kiwi,59,1
306,greenbellpepper,3,1
306,carrot,7,1
306,peanuts,82,1
306,almonds,1,1
306,baguette,81,1
306,slicedloafbread,21,1
306,boulebread,50,1
306,ryebread,50,1
306,deliturkey,75,1
306,chickentenders,100,1
306,meatballs,51,1
306,gouda,100,1
306,swisscheese,100,1
306,potatochips,61,1
306,tortillachips,72,1
306,doritos,62,1
306,ritzcracker,70,1
306,saltinecracker,51,1
306,wheatthins,39,1
306,eggrolls,91,1
306,frenchfries,81,1
306,butteredpopcorn,62,1
306,triscuits,41,1
306,wavylays,61,1
306,chocolateicecreamcone,18,1
306,strawberryicecreamcone,78,1
306,vanillasoftservecone,66,1
306,nutrigrainbar,80,1
306,churro,50,1
306,twistdonut,77,1
306,tuilecookie,33,1
306,madeleine,39,1
306,oatmealraisincookie,58,1
306,thumprintcookie,34,1
306,sugarcookie,50,1
306,vanillawafer,56,1
306,chocolatewafer,27,1
306,chocolatebark,28,1
306,darkchocolate,15,1
306,milkchocolate,11,1
306,pocky,19,1
306,toblerone,10,1
306,lindtlindorchocolatetruffle,16,1
306,twix,15,1
306,caramel,26,1
306,peanutmms,52,1
306,brownie,13,1
306,frostedbrownie,15,1
306,lemoncake,43,1
307,orange,100,1
307,plum,70,1
307,blackberry,86,1
307,peach,60,1
307,cherry,76,1
307,raspberry,88,1
307,apple,1,1
307,grape,100,1
307,goldendeliciousapple,1,1
307,honeydewmelon,100,1
307,kiwi,100,1
307,greenbellpepper,85,1
307,carrot,54,1
307,peanuts,7,1
307,almonds,1,1
307,baguette,1,1
307,slicedloafbread,1,1
307,boulebread,1,1
307,ryebread,1,1
307,deliturkey,67,1
307,chickentenders,100,1
307,meatballs,41,1
307,gouda,100,1
307,swisscheese,100,1
307,potatochips,57,1
307,tortillachips,9,1
307,doritos,14,1
307,ritzcracker,20,1
307,saltinecracker,13,1
307,wheatthins,22,1
307,eggrolls,46,1
307,frenchfries,100,1
307,butteredpopcorn,100,1
307,triscuits,47,1
307,wavylays,44,1
307,chocolateicecreamcone,100,1
307,strawberryicecreamcone,100,1
307,vanillasoftservecone,100,1
307,nutrigrainbar,1,1
307,churro,31,1
307,twistdonut,1,1
307,tuilecookie,1,1
307,madeleine,53,1
307,oatmealraisincookie,100,1
307,thumprintcookie,64,1
307,sugarcookie,52,1
307,vanillawafer,68,1
307,chocolatewafer,63,1
307,chocolatebark,100,1
307,darkchocolate,100,1
307,milkchocolate,82,1
307,pocky,100,1
307,toblerone,83,1
307,lindtlindorchocolatetruffle,100,1
307,twix,47,1
307,caramel,1,1
307,peanutmms,56,1
307,brownie,100,1
307,frostedbrownie,100,1
307,lemoncake,62,1
308,orange,37,1
308,plum,65,1
308,blackberry,39,1
308,peach,62,1
308,cherry,48,1
308,raspberry,35,1
308,apple,56,1
308,grape,43,1
308,goldendeliciousapple,54,1
308,honeydewmelon,24,1
308,kiwi,55,1
308,greenbellpepper,1,1
308,carrot,15,1
308,peanuts,37,1
308,almonds,38,1
308,baguette,57,1
308,slicedloafbread,7,1
308,boulebread,51,1
308,ryebread,50,1
308,deliturkey,45,1
308,chickentenders,48,1
308,meatballs,37,1
308,gouda,52,1
308,swisscheese,53,1
308,potatochips,61,1
308,tortillachips,44,1
308,doritos,45,1
308,ritzcracker,28,1
308,saltinecracker,33,1
308,wheatthins,18,1
308,eggrolls,50,1
308,frenchfries,88,1
308,butteredpopcorn,18,1
308,triscuits,4,1
308,wavylays,55,1
308,chocolateicecreamcone,77,1
308,strawberryicecreamcone,59,1
308,vanillasoftservecone,48,1
308,nutrigrainbar,36,1
308,churro,56,1
308,twistdonut,63,1
308,tuilecookie,49,1
308,madeleine,51,1
308,oatmealraisincookie,45,1
308,thumprintcookie,37,1
308,sugarcookie,49,1
308,vanillawafer,42,1
308,chocolatewafer,42,1
308,chocolatebark,41,1
308,darkchocolate,58,1
308,milkchocolate,76,1
308,pocky,63,1
308,toblerone,64,1
308,lindtlindorchocolatetruffle,70,1
308,twix,84,1
308,caramel,41,1
308,peanutmms,41,1
308,brownie,53,1
308,frostedbrownie,43,1
308,lemoncake,39,1
309,orange,100,1
309,plum,100,1
309,blackberry,100,1
309,peach,100,1
309,cherry,100,1
309,raspberry,100,1
309,apple,42,1
309,grape,91,1
309,goldendeliciousapple,44,1
309,honeydewmelon,100,1
309,kiwi,100,1
309,greenbellpepper,58,1
309,carrot,40,1
309,peanuts,100,1
309,almonds,100,1
309,baguette,1,1
309,slicedloafbread,1,1
309,boulebread,1,1
309,ryebread,1,1
309,deliturkey,100,1
309,chickentenders,72,1
309,meatballs,67,1
309,gouda,100,1
309,swisscheese,100,1
309,potatochips,34,1
309,tortillachips,36,1
309,doritos,33,1
309,ritzcracker,48,1
309,saltinecracker,43,1
309,wheatthins,71,1
309,eggrolls,31,1
309,frenchfries,34,1
309,butteredpopcorn,100,1
309,triscuits,6,1
309,wavylays,61,1
309,chocolateicecreamcone,50,1
309,strawberryicecreamcone,57,1
309,vanillasoftservecone,50,1
309,nutrigrainbar,59,1
309,churro,56,1
309,twistdonut,8,1
309,tuilecookie,62,1
309,madeleine,18,1
309,oatmealraisincookie,59,1
309,thumprintcookie,55,1
309,sugarcookie,9,1
309,vanillawafer,57,1
309,chocolatewafer,70,1
309,chocolatebark,66,1
309,darkchocolate,77,1
309,milkchocolate,94,1
309,pocky,64,1
309,toblerone,59,1
309,lindtlindorchocolatetruffle,63,1
309,twix,56,1
309,caramel,57,1
309,peanutmms,62,1
309,brownie,44,1
309,frostedbrownie,60,1
309,lemoncake,68,1
310,orange,78,1
310,plum,60,1
310,blackberry,64,1
310,peach,40,1
310,cherry,64,1
310,raspberry,56,1
310,apple,72,1
310,grape,59,1
310,goldendeliciousapple,44,1
310,honeydewmelon,70,1
310,kiwi,38,1
310,greenbellpepper,24,1
310,carrot,23,1
310,peanuts,64,1
310,almonds,44,1
310,baguette,73,1
310,slicedloafbread,63,1
310,boulebread,79,1
310,ryebread,67,1
310,deliturkey,46,1
310,chickentenders,75,1
310,meatballs,42,1
310,gouda,59,1
310,swisscheese,73,1
310,potatochips,81,1
310,tortillachips,63,1
310,doritos,79,1
310,ritzcracker,68,1
310,saltinecracker,70,1
310,wheatthins,62,1
310,eggrolls,31,1
310,frenchfries,70,1
310,butteredpopcorn,69,1
310,triscuits,73,1
310,wavylays,84,1
310,chocolateicecreamcone,93,1
310,strawberryicecreamcone,84,1
310,vanillasoftservecone,97,1
310,nutrigrainbar,72,1
310,churro,68,1
310,twistdonut,91,1
310,tuilecookie,51,1
310,madeleine,65,1
310,oatmealraisincookie,63,1
310,thumprintcookie,70,1
310,sugarcookie,79,1
310,vanillawafer,72,1
310,chocolatewafer,79,1
310,chocolatebark,90,1
310,darkchocolate,95,1
310,milkchocolate,93,1
310,pocky,75,1
310,toblerone,91,1
310,lindtlindorchocolatetruffle,92,1
310,twix,95,1
310,caramel,93,1
310,peanutmms,96,1
310,brownie,56,1
310,frostedbrownie,62,1
310,lemoncake,81,1
311,orange,60,1
311,plum,71,1
311,blackberry,69,1
311,peach,83,1
311,cherry,88,1
311,raspberry,53,1
311,apple,82,1
311,grape,71,1
311,goldendeliciousapple,81,1
311,honeydewmelon,68,1
311,kiwi,25,1
311,greenbellpepper,69,1
311,carrot,64,1
311,peanuts,63,1
311,almonds,94,1
311,baguette,10,1
311,slicedloafbread,8,1
311,boulebread,20,1
311,ryebread,12,1
311,deliturkey,88,1
311,chickentenders,6,1
311,meatballs,2,1
311,gouda,15,1
311,swisscheese,76,1
311,potatochips,13,1
311,tortillachips,11,1
311,doritos,10,1
311,ritzcracker,17,1
311,saltinecracker,17,1
311,wheatthins,27,1
311,eggrolls,3,1
311,frenchfries,5,1
311,butteredpopcorn,4,1
311,triscuits,17,1
311,wavylays,11,1
311,chocolateicecreamcone,8,1
311,strawberryicecreamcone,9,1
311,vanillasoftservecone,11,1
311,nutrigrainbar,17,1
311,churro,14,1
311,twistdonut,17,1
311,tuilecookie,24,1
311,madeleine,2,1
311,oatmealraisincookie,18,1
311,thumprintcookie,15,1
311,sugarcookie,19,1
311,vanillawafer,10,1
311,chocolatewafer,11,1
311,chocolatebark,19,1
311,darkchocolate,3,1
311,milkchocolate,16,1
311,pocky,17,1
311,toblerone,11,1
311,lindtlindorchocolatetruffle,3,1
311,twix,10,1
311,caramel,27,1
311,peanutmms,33,1
311,brownie,16,1
311,frostedbrownie,12,1
311,lemoncake,16,1
312,orange,1,1
312,plum,17,1
312,blackberry,1,1
312,peach,50,1
312,cherry,1,1
312,raspberry,1,1
312,apple,1,1
312,grape,50,1
312,goldendeliciousapple,1,1
312,honeydewmelon,1,1
312,kiwi,1,1
312,greenbellpepper,1,1
312,carrot,1,1
312,peanuts,1,1
312,almonds,1,1
312,baguette,1,1
312,slicedloafbread,1,1
312,boulebread,1,1
312,ryebread,2,1
312,deliturkey,1,1
312,chickentenders,15,1
312,meatballs,1,1
312,gouda,12,1
312,swisscheese,2,1
312,potatochips,1,1
312,tortillachips,1,1
312,doritos,1,1
312,ritzcracker,1,1
312,saltinecracker,1,1
312,wheatthins,1,1
312,eggrolls,1,1
312,frenchfries,1,1
312,butteredpopcorn,1,1
312,triscuits,1,1
312,wavylays,1,1
312,chocolateicecreamcone,16,1
312,strawberryicecreamcone,1,1
312,vanillasoftservecone,1,1
312,nutrigrainbar,1,1
312,churro,1,1
312,twistdonut,1,1
312,tuilecookie,1,1
312,madeleine,1,1
312,oatmealraisincookie,1,1
312,thumprintcookie,1,1
312,sugarcookie,1,1
312,vanillawafer,1,1
312,chocolatewafer,1,1
312,chocolatebark,1,1
312,darkchocolate,51,1
312,milkchocolate,49,1
312,pocky,1,1
312,toblerone,1,1
312,lindtlindorchocolatetruffle,51,1
312,twix,1,1
312,caramel,1,1
312,peanutmms,28,1
312,brownie,9,1
312,frostedbrownie,17,1
312,lemoncake,1,1
313,orange,8,1
313,plum,55,1
313,blackberry,48,1
313,peach,38,1
313,cherry,55,1
313,raspberry,59,1
313,apple,44,1
313,grape,51,1
313,goldendeliciousapple,30,1
313,honeydewmelon,34,1
313,kiwi,34,1
313,greenbellpepper,1,1
313,carrot,14,1
313,peanuts,66,1
313,almonds,59,1
313,baguette,39,1
313,slicedloafbread,53,1
313,boulebread,25,1
313,ryebread,15,1
313,deliturkey,59,1
313,chickentenders,91,1
313,meatballs,66,1
313,gouda,33,1
313,swisscheese,32,1
313,potatochips,73,1
313,tortillachips,66,1
313,doritos,90,1
313,ritzcracker,55,1
313,saltinecracker,56,1
313,wheatthins,67,1
313,eggrolls,88,1
313,frenchfries,87,1
313,butteredpopcorn,60,1
313,triscuits,86,1
313,wavylays,58,1
313,chocolateicecreamcone,21,1
313,strawberryicecreamcone,37,1
313,vanillasoftservecone,10,1
313,nutrigrainbar,75,1
313,churro,81,1
313,twistdonut,56,1
313,tuilecookie,45,1
313,madeleine,82,1
313,oatmealraisincookie,62,1
313,thumprintcookie,60,1
313,sugarcookie,60,1
313,vanillawafer,55,1
313,chocolatewafer,77,1
313,chocolatebark,68,1
313,darkchocolate,24,1
313,milkchocolate,39,1
313,pocky,61,1
313,toblerone,68,1
313,lindtlindorchocolatetruffle,53,1
313,twix,80,1
313,caramel,62,1
313,peanutmms,76,1
313,brownie,75,1
313,frostedbrownie,87,1
313,lemoncake,18,1
314,orange,62,1
314,plum,78,1
314,blackberry,39,1
314,peach,86,1
314,cherry,69,1
314,raspberry,41,1
314,apple,38,1
314,grape,79,1
314,goldendeliciousapple,38,1
314,honeydewmelon,34,1
314,kiwi,50,1
314,greenbellpepper,6,1
314,carrot,22,1
314,peanuts,44,1
314,almonds,40,1
314,baguette,67,1
314,slicedloafbread,24,1
314,boulebread,67,1
314,ryebread,39,1
314,deliturkey,66,1
314,chickentenders,54,1
314,meatballs,36,1
314,gouda,61,1
314,swisscheese,57,1
314,potatochips,87,1
314,tortillachips,28,1
314,doritos,65,1
314,ritzcracker,41,1
314,saltinecracker,28,1
314,wheatthins,57,1
314,eggrolls,41,1
314,frenchfries,71,1
314,butteredpopcorn,65,1
314,triscuits,26,1
314,wavylays,94,1
314,chocolateicecreamcone,68,1
314,strawberryicecreamcone,87,1
314,vanillasoftservecone,67,1
314,nutrigrainbar,23,1
314,churro,77,1
314,twistdonut,64,1
314,tuilecookie,40,1
314,madeleine,41,1
314,oatmealraisincookie,59,1
314,thumprintcookie,27,1
314,sugarcookie,21,1
314,vanillawafer,11,1
314,chocolatewafer,30,1
314,chocolatebark,50,1
314,darkchocolate,68,1
314,milkchocolate,62,1
314,pocky,36,1
314,toblerone,73,1
314,lindtlindorchocolatetruffle,71,1
314,twix,87,1
314,caramel,24,1
314,peanutmms,54,1
314,brownie,71,1
314,frostedbrownie,83,1
314,lemoncake,28,1
315,orange,6,1
315,plum,11,1
315,blackberry,35,1
315,peach,35,1
315,cherry,12,1
315,raspberry,77,1
315,apple,25,1
315,grape,7,1
315,goldendeliciousapple,15,1
315,honeydewmelon,9,1
315,kiwi,79,1
315,greenbellpepper,2,1
315,carrot,3,1
315,peanuts,6,1
315,almonds,3,1
315,baguette,9,1
315,slicedloafbread,21,1
315,boulebread,9,1
315,ryebread,7,1
315,deliturkey,19,1
315,chickentenders,13,1
315,meatballs,23,1
315,gouda,2,1
315,swisscheese,2,1
315,potatochips,68,1
315,tortillachips,75,1
315,doritos,67,1
315,ritzcracker,61,1
315,saltinecracker,43,1
315,wheatthins,15,1
315,eggrolls,71,1
315,frenchfries,65,1
315,butteredpopcorn,1,1
315,triscuits,12,1
315,wavylays,43,1
315,chocolateicecreamcone,22,1
315,strawberryicecreamcone,30,1
315,vanillasoftservecone,28,1
315,nutrigrainbar,30,1
315,churro,76,1
315,twistdonut,5,1
315,tuilecookie,87,1
315,madeleine,13,1
315,oatmealraisincookie,14,1
315,thumprintcookie,20,1
315,sugarcookie,64,1
315,vanillawafer,74,1
315,chocolatewafer,32,1
315,chocolatebark,4,1
315,darkchocolate,9,1
315,milkchocolate,46,1
315,pocky,78,1
315,toblerone,10,1
315,lindtlindorchocolatetruffle,24,1
315,twix,15,1
315,caramel,13,1
315,peanutmms,22,1
315,brownie,12,1
315,frostedbrownie,31,1
315,lemoncake,17,1
316,orange,99,1
316,plum,92,1
316,blackberry,51,1
316,peach,85,1
316,cherry,85,1
316,raspberry,78,1
316,apple,76,1
316,grape,100,1
316,goldendeliciousapple,22,1
316,honeydewmelon,100,1
316,kiwi,86,1
316,greenbellpepper,57,1
316,carrot,73,1
316,peanuts,89,1
316,almonds,74,1
316,baguette,65,1
316,slicedloafbread,44,1
316,boulebread,78,1
316,ryebread,91,1
316,deliturkey,26,1
316,chickentenders,87,1
316,meatballs,72,1
316,gouda,65,1
316,swisscheese,42,1
316,potatochips,93,1
316,tortillachips,72,1
316,doritos,100,1
316,ritzcracker,41,1
316,saltinecracker,28,1
316,wheatthins,20,1
316,eggrolls,99,1
316,frenchfries,100,1
316,butteredpopcorn,66,1
316,triscuits,99,1
316,wavylays,62,1
316,chocolateicecreamcone,100,1
316,strawberryicecreamcone,99,1
316,vanillasoftservecone,99,1
316,nutrigrainbar,100,1
316,churro,99,1
316,twistdonut,92,1
316,tuilecookie,25,1
316,madeleine,100,1
316,oatmealraisincookie,74,1
316,thumprintcookie,61,1
316,sugarcookie,93,1
316,vanillawafer,49,1
316,chocolatewafer,41,1
316,chocolatebark,54,1
316,darkchocolate,99,1
316,milkchocolate,82,1
316,pocky,90,1
316,toblerone,48,1
316,lindtlindorchocolatetruffle,80,1
316,twix,87,1
316,caramel,51,1
316,peanutmms,61,1
316,brownie,85,1
316,frostedbrownie,88,1
316,lemoncake,100,1
317,orange,82,1
317,plum,86,1
317,blackberry,58,1
317,peach,64,1
317,cherry,71,1
317,raspberry,68,1
317,apple,65,1
317,grape,89,1
317,goldendeliciousapple,71,1
317,honeydewmelon,76,1
317,kiwi,35,1
317,greenbellpepper,16,1
317,carrot,75,1
317,peanuts,78,1
317,almonds,65,1
317,baguette,53,1
317,slicedloafbread,40,1
317,boulebread,79,1
317,ryebread,58,1
317,deliturkey,47,1
317,chickentenders,67,1
317,meatballs,45,1
317,gouda,77,1
317,swisscheese,66,1
317,potatochips,35,1
317,tortillachips,73,1
317,doritos,45,1
317,ritzcracker,40,1
317,saltinecracker,40,1
317,wheatthins,38,1
317,eggrolls,63,1
317,frenchfries,29,1
317,butteredpopcorn,47,1
317,triscuits,39,1
317,wavylays,36,1
317,chocolateicecreamcone,78,1
317,strawberryicecreamcone,38,1
317,vanillasoftservecone,23,1
317,nutrigrainbar,67,1
317,churro,68,1
317,twistdonut,55,1
317,tuilecookie,51,1
317,madeleine,40,1
317,oatmealraisincookie,70,1
317,thumprintcookie,67,1
317,sugarcookie,38,1
317,vanillawafer,25,1
317,chocolatewafer,32,1
317,chocolatebark,78,1
317,darkchocolate,26,1
317,milkchocolate,44,1
317,pocky,57,1
317,toblerone,44,1
317,lindtlindorchocolatetruffle,78,1
317,twix,74,1
317,caramel,63,1
317,peanutmms,62,1
317,brownie,71,1
317,frostedbrownie,68,1
317,lemoncake,50,1
318,orange,71,1
318,plum,39,1
318,blackberry,23,1
318,peach,16,1
318,cherry,52,1
318,raspberry,11,1
318,apple,32,1
318,grape,46,1
318,goldendeliciousapple,27,1
318,honeydewmelon,48,1
318,kiwi,69,1
318,greenbellpepper,1,1
318,carrot,2,1
318,peanuts,3,1
318,almonds,58,1
318,baguette,6,1
318,slicedloafbread,3,1
318,boulebread,8,1
318,ryebread,3,1
318,deliturkey,45,1
318,chickentenders,83,1
318,meatballs,53,1
318,gouda,41,1
318,swisscheese,40,1
318,potatochips,65,1
318,tortillachips,3,1
318,doritos,19,1
318,ritzcracker,15,1
318,saltinecracker,7,1
318,wheatthins,10,1
318,eggrolls,88,1
318,frenchfries,96,1
318,butteredpopcorn,33,1
318,triscuits,2,1
318,wavylays,63,1
318,chocolateicecreamcone,56,1
318,strawberryicecreamcone,16,1
318,vanillasoftservecone,47,1
318,nutrigrainbar,22,1
318,churro,98,1
318,twistdonut,84,1
318,tuilecookie,53,1
318,madeleine,33,1
318,oatmealraisincookie,47,1
318,thumprintcookie,20,1
318,sugarcookie,26,1
318,vanillawafer,28,1
318,chocolatewafer,41,1
318,chocolatebark,95,1
318,darkchocolate,62,1
318,milkchocolate,43,1
318,pocky,7,1
318,toblerone,21,1
318,lindtlindorchocolatetruffle,41,1
318,twix,24,1
318,caramel,19,1
318,peanutmms,38,1
318,brownie,42,1
318,frostedbrownie,35,1
318,lemoncake,4,1
319,orange,89,1
319,plum,72,1
319,blackberry,31,1
319,peach,91,1
319,cherry,33,1
319,raspberry,68,1
319,apple,15,1
319,grape,39,1
319,goldendeliciousapple,10,1
319,honeydewmelon,61,1
319,kiwi,92,1
319,greenbellpepper,19,1
319,carrot,13,1
319,peanuts,38,1
319,almonds,15,1
319,baguette,1,1
319,slicedloafbread,6,1
319,boulebread,4,1
319,ryebread,4,1
319,deliturkey,89,1
319,chickentenders,97,1
319,meatballs,66,1
319,gouda,1,1
319,swisscheese,39,1
319,potatochips,69,1
319,tortillachips,53,1
319,doritos,30,1
319,ritzcracker,41,1
319,saltinecracker,18,1
319,wheatthins,20,1
319,eggrolls,86,1
319,frenchfries,85,1
319,butteredpopcorn,53,1
319,triscuits,3,1
319,wavylays,54,1
319,chocolateicecreamcone,40,1
319,strawberryicecreamcone,8,1
319,vanillasoftservecone,7,1
319,nutrigrainbar,12,1
319,churro,3,1
319,twistdonut,3,1
319,tuilecookie,3,1
319,madeleine,7,1
319,oatmealraisincookie,19,1
319,thumprintcookie,10,1
319,sugarcookie,7,1
319,vanillawafer,5,1
319,chocolatewafer,1,1
319,chocolatebark,3,1
319,darkchocolate,4,1
319,milkchocolate,5,1
319,pocky,26,1
319,toblerone,4,1
319,lindtlindorchocolatetruffle,10,1
319,twix,3,1
319,caramel,1,1
319,peanutmms,40,1
319,brownie,13,1
319,frostedbrownie,7,1
319,lemoncake,6,1
320,orange,55,1
320,plum,78,1
320,blackberry,79,1
320,peach,66,1
320,cherry,3,1
320,raspberry,61,1
320,apple,97,1
320,grape,92,1
320,goldendeliciousapple,93,1
320,honeydewmelon,69,1
320,kiwi,1,1
320,greenbellpepper,27,1
320,carrot,88,1
320,peanuts,64,1
320,almonds,84,1
320,baguette,31,1
320,slicedloafbread,31,1
320,boulebread,12,1
320,ryebread,38,1
320,deliturkey,1,1
320,chickentenders,1,1
320,meatballs,1,1
320,gouda,1,1
320,swisscheese,2,1
320,potatochips,1,1
320,tortillachips,22,1
320,doritos,1,1
320,ritzcracker,1,1
320,saltinecracker,19,1
320,wheatthins,17,1
320,eggrolls,1,1
320,frenchfries,1,1
320,butteredpopcorn,21,1
320,triscuits,27,1
320,wavylays,13,1
320,chocolateicecreamcone,1,1
320,strawberryicecreamcone,6,1
320,vanillasoftservecone,1,1
320,nutrigrainbar,10,1
320,churro,1,1
320,twistdonut,1,1
320,tuilecookie,1,1
320,madeleine,14,1
320,oatmealraisincookie,40,1
320,thumprintcookie,1,1
320,sugarcookie,33,1
320,vanillawafer,1,1
320,chocolatewafer,19,1
320,chocolatebark,1,1
320,darkchocolate,1,1
320,milkchocolate,1,1
320,pocky,1,1
320,toblerone,1,1
320,lindtlindorchocolatetruffle,1,1
320,twix,1,1
320,caramel,1,1
320,peanutmms,1,1
320,brownie,1,1
320,frostedbrownie,1,1
320,lemoncake,1,1
321,orange,80,1
321,plum,63,1
321,blackberry,81,1
321,peach,84,1
321,cherry,43,1
321,raspberry,80,1
321,apple,79,1
321,grape,92,1
321,goldendeliciousapple,97,1
321,honeydewmelon,87,1
321,kiwi,73,1
321,greenbellpepper,75,1
321,carrot,89,1
321,peanuts,73,1
321,almonds,70,1
321,baguette,80,1
321,slicedloafbread,37,1
321,boulebread,71,1
321,ryebread,71,1
321,deliturkey,36,1
321,chickentenders,36,1
321,meatballs,37,1
321,gouda,65,1
321,swisscheese,69,1
321,potatochips,44,1
321,tortillachips,71,1
321,doritos,60,1
321,ritzcracker,86,1
321,saltinecracker,45,1
321,wheatthins,63,1
321,eggrolls,72,1
321,frenchfries,26,1
321,butteredpopcorn,79,1
321,triscuits,38,1
321,wavylays,42,1
321,chocolateicecreamcone,33,1
321,strawberryicecreamcone,27,1
321,vanillasoftservecone,39,1
321,nutrigrainbar,79,1
321,churro,40,1
321,twistdonut,32,1
321,tuilecookie,80,1
321,madeleine,76,1
321,oatmealraisincookie,43,1
321,thumprintcookie,75,1
321,sugarcookie,38,1
321,vanillawafer,68,1
321,chocolatewafer,33,1
321,chocolatebark,34,1
321,darkchocolate,75,1
321,milkchocolate,44,1
321,pocky,63,1
321,toblerone,38,1
321,lindtlindorchocolatetruffle,40,1
321,twix,37,1
321,caramel,33,1
321,peanutmms,38,1
321,brownie,44,1
321,frostedbrownie,24,1
321,lemoncake,37,1
322,orange,74,1
322,plum,18,1
322,blackberry,54,1
322,peach,70,1
322,cherry,1,1
322,raspberry,32,1
322,apple,66,1
322,grape,57,1
322,goldendeliciousapple,22,1
322,honeydewmelon,48,1
322,kiwi,47,1
322,greenbellpepper,28,1
322,carrot,61,1
322,peanuts,80,1
322,almonds,89,1
322,baguette,73,1
322,slicedloafbread,71,1
322,boulebread,73,1
322,ryebread,83,1
322,deliturkey,44,1
322,chickentenders,84,1
322,meatballs,48,1
322,gouda,47,1
322,swisscheese,65,1
322,potatochips,73,1
322,tortillachips,53,1
322,doritos,58,1
322,ritzcracker,9,1
322,saltinecracker,25,1
322,wheatthins,31,1
322,eggrolls,64,1
322,frenchfries,75,1
322,butteredpopcorn,58,1
322,triscuits,29,1
322,wavylays,69,1
322,chocolateicecreamcone,67,1
322,strawberryicecreamcone,57,1
322,vanillasoftservecone,43,1
322,nutrigrainbar,20,1
322,churro,73,1
322,twistdonut,65,1
322,tuilecookie,56,1
322,madeleine,42,1
322,oatmealraisincookie,32,1
322,thumprintcookie,16,1
322,sugarcookie,52,1
322,vanillawafer,1,1
322,chocolatewafer,29,1
322,chocolatebark,62,1
322,darkchocolate,58,1
322,milkchocolate,46,1
322,pocky,29,1
322,toblerone,58,1
322,lindtlindorchocolatetruffle,18,1
322,twix,41,1
322,caramel,17,1
322,peanutmms,70,1
322,brownie,40,1
322,frostedbrownie,43,1
322,lemoncake,23,1
323,orange,52,1
323,plum,72,1
323,blackberry,8,1
323,peach,60,1
323,cherry,24,1
323,raspberry,4,1
323,apple,22,1
323,grape,35,1
323,goldendeliciousapple,14,1
323,honeydewmelon,57,1
323,kiwi,34,1
323,greenbellpepper,1,1
323,carrot,3,1
323,peanuts,11,1
323,almonds,7,1
323,baguette,51,1
323,slicedloafbread,6,1
323,boulebread,48,1
323,ryebread,64,1
323,deliturkey,41,1
323,chickentenders,41,1
323,meatballs,74,1
323,gouda,55,1
323,swisscheese,41,1
323,potatochips,58,1
323,tortillachips,4,1
323,doritos,10,1
323,ritzcracker,4,1
323,saltinecracker,44,1
323,wheatthins,68,1
323,eggrolls,69,1
323,frenchfries,40,1
323,butteredpopcorn,17,1
323,triscuits,53,1
323,wavylays,62,1
323,chocolateicecreamcone,69,1
323,strawberryicecreamcone,52,1
323,vanillasoftservecone,87,1
323,nutrigrainbar,19,1
323,churro,87,1
323,twistdonut,69,1
323,tuilecookie,34,1
323,madeleine,68,1
323,oatmealraisincookie,12,1
323,thumprintcookie,41,1
323,sugarcookie,60,1
323,vanillawafer,10,1
323,chocolatewafer,36,1
323,chocolatebark,76,1
323,darkchocolate,60,1
323,milkchocolate,78,1
323,pocky,70,1
323,toblerone,87,1
323,lindtlindorchocolatetruffle,18,1
323,twix,77,1
323,caramel,57,1
323,peanutmms,29,1
323,brownie,60,1
323,frostedbrownie,92,1
323,lemoncake,90,1
324,orange,83,1
324,plum,75,1
324,blackberry,67,1
324,peach,78,1
324,cherry,28,1
324,raspberry,73,1
324,apple,81,1
324,grape,85,1
324,goldendeliciousapple,88,1
324,honeydewmelon,70,1
324,kiwi,88,1
324,greenbellpepper,33,1
324,carrot,85,1
324,peanuts,98,1
324,almonds,66,1
324,baguette,65,1
324,slicedloafbread,67,1
324,boulebread,72,1
324,ryebread,79,1
324,deliturkey,74,1
324,chickentenders,91,1
324,meatballs,48,1
324,gouda,35,1
324,swisscheese,70,1
324,potatochips,66,1
324,tortillachips,73,1
324,doritos,64,1
324,ritzcracker,58,1
324,saltinecracker,84,1
324,wheatthins,70,1
324,eggrolls,66,1
324,frenchfries,68,1
324,butteredpopcorn,74,1
324,triscuits,88,1
324,wavylays,55,1
324,chocolateicecreamcone,5,1
324,strawberryicecreamcone,7,1
324,vanillasoftservecone,5,1
324,nutrigrainbar,29,1
324,churro,24,1
324,twistdonut,36,1
324,tuilecookie,18,1
324,madeleine,46,1
324,oatmealraisincookie,25,1
324,thumprintcookie,22,1
324,sugarcookie,9,1
324,vanillawafer,13,1
324,chocolatewafer,33,1
324,chocolatebark,8,1
324,darkchocolate,10,1
324,milkchocolate,24,1
324,pocky,1,1
324,toblerone,23,1
324,lindtlindorchocolatetruffle,13,1
324,twix,13,1
324,caramel,25,1
324,peanutmms,12,1
324,brownie,37,1
324,frostedbrownie,13,1
324,lemoncake,27,1
325,orange,7,1
325,plum,7,1
325,blackberry,25,1
325,peach,3,1
325,cherry,59,1
325,raspberry,49,1
325,apple,40,1
325,grape,27,1
325,goldendeliciousapple,9,1
325,honeydewmelon,7,1
325,kiwi,7,1
325,greenbellpepper,1,1
325,carrot,8,1
325,peanuts,3,1
325,almonds,74,1
325,baguette,24,1
325,slicedloafbread,35,1
325,boulebread,9,1
325,ryebread,22,1
325,deliturkey,11,1
325,chickentenders,26,1
325,meatballs,10,1
325,gouda,10,1
325,swisscheese,21,1
325,potatochips,29,1
325,tortillachips,10,1
325,doritos,30,1
325,ritzcracker,56,1
325,saltinecracker,51,1
325,wheatthins,17,1
325,eggrolls,8,1
325,frenchfries,73,1
325,butteredpopcorn,28,1
325,triscuits,50,1
325,wavylays,44,1
325,chocolateicecreamcone,12,1
325,strawberryicecreamcone,2,1
325,vanillasoftservecone,50,1
325,nutrigrainbar,5,1
325,churro,6,1
325,twistdonut,15,1
325,tuilecookie,7,1
325,madeleine,10,1
325,oatmealraisincookie,32,1
325,thumprintcookie,61,1
325,sugarcookie,62,1
325,vanillawafer,41,1
325,chocolatewafer,63,1
325,chocolatebark,33,1
325,darkchocolate,51,1
325,milkchocolate,38,1
325,pocky,81,1
325,toblerone,51,1
325,lindtlindorchocolatetruffle,28,1
325,twix,82,1
325,caramel,17,1
325,peanutmms,81,1
325,brownie,17,1
325,frostedbrownie,26,1
325,lemoncake,3,1
326,orange,100,1
326,plum,73,1
326,blackberry,51,1
326,peach,100,1
326,cherry,75,1
326,raspberry,50,1
326,apple,100,1
326,grape,51,1
326,goldendeliciousapple,76,1
326,honeydewmelon,51,1
326,kiwi,52,1
326,greenbellpepper,25,1
326,carrot,1,1
326,peanuts,74,1
326,almonds,76,1
326,baguette,51,1
326,slicedloafbread,50,1
326,boulebread,51,1
326,ryebread,51,1
326,deliturkey,25,1
326,chickentenders,51,1
326,meatballs,27,1
326,gouda,74,1
326,swisscheese,75,1
326,potatochips,77,1
326,tortillachips,51,1
326,doritos,75,1
326,ritzcracker,51,1
326,saltinecracker,50,1
326,wheatthins,51,1
326,eggrolls,25,1
326,frenchfries,75,1
326,butteredpopcorn,76,1
326,triscuits,51,1
326,wavylays,74,1
326,chocolateicecreamcone,100,1
326,strawberryicecreamcone,50,1
326,vanillasoftservecone,100,1
326,nutrigrainbar,25,1
326,churro,50,1
326,twistdonut,51,1
326,tuilecookie,75,1
326,madeleine,76,1
326,oatmealraisincookie,51,1
326,thumprintcookie,51,1
326,sugarcookie,50,1
326,vanillawafer,50,1
326,chocolatewafer,73,1
326,chocolatebark,50,1
326,darkchocolate,51,1
326,milkchocolate,51,1
326,pocky,78,1
326,toblerone,51,1
326,lindtlindorchocolatetruffle,50,1
326,twix,72,1
326,caramel,25,1
326,peanutmms,51,1
326,brownie,75,1
326,frostedbrownie,76,1
326,lemoncake,27,1
327,orange,53,1
327,plum,60,1
327,blackberry,64,1
327,peach,68,1
327,cherry,71,1
327,raspberry,55,1
327,apple,48,1
327,grape,37,1
327,goldendeliciousapple,44,1
327,honeydewmelon,28,1
327,kiwi,42,1
327,greenbellpepper,42,1
327,carrot,11,1
327,peanuts,49,1
327,almonds,64,1
327,baguette,41,1
327,slicedloafbread,1,1
327,boulebread,52,1
327,ryebread,52,1
327,deliturkey,36,1
327,chickentenders,51,1
327,meatballs,62,1
327,gouda,35,1
327,swisscheese,42,1
327,potatochips,47,1
327,tortillachips,55,1
327,doritos,30,1
327,ritzcracker,38,1
327,saltinecracker,42,1
327,wheatthins,46,1
327,eggrolls,100,1
327,frenchfries,38,1
327,butteredpopcorn,11,1
327,triscuits,18,1
327,wavylays,47,1
327,chocolateicecreamcone,49,1
327,strawberryicecreamcone,1,1
327,vanillasoftservecone,48,1
327,nutrigrainbar,1,1
327,churro,68,1
327,twistdonut,51,1
327,tuilecookie,48,1
327,madeleine,1,1
327,oatmealraisincookie,83,1
327,thumprintcookie,45,1
327,sugarcookie,35,1
327,vanillawafer,55,1
327,chocolatewafer,18,1
327,chocolatebark,59,1
327,darkchocolate,66,1
327,milkchocolate,92,1
327,pocky,21,1
327,toblerone,74,1
327,lindtlindorchocolatetruffle,82,1
327,twix,75,1
327,caramel,8,1
327,peanutmms,49,1
327,brownie,90,1
327,frostedbrownie,75,1
327,lemoncake,55,1
328,orange,7,1
328,plum,21,1
328,blackberry,19,1
328,peach,48,1
328,cherry,12,1
328,raspberry,64,1
328,apple,42,1
328,grape,27,1
328,goldendeliciousapple,31,1
328,honeydewmelon,30,1
328,kiwi,47,1
328,greenbellpepper,34,1
328,carrot,21,1
328,peanuts,30,1
328,almonds,46,1
328,baguette,59,1
328,slicedloafbread,17,1
328,boulebread,62,1
328,ryebread,58,1
328,deliturkey,2,1
328,chickentenders,17,1
328,meatballs,18,1
328,gouda,50,1
328,swisscheese,39,1
328,potatochips,18,1
328,tortillachips,50,1
328,doritos,31,1
328,ritzcracker,33,1
328,saltinecracker,9,1
328,wheatthins,52,1
328,eggrolls,17,1
328,frenchfries,33,1
328,butteredpopcorn,21,1
328,triscuits,45,1
328,wavylays,25,1
328,chocolateicecreamcone,8,1
328,strawberryicecreamcone,27,1
328,vanillasoftservecone,16,1
328,nutrigrainbar,64,1
328,churro,7,1
328,twistdonut,38,1
328,tuilecookie,26,1
328,madeleine,20,1
328,oatmealraisincookie,7,1
328,thumprintcookie,45,1
328,sugarcookie,29,1
328,vanillawafer,25,1
328,chocolatewafer,23,1
328,chocolatebark,37,1
328,darkchocolate,18,1
328,milkchocolate,27,1
328,pocky,41,1
328,toblerone,23,1
328,lindtlindorchocolatetruffle,25,1
328,twix,30,1
328,caramel,18,1
328,peanutmms,15,1
328,brownie,16,1
328,frostedbrownie,23,1
328,lemoncake,17,1
329,orange,74,1
329,plum,62,1
329,blackberry,83,1
329,peach,78,1
329,cherry,77,1
329,raspberry,64,1
329,apple,2,1
329,grape,77,1
329,goldendeliciousapple,39,1
329,honeydewmelon,50,1
329,kiwi,3,1
329,greenbellpepper,3,1
329,carrot,3,1
329,peanuts,51,1
329,almonds,2,1
329,baguette,62,1
329,slicedloafbread,2,1
329,boulebread,57,1
329,ryebread,64,1
329,deliturkey,67,1
329,chickentenders,3,1
329,meatballs,1,1
329,gouda,2,1
329,swisscheese,88,1
329,potatochips,29,1
329,tortillachips,13,1
329,doritos,21,1
329,ritzcracker,23,1
329,saltinecracker,39,1
329,wheatthins,51,1
329,eggrolls,2,1
329,frenchfries,2,1
329,butteredpopcorn,49,1
329,triscuits,22,1
329,wavylays,28,1
329,chocolateicecreamcone,24,1
329,strawberryicecreamcone,62,1
329,vanillasoftservecone,58,1
329,nutrigrainbar,2,1
329,churro,2,1
329,twistdonut,60,1
329,tuilecookie,65,1
329,madeleine,53,1
329,oatmealraisincookie,61,1
329,thumprintcookie,2,1
329,sugarcookie,2,1
329,vanillawafer,21,1
329,chocolatewafer,28,1
329,chocolatebark,27,1
329,darkchocolate,81,1
329,milkchocolate,86,1
329,pocky,2,1
329,toblerone,69,1
329,lindtlindorchocolatetruffle,77,1
329,twix,3,1
329,caramel,3,1
329,peanutmms,78,1
329,brownie,33,1
329,frostedbrownie,2,1
329,lemoncake,2,1
330,orange,66,1
330,plum,57,1
330,blackberry,79,1
330,peach,49,1
330,cherry,62,1
330,raspberry,92,1
330,apple,54,1
330,grape,89,1
330,goldendeliciousapple,39,1
330,honeydewmelon,71,1
330,kiwi,81,1
330,greenbellpepper,5,1
330,carrot,11,1
330,peanuts,87,1
330,almonds,91,1
330,baguette,90,1
330,slicedloafbread,52,1
330,boulebread,85,1
330,ryebread,85,1
330,deliturkey,49,1
330,chickentenders,72,1
330,meatballs,25,1
330,gouda,69,1
330,swisscheese,70,1
330,potatochips,97,1
330,tortillachips,90,1
330,doritos,86,1
330,ritzcracker,37,1
330,saltinecracker,11,1
330,wheatthins,24,1
330,eggrolls,86,1
330,frenchfries,91,1
330,butteredpopcorn,99,1
330,triscuits,20,1
330,wavylays,96,1
330,chocolateicecreamcone,78,1
330,strawberryicecreamcone,62,1
330,vanillasoftservecone,63,1
330,nutrigrainbar,69,1
330,churro,95,1
330,twistdonut,81,1
330,tuilecookie,89,1
330,madeleine,18,1
330,oatmealraisincookie,22,1
330,thumprintcookie,12,1
330,sugarcookie,6,1
330,vanillawafer,36,1
330,chocolatewafer,28,1
330,chocolatebark,72,1
330,darkchocolate,86,1
330,milkchocolate,73,1
330,pocky,39,1
330,toblerone,92,1
330,lindtlindorchocolatetruffle,83,1
330,twix,27,1
330,caramel,40,1
330,peanutmms,90,1
330,brownie,60,1
330,frostedbrownie,91,1
330,lemoncake,33,1
331,orange,76,1
331,plum,63,1
331,blackberry,64,1
331,peach,93,1
331,cherry,50,1
331,raspberry,66,1
331,apple,77,1
331,grape,74,1
331,goldendeliciousapple,71,1
331,honeydewmelon,79,1
331,kiwi,2,1
331,greenbellpepper,52,1
331,carrot,32,1
331,peanuts,77,1
331,almonds,78,1
331,baguette,67,1
331,slicedloafbread,51,1
331,boulebread,58,1
331,ryebread,47,1
331,deliturkey,71,1
331,chickentenders,89,1
331,meatballs,71,1
331,gouda,78,1
331,swisscheese,85,1
331,potatochips,69,1
331,tortillachips,58,1
331,doritos,74,1
331,ritzcracker,64,1
331,saltinecracker,66,1
331,wheatthins,82,1
331,eggrolls,78,1
331,frenchfries,99,1
331,butteredpopcorn,61,1
331,triscuits,52,1
331,wavylays,66,1
331,chocolateicecreamcone,80,1
331,strawberryicecreamcone,81,1
331,vanillasoftservecone,87,1
331,nutrigrainbar,87,1
331,churro,80,1
331,twistdonut,84,1
331,tuilecookie,79,1
331,madeleine,93,1
331,oatmealraisincookie,98,1
331,thumprintcookie,93,1
331,sugarcookie,77,1
331,vanillawafer,83,1
331,chocolatewafer,74,1
331,chocolatebark,80,1
331,darkchocolate,88,1
331,milkchocolate,87,1
331,pocky,90,1
331,toblerone,83,1
331,lindtlindorchocolatetruffle,85,1
331,twix,98,1
331,caramel,96,1
331,peanutmms,80,1
331,brownie,92,1
331,frostedbrownie,80,1
331,lemoncake,73,1
332,orange,42,1
332,plum,28,1
332,blackberry,32,1
332,peach,36,1
332,cherry,22,1
332,raspberry,28,1
332,apple,51,1
332,grape,30,1
332,goldendeliciousapple,46,1
332,honeydewmelon,14,1
332,kiwi,2,1
332,greenbellpepper,2,1
332,carrot,13,1
332,peanuts,58,1
332,almonds,43,1
332,baguette,17,1
332,slicedloafbread,6,1
332,boulebread,20,1
332,ryebread,5,1
332,deliturkey,25,1
332,chickentenders,40,1
332,meatballs,18,1
332,gouda,39,1
332,swisscheese,35,1
332,potatochips,54,1
332,tortillachips,31,1
332,doritos,25,1
332,ritzcracker,57,1
332,saltinecracker,19,1
332,wheatthins,17,1
332,eggrolls,52,1
332,frenchfries,49,1
332,butteredpopcorn,50,1
332,triscuits,8,1
332,wavylays,48,1
332,chocolateicecreamcone,82,1
332,strawberryicecreamcone,82,1
332,vanillasoftservecone,62,1
332,nutrigrainbar,29,1
332,churro,26,1
332,twistdonut,16,1
332,tuilecookie,10,1
332,madeleine,17,1
332,oatmealraisincookie,58,1
332,thumprintcookie,25,1
332,sugarcookie,14,1
332,vanillawafer,38,1
332,chocolatewafer,69,1
332,chocolatebark,98,1
332,darkchocolate,66,1
332,milkchocolate,67,1
332,pocky,53,1
332,toblerone,75,1
332,lindtlindorchocolatetruffle,65,1
332,twix,56,1
332,caramel,41,1
332,peanutmms,54,1
332,brownie,45,1
332,frostedbrownie,79,1
332,lemoncake,23,1
333,orange,33,1
333,plum,29,1
333,blackberry,67,1
333,peach,51,1
333,cherry,80,1
333,raspberry,1,1
333,apple,45,1
333,grape,10,1
333,goldendeliciousapple,6,1
333,honeydewmelon,1,1
333,kiwi,20,1
333,greenbellpepper,1,1
333,carrot,1,1
333,peanuts,8,1
333,almonds,20,1
333,baguette,79,1
333,slicedloafbread,74,1
333,boulebread,91,1
333,ryebread,72,1
333,deliturkey,32,1
333,chickentenders,82,1
333,meatballs,50,1
333,gouda,1,1
333,swisscheese,1,1
333,potatochips,76,1
333,tortillachips,73,1
333,doritos,68,1
333,ritzcracker,63,1
333,saltinecracker,66,1
333,wheatthins,65,1
333,eggrolls,20,1
333,frenchfries,74,1
333,butteredpopcorn,63,1
333,triscuits,29,1
333,wavylays,80,1
333,chocolateicecreamcone,73,1
333,strawberryicecreamcone,84,1
333,vanillasoftservecone,93,1
333,nutrigrainbar,36,1
333,churro,83,1
333,twistdonut,49,1
333,tuilecookie,54,1
333,madeleine,76,1
333,oatmealraisincookie,25,1
333,thumprintcookie,29,1
333,sugarcookie,71,1
333,vanillawafer,80,1
333,chocolatewafer,93,1
333,chocolatebark,89,1
333,darkchocolate,74,1
333,milkchocolate,77,1
333,pocky,1,1
333,toblerone,81,1
333,lindtlindorchocolatetruffle,69,1
333,twix,82,1
333,caramel,50,1
333,peanutmms,86,1
333,brownie,78,1
333,frostedbrownie,100,1
333,lemoncake,90,1
334,orange,18,1
334,plum,32,1
334,blackberry,18,1
334,peach,33,1
334,cherry,26,1
334,raspberry,17,1
334,apple,34,1
334,grape,31,1
334,goldendeliciousapple,25,1
334,honeydewmelon,10,1
334,kiwi,38,1
334,greenbellpepper,17,1
334,carrot,24,1
334,peanuts,29,1
334,almonds,37,1
334,baguette,43,1
334,slicedloafbread,45,1
334,boulebread,44,1
334,ryebread,28,1
334,deliturkey,51,1
334,chickentenders,62,1
334,meatballs,64,1
334,gouda,35,1
334,swisscheese,44,1
334,potatochips,36,1
334,tortillachips,34,1
334,doritos,36,1
334,ritzcracker,34,1
334,saltinecracker,40,1
334,wheatthins,38,1
334,eggrolls,42,1
334,frenchfries,34,1
334,butteredpopcorn,36,1
334,triscuits,24,1
334,wavylays,36,1
334,chocolateicecreamcone,47,1
334,strawberryicecreamcone,49,1
334,vanillasoftservecone,47,1
334,nutrigrainbar,24,1
334,churro,32,1
334,twistdonut,33,1
334,tuilecookie,35,1
334,madeleine,40,1
334,oatmealraisincookie,13,1
334,thumprintcookie,35,1
334,sugarcookie,38,1
334,vanillawafer,42,1
334,chocolatewafer,43,1
334,chocolatebark,35,1
334,darkchocolate,34,1
334,milkchocolate,44,1
334,pocky,44,1
334,toblerone,37,1
334,lindtlindorchocolatetruffle,39,1
334,twix,43,1
334,caramel,31,1
334,peanutmms,37,1
334,brownie,55,1
334,frostedbrownie,56,1
334,lemoncake,46,1
335,orange,8,1
335,plum,27,1
335,blackberry,31,1
335,peach,18,1
335,cherry,44,1
335,raspberry,33,1
335,apple,38,1
335,grape,16,1
335,goldendeliciousapple,44,1
335,honeydewmelon,36,1
335,kiwi,36,1
335,greenbellpepper,1,1
335,carrot,12,1
335,peanuts,96,1
335,almonds,97,1
335,baguette,85,1
335,slicedloafbread,63,1
335,boulebread,80,1
335,ryebread,70,1
335,deliturkey,19,1
335,chickentenders,34,1
335,meatballs,56,1
335,gouda,97,1
335,swisscheese,94,1
335,potatochips,25,1
335,tortillachips,61,1
335,doritos,57,1
335,ritzcracker,44,1
335,saltinecracker,50,1
335,wheatthins,70,1
335,eggrolls,18,1
335,frenchfries,43,1
335,butteredpopcorn,34,1
335,triscuits,64,1
335,wavylays,38,1
335,chocolateicecreamcone,23,1
335,strawberryicecreamcone,29,1
335,vanillasoftservecone,23,1
335,nutrigrainbar,60,1
335,churro,49,1
335,twistdonut,60,1
335,tuilecookie,26,1
335,madeleine,31,1
335,oatmealraisincookie,59,1
335,thumprintcookie,37,1
335,sugarcookie,54,1
335,vanillawafer,5,1
335,chocolatewafer,15,1
335,chocolatebark,13,1
335,darkchocolate,57,1
335,milkchocolate,21,1
335,pocky,20,1
335,toblerone,25,1
335,lindtlindorchocolatetruffle,33,1
335,twix,36,1
335,caramel,14,1
335,peanutmms,60,1
335,brownie,55,1
335,frostedbrownie,60,1
335,lemoncake,10,1
336,orange,57,1
336,plum,17,1
336,blackberry,3,1
336,peach,49,1
336,cherry,14,1
336,raspberry,3,1
336,apple,33,1
336,grape,27,1
336,goldendeliciousapple,46,1
336,honeydewmelon,2,1
336,kiwi,2,1
336,greenbellpepper,2,1
336,carrot,2,1
336,peanuts,27,1
336,almonds,2,1
336,baguette,18,1
336,slicedloafbread,12,1
336,boulebread,11,1
336,ryebread,2,1
336,deliturkey,10,1
336,chickentenders,65,1
336,meatballs,99,1
336,gouda,5,1
336,swisscheese,40,1
336,potatochips,80,1
336,tortillachips,12,1
336,doritos,13,1
336,ritzcracker,27,1
336,saltinecracker,29,1
336,wheatthins,32,1
336,eggrolls,76,1
336,frenchfries,83,1
336,butteredpopcorn,5,1
336,triscuits,1,1
336,wavylays,49,1
336,chocolateicecreamcone,40,1
336,strawberryicecreamcone,13,1
336,vanillasoftservecone,94,1
336,nutrigrainbar,3,1
336,churro,75,1
336,twistdonut,99,1
336,tuilecookie,8,1
336,madeleine,77,1
336,oatmealraisincookie,94,1
336,thumprintcookie,54,1
336,sugarcookie,91,1
336,vanillawafer,2,1
336,chocolatewafer,2,1
336,chocolatebark,6,1
336,darkchocolate,82,1
336,milkchocolate,95,1
336,pocky,1,1
336,toblerone,37,1
336,lindtlindorchocolatetruffle,54,1
336,twix,2,1
336,caramel,3,1
336,peanutmms,35,1
336,brownie,77,1
336,frostedbrownie,81,1
336,lemoncake,68,1
337,orange,81,1
337,plum,13,1
337,blackberry,61,1
337,peach,8,1
337,cherry,71,1
337,raspberry,65,1
337,apple,74,1
337,grape,86,1
337,goldendeliciousapple,16,1
337,honeydewmelon,22,1
337,kiwi,10,1
337,greenbellpepper,6,1
337,carrot,9,1
337,peanuts,98,1
337,almonds,54,1
337,baguette,95,1
337,slicedloafbread,95,1
337,boulebread,71,1
337,ryebread,49,1
337,deliturkey,72,1
337,chickentenders,85,1
337,meatballs,87,1
337,gouda,80,1
337,swisscheese,92,1
337,potatochips,83,1
337,tortillachips,80,1
337,doritos,91,1
337,ritzcracker,93,1
337,saltinecracker,93,1
337,wheatthins,69,1
337,eggrolls,91,1
337,frenchfries,72,1
337,butteredpopcorn,71,1
337,triscuits,99,1
337,wavylays,83,1
337,chocolateicecreamcone,94,1
337,strawberryicecreamcone,92,1
337,vanillasoftservecone,98,1
337,nutrigrainbar,78,1
337,churro,82,1
337,twistdonut,81,1
337,tuilecookie,88,1
337,madeleine,92,1
337,oatmealraisincookie,98,1
337,thumprintcookie,95,1
337,sugarcookie,93,1
337,vanillawafer,86,1
337,chocolatewafer,84,1
337,chocolatebark,87,1
337,darkchocolate,95,1
337,milkchocolate,87,1
337,pocky,85,1
337,toblerone,100,1
337,lindtlindorchocolatetruffle,100,1
337,twix,100,1
337,caramel,73,1
337,peanutmms,78,1
337,brownie,94,1
337,frostedbrownie,94,1
337,lemoncake,99,1
338,orange,77,1
338,plum,80,1
338,blackberry,68,1
338,peach,82,1
338,cherry,99,1
338,raspberry,82,1
338,apple,82,1
338,grape,75,1
338,goldendeliciousapple,79,1
338,honeydewmelon,68,1
338,kiwi,59,1
338,greenbellpepper,75,1
338,carrot,75,1
338,peanuts,67,1
338,almonds,100,1
338,baguette,80,1
338,slicedloafbread,50,1
338,boulebread,73,1
338,ryebread,77,1
338,deliturkey,74,1
338,chickentenders,70,1
338,meatballs,69,1
338,gouda,71,1
338,swisscheese,70,1
338,potatochips,98,1
338,tortillachips,74,1
338,doritos,72,1
338,ritzcracker,55,1
338,saltinecracker,74,1
338,wheatthins,77,1
338,eggrolls,75,1
338,frenchfries,99,1
338,butteredpopcorn,100,1
338,triscuits,99,1
338,wavylays,100,1
338,chocolateicecreamcone,99,1
338,strawberryicecreamcone,99,1
338,vanillasoftservecone,100,1
338,nutrigrainbar,73,1
338,churro,76,1
338,twistdonut,100,1
338,tuilecookie,100,1
338,madeleine,79,1
338,oatmealraisincookie,74,1
338,thumprintcookie,65,1
338,sugarcookie,69,1
338,vanillawafer,74,1
338,chocolatewafer,100,1
338,chocolatebark,99,1
338,darkchocolate,98,1
338,milkchocolate,99,1
338,pocky,99,1
338,toblerone,87,1
338,lindtlindorchocolatetruffle,99,1
338,twix,98,1
338,caramel,98,1
338,peanutmms,98,1
338,brownie,78,1
338,frostedbrownie,99,1
338,lemoncake,73,1
339,orange,42,1
339,plum,18,1
339,blackberry,23,1
339,peach,32,1
339,cherry,7,1
339,raspberry,13,1
339,apple,56,1
339,grape,12,1
339,goldendeliciousapple,26,1
339,honeydewmelon,25,1
339,kiwi,3,1
339,greenbellpepper,3,1
339,carrot,1,1
339,peanuts,52,1
339,almonds,48,1
339,baguette,40,1
339,slicedloafbread,32,1
339,boulebread,11,1
339,ryebread,15,1
339,deliturkey,29,1
339,chickentenders,30,1
339,meatballs,5,1
339,gouda,18,1
339,swisscheese,37,1
339,potatochips,21,1
339,tortillachips,26,1
339,doritos,41,1
339,ritzcracker,43,1
339,saltinecracker,56,1
339,wheatthins,38,1
339,eggrolls,16,1
339,frenchfries,57,1
339,butteredpopcorn,40,1
339,triscuits,6,1
339,wavylays,34,1
339,chocolateicecreamcone,72,1
339,strawberryicecreamcone,63,1
339,vanillasoftservecone,57,1
339,nutrigrainbar,58,1
339,churro,24,1
339,twistdonut,9,1
339,tuilecookie,3,1
339,madeleine,21,1
339,oatmealraisincookie,41,1
339,thumprintcookie,48,1
339,sugarcookie,40,1
339,vanillawafer,48,1
339,chocolatewafer,80,1
339,chocolatebark,46,1
339,darkchocolate,63,1
339,milkchocolate,69,1
339,pocky,2,1
339,toblerone,59,1
339,lindtlindorchocolatetruffle,53,1
339,twix,61,1
339,caramel,49,1
339,peanutmms,55,1
339,brownie,66,1
339,frostedbrownie,69,1
339,lemoncake,65,1
340,orange,100,1
340,plum,100,1
340,blackberry,76,1
340,peach,95,1
340,cherry,2,1
340,raspberry,81,1
340,apple,64,1
340,grape,1,1
340,goldendeliciousapple,67,1
340,honeydewmelon,1,1
340,kiwi,1,1
340,greenbellpepper,82,1
340,carrot,59,1
340,peanuts,1,1
340,almonds,1,1
340,baguette,59,1
340,slicedloafbread,75,1
340,boulebread,75,1
340,ryebread,53,1
340,deliturkey,75,1
340,chickentenders,1,1
340,meatballs,17,1
340,gouda,21,1
340,swisscheese,60,1
340,potatochips,54,1
340,tortillachips,1,1
340,doritos,1,1
340,ritzcracker,12,1
340,saltinecracker,50,1
340,wheatthins,24,1
340,eggrolls,1,1
340,frenchfries,25,1
340,butteredpopcorn,62,1
340,triscuits,1,1
340,wavylays,24,1
340,chocolateicecreamcone,86,1
340,strawberryicecreamcone,80,1
340,vanillasoftservecone,69,1
340,nutrigrainbar,2,1
340,churro,67,1
340,twistdonut,65,1
340,tuilecookie,41,1
340,madeleine,51,1
340,oatmealraisincookie,1,1
340,thumprintcookie,70,1
340,sugarcookie,51,1
340,vanillawafer,1,1
340,chocolatewafer,11,1
340,chocolatebark,2,1
340,darkchocolate,58,1
340,milkchocolate,59,1
340,pocky,34,1
340,toblerone,62,1
340,lindtlindorchocolatetruffle,1,1
340,twix,4,1
340,caramel,12,1
340,peanutmms,1,1
340,brownie,16,1
340,frostedbrownie,29,1
340,lemoncake,59,1
341,orange,79,1
341,plum,34,1
341,blackberry,50,1
341,peach,60,1
341,cherry,41,1
341,raspberry,60,1
341,apple,58,1
341,grape,35,1
341,goldendeliciousapple,39,1
341,honeydewmelon,50,1
341,kiwi,51,1
341,greenbellpepper,8,1
341,carrot,33,1
341,peanuts,51,1
341,almonds,64,1
341,baguette,32,1
341,slicedloafbread,35,1
341,boulebread,37,1
341,ryebread,30,1
341,deliturkey,33,1
341,chickentenders,63,1
341,meatballs,60,1
341,gouda,35,1
341,swisscheese,32,1
341,potatochips,99,1
341,tortillachips,99,1
341,doritos,97,1
341,ritzcracker,33,1
341,saltinecracker,51,1
341,wheatthins,49,1
341,eggrolls,60,1
341,frenchfries,81,1
341,butteredpopcorn,82,1
341,triscuits,26,1
341,wavylays,99,1
341,chocolateicecreamcone,98,1
341,strawberryicecreamcone,96,1
341,vanillasoftservecone,97,1
341,nutrigrainbar,38,1
341,churro,76,1
341,twistdonut,76,1
341,tuilecookie,97,1
341,madeleine,70,1
341,oatmealraisincookie,95,1
341,thumprintcookie,58,1
341,sugarcookie,97,1
341,vanillawafer,62,1
341,chocolatewafer,65,1
341,chocolatebark,99,1
341,darkchocolate,74,1
341,milkchocolate,68,1
341,pocky,98,1
341,toblerone,60,1
341,lindtlindorchocolatetruffle,71,1
341,twix,99,1
341,caramel,58,1
341,peanutmms,68,1
341,brownie,66,1
341,frostedbrownie,80,1
341,lemoncake,90,1
342,orange,92,1
342,plum,77,1
342,blackberry,93,1
342,peach,88,1
342,cherry,53,1
342,raspberry,95,1
342,apple,50,1
342,grape,95,1
342,goldendeliciousapple,51,1
342,honeydewmelon,89,1
342,kiwi,28,1
342,greenbellpepper,3,1
342,carrot,52,1
342,peanuts,91,1
342,almonds,50,1
342,baguette,44,1
342,slicedloafbread,52,1
342,boulebread,51,1
342,ryebread,50,1
342,deliturkey,52,1
342,chickentenders,95,1
342,meatballs,3,1
342,gouda,91,1
342,swisscheese,82,1
342,potatochips,76,1
342,tortillachips,52,1
342,doritos,54,1
342,ritzcracker,76,1
342,saltinecracker,11,1
342,wheatthins,71,1
342,eggrolls,70,1
342,frenchfries,15,1
342,butteredpopcorn,55,1
342,triscuits,50,1
342,wavylays,78,1
342,chocolateicecreamcone,52,1
342,strawberryicecreamcone,12,1
342,vanillasoftservecone,14,1
342,nutrigrainbar,84,1
342,churro,77,1
342,twistdonut,55,1
342,tuilecookie,12,1
342,madeleine,52,1
342,oatmealraisincookie,52,1
342,thumprintcookie,79,1
342,sugarcookie,51,1
342,vanillawafer,51,1
342,chocolatewafer,11,1
342,chocolatebark,8,1
342,darkchocolate,5,1
342,milkchocolate,11,1
342,pocky,2,1
342,toblerone,7,1
342,lindtlindorchocolatetruffle,9,1
342,twix,6,1
342,caramel,53,1
342,peanutmms,12,1
342,brownie,84,1
342,frostedbrownie,64,1
342,lemoncake,8,1
343,orange,66,1
343,plum,61,1
343,blackberry,50,1
343,peach,28,1
343,cherry,44,1
343,raspberry,58,1
343,apple,55,1
343,grape,54,1
343,goldendeliciousapple,48,1
343,honeydewmelon,78,1
343,kiwi,23,1
343,greenbellpepper,59,1
343,carrot,34,1
343,peanuts,45,1
343,almonds,51,1
343,baguette,89,1
343,slicedloafbread,81,1
343,boulebread,51,1
343,ryebread,68,1
343,deliturkey,68,1
343,chickentenders,61,1
343,meatballs,28,1
343,gouda,48,1
343,swisscheese,47,1
343,potatochips,52,1
343,tortillachips,57,1
343,doritos,59,1
343,ritzcracker,41,1
343,saltinecracker,48,1
343,wheatthins,48,1
343,eggrolls,42,1
343,frenchfries,34,1
343,butteredpopcorn,68,1
343,triscuits,62,1
343,wavylays,60,1
343,chocolateicecreamcone,52,1
343,strawberryicecreamcone,57,1
343,vanillasoftservecone,59,1
343,nutrigrainbar,51,1
343,churro,64,1
343,twistdonut,44,1
343,tuilecookie,63,1
343,madeleine,45,1
343,oatmealraisincookie,28,1
343,thumprintcookie,27,1
343,sugarcookie,38,1
343,vanillawafer,78,1
343,chocolatewafer,48,1
343,chocolatebark,24,1
343,darkchocolate,50,1
343,milkchocolate,70,1
343,pocky,65,1
343,toblerone,49,1
343,lindtlindorchocolatetruffle,51,1
343,twix,41,1
343,caramel,47,1
343,peanutmms,38,1
343,brownie,42,1
343,frostedbrownie,52,1
343,lemoncake,72,1
344,orange,62,1
344,plum,36,1
344,blackberry,48,1
344,peach,45,1
344,cherry,53,1
344,raspberry,58,1
344,apple,62,1
344,grape,55,1
344,goldendeliciousapple,28,1
344,honeydewmelon,19,1
344,kiwi,33,1
344,greenbellpepper,40,1
344,carrot,45,1
344,peanuts,46,1
344,almonds,84,1
344,baguette,41,1
344,slicedloafbread,39,1
344,boulebread,36,1
344,ryebread,56,1
344,deliturkey,43,1
344,chickentenders,21,1
344,meatballs,40,1
344,gouda,13,1
344,swisscheese,29,1
344,potatochips,17,1
344,tortillachips,31,1
344,doritos,31,1
344,ritzcracker,28,1
344,saltinecracker,45,1
344,wheatthins,47,1
344,eggrolls,13,1
344,frenchfries,19,1
344,butteredpopcorn,20,1
344,triscuits,60,1
344,wavylays,24,1
344,chocolateicecreamcone,26,1
344,strawberryicecreamcone,28,1
344,vanillasoftservecone,20,1
344,nutrigrainbar,31,1
344,churro,24,1
344,twistdonut,34,1
344,tuilecookie,65,1
344,madeleine,25,1
344,oatmealraisincookie,50,1
344,thumprintcookie,22,1
344,sugarcookie,34,1
344,vanillawafer,45,1
344,chocolatewafer,25,1
344,chocolatebark,53,1
344,darkchocolate,17,1
344,milkchocolate,21,1
344,pocky,69,1
344,toblerone,24,1
344,lindtlindorchocolatetruffle,50,1
344,twix,33,1
344,caramel,44,1
344,peanutmms,20,1
344,brownie,34,1
344,frostedbrownie,20,1
344,lemoncake,14,1
345,orange,63,1
345,plum,50,1
345,blackberry,59,1
345,peach,42,1
345,cherry,72,1
345,raspberry,74,1
345,apple,70,1
345,grape,89,1
345,goldendeliciousapple,71,1
345,honeydewmelon,75,1
345,kiwi,73,1
345,greenbellpepper,40,1
345,carrot,48,1
345,peanuts,48,1
345,almonds,51,1
345,baguette,39,1
345,slicedloafbread,36,1
345,boulebread,38,1
345,ryebread,44,1
345,deliturkey,75,1
345,chickentenders,79,1
345,meatballs,63,1
345,gouda,82,1
345,swisscheese,67,1
345,potatochips,73,1
345,tortillachips,86,1
345,doritos,71,1
345,ritzcracker,38,1
345,saltinecracker,42,1
345,wheatthins,41,1
345,eggrolls,72,1
345,frenchfries,71,1
345,butteredpopcorn,74,1
345,triscuits,41,1
345,wavylays,80,1
345,chocolateicecreamcone,59,1
345,strawberryicecreamcone,71,1
345,vanillasoftservecone,58,1
345,nutrigrainbar,39,1
345,churro,64,1
345,twistdonut,69,1
345,tuilecookie,16,1
345,madeleine,56,1
345,oatmealraisincookie,66,1
345,thumprintcookie,54,1
345,sugarcookie,42,1
345,vanillawafer,55,1
345,chocolatewafer,70,1
345,chocolatebark,64,1
345,darkchocolate,66,1
345,milkchocolate,60,1
345,pocky,65,1
345,toblerone,66,1
345,lindtlindorchocolatetruffle,63,1
345,twix,61,1
345,caramel,76,1
345,peanutmms,63,1
345,brownie,57,1
345,frostedbrownie,59,1
345,lemoncake,67,1
346,orange,100,1
346,plum,100,1
346,blackberry,100,1
346,peach,99,1
346,cherry,99,1
346,raspberry,100,1
346,apple,99,1
346,grape,99,1
346,goldendeliciousapple,100,1
346,honeydewmelon,96,1
346,kiwi,100,1
346,greenbellpepper,99,1
346,carrot,100,1
346,peanuts,100,1
346,almonds,100,1
346,baguette,36,1
346,slicedloafbread,34,1
346,boulebread,40,1
346,ryebread,63,1
346,deliturkey,83,1
346,chickentenders,32,1
346,meatballs,54,1
346,gouda,53,1
346,swisscheese,76,1
346,potatochips,2,1
346,tortillachips,2,1
346,doritos,12,1
346,ritzcracker,36,1
346,saltinecracker,26,1
346,wheatthins,3,1
346,eggrolls,15,1
346,frenchfries,28,1
346,butteredpopcorn,12,1
346,triscuits,1,1
346,wavylays,1,1
346,chocolateicecreamcone,1,1
346,strawberryicecreamcone,2,1
346,vanillasoftservecone,24,1
346,nutrigrainbar,32,1
346,churro,1,1
346,twistdonut,2,1
346,tuilecookie,33,1
346,madeleine,16,1
346,oatmealraisincookie,1,1
346,thumprintcookie,2,1
346,sugarcookie,1,1
346,vanillawafer,2,1
346,chocolatewafer,3,1
346,chocolatebark,1,1
346,darkchocolate,1,1
346,milkchocolate,4,1
346,pocky,1,1
346,toblerone,2,1
346,lindtlindorchocolatetruffle,1,1
346,twix,1,1
346,caramel,2,1
346,peanutmms,1,1
346,brownie,1,1
346,frostedbrownie,4,1
346,lemoncake,2,1
347,orange,17,1
347,plum,1,1
347,blackberry,1,1
347,peach,1,1
347,cherry,2,1
347,raspberry,2,1
347,apple,1,1
347,grape,42,1
347,goldendeliciousapple,2,1
347,honeydewmelon,1,1
347,kiwi,1,1
347,greenbellpepper,1,1
347,carrot,1,1
347,peanuts,1,1
347,almonds,1,1
347,baguette,1,1
347,slicedloafbread,13,1
347,boulebread,1,1
347,ryebread,1,1
347,deliturkey,1,1
347,chickentenders,84,1
347,meatballs,1,1
347,gouda,1,1
347,swisscheese,71,1
347,potatochips,43,1
347,tortillachips,34,1
347,doritos,56,1
347,ritzcracker,16,1
347,saltinecracker,46,1
347,wheatthins,41,1
347,eggrolls,57,1
347,frenchfries,56,1
347,butteredpopcorn,63,1
347,triscuits,14,1
347,wavylays,76,1
347,chocolateicecreamcone,2,1
347,strawberryicecreamcone,2,1
347,vanillasoftservecone,1,1
347,nutrigrainbar,1,1
347,churro,2,1
347,twistdonut,2,1
347,tuilecookie,1,1
347,madeleine,1,1
347,oatmealraisincookie,40,1
347,thumprintcookie,1,1
347,sugarcookie,1,1
347,vanillawafer,57,1
347,chocolatewafer,41,1
347,chocolatebark,22,1
347,darkchocolate,9,1
347,milkchocolate,16,1
347,pocky,1,1
347,toblerone,15,1
347,lindtlindorchocolatetruffle,13,1
347,twix,35,1
347,caramel,1,1
347,peanutmms,1,1
347,brownie,17,1
347,frostedbrownie,31,1
347,lemoncake,1,1
348,orange,1,1
348,plum,66,1
348,blackberry,92,1
348,peach,92,1
348,cherry,89,1
348,raspberry,87,1
348,apple,32,1
348,grape,98,1
348,goldendeliciousapple,2,1
348,honeydewmelon,65,1
348,kiwi,2,1
348,greenbellpepper,13,1
348,carrot,8,1
348,peanuts,84,1
348,almonds,98,1
348,baguette,51,1
348,slicedloafbread,61,1
348,boulebread,72,1
348,ryebread,68,1
348,deliturkey,1,1
348,chickentenders,1,1
348,meatballs,2,1
348,gouda,35,1
348,swisscheese,97,1
348,potatochips,57,1
348,tortillachips,54,1
348,doritos,71,1
348,ritzcracker,33,1
348,saltinecracker,10,1
348,wheatthins,25,1
348,eggrolls,35,1
348,frenchfries,76,1
348,butteredpopcorn,84,1
348,triscuits,4,1
348,wavylays,64,1
348,chocolateicecreamcone,9,1
348,strawberryicecreamcone,2,1
348,vanillasoftservecone,6,1
348,nutrigrainbar,22,1
348,churro,24,1
348,twistdonut,11,1
348,tuilecookie,42,1
348,madeleine,10,1
348,oatmealraisincookie,11,1
348,thumprintcookie,10,1
348,sugarcookie,48,1
348,vanillawafer,56,1
348,chocolatewafer,19,1
348,chocolatebark,3,1
348,darkchocolate,7,1
348,milkchocolate,7,1
348,pocky,86,1
348,toblerone,2,1
348,lindtlindorchocolatetruffle,1,1
348,twix,69,1
348,caramel,25,1
348,peanutmms,2,1
348,brownie,48,1
348,frostedbrownie,29,1
348,lemoncake,29,1
349,orange,5,1
349,plum,1,1
349,blackberry,5,1
349,peach,1,1
349,cherry,4,1
349,raspberry,6,1
349,apple,55,1
349,grape,51,1
349,goldendeliciousapple,67,1
349,honeydewmelon,1,1
349,kiwi,1,1
349,greenbellpepper,8,1
349,carrot,1,1
349,peanuts,64,1
349,almonds,61,1
349,baguette,51,1
349,slicedloafbread,55,1
349,boulebread,51,1
349,ryebread,50,1
349,deliturkey,57,1
349,chickentenders,96,1
349,meatballs,53,1
349,gouda,48,1
349,swisscheese,67,1
349,potatochips,75,1
349,tortillachips,85,1
349,doritos,72,1
349,ritzcracker,59,1
349,saltinecracker,67,1
349,wheatthins,66,1
349,eggrolls,51,1
349,frenchfries,81,1
349,butteredpopcorn,69,1
349,triscuits,56,1
349,wavylays,75,1
349,chocolateicecreamcone,77,1
349,strawberryicecreamcone,72,1
349,vanillasoftservecone,92,1
349,nutrigrainbar,52,1
349,churro,65,1
349,twistdonut,69,1
349,tuilecookie,52,1
349,madeleine,56,1
349,oatmealraisincookie,59,1
349,thumprintcookie,50,1
349,sugarcookie,65,1
349,vanillawafer,80,1
349,chocolatewafer,100,1
349,chocolatebark,72,1
349,darkchocolate,71,1
349,milkchocolate,77,1
349,pocky,70,1
349,toblerone,76,1
349,lindtlindorchocolatetruffle,65,1
349,twix,73,1
349,caramel,66,1
349,peanutmms,95,1
349,brownie,88,1
349,frostedbrownie,68,1
349,lemoncake,74,1
350,orange,100,1
350,plum,63,1
350,blackberry,99,1
350,peach,47,1
350,cherry,33,1
350,raspberry,99,1
350,apple,10,1
350,grape,91,1
350,goldendeliciousapple,93,1
350,honeydewmelon,25,1
350,kiwi,83,1
350,greenbellpepper,1,1
350,carrot,1,1
350,peanuts,31,1
350,almonds,84,1
350,baguette,34,1
350,slicedloafbread,30,1
350,boulebread,23,1
350,ryebread,8,1
350,deliturkey,74,1
350,chickentenders,99,1
350,meatballs,67,1
350,gouda,68,1
350,swisscheese,1,1
350,potatochips,98,1
350,tortillachips,14,1
350,doritos,20,1
350,ritzcracker,11,1
350,saltinecracker,10,1
350,wheatthins,14,1
350,eggrolls,99,1
350,frenchfries,99,1
350,butteredpopcorn,76,1
350,triscuits,27,1
350,wavylays,100,1
350,chocolateicecreamcone,1,1
350,strawberryicecreamcone,3,1
350,vanillasoftservecone,1,1
350,nutrigrainbar,10,1
350,churro,6,1
350,twistdonut,70,1
350,tuilecookie,7,1
350,madeleine,64,1
350,oatmealraisincookie,73,1
350,thumprintcookie,23,1
350,sugarcookie,68,1
350,vanillawafer,72,1
350,chocolatewafer,70,1
350,chocolatebark,75,1
350,darkchocolate,25,1
350,milkchocolate,67,1
350,pocky,4,1
350,toblerone,35,1
350,lindtlindorchocolatetruffle,22,1
350,twix,56,1
350,caramel,1,1
350,peanutmms,9,1
350,brownie,91,1
350,frostedbrownie,100,1
350,lemoncake,99,1
351,orange,18,1
351,plum,35,1
351,blackberry,27,1
351,peach,20,1
351,cherry,25,1
351,raspberry,17,1
351,apple,29,1
351,grape,24,1
351,goldendeliciousapple,14,1
351,honeydewmelon,12,1
351,kiwi,14,1
351,greenbellpepper,6,1
351,carrot,36,1
351,peanuts,32,1
351,almonds,25,1
351,baguette,31,1
351,slicedloafbread,22,1
351,boulebread,13,1
351,ryebread,32,1
351,deliturkey,45,1
351,chickentenders,83,1
351,meatballs,52,1
351,gouda,18,1
351,swisscheese,56,1
351,potatochips,57,1
351,tortillachips,61,1
351,doritos,51,1
351,ritzcracker,52,1
351,saltinecracker,24,1
351,wheatthins,74,1
351,eggrolls,38,1
351,frenchfries,71,1
351,butteredpopcorn,34,1
351,triscuits,32,1
351,wavylays,44,1
351,chocolateicecreamcone,82,1
351,strawberryicecreamcone,57,1
351,vanillasoftservecone,63,1
351,nutrigrainbar,30,1
351,churro,79,1
351,twistdonut,74,1
351,tuilecookie,60,1
351,madeleine,49,1
351,oatmealraisincookie,9,1
351,thumprintcookie,30,1
351,sugarcookie,67,1
351,vanillawafer,64,1
351,chocolatewafer,84,1
351,chocolatebark,77,1
351,darkchocolate,56,1
351,milkchocolate,81,1
351,pocky,7,1
351,toblerone,45,1
351,lindtlindorchocolatetruffle,69,1
351,twix,84,1
351,caramel,51,1
351,peanutmms,48,1
351,brownie,77,1
351,frostedbrownie,86,1
351,lemoncake,55,1
352,orange,86,1
352,plum,21,1
352,blackberry,50,1
352,peach,47,1
352,cherry,58,1
352,raspberry,39,1
352,apple,49,1
352,grape,51,1
352,goldendeliciousapple,35,1
352,honeydewmelon,37,1
352,kiwi,29,1
352,greenbellpepper,3,1
352,carrot,23,1
352,peanuts,68,1
352,almonds,19,1
352,baguette,9,1
352,slicedloafbread,4,1
352,boulebread,26,1
352,ryebread,21,1
352,deliturkey,22,1
352,chickentenders,28,1
352,meatballs,63,1
352,gouda,27,1
352,swisscheese,18,1
352,potatochips,81,1
352,tortillachips,33,1
352,doritos,64,1
352,ritzcracker,37,1
352,saltinecracker,12,1
352,wheatthins,24,1
352,eggrolls,79,1
352,frenchfries,62,1
352,butteredpopcorn,75,1
352,triscuits,17,1
352,wavylays,78,1
352,chocolateicecreamcone,70,1
352,strawberryicecreamcone,61,1
352,vanillasoftservecone,70,1
352,nutrigrainbar,22,1
352,churro,49,1
352,twistdonut,47,1
352,tuilecookie,53,1
352,madeleine,69,1
352,oatmealraisincookie,48,1
352,thumprintcookie,49,1
352,sugarcookie,50,1
352,vanillawafer,52,1
352,chocolatewafer,71,1
352,chocolatebark,29,1
352,darkchocolate,99,1
352,milkchocolate,94,1
352,pocky,80,1
352,toblerone,91,1
352,lindtlindorchocolatetruffle,91,1
352,twix,72,1
352,caramel,8,1
352,peanutmms,71,1
352,brownie,74,1
352,frostedbrownie,74,1
352,lemoncake,52,1
353,orange,63,1
353,plum,17,1
353,blackberry,15,1
353,peach,70,1
353,cherry,27,1
353,raspberry,5,1
353,apple,61,1
353,grape,64,1
353,goldendeliciousapple,62,1
353,honeydewmelon,17,1
353,kiwi,7,1
353,greenbellpepper,27,1
353,carrot,69,1
353,peanuts,69,1
353,almonds,50,1
353,baguette,66,1
353,slicedloafbread,18,1
353,boulebread,45,1
353,ryebread,49,1
353,deliturkey,30,1
353,chickentenders,77,1
353,meatballs,50,1
353,gouda,29,1
353,swisscheese,2,1
353,potatochips,62,1
353,tortillachips,66,1
353,doritos,68,1
353,ritzcracker,49,1
353,saltinecracker,48,1
353,wheatthins,61,1
353,eggrolls,72,1
353,frenchfries,71,1
353,butteredpopcorn,64,1
353,triscuits,17,1
353,wavylays,72,1
353,chocolateicecreamcone,66,1
353,strawberryicecreamcone,68,1
353,vanillasoftservecone,69,1
353,nutrigrainbar,28,1
353,churro,84,1
353,twistdonut,65,1
353,tuilecookie,59,1
353,madeleine,32,1
353,oatmealraisincookie,63,1
353,thumprintcookie,59,1
353,sugarcookie,48,1
353,vanillawafer,64,1
353,chocolatewafer,82,1
353,chocolatebark,58,1
353,darkchocolate,53,1
353,milkchocolate,29,1
353,pocky,47,1
353,toblerone,66,1
353,lindtlindorchocolatetruffle,55,1
353,twix,70,1
353,caramel,18,1
353,peanutmms,62,1
353,brownie,27,1
353,frostedbrownie,55,1
353,lemoncake,49,1
354,orange,80,1
354,plum,32,1
354,blackberry,85,1
354,peach,25,1
354,cherry,19,1
354,raspberry,92,1
354,apple,84,1
354,grape,74,1
354,goldendeliciousapple,54,1
354,honeydewmelon,34,1
354,kiwi,52,1
354,greenbellpepper,13,1
354,carrot,40,1
354,peanuts,55,1
354,almonds,55,1
354,baguette,2,1
354,slicedloafbread,1,1
354,boulebread,4,1
354,ryebread,4,1
354,deliturkey,100,1
354,chickentenders,37,1
354,meatballs,52,1
354,gouda,3,1
354,swisscheese,9,1
354,potatochips,33,1
354,tortillachips,29,1
354,doritos,17,1
354,ritzcracker,10,1
354,saltinecracker,6,1
354,wheatthins,12,1
354,eggrolls,1,1
354,frenchfries,26,1
354,butteredpopcorn,76,1
354,triscuits,8,1
354,wavylays,47,1
354,chocolateicecreamcone,13,1
354,strawberryicecreamcone,9,1
354,vanillasoftservecone,5,1
354,nutrigrainbar,54,1
354,churro,4,1
354,twistdonut,3,1
354,tuilecookie,1,1
354,madeleine,2,1
354,oatmealraisincookie,6,1
354,thumprintcookie,6,1
354,sugarcookie,6,1
354,vanillawafer,5,1
354,chocolatewafer,31,1
354,chocolatebark,67,1
354,darkchocolate,93,1
354,milkchocolate,76,1
354,pocky,31,1
354,toblerone,80,1
354,lindtlindorchocolatetruffle,81,1
354,twix,30,1
354,caramel,1,1
354,peanutmms,30,1
354,brownie,72,1
354,frostedbrownie,63,1
354,lemoncake,4,1
355,orange,76,1
355,plum,14,1
355,blackberry,79,1
355,peach,42,1
355,cherry,26,1
355,raspberry,69,1
355,apple,23,1
355,grape,70,1
355,goldendeliciousapple,21,1
355,honeydewmelon,4,1
355,kiwi,71,1
355,greenbellpepper,3,1
355,carrot,28,1
355,peanuts,10,1
355,almonds,64,1
355,baguette,48,1
355,slicedloafbread,17,1
355,boulebread,49,1
355,ryebread,50,1
355,deliturkey,12,1
355,chickentenders,51,1
355,meatballs,11,1
355,gouda,71,1
355,swisscheese,70,1
355,potatochips,52,1
355,tortillachips,50,1
355,doritos,52,1
355,ritzcracker,49,1
355,saltinecracker,52,1
355,wheatthins,50,1
355,eggrolls,31,1
355,frenchfries,38,1
355,butteredpopcorn,68,1
355,triscuits,52,1
355,wavylays,51,1
355,chocolateicecreamcone,31,1
355,strawberryicecreamcone,38,1
355,vanillasoftservecone,50,1
355,nutrigrainbar,51,1
355,churro,67,1
355,twistdonut,54,1
355,tuilecookie,71,1
355,madeleine,33,1
355,oatmealraisincookie,51,1
355,thumprintcookie,53,1
355,sugarcookie,51,1
355,vanillawafer,66,1
355,chocolatewafer,69,1
355,chocolatebark,72,1
355,darkchocolate,89,1
355,milkchocolate,90,1
355,pocky,83,1
355,toblerone,66,1
355,lindtlindorchocolatetruffle,92,1
355,twix,67,1
355,caramel,34,1
355,peanutmms,72,1
355,brownie,70,1
355,frostedbrownie,50,1
355,lemoncake,52,1
356,orange,73,1
356,plum,84,1
356,blackberry,100,1
356,peach,67,1
356,cherry,91,1
356,raspberry,98,1
356,apple,36,1
356,grape,63,1
356,goldendeliciousapple,36,1
356,honeydewmelon,90,1
356,kiwi,77,1
356,greenbellpepper,72,1
356,carrot,70,1
356,peanuts,53,1
356,almonds,99,1
356,baguette,99,1
356,slicedloafbread,30,1
356,boulebread,59,1
356,ryebread,58,1
356,deliturkey,2,1
356,chickentenders,10,1
356,meatballs,61,1
356,gouda,60,1
356,swisscheese,77,1
356,potatochips,73,1
356,tortillachips,24,1
356,doritos,17,1
356,ritzcracker,55,1
356,saltinecracker,60,1
356,wheatthins,59,1
356,eggrolls,21,1
356,frenchfries,3,1
356,butteredpopcorn,27,1
356,triscuits,51,1
356,wavylays,62,1
356,chocolateicecreamcone,2,1
356,strawberryicecreamcone,3,1
356,vanillasoftservecone,1,1
356,nutrigrainbar,19,1
356,churro,42,1
356,twistdonut,34,1
356,tuilecookie,55,1
356,madeleine,9,1
356,oatmealraisincookie,20,1
356,thumprintcookie,2,1
356,sugarcookie,2,1
356,vanillawafer,2,1
356,chocolatewafer,2,1
356,chocolatebark,3,1
356,darkchocolate,2,1
356,milkchocolate,4,1
356,pocky,25,1
356,toblerone,2,1
356,lindtlindorchocolatetruffle,2,1
356,twix,1,1
356,caramel,1,1
356,peanutmms,7,1
356,brownie,8,1
356,frostedbrownie,2,1
356,lemoncake,2,1
357,orange,3,1
357,plum,50,1
357,blackberry,73,1
357,peach,39,1
357,cherry,99,1
357,raspberry,83,1
357,apple,33,1
357,grape,50,1
357,goldendeliciousapple,30,1
357,honeydewmelon,2,1
357,kiwi,76,1
357,greenbellpepper,53,1
357,carrot,27,1
357,peanuts,52,1
357,almonds,100,1
357,baguette,52,1
357,slicedloafbread,2,1
357,boulebread,15,1
357,ryebread,3,1
357,deliturkey,3,1
357,chickentenders,36,1
357,meatballs,8,1
357,gouda,10,1
357,swisscheese,51,1
357,potatochips,4,1
357,tortillachips,3,1
357,doritos,4,1
357,ritzcracker,14,1
357,saltinecracker,2,1
357,wheatthins,2,1
357,eggrolls,4,1
357,frenchfries,2,1
357,butteredpopcorn,3,1
357,triscuits,3,1
357,wavylays,5,1
357,chocolateicecreamcone,4,1
357,strawberryicecreamcone,76,1
357,vanillasoftservecone,100,1
357,nutrigrainbar,2,1
357,churro,3,1
357,twistdonut,44,1
357,tuilecookie,3,1
357,madeleine,4,1
357,oatmealraisincookie,75,1
357,thumprintcookie,3,1
357,sugarcookie,56,1
357,vanillawafer,2,1
357,chocolatewafer,3,1
357,chocolatebark,9,1
357,darkchocolate,2,1
357,milkchocolate,18,1
357,pocky,2,1
357,toblerone,3,1
357,lindtlindorchocolatetruffle,3,1
357,twix,3,1
357,caramel,3,1
357,peanutmms,48,1
357,brownie,3,1
357,frostedbrownie,2,1
357,lemoncake,98,1
358,orange,67,1
358,plum,69,1
358,blackberry,61,1
358,peach,91,1
358,cherry,63,1
358,raspberry,76,1
358,apple,76,1
358,grape,78,1
358,goldendeliciousapple,53,1
358,honeydewmelon,73,1
358,kiwi,26,1
358,greenbellpepper,59,1
358,carrot,65,1
358,peanuts,59,1
358,almonds,37,1
358,baguette,12,1
358,slicedloafbread,4,1
358,boulebread,4,1
358,ryebread,5,1
358,deliturkey,61,1
358,chickentenders,49,1
358,meatballs,51,1
358,gouda,36,1
358,swisscheese,64,1
358,potatochips,41,1
358,tortillachips,31,1
358,doritos,46,1
358,ritzcracker,61,1
358,saltinecracker,80,1
358,wheatthins,79,1
358,eggrolls,29,1
358,frenchfries,29,1
358,butteredpopcorn,37,1
358,triscuits,69,1
358,wavylays,38,1
358,chocolateicecreamcone,50,1
358,strawberryicecreamcone,26,1
358,vanillasoftservecone,40,1
358,nutrigrainbar,72,1
358,churro,24,1
358,twistdonut,28,1
358,tuilecookie,33,1
358,madeleine,20,1
358,oatmealraisincookie,58,1
358,thumprintcookie,35,1
358,sugarcookie,36,1
358,vanillawafer,39,1
358,chocolatewafer,44,1
358,chocolatebark,70,1
358,darkchocolate,50,1
358,milkchocolate,53,1
358,pocky,8,1
358,toblerone,29,1
358,lindtlindorchocolatetruffle,29,1
358,twix,39,1
358,caramel,21,1
358,peanutmms,38,1
358,brownie,39,1
358,frostedbrownie,41,1
358,lemoncake,49,1
359,orange,30,1
359,plum,57,1
359,blackberry,59,1
359,peach,58,1
359,cherry,70,1
359,raspberry,71,1
359,apple,71,1
359,grape,56,1
359,goldendeliciousapple,20,1
359,honeydewmelon,62,1
359,kiwi,62,1
359,greenbellpepper,60,1
359,carrot,37,1
359,peanuts,7,1
359,almonds,78,1
359,baguette,54,1
359,slicedloafbread,9,1
359,boulebread,82,1
359,ryebread,57,1
359,deliturkey,4,1
359,chickentenders,5,1
359,meatballs,8,1
359,gouda,57,1
359,swisscheese,69,1
359,potatochips,82,1
359,tortillachips,53,1
359,doritos,63,1
359,ritzcracker,11,1
359,saltinecracker,9,1
359,wheatthins,6,1
359,eggrolls,56,1
359,frenchfries,63,1
359,butteredpopcorn,62,1
359,triscuits,6,1
359,wavylays,67,1
359,chocolateicecreamcone,9,1
359,strawberryicecreamcone,11,1
359,vanillasoftservecone,6,1
359,nutrigrainbar,54,1
359,churro,45,1
359,twistdonut,14,1
359,tuilecookie,30,1
359,madeleine,25,1
359,oatmealraisincookie,53,1
359,thumprintcookie,24,1
359,sugarcookie,27,1
359,vanillawafer,54,1
359,chocolatewafer,66,1
359,chocolatebark,79,1
359,darkchocolate,98,1
359,milkchocolate,75,1
359,pocky,66,1
359,toblerone,67,1
359,lindtlindorchocolatetruffle,66,1
359,twix,42,1
359,caramel,9,1
359,peanutmms,37,1
359,brownie,74,1
359,frostedbrownie,83,1
359,lemoncake,41,1
360,orange,81,1
360,plum,80,1
360,blackberry,80,1
360,peach,97,1
360,cherry,96,1
360,raspberry,100,1
360,apple,93,1
360,grape,97,1
360,goldendeliciousapple,86,1
360,honeydewmelon,90,1
360,kiwi,65,1
360,greenbellpepper,72,1
360,carrot,70,1
360,peanuts,91,1
360,almonds,96,1
360,baguette,78,1
360,slicedloafbread,4,1
360,boulebread,67,1
360,ryebread,71,1
360,deliturkey,81,1
360,chickentenders,88,1
360,meatballs,60,1
360,gouda,83,1
360,swisscheese,87,1
360,potatochips,2,1
360,tortillachips,60,1
360,doritos,63,1
360,ritzcracker,72,1
360,saltinecracker,77,1
360,wheatthins,73,1
360,eggrolls,64,1
360,frenchfries,64,1
360,butteredpopcorn,4,1
360,triscuits,61,1
360,wavylays,2,1
360,chocolateicecreamcone,26,1
360,strawberryicecreamcone,21,1
360,vanillasoftservecone,16,1
360,nutrigrainbar,29,1
360,churro,40,1
360,twistdonut,76,1
360,tuilecookie,34,1
360,madeleine,56,1
360,oatmealraisincookie,12,1
360,thumprintcookie,43,1
360,sugarcookie,18,1
360,vanillawafer,21,1
360,chocolatewafer,26,1
360,chocolatebark,11,1
360,darkchocolate,97,1
360,milkchocolate,92,1
360,pocky,13,1
360,toblerone,95,1
360,lindtlindorchocolatetruffle,80,1
360,twix,19,1
360,caramel,21,1
360,peanutmms,60,1
360,brownie,58,1
360,frostedbrownie,67,1
360,lemoncake,27,1
361,orange,31,1
361,plum,54,1
361,blackberry,73,1
361,peach,67,1
361,cherry,60,1
361,raspberry,52,1
361,apple,35,1
361,grape,55,1
361,goldendeliciousapple,16,1
361,honeydewmelon,22,1
361,kiwi,33,1
361,greenbellpepper,40,1
361,carrot,68,1
361,peanuts,77,1
361,almonds,25,1
361,baguette,51,1
361,slicedloafbread,55,1
361,boulebread,47,1
361,ryebread,58,1
361,deliturkey,65,1
361,chickentenders,77,1
361,meatballs,84,1
361,gouda,70,1
361,swisscheese,61,1
361,potatochips,44,1
361,tortillachips,85,1
361,doritos,89,1
361,ritzcracker,60,1
361,saltinecracker,64,1
361,wheatthins,67,1
361,eggrolls,88,1
361,frenchfries,63,1
361,butteredpopcorn,86,1
361,triscuits,38,1
361,wavylays,52,1
361,chocolateicecreamcone,71,1
361,strawberryicecreamcone,87,1
361,vanillasoftservecone,82,1
361,nutrigrainbar,75,1
361,churro,71,1
361,twistdonut,82,1
361,tuilecookie,77,1
361,madeleine,68,1
361,oatmealraisincookie,82,1
361,thumprintcookie,66,1
361,sugarcookie,53,1
361,vanillawafer,60,1
361,chocolatewafer,32,1
361,chocolatebark,26,1
361,darkchocolate,61,1
361,milkchocolate,62,1
361,pocky,61,1
361,toblerone,65,1
361,lindtlindorchocolatetruffle,76,1
361,twix,72,1
361,caramel,30,1
361,peanutmms,64,1
361,brownie,47,1
361,frostedbrownie,34,1
361,lemoncake,49,1
362,orange,87,1
362,plum,99,1
362,blackberry,99,1
362,peach,99,1
362,cherry,100,1
362,raspberry,100,1
362,apple,73,1
362,grape,94,1
362,goldendeliciousapple,93,1
362,honeydewmelon,1,1
362,kiwi,99,1
362,greenbellpepper,55,1
362,carrot,99,1
362,peanuts,86,1
362,almonds,99,1
362,baguette,99,1
362,slicedloafbread,2,1
362,boulebread,99,1
362,ryebread,89,1
362,deliturkey,55,1
362,chickentenders,5,1
362,meatballs,99,1
362,gouda,14,1
362,swisscheese,73,1
362,potatochips,30,1
362,tortillachips,2,1
362,doritos,15,1
362,ritzcracker,6,1
362,saltinecracker,37,1
362,wheatthins,16,1
362,eggrolls,2,1
362,frenchfries,8,1
362,butteredpopcorn,79,1
362,triscuits,2,1
362,wavylays,21,1
362,chocolateicecreamcone,83,1
362,strawberryicecreamcone,66,1
362,vanillasoftservecone,95,1
362,nutrigrainbar,2,1
362,churro,84,1
362,twistdonut,60,1
362,tuilecookie,78,1
362,madeleine,99,1
362,oatmealraisincookie,73,1
362,thumprintcookie,12,1
362,sugarcookie,42,1
362,vanillawafer,2,1
362,chocolatewafer,2,1
362,chocolatebark,20,1
362,darkchocolate,98,1
362,milkchocolate,76,1
362,pocky,1,1
362,toblerone,14,1
362,lindtlindorchocolatetruffle,2,1
362,twix,2,1
362,caramel,23,1
362,peanutmms,22,1
362,brownie,88,1
362,frostedbrownie,42,1
362,lemoncake,6,1
363,orange,30,1
363,plum,90,1
363,blackberry,93,1
363,peach,89,1
363,cherry,85,1
363,raspberry,87,1
363,apple,37,1
363,grape,95,1
363,goldendeliciousapple,21,1
363,honeydewmelon,74,1
363,kiwi,82,1
363,greenbellpepper,21,1
363,carrot,36,1
363,peanuts,41,1
363,almonds,74,1
363,baguette,28,1
363,slicedloafbread,20,1
363,boulebread,24,1
363,ryebread,30,1
363,deliturkey,35,1
363,chickentenders,63,1
363,meatballs,56,1
363,gouda,67,1
363,swisscheese,81,1
363,potatochips,33,1
363,tortillachips,55,1
363,doritos,27,1
363,ritzcracker,32,1
363,saltinecracker,26,1
363,wheatthins,25,1
363,eggrolls,64,1
363,frenchfries,62,1
363,butteredpopcorn,32,1
363,triscuits,53,1
363,wavylays,6,1
363,chocolateicecreamcone,67,1
363,strawberryicecreamcone,53,1
363,vanillasoftservecone,60,1
363,nutrigrainbar,64,1
363,churro,14,1
363,twistdonut,27,1
363,tuilecookie,58,1
363,madeleine,21,1
363,oatmealraisincookie,68,1
363,thumprintcookie,44,1
363,sugarcookie,56,1
363,vanillawafer,10,1
363,chocolatewafer,36,1
363,chocolatebark,64,1
363,darkchocolate,60,1
363,milkchocolate,64,1
363,pocky,58,1
363,toblerone,62,1
363,lindtlindorchocolatetruffle,64,1
363,twix,60,1
363,caramel,59,1
363,peanutmms,69,1
363,brownie,72,1
363,frostedbrownie,75,1
363,lemoncake,32,1
364,orange,71,1
364,plum,70,1
364,blackberry,65,1
364,peach,69,1
364,cherry,54,1
364,raspberry,64,1
364,apple,59,1
364,grape,61,1
364,goldendeliciousapple,53,1
364,honeydewmelon,59,1
364,kiwi,65,1
364,greenbellpepper,40,1
364,carrot,38,1
364,peanuts,54,1
364,almonds,55,1
364,baguette,65,1
364,slicedloafbread,39,1
364,boulebread,45,1
364,ryebread,42,1
364,deliturkey,59,1
364,chickentenders,64,1
364,meatballs,72,1
364,gouda,64,1
364,swisscheese,72,1
364,potatochips,64,1
364,tortillachips,57,1
364,doritos,60,1
364,ritzcracker,45,1
364,saltinecracker,47,1
364,wheatthins,47,1
364,eggrolls,72,1
364,frenchfries,64,1
364,butteredpopcorn,54,1
364,triscuits,43,1
364,wavylays,62,1
364,chocolateicecreamcone,59,1
364,strawberryicecreamcone,69,1
364,vanillasoftservecone,68,1
364,nutrigrainbar,57,1
364,churro,57,1
364,twistdonut,50,1
364,tuilecookie,57,1
364,madeleine,48,1
364,oatmealraisincookie,70,1
364,thumprintcookie,58,1
364,sugarcookie,57,1
364,vanillawafer,55,1
364,chocolatewafer,62,1
364,chocolatebark,62,1
364,darkchocolate,53,1
364,milkchocolate,70,1
364,pocky,58,1
364,toblerone,55,1
364,lindtlindorchocolatetruffle,55,1
364,twix,69,1
364,caramel,41,1
364,peanutmms,57,1
364,brownie,59,1
364,frostedbrownie,57,1
364,lemoncake,55,1
365,orange,65,1
365,plum,52,1
365,blackberry,79,1
365,peach,19,1
365,cherry,64,1
365,raspberry,64,1
365,apple,44,1
365,grape,49,1
365,goldendeliciousapple,20,1
365,honeydewmelon,23,1
365,kiwi,29,1
365,greenbellpepper,61,1
365,carrot,6,1
365,peanuts,63,1
365,almonds,63,1
365,baguette,44,1
365,slicedloafbread,29,1
365,boulebread,20,1
365,ryebread,13,1
365,deliturkey,53,1
365,chickentenders,39,1
365,meatballs,34,1
365,gouda,19,1
365,swisscheese,69,1
365,potatochips,56,1
365,tortillachips,61,1
365,doritos,61,1
365,ritzcracker,48,1
365,saltinecracker,51,1
365,wheatthins,36,1
365,eggrolls,21,1
365,frenchfries,82,1
365,butteredpopcorn,28,1
365,triscuits,7,1
365,wavylays,66,1
365,chocolateicecreamcone,69,1
365,strawberryicecreamcone,59,1
365,vanillasoftservecone,59,1
365,nutrigrainbar,17,1
365,churro,35,1
365,twistdonut,32,1
365,tuilecookie,6,1
365,madeleine,34,1
365,oatmealraisincookie,38,1
365,thumprintcookie,48,1
365,sugarcookie,63,1
365,vanillawafer,51,1
365,chocolatewafer,64,1
365,chocolatebark,58,1
365,darkchocolate,57,1
365,milkchocolate,78,1
365,pocky,28,1
365,toblerone,33,1
365,lindtlindorchocolatetruffle,49,1
365,twix,69,1
365,caramel,46,1
365,peanutmms,71,1
365,brownie,79,1
365,frostedbrownie,76,1
365,lemoncake,61,1
366,orange,42,1
366,plum,3,1
366,blackberry,6,1
366,peach,3,1
366,cherry,21,1
366,raspberry,6,1
366,apple,23,1
366,grape,6,1
366,goldendeliciousapple,31,1
366,honeydewmelon,1,1
366,kiwi,2,1
366,greenbellpepper,1,1
366,carrot,1,1
366,peanuts,83,1
366,almonds,60,1
366,baguette,52,1
366,slicedloafbread,49,1
366,boulebread,75,1
366,ryebread,59,1
366,deliturkey,56,1
366,chickentenders,83,1
366,meatballs,56,1
366,gouda,49,1
366,swisscheese,55,1
366,potatochips,86,1
366,tortillachips,88,1
366,doritos,86,1
366,ritzcracker,70,1
366,saltinecracker,67,1
366,wheatthins,75,1
366,eggrolls,94,1
366,frenchfries,79,1
366,butteredpopcorn,55,1
366,triscuits,24,1
366,wavylays,85,1
366,chocolateicecreamcone,77,1
366,strawberryicecreamcone,61,1
366,vanillasoftservecone,63,1
366,nutrigrainbar,63,1
366,churro,70,1
366,twistdonut,70,1
366,tuilecookie,74,1
366,madeleine,89,1
366,oatmealraisincookie,91,1
366,thumprintcookie,93,1
366,sugarcookie,75,1
366,vanillawafer,54,1
366,chocolatewafer,65,1
366,chocolatebark,56,1
366,darkchocolate,53,1
366,milkchocolate,61,1
366,pocky,72,1
366,toblerone,66,1
366,lindtlindorchocolatetruffle,76,1
366,twix,59,1
366,caramel,56,1
366,peanutmms,50,1
366,brownie,60,1
366,frostedbrownie,58,1
366,lemoncake,90,1
367,orange,79,1
367,plum,79,1
367,blackberry,64,1
367,peach,55,1
367,cherry,99,1
367,raspberry,99,1
367,apple,76,1
367,grape,91,1
367,goldendeliciousapple,72,1
367,honeydewmelon,72,1
367,kiwi,99,1
367,greenbellpepper,1,1
367,carrot,42,1
367,peanuts,67,1
367,almonds,82,1
367,baguette,70,1
367,slicedloafbread,1,1
367,boulebread,42,1
367,ryebread,65,1
367,deliturkey,2,1
367,chickentenders,1,1
367,meatballs,2,1
367,gouda,20,1
367,swisscheese,42,1
367,potatochips,2,1
367,tortillachips,60,1
367,doritos,44,1
367,ritzcracker,71,1
367,saltinecracker,56,1
367,wheatthins,56,1
367,eggrolls,7,1
367,frenchfries,2,1
367,butteredpopcorn,60,1
367,triscuits,52,1
367,wavylays,2,1
367,chocolateicecreamcone,2,1
367,strawberryicecreamcone,27,1
367,vanillasoftservecone,42,1
367,nutrigrainbar,56,1
367,churro,17,1
367,twistdonut,14,1
367,tuilecookie,59,1
367,madeleine,10,1
367,oatmealraisincookie,91,1
367,thumprintcookie,72,1
367,sugarcookie,74,1
367,vanillawafer,69,1
367,chocolatewafer,79,1
367,chocolatebark,76,1
367,darkchocolate,99,1
367,milkchocolate,59,1
367,pocky,13,1
367,toblerone,57,1
367,lindtlindorchocolatetruffle,72,1
367,twix,25,1
367,caramel,29,1
367,peanutmms,69,1
367,brownie,59,1
367,frostedbrownie,37,1
367,lemoncake,37,1
401,orange,58,1
401,plum,35,1
401,blackberry,49,1
401,peach,35,1
401,cherry,53,1
401,raspberry,37,1
401,apple,40,1
401,grape,56,1
401,goldendeliciousapple,45,1
401,honeydewmelon,47,1
401,kiwi,33,1
401,greenbellpepper,9,1
401,carrot,11,1
401,peanuts,58,1
401,almonds,54,1
401,baguette,66,1
401,slicedloafbread,52,1
401,boulebread,62,1
401,ryebread,44,1
401,deliturkey,61,1
401,chickentenders,34,1
401,meatballs,50,1
401,gouda,1,1
401,swisscheese,2,1
401,potatochips,23,1
401,tortillachips,14,1
401,doritos,29,1
401,ritzcracker,19,1
401,saltinecracker,18,1
401,wheatthins,15,1
401,eggrolls,5,1
401,frenchfries,52,1
401,butteredpopcorn,18,1
401,triscuits,3,1
401,wavylays,31,1
401,chocolateicecreamcone,50,1
401,strawberryicecreamcone,48,1
401,vanillasoftservecone,37,1
401,nutrigrainbar,1,1
401,churro,57,1
401,twistdonut,46,1
401,tuilecookie,48,1
401,madeleine,34,1
401,oatmealraisincookie,8,1
401,thumprintcookie,43,1
401,sugarcookie,32,1
401,vanillawafer,20,1
401,chocolatewafer,22,1
401,chocolatebark,67,1
401,darkchocolate,51,1
401,milkchocolate,62,1
401,pocky,34,1
401,toblerone,30,1
401,lindtlindorchocolatetruffle,32,1
401,twix,29,1
401,caramel,6,1
401,peanutmms,27,1
401,brownie,48,1
401,frostedbrownie,46,1
401,lemoncake,38,1
402,orange,82,1
402,plum,99,1
402,blackberry,85,1
402,peach,90,1
402,cherry,98,1
402,raspberry,99,1
402,apple,98,1
402,grape,99,1
402,goldendeliciousapple,97,1
402,honeydewmelon,2,1
402,kiwi,58,1
402,greenbellpepper,37,1
402,carrot,66,1
402,peanuts,85,1
402,almonds,74,1
402,baguette,90,1
402,slicedloafbread,43,1
402,boulebread,69,1
402,ryebread,68,1
402,deliturkey,72,1
402,chickentenders,71,1
402,meatballs,56,1
402,gouda,6,1
402,swisscheese,72,1
402,potatochips,94,1
402,tortillachips,99,1
402,doritos,98,1
402,ritzcracker,59,1
402,saltinecracker,85,1
402,wheatthins,97,1
402,eggrolls,42,1
402,frenchfries,90,1
402,butteredpopcorn,77,1
402,triscuits,89,1
402,wavylays,95,1
402,chocolateicecreamcone,24,1
402,strawberryicecreamcone,78,1
402,vanillasoftservecone,68,1
402,nutrigrainbar,47,1
402,churro,67,1
402,twistdonut,74,1
402,tuilecookie,50,1
402,madeleine,25,1
402,oatmealraisincookie,44,1
402,thumprintcookie,27,1
402,sugarcookie,32,1
402,vanillawafer,43,1
402,chocolatewafer,45,1
402,chocolatebark,62,1
402,darkchocolate,1,1
402,milkchocolate,2,1
402,pocky,29,1
402,toblerone,4,1
402,lindtlindorchocolatetruffle,18,1
402,twix,54,1
402,caramel,13,1
402,peanutmms,26,1
402,brownie,29,1
402,frostedbrownie,11,1
402,lemoncake,49,1
403,orange,22,1
403,plum,8,1
403,blackberry,40,1
403,peach,10,1
403,cherry,5,1
403,raspberry,3,1
403,apple,60,1
403,grape,81,1
403,goldendeliciousapple,11,1
403,honeydewmelon,22,1
403,kiwi,66,1
403,greenbellpepper,24,1
403,carrot,17,1
403,peanuts,90,1
403,almonds,60,1
403,baguette,50,1
403,slicedloafbread,45,1
403,boulebread,46,1
403,ryebread,46,1
403,deliturkey,82,1
403,chickentenders,86,1
403,meatballs,80,1
403,gouda,71,1
403,swisscheese,61,1
403,potatochips,63,1
403,tortillachips,54,1
403,doritos,60,1
403,ritzcracker,8,1
403,saltinecracker,43,1
403,wheatthins,33,1
403,eggrolls,6,1
403,frenchfries,93,1
403,butteredpopcorn,56,1
403,triscuits,8,1
403,wavylays,60,1
403,chocolateicecreamcone,95,1
403,strawberryicecreamcone,96,1
403,vanillasoftservecone,88,1
403,nutrigrainbar,10,1
403,churro,86,1
403,twistdonut,55,1
403,tuilecookie,66,1
403,madeleine,54,1
403,oatmealraisincookie,71,1
403,thumprintcookie,83,1
403,sugarcookie,68,1
403,vanillawafer,65,1
403,chocolatewafer,81,1
403,chocolatebark,70,1
403,darkchocolate,84,1
403,milkchocolate,93,1
403,pocky,93,1
403,toblerone,76,1
403,lindtlindorchocolatetruffle,76,1
403,twix,85,1
403,caramel,48,1
403,peanutmms,88,1
403,brownie,91,1
403,frostedbrownie,98,1
403,lemoncake,55,1
404,orange,51,1
404,plum,53,1
404,blackberry,49,1
404,peach,71,1
404,cherry,19,1
404,raspberry,39,1
404,apple,9,1
404,grape,74,1
404,goldendeliciousapple,22,1
404,honeydewmelon,85,1
404,kiwi,100,1
404,greenbellpepper,66,1
404,carrot,1,1
404,peanuts,18,1
404,almonds,16,1
404,baguette,77,1
404,slicedloafbread,17,1
404,boulebread,71,1
404,ryebread,7,1
404,deliturkey,79,1
404,chickentenders,81,1
404,meatballs,100,1
404,gouda,79,1
404,swisscheese,91,1
404,potatochips,91,1
404,tortillachips,100,1
404,doritos,90,1
404,ritzcracker,48,1
404,saltinecracker,51,1
404,wheatthins,57,1
404,eggrolls,60,1
404,frenchfries,67,1
404,butteredpopcorn,98,1
404,triscuits,47,1
404,wavylays,93,1
404,chocolateicecreamcone,72,1
404,strawberryicecreamcone,77,1
404,vanillasoftservecone,67,1
404,nutrigrainbar,1,1
404,churro,97,1
404,twistdonut,97,1
404,tuilecookie,24,1
404,madeleine,62,1
404,oatmealraisincookie,1,1
404,thumprintcookie,1,1
404,sugarcookie,33,1
404,vanillawafer,78,1
404,chocolatewafer,81,1
404,chocolatebark,82,1
404,darkchocolate,10,1
404,milkchocolate,8,1
404,pocky,75,1
404,toblerone,14,1
404,lindtlindorchocolatetruffle,12,1
404,twix,52,1
404,caramel,5,1
404,peanutmms,22,1
404,brownie,1,1
404,frostedbrownie,7,1
404,lemoncake,22,1
405,orange,66,1
405,plum,59,1
405,blackberry,40,1
405,peach,81,1
405,cherry,99,1
405,raspberry,48,1
405,apple,43,1
405,grape,89,1
405,goldendeliciousapple,53,1
405,honeydewmelon,58,1
405,kiwi,60,1
405,greenbellpepper,2,1
405,carrot,13,1
405,peanuts,90,1
405,almonds,86,1
405,baguette,31,1
405,slicedloafbread,10,1
405,boulebread,10,1
405,ryebread,2,1
405,deliturkey,63,1
405,chickentenders,49,1
405,meatballs,71,1
405,gouda,1,1
405,swisscheese,6,1
405,potatochips,62,1
405,tortillachips,75,1
405,doritos,82,1
405,ritzcracker,24,1
405,saltinecracker,37,1
405,wheatthins,31,1
405,eggrolls,92,1
405,frenchfries,44,1
405,butteredpopcorn,70,1
405,triscuits,1,1
405,wavylays,62,1
405,chocolateicecreamcone,41,1
405,strawberryicecreamcone,83,1
405,vanillasoftservecone,72,1
405,nutrigrainbar,37,1
405,churro,26,1
405,twistdonut,77,1
405,tuilecookie,36,1
405,madeleine,32,1
405,oatmealraisincookie,99,1
405,thumprintcookie,52,1
405,sugarcookie,40,1
405,vanillawafer,66,1
405,chocolatewafer,95,1
405,chocolatebark,76,1
405,darkchocolate,41,1
405,milkchocolate,38,1
405,pocky,20,1
405,toblerone,19,1
405,lindtlindorchocolatetruffle,10,1
405,twix,72,1
405,caramel,75,1
405,peanutmms,99,1
405,brownie,80,1
405,frostedbrownie,56,1
405,lemoncake,42,1
406,orange,98,1
406,plum,96,1
406,blackberry,97,1
406,peach,99,1
406,cherry,99,1
406,raspberry,99,1
406,apple,85,1
406,grape,85,1
406,goldendeliciousapple,94,1
406,honeydewmelon,97,1
406,kiwi,77,1
406,greenbellpepper,52,1
406,carrot,83,1
406,peanuts,86,1
406,almonds,92,1
406,baguette,31,1
406,slicedloafbread,8,1
406,boulebread,51,1
406,ryebread,30,1
406,deliturkey,60,1
406,chickentenders,63,1
406,meatballs,50,1
406,gouda,57,1
406,swisscheese,92,1
406,potatochips,3,1
406,tortillachips,6,1
406,doritos,3,1
406,ritzcracker,2,1
406,saltinecracker,20,1
406,wheatthins,3,1
406,eggrolls,48,1
406,frenchfries,2,1
406,butteredpopcorn,16,1
406,triscuits,2,1
406,wavylays,2,1
406,chocolateicecreamcone,2,1
406,strawberryicecreamcone,2,1
406,vanillasoftservecone,1,1
406,nutrigrainbar,19,1
406,churro,24,1
406,twistdonut,5,1
406,tuilecookie,3,1
406,madeleine,6,1
406,oatmealraisincookie,8,1
406,thumprintcookie,2,1
406,sugarcookie,2,1
406,vanillawafer,13,1
406,chocolatewafer,3,1
406,chocolatebark,9,1
406,darkchocolate,18,1
406,milkchocolate,4,1
406,pocky,2,1
406,toblerone,5,1
406,lindtlindorchocolatetruffle,15,1
406,twix,14,1
406,caramel,2,1
406,peanutmms,3,1
406,brownie,2,1
406,frostedbrownie,2,1
406,lemoncake,3,1
407,orange,85,1
407,plum,1,1
407,blackberry,47,1
407,peach,1,1
407,cherry,1,1
407,raspberry,69,1
407,apple,2,1
407,grape,70,1
407,goldendeliciousapple,1,1
407,honeydewmelon,43,1
407,kiwi,92,1
407,greenbellpepper,2,1
407,carrot,1,1
407,peanuts,70,1
407,almonds,84,1
407,baguette,13,1
407,slicedloafbread,16,1
407,boulebread,18,1
407,ryebread,18,1
407,deliturkey,62,1
407,chickentenders,68,1
407,meatballs,93,1
407,gouda,1,1
407,swisscheese,1,1
407,potatochips,91,1
407,tortillachips,89,1
407,doritos,92,1
407,ritzcracker,79,1
407,saltinecracker,78,1
407,wheatthins,70,1
407,eggrolls,51,1
407,frenchfries,96,1
407,butteredpopcorn,88,1
407,triscuits,63,1
407,wavylays,93,1
407,chocolateicecreamcone,68,1
407,strawberryicecreamcone,54,1
407,vanillasoftservecone,52,1
407,nutrigrainbar,75,1
407,churro,33,1
407,twistdonut,38,1
407,tuilecookie,78,1
407,madeleine,73,1
407,oatmealraisincookie,59,1
407,thumprintcookie,72,1
407,sugarcookie,82,1
407,vanillawafer,54,1
407,chocolatewafer,93,1
407,chocolatebark,62,1
407,darkchocolate,86,1
407,milkchocolate,74,1
407,pocky,100,1
407,toblerone,38,1
407,lindtlindorchocolatetruffle,73,1
407,twix,86,1
407,caramel,9,1
407,peanutmms,75,1
407,brownie,74,1
407,frostedbrownie,57,1
407,lemoncake,29,1
408,orange,41,1
408,plum,6,1
408,blackberry,13,1
408,peach,34,1
408,cherry,62,1
408,raspberry,58,1
408,apple,35,1
408,grape,62,1
408,goldendeliciousapple,9,1
408,honeydewmelon,39,1
408,kiwi,39,1
408,greenbellpepper,2,1
408,carrot,2,1
408,peanuts,10,1
408,almonds,45,1
408,baguette,91,1
408,slicedloafbread,86,1
408,boulebread,95,1
408,ryebread,88,1
408,deliturkey,35,1
408,chickentenders,42,1
408,meatballs,71,1
408,gouda,44,1
408,swisscheese,7,1
408,potatochips,34,1
408,tortillachips,10,1
408,doritos,2,1
408,ritzcracker,6,1
408,saltinecracker,52,1
408,wheatthins,20,1
408,eggrolls,4,1
408,frenchfries,19,1
408,butteredpopcorn,60,1
408,triscuits,72,1
408,wavylays,11,1
408,chocolateicecreamcone,99,1
408,strawberryicecreamcone,63,1
408,vanillasoftservecone,63,1
408,nutrigrainbar,40,1
408,churro,69,1
408,twistdonut,23,1
408,tuilecookie,74,1
408,madeleine,3,1
408,oatmealraisincookie,12,1
408,thumprintcookie,32,1
408,sugarcookie,10,1
408,vanillawafer,16,1
408,chocolatewafer,65,1
408,chocolatebark,95,1
408,darkchocolate,87,1
408,milkchocolate,9,1
408,pocky,65,1
408,toblerone,46,1
408,lindtlindorchocolatetruffle,72,1
408,twix,90,1
408,caramel,79,1
408,peanutmms,25,1
408,brownie,84,1
408,frostedbrownie,95,1
408,lemoncake,11,1
409,orange,64,1
409,plum,51,1
409,blackberry,69,1
409,peach,49,1
409,cherry,23,1
409,raspberry,55,1
409,apple,87,1
409,grape,48,1
409,goldendeliciousapple,84,1
409,honeydewmelon,1,1
409,kiwi,74,1
409,greenbellpepper,1,1
409,carrot,55,1
409,peanuts,76,1
409,almonds,71,1
409,baguette,1,1
409,slicedloafbread,20,1
409,boulebread,69,1
409,ryebread,11,1
409,deliturkey,74,1
409,chickentenders,52,1
409,meatballs,62,1
409,gouda,83,1
409,swisscheese,65,1
409,potatochips,75,1
409,tortillachips,54,1
409,doritos,43,1
409,ritzcracker,51,1
409,saltinecracker,75,1
409,wheatthins,46,1
409,eggrolls,83,1
409,frenchfries,68,1
409,butteredpopcorn,60,1
409,triscuits,35,1
409,wavylays,59,1
409,chocolateicecreamcone,31,1
409,strawberryicecreamcone,7,1
409,vanillasoftservecone,64,1
409,nutrigrainbar,1,1
409,churro,33,1
409,twistdonut,8,1
409,tuilecookie,62,1
409,madeleine,29,1
409,oatmealraisincookie,1,1
409,thumprintcookie,33,1
409,sugarcookie,16,1
409,vanillawafer,16,1
409,chocolatewafer,9,1
409,chocolatebark,1,1
409,darkchocolate,68,1
409,milkchocolate,57,1
409,pocky,4,1
409,toblerone,1,1
409,lindtlindorchocolatetruffle,20,1
409,twix,26,1
409,caramel,29,1
409,peanutmms,34,1
409,brownie,21,1
409,frostedbrownie,7,1
409,lemoncake,32,1
410,orange,91,1
410,plum,57,1
410,blackberry,75,1
410,peach,39,1
410,cherry,39,1
410,raspberry,76,1
410,apple,66,1
410,grape,86,1
410,goldendeliciousapple,69,1
410,honeydewmelon,54,1
410,kiwi,80,1
410,greenbellpepper,46,1
410,carrot,68,1
410,peanuts,2,1
410,almonds,94,1
410,baguette,51,1
410,slicedloafbread,26,1
410,boulebread,51,1
410,ryebread,43,1
410,deliturkey,1,1
410,chickentenders,1,1
410,meatballs,2,1
410,gouda,39,1
410,swisscheese,67,1
410,potatochips,84,1
410,tortillachips,63,1
410,doritos,58,1
410,ritzcracker,44,1
410,saltinecracker,38,1
410,wheatthins,43,1
410,eggrolls,12,1
410,frenchfries,38,1
410,butteredpopcorn,65,1
410,triscuits,39,1
410,wavylays,54,1
410,chocolateicecreamcone,9,1
410,strawberryicecreamcone,16,1
410,vanillasoftservecone,23,1
410,nutrigrainbar,77,1
410,churro,11,1
410,twistdonut,28,1
410,tuilecookie,36,1
410,madeleine,25,1
410,oatmealraisincookie,38,1
410,thumprintcookie,35,1
410,sugarcookie,25,1
410,vanillawafer,44,1
410,chocolatewafer,14,1
410,chocolatebark,44,1
410,darkchocolate,53,1
410,milkchocolate,24,1
410,pocky,50,1
410,toblerone,5,1
410,lindtlindorchocolatetruffle,61,1
410,twix,15,1
410,caramel,57,1
410,peanutmms,33,1
410,brownie,16,1
410,frostedbrownie,40,1
410,lemoncake,8,1
411,orange,99,1
411,plum,99,1
411,blackberry,94,1
411,peach,100,1
411,cherry,99,1
411,raspberry,94,1
411,apple,95,1
411,grape,80,1
411,goldendeliciousapple,100,1
411,honeydewmelon,88,1
411,kiwi,75,1
411,greenbellpepper,12,1
411,carrot,99,1
411,peanuts,96,1
411,almonds,99,1
411,baguette,73,1
411,slicedloafbread,76,1
411,boulebread,86,1
411,ryebread,53,1
411,deliturkey,82,1
411,chickentenders,94,1
411,meatballs,16,1
411,gouda,92,1
411,swisscheese,96,1
411,potatochips,87,1
411,tortillachips,72,1
411,doritos,62,1
411,ritzcracker,95,1
411,saltinecracker,90,1
411,wheatthins,92,1
411,eggrolls,67,1
411,frenchfries,100,1
411,butteredpopcorn,91,1
411,triscuits,92,1
411,wavylays,95,1
411,chocolateicecreamcone,99,1
411,strawberryicecreamcone,99,1
411,vanillasoftservecone,98,1
411,nutrigrainbar,64,1
411,churro,39,1
411,twistdonut,94,1
411,tuilecookie,72,1
411,madeleine,62,1
411,oatmealraisincookie,97,1
411,thumprintcookie,88,1
411,sugarcookie,92,1
411,vanillawafer,76,1
411,chocolatewafer,75,1
411,chocolatebark,98,1
411,darkchocolate,90,1
411,milkchocolate,100,1
411,pocky,25,1
411,toblerone,100,1
411,lindtlindorchocolatetruffle,97,1
411,twix,100,1
411,caramel,93,1
411,peanutmms,100,1
411,brownie,100,1
411,frostedbrownie,99,1
411,lemoncake,98,1
412,orange,82,1
412,plum,70,1
412,blackberry,94,1
412,peach,81,1
412,cherry,79,1
412,raspberry,74,1
412,apple,60,1
412,grape,67,1
412,goldendeliciousapple,56,1
412,honeydewmelon,29,1
412,kiwi,68,1
412,greenbellpepper,67,1
412,carrot,65,1
412,peanuts,30,1
412,almonds,93,1
412,baguette,38,1
412,slicedloafbread,19,1
412,boulebread,34,1
412,ryebread,33,1
412,deliturkey,76,1
412,chickentenders,76,1
412,meatballs,68,1
412,gouda,81,1
412,swisscheese,68,1
412,potatochips,56,1
412,tortillachips,69,1
412,doritos,78,1
412,ritzcracker,64,1
412,saltinecracker,72,1
412,wheatthins,61,1
412,eggrolls,73,1
412,frenchfries,76,1
412,butteredpopcorn,33,1
412,triscuits,56,1
412,wavylays,74,1
412,chocolateicecreamcone,59,1
412,strawberryicecreamcone,64,1
412,vanillasoftservecone,59,1
412,nutrigrainbar,70,1
412,churro,38,1
412,twistdonut,62,1
412,tuilecookie,40,1
412,madeleine,38,1
412,oatmealraisincookie,73,1
412,thumprintcookie,31,1
412,sugarcookie,38,1
412,vanillawafer,65,1
412,chocolatewafer,71,1
412,chocolatebark,73,1
412,darkchocolate,68,1
412,milkchocolate,76,1
412,pocky,43,1
412,toblerone,74,1
412,lindtlindorchocolatetruffle,86,1
412,twix,77,1
412,caramel,57,1
412,peanutmms,80,1
412,brownie,77,1
412,frostedbrownie,61,1
412,lemoncake,65,1
413,orange,58,1
413,plum,73,1
413,blackberry,58,1
413,peach,69,1
413,cherry,54,1
413,raspberry,60,1
413,apple,77,1
413,grape,65,1
413,goldendeliciousapple,68,1
413,honeydewmelon,56,1
413,kiwi,61,1
413,greenbellpepper,30,1
413,carrot,48,1
413,peanuts,58,1
413,almonds,64,1
413,baguette,61,1
413,slicedloafbread,49,1
413,boulebread,65,1
413,ryebread,63,1
413,deliturkey,61,1
413,chickentenders,40,1
413,meatballs,21,1
413,gouda,30,1
413,swisscheese,33,1
413,potatochips,48,1
413,tortillachips,52,1
413,doritos,35,1
413,ritzcracker,38,1
413,saltinecracker,45,1
413,wheatthins,55,1
413,eggrolls,34,1
413,frenchfries,33,1
413,butteredpopcorn,52,1
413,triscuits,52,1
413,wavylays,48,1
413,chocolateicecreamcone,54,1
413,strawberryicecreamcone,50,1
413,vanillasoftservecone,56,1
413,nutrigrainbar,59,1
413,churro,52,1
413,twistdonut,54,1
413,tuilecookie,51,1
413,madeleine,41,1
413,oatmealraisincookie,57,1
413,thumprintcookie,52,1
413,sugarcookie,48,1
413,vanillawafer,59,1
413,chocolatewafer,60,1
413,chocolatebark,77,1
413,darkchocolate,56,1
413,milkchocolate,69,1
413,pocky,59,1
413,toblerone,61,1
413,lindtlindorchocolatetruffle,60,1
413,twix,65,1
413,caramel,51,1
413,peanutmms,61,1
413,brownie,45,1
413,frostedbrownie,43,1
413,lemoncake,63,1
414,orange,60,1
414,plum,65,1
414,blackberry,65,1
414,peach,51,1
414,cherry,62,1
414,raspberry,61,1
414,apple,65,1
414,grape,69,1
414,goldendeliciousapple,54,1
414,honeydewmelon,2,1
414,kiwi,54,1
414,greenbellpepper,17,1
414,carrot,31,1
414,peanuts,35,1
414,almonds,60,1
414,baguette,13,1
414,slicedloafbread,23,1
414,boulebread,24,1
414,ryebread,20,1
414,deliturkey,62,1
414,chickentenders,59,1
414,meatballs,66,1
414,gouda,40,1
414,swisscheese,41,1
414,potatochips,32,1
414,tortillachips,32,1
414,doritos,32,1
414,ritzcracker,59,1
414,saltinecracker,11,1
414,wheatthins,14,1
414,eggrolls,30,1
414,frenchfries,57,1
414,butteredpopcorn,16,1
414,triscuits,1,1
414,wavylays,56,1
414,chocolateicecreamcone,99,1
414,strawberryicecreamcone,84,1
414,vanillasoftservecone,74,1
414,nutrigrainbar,15,1
414,churro,41,1
414,twistdonut,12,1
414,tuilecookie,22,1
414,madeleine,1,1
414,oatmealraisincookie,89,1
414,thumprintcookie,78,1
414,sugarcookie,27,1
414,vanillawafer,63,1
414,chocolatewafer,88,1
414,chocolatebark,93,1
414,darkchocolate,96,1
414,milkchocolate,89,1
414,pocky,83,1
414,toblerone,99,1
414,lindtlindorchocolatetruffle,87,1
414,twix,99,1
414,caramel,68,1
414,peanutmms,98,1
414,brownie,99,1
414,frostedbrownie,98,1
414,lemoncake,23,1
415,orange,81,1
415,plum,61,1
415,blackberry,60,1
415,peach,65,1
415,cherry,59,1
415,raspberry,64,1
415,apple,88,1
415,grape,60,1
415,goldendeliciousapple,76,1
415,honeydewmelon,16,1
415,kiwi,53,1
415,greenbellpepper,57,1
415,carrot,38,1
415,peanuts,58,1
415,almonds,47,1
415,baguette,48,1
415,slicedloafbread,3,1
415,boulebread,46,1
415,ryebread,67,1
415,deliturkey,43,1
415,chickentenders,52,1
415,meatballs,55,1
415,gouda,53,1
415,swisscheese,79,1
415,potatochips,1,1
415,tortillachips,69,1
415,doritos,26,1
415,ritzcracker,27,1
415,saltinecracker,9,1
415,wheatthins,18,1
415,eggrolls,58,1
415,frenchfries,4,1
415,butteredpopcorn,30,1
415,triscuits,34,1
415,wavylays,4,1
415,chocolateicecreamcone,66,1
415,strawberryicecreamcone,59,1
415,vanillasoftservecone,52,1
415,nutrigrainbar,48,1
415,churro,45,1
415,twistdonut,53,1
415,tuilecookie,55,1
415,madeleine,62,1
415,oatmealraisincookie,59,1
415,thumprintcookie,36,1
415,sugarcookie,65,1
415,vanillawafer,40,1
415,chocolatewafer,61,1
415,chocolatebark,44,1
415,darkchocolate,67,1
415,milkchocolate,72,1
415,pocky,51,1
415,toblerone,56,1
415,lindtlindorchocolatetruffle,57,1
415,twix,55,1
415,caramel,34,1
415,peanutmms,61,1
415,brownie,68,1
415,frostedbrownie,58,1
415,lemoncake,20,1
416,orange,62,1
416,plum,12,1
416,blackberry,72,1
416,peach,15,1
416,cherry,36,1
416,raspberry,42,1
416,apple,28,1
416,grape,74,1
416,goldendeliciousapple,13,1
416,honeydewmelon,8,1
416,kiwi,1,1
416,greenbellpepper,1,1
416,carrot,11,1
416,peanuts,70,1
416,almonds,79,1
416,baguette,23,1
416,slicedloafbread,35,1
416,boulebread,22,1
416,ryebread,23,1
416,deliturkey,78,1
416,chickentenders,41,1
416,meatballs,24,1
416,gouda,18,1
416,swisscheese,26,1
416,potatochips,91,1
416,tortillachips,87,1
416,doritos,94,1
416,ritzcracker,73,1
416,saltinecracker,53,1
416,wheatthins,87,1
416,eggrolls,50,1
416,frenchfries,70,1
416,butteredpopcorn,81,1
416,triscuits,83,1
416,wavylays,95,1
416,chocolateicecreamcone,11,1
416,strawberryicecreamcone,16,1
416,vanillasoftservecone,25,1
416,nutrigrainbar,77,1
416,churro,21,1
416,twistdonut,22,1
416,tuilecookie,18,1
416,madeleine,14,1
416,oatmealraisincookie,59,1
416,thumprintcookie,41,1
416,sugarcookie,45,1
416,vanillawafer,94,1
416,chocolatewafer,59,1
416,chocolatebark,14,1
416,darkchocolate,73,1
416,milkchocolate,70,1
416,pocky,7,1
416,toblerone,77,1
416,lindtlindorchocolatetruffle,74,1
416,twix,60,1
416,caramel,61,1
416,peanutmms,58,1
416,brownie,45,1
416,frostedbrownie,36,1
416,lemoncake,30,1
417,orange,74,1
417,plum,58,1
417,blackberry,58,1
417,peach,51,1
417,cherry,79,1
417,raspberry,65,1
417,apple,67,1
417,grape,63,1
417,goldendeliciousapple,62,1
417,honeydewmelon,40,1
417,kiwi,59,1
417,greenbellpepper,27,1
417,carrot,57,1
417,peanuts,69,1
417,almonds,71,1
417,baguette,43,1
417,slicedloafbread,42,1
417,boulebread,45,1
417,ryebread,43,1
417,deliturkey,64,1
417,chickentenders,85,1
417,meatballs,54,1
417,gouda,35,1
417,swisscheese,57,1
417,potatochips,64,1
417,tortillachips,61,1
417,doritos,59,1
417,ritzcracker,55,1
417,saltinecracker,45,1
417,wheatthins,41,1
417,eggrolls,57,1
417,frenchfries,61,1
417,butteredpopcorn,43,1
417,triscuits,40,1
417,wavylays,61,1
417,chocolateicecreamcone,66,1
417,strawberryicecreamcone,68,1
417,vanillasoftservecone,72,1
417,nutrigrainbar,55,1
417,churro,65,1
417,twistdonut,68,1
417,tuilecookie,58,1
417,madeleine,63,1
417,oatmealraisincookie,61,1
417,thumprintcookie,49,1
417,sugarcookie,58,1
417,vanillawafer,63,1
417,chocolatewafer,67,1
417,chocolatebark,58,1
417,darkchocolate,62,1
417,milkchocolate,60,1
417,pocky,61,1
417,toblerone,60,1
417,lindtlindorchocolatetruffle,57,1
417,twix,80,1
417,caramel,66,1
417,peanutmms,62,1
417,brownie,74,1
417,frostedbrownie,70,1
417,lemoncake,48,1
418,orange,99,1
418,plum,1,1
418,blackberry,99,1
418,peach,100,1
418,cherry,99,1
418,raspberry,100,1
418,apple,100,1
418,grape,96,1
418,goldendeliciousapple,2,1
418,honeydewmelon,1,1
418,kiwi,50,1
418,greenbellpepper,3,1
418,carrot,3,1
418,peanuts,2,1
418,almonds,100,1
418,baguette,1,1
418,slicedloafbread,3,1
418,boulebread,2,1
418,ryebread,3,1
418,deliturkey,2,1
418,chickentenders,3,1
418,meatballs,2,1
418,gouda,48,1
418,swisscheese,98,1
418,potatochips,3,1
418,tortillachips,1,1
418,doritos,1,1
418,ritzcracker,2,1
418,saltinecracker,1,1
418,wheatthins,3,1
418,eggrolls,1,1
418,frenchfries,100,1
418,butteredpopcorn,1,1
418,triscuits,1,1
418,wavylays,1,1
418,chocolateicecreamcone,99,1
418,strawberryicecreamcone,49,1
418,vanillasoftservecone,99,1
418,nutrigrainbar,1,1
418,churro,4,1
418,twistdonut,2,1
418,tuilecookie,3,1
418,madeleine,1,1
418,oatmealraisincookie,48,1
418,thumprintcookie,1,1
418,sugarcookie,1,1
418,vanillawafer,1,1
418,chocolatewafer,3,1
418,chocolatebark,51,1
418,darkchocolate,49,1
418,milkchocolate,50,1
418,pocky,1,1
418,toblerone,49,1
418,lindtlindorchocolatetruffle,49,1
418,twix,2,1
418,caramel,49,1
418,peanutmms,1,1
418,brownie,100,1
418,frostedbrownie,100,1
418,lemoncake,48,1
419,orange,56,1
419,plum,70,1
419,blackberry,77,1
419,peach,17,1
419,cherry,77,1
419,raspberry,87,1
419,apple,63,1
419,grape,71,1
419,goldendeliciousapple,21,1
419,honeydewmelon,5,1
419,kiwi,56,1
419,greenbellpepper,49,1
419,carrot,30,1
419,peanuts,93,1
419,almonds,81,1
419,baguette,53,1
419,slicedloafbread,40,1
419,boulebread,34,1
419,ryebread,25,1
419,deliturkey,20,1
419,chickentenders,84,1
419,meatballs,8,1
419,gouda,79,1
419,swisscheese,67,1
419,potatochips,54,1
419,tortillachips,66,1
419,doritos,65,1
419,ritzcracker,10,1
419,saltinecracker,19,1
419,wheatthins,6,1
419,eggrolls,13,1
419,frenchfries,71,1
419,butteredpopcorn,83,1
419,triscuits,9,1
419,wavylays,71,1
419,chocolateicecreamcone,86,1
419,strawberryicecreamcone,74,1
419,vanillasoftservecone,69,1
419,nutrigrainbar,2,1
419,churro,58,1
419,twistdonut,88,1
419,tuilecookie,42,1
419,madeleine,47,1
419,oatmealraisincookie,18,1
419,thumprintcookie,35,1
419,sugarcookie,32,1
419,vanillawafer,50,1
419,chocolatewafer,20,1
419,chocolatebark,35,1
419,darkchocolate,83,1
419,milkchocolate,77,1
419,pocky,72,1
419,toblerone,73,1
419,lindtlindorchocolatetruffle,61,1
419,twix,69,1
419,caramel,60,1
419,peanutmms,51,1
419,brownie,91,1
419,frostedbrownie,65,1
419,lemoncake,15,1
420,orange,61,1
420,plum,73,1
420,blackberry,12,1
420,peach,77,1
420,cherry,14,1
420,raspberry,20,1
420,apple,55,1
420,grape,51,1
420,goldendeliciousapple,53,1
420,honeydewmelon,3,1
420,kiwi,78,1
420,greenbellpepper,20,1
420,carrot,38,1
420,peanuts,2,1
420,almonds,3,1
420,baguette,58,1
420,slicedloafbread,50,1
420,boulebread,98,1
420,ryebread,99,1
420,deliturkey,97,1
420,chickentenders,98,1
420,meatballs,61,1
420,gouda,98,1
420,swisscheese,98,1
420,potatochips,77,1
420,tortillachips,47,1
420,doritos,49,1
420,ritzcracker,41,1
420,saltinecracker,62,1
420,wheatthins,41,1
420,eggrolls,99,1
420,frenchfries,63,1
420,butteredpopcorn,3,1
420,triscuits,3,1
420,wavylays,3,1
420,chocolateicecreamcone,100,1
420,strawberryicecreamcone,98,1
420,vanillasoftservecone,100,1
420,nutrigrainbar,33,1
420,churro,51,1
420,twistdonut,99,1
420,tuilecookie,30,1
420,madeleine,54,1
420,oatmealraisincookie,99,1
420,thumprintcookie,97,1
420,sugarcookie,99,1
420,vanillawafer,99,1
420,chocolatewafer,98,1
420,chocolatebark,98,1
420,darkchocolate,99,1
420,milkchocolate,100,1
420,pocky,99,1
420,toblerone,99,1
420,lindtlindorchocolatetruffle,99,1
420,twix,99,1
420,caramel,100,1
420,peanutmms,100,1
420,brownie,98,1
420,frostedbrownie,100,1
420,lemoncake,98,1
421,orange,99,1
421,plum,100,1
421,blackberry,99,1
421,peach,100,1
421,cherry,99,1
421,raspberry,99,1
421,apple,99,1
421,grape,99,1
421,goldendeliciousapple,99,1
421,honeydewmelon,99,1
421,kiwi,100,1
421,greenbellpepper,99,1
421,carrot,99,1
421,peanuts,78,1
421,almonds,81,1
421,baguette,48,1
421,slicedloafbread,53,1
421,boulebread,50,1
421,ryebread,49,1
421,deliturkey,50,1
421,chickentenders,48,1
421,meatballs,32,1
421,gouda,85,1
421,swisscheese,79,1
421,potatochips,49,1
421,tortillachips,51,1
421,doritos,51,1
421,ritzcracker,49,1
421,saltinecracker,48,1
421,wheatthins,48,1
421,eggrolls,25,1
421,frenchfries,50,1
421,butteredpopcorn,25,1
421,triscuits,49,1
421,wavylays,51,1
421,chocolateicecreamcone,79,1
421,strawberryicecreamcone,81,1
421,vanillasoftservecone,84,1
421,nutrigrainbar,50,1
421,churro,26,1
421,twistdonut,51,1
421,tuilecookie,29,1
421,madeleine,26,1
421,oatmealraisincookie,49,1
421,thumprintcookie,49,1
421,sugarcookie,50,1
421,vanillawafer,49,1
421,chocolatewafer,51,1
421,chocolatebark,81,1
421,darkchocolate,82,1
421,milkchocolate,80,1
421,pocky,25,1
421,toblerone,83,1
421,lindtlindorchocolatetruffle,82,1
421,twix,80,1
421,caramel,83,1
421,peanutmms,76,1
421,brownie,82,1
421,frostedbrownie,78,1
421,lemoncake,82,1
422,orange,62,1
422,plum,72,1
422,blackberry,62,1
422,peach,64,1
422,cherry,67,1
422,raspberry,55,1
422,apple,68,1
422,grape,65,1
422,goldendeliciousapple,63,1
422,honeydewmelon,58,1
422,kiwi,51,1
422,greenbellpepper,66,1
422,carrot,42,1
422,peanuts,58,1
422,almonds,68,1
422,baguette,59,1
422,slicedloafbread,44,1
422,boulebread,48,1
422,ryebread,53,1
422,deliturkey,72,1
422,chickentenders,82,1
422,meatballs,62,1
422,gouda,51,1
422,swisscheese,76,1
422,potatochips,57,1
422,tortillachips,63,1
422,doritos,71,1
422,ritzcracker,54,1
422,saltinecracker,33,1
422,wheatthins,41,1
422,eggrolls,54,1
422,frenchfries,66,1
422,butteredpopcorn,60,1
422,triscuits,61,1
422,wavylays,67,1
422,chocolateicecreamcone,59,1
422,strawberryicecreamcone,39,1
422,vanillasoftservecone,71,1
422,nutrigrainbar,57,1
422,churro,60,1
422,twistdonut,56,1
422,tuilecookie,64,1
422,madeleine,58,1
422,oatmealraisincookie,51,1
422,thumprintcookie,51,1
422,sugarcookie,64,1
422,vanillawafer,63,1
422,chocolatewafer,65,1
422,chocolatebark,56,1
422,darkchocolate,68,1
422,milkchocolate,62,1
422,pocky,51,1
422,toblerone,75,1
422,lindtlindorchocolatetruffle,63,1
422,twix,64,1
422,caramel,61,1
422,peanutmms,65,1
422,brownie,51,1
422,frostedbrownie,52,1
422,lemoncake,70,1
423,orange,71,1
423,plum,41,1
423,blackberry,76,1
423,peach,2,1
423,cherry,34,1
423,raspberry,84,1
423,apple,52,1
423,grape,27,1
423,goldendeliciousapple,32,1
423,honeydewmelon,29,1
423,kiwi,38,1
423,greenbellpepper,1,1
423,carrot,4,1
423,peanuts,41,1
423,almonds,62,1
423,baguette,99,1
423,slicedloafbread,100,1
423,boulebread,99,1
423,ryebread,86,1
423,deliturkey,60,1
423,chickentenders,65,1
423,meatballs,30,1
423,gouda,19,1
423,swisscheese,43,1
423,potatochips,59,1
423,tortillachips,36,1
423,doritos,43,1
423,ritzcracker,50,1
423,saltinecracker,44,1
423,wheatthins,71,1
423,eggrolls,34,1
423,frenchfries,74,1
423,butteredpopcorn,25,1
423,triscuits,41,1
423,wavylays,67,1
423,chocolateicecreamcone,99,1
423,strawberryicecreamcone,98,1
423,vanillasoftservecone,99,1
423,nutrigrainbar,28,1
423,churro,37,1
423,twistdonut,2,1
423,tuilecookie,25,1
423,madeleine,34,1
423,oatmealraisincookie,68,1
423,thumprintcookie,65,1
423,sugarcookie,23,1
423,vanillawafer,1,1
423,chocolatewafer,1,1
423,chocolatebark,42,1
423,darkchocolate,26,1
423,milkchocolate,48,1
423,pocky,40,1
423,toblerone,29,1
423,lindtlindorchocolatetruffle,25,1
423,twix,50,1
423,caramel,25,1
423,peanutmms,31,1
423,brownie,81,1
423,frostedbrownie,91,1
423,lemoncake,32,1
424,orange,66,1
424,plum,61,1
424,blackberry,78,1
424,peach,65,1
424,cherry,42,1
424,raspberry,70,1
424,apple,81,1
424,grape,97,1
424,goldendeliciousapple,53,1
424,honeydewmelon,62,1
424,kiwi,62,1
424,greenbellpepper,18,1
424,carrot,66,1
424,peanuts,70,1
424,almonds,60,1
424,baguette,44,1
424,slicedloafbread,8,1
424,boulebread,67,1
424,ryebread,62,1
424,deliturkey,29,1
424,chickentenders,37,1
424,meatballs,53,1
424,gouda,70,1
424,swisscheese,75,1
424,potatochips,37,1
424,tortillachips,24,1
424,doritos,25,1
424,ritzcracker,48,1
424,saltinecracker,67,1
424,wheatthins,43,1
424,eggrolls,57,1
424,frenchfries,14,1
424,butteredpopcorn,56,1
424,triscuits,49,1
424,wavylays,60,1
424,chocolateicecreamcone,41,1
424,strawberryicecreamcone,44,1
424,vanillasoftservecone,58,1
424,nutrigrainbar,59,1
424,churro,51,1
424,twistdonut,57,1
424,tuilecookie,56,1
424,madeleine,64,1
424,oatmealraisincookie,63,1
424,thumprintcookie,53,1
424,sugarcookie,38,1
424,vanillawafer,66,1
424,chocolatewafer,74,1
424,chocolatebark,61,1
424,darkchocolate,77,1
424,milkchocolate,74,1
424,pocky,13,1
424,toblerone,60,1
424,lindtlindorchocolatetruffle,63,1
424,twix,66,1
424,caramel,81,1
424,peanutmms,49,1
424,brownie,89,1
424,frostedbrownie,83,1
424,lemoncake,79,1
425,orange,99,1
425,plum,98,1
425,blackberry,98,1
425,peach,99,1
425,cherry,99,1
425,raspberry,97,1
425,apple,98,1
425,grape,99,1
425,goldendeliciousapple,98,1
425,honeydewmelon,99,1
425,kiwi,99,1
425,greenbellpepper,94,1
425,carrot,99,1
425,peanuts,82,1
425,almonds,98,1
425,baguette,4,1
425,slicedloafbread,2,1
425,boulebread,2,1
425,ryebread,12,1
425,deliturkey,5,1
425,chickentenders,3,1
425,meatballs,6,1
425,gouda,3,1
425,swisscheese,100,1
425,potatochips,3,1
425,tortillachips,3,1
425,doritos,2,1
425,ritzcracker,2,1
425,saltinecracker,2,1
425,wheatthins,2,1
425,eggrolls,5,1
425,frenchfries,4,1
425,butteredpopcorn,3,1
425,triscuits,3,1
425,wavylays,2,1
425,chocolateicecreamcone,3,1
425,strawberryicecreamcone,3,1
425,vanillasoftservecone,2,1
425,nutrigrainbar,5,1
425,churro,8,1
425,twistdonut,2,1
425,tuilecookie,4,1
425,madeleine,2,1
425,oatmealraisincookie,5,1
425,thumprintcookie,3,1
425,sugarcookie,3,1
425,vanillawafer,2,1
425,chocolatewafer,4,1
425,chocolatebark,50,1
425,darkchocolate,3,1
425,milkchocolate,3,1
425,pocky,4,1
425,toblerone,4,1
425,lindtlindorchocolatetruffle,5,1
425,twix,3,1
425,caramel,4,1
425,peanutmms,4,1
425,brownie,5,1
425,frostedbrownie,99,1
425,lemoncake,2,1
426,orange,67,1
426,plum,9,1
426,blackberry,31,1
426,peach,57,1
426,cherry,60,1
426,raspberry,49,1
426,apple,94,1
426,grape,62,1
426,goldendeliciousapple,66,1
426,honeydewmelon,3,1
426,kiwi,4,1
426,greenbellpepper,2,1
426,carrot,42,1
426,peanuts,67,1
426,almonds,77,1
426,baguette,9,1
426,slicedloafbread,24,1
426,boulebread,7,1
426,ryebread,37,1
426,deliturkey,11,1
426,chickentenders,65,1
426,meatballs,18,1
426,gouda,29,1
426,swisscheese,8,1
426,potatochips,45,1
426,tortillachips,7,1
426,doritos,12,1
426,ritzcracker,22,1
426,saltinecracker,16,1
426,wheatthins,22,1
426,eggrolls,18,1
426,frenchfries,34,1
426,butteredpopcorn,10,1
426,triscuits,5,1
426,wavylays,30,1
426,chocolateicecreamcone,19,1
426,strawberryicecreamcone,13,1
426,vanillasoftservecone,14,1
426,nutrigrainbar,13,1
426,churro,14,1
426,twistdonut,54,1
426,tuilecookie,6,1
426,madeleine,11,1
426,oatmealraisincookie,47,1
426,thumprintcookie,16,1
426,sugarcookie,4,1
426,vanillawafer,4,1
426,chocolatewafer,2,1
426,chocolatebark,7,1
426,darkchocolate,56,1
426,milkchocolate,29,1
426,pocky,3,1
426,toblerone,27,1
426,lindtlindorchocolatetruffle,68,1
426,twix,2,1
426,caramel,3,1
426,peanutmms,3,1
426,brownie,64,1
426,frostedbrownie,70,1
426,lemoncake,67,1
427,orange,2,1
427,plum,2,1
427,blackberry,2,1
427,peach,4,1
427,cherry,3,1
427,raspberry,2,1
427,apple,2,1
427,grape,8,1
427,goldendeliciousapple,3,1
427,honeydewmelon,3,1
427,kiwi,2,1
427,greenbellpepper,2,1
427,carrot,18,1
427,peanuts,3,1
427,almonds,18,1
427,baguette,48,1
427,slicedloafbread,50,1
427,boulebread,51,1
427,ryebread,50,1
427,deliturkey,3,1
427,chickentenders,74,1
427,meatballs,2,1
427,gouda,18,1
427,swisscheese,11,1
427,potatochips,93,1
427,tortillachips,85,1
427,doritos,71,1
427,ritzcracker,1,1
427,saltinecracker,17,1
427,wheatthins,13,1
427,eggrolls,2,1
427,frenchfries,96,1
427,butteredpopcorn,18,1
427,triscuits,3,1
427,wavylays,92,1
427,chocolateicecreamcone,17,1
427,strawberryicecreamcone,2,1
427,vanillasoftservecone,9,1
427,nutrigrainbar,2,1
427,churro,4,1
427,twistdonut,6,1
427,tuilecookie,4,1
427,madeleine,13,1
427,oatmealraisincookie,2,1
427,thumprintcookie,3,1
427,sugarcookie,69,1
427,vanillawafer,1,1
427,chocolatewafer,1,1
427,chocolatebark,12,1
427,darkchocolate,16,1
427,milkchocolate,15,1
427,pocky,3,1
427,toblerone,5,1
427,lindtlindorchocolatetruffle,50,1
427,twix,50,1
427,caramel,3,1
427,peanutmms,46,1
427,brownie,64,1
427,frostedbrownie,73,1
427,lemoncake,2,1
428,orange,70,1
428,plum,3,1
428,blackberry,4,1
428,peach,2,1
428,cherry,8,1
428,raspberry,5,1
428,apple,84,1
428,grape,56,1
428,goldendeliciousapple,84,1
428,honeydewmelon,6,1
428,kiwi,5,1
428,greenbellpepper,1,1
428,carrot,51,1
428,peanuts,10,1
428,almonds,50,1
428,baguette,51,1
428,slicedloafbread,5,1
428,boulebread,30,1
428,ryebread,35,1
428,deliturkey,1,1
428,chickentenders,1,1
428,meatballs,1,1
428,gouda,27,1
428,swisscheese,18,1
428,potatochips,75,1
428,tortillachips,78,1
428,doritos,76,1
428,ritzcracker,51,1
428,saltinecracker,63,1
428,wheatthins,63,1
428,eggrolls,4,1
428,frenchfries,61,1
428,butteredpopcorn,66,1
428,triscuits,19,1
428,wavylays,65,1
428,chocolateicecreamcone,25,1
428,strawberryicecreamcone,5,1
428,vanillasoftservecone,11,1
428,nutrigrainbar,51,1
428,churro,59,1
428,twistdonut,51,1
428,tuilecookie,13,1
428,madeleine,19,1
428,oatmealraisincookie,51,1
428,thumprintcookie,39,1
428,sugarcookie,60,1
428,vanillawafer,62,1
428,chocolatewafer,81,1
428,chocolatebark,61,1
428,darkchocolate,65,1
428,milkchocolate,51,1
428,pocky,51,1
428,toblerone,51,1
428,lindtlindorchocolatetruffle,41,1
428,twix,78,1
428,caramel,11,1
428,peanutmms,74,1
428,brownie,51,1
428,frostedbrownie,42,1
428,lemoncake,22,1
429,orange,51,1
429,plum,49,1
429,blackberry,48,1
429,peach,75,1
429,cherry,86,1
429,raspberry,50,1
429,apple,40,1
429,grape,76,1
429,goldendeliciousapple,51,1
429,honeydewmelon,42,1
429,kiwi,49,1
429,greenbellpepper,1,1
429,carrot,17,1
429,peanuts,7,1
429,almonds,23,1
429,baguette,11,1
429,slicedloafbread,7,1
429,boulebread,14,1
429,ryebread,21,1
429,deliturkey,10,1
429,chickentenders,25,1
429,meatballs,82,1
429,gouda,91,1
429,swisscheese,77,1
429,potatochips,51,1
429,tortillachips,10,1
429,doritos,36,1
429,ritzcracker,1,1
429,saltinecracker,7,1
429,wheatthins,1,1
429,eggrolls,66,1
429,frenchfries,68,1
429,butteredpopcorn,39,1
429,triscuits,1,1
429,wavylays,11,1
429,chocolateicecreamcone,41,1
429,strawberryicecreamcone,58,1
429,vanillasoftservecone,66,1
429,nutrigrainbar,40,1
429,churro,89,1
429,twistdonut,55,1
429,tuilecookie,12,1
429,madeleine,31,1
429,oatmealraisincookie,63,1
429,thumprintcookie,21,1
429,sugarcookie,61,1
429,vanillawafer,1,1
429,chocolatewafer,1,1
429,chocolatebark,50,1
429,darkchocolate,64,1
429,milkchocolate,50,1
429,pocky,26,1
429,toblerone,51,1
429,lindtlindorchocolatetruffle,51,1
429,twix,49,1
429,caramel,32,1
429,peanutmms,65,1
429,brownie,78,1
429,frostedbrownie,84,1
429,lemoncake,27,1
430,orange,68,1
430,plum,94,1
430,blackberry,72,1
430,peach,76,1
430,cherry,2,1
430,raspberry,91,1
430,apple,89,1
430,grape,99,1
430,goldendeliciousapple,100,1
430,honeydewmelon,64,1
430,kiwi,81,1
430,greenbellpepper,84,1
430,carrot,5,1
430,peanuts,66,1
430,almonds,52,1
430,baguette,20,1
430,slicedloafbread,26,1
430,boulebread,7,1
430,ryebread,20,1
430,deliturkey,91,1
430,chickentenders,70,1
430,meatballs,68,1
430,gouda,71,1
430,swisscheese,80,1
430,potatochips,57,1
430,tortillachips,51,1
430,doritos,83,1
430,ritzcracker,88,1
430,saltinecracker,9,1
430,wheatthins,34,1
430,eggrolls,52,1
430,frenchfries,92,1
430,butteredpopcorn,48,1
430,triscuits,28,1
430,wavylays,78,1
430,chocolateicecreamcone,22,1
430,strawberryicecreamcone,78,1
430,vanillasoftservecone,100,1
430,nutrigrainbar,75,1
430,churro,88,1
430,twistdonut,86,1
430,tuilecookie,67,1
430,madeleine,49,1
430,oatmealraisincookie,24,1
430,thumprintcookie,74,1
430,sugarcookie,83,1
430,vanillawafer,80,1
430,chocolatewafer,70,1
430,chocolatebark,23,1
430,darkchocolate,78,1
430,milkchocolate,79,1
430,pocky,49,1
430,toblerone,74,1
430,lindtlindorchocolatetruffle,87,1
430,twix,75,1
430,caramel,50,1
430,peanutmms,85,1
430,brownie,86,1
430,frostedbrownie,90,1
430,lemoncake,79,1
431,orange,82,1
431,plum,71,1
431,blackberry,6,1
431,peach,67,1
431,cherry,88,1
431,raspberry,93,1
431,apple,87,1
431,grape,79,1
431,goldendeliciousapple,82,1
431,honeydewmelon,61,1
431,kiwi,79,1
431,greenbellpepper,34,1
431,carrot,20,1
431,peanuts,16,1
431,almonds,72,1
431,baguette,16,1
431,slicedloafbread,4,1
431,boulebread,5,1
431,ryebread,6,1
431,deliturkey,76,1
431,chickentenders,81,1
431,meatballs,89,1
431,gouda,83,1
431,swisscheese,71,1
431,potatochips,19,1
431,tortillachips,17,1
431,doritos,16,1
431,ritzcracker,17,1
431,saltinecracker,39,1
431,wheatthins,26,1
431,eggrolls,66,1
431,frenchfries,33,1
431,butteredpopcorn,8,1
431,triscuits,36,1
431,wavylays,26,1
431,chocolateicecreamcone,15,1
431,strawberryicecreamcone,36,1
431,vanillasoftservecone,24,1
431,nutrigrainbar,18,1
431,churro,11,1
431,twistdonut,2,1
431,tuilecookie,24,1
431,madeleine,10,1
431,oatmealraisincookie,60,1
431,thumprintcookie,7,1
431,sugarcookie,63,1
431,vanillawafer,9,1
431,chocolatewafer,8,1
431,chocolatebark,26,1
431,darkchocolate,42,1
431,milkchocolate,39,1
431,pocky,17,1
431,toblerone,21,1
431,lindtlindorchocolatetruffle,28,1
431,twix,6,1
431,caramel,13,1
431,peanutmms,11,1
431,brownie,34,1
431,frostedbrownie,66,1
431,lemoncake,11,1
432,orange,66,1
432,plum,2,1
432,blackberry,79,1
432,peach,2,1
432,cherry,74,1
432,raspberry,58,1
432,apple,2,1
432,grape,82,1
432,goldendeliciousapple,2,1
432,honeydewmelon,2,1
432,kiwi,1,1
432,greenbellpepper,15,1
432,carrot,3,1
432,peanuts,3,1
432,almonds,3,1
432,baguette,1,1
432,slicedloafbread,1,1
432,boulebread,2,1
432,ryebread,2,1
432,deliturkey,22,1
432,chickentenders,56,1
432,meatballs,2,1
432,gouda,48,1
432,swisscheese,100,1
432,potatochips,53,1
432,tortillachips,49,1
432,doritos,67,1
432,ritzcracker,52,1
432,saltinecracker,52,1
432,wheatthins,42,1
432,eggrolls,92,1
432,frenchfries,14,1
432,butteredpopcorn,79,1
432,triscuits,3,1
432,wavylays,22,1
432,chocolateicecreamcone,51,1
432,strawberryicecreamcone,56,1
432,vanillasoftservecone,53,1
432,nutrigrainbar,2,1
432,churro,16,1
432,twistdonut,19,1
432,tuilecookie,45,1
432,madeleine,2,1
432,oatmealraisincookie,2,1
432,thumprintcookie,3,1
432,sugarcookie,17,1
432,vanillawafer,28,1
432,chocolatewafer,14,1
432,chocolatebark,2,1
432,darkchocolate,66,1
432,milkchocolate,71,1
432,pocky,2,1
432,toblerone,58,1
432,lindtlindorchocolatetruffle,3,1
432,twix,71,1
432,caramel,2,1
432,peanutmms,61,1
432,brownie,51,1
432,frostedbrownie,31,1
432,lemoncake,2,1
433,orange,17,1
433,plum,6,1
433,blackberry,2,1
433,peach,1,1
433,cherry,2,1
433,raspberry,2,1
433,apple,3,1
433,grape,3,1
433,goldendeliciousapple,2,1
433,honeydewmelon,2,1
433,kiwi,1,1
433,greenbellpepper,1,1
433,carrot,2,1
433,peanuts,49,1
433,almonds,13,1
433,baguette,69,1
433,slicedloafbread,41,1
433,boulebread,66,1
433,ryebread,68,1
433,deliturkey,3,1
433,chickentenders,12,1
433,meatballs,46,1
433,gouda,54,1
433,swisscheese,32,1
433,potatochips,83,1
433,tortillachips,81,1
433,doritos,77,1
433,ritzcracker,69,1
433,saltinecracker,53,1
433,wheatthins,73,1
433,eggrolls,67,1
433,frenchfries,92,1
433,butteredpopcorn,34,1
433,triscuits,67,1
433,wavylays,75,1
433,chocolateicecreamcone,99,1
433,strawberryicecreamcone,89,1
433,vanillasoftservecone,98,1
433,nutrigrainbar,19,1
433,churro,91,1
433,twistdonut,83,1
433,tuilecookie,51,1
433,madeleine,70,1
433,oatmealraisincookie,87,1
433,thumprintcookie,73,1
433,sugarcookie,94,1
433,vanillawafer,68,1
433,chocolatewafer,92,1
433,chocolatebark,78,1
433,darkchocolate,74,1
433,milkchocolate,84,1
433,pocky,48,1
433,toblerone,82,1
433,lindtlindorchocolatetruffle,64,1
433,twix,93,1
433,caramel,77,1
433,peanutmms,97,1
433,brownie,94,1
433,frostedbrownie,96,1
433,lemoncake,61,1
434,orange,99,1
434,plum,99,1
434,blackberry,98,1
434,peach,99,1
434,cherry,71,1
434,raspberry,99,1
434,apple,99,1
434,grape,98,1
434,goldendeliciousapple,98,1
434,honeydewmelon,98,1
434,kiwi,98,1
434,greenbellpepper,2,1
434,carrot,98,1
434,peanuts,99,1
434,almonds,69,1
434,baguette,78,1
434,slicedloafbread,63,1
434,boulebread,70,1
434,ryebread,98,1
434,deliturkey,75,1
434,chickentenders,99,1
434,meatballs,99,1
434,gouda,99,1
434,swisscheese,99,1
434,potatochips,100,1
434,tortillachips,90,1
434,doritos,98,1
434,ritzcracker,99,1
434,saltinecracker,99,1
434,wheatthins,99,1
434,eggrolls,98,1
434,frenchfries,99,1
434,butteredpopcorn,99,1
434,triscuits,99,1
434,wavylays,99,1
434,chocolateicecreamcone,99,1
434,strawberryicecreamcone,98,1
434,vanillasoftservecone,100,1
434,nutrigrainbar,96,1
434,churro,99,1
434,twistdonut,100,1
434,tuilecookie,98,1
434,madeleine,83,1
434,oatmealraisincookie,99,1
434,thumprintcookie,99,1
434,sugarcookie,98,1
434,vanillawafer,99,1
434,chocolatewafer,99,1
434,chocolatebark,99,1
434,darkchocolate,98,1
434,milkchocolate,99,1
434,pocky,99,1
434,toblerone,98,1
434,lindtlindorchocolatetruffle,98,1
434,twix,100,1
434,caramel,99,1
434,peanutmms,99,1
434,brownie,86,1
434,frostedbrownie,99,1
434,lemoncake,53,1
435,orange,63,1
435,plum,67,1
435,blackberry,60,1
435,peach,68,1
435,cherry,24,1
435,raspberry,73,1
435,apple,73,1
435,grape,84,1
435,goldendeliciousapple,72,1
435,honeydewmelon,64,1
435,kiwi,49,1
435,greenbellpepper,3,1
435,carrot,41,1
435,peanuts,64,1
435,almonds,40,1
435,baguette,17,1
435,slicedloafbread,5,1
435,boulebread,24,1
435,ryebread,7,1
435,deliturkey,26,1
435,chickentenders,81,1
435,meatballs,54,1
435,gouda,56,1
435,swisscheese,58,1
435,potatochips,66,1
435,tortillachips,55,1
435,doritos,68,1
435,ritzcracker,62,1
435,saltinecracker,51,1
435,wheatthins,52,1
435,eggrolls,25,1
435,frenchfries,38,1
435,butteredpopcorn,88,1
435,triscuits,14,1
435,wavylays,55,1
435,chocolateicecreamcone,91,1
435,strawberryicecreamcone,86,1
435,vanillasoftservecone,65,1
435,nutrigrainbar,49,1
435,churro,95,1
435,twistdonut,75,1
435,tuilecookie,13,1
435,madeleine,68,1
435,oatmealraisincookie,66,1
435,thumprintcookie,30,1
435,sugarcookie,93,1
435,vanillawafer,22,1
435,chocolatewafer,93,1
435,chocolatebark,72,1
435,darkchocolate,94,1
435,milkchocolate,90,1
435,pocky,17,1
435,toblerone,74,1
435,lindtlindorchocolatetruffle,95,1
435,twix,86,1
435,caramel,95,1
435,peanutmms,97,1
435,brownie,96,1
435,frostedbrownie,97,1
435,lemoncake,82,1
436,orange,57,1
436,plum,23,1
436,blackberry,32,1
436,peach,32,1
436,cherry,7,1
436,raspberry,34,1
436,apple,26,1
436,grape,57,1
436,goldendeliciousapple,18,1
436,honeydewmelon,2,1
436,kiwi,33,1
436,greenbellpepper,1,1
436,carrot,1,1
436,peanuts,61,1
436,almonds,10,1
436,baguette,12,1
436,slicedloafbread,23,1
436,boulebread,17,1
436,ryebread,14,1
436,deliturkey,3,1
436,chickentenders,41,1
436,meatballs,4,1
436,gouda,12,1
436,swisscheese,16,1
436,potatochips,83,1
436,tortillachips,60,1
436,doritos,39,1
436,ritzcracker,25,1
436,saltinecracker,27,1
436,wheatthins,17,1
436,eggrolls,12,1
436,frenchfries,68,1
436,butteredpopcorn,20,1
436,triscuits,8,1
436,wavylays,86,1
436,chocolateicecreamcone,68,1
436,strawberryicecreamcone,67,1
436,vanillasoftservecone,84,1
436,nutrigrainbar,34,1
436,churro,17,1
436,twistdonut,27,1
436,tuilecookie,6,1
436,madeleine,3,1
436,oatmealraisincookie,61,1
436,thumprintcookie,67,1
436,sugarcookie,64,1
436,vanillawafer,53,1
436,chocolatewafer,95,1
436,chocolatebark,7,1
436,darkchocolate,85,1
436,milkchocolate,90,1
436,pocky,48,1
436,toblerone,81,1
436,lindtlindorchocolatetruffle,81,1
436,twix,98,1
436,caramel,24,1
436,peanutmms,100,1
436,brownie,65,1
436,frostedbrownie,74,1
436,lemoncake,69,1
437,orange,2,1
437,plum,50,1
437,blackberry,2,1
437,peach,50,1
437,cherry,2,1
437,raspberry,2,1
437,apple,47,1
437,grape,50,1
437,goldendeliciousapple,49,1
437,honeydewmelon,49,1
437,kiwi,49,1
437,greenbellpepper,49,1
437,carrot,50,1
437,peanuts,99,1
437,almonds,2,1
437,baguette,51,1
437,slicedloafbread,52,1
437,boulebread,49,1
437,ryebread,49,1
437,deliturkey,99,1
437,chickentenders,99,1
437,meatballs,99,1
437,gouda,49,1
437,swisscheese,99,1
437,potatochips,100,1
437,tortillachips,99,1
437,doritos,99,1
437,ritzcracker,100,1
437,saltinecracker,99,1
437,wheatthins,99,1
437,eggrolls,98,1
437,frenchfries,99,1
437,butteredpopcorn,50,1
437,triscuits,1,1
437,wavylays,99,1
437,chocolateicecreamcone,3,1
437,strawberryicecreamcone,100,1
437,vanillasoftservecone,99,1
437,nutrigrainbar,2,1
437,churro,99,1
437,twistdonut,99,1
437,tuilecookie,99,1
437,madeleine,49,1
437,oatmealraisincookie,2,1
437,thumprintcookie,2,1
437,sugarcookie,99,1
437,vanillawafer,97,1
437,chocolatewafer,51,1
437,chocolatebark,2,1
437,darkchocolate,2,1
437,milkchocolate,1,1
437,pocky,2,1
437,toblerone,2,1
437,lindtlindorchocolatetruffle,2,1
437,twix,2,1
437,caramel,99,1
437,peanutmms,2,1
437,brownie,51,1
437,frostedbrownie,47,1
437,lemoncake,48,1
438,orange,96,1
438,plum,97,1
438,blackberry,99,1
438,peach,95,1
438,cherry,96,1
438,raspberry,96,1
438,apple,73,1
438,grape,96,1
438,goldendeliciousapple,65,1
438,honeydewmelon,81,1
438,kiwi,94,1
438,greenbellpepper,59,1
438,carrot,94,1
438,peanuts,45,1
438,almonds,44,1
438,baguette,87,1
438,slicedloafbread,59,1
438,boulebread,98,1
438,ryebread,90,1
438,deliturkey,96,1
438,chickentenders,92,1
438,meatballs,52,1
438,gouda,93,1
438,swisscheese,95,1
438,potatochips,95,1
438,tortillachips,93,1
438,doritos,93,1
438,ritzcracker,97,1
438,saltinecracker,78,1
438,wheatthins,93,1
438,eggrolls,84,1
438,frenchfries,94,1
438,butteredpopcorn,85,1
438,triscuits,61,1
438,wavylays,95,1
438,chocolateicecreamcone,80,1
438,strawberryicecreamcone,24,1
438,vanillasoftservecone,50,1
438,nutrigrainbar,13,1
438,churro,24,1
438,twistdonut,90,1
438,tuilecookie,87,1
438,madeleine,53,1
438,oatmealraisincookie,50,1
438,thumprintcookie,67,1
438,sugarcookie,47,1
438,vanillawafer,35,1
438,chocolatewafer,51,1
438,chocolatebark,12,1
438,darkchocolate,60,1
438,milkchocolate,66,1
438,pocky,91,1
438,toblerone,93,1
438,lindtlindorchocolatetruffle,75,1
438,twix,56,1
438,caramel,67,1
438,peanutmms,53,1
438,brownie,91,1
438,frostedbrownie,83,1
438,lemoncake,83,1
439,orange,77,1
439,plum,2,1
439,blackberry,61,1
439,peach,2,1
439,cherry,69,1
439,raspberry,71,1
439,apple,88,1
439,grape,99,1
439,goldendeliciousapple,90,1
439,honeydewmelon,34,1
439,kiwi,74,1
439,greenbellpepper,100,1
439,carrot,73,1
439,peanuts,56,1
439,almonds,62,1
439,baguette,2,1
439,slicedloafbread,4,1
439,boulebread,10,1
439,ryebread,6,1
439,deliturkey,99,1
439,chickentenders,100,1
439,meatballs,32,1
439,gouda,98,1
439,swisscheese,99,1
439,potatochips,64,1
439,tortillachips,57,1
439,doritos,65,1
439,ritzcracker,61,1
439,saltinecracker,10,1
439,wheatthins,42,1
439,eggrolls,69,1
439,frenchfries,66,1
439,butteredpopcorn,77,1
439,triscuits,39,1
439,wavylays,67,1
439,chocolateicecreamcone,61,1
439,strawberryicecreamcone,61,1
439,vanillasoftservecone,54,1
439,nutrigrainbar,79,1
439,churro,40,1
439,twistdonut,20,1
439,tuilecookie,27,1
439,madeleine,42,1
439,oatmealraisincookie,59,1
439,thumprintcookie,3,1
439,sugarcookie,14,1
439,vanillawafer,64,1
439,chocolatewafer,68,1
439,chocolatebark,81,1
439,darkchocolate,38,1
439,milkchocolate,32,1
439,pocky,32,1
439,toblerone,33,1
439,lindtlindorchocolatetruffle,42,1
439,twix,36,1
439,caramel,9,1
439,peanutmms,46,1
439,brownie,49,1
439,frostedbrownie,66,1
439,lemoncake,17,1
440,orange,69,1
440,plum,12,1
440,blackberry,12,1
440,peach,72,1
440,cherry,9,1
440,raspberry,58,1
440,apple,64,1
440,grape,93,1
440,goldendeliciousapple,57,1
440,honeydewmelon,4,1
440,kiwi,87,1
440,greenbellpepper,3,1
440,carrot,4,1
440,peanuts,51,1
440,almonds,71,1
440,baguette,59,1
440,slicedloafbread,15,1
440,boulebread,55,1
440,ryebread,6,1
440,deliturkey,26,1
440,chickentenders,15,1
440,meatballs,51,1
440,gouda,26,1
440,swisscheese,7,1
440,potatochips,72,1
440,tortillachips,52,1
440,doritos,39,1
440,ritzcracker,26,1
440,saltinecracker,48,1
440,wheatthins,48,1
440,eggrolls,16,1
440,frenchfries,39,1
440,butteredpopcorn,58,1
440,triscuits,53,1
440,wavylays,22,1
440,chocolateicecreamcone,81,1
440,strawberryicecreamcone,68,1
440,vanillasoftservecone,84,1
440,nutrigrainbar,3,1
440,churro,57,1
440,twistdonut,71,1
440,tuilecookie,14,1
440,madeleine,15,1
440,oatmealraisincookie,47,1
440,thumprintcookie,41,1
440,sugarcookie,67,1
440,vanillawafer,33,1
440,chocolatewafer,30,1
440,chocolatebark,65,1
440,darkchocolate,52,1
440,milkchocolate,49,1
440,pocky,64,1
440,toblerone,80,1
440,lindtlindorchocolatetruffle,52,1
440,twix,78,1
440,caramel,70,1
440,peanutmms,56,1
440,brownie,60,1
440,frostedbrownie,86,1
440,lemoncake,71,1
441,orange,48,1
441,plum,2,1
441,blackberry,23,1
441,peach,2,1
441,cherry,10,1
441,raspberry,23,1
441,apple,91,1
441,grape,65,1
441,goldendeliciousapple,80,1
441,honeydewmelon,52,1
441,kiwi,1,1
441,greenbellpepper,14,1
441,carrot,10,1
441,peanuts,42,1
441,almonds,65,1
441,baguette,35,1
441,slicedloafbread,28,1
441,boulebread,22,1
441,ryebread,30,1
441,deliturkey,67,1
441,chickentenders,78,1
441,meatballs,59,1
441,gouda,49,1
441,swisscheese,55,1
441,potatochips,72,1
441,tortillachips,69,1
441,doritos,59,1
441,ritzcracker,60,1
441,saltinecracker,43,1
441,wheatthins,42,1
441,eggrolls,32,1
441,frenchfries,63,1
441,butteredpopcorn,62,1
441,triscuits,24,1
441,wavylays,74,1
441,chocolateicecreamcone,99,1
441,strawberryicecreamcone,72,1
441,vanillasoftservecone,97,1
441,nutrigrainbar,74,1
441,churro,41,1
441,twistdonut,71,1
441,tuilecookie,48,1
441,madeleine,71,1
441,oatmealraisincookie,73,1
441,thumprintcookie,85,1
441,sugarcookie,88,1
441,vanillawafer,84,1
441,chocolatewafer,84,1
441,chocolatebark,81,1
441,darkchocolate,76,1
441,milkchocolate,100,1
441,pocky,77,1
441,toblerone,67,1
441,lindtlindorchocolatetruffle,68,1
441,twix,83,1
441,caramel,62,1
441,peanutmms,98,1
441,brownie,100,1
441,frostedbrownie,98,1
441,lemoncake,98,1
442,orange,72,1
442,plum,83,1
442,blackberry,53,1
442,peach,82,1
442,cherry,62,1
442,raspberry,32,1
442,apple,91,1
442,grape,91,1
442,goldendeliciousapple,90,1
442,honeydewmelon,64,1
442,kiwi,82,1
442,greenbellpepper,32,1
442,carrot,31,1
442,peanuts,80,1
442,almonds,72,1
442,baguette,17,1
442,slicedloafbread,15,1
442,boulebread,41,1
442,ryebread,20,1
442,deliturkey,89,1
442,chickentenders,94,1
442,meatballs,69,1
442,gouda,69,1
442,swisscheese,6,1
442,potatochips,68,1
442,tortillachips,44,1
442,doritos,86,1
442,ritzcracker,26,1
442,saltinecracker,7,1
442,wheatthins,28,1
442,eggrolls,89,1
442,frenchfries,75,1
442,butteredpopcorn,36,1
442,triscuits,22,1
442,wavylays,93,1
442,chocolateicecreamcone,85,1
442,strawberryicecreamcone,85,1
442,vanillasoftservecone,84,1
442,nutrigrainbar,64,1
442,churro,90,1
442,twistdonut,76,1
442,tuilecookie,25,1
442,madeleine,53,1
442,oatmealraisincookie,87,1
442,thumprintcookie,75,1
442,sugarcookie,81,1
442,vanillawafer,84,1
442,chocolatewafer,76,1
442,chocolatebark,88,1
442,darkchocolate,56,1
442,milkchocolate,65,1
442,pocky,48,1
442,toblerone,33,1
442,lindtlindorchocolatetruffle,40,1
442,twix,85,1
442,caramel,42,1
442,peanutmms,93,1
442,brownie,81,1
442,frostedbrownie,68,1
442,lemoncake,82,1
443,orange,96,1
443,plum,100,1
443,blackberry,98,1
443,peach,98,1
443,cherry,97,1
443,raspberry,99,1
443,apple,99,1
443,grape,99,1
443,goldendeliciousapple,99,1
443,honeydewmelon,98,1
443,kiwi,99,1
443,greenbellpepper,98,1
443,carrot,99,1
443,peanuts,96,1
443,almonds,96,1
443,baguette,82,1
443,slicedloafbread,74,1
443,boulebread,95,1
443,ryebread,99,1
443,deliturkey,10,1
443,chickentenders,2,1
443,meatballs,3,1
443,gouda,69,1
443,swisscheese,76,1
443,potatochips,8,1
443,tortillachips,7,1
443,doritos,15,1
443,ritzcracker,18,1
443,saltinecracker,29,1
443,wheatthins,32,1
443,eggrolls,3,1
443,frenchfries,9,1
443,butteredpopcorn,98,1
443,triscuits,90,1
443,wavylays,4,1
443,chocolateicecreamcone,4,1
443,strawberryicecreamcone,3,1
443,vanillasoftservecone,3,1
443,nutrigrainbar,3,1
443,churro,2,1
443,twistdonut,82,1
443,tuilecookie,3,1
443,madeleine,3,1
443,oatmealraisincookie,1,1
443,thumprintcookie,3,1
443,sugarcookie,5,1
443,vanillawafer,5,1
443,chocolatewafer,3,1
443,chocolatebark,3,1
443,darkchocolate,2,1
443,milkchocolate,1,1
443,pocky,4,1
443,toblerone,2,1
443,lindtlindorchocolatetruffle,4,1
443,twix,2,1
443,caramel,2,1
443,peanutmms,3,1
443,brownie,3,1
443,frostedbrownie,3,1
443,lemoncake,1,1
444,orange,24,1
444,plum,22,1
444,blackberry,6,1
444,peach,6,1
444,cherry,5,1
444,raspberry,12,1
444,apple,49,1
444,grape,36,1
444,goldendeliciousapple,8,1
444,honeydewmelon,9,1
444,kiwi,5,1
444,greenbellpepper,7,1
444,carrot,6,1
444,peanuts,63,1
444,almonds,87,1
444,baguette,17,1
444,slicedloafbread,30,1
444,boulebread,33,1
444,ryebread,39,1
444,deliturkey,24,1
444,chickentenders,61,1
444,meatballs,62,1
444,gouda,2,1
444,swisscheese,3,1
444,potatochips,68,1
444,tortillachips,80,1
444,doritos,87,1
444,ritzcracker,45,1
444,saltinecracker,50,1
444,wheatthins,47,1
444,eggrolls,4,1
444,frenchfries,86,1
444,butteredpopcorn,89,1
444,triscuits,22,1
444,wavylays,75,1
444,chocolateicecreamcone,84,1
444,strawberryicecreamcone,14,1
444,vanillasoftservecone,61,1
444,nutrigrainbar,16,1
444,churro,75,1
444,twistdonut,81,1
444,tuilecookie,5,1
444,madeleine,9,1
444,oatmealraisincookie,19,1
444,thumprintcookie,38,1
444,sugarcookie,51,1
444,vanillawafer,75,1
444,chocolatewafer,74,1
444,chocolatebark,35,1
444,darkchocolate,79,1
444,milkchocolate,75,1
444,pocky,63,1
444,toblerone,61,1
444,lindtlindorchocolatetruffle,79,1
444,twix,52,1
444,caramel,6,1
444,peanutmms,81,1
444,brownie,75,1
444,frostedbrownie,84,1
444,lemoncake,84,1
445,orange,89,1
445,plum,93,1
445,blackberry,92,1
445,peach,92,1
445,cherry,94,1
445,raspberry,93,1
445,apple,95,1
445,grape,91,1
445,goldendeliciousapple,93,1
445,honeydewmelon,93,1
445,kiwi,94,1
445,greenbellpepper,92,1
445,carrot,93,1
445,peanuts,93,1
445,almonds,97,1
445,baguette,6,1
445,slicedloafbread,3,1
445,boulebread,23,1
445,ryebread,42,1
445,deliturkey,8,1
445,chickentenders,3,1
445,meatballs,5,1
445,gouda,7,1
445,swisscheese,62,1
445,potatochips,7,1
445,tortillachips,7,1
445,doritos,9,1
445,ritzcracker,6,1
445,saltinecracker,8,1
445,wheatthins,6,1
445,eggrolls,10,1
445,frenchfries,8,1
445,butteredpopcorn,5,1
445,triscuits,89,1
445,wavylays,6,1
445,chocolateicecreamcone,5,1
445,strawberryicecreamcone,7,1
445,vanillasoftservecone,2,1
445,nutrigrainbar,5,1
445,churro,9,1
445,twistdonut,4,1
445,tuilecookie,9,1
445,madeleine,7,1
445,oatmealraisincookie,4,1
445,thumprintcookie,9,1
445,sugarcookie,5,1
445,vanillawafer,9,1
445,chocolatewafer,9,1
445,chocolatebark,9,1
445,darkchocolate,5,1
445,milkchocolate,8,1
445,pocky,9,1
445,toblerone,12,1
445,lindtlindorchocolatetruffle,11,1
445,twix,6,1
445,caramel,72,1
445,peanutmms,10,1
445,brownie,5,1
445,frostedbrownie,8,1
445,lemoncake,8,1
446,orange,96,1
446,plum,97,1
446,blackberry,97,1
446,peach,96,1
446,cherry,85,1
446,raspberry,97,1
446,apple,47,1
446,grape,90,1
446,goldendeliciousapple,63,1
446,honeydewmelon,94,1
446,kiwi,70,1
446,greenbellpepper,2,1
446,carrot,24,1
446,peanuts,98,1
446,almonds,98,1
446,baguette,3,1
446,slicedloafbread,6,1
446,boulebread,9,1
446,ryebread,70,1
446,deliturkey,29,1
446,chickentenders,4,1
446,meatballs,4,1
446,gouda,86,1
446,swisscheese,91,1
446,potatochips,12,1
446,tortillachips,6,1
446,doritos,23,1
446,ritzcracker,82,1
446,saltinecracker,42,1
446,wheatthins,24,1
446,eggrolls,1,1
446,frenchfries,4,1
446,butteredpopcorn,64,1
446,triscuits,44,1
446,wavylays,8,1
446,chocolateicecreamcone,98,1
446,strawberryicecreamcone,98,1
446,vanillasoftservecone,99,1
446,nutrigrainbar,4,1
446,churro,2,1
446,twistdonut,4,1
446,tuilecookie,7,1
446,madeleine,13,1
446,oatmealraisincookie,32,1
446,thumprintcookie,52,1
446,sugarcookie,4,1
446,vanillawafer,51,1
446,chocolatewafer,63,1
446,chocolatebark,78,1
446,darkchocolate,17,1
446,milkchocolate,25,1
446,pocky,2,1
446,toblerone,24,1
446,lindtlindorchocolatetruffle,6,1
446,twix,29,1
446,caramel,4,1
446,peanutmms,2,1
446,brownie,51,1
446,frostedbrownie,51,1
446,lemoncake,20,1
447,orange,64,1
447,plum,27,1
447,blackberry,15,1
447,peach,3,1
447,cherry,33,1
447,raspberry,25,1
447,apple,72,1
447,grape,66,1
447,goldendeliciousapple,65,1
447,honeydewmelon,25,1
447,kiwi,62,1
447,greenbellpepper,42,1
447,carrot,51,1
447,peanuts,50,1
447,almonds,51,1
447,baguette,23,1
447,slicedloafbread,33,1
447,boulebread,62,1
447,ryebread,38,1
447,deliturkey,45,1
447,chickentenders,30,1
447,meatballs,34,1
447,gouda,60,1
447,swisscheese,68,1
447,potatochips,49,1
447,tortillachips,38,1
447,doritos,60,1
447,ritzcracker,75,1
447,saltinecracker,63,1
447,wheatthins,51,1
447,eggrolls,29,1
447,frenchfries,61,1
447,butteredpopcorn,15,1
447,triscuits,62,1
447,wavylays,62,1
447,chocolateicecreamcone,27,1
447,strawberryicecreamcone,11,1
447,vanillasoftservecone,42,1
447,nutrigrainbar,25,1
447,churro,27,1
447,twistdonut,35,1
447,tuilecookie,18,1
447,madeleine,37,1
447,oatmealraisincookie,33,1
447,thumprintcookie,48,1
447,sugarcookie,22,1
447,vanillawafer,26,1
447,chocolatewafer,37,1
447,chocolatebark,38,1
447,darkchocolate,25,1
447,milkchocolate,24,1
447,pocky,10,1
447,toblerone,26,1
447,lindtlindorchocolatetruffle,21,1
447,twix,24,1
447,caramel,31,1
447,peanutmms,21,1
447,brownie,28,1
447,frostedbrownie,27,1
447,lemoncake,13,1
448,orange,87,1
448,plum,39,1
448,blackberry,64,1
448,peach,89,1
448,cherry,86,1
448,raspberry,67,1
448,apple,30,1
448,grape,100,1
448,goldendeliciousapple,100,1
448,honeydewmelon,8,1
448,kiwi,8,1
448,greenbellpepper,5,1
448,carrot,28,1
448,peanuts,84,1
448,almonds,60,1
448,baguette,93,1
448,slicedloafbread,81,1
448,boulebread,75,1
448,ryebread,66,1
448,deliturkey,86,1
448,chickentenders,100,1
448,meatballs,84,1
448,gouda,38,1
448,swisscheese,36,1
448,potatochips,100,1
448,tortillachips,100,1
448,doritos,100,1
448,ritzcracker,81,1
448,saltinecracker,14,1
448,wheatthins,24,1
448,eggrolls,87,1
448,frenchfries,100,1
448,butteredpopcorn,100,1
448,triscuits,1,1
448,wavylays,100,1
448,chocolateicecreamcone,65,1
448,strawberryicecreamcone,28,1
448,vanillasoftservecone,1,1
448,nutrigrainbar,100,1
448,churro,91,1
448,twistdonut,100,1
448,tuilecookie,11,1
448,madeleine,56,1
448,oatmealraisincookie,100,1
448,thumprintcookie,62,1
448,sugarcookie,80,1
448,vanillawafer,100,1
448,chocolatewafer,100,1
448,chocolatebark,83,1
448,darkchocolate,100,1
448,milkchocolate,100,1
448,pocky,68,1
448,toblerone,32,1
448,lindtlindorchocolatetruffle,100,1
448,twix,100,1
448,caramel,8,1
448,peanutmms,86,1
448,brownie,80,1
448,frostedbrownie,94,1
448,lemoncake,100,1
449,orange,80,1
449,plum,99,1
449,blackberry,99,1
449,peach,93,1
449,cherry,99,1
449,raspberry,98,1
449,apple,99,1
449,grape,98,1
449,goldendeliciousapple,99,1
449,honeydewmelon,99,1
449,kiwi,98,1
449,greenbellpepper,82,1
449,carrot,76,1
449,peanuts,50,1
449,almonds,70,1
449,baguette,70,1
449,slicedloafbread,76,1
449,boulebread,75,1
449,ryebread,67,1
449,deliturkey,1,1
449,chickentenders,20,1
449,meatballs,5,1
449,gouda,63,1
449,swisscheese,71,1
449,potatochips,8,1
449,tortillachips,23,1
449,doritos,16,1
449,ritzcracker,49,1
449,saltinecracker,50,1
449,wheatthins,48,1
449,eggrolls,5,1
449,frenchfries,20,1
449,butteredpopcorn,50,1
449,triscuits,49,1
449,wavylays,25,1
449,chocolateicecreamcone,48,1
449,strawberryicecreamcone,35,1
449,vanillasoftservecone,24,1
449,nutrigrainbar,69,1
449,churro,4,1
449,twistdonut,50,1
449,tuilecookie,7,1
449,madeleine,9,1
449,oatmealraisincookie,4,1
449,thumprintcookie,12,1
449,sugarcookie,20,1
449,vanillawafer,10,1
449,chocolatewafer,6,1
449,chocolatebark,34,1
449,darkchocolate,13,1
449,milkchocolate,19,1
449,pocky,8,1
449,toblerone,22,1
449,lindtlindorchocolatetruffle,16,1
449,twix,20,1
449,caramel,4,1
449,peanutmms,23,1
449,brownie,18,1
449,frostedbrownie,9,1
449,lemoncake,9,1
450,orange,94,1
450,plum,99,1
450,blackberry,98,1
450,peach,91,1
450,cherry,96,1
450,raspberry,93,1
450,apple,89,1
450,grape,98,1
450,goldendeliciousapple,81,1
450,honeydewmelon,81,1
450,kiwi,98,1
450,greenbellpepper,59,1
450,carrot,80,1
450,peanuts,27,1
450,almonds,26,1
450,baguette,85,1
450,slicedloafbread,6,1
450,boulebread,7,1
450,ryebread,3,1
450,deliturkey,65,1
450,chickentenders,100,1
450,meatballs,59,1
450,gouda,62,1
450,swisscheese,85,1
450,potatochips,57,1
450,tortillachips,47,1
450,doritos,76,1
450,ritzcracker,59,1
450,saltinecracker,26,1
450,wheatthins,32,1
450,eggrolls,77,1
450,frenchfries,78,1
450,butteredpopcorn,30,1
450,triscuits,8,1
450,wavylays,31,1
450,chocolateicecreamcone,93,1
450,strawberryicecreamcone,95,1
450,vanillasoftservecone,73,1
450,nutrigrainbar,42,1
450,churro,89,1
450,twistdonut,85,1
450,tuilecookie,86,1
450,madeleine,73,1
450,oatmealraisincookie,74,1
450,thumprintcookie,82,1
450,sugarcookie,52,1
450,vanillawafer,61,1
450,chocolatewafer,71,1
450,chocolatebark,63,1
450,darkchocolate,23,1
450,milkchocolate,51,1
450,pocky,46,1
450,toblerone,79,1
450,lindtlindorchocolatetruffle,50,1
450,twix,69,1
450,caramel,38,1
450,peanutmms,22,1
450,brownie,78,1
450,frostedbrownie,78,1
450,lemoncake,60,1
451,orange,57,1
451,plum,1,1
451,blackberry,42,1
451,peach,1,1
451,cherry,53,1
451,raspberry,23,1
451,apple,97,1
451,grape,44,1
451,goldendeliciousapple,86,1
451,honeydewmelon,40,1
451,kiwi,2,1
451,greenbellpepper,1,1
451,carrot,4,1
451,peanuts,56,1
451,almonds,64,1
451,baguette,1,1
451,slicedloafbread,1,1
451,boulebread,1,1
451,ryebread,1,1
451,deliturkey,24,1
451,chickentenders,37,1
451,meatballs,29,1
451,gouda,64,1
451,swisscheese,61,1
451,potatochips,73,1
451,tortillachips,17,1
451,doritos,70,1
451,ritzcracker,8,1
451,saltinecracker,7,1
451,wheatthins,4,1
451,eggrolls,64,1
451,frenchfries,43,1
451,butteredpopcorn,74,1
451,triscuits,34,1
451,wavylays,74,1
451,chocolateicecreamcone,68,1
451,strawberryicecreamcone,65,1
451,vanillasoftservecone,75,1
451,nutrigrainbar,87,1
451,churro,60,1
451,twistdonut,67,1
451,tuilecookie,17,1
451,madeleine,20,1
451,oatmealraisincookie,82,1
451,thumprintcookie,91,1
451,sugarcookie,21,1
451,vanillawafer,32,1
451,chocolatewafer,30,1
451,chocolatebark,80,1
451,darkchocolate,1,1
451,milkchocolate,79,1
451,pocky,38,1
451,toblerone,75,1
451,lindtlindorchocolatetruffle,42,1
451,twix,100,1
451,caramel,70,1
451,peanutmms,100,1
451,brownie,87,1
451,frostedbrownie,91,1
451,lemoncake,89,1
452,orange,44,1
452,plum,67,1
452,blackberry,98,1
452,peach,86,1
452,cherry,96,1
452,raspberry,98,1
452,apple,15,1
452,grape,69,1
452,goldendeliciousapple,22,1
452,honeydewmelon,43,1
452,kiwi,91,1
452,greenbellpepper,62,1
452,carrot,13,1
452,peanuts,33,1
452,almonds,61,1
452,baguette,88,1
452,slicedloafbread,79,1
452,boulebread,88,1
452,ryebread,85,1
452,deliturkey,52,1
452,chickentenders,50,1
452,meatballs,70,1
452,gouda,99,1
452,swisscheese,100,1
452,potatochips,76,1
452,tortillachips,68,1
452,doritos,83,1
452,ritzcracker,55,1
452,saltinecracker,57,1
452,wheatthins,50,1
452,eggrolls,59,1
452,frenchfries,86,1
452,butteredpopcorn,5,1
452,triscuits,66,1
452,wavylays,72,1
452,chocolateicecreamcone,49,1
452,strawberryicecreamcone,49,1
452,vanillasoftservecone,44,1
452,nutrigrainbar,4,1
452,churro,86,1
452,twistdonut,66,1
452,tuilecookie,64,1
452,madeleine,65,1
452,oatmealraisincookie,75,1
452,thumprintcookie,54,1
452,sugarcookie,55,1
452,vanillawafer,54,1
452,chocolatewafer,59,1
452,chocolatebark,79,1
452,darkchocolate,92,1
452,milkchocolate,97,1
452,pocky,80,1
452,toblerone,97,1
452,lindtlindorchocolatetruffle,95,1
452,twix,84,1
452,caramel,92,1
452,peanutmms,74,1
452,brownie,84,1
452,frostedbrownie,96,1
452,lemoncake,89,1
453,orange,33,1
453,plum,12,1
453,blackberry,91,1
453,peach,12,1
453,cherry,9,1
453,raspberry,94,1
453,apple,47,1
453,grape,35,1
453,goldendeliciousapple,49,1
453,honeydewmelon,82,1
453,kiwi,3,1
453,greenbellpepper,49,1
453,carrot,20,1
453,peanuts,94,1
453,almonds,94,1
453,baguette,8,1
453,slicedloafbread,7,1
453,boulebread,6,1
453,ryebread,7,1
453,deliturkey,60,1
453,chickentenders,6,1
453,meatballs,58,1
453,gouda,92,1
453,swisscheese,92,1
453,potatochips,47,1
453,tortillachips,50,1
453,doritos,48,1
453,ritzcracker,9,1
453,saltinecracker,14,1
453,wheatthins,14,1
453,eggrolls,15,1
453,frenchfries,11,1
453,butteredpopcorn,48,1
453,triscuits,49,1
453,wavylays,49,1
453,chocolateicecreamcone,13,1
453,strawberryicecreamcone,37,1
453,vanillasoftservecone,37,1
453,nutrigrainbar,7,1
453,churro,9,1
453,twistdonut,7,1
453,tuilecookie,11,1
453,madeleine,5,1
453,oatmealraisincookie,10,1
453,thumprintcookie,5,1
453,sugarcookie,7,1
453,vanillawafer,9,1
453,chocolatewafer,16,1
453,chocolatebark,39,1
453,darkchocolate,50,1
453,milkchocolate,49,1
453,pocky,24,1
453,toblerone,39,1
453,lindtlindorchocolatetruffle,35,1
453,twix,11,1
453,caramel,7,1
453,peanutmms,12,1
453,brownie,18,1
453,frostedbrownie,27,1
453,lemoncake,12,1
454,orange,3,1
454,plum,10,1
454,blackberry,68,1
454,peach,2,1
454,cherry,2,1
454,raspberry,50,1
454,apple,100,1
454,grape,70,1
454,goldendeliciousapple,99,1
454,honeydewmelon,3,1
454,kiwi,3,1
454,greenbellpepper,2,1
454,carrot,70,1
454,peanuts,70,1
454,almonds,1,1
454,baguette,63,1
454,slicedloafbread,77,1
454,boulebread,49,1
454,ryebread,79,1
454,deliturkey,71,1
454,chickentenders,83,1
454,meatballs,22,1
454,gouda,76,1
454,swisscheese,98,1
454,potatochips,68,1
454,tortillachips,50,1
454,doritos,96,1
454,ritzcracker,99,1
454,saltinecracker,72,1
454,wheatthins,27,1
454,eggrolls,2,1
454,frenchfries,100,1
454,butteredpopcorn,3,1
454,triscuits,2,1
454,wavylays,94,1
454,chocolateicecreamcone,2,1
454,strawberryicecreamcone,2,1
454,vanillasoftservecone,81,1
454,nutrigrainbar,3,1
454,churro,50,1
454,twistdonut,76,1
454,tuilecookie,13,1
454,madeleine,49,1
454,oatmealraisincookie,3,1
454,thumprintcookie,2,1
454,sugarcookie,48,1
454,vanillawafer,48,1
454,chocolatewafer,52,1
454,chocolatebark,50,1
454,darkchocolate,49,1
454,milkchocolate,62,1
454,pocky,2,1
454,toblerone,49,1
454,lindtlindorchocolatetruffle,69,1
454,twix,49,1
454,caramel,1,1
454,peanutmms,48,1
454,brownie,25,1
454,frostedbrownie,33,1
454,lemoncake,49,1
455,orange,18,1
455,plum,3,1
455,blackberry,5,1
455,peach,2,1
455,cherry,26,1
455,raspberry,25,1
455,apple,3,1
455,grape,9,1
455,goldendeliciousapple,2,1
455,honeydewmelon,4,1
455,kiwi,3,1
455,greenbellpepper,2,1
455,carrot,2,1
455,peanuts,3,1
455,almonds,2,1
455,baguette,19,1
455,slicedloafbread,10,1
455,boulebread,3,1
455,ryebread,4,1
455,deliturkey,26,1
455,chickentenders,90,1
455,meatballs,78,1
455,gouda,52,1
455,swisscheese,79,1
455,potatochips,91,1
455,tortillachips,83,1
455,doritos,88,1
455,ritzcracker,39,1
455,saltinecracker,56,1
455,wheatthins,32,1
455,eggrolls,18,1
455,frenchfries,96,1
455,butteredpopcorn,64,1
455,triscuits,48,1
455,wavylays,91,1
455,chocolateicecreamcone,99,1
455,strawberryicecreamcone,99,1
455,vanillasoftservecone,99,1
455,nutrigrainbar,57,1
455,churro,73,1
455,twistdonut,47,1
455,tuilecookie,8,1
455,madeleine,75,1
455,oatmealraisincookie,91,1
455,thumprintcookie,75,1
455,sugarcookie,86,1
455,vanillawafer,83,1
455,chocolatewafer,70,1
455,chocolatebark,28,1
455,darkchocolate,71,1
455,milkchocolate,97,1
455,pocky,10,1
455,toblerone,89,1
455,lindtlindorchocolatetruffle,60,1
455,twix,79,1
455,caramel,18,1
455,peanutmms,93,1
455,brownie,68,1
455,frostedbrownie,91,1
455,lemoncake,83,1
456,orange,90,1
456,plum,31,1
456,blackberry,20,1
456,peach,13,1
456,cherry,53,1
456,raspberry,27,1
456,apple,47,1
456,grape,74,1
456,goldendeliciousapple,57,1
456,honeydewmelon,54,1
456,kiwi,30,1
456,greenbellpepper,22,1
456,carrot,8,1
456,peanuts,63,1
456,almonds,36,1
456,baguette,65,1
456,slicedloafbread,41,1
456,boulebread,33,1
456,ryebread,41,1
456,deliturkey,70,1
456,chickentenders,91,1
456,meatballs,34,1
456,gouda,81,1
456,swisscheese,52,1
456,potatochips,85,1
456,tortillachips,73,1
456,doritos,71,1
456,ritzcracker,48,1
456,saltinecracker,51,1
456,wheatthins,56,1
456,eggrolls,81,1
456,frenchfries,92,1
456,butteredpopcorn,88,1
456,triscuits,60,1
456,wavylays,81,1
456,chocolateicecreamcone,79,1
456,strawberryicecreamcone,82,1
456,vanillasoftservecone,80,1
456,nutrigrainbar,17,1
456,churro,75,1
456,twistdonut,74,1
456,tuilecookie,71,1
456,madeleine,81,1
456,oatmealraisincookie,80,1
456,thumprintcookie,75,1
456,sugarcookie,70,1
456,vanillawafer,85,1
456,chocolatewafer,72,1
456,chocolatebark,67,1
456,darkchocolate,67,1
456,milkchocolate,67,1
456,pocky,53,1
456,toblerone,69,1
456,lindtlindorchocolatetruffle,68,1
456,twix,67,1
456,caramel,37,1
456,peanutmms,71,1
456,brownie,68,1
456,frostedbrownie,64,1
456,lemoncake,74,1
457,orange,73,1
457,plum,15,1
457,blackberry,38,1
457,peach,21,1
457,cherry,41,1
457,raspberry,38,1
457,apple,45,1
457,grape,55,1
457,goldendeliciousapple,24,1
457,honeydewmelon,16,1
457,kiwi,10,1
457,greenbellpepper,1,1
457,carrot,22,1
457,peanuts,7,1
457,almonds,28,1
457,baguette,39,1
457,slicedloafbread,11,1
457,boulebread,4,1
457,ryebread,15,1
457,deliturkey,42,1
457,chickentenders,57,1
457,meatballs,34,1
457,gouda,8,1
457,swisscheese,44,1
457,potatochips,11,1
457,tortillachips,20,1
457,doritos,34,1
457,ritzcracker,24,1
457,saltinecracker,35,1
457,wheatthins,24,1
457,eggrolls,78,1
457,frenchfries,34,1
457,butteredpopcorn,31,1
457,triscuits,40,1
457,wavylays,10,1
457,chocolateicecreamcone,76,1
457,strawberryicecreamcone,80,1
457,vanillasoftservecone,78,1
457,nutrigrainbar,66,1
457,churro,75,1
457,twistdonut,41,1
457,tuilecookie,67,1
457,madeleine,56,1
457,oatmealraisincookie,55,1
457,thumprintcookie,6,1
457,sugarcookie,18,1
457,vanillawafer,32,1
457,chocolatewafer,88,1
457,chocolatebark,63,1
457,darkchocolate,93,1
457,milkchocolate,88,1
457,pocky,29,1
457,toblerone,53,1
457,lindtlindorchocolatetruffle,54,1
457,twix,74,1
457,caramel,65,1
457,peanutmms,25,1
457,brownie,91,1
457,frostedbrownie,96,1
457,lemoncake,88,1
458,orange,18,1
458,plum,45,1
458,blackberry,66,1
458,peach,53,1
458,cherry,57,1
458,raspberry,90,1
458,apple,36,1
458,grape,47,1
458,goldendeliciousapple,19,1
458,honeydewmelon,14,1
458,kiwi,31,1
458,greenbellpepper,31,1
458,carrot,14,1
458,peanuts,11,1
458,almonds,8,1
458,baguette,9,1
458,slicedloafbread,14,1
458,boulebread,26,1
458,ryebread,31,1
458,deliturkey,62,1
458,chickentenders,30,1
458,meatballs,26,1
458,gouda,20,1
458,swisscheese,22,1
458,potatochips,13,1
458,tortillachips,11,1
458,doritos,12,1
458,ritzcracker,18,1
458,saltinecracker,4,1
458,wheatthins,24,1
458,eggrolls,26,1
458,frenchfries,11,1
458,butteredpopcorn,17,1
458,triscuits,6,1
458,wavylays,30,1
458,chocolateicecreamcone,48,1
458,strawberryicecreamcone,39,1
458,vanillasoftservecone,38,1
458,nutrigrainbar,13,1
458,churro,3,1
458,twistdonut,21,1
458,tuilecookie,8,1
458,madeleine,23,1
458,oatmealraisincookie,9,1
458,thumprintcookie,8,1
458,sugarcookie,10,1
458,vanillawafer,17,1
458,chocolatewafer,23,1
458,chocolatebark,3,1
458,darkchocolate,13,1
458,milkchocolate,42,1
458,pocky,2,1
458,toblerone,19,1
458,lindtlindorchocolatetruffle,12,1
458,twix,42,1
458,caramel,5,1
458,peanutmms,61,1
458,brownie,24,1
458,frostedbrownie,18,1
458,lemoncake,3,1
459,orange,97,1
459,plum,94,1
459,blackberry,81,1
459,peach,96,1
459,cherry,99,1
459,raspberry,83,1
459,apple,90,1
459,grape,100,1
459,goldendeliciousapple,80,1
459,honeydewmelon,11,1
459,kiwi,21,1
459,greenbellpepper,2,1
459,carrot,58,1
459,peanuts,61,1
459,almonds,99,1
459,baguette,7,1
459,slicedloafbread,30,1
459,boulebread,27,1
459,ryebread,7,1
459,deliturkey,53,1
459,chickentenders,61,1
459,meatballs,2,1
459,gouda,68,1
459,swisscheese,69,1
459,potatochips,3,1
459,tortillachips,3,1
459,doritos,16,1
459,ritzcracker,6,1
459,saltinecracker,6,1
459,wheatthins,46,1
459,eggrolls,56,1
459,frenchfries,8,1
459,butteredpopcorn,5,1
459,triscuits,50,1
459,wavylays,7,1
459,chocolateicecreamcone,37,1
459,strawberryicecreamcone,3,1
459,vanillasoftservecone,10,1
459,nutrigrainbar,31,1
459,churro,3,1
459,twistdonut,23,1
459,tuilecookie,15,1
459,madeleine,63,1
459,oatmealraisincookie,32,1
459,thumprintcookie,8,1
459,sugarcookie,8,1
459,vanillawafer,4,1
459,chocolatewafer,34,1
459,chocolatebark,38,1
459,darkchocolate,9,1
459,milkchocolate,4,1
459,pocky,55,1
459,toblerone,20,1
459,lindtlindorchocolatetruffle,11,1
459,twix,16,1
459,caramel,36,1
459,peanutmms,9,1
459,brownie,33,1
459,frostedbrownie,42,1
459,lemoncake,3,1
460,orange,84,1
460,plum,28,1
460,blackberry,69,1
460,peach,82,1
460,cherry,63,1
460,raspberry,21,1
460,apple,99,1
460,grape,99,1
460,goldendeliciousapple,94,1
460,honeydewmelon,49,1
460,kiwi,13,1
460,greenbellpepper,58,1
460,carrot,88,1
460,peanuts,8,1
460,almonds,3,1
460,baguette,8,1
460,slicedloafbread,2,1
460,boulebread,12,1
460,ryebread,6,1
460,deliturkey,28,1
460,chickentenders,4,1
460,meatballs,5,1
460,gouda,14,1
460,swisscheese,19,1
460,potatochips,14,1
460,tortillachips,8,1
460,doritos,10,1
460,ritzcracker,18,1
460,saltinecracker,24,1
460,wheatthins,8,1
460,eggrolls,10,1
460,frenchfries,10,1
460,butteredpopcorn,12,1
460,triscuits,5,1
460,wavylays,12,1
460,chocolateicecreamcone,13,1
460,strawberryicecreamcone,11,1
460,vanillasoftservecone,17,1
460,nutrigrainbar,5,1
460,churro,5,1
460,twistdonut,10,1
460,tuilecookie,11,1
460,madeleine,6,1
460,oatmealraisincookie,12,1
460,thumprintcookie,10,1
460,sugarcookie,37,1
460,vanillawafer,4,1
460,chocolatewafer,2,1
460,chocolatebark,16,1
460,darkchocolate,10,1
460,milkchocolate,10,1
460,pocky,10,1
460,toblerone,12,1
460,lindtlindorchocolatetruffle,12,1
460,twix,19,1
460,caramel,24,1
460,peanutmms,52,1
460,brownie,11,1
460,frostedbrownie,6,1
460,lemoncake,16,1
461,orange,99,1
461,plum,98,1
461,blackberry,98,1
461,peach,100,1
461,cherry,98,1
461,raspberry,98,1
461,apple,99,1
461,grape,99,1
461,goldendeliciousapple,99,1
461,honeydewmelon,98,1
461,kiwi,99,1
461,greenbellpepper,99,1
461,carrot,99,1
461,peanuts,98,1
461,almonds,99,1
461,baguette,94,1
461,slicedloafbread,23,1
461,boulebread,55,1
461,ryebread,76,1
461,deliturkey,99,1
461,chickentenders,98,1
461,meatballs,55,1
461,gouda,89,1
461,swisscheese,98,1
461,potatochips,96,1
461,tortillachips,98,1
461,doritos,99,1
461,ritzcracker,66,1
461,saltinecracker,30,1
461,wheatthins,96,1
461,eggrolls,99,1
461,frenchfries,56,1
461,butteredpopcorn,99,1
461,triscuits,99,1
461,wavylays,89,1
461,chocolateicecreamcone,92,1
461,strawberryicecreamcone,100,1
461,vanillasoftservecone,98,1
461,nutrigrainbar,76,1
461,churro,100,1
461,twistdonut,98,1
461,tuilecookie,98,1
461,madeleine,93,1
461,oatmealraisincookie,98,1
461,thumprintcookie,98,1
461,sugarcookie,58,1
461,vanillawafer,60,1
461,chocolatewafer,99,1
461,chocolatebark,93,1
461,darkchocolate,93,1
461,milkchocolate,99,1
461,pocky,99,1
461,toblerone,98,1
461,lindtlindorchocolatetruffle,99,1
461,twix,59,1
461,caramel,19,1
461,peanutmms,99,1
461,brownie,99,1
461,frostedbrownie,98,1
461,lemoncake,98,1
462,orange,60,1
462,plum,12,1
462,blackberry,45,1
462,peach,10,1
462,cherry,19,1
462,raspberry,39,1
462,apple,73,1
462,grape,86,1
462,goldendeliciousapple,61,1
462,honeydewmelon,17,1
462,kiwi,33,1
462,greenbellpepper,60,1
462,carrot,41,1
462,peanuts,58,1
462,almonds,65,1
462,baguette,50,1
462,slicedloafbread,45,1
462,boulebread,46,1
462,ryebread,36,1
462,deliturkey,98,1
462,chickentenders,66,1
462,meatballs,27,1
462,gouda,98,1
462,swisscheese,100,1
462,potatochips,71,1
462,tortillachips,55,1
462,doritos,66,1
462,ritzcracker,87,1
462,saltinecracker,54,1
462,wheatthins,60,1
462,eggrolls,71,1
462,frenchfries,72,1
462,butteredpopcorn,83,1
462,triscuits,43,1
462,wavylays,66,1
462,chocolateicecreamcone,42,1
462,strawberryicecreamcone,29,1
462,vanillasoftservecone,31,1
462,nutrigrainbar,9,1
462,churro,12,1
462,twistdonut,30,1
462,tuilecookie,26,1
462,madeleine,31,1
462,oatmealraisincookie,18,1
462,thumprintcookie,73,1
462,sugarcookie,93,1
462,vanillawafer,37,1
462,chocolatewafer,44,1
462,chocolatebark,57,1
462,darkchocolate,57,1
462,milkchocolate,59,1
462,pocky,34,1
462,toblerone,64,1
462,lindtlindorchocolatetruffle,22,1
462,twix,86,1
462,caramel,15,1
462,peanutmms,62,1
462,brownie,59,1
462,frostedbrownie,50,1
462,lemoncake,36,1
463,orange,65,1
463,plum,42,1
463,blackberry,28,1
463,peach,33,1
463,cherry,8,1
463,raspberry,43,1
463,apple,50,1
463,grape,11,1
463,goldendeliciousapple,57,1
463,honeydewmelon,39,1
463,kiwi,55,1
463,greenbellpepper,4,1
463,carrot,4,1
463,peanuts,28,1
463,almonds,43,1
463,baguette,50,1
463,slicedloafbread,17,1
463,boulebread,55,1
463,ryebread,53,1
463,deliturkey,33,1
463,chickentenders,82,1
463,meatballs,88,1
463,gouda,48,1
463,swisscheese,50,1
463,potatochips,81,1
463,tortillachips,51,1
463,doritos,61,1
463,ritzcracker,94,1
463,saltinecracker,57,1
463,wheatthins,42,1
463,eggrolls,18,1
463,frenchfries,55,1
463,butteredpopcorn,24,1
463,triscuits,39,1
463,wavylays,67,1
463,chocolateicecreamcone,28,1
463,strawberryicecreamcone,63,1
463,vanillasoftservecone,73,1
463,nutrigrainbar,52,1
463,churro,67,1
463,twistdonut,78,1
463,tuilecookie,47,1
463,madeleine,17,1
463,oatmealraisincookie,45,1
463,thumprintcookie,40,1
463,sugarcookie,55,1
463,vanillawafer,54,1
463,chocolatewafer,16,1
463,chocolatebark,51,1
463,darkchocolate,30,1
463,milkchocolate,28,1
463,pocky,71,1
463,toblerone,37,1
463,lindtlindorchocolatetruffle,1,1
463,twix,45,1
463,caramel,42,1
463,peanutmms,62,1
463,brownie,35,1
463,frostedbrownie,25,1
463,lemoncake,72,1
464,orange,57,1
464,plum,73,1
464,blackberry,75,1
464,peach,66,1
464,cherry,65,1
464,raspberry,80,1
464,apple,33,1
464,grape,65,1
464,goldendeliciousapple,37,1
464,honeydewmelon,14,1
464,kiwi,56,1
464,greenbellpepper,26,1
464,carrot,48,1
464,peanuts,62,1
464,almonds,72,1
464,baguette,75,1
464,slicedloafbread,74,1
464,boulebread,65,1
464,ryebread,72,1
464,deliturkey,76,1
464,chickentenders,55,1
464,meatballs,58,1
464,gouda,73,1
464,swisscheese,60,1
464,potatochips,69,1
464,tortillachips,70,1
464,doritos,70,1
464,ritzcracker,71,1
464,saltinecracker,62,1
464,wheatthins,58,1
464,eggrolls,67,1
464,frenchfries,64,1
464,butteredpopcorn,52,1
464,triscuits,57,1
464,wavylays,74,1
464,chocolateicecreamcone,84,1
464,strawberryicecreamcone,79,1
464,vanillasoftservecone,65,1
464,nutrigrainbar,40,1
464,churro,76,1
464,twistdonut,73,1
464,tuilecookie,51,1
464,madeleine,50,1
464,oatmealraisincookie,55,1
464,thumprintcookie,62,1
464,sugarcookie,72,1
464,vanillawafer,66,1
464,chocolatewafer,66,1
464,chocolatebark,70,1
464,darkchocolate,54,1
464,milkchocolate,62,1
464,pocky,68,1
464,toblerone,64,1
464,lindtlindorchocolatetruffle,50,1
464,twix,65,1
464,caramel,70,1
464,peanutmms,68,1
464,brownie,73,1
464,frostedbrownie,63,1
464,lemoncake,68,1
465,orange,100,1
465,plum,93,1
465,blackberry,100,1
465,peach,100,1
465,cherry,100,1
465,raspberry,100,1
465,apple,100,1
465,grape,100,1
465,goldendeliciousapple,68,1
465,honeydewmelon,100,1
465,kiwi,99,1
465,greenbellpepper,30,1
465,carrot,80,1
465,peanuts,70,1
465,almonds,100,1
465,baguette,52,1
465,slicedloafbread,1,1
465,boulebread,92,1
465,ryebread,100,1
465,deliturkey,63,1
465,chickentenders,1,1
465,meatballs,1,1
465,gouda,75,1
465,swisscheese,69,1
465,potatochips,5,1
465,tortillachips,9,1
465,doritos,50,1
465,ritzcracker,1,1
465,saltinecracker,16,1
465,wheatthins,72,1
465,eggrolls,1,1
465,frenchfries,1,1
465,butteredpopcorn,15,1
465,triscuits,19,1
465,wavylays,49,1
465,chocolateicecreamcone,4,1
465,strawberryicecreamcone,1,1
465,vanillasoftservecone,11,1
465,nutrigrainbar,51,1
465,churro,23,1
465,twistdonut,29,1
465,tuilecookie,7,1
465,madeleine,1,1
465,oatmealraisincookie,10,1
465,thumprintcookie,1,1
465,sugarcookie,5,1
465,vanillawafer,1,1
465,chocolatewafer,1,1
465,chocolatebark,29,1
465,darkchocolate,1,1
465,milkchocolate,1,1
465,pocky,60,1
465,toblerone,11,1
465,lindtlindorchocolatetruffle,12,1
465,twix,1,1
465,caramel,3,1
465,peanutmms,2,1
465,brownie,1,1
465,frostedbrownie,1,1
465,lemoncake,1,1
466,orange,3,1
466,plum,1,1
466,blackberry,1,1
466,peach,1,1
466,cherry,1,1
466,raspberry,1,1
466,apple,1,1
466,grape,1,1
466,goldendeliciousapple,1,1
466,honeydewmelon,1,1
466,kiwi,1,1
466,greenbellpepper,2,1
466,carrot,2,1
466,peanuts,44,1
466,almonds,83,1
466,baguette,80,1
466,slicedloafbread,8,1
466,boulebread,78,1
466,ryebread,67,1
466,deliturkey,1,1
466,chickentenders,1,1
466,meatballs,1,1
466,gouda,1,1
466,swisscheese,1,1
466,potatochips,37,1
466,tortillachips,48,1
466,doritos,44,1
466,ritzcracker,34,1
466,saltinecracker,28,1
466,wheatthins,76,1
466,eggrolls,1,1
466,frenchfries,95,1
466,butteredpopcorn,76,1
466,triscuits,8,1
466,wavylays,42,1
466,chocolateicecreamcone,82,1
466,strawberryicecreamcone,2,1
466,vanillasoftservecone,55,1
466,nutrigrainbar,9,1
466,churro,16,1
466,twistdonut,88,1
466,tuilecookie,2,1
466,madeleine,1,1
466,oatmealraisincookie,42,1
466,thumprintcookie,1,1
466,sugarcookie,2,1
466,vanillawafer,16,1
466,chocolatewafer,87,1
466,chocolatebark,13,1
466,darkchocolate,60,1
466,milkchocolate,55,1
466,pocky,12,1
466,toblerone,58,1
466,lindtlindorchocolatetruffle,41,1
466,twix,84,1
466,caramel,59,1
466,peanutmms,74,1
466,brownie,85,1
466,frostedbrownie,76,1
466,lemoncake,1,1
467,orange,57,1
467,plum,67,1
467,blackberry,33,1
467,peach,41,1
467,cherry,89,1
467,raspberry,16,1
467,apple,43,1
467,grape,94,1
467,goldendeliciousapple,71,1
467,honeydewmelon,3,1
467,kiwi,56,1
467,greenbellpepper,2,1
467,carrot,3,1
467,peanuts,26,1
467,almonds,58,1
467,baguette,77,1
467,slicedloafbread,51,1
467,boulebread,51,1
467,ryebread,54,1
467,deliturkey,3,1
467,chickentenders,13,1
467,meatballs,55,1
467,gouda,52,1
467,swisscheese,15,1
467,potatochips,78,1
467,tortillachips,21,1
467,doritos,53,1
467,ritzcracker,49,1
467,saltinecracker,32,1
467,wheatthins,49,1
467,eggrolls,48,1
467,frenchfries,87,1
467,butteredpopcorn,14,1
467,triscuits,22,1
467,wavylays,61,1
467,chocolateicecreamcone,73,1
467,strawberryicecreamcone,89,1
467,vanillasoftservecone,55,1
467,nutrigrainbar,38,1
467,churro,18,1
467,twistdonut,21,1
467,tuilecookie,44,1
467,madeleine,49,1
467,oatmealraisincookie,88,1
467,thumprintcookie,58,1
467,sugarcookie,72,1
467,vanillawafer,61,1
467,chocolatewafer,74,1
467,chocolatebark,93,1
467,darkchocolate,73,1
467,milkchocolate,93,1
467,pocky,50,1
467,toblerone,52,1
467,lindtlindorchocolatetruffle,33,1
467,twix,81,1
467,caramel,10,1
467,peanutmms,96,1
467,brownie,89,1
467,frostedbrownie,89,1
467,lemoncake,6,1
468,orange,89,1
468,plum,88,1
468,blackberry,87,1
468,peach,90,1
468,cherry,72,1
468,raspberry,91,1
468,apple,92,1
468,grape,90,1
468,goldendeliciousapple,92,1
468,honeydewmelon,80,1
468,kiwi,83,1
468,greenbellpepper,81,1
468,carrot,86,1
468,peanuts,82,1
468,almonds,87,1
468,baguette,52,1
468,slicedloafbread,48,1
468,boulebread,49,1
468,ryebread,51,1
468,deliturkey,67,1
468,chickentenders,53,1
468,meatballs,51,1
468,gouda,53,1
468,swisscheese,64,1
468,potatochips,44,1
468,tortillachips,26,1
468,doritos,77,1
468,ritzcracker,23,1
468,saltinecracker,31,1
468,wheatthins,24,1
468,eggrolls,62,1
468,frenchfries,24,1
468,butteredpopcorn,60,1
468,triscuits,52,1
468,wavylays,43,1
468,chocolateicecreamcone,14,1
468,strawberryicecreamcone,18,1
468,vanillasoftservecone,19,1
468,nutrigrainbar,39,1
468,churro,18,1
468,twistdonut,25,1
468,tuilecookie,33,1
468,madeleine,27,1
468,oatmealraisincookie,13,1
468,thumprintcookie,14,1
468,sugarcookie,7,1
468,vanillawafer,14,1
468,chocolatewafer,22,1
468,chocolatebark,12,1
468,darkchocolate,26,1
468,milkchocolate,25,1
468,pocky,33,1
468,toblerone,24,1
468,lindtlindorchocolatetruffle,18,1
468,twix,21,1
468,caramel,26,1
468,peanutmms,11,1
468,brownie,16,1
468,frostedbrownie,26,1
468,lemoncake,39,1
469,orange,99,1
469,plum,100,1
469,blackberry,99,1
469,peach,99,1
469,cherry,99,1
469,raspberry,98,1
469,apple,100,1
469,grape,99,1
469,goldendeliciousapple,99,1
469,honeydewmelon,80,1
469,kiwi,88,1
469,greenbellpepper,61,1
469,carrot,84,1
469,peanuts,99,1
469,almonds,99,1
469,baguette,72,1
469,slicedloafbread,72,1
469,boulebread,73,1
469,ryebread,70,1
469,deliturkey,75,1
469,chickentenders,74,1
469,meatballs,76,1
469,gouda,77,1
469,swisscheese,77,1
469,potatochips,75,1
469,tortillachips,70,1
469,doritos,63,1
469,ritzcracker,68,1
469,saltinecracker,75,1
469,wheatthins,72,1
469,eggrolls,90,1
469,frenchfries,57,1
469,butteredpopcorn,62,1
469,triscuits,73,1
469,wavylays,62,1
469,chocolateicecreamcone,98,1
469,strawberryicecreamcone,99,1
469,vanillasoftservecone,100,1
469,nutrigrainbar,72,1
469,churro,65,1
469,twistdonut,74,1
469,tuilecookie,58,1
469,madeleine,61,1
469,oatmealraisincookie,76,1
469,thumprintcookie,62,1
469,sugarcookie,63,1
469,vanillawafer,77,1
469,chocolatewafer,89,1
469,chocolatebark,61,1
469,darkchocolate,98,1
469,milkchocolate,99,1
469,pocky,56,1
469,toblerone,98,1
469,lindtlindorchocolatetruffle,62,1
469,twix,65,1
469,caramel,59,1
469,peanutmms,99,1
469,brownie,59,1
469,frostedbrownie,61,1
469,lemoncake,55,1
101,orange,25,2
101,plum,9,2
101,blackberry,21,2
101,peach,15,2
101,cherry,14,2
101,raspberry,33,2
101,apple,91,2
101,grape,89,2
101,goldendeliciousapple,89,2
101,honeydewmelon,25,2
101,kiwi,30,2
101,greenbellpepper,59,2
101,carrot,43,2
101,peanuts,71,2
101,almonds,78,2
101,baguette,91,2
101,slicedloafbread,72,2
101,boulebread,68,2
101,ryebread,65,2
101,deliturkey,68,2
101,chickentenders,84,2
101,meatballs,75,2
101,gouda,85,2
101,swisscheese,65,2
101,potatochips,100,2
101,tortillachips,86,2
101,doritos,100,2
101,ritzcracker,100,2
101,saltinecracker,100,2
101,wheatthins,100,2
101,eggrolls,74,2
101,frenchfries,100,2
101,butteredpopcorn,89,2
101,triscuits,86,2
101,wavylays,98,2
101,chocolateicecreamcone,100,2
101,strawberryicecreamcone,93,2
101,vanillasoftservecone,100,2
101,nutrigrainbar,54,2
101,churro,85,2
101,twistdonut,85,2
101,tuilecookie,63,2
101,madeleine,97,2
101,oatmealraisincookie,25,2
101,thumprintcookie,96,2
101,sugarcookie,100,2
101,vanillawafer,100,2
101,chocolatewafer,99,2
101,chocolatebark,100,2
101,darkchocolate,100,2
101,milkchocolate,100,2
101,pocky,89,2
101,toblerone,100,2
101,lindtlindorchocolatetruffle,100,2
101,twix,100,2
101,caramel,91,2
101,peanutmms,100,2
101,brownie,100,2
101,frostedbrownie,100,2
101,lemoncake,100,2
102,orange,92,2
102,plum,89,2
102,blackberry,68,2
102,peach,84,2
102,cherry,62,2
102,raspberry,66,2
102,apple,71,2
102,grape,77,2
102,goldendeliciousapple,76,2
102,honeydewmelon,74,2
102,kiwi,88,2
102,greenbellpepper,24,2
102,carrot,6,2
102,peanuts,54,2
102,almonds,88,2
102,baguette,18,2
102,slicedloafbread,16,2
102,boulebread,31,2
102,ryebread,33,2
102,deliturkey,21,2
102,chickentenders,84,2
102,meatballs,27,2
102,gouda,93,2
102,swisscheese,22,2
102,potatochips,80,2
102,tortillachips,72,2
102,doritos,76,2
102,ritzcracker,78,2
102,saltinecracker,18,2
102,wheatthins,58,2
102,eggrolls,84,2
102,frenchfries,63,2
102,butteredpopcorn,78,2
102,triscuits,54,2
102,wavylays,73,2
102,chocolateicecreamcone,81,2
102,strawberryicecreamcone,91,2
102,vanillasoftservecone,63,2
102,nutrigrainbar,6,2
102,churro,86,2
102,twistdonut,83,2
102,tuilecookie,60,2
102,madeleine,67,2
102,oatmealraisincookie,58,2
102,thumprintcookie,49,2
102,sugarcookie,82,2
102,vanillawafer,82,2
102,chocolatewafer,71,2
102,chocolatebark,72,2
102,darkchocolate,45,2
102,milkchocolate,74,2
102,pocky,89,2
102,toblerone,30,2
102,lindtlindorchocolatetruffle,69,2
102,twix,75,2
102,caramel,86,2
102,peanutmms,86,2
102,brownie,84,2
102,frostedbrownie,73,2
102,lemoncake,39,2
103,orange,41,2
103,plum,47,2
103,blackberry,26,2
103,peach,43,2
103,cherry,44,2
103,raspberry,25,2
103,apple,51,2
103,grape,49,2
103,goldendeliciousapple,55,2
103,honeydewmelon,25,2
103,kiwi,54,2
103,greenbellpepper,14,2
103,carrot,41,2
103,peanuts,41,2
103,almonds,51,2
103,baguette,49,2
103,slicedloafbread,52,2
103,boulebread,48,2
103,ryebread,30,2
103,deliturkey,62,2
103,chickentenders,85,2
103,meatballs,55,2
103,gouda,45,2
103,swisscheese,51,2
103,potatochips,52,2
103,tortillachips,48,2
103,doritos,45,2
103,ritzcracker,51,2
103,saltinecracker,46,2
103,wheatthins,46,2
103,eggrolls,50,2
103,frenchfries,54,2
103,butteredpopcorn,47,2
103,triscuits,34,2
103,wavylays,48,2
103,chocolateicecreamcone,69,2
103,strawberryicecreamcone,62,2
103,vanillasoftservecone,70,2
103,nutrigrainbar,33,2
103,churro,47,2
103,twistdonut,45,2
103,tuilecookie,46,2
103,madeleine,48,2
103,oatmealraisincookie,15,2
103,thumprintcookie,53,2
103,sugarcookie,46,2
103,vanillawafer,62,2
103,chocolatewafer,64,2
103,chocolatebark,44,2
103,darkchocolate,53,2
103,milkchocolate,61,2
103,pocky,66,2
103,toblerone,52,2
103,lindtlindorchocolatetruffle,56,2
103,twix,65,2
103,caramel,40,2
103,peanutmms,56,2
103,brownie,65,2
103,frostedbrownie,73,2
103,lemoncake,77,2
104,orange,78,2
104,plum,90,2
104,blackberry,57,2
104,peach,77,2
104,cherry,95,2
104,raspberry,89,2
104,apple,85,2
104,grape,81,2
104,goldendeliciousapple,42,2
104,honeydewmelon,97,2
104,kiwi,52,2
104,greenbellpepper,84,2
104,carrot,47,2
104,peanuts,50,2
104,almonds,58,2
104,baguette,76,2
104,slicedloafbread,41,2
104,boulebread,76,2
104,ryebread,59,2
104,deliturkey,52,2
104,chickentenders,40,2
104,meatballs,32,2
104,gouda,28,2
104,swisscheese,32,2
104,potatochips,29,2
104,tortillachips,41,2
104,doritos,22,2
104,ritzcracker,62,2
104,saltinecracker,41,2
104,wheatthins,51,2
104,eggrolls,49,2
104,frenchfries,33,2
104,butteredpopcorn,39,2
104,triscuits,50,2
104,wavylays,26,2
104,chocolateicecreamcone,42,2
104,strawberryicecreamcone,64,2
104,vanillasoftservecone,59,2
104,nutrigrainbar,49,2
104,churro,36,2
104,twistdonut,35,2
104,tuilecookie,49,2
104,madeleine,64,2
104,oatmealraisincookie,43,2
104,thumprintcookie,42,2
104,sugarcookie,60,2
104,vanillawafer,39,2
104,chocolatewafer,31,2
104,chocolatebark,86,2
104,darkchocolate,63,2
104,milkchocolate,62,2
104,pocky,84,2
104,toblerone,70,2
104,lindtlindorchocolatetruffle,42,2
104,twix,75,2
104,caramel,50,2
104,peanutmms,59,2
104,brownie,30,2
104,frostedbrownie,33,2
104,lemoncake,57,2
105,orange,90,2
105,plum,89,2
105,blackberry,96,2
105,peach,63,2
105,cherry,51,2
105,raspberry,92,2
105,apple,91,2
105,grape,93,2
105,goldendeliciousapple,87,2
105,honeydewmelon,95,2
105,kiwi,11,2
105,greenbellpepper,8,2
105,carrot,79,2
105,peanuts,16,2
105,almonds,73,2
105,baguette,63,2
105,slicedloafbread,5,2
105,boulebread,61,2
105,ryebread,60,2
105,deliturkey,52,2
105,chickentenders,47,2
105,meatballs,22,2
105,gouda,78,2
105,swisscheese,80,2
105,potatochips,14,2
105,tortillachips,6,2
105,doritos,9,2
105,ritzcracker,6,2
105,saltinecracker,20,2
105,wheatthins,13,2
105,eggrolls,19,2
105,frenchfries,15,2
105,butteredpopcorn,12,2
105,triscuits,5,2
105,wavylays,13,2
105,chocolateicecreamcone,43,2
105,strawberryicecreamcone,49,2
105,vanillasoftservecone,58,2
105,nutrigrainbar,55,2
105,churro,33,2
105,twistdonut,47,2
105,tuilecookie,24,2
105,madeleine,28,2
105,oatmealraisincookie,61,2
105,thumprintcookie,13,2
105,sugarcookie,4,2
105,vanillawafer,4,2
105,chocolatewafer,9,2
105,chocolatebark,94,2
105,darkchocolate,29,2
105,milkchocolate,82,2
105,pocky,20,2
105,toblerone,93,2
105,lindtlindorchocolatetruffle,47,2
105,twix,60,2
105,caramel,75,2
105,peanutmms,92,2
105,brownie,76,2
105,frostedbrownie,60,2
105,lemoncake,41,2
106,orange,99,2
106,plum,99,2
106,blackberry,66,2
106,peach,100,2
106,cherry,10,2
106,raspberry,83,2
106,apple,63,2
106,grape,1,2
106,goldendeliciousapple,65,2
106,honeydewmelon,1,2
106,kiwi,1,2
106,greenbellpepper,68,2
106,carrot,64,2
106,peanuts,1,2
106,almonds,1,2
106,baguette,68,2
106,slicedloafbread,88,2
106,boulebread,78,2
106,ryebread,74,2
106,deliturkey,41,2
106,chickentenders,21,2
106,meatballs,1,2
106,gouda,51,2
106,swisscheese,77,2
106,potatochips,26,2
106,tortillachips,1,2
106,doritos,1,2
106,ritzcracker,68,2
106,saltinecracker,70,2
106,wheatthins,13,2
106,eggrolls,60,2
106,frenchfries,18,2
106,butteredpopcorn,72,2
106,triscuits,1,2
106,wavylays,29,2
106,chocolateicecreamcone,100,2
106,strawberryicecreamcone,81,2
106,vanillasoftservecone,67,2
106,nutrigrainbar,1,2
106,churro,59,2
106,twistdonut,86,2
106,tuilecookie,50,2
106,madeleine,50,2
106,oatmealraisincookie,1,2
106,thumprintcookie,74,2
106,sugarcookie,65,2
106,vanillawafer,11,2
106,chocolatewafer,13,2
106,chocolatebark,1,2
106,darkchocolate,39,2
106,milkchocolate,74,2
106,pocky,9,2
106,toblerone,63,2
106,lindtlindorchocolatetruffle,1,2
106,twix,17,2
106,caramel,5,2
106,peanutmms,1,2
106,brownie,69,2
106,frostedbrownie,60,2
106,lemoncake,67,2
107,orange,69,2
107,plum,7,2
107,blackberry,2,2
107,peach,3,2
107,cherry,3,2
107,raspberry,4,2
107,apple,47,2
107,grape,3,2
107,goldendeliciousapple,51,2
107,honeydewmelon,2,2
107,kiwi,43,2
107,greenbellpepper,1,2
107,carrot,1,2
107,peanuts,36,2
107,almonds,2,2
107,baguette,31,2
107,slicedloafbread,38,2
107,boulebread,19,2
107,ryebread,29,2
107,deliturkey,34,2
107,chickentenders,79,2
107,meatballs,55,2
107,gouda,47,2
107,swisscheese,49,2
107,potatochips,45,2
107,tortillachips,50,2
107,doritos,47,2
107,ritzcracker,53,2
107,saltinecracker,46,2
107,wheatthins,44,2
107,eggrolls,56,2
107,frenchfries,67,2
107,butteredpopcorn,28,2
107,triscuits,55,2
107,wavylays,57,2
107,chocolateicecreamcone,95,2
107,strawberryicecreamcone,95,2
107,vanillasoftservecone,95,2
107,nutrigrainbar,29,2
107,churro,41,2
107,twistdonut,73,2
107,tuilecookie,49,2
107,madeleine,35,2
107,oatmealraisincookie,27,2
107,thumprintcookie,77,2
107,sugarcookie,69,2
107,vanillawafer,83,2
107,chocolatewafer,84,2
107,chocolatebark,53,2
107,darkchocolate,85,2
107,milkchocolate,95,2
107,pocky,34,2
107,toblerone,83,2
107,lindtlindorchocolatetruffle,74,2
107,twix,93,2
107,caramel,74,2
107,peanutmms,86,2
107,brownie,88,2
107,frostedbrownie,86,2
107,lemoncake,93,2
108,orange,9,2
108,plum,4,2
108,blackberry,12,2
108,peach,7,2
108,cherry,18,2
108,raspberry,29,2
108,apple,50,2
108,grape,10,2
108,goldendeliciousapple,26,2
108,honeydewmelon,27,2
108,kiwi,24,2
108,greenbellpepper,11,2
108,carrot,14,2
108,peanuts,67,2
108,almonds,25,2
108,baguette,17,2
108,slicedloafbread,19,2
108,boulebread,27,2
108,ryebread,11,2
108,deliturkey,24,2
108,chickentenders,48,2
108,meatballs,56,2
108,gouda,13,2
108,swisscheese,30,2
108,potatochips,75,2
108,tortillachips,63,2
108,doritos,9,2
108,ritzcracker,28,2
108,saltinecracker,57,2
108,wheatthins,16,2
108,eggrolls,17,2
108,frenchfries,18,2
108,butteredpopcorn,66,2
108,triscuits,10,2
108,wavylays,71,2
108,chocolateicecreamcone,84,2
108,strawberryicecreamcone,23,2
108,vanillasoftservecone,67,2
108,nutrigrainbar,22,2
108,churro,45,2
108,twistdonut,78,2
108,tuilecookie,67,2
108,madeleine,31,2
108,oatmealraisincookie,25,2
108,thumprintcookie,13,2
108,sugarcookie,16,2
108,vanillawafer,80,2
108,chocolatewafer,90,2
108,chocolatebark,14,2
108,darkchocolate,26,2
108,milkchocolate,79,2
108,pocky,15,2
108,toblerone,64,2
108,lindtlindorchocolatetruffle,84,2
108,twix,81,2
108,caramel,68,2
108,peanutmms,81,2
108,brownie,84,2
108,frostedbrownie,66,2
108,lemoncake,19,2
109,orange,100,2
109,plum,100,2
109,blackberry,35,2
109,peach,100,2
109,cherry,100,2
109,raspberry,33,2
109,apple,100,2
109,grape,100,2
109,goldendeliciousapple,100,2
109,honeydewmelon,100,2
109,kiwi,100,2
109,greenbellpepper,61,2
109,carrot,1,2
109,peanuts,75,2
109,almonds,76,2
109,baguette,60,2
109,slicedloafbread,39,2
109,boulebread,57,2
109,ryebread,60,2
109,deliturkey,51,2
109,chickentenders,48,2
109,meatballs,37,2
109,gouda,65,2
109,swisscheese,78,2
109,potatochips,100,2
109,tortillachips,72,2
109,doritos,78,2
109,ritzcracker,72,2
109,saltinecracker,61,2
109,wheatthins,75,2
109,eggrolls,35,2
109,frenchfries,100,2
109,butteredpopcorn,62,2
109,triscuits,36,2
109,wavylays,100,2
109,chocolateicecreamcone,100,2
109,strawberryicecreamcone,32,2
109,vanillasoftservecone,100,2
109,nutrigrainbar,39,2
109,churro,32,2
109,twistdonut,35,2
109,tuilecookie,51,2
109,madeleine,75,2
109,oatmealraisincookie,51,2
109,thumprintcookie,49,2
109,sugarcookie,39,2
109,vanillawafer,49,2
109,chocolatewafer,64,2
109,chocolatebark,50,2
109,darkchocolate,81,2
109,milkchocolate,61,2
109,pocky,100,2
109,toblerone,50,2
109,lindtlindorchocolatetruffle,50,2
109,twix,66,2
109,caramel,23,2
109,peanutmms,41,2
109,brownie,49,2
109,frostedbrownie,40,2
109,lemoncake,49,2
110,orange,98,2
110,plum,99,2
110,blackberry,94,2
110,peach,99,2
110,cherry,94,2
110,raspberry,95,2
110,apple,98,2
110,grape,100,2
110,goldendeliciousapple,99,2
110,honeydewmelon,97,2
110,kiwi,83,2
110,greenbellpepper,15,2
110,carrot,64,2
110,peanuts,100,2
110,almonds,99,2
110,baguette,33,2
110,slicedloafbread,25,2
110,boulebread,33,2
110,ryebread,30,2
110,deliturkey,83,2
110,chickentenders,71,2
110,meatballs,32,2
110,gouda,68,2
110,swisscheese,75,2
110,potatochips,30,2
110,tortillachips,61,2
110,doritos,66,2
110,ritzcracker,58,2
110,saltinecracker,54,2
110,wheatthins,69,2
110,eggrolls,82,2
110,frenchfries,36,2
110,butteredpopcorn,26,2
110,triscuits,65,2
110,wavylays,32,2
110,chocolateicecreamcone,99,2
110,strawberryicecreamcone,99,2
110,vanillasoftservecone,88,2
110,nutrigrainbar,81,2
110,churro,73,2
110,twistdonut,56,2
110,tuilecookie,54,2
110,madeleine,78,2
110,oatmealraisincookie,87,2
110,thumprintcookie,80,2
110,sugarcookie,75,2
110,vanillawafer,75,2
110,chocolatewafer,90,2
110,chocolatebark,66,2
110,darkchocolate,83,2
110,milkchocolate,93,2
110,pocky,59,2
110,toblerone,84,2
110,lindtlindorchocolatetruffle,90,2
110,twix,91,2
110,caramel,19,2
110,peanutmms,99,2
110,brownie,98,2
110,frostedbrownie,98,2
110,lemoncake,82,2
111,orange,100,2
111,plum,91,2
111,blackberry,92,2
111,peach,97,2
111,cherry,88,2
111,raspberry,91,2
111,apple,96,2
111,grape,100,2
111,goldendeliciousapple,100,2
111,honeydewmelon,100,2
111,kiwi,100,2
111,greenbellpepper,68,2
111,carrot,100,2
111,peanuts,100,2
111,almonds,98,2
111,baguette,76,2
111,slicedloafbread,86,2
111,boulebread,79,2
111,ryebread,96,2
111,deliturkey,100,2
111,chickentenders,80,2
111,meatballs,66,2
111,gouda,91,2
111,swisscheese,91,2
111,potatochips,37,2
111,tortillachips,60,2
111,doritos,74,2
111,ritzcracker,87,2
111,saltinecracker,81,2
111,wheatthins,88,2
111,eggrolls,38,2
111,frenchfries,100,2
111,butteredpopcorn,82,2
111,triscuits,88,2
111,wavylays,58,2
111,chocolateicecreamcone,11,2
111,strawberryicecreamcone,18,2
111,vanillasoftservecone,21,2
111,nutrigrainbar,67,2
111,churro,62,2
111,twistdonut,18,2
111,tuilecookie,29,2
111,madeleine,73,2
111,oatmealraisincookie,85,2
111,thumprintcookie,64,2
111,sugarcookie,26,2
111,vanillawafer,19,2
111,chocolatewafer,41,2
111,chocolatebark,41,2
111,darkchocolate,18,2
111,milkchocolate,12,2
111,pocky,9,2
111,toblerone,71,2
111,lindtlindorchocolatetruffle,17,2
111,twix,36,2
111,caramel,7,2
111,peanutmms,1,2
111,brownie,100,2
111,frostedbrownie,43,2
111,lemoncake,1,2
112,orange,2,2
112,plum,80,2
112,blackberry,91,2
112,peach,2,2
112,cherry,63,2
112,raspberry,93,2
112,apple,2,2
112,grape,99,2
112,goldendeliciousapple,2,2
112,honeydewmelon,90,2
112,kiwi,2,2
112,greenbellpepper,24,2
112,carrot,2,2
112,peanuts,98,2
112,almonds,97,2
112,baguette,10,2
112,slicedloafbread,2,2
112,boulebread,3,2
112,ryebread,31,2
112,deliturkey,3,2
112,chickentenders,2,2
112,meatballs,2,2
112,gouda,59,2
112,swisscheese,71,2
112,potatochips,59,2
112,tortillachips,63,2
112,doritos,63,2
112,ritzcracker,57,2
112,saltinecracker,63,2
112,wheatthins,61,2
112,eggrolls,63,2
112,frenchfries,2,2
112,butteredpopcorn,2,2
112,triscuits,61,2
112,wavylays,58,2
112,chocolateicecreamcone,99,2
112,strawberryicecreamcone,2,2
112,vanillasoftservecone,98,2
112,nutrigrainbar,2,2
112,churro,4,2
112,twistdonut,37,2
112,tuilecookie,2,2
112,madeleine,2,2
112,oatmealraisincookie,78,2
112,thumprintcookie,77,2
112,sugarcookie,75,2
112,vanillawafer,2,2
112,chocolatewafer,2,2
112,chocolatebark,60,2
112,darkchocolate,14,2
112,milkchocolate,2,2
112,pocky,19,2
112,toblerone,3,2
112,lindtlindorchocolatetruffle,2,2
112,twix,10,2
112,caramel,2,2
112,peanutmms,79,2
112,brownie,2,2
112,frostedbrownie,3,2
112,lemoncake,1,2
113,orange,51,2
113,plum,45,2
113,blackberry,50,2
113,peach,49,2
113,cherry,49,2
113,raspberry,52,2
113,apple,45,2
113,grape,66,2
113,goldendeliciousapple,50,2
113,honeydewmelon,54,2
113,kiwi,54,2
113,greenbellpepper,1,2
113,carrot,2,2
113,peanuts,61,2
113,almonds,64,2
113,baguette,28,2
113,slicedloafbread,23,2
113,boulebread,28,2
113,ryebread,22,2
113,deliturkey,60,2
113,chickentenders,69,2
113,meatballs,63,2
113,gouda,55,2
113,swisscheese,63,2
113,potatochips,72,2
113,tortillachips,60,2
113,doritos,75,2
113,ritzcracker,29,2
113,saltinecracker,26,2
113,wheatthins,25,2
113,eggrolls,67,2
113,frenchfries,71,2
113,butteredpopcorn,71,2
113,triscuits,20,2
113,wavylays,73,2
113,chocolateicecreamcone,83,2
113,strawberryicecreamcone,88,2
113,vanillasoftservecone,86,2
113,nutrigrainbar,60,2
113,churro,61,2
113,twistdonut,23,2
113,tuilecookie,57,2
113,madeleine,58,2
113,oatmealraisincookie,73,2
113,thumprintcookie,70,2
113,sugarcookie,65,2
113,vanillawafer,69,2
113,chocolatewafer,87,2
113,chocolatebark,63,2
113,darkchocolate,80,2
113,milkchocolate,80,2
113,pocky,58,2
113,toblerone,87,2
113,lindtlindorchocolatetruffle,87,2
113,twix,82,2
113,caramel,57,2
113,peanutmms,76,2
113,brownie,79,2
113,frostedbrownie,74,2
113,lemoncake,61,2
114,orange,25,2
114,plum,7,2
114,blackberry,80,2
114,peach,5,2
114,cherry,63,2
114,raspberry,76,2
114,apple,83,2
114,grape,25,2
114,goldendeliciousapple,48,2
114,honeydewmelon,8,2
114,kiwi,4,2
114,greenbellpepper,1,2
114,carrot,6,2
114,peanuts,50,2
114,almonds,60,2
114,baguette,69,2
114,slicedloafbread,59,2
114,boulebread,67,2
114,ryebread,51,2
114,deliturkey,54,2
114,chickentenders,96,2
114,meatballs,15,2
114,gouda,67,2
114,swisscheese,29,2
114,potatochips,92,2
114,tortillachips,9,2
114,doritos,79,2
114,ritzcracker,72,2
114,saltinecracker,48,2
114,wheatthins,49,2
114,eggrolls,45,2
114,frenchfries,83,2
114,butteredpopcorn,47,2
114,triscuits,4,2
114,wavylays,79,2
114,chocolateicecreamcone,100,2
114,strawberryicecreamcone,91,2
114,vanillasoftservecone,96,2
114,nutrigrainbar,30,2
114,churro,33,2
114,twistdonut,67,2
114,tuilecookie,54,2
114,madeleine,100,2
114,oatmealraisincookie,8,2
114,thumprintcookie,24,2
114,sugarcookie,76,2
114,vanillawafer,90,2
114,chocolatewafer,84,2
114,chocolatebark,4,2
114,darkchocolate,59,2
114,milkchocolate,48,2
114,pocky,3,2
114,toblerone,51,2
114,lindtlindorchocolatetruffle,28,2
114,twix,92,2
114,caramel,27,2
114,peanutmms,93,2
114,brownie,96,2
114,frostedbrownie,84,2
114,lemoncake,95,2
115,orange,54,2
115,plum,27,2
115,blackberry,42,2
115,peach,41,2
115,cherry,34,2
115,raspberry,28,2
115,apple,34,2
115,grape,36,2
115,goldendeliciousapple,31,2
115,honeydewmelon,23,2
115,kiwi,14,2
115,greenbellpepper,22,2
115,carrot,11,2
115,peanuts,48,2
115,almonds,25,2
115,baguette,62,2
115,slicedloafbread,41,2
115,boulebread,53,2
115,ryebread,48,2
115,deliturkey,67,2
115,chickentenders,72,2
115,meatballs,74,2
115,gouda,54,2
115,swisscheese,51,2
115,potatochips,90,2
115,tortillachips,77,2
115,doritos,81,2
115,ritzcracker,64,2
115,saltinecracker,48,2
115,wheatthins,60,2
115,eggrolls,77,2
115,frenchfries,81,2
115,butteredpopcorn,47,2
115,triscuits,7,2
115,wavylays,89,2
115,chocolateicecreamcone,59,2
115,strawberryicecreamcone,55,2
115,vanillasoftservecone,63,2
115,nutrigrainbar,39,2
115,churro,63,2
115,twistdonut,70,2
115,tuilecookie,54,2
115,madeleine,68,2
115,oatmealraisincookie,62,2
115,thumprintcookie,58,2
115,sugarcookie,60,2
115,vanillawafer,48,2
115,chocolatewafer,47,2
115,chocolatebark,59,2
115,darkchocolate,59,2
115,milkchocolate,58,2
115,pocky,60,2
115,toblerone,67,2
115,lindtlindorchocolatetruffle,49,2
115,twix,67,2
115,caramel,48,2
115,peanutmms,54,2
115,brownie,55,2
115,frostedbrownie,50,2
115,lemoncake,50,2
116,orange,51,2
116,plum,63,2
116,blackberry,50,2
116,peach,62,2
116,cherry,71,2
116,raspberry,52,2
116,apple,61,2
116,grape,67,2
116,goldendeliciousapple,62,2
116,honeydewmelon,51,2
116,kiwi,65,2
116,greenbellpepper,37,2
116,carrot,52,2
116,peanuts,61,2
116,almonds,50,2
116,baguette,64,2
116,slicedloafbread,49,2
116,boulebread,63,2
116,ryebread,65,2
116,deliturkey,63,2
116,chickentenders,64,2
116,meatballs,49,2
116,gouda,51,2
116,swisscheese,37,2
116,potatochips,72,2
116,tortillachips,51,2
116,doritos,37,2
116,ritzcracker,51,2
116,saltinecracker,48,2
116,wheatthins,64,2
116,eggrolls,59,2
116,frenchfries,74,2
116,butteredpopcorn,72,2
116,triscuits,50,2
116,wavylays,87,2
116,chocolateicecreamcone,79,2
116,strawberryicecreamcone,63,2
116,vanillasoftservecone,70,2
116,nutrigrainbar,51,2
116,churro,89,2
116,twistdonut,70,2
116,tuilecookie,68,2
116,madeleine,60,2
116,oatmealraisincookie,50,2
116,thumprintcookie,47,2
116,sugarcookie,50,2
116,vanillawafer,50,2
116,chocolatewafer,71,2
116,chocolatebark,89,2
116,darkchocolate,82,2
116,milkchocolate,75,2
116,pocky,81,2
116,toblerone,77,2
116,lindtlindorchocolatetruffle,84,2
116,twix,75,2
116,caramel,59,2
116,peanutmms,75,2
116,brownie,81,2
116,frostedbrownie,89,2
116,lemoncake,50,2
117,orange,1,2
117,plum,51,2
117,blackberry,51,2
117,peach,100,2
117,cherry,1,2
117,raspberry,1,2
117,apple,1,2
117,grape,100,2
117,goldendeliciousapple,3,2
117,honeydewmelon,1,2
117,kiwi,100,2
117,greenbellpepper,1,2
117,carrot,2,2
117,peanuts,1,2
117,almonds,50,2
117,baguette,2,2
117,slicedloafbread,1,2
117,boulebread,2,2
117,ryebread,1,2
117,deliturkey,51,2
117,chickentenders,48,2
117,meatballs,1,2
117,gouda,51,2
117,swisscheese,52,2
117,potatochips,1,2
117,tortillachips,1,2
117,doritos,1,2
117,ritzcracker,2,2
117,saltinecracker,1,2
117,wheatthins,1,2
117,eggrolls,2,2
117,frenchfries,1,2
117,butteredpopcorn,2,2
117,triscuits,2,2
117,wavylays,2,2
117,chocolateicecreamcone,1,2
117,strawberryicecreamcone,2,2
117,vanillasoftservecone,1,2
117,nutrigrainbar,2,2
117,churro,2,2
117,twistdonut,2,2
117,tuilecookie,2,2
117,madeleine,2,2
117,oatmealraisincookie,1,2
117,thumprintcookie,1,2
117,sugarcookie,2,2
117,vanillawafer,2,2
117,chocolatewafer,2,2
117,chocolatebark,2,2
117,darkchocolate,100,2
117,milkchocolate,50,2
117,pocky,2,2
117,toblerone,1,2
117,lindtlindorchocolatetruffle,7,2
117,twix,2,2
117,caramel,1,2
117,peanutmms,6,2
117,brownie,1,2
117,frostedbrownie,2,2
117,lemoncake,1,2
118,orange,12,2
118,plum,12,2
118,blackberry,10,2
118,peach,10,2
118,cherry,7,2
118,raspberry,11,2
118,apple,7,2
118,grape,11,2
118,goldendeliciousapple,14,2
118,honeydewmelon,10,2
118,kiwi,11,2
118,greenbellpepper,20,2
118,carrot,7,2
118,peanuts,57,2
118,almonds,62,2
118,baguette,29,2
118,slicedloafbread,4,2
118,boulebread,17,2
118,ryebread,13,2
118,deliturkey,44,2
118,chickentenders,78,2
118,meatballs,56,2
118,gouda,18,2
118,swisscheese,31,2
118,potatochips,63,2
118,tortillachips,57,2
118,doritos,60,2
118,ritzcracker,8,2
118,saltinecracker,3,2
118,wheatthins,9,2
118,eggrolls,65,2
118,frenchfries,61,2
118,butteredpopcorn,59,2
118,triscuits,11,2
118,wavylays,58,2
118,chocolateicecreamcone,74,2
118,strawberryicecreamcone,79,2
118,vanillasoftservecone,66,2
118,nutrigrainbar,29,2
118,churro,19,2
118,twistdonut,14,2
118,tuilecookie,30,2
118,madeleine,28,2
118,oatmealraisincookie,52,2
118,thumprintcookie,11,2
118,sugarcookie,15,2
118,vanillawafer,23,2
118,chocolatewafer,29,2
118,chocolatebark,57,2
118,darkchocolate,60,2
118,milkchocolate,60,2
118,pocky,16,2
118,toblerone,62,2
118,lindtlindorchocolatetruffle,58,2
118,twix,44,2
118,caramel,43,2
118,peanutmms,57,2
118,brownie,55,2
118,frostedbrownie,55,2
118,lemoncake,58,2
119,orange,78,2
119,plum,66,2
119,blackberry,66,2
119,peach,72,2
119,cherry,59,2
119,raspberry,64,2
119,apple,74,2
119,grape,70,2
119,goldendeliciousapple,70,2
119,honeydewmelon,74,2
119,kiwi,2,2
119,greenbellpepper,3,2
119,carrot,6,2
119,peanuts,46,2
119,almonds,40,2
119,baguette,37,2
119,slicedloafbread,49,2
119,boulebread,48,2
119,ryebread,42,2
119,deliturkey,40,2
119,chickentenders,50,2
119,meatballs,40,2
119,gouda,57,2
119,swisscheese,53,2
119,potatochips,31,2
119,tortillachips,38,2
119,doritos,37,2
119,ritzcracker,49,2
119,saltinecracker,46,2
119,wheatthins,23,2
119,eggrolls,41,2
119,frenchfries,30,2
119,butteredpopcorn,48,2
119,triscuits,35,2
119,wavylays,35,2
119,chocolateicecreamcone,58,2
119,strawberryicecreamcone,74,2
119,vanillasoftservecone,56,2
119,nutrigrainbar,65,2
119,churro,36,2
119,twistdonut,30,2
119,tuilecookie,27,2
119,madeleine,55,2
119,oatmealraisincookie,71,2
119,thumprintcookie,62,2
119,sugarcookie,62,2
119,vanillawafer,53,2
119,chocolatewafer,83,2
119,chocolatebark,73,2
119,darkchocolate,87,2
119,milkchocolate,76,2
119,pocky,2,2
119,toblerone,85,2
119,lindtlindorchocolatetruffle,81,2
119,twix,95,2
119,caramel,59,2
119,peanutmms,68,2
119,brownie,90,2
119,frostedbrownie,95,2
119,lemoncake,78,2
120,orange,3,2
120,plum,73,2
120,blackberry,60,2
120,peach,14,2
120,cherry,67,2
120,raspberry,6,2
120,apple,11,2
120,grape,68,2
120,goldendeliciousapple,16,2
120,honeydewmelon,75,2
120,kiwi,1,2
120,greenbellpepper,2,2
120,carrot,56,2
120,peanuts,30,2
120,almonds,69,2
120,baguette,2,2
120,slicedloafbread,3,2
120,boulebread,2,2
120,ryebread,3,2
120,deliturkey,4,2
120,chickentenders,97,2
120,meatballs,1,2
120,gouda,19,2
120,swisscheese,22,2
120,potatochips,86,2
120,tortillachips,64,2
120,doritos,98,2
120,ritzcracker,26,2
120,saltinecracker,13,2
120,wheatthins,60,2
120,eggrolls,3,2
120,frenchfries,88,2
120,butteredpopcorn,68,2
120,triscuits,6,2
120,wavylays,83,2
120,chocolateicecreamcone,96,2
120,strawberryicecreamcone,98,2
120,vanillasoftservecone,64,2
120,nutrigrainbar,84,2
120,churro,49,2
120,twistdonut,3,2
120,tuilecookie,11,2
120,madeleine,4,2
120,oatmealraisincookie,99,2
120,thumprintcookie,69,2
120,sugarcookie,92,2
120,vanillawafer,78,2
120,chocolatewafer,78,2
120,chocolatebark,64,2
120,darkchocolate,84,2
120,milkchocolate,93,2
120,pocky,63,2
120,toblerone,80,2
120,lindtlindorchocolatetruffle,74,2
120,twix,98,2
120,caramel,31,2
120,peanutmms,99,2
120,brownie,84,2
120,frostedbrownie,92,2
120,lemoncake,88,2
121,orange,71,2
121,plum,90,2
121,blackberry,99,2
121,peach,76,2
121,cherry,65,2
121,raspberry,98,2
121,apple,67,2
121,grape,95,2
121,goldendeliciousapple,85,2
121,honeydewmelon,3,2
121,kiwi,91,2
121,greenbellpepper,6,2
121,carrot,5,2
121,peanuts,72,2
121,almonds,44,2
121,baguette,1,2
121,slicedloafbread,2,2
121,boulebread,2,2
121,ryebread,2,2
121,deliturkey,37,2
121,chickentenders,19,2
121,meatballs,8,2
121,gouda,34,2
121,swisscheese,47,2
121,potatochips,34,2
121,tortillachips,8,2
121,doritos,7,2
121,ritzcracker,26,2
121,saltinecracker,8,2
121,wheatthins,23,2
121,eggrolls,12,2
121,frenchfries,28,2
121,butteredpopcorn,19,2
121,triscuits,44,2
121,wavylays,30,2
121,chocolateicecreamcone,2,2
121,strawberryicecreamcone,34,2
121,vanillasoftservecone,26,2
121,nutrigrainbar,2,2
121,churro,4,2
121,twistdonut,5,2
121,tuilecookie,16,2
121,madeleine,1,2
121,oatmealraisincookie,2,2
121,thumprintcookie,1,2
121,sugarcookie,5,2
121,vanillawafer,17,2
121,chocolatewafer,2,2
121,chocolatebark,3,2
121,darkchocolate,2,2
121,milkchocolate,1,2
121,pocky,2,2
121,toblerone,1,2
121,lindtlindorchocolatetruffle,1,2
121,twix,6,2
121,caramel,2,2
121,peanutmms,2,2
121,brownie,1,2
121,frostedbrownie,1,2
121,lemoncake,2,2
122,orange,67,2
122,plum,61,2
122,blackberry,94,2
122,peach,73,2
122,cherry,76,2
122,raspberry,81,2
122,apple,75,2
122,grape,68,2
122,goldendeliciousapple,69,2
122,honeydewmelon,61,2
122,kiwi,62,2
122,greenbellpepper,62,2
122,carrot,1,2
122,peanuts,96,2
122,almonds,98,2
122,baguette,34,2
122,slicedloafbread,50,2
122,boulebread,50,2
122,ryebread,35,2
122,deliturkey,74,2
122,chickentenders,38,2
122,meatballs,66,2
122,gouda,1,2
122,swisscheese,1,2
122,potatochips,5,2
122,tortillachips,28,2
122,doritos,6,2
122,ritzcracker,33,2
122,saltinecracker,44,2
122,wheatthins,46,2
122,eggrolls,27,2
122,frenchfries,6,2
122,butteredpopcorn,23,2
122,triscuits,51,2
122,wavylays,8,2
122,chocolateicecreamcone,73,2
122,strawberryicecreamcone,40,2
122,vanillasoftservecone,57,2
122,nutrigrainbar,70,2
122,churro,55,2
122,twistdonut,56,2
122,tuilecookie,15,2
122,madeleine,44,2
122,oatmealraisincookie,86,2
122,thumprintcookie,67,2
122,sugarcookie,69,2
122,vanillawafer,45,2
122,chocolatewafer,42,2
122,chocolatebark,89,2
122,darkchocolate,88,2
122,milkchocolate,82,2
122,pocky,50,2
122,toblerone,82,2
122,lindtlindorchocolatetruffle,78,2
122,twix,37,2
122,caramel,5,2
122,peanutmms,8,2
122,brownie,92,2
122,frostedbrownie,95,2
122,lemoncake,79,2
123,orange,92,2
123,plum,87,2
123,blackberry,93,2
123,peach,62,2
123,cherry,90,2
123,raspberry,98,2
123,apple,91,2
123,grape,74,2
123,goldendeliciousapple,94,2
123,honeydewmelon,70,2
123,kiwi,94,2
123,greenbellpepper,24,2
123,carrot,60,2
123,peanuts,82,2
123,almonds,73,2
123,baguette,70,2
123,slicedloafbread,65,2
123,boulebread,75,2
123,ryebread,79,2
123,deliturkey,82,2
123,chickentenders,53,2
123,meatballs,65,2
123,gouda,72,2
123,swisscheese,75,2
123,potatochips,91,2
123,tortillachips,40,2
123,doritos,73,2
123,ritzcracker,85,2
123,saltinecracker,40,2
123,wheatthins,83,2
123,eggrolls,75,2
123,frenchfries,44,2
123,butteredpopcorn,79,2
123,triscuits,67,2
123,wavylays,40,2
123,chocolateicecreamcone,87,2
123,strawberryicecreamcone,51,2
123,vanillasoftservecone,87,2
123,nutrigrainbar,86,2
123,churro,71,2
123,twistdonut,52,2
123,tuilecookie,75,2
123,madeleine,83,2
123,oatmealraisincookie,85,2
123,thumprintcookie,83,2
123,sugarcookie,67,2
123,vanillawafer,76,2
123,chocolatewafer,60,2
123,chocolatebark,66,2
123,darkchocolate,65,2
123,milkchocolate,82,2
123,pocky,87,2
123,toblerone,59,2
123,lindtlindorchocolatetruffle,81,2
123,twix,44,2
123,caramel,92,2
123,peanutmms,57,2
123,brownie,63,2
123,frostedbrownie,68,2
123,lemoncake,68,2
124,orange,78,2
124,plum,4,2
124,blackberry,37,2
124,peach,82,2
124,cherry,58,2
124,raspberry,50,2
124,apple,97,2
124,grape,84,2
124,goldendeliciousapple,77,2
124,honeydewmelon,3,2
124,kiwi,4,2
124,greenbellpepper,5,2
124,carrot,76,2
124,peanuts,67,2
124,almonds,69,2
124,baguette,6,2
124,slicedloafbread,7,2
124,boulebread,10,2
124,ryebread,3,2
124,deliturkey,23,2
124,chickentenders,52,2
124,meatballs,3,2
124,gouda,10,2
124,swisscheese,46,2
124,potatochips,22,2
124,tortillachips,13,2
124,doritos,5,2
124,ritzcracker,7,2
124,saltinecracker,6,2
124,wheatthins,4,2
124,eggrolls,3,2
124,frenchfries,6,2
124,butteredpopcorn,8,2
124,triscuits,6,2
124,wavylays,10,2
124,chocolateicecreamcone,16,2
124,strawberryicecreamcone,22,2
124,vanillasoftservecone,13,2
124,nutrigrainbar,5,2
124,churro,5,2
124,twistdonut,9,2
124,tuilecookie,4,2
124,madeleine,7,2
124,oatmealraisincookie,39,2
124,thumprintcookie,18,2
124,sugarcookie,8,2
124,vanillawafer,3,2
124,chocolatewafer,3,2
124,chocolatebark,8,2
124,darkchocolate,20,2
124,milkchocolate,35,2
124,pocky,4,2
124,toblerone,16,2
124,lindtlindorchocolatetruffle,25,2
124,twix,4,2
124,caramel,2,2
124,peanutmms,13,2
124,brownie,43,2
124,frostedbrownie,37,2
124,lemoncake,50,2
125,orange,65,2
125,plum,16,2
125,blackberry,52,2
125,peach,61,2
125,cherry,2,2
125,raspberry,71,2
125,apple,2,2
125,grape,70,2
125,goldendeliciousapple,7,2
125,honeydewmelon,20,2
125,kiwi,11,2
125,greenbellpepper,9,2
125,carrot,3,2
125,peanuts,4,2
125,almonds,3,2
125,baguette,4,2
125,slicedloafbread,39,2
125,boulebread,26,2
125,ryebread,9,2
125,deliturkey,1,2
125,chickentenders,8,2
125,meatballs,19,2
125,gouda,88,2
125,swisscheese,77,2
125,potatochips,64,2
125,tortillachips,23,2
125,doritos,58,2
125,ritzcracker,52,2
125,saltinecracker,5,2
125,wheatthins,5,2
125,eggrolls,17,2
125,frenchfries,93,2
125,butteredpopcorn,86,2
125,triscuits,3,2
125,wavylays,54,2
125,chocolateicecreamcone,62,2
125,strawberryicecreamcone,64,2
125,vanillasoftservecone,69,2
125,nutrigrainbar,14,2
125,churro,41,2
125,twistdonut,77,2
125,tuilecookie,3,2
125,madeleine,72,2
125,oatmealraisincookie,3,2
125,thumprintcookie,20,2
125,sugarcookie,50,2
125,vanillawafer,76,2
125,chocolatewafer,70,2
125,chocolatebark,2,2
125,darkchocolate,90,2
125,milkchocolate,90,2
125,pocky,3,2
125,toblerone,90,2
125,lindtlindorchocolatetruffle,96,2
125,twix,95,2
125,caramel,1,2
125,peanutmms,82,2
125,brownie,93,2
125,frostedbrownie,95,2
125,lemoncake,91,2
126,orange,16,2
126,plum,1,2
126,blackberry,11,2
126,peach,4,2
126,cherry,5,2
126,raspberry,6,2
126,apple,55,2
126,grape,53,2
126,goldendeliciousapple,60,2
126,honeydewmelon,1,2
126,kiwi,1,2
126,greenbellpepper,4,2
126,carrot,1,2
126,peanuts,53,2
126,almonds,55,2
126,baguette,49,2
126,slicedloafbread,49,2
126,boulebread,41,2
126,ryebread,45,2
126,deliturkey,52,2
126,chickentenders,89,2
126,meatballs,52,2
126,gouda,46,2
126,swisscheese,75,2
126,potatochips,91,2
126,tortillachips,87,2
126,doritos,85,2
126,ritzcracker,69,2
126,saltinecracker,84,2
126,wheatthins,70,2
126,eggrolls,53,2
126,frenchfries,94,2
126,butteredpopcorn,77,2
126,triscuits,37,2
126,wavylays,89,2
126,chocolateicecreamcone,94,2
126,strawberryicecreamcone,92,2
126,vanillasoftservecone,100,2
126,nutrigrainbar,52,2
126,churro,82,2
126,twistdonut,86,2
126,tuilecookie,62,2
126,madeleine,60,2
126,oatmealraisincookie,88,2
126,thumprintcookie,90,2
126,sugarcookie,82,2
126,vanillawafer,93,2
126,chocolatewafer,100,2
126,chocolatebark,87,2
126,darkchocolate,92,2
126,milkchocolate,96,2
126,pocky,62,2
126,toblerone,82,2
126,lindtlindorchocolatetruffle,84,2
126,twix,100,2
126,caramel,65,2
126,peanutmms,100,2
126,brownie,97,2
126,frostedbrownie,96,2
126,lemoncake,94,2
127,orange,88,2
127,plum,73,2
127,blackberry,18,2
127,peach,27,2
127,cherry,14,2
127,raspberry,74,2
127,apple,94,2
127,grape,74,2
127,goldendeliciousapple,81,2
127,honeydewmelon,35,2
127,kiwi,93,2
127,greenbellpepper,94,2
127,carrot,9,2
127,peanuts,67,2
127,almonds,89,2
127,baguette,95,2
127,slicedloafbread,51,2
127,boulebread,44,2
127,ryebread,95,2
127,deliturkey,89,2
127,chickentenders,29,2
127,meatballs,3,2
127,gouda,6,2
127,swisscheese,12,2
127,potatochips,93,2
127,tortillachips,59,2
127,doritos,60,2
127,ritzcracker,8,2
127,saltinecracker,82,2
127,wheatthins,34,2
127,eggrolls,92,2
127,frenchfries,97,2
127,butteredpopcorn,76,2
127,triscuits,54,2
127,wavylays,23,2
127,chocolateicecreamcone,33,2
127,strawberryicecreamcone,44,2
127,vanillasoftservecone,88,2
127,nutrigrainbar,95,2
127,churro,60,2
127,twistdonut,35,2
127,tuilecookie,35,2
127,madeleine,57,2
127,oatmealraisincookie,77,2
127,thumprintcookie,74,2
127,sugarcookie,95,2
127,vanillawafer,27,2
127,chocolatewafer,54,2
127,chocolatebark,80,2
127,darkchocolate,13,2
127,milkchocolate,48,2
127,pocky,18,2
127,toblerone,75,2
127,lindtlindorchocolatetruffle,16,2
127,twix,15,2
127,caramel,78,2
127,peanutmms,84,2
127,brownie,37,2
127,frostedbrownie,96,2
127,lemoncake,37,2
128,orange,62,2
128,plum,6,2
128,blackberry,82,2
128,peach,43,2
128,cherry,16,2
128,raspberry,93,2
128,apple,78,2
128,grape,85,2
128,goldendeliciousapple,83,2
128,honeydewmelon,17,2
128,kiwi,86,2
128,greenbellpepper,87,2
128,carrot,91,2
128,peanuts,14,2
128,almonds,69,2
128,baguette,63,2
128,slicedloafbread,46,2
128,boulebread,64,2
128,ryebread,63,2
128,deliturkey,21,2
128,chickentenders,84,2
128,meatballs,5,2
128,gouda,58,2
128,swisscheese,48,2
128,potatochips,78,2
128,tortillachips,82,2
128,doritos,84,2
128,ritzcracker,35,2
128,saltinecracker,49,2
128,wheatthins,49,2
128,eggrolls,13,2
128,frenchfries,85,2
128,butteredpopcorn,41,2
128,triscuits,50,2
128,wavylays,78,2
128,chocolateicecreamcone,86,2
128,strawberryicecreamcone,62,2
128,vanillasoftservecone,18,2
128,nutrigrainbar,22,2
128,churro,2,2
128,twistdonut,3,2
128,tuilecookie,5,2
128,madeleine,9,2
128,oatmealraisincookie,2,2
128,thumprintcookie,11,2
128,sugarcookie,59,2
128,vanillawafer,3,2
128,chocolatewafer,10,2
128,chocolatebark,6,2
128,darkchocolate,12,2
128,milkchocolate,4,2
128,pocky,4,2
128,toblerone,16,2
128,lindtlindorchocolatetruffle,3,2
128,twix,13,2
128,caramel,2,2
128,peanutmms,48,2
128,brownie,23,2
128,frostedbrownie,48,2
128,lemoncake,21,2
129,orange,71,2
129,plum,64,2
129,blackberry,81,2
129,peach,78,2
129,cherry,78,2
129,raspberry,78,2
129,apple,86,2
129,grape,93,2
129,goldendeliciousapple,89,2
129,honeydewmelon,61,2
129,kiwi,68,2
129,greenbellpepper,73,2
129,carrot,83,2
129,peanuts,27,2
129,almonds,29,2
129,baguette,42,2
129,slicedloafbread,31,2
129,boulebread,70,2
129,ryebread,82,2
129,deliturkey,40,2
129,chickentenders,36,2
129,meatballs,16,2
129,gouda,65,2
129,swisscheese,56,2
129,potatochips,34,2
129,tortillachips,26,2
129,doritos,18,2
129,ritzcracker,30,2
129,saltinecracker,37,2
129,wheatthins,42,2
129,eggrolls,20,2
129,frenchfries,30,2
129,butteredpopcorn,44,2
129,triscuits,29,2
129,wavylays,33,2
129,chocolateicecreamcone,24,2
129,strawberryicecreamcone,20,2
129,vanillasoftservecone,20,2
129,nutrigrainbar,28,2
129,churro,43,2
129,twistdonut,48,2
129,tuilecookie,9,2
129,madeleine,15,2
129,oatmealraisincookie,26,2
129,thumprintcookie,10,2
129,sugarcookie,11,2
129,vanillawafer,18,2
129,chocolatewafer,7,2
129,chocolatebark,6,2
129,darkchocolate,4,2
129,milkchocolate,3,2
129,pocky,5,2
129,toblerone,5,2
129,lindtlindorchocolatetruffle,9,2
129,twix,6,2
129,caramel,8,2
129,peanutmms,10,2
129,brownie,10,2
129,frostedbrownie,8,2
129,lemoncake,59,2
130,orange,44,2
130,plum,13,2
130,blackberry,58,2
130,peach,50,2
130,cherry,64,2
130,raspberry,61,2
130,apple,54,2
130,grape,81,2
130,goldendeliciousapple,27,2
130,honeydewmelon,67,2
130,kiwi,66,2
130,greenbellpepper,3,2
130,carrot,3,2
130,peanuts,20,2
130,almonds,35,2
130,baguette,74,2
130,slicedloafbread,97,2
130,boulebread,93,2
130,ryebread,87,2
130,deliturkey,33,2
130,chickentenders,36,2
130,meatballs,58,2
130,gouda,30,2
130,swisscheese,11,2
130,potatochips,4,2
130,tortillachips,4,2
130,doritos,4,2
130,ritzcracker,2,2
130,saltinecracker,5,2
130,wheatthins,2,2
130,eggrolls,2,2
130,frenchfries,26,2
130,butteredpopcorn,7,2
130,triscuits,62,2
130,wavylays,4,2
130,chocolateicecreamcone,95,2
130,strawberryicecreamcone,65,2
130,vanillasoftservecone,57,2
130,nutrigrainbar,52,2
130,churro,25,2
130,twistdonut,10,2
130,tuilecookie,67,2
130,madeleine,9,2
130,oatmealraisincookie,26,2
130,thumprintcookie,29,2
130,sugarcookie,11,2
130,vanillawafer,18,2
130,chocolatewafer,71,2
130,chocolatebark,92,2
130,darkchocolate,78,2
130,milkchocolate,34,2
130,pocky,67,2
130,toblerone,85,2
130,lindtlindorchocolatetruffle,92,2
130,twix,98,2
130,caramel,93,2
130,peanutmms,24,2
130,brownie,78,2
130,frostedbrownie,79,2
130,lemoncake,7,2
131,orange,76,2
131,plum,40,2
131,blackberry,69,2
131,peach,64,2
131,cherry,15,2
131,raspberry,76,2
131,apple,83,2
131,grape,78,2
131,goldendeliciousapple,76,2
131,honeydewmelon,69,2
131,kiwi,86,2
131,greenbellpepper,10,2
131,carrot,6,2
131,peanuts,65,2
131,almonds,60,2
131,baguette,29,2
131,slicedloafbread,19,2
131,boulebread,23,2
131,ryebread,24,2
131,deliturkey,85,2
131,chickentenders,83,2
131,meatballs,49,2
131,gouda,87,2
131,swisscheese,87,2
131,potatochips,87,2
131,tortillachips,59,2
131,doritos,49,2
131,ritzcracker,17,2
131,saltinecracker,23,2
131,wheatthins,25,2
131,eggrolls,21,2
131,frenchfries,88,2
131,butteredpopcorn,18,2
131,triscuits,20,2
131,wavylays,77,2
131,chocolateicecreamcone,90,2
131,strawberryicecreamcone,80,2
131,vanillasoftservecone,71,2
131,nutrigrainbar,11,2
131,churro,65,2
131,twistdonut,66,2
131,tuilecookie,11,2
131,madeleine,18,2
131,oatmealraisincookie,18,2
131,thumprintcookie,13,2
131,sugarcookie,12,2
131,vanillawafer,21,2
131,chocolatewafer,35,2
131,chocolatebark,58,2
131,darkchocolate,33,2
131,milkchocolate,79,2
131,pocky,81,2
131,toblerone,94,2
131,lindtlindorchocolatetruffle,69,2
131,twix,75,2
131,caramel,11,2
131,peanutmms,74,2
131,brownie,31,2
131,frostedbrownie,89,2
131,lemoncake,85,2
132,orange,99,2
132,plum,2,2
132,blackberry,81,2
132,peach,1,2
132,cherry,99,2
132,raspberry,77,2
132,apple,99,2
132,grape,100,2
132,goldendeliciousapple,99,2
132,honeydewmelon,76,2
132,kiwi,70,2
132,greenbellpepper,99,2
132,carrot,99,2
132,peanuts,65,2
132,almonds,44,2
132,baguette,1,2
132,slicedloafbread,2,2
132,boulebread,2,2
132,ryebread,2,2
132,deliturkey,72,2
132,chickentenders,100,2
132,meatballs,45,2
132,gouda,76,2
132,swisscheese,81,2
132,potatochips,56,2
132,tortillachips,45,2
132,doritos,65,2
132,ritzcracker,22,2
132,saltinecracker,2,2
132,wheatthins,45,2
132,eggrolls,99,2
132,frenchfries,97,2
132,butteredpopcorn,61,2
132,triscuits,65,2
132,wavylays,44,2
132,chocolateicecreamcone,70,2
132,strawberryicecreamcone,65,2
132,vanillasoftservecone,62,2
132,nutrigrainbar,84,2
132,churro,61,2
132,twistdonut,62,2
132,tuilecookie,3,2
132,madeleine,60,2
132,oatmealraisincookie,68,2
132,thumprintcookie,26,2
132,sugarcookie,3,2
132,vanillawafer,78,2
132,chocolatewafer,84,2
132,chocolatebark,65,2
132,darkchocolate,36,2
132,milkchocolate,39,2
132,pocky,29,2
132,toblerone,63,2
132,lindtlindorchocolatetruffle,40,2
132,twix,59,2
132,caramel,3,2
132,peanutmms,32,2
132,brownie,77,2
132,frostedbrownie,75,2
132,lemoncake,37,2
133,orange,99,2
133,plum,100,2
133,blackberry,99,2
133,peach,100,2
133,cherry,100,2
133,raspberry,99,2
133,apple,99,2
133,grape,98,2
133,goldendeliciousapple,98,2
133,honeydewmelon,100,2
133,kiwi,90,2
133,greenbellpepper,83,2
133,carrot,100,2
133,peanuts,55,2
133,almonds,61,2
133,baguette,82,2
133,slicedloafbread,68,2
133,boulebread,80,2
133,ryebread,90,2
133,deliturkey,42,2
133,chickentenders,39,2
133,meatballs,36,2
133,gouda,75,2
133,swisscheese,79,2
133,potatochips,55,2
133,tortillachips,52,2
133,doritos,53,2
133,ritzcracker,68,2
133,saltinecracker,74,2
133,wheatthins,88,2
133,eggrolls,39,2
133,frenchfries,51,2
133,butteredpopcorn,42,2
133,triscuits,99,2
133,wavylays,42,2
133,chocolateicecreamcone,3,2
133,strawberryicecreamcone,2,2
133,vanillasoftservecone,2,2
133,nutrigrainbar,8,2
133,churro,3,2
133,twistdonut,80,2
133,tuilecookie,3,2
133,madeleine,2,2
133,oatmealraisincookie,2,2
133,thumprintcookie,2,2
133,sugarcookie,2,2
133,vanillawafer,3,2
133,chocolatewafer,3,2
133,chocolatebark,2,2
133,darkchocolate,3,2
133,milkchocolate,3,2
133,pocky,2,2
133,toblerone,2,2
133,lindtlindorchocolatetruffle,3,2
133,twix,2,2
133,caramel,2,2
133,peanutmms,3,2
133,brownie,1,2
133,frostedbrownie,2,2
133,lemoncake,2,2
134,orange,100,2
134,plum,100,2
134,blackberry,100,2
134,peach,98,2
134,cherry,79,2
134,raspberry,99,2
134,apple,98,2
134,grape,87,2
134,goldendeliciousapple,88,2
134,honeydewmelon,26,2
134,kiwi,3,2
134,greenbellpepper,85,2
134,carrot,10,2
134,peanuts,99,2
134,almonds,42,2
134,baguette,19,2
134,slicedloafbread,5,2
134,boulebread,53,2
134,ryebread,82,2
134,deliturkey,99,2
134,chickentenders,26,2
134,meatballs,7,2
134,gouda,98,2
134,swisscheese,99,2
134,potatochips,80,2
134,tortillachips,51,2
134,doritos,37,2
134,ritzcracker,62,2
134,saltinecracker,24,2
134,wheatthins,79,2
134,eggrolls,72,2
134,frenchfries,32,2
134,butteredpopcorn,98,2
134,triscuits,91,2
134,wavylays,30,2
134,chocolateicecreamcone,26,2
134,strawberryicecreamcone,6,2
134,vanillasoftservecone,50,2
134,nutrigrainbar,15,2
134,churro,25,2
134,twistdonut,17,2
134,tuilecookie,14,2
134,madeleine,7,2
134,oatmealraisincookie,79,2
134,thumprintcookie,61,2
134,sugarcookie,76,2
134,vanillawafer,11,2
134,chocolatewafer,65,2
134,chocolatebark,23,2
134,darkchocolate,36,2
134,milkchocolate,30,2
134,pocky,27,2
134,toblerone,79,2
134,lindtlindorchocolatetruffle,36,2
134,twix,78,2
134,caramel,24,2
134,peanutmms,14,2
134,brownie,29,2
134,frostedbrownie,31,2
134,lemoncake,29,2
135,orange,64,2
135,plum,95,2
135,blackberry,69,2
135,peach,77,2
135,cherry,98,2
135,raspberry,75,2
135,apple,96,2
135,grape,93,2
135,goldendeliciousapple,95,2
135,honeydewmelon,51,2
135,kiwi,62,2
135,greenbellpepper,1,2
135,carrot,83,2
135,peanuts,82,2
135,almonds,50,2
135,baguette,66,2
135,slicedloafbread,69,2
135,boulebread,51,2
135,ryebread,51,2
135,deliturkey,78,2
135,chickentenders,79,2
135,meatballs,80,2
135,gouda,58,2
135,swisscheese,9,2
135,potatochips,76,2
135,tortillachips,52,2
135,doritos,76,2
135,ritzcracker,73,2
135,saltinecracker,81,2
135,wheatthins,76,2
135,eggrolls,84,2
135,frenchfries,83,2
135,butteredpopcorn,86,2
135,triscuits,27,2
135,wavylays,81,2
135,chocolateicecreamcone,80,2
135,strawberryicecreamcone,80,2
135,vanillasoftservecone,85,2
135,nutrigrainbar,92,2
135,churro,68,2
135,twistdonut,83,2
135,tuilecookie,70,2
135,madeleine,37,2
135,oatmealraisincookie,79,2
135,thumprintcookie,42,2
135,sugarcookie,83,2
135,vanillawafer,91,2
135,chocolatewafer,91,2
135,chocolatebark,81,2
135,darkchocolate,88,2
135,milkchocolate,93,2
135,pocky,80,2
135,toblerone,54,2
135,lindtlindorchocolatetruffle,91,2
135,twix,94,2
135,caramel,38,2
135,peanutmms,62,2
135,brownie,78,2
135,frostedbrownie,73,2
135,lemoncake,83,2
136,orange,67,2
136,plum,67,2
136,blackberry,68,2
136,peach,68,2
136,cherry,60,2
136,raspberry,63,2
136,apple,93,2
136,grape,49,2
136,goldendeliciousapple,73,2
136,honeydewmelon,44,2
136,kiwi,60,2
136,greenbellpepper,3,2
136,carrot,76,2
136,peanuts,54,2
136,almonds,71,2
136,baguette,21,2
136,slicedloafbread,22,2
136,boulebread,37,2
136,ryebread,32,2
136,deliturkey,34,2
136,chickentenders,7,2
136,meatballs,7,2
136,gouda,27,2
136,swisscheese,30,2
136,potatochips,29,2
136,tortillachips,33,2
136,doritos,29,2
136,ritzcracker,35,2
136,saltinecracker,25,2
136,wheatthins,25,2
136,eggrolls,5,2
136,frenchfries,11,2
136,butteredpopcorn,31,2
136,triscuits,59,2
136,wavylays,25,2
136,chocolateicecreamcone,5,2
136,strawberryicecreamcone,3,2
136,vanillasoftservecone,3,2
136,nutrigrainbar,29,2
136,churro,5,2
136,twistdonut,10,2
136,tuilecookie,16,2
136,madeleine,20,2
136,oatmealraisincookie,39,2
136,thumprintcookie,12,2
136,sugarcookie,15,2
136,vanillawafer,8,2
136,chocolatewafer,9,2
136,chocolatebark,17,2
136,darkchocolate,11,2
136,milkchocolate,11,2
136,pocky,31,2
136,toblerone,9,2
136,lindtlindorchocolatetruffle,14,2
136,twix,11,2
136,caramel,17,2
136,peanutmms,21,2
136,brownie,10,2
136,frostedbrownie,10,2
136,lemoncake,11,2
137,orange,72,2
137,plum,29,2
137,blackberry,21,2
137,peach,26,2
137,cherry,1,2
137,raspberry,41,2
137,apple,4,2
137,grape,17,2
137,goldendeliciousapple,1,2
137,honeydewmelon,1,2
137,kiwi,74,2
137,greenbellpepper,91,2
137,carrot,3,2
137,peanuts,48,2
137,almonds,75,2
137,baguette,7,2
137,slicedloafbread,1,2
137,boulebread,26,2
137,ryebread,23,2
137,deliturkey,17,2
137,chickentenders,10,2
137,meatballs,1,2
137,gouda,56,2
137,swisscheese,93,2
137,potatochips,20,2
137,tortillachips,12,2
137,doritos,5,2
137,ritzcracker,10,2
137,saltinecracker,43,2
137,wheatthins,94,2
137,eggrolls,1,2
137,frenchfries,30,2
137,butteredpopcorn,2,2
137,triscuits,50,2
137,wavylays,61,2
137,chocolateicecreamcone,2,2
137,strawberryicecreamcone,2,2
137,vanillasoftservecone,2,2
137,nutrigrainbar,12,2
137,churro,1,2
137,twistdonut,1,2
137,tuilecookie,1,2
137,madeleine,4,2
137,oatmealraisincookie,1,2
137,thumprintcookie,1,2
137,sugarcookie,10,2
137,vanillawafer,22,2
137,chocolatewafer,36,2
137,chocolatebark,72,2
137,darkchocolate,18,2
137,milkchocolate,47,2
137,pocky,1,2
137,toblerone,50,2
137,lindtlindorchocolatetruffle,31,2
137,twix,35,2
137,caramel,2,2
137,peanutmms,51,2
137,brownie,6,2
137,frostedbrownie,4,2
137,lemoncake,12,2
138,orange,59,2
138,plum,78,2
138,blackberry,96,2
138,peach,89,2
138,cherry,80,2
138,raspberry,100,2
138,apple,63,2
138,grape,74,2
138,goldendeliciousapple,56,2
138,honeydewmelon,73,2
138,kiwi,96,2
138,greenbellpepper,44,2
138,carrot,78,2
138,peanuts,75,2
138,almonds,90,2
138,baguette,12,2
138,slicedloafbread,4,2
138,boulebread,17,2
138,ryebread,16,2
138,deliturkey,27,2
138,chickentenders,74,2
138,meatballs,29,2
138,gouda,89,2
138,swisscheese,77,2
138,potatochips,7,2
138,tortillachips,12,2
138,doritos,19,2
138,ritzcracker,16,2
138,saltinecracker,6,2
138,wheatthins,15,2
138,eggrolls,82,2
138,frenchfries,69,2
138,butteredpopcorn,30,2
138,triscuits,13,2
138,wavylays,63,2
138,chocolateicecreamcone,44,2
138,strawberryicecreamcone,33,2
138,vanillasoftservecone,42,2
138,nutrigrainbar,53,2
138,churro,42,2
138,twistdonut,24,2
138,tuilecookie,38,2
138,madeleine,34,2
138,oatmealraisincookie,51,2
138,thumprintcookie,20,2
138,sugarcookie,33,2
138,vanillawafer,50,2
138,chocolatewafer,39,2
138,chocolatebark,61,2
138,darkchocolate,63,2
138,milkchocolate,35,2
138,pocky,31,2
138,toblerone,44,2
138,lindtlindorchocolatetruffle,44,2
138,twix,42,2
138,caramel,32,2
138,peanutmms,53,2
138,brownie,33,2
138,frostedbrownie,38,2
138,lemoncake,31,2
139,orange,85,2
139,plum,21,2
139,blackberry,99,2
139,peach,18,2
139,cherry,88,2
139,raspberry,99,2
139,apple,2,2
139,grape,98,2
139,goldendeliciousapple,1,2
139,honeydewmelon,87,2
139,kiwi,88,2
139,greenbellpepper,2,2
139,carrot,64,2
139,peanuts,69,2
139,almonds,69,2
139,baguette,7,2
139,slicedloafbread,20,2
139,boulebread,8,2
139,ryebread,7,2
139,deliturkey,39,2
139,chickentenders,5,2
139,meatballs,1,2
139,gouda,25,2
139,swisscheese,32,2
139,potatochips,35,2
139,tortillachips,16,2
139,doritos,55,2
139,ritzcracker,19,2
139,saltinecracker,19,2
139,wheatthins,9,2
139,eggrolls,2,2
139,frenchfries,16,2
139,butteredpopcorn,7,2
139,triscuits,5,2
139,wavylays,28,2
139,chocolateicecreamcone,51,2
139,strawberryicecreamcone,53,2
139,vanillasoftservecone,25,2
139,nutrigrainbar,22,2
139,churro,66,2
139,twistdonut,59,2
139,tuilecookie,9,2
139,madeleine,37,2
139,oatmealraisincookie,11,2
139,thumprintcookie,3,2
139,sugarcookie,57,2
139,vanillawafer,12,2
139,chocolatewafer,7,2
139,chocolatebark,16,2
139,darkchocolate,4,2
139,milkchocolate,14,2
139,pocky,3,2
139,toblerone,22,2
139,lindtlindorchocolatetruffle,9,2
139,twix,15,2
139,caramel,15,2
139,peanutmms,27,2
139,brownie,15,2
139,frostedbrownie,30,2
139,lemoncake,31,2
140,orange,73,2
140,plum,1,2
140,blackberry,50,2
140,peach,2,2
140,cherry,50,2
140,raspberry,50,2
140,apple,68,2
140,grape,76,2
140,goldendeliciousapple,21,2
140,honeydewmelon,1,2
140,kiwi,5,2
140,greenbellpepper,1,2
140,carrot,1,2
140,peanuts,40,2
140,almonds,26,2
140,baguette,74,2
140,slicedloafbread,56,2
140,boulebread,79,2
140,ryebread,68,2
140,deliturkey,72,2
140,chickentenders,88,2
140,meatballs,63,2
140,gouda,74,2
140,swisscheese,71,2
140,potatochips,59,2
140,tortillachips,57,2
140,doritos,68,2
140,ritzcracker,60,2
140,saltinecracker,59,2
140,wheatthins,74,2
140,eggrolls,73,2
140,frenchfries,75,2
140,butteredpopcorn,75,2
140,triscuits,45,2
140,wavylays,73,2
140,chocolateicecreamcone,83,2
140,strawberryicecreamcone,100,2
140,vanillasoftservecone,100,2
140,nutrigrainbar,61,2
140,churro,65,2
140,twistdonut,66,2
140,tuilecookie,75,2
140,madeleine,32,2
140,oatmealraisincookie,63,2
140,thumprintcookie,70,2
140,sugarcookie,78,2
140,vanillawafer,83,2
140,chocolatewafer,95,2
140,chocolatebark,77,2
140,darkchocolate,95,2
140,milkchocolate,86,2
140,pocky,89,2
140,toblerone,88,2
140,lindtlindorchocolatetruffle,84,2
140,twix,95,2
140,caramel,78,2
140,peanutmms,67,2
140,brownie,100,2
140,frostedbrownie,92,2
140,lemoncake,96,2
141,orange,78,2
141,plum,72,2
141,blackberry,32,2
141,peach,79,2
141,cherry,87,2
141,raspberry,54,2
141,apple,84,2
141,grape,73,2
141,goldendeliciousapple,86,2
141,honeydewmelon,85,2
141,kiwi,64,2
141,greenbellpepper,38,2
141,carrot,62,2
141,peanuts,54,2
141,almonds,49,2
141,baguette,3,2
141,slicedloafbread,7,2
141,boulebread,5,2
141,ryebread,3,2
141,deliturkey,24,2
141,chickentenders,38,2
141,meatballs,14,2
141,gouda,43,2
141,swisscheese,76,2
141,potatochips,27,2
141,tortillachips,9,2
141,doritos,43,2
141,ritzcracker,13,2
141,saltinecracker,16,2
141,wheatthins,12,2
141,eggrolls,27,2
141,frenchfries,12,2
141,butteredpopcorn,52,2
141,triscuits,25,2
141,wavylays,56,2
141,chocolateicecreamcone,63,2
141,strawberryicecreamcone,57,2
141,vanillasoftservecone,52,2
141,nutrigrainbar,24,2
141,churro,27,2
141,twistdonut,19,2
141,tuilecookie,8,2
141,madeleine,11,2
141,oatmealraisincookie,57,2
141,thumprintcookie,17,2
141,sugarcookie,8,2
141,vanillawafer,17,2
141,chocolatewafer,71,2
141,chocolatebark,38,2
141,darkchocolate,59,2
141,milkchocolate,53,2
141,pocky,28,2
141,toblerone,40,2
141,lindtlindorchocolatetruffle,49,2
141,twix,50,2
141,caramel,13,2
141,peanutmms,73,2
141,brownie,54,2
141,frostedbrownie,58,2
141,lemoncake,79,2
142,orange,88,2
142,plum,89,2
142,blackberry,89,2
142,peach,98,2
142,cherry,98,2
142,raspberry,98,2
142,apple,92,2
142,grape,94,2
142,goldendeliciousapple,96,2
142,honeydewmelon,35,2
142,kiwi,95,2
142,greenbellpepper,75,2
142,carrot,90,2
142,peanuts,69,2
142,almonds,69,2
142,baguette,28,2
142,slicedloafbread,15,2
142,boulebread,20,2
142,ryebread,16,2
142,deliturkey,54,2
142,chickentenders,97,2
142,meatballs,50,2
142,gouda,66,2
142,swisscheese,99,2
142,potatochips,83,2
142,tortillachips,79,2
142,doritos,81,2
142,ritzcracker,25,2
142,saltinecracker,52,2
142,wheatthins,57,2
142,eggrolls,96,2
142,frenchfries,99,2
142,butteredpopcorn,76,2
142,triscuits,25,2
142,wavylays,91,2
142,chocolateicecreamcone,98,2
142,strawberryicecreamcone,99,2
142,vanillasoftservecone,98,2
142,nutrigrainbar,32,2
142,churro,32,2
142,twistdonut,18,2
142,tuilecookie,50,2
142,madeleine,21,2
142,oatmealraisincookie,32,2
142,thumprintcookie,68,2
142,sugarcookie,79,2
142,vanillawafer,47,2
142,chocolatewafer,91,2
142,chocolatebark,93,2
142,darkchocolate,92,2
142,milkchocolate,98,2
142,pocky,70,2
142,toblerone,88,2
142,lindtlindorchocolatetruffle,87,2
142,twix,98,2
142,caramel,85,2
142,peanutmms,90,2
142,brownie,87,2
142,frostedbrownie,89,2
142,lemoncake,85,2
143,orange,56,2
143,plum,63,2
143,blackberry,66,2
143,peach,59,2
143,cherry,61,2
143,raspberry,62,2
143,apple,62,2
143,grape,64,2
143,goldendeliciousapple,60,2
143,honeydewmelon,65,2
143,kiwi,72,2
143,greenbellpepper,1,2
143,carrot,6,2
143,peanuts,79,2
143,almonds,81,2
143,baguette,28,2
143,slicedloafbread,33,2
143,boulebread,26,2
143,ryebread,26,2
143,deliturkey,68,2
143,chickentenders,81,2
143,meatballs,78,2
143,gouda,35,2
143,swisscheese,38,2
143,potatochips,67,2
143,tortillachips,65,2
143,doritos,71,2
143,ritzcracker,57,2
143,saltinecracker,63,2
143,wheatthins,68,2
143,eggrolls,80,2
143,frenchfries,88,2
143,butteredpopcorn,60,2
143,triscuits,75,2
143,wavylays,66,2
143,chocolateicecreamcone,42,2
143,strawberryicecreamcone,27,2
143,vanillasoftservecone,25,2
143,nutrigrainbar,74,2
143,churro,69,2
143,twistdonut,67,2
143,tuilecookie,54,2
143,madeleine,64,2
143,oatmealraisincookie,25,2
143,thumprintcookie,52,2
143,sugarcookie,51,2
143,vanillawafer,36,2
143,chocolatewafer,63,2
143,chocolatebark,60,2
143,darkchocolate,54,2
143,milkchocolate,46,2
143,pocky,68,2
143,toblerone,70,2
143,lindtlindorchocolatetruffle,56,2
143,twix,76,2
143,caramel,56,2
143,peanutmms,69,2
143,brownie,72,2
143,frostedbrownie,70,2
143,lemoncake,23,2
144,orange,13,2
144,plum,4,2
144,blackberry,5,2
144,peach,3,2
144,cherry,3,2
144,raspberry,3,2
144,apple,79,2
144,grape,98,2
144,goldendeliciousapple,85,2
144,honeydewmelon,6,2
144,kiwi,3,2
144,greenbellpepper,3,2
144,carrot,5,2
144,peanuts,36,2
144,almonds,2,2
144,baguette,35,2
144,slicedloafbread,46,2
144,boulebread,56,2
144,ryebread,45,2
144,deliturkey,52,2
144,chickentenders,63,2
144,meatballs,3,2
144,gouda,39,2
144,swisscheese,53,2
144,potatochips,74,2
144,tortillachips,47,2
144,doritos,36,2
144,ritzcracker,18,2
144,saltinecracker,40,2
144,wheatthins,48,2
144,eggrolls,73,2
144,frenchfries,78,2
144,butteredpopcorn,76,2
144,triscuits,53,2
144,wavylays,47,2
144,chocolateicecreamcone,28,2
144,strawberryicecreamcone,49,2
144,vanillasoftservecone,50,2
144,nutrigrainbar,3,2
144,churro,48,2
144,twistdonut,75,2
144,tuilecookie,52,2
144,madeleine,20,2
144,oatmealraisincookie,2,2
144,thumprintcookie,13,2
144,sugarcookie,67,2
144,vanillawafer,29,2
144,chocolatewafer,41,2
144,chocolatebark,41,2
144,darkchocolate,48,2
144,milkchocolate,26,2
144,pocky,93,2
144,toblerone,25,2
144,lindtlindorchocolatetruffle,18,2
144,twix,77,2
144,caramel,35,2
144,peanutmms,72,2
144,brownie,94,2
144,frostedbrownie,96,2
144,lemoncake,13,2
145,orange,98,2
145,plum,1,2
145,blackberry,73,2
145,peach,6,2
145,cherry,2,2
145,raspberry,80,2
145,apple,95,2
145,grape,99,2
145,goldendeliciousapple,95,2
145,honeydewmelon,2,2
145,kiwi,90,2
145,greenbellpepper,31,2
145,carrot,99,2
145,peanuts,3,2
145,almonds,40,2
145,baguette,52,2
145,slicedloafbread,42,2
145,boulebread,60,2
145,ryebread,63,2
145,deliturkey,2,2
145,chickentenders,2,2
145,meatballs,25,2
145,gouda,1,2
145,swisscheese,64,2
145,potatochips,64,2
145,tortillachips,29,2
145,doritos,50,2
145,ritzcracker,42,2
145,saltinecracker,40,2
145,wheatthins,44,2
145,eggrolls,2,2
145,frenchfries,62,2
145,butteredpopcorn,50,2
145,triscuits,31,2
145,wavylays,59,2
145,chocolateicecreamcone,7,2
145,strawberryicecreamcone,5,2
145,vanillasoftservecone,24,2
145,nutrigrainbar,54,2
145,churro,34,2
145,twistdonut,50,2
145,tuilecookie,16,2
145,madeleine,1,2
145,oatmealraisincookie,13,2
145,thumprintcookie,8,2
145,sugarcookie,10,2
145,vanillawafer,44,2
145,chocolatewafer,5,2
145,chocolatebark,77,2
145,darkchocolate,7,2
145,milkchocolate,9,2
145,pocky,27,2
145,toblerone,7,2
145,lindtlindorchocolatetruffle,38,2
145,twix,26,2
145,caramel,66,2
145,peanutmms,19,2
145,brownie,26,2
145,frostedbrownie,8,2
145,lemoncake,6,2
146,orange,89,2
146,plum,89,2
146,blackberry,90,2
146,peach,81,2
146,cherry,93,2
146,raspberry,90,2
146,apple,89,2
146,grape,89,2
146,goldendeliciousapple,91,2
146,honeydewmelon,85,2
146,kiwi,90,2
146,greenbellpepper,92,2
146,carrot,76,2
146,peanuts,48,2
146,almonds,53,2
146,baguette,64,2
146,slicedloafbread,9,2
146,boulebread,44,2
146,ryebread,50,2
146,deliturkey,25,2
146,chickentenders,20,2
146,meatballs,1,2
146,gouda,25,2
146,swisscheese,40,2
146,potatochips,34,2
146,tortillachips,35,2
146,doritos,30,2
146,ritzcracker,34,2
146,saltinecracker,42,2
146,wheatthins,34,2
146,eggrolls,1,2
146,frenchfries,55,2
146,butteredpopcorn,9,2
146,triscuits,31,2
146,wavylays,34,2
146,chocolateicecreamcone,59,2
146,strawberryicecreamcone,23,2
146,vanillasoftservecone,50,2
146,nutrigrainbar,38,2
146,churro,39,2
146,twistdonut,40,2
146,tuilecookie,32,2
146,madeleine,24,2
146,oatmealraisincookie,43,2
146,thumprintcookie,10,2
146,sugarcookie,49,2
146,vanillawafer,60,2
146,chocolatewafer,56,2
146,chocolatebark,59,2
146,darkchocolate,78,2
146,milkchocolate,67,2
146,pocky,75,2
146,toblerone,77,2
146,lindtlindorchocolatetruffle,81,2
146,twix,53,2
146,caramel,76,2
146,peanutmms,14,2
146,brownie,78,2
146,frostedbrownie,62,2
146,lemoncake,69,2
147,orange,94,2
147,plum,87,2
147,blackberry,81,2
147,peach,92,2
147,cherry,85,2
147,raspberry,86,2
147,apple,96,2
147,grape,99,2
147,goldendeliciousapple,78,2
147,honeydewmelon,89,2
147,kiwi,81,2
147,greenbellpepper,61,2
147,carrot,86,2
147,peanuts,78,2
147,almonds,89,2
147,baguette,14,2
147,slicedloafbread,25,2
147,boulebread,13,2
147,ryebread,27,2
147,deliturkey,88,2
147,chickentenders,5,2
147,meatballs,34,2
147,gouda,65,2
147,swisscheese,83,2
147,potatochips,99,2
147,tortillachips,53,2
147,doritos,35,2
147,ritzcracker,48,2
147,saltinecracker,44,2
147,wheatthins,64,2
147,eggrolls,5,2
147,frenchfries,4,2
147,butteredpopcorn,55,2
147,triscuits,45,2
147,wavylays,91,2
147,chocolateicecreamcone,24,2
147,strawberryicecreamcone,16,2
147,vanillasoftservecone,21,2
147,nutrigrainbar,28,2
147,churro,31,2
147,twistdonut,23,2
147,tuilecookie,32,2
147,madeleine,34,2
147,oatmealraisincookie,33,2
147,thumprintcookie,26,2
147,sugarcookie,15,2
147,vanillawafer,31,2
147,chocolatewafer,37,2
147,chocolatebark,100,2
147,darkchocolate,99,2
147,milkchocolate,86,2
147,pocky,53,2
147,toblerone,83,2
147,lindtlindorchocolatetruffle,86,2
147,twix,40,2
147,caramel,80,2
147,peanutmms,71,2
147,brownie,16,2
147,frostedbrownie,27,2
147,lemoncake,14,2
148,orange,100,2
148,plum,100,2
148,blackberry,100,2
148,peach,100,2
148,cherry,100,2
148,raspberry,100,2
148,apple,100,2
148,grape,100,2
148,goldendeliciousapple,100,2
148,honeydewmelon,100,2
148,kiwi,100,2
148,greenbellpepper,1,2
148,carrot,82,2
148,peanuts,100,2
148,almonds,100,2
148,baguette,12,2
148,slicedloafbread,17,2
148,boulebread,24,2
148,ryebread,22,2
148,deliturkey,18,2
148,chickentenders,99,2
148,meatballs,94,2
148,gouda,78,2
148,swisscheese,76,2
148,potatochips,100,2
148,tortillachips,86,2
148,doritos,96,2
148,ritzcracker,76,2
148,saltinecracker,100,2
148,wheatthins,85,2
148,eggrolls,100,2
148,frenchfries,100,2
148,butteredpopcorn,100,2
148,triscuits,27,2
148,wavylays,97,2
148,chocolateicecreamcone,82,2
148,strawberryicecreamcone,74,2
148,vanillasoftservecone,100,2
148,nutrigrainbar,100,2
148,churro,100,2
148,twistdonut,77,2
148,tuilecookie,94,2
148,madeleine,37,2
148,oatmealraisincookie,100,2
148,thumprintcookie,100,2
148,sugarcookie,100,2
148,vanillawafer,100,2
148,chocolatewafer,100,2
148,chocolatebark,100,2
148,darkchocolate,100,2
148,milkchocolate,100,2
148,pocky,100,2
148,toblerone,100,2
148,lindtlindorchocolatetruffle,87,2
148,twix,100,2
148,caramel,100,2
148,peanutmms,100,2
148,brownie,100,2
148,frostedbrownie,62,2
148,lemoncake,100,2
149,orange,40,2
149,plum,49,2
149,blackberry,63,2
149,peach,84,2
149,cherry,72,2
149,raspberry,56,2
149,apple,49,2
149,grape,79,2
149,goldendeliciousapple,83,2
149,honeydewmelon,55,2
149,kiwi,73,2
149,greenbellpepper,25,2
149,carrot,21,2
149,peanuts,19,2
149,almonds,82,2
149,baguette,47,2
149,slicedloafbread,49,2
149,boulebread,63,2
149,ryebread,68,2
149,deliturkey,73,2
149,chickentenders,95,2
149,meatballs,29,2
149,gouda,25,2
149,swisscheese,47,2
149,potatochips,100,2
149,tortillachips,82,2
149,doritos,84,2
149,ritzcracker,34,2
149,saltinecracker,21,2
149,wheatthins,31,2
149,eggrolls,53,2
149,frenchfries,66,2
149,butteredpopcorn,55,2
149,triscuits,1,2
149,wavylays,78,2
149,chocolateicecreamcone,98,2
149,strawberryicecreamcone,92,2
149,vanillasoftservecone,98,2
149,nutrigrainbar,32,2
149,churro,73,2
149,twistdonut,52,2
149,tuilecookie,66,2
149,madeleine,75,2
149,oatmealraisincookie,22,2
149,thumprintcookie,79,2
149,sugarcookie,53,2
149,vanillawafer,4,2
149,chocolatewafer,17,2
149,chocolatebark,95,2
149,darkchocolate,84,2
149,milkchocolate,67,2
149,pocky,56,2
149,toblerone,71,2
149,lindtlindorchocolatetruffle,57,2
149,twix,51,2
149,caramel,51,2
149,peanutmms,67,2
149,brownie,88,2
149,frostedbrownie,93,2
149,lemoncake,89,2
150,orange,40,2
150,plum,26,2
150,blackberry,5,2
150,peach,61,2
150,cherry,9,2
150,raspberry,10,2
150,apple,24,2
150,grape,18,2
150,goldendeliciousapple,19,2
150,honeydewmelon,4,2
150,kiwi,2,2
150,greenbellpepper,2,2
150,carrot,2,2
150,peanuts,11,2
150,almonds,2,2
150,baguette,65,2
150,slicedloafbread,62,2
150,boulebread,37,2
150,ryebread,18,2
150,deliturkey,67,2
150,chickentenders,84,2
150,meatballs,84,2
150,gouda,26,2
150,swisscheese,67,2
150,potatochips,72,2
150,tortillachips,45,2
150,doritos,55,2
150,ritzcracker,40,2
150,saltinecracker,61,2
150,wheatthins,57,2
150,eggrolls,74,2
150,frenchfries,88,2
150,butteredpopcorn,13,2
150,triscuits,13,2
150,wavylays,54,2
150,chocolateicecreamcone,91,2
150,strawberryicecreamcone,69,2
150,vanillasoftservecone,97,2
150,nutrigrainbar,19,2
150,churro,72,2
150,twistdonut,72,2
150,tuilecookie,28,2
150,madeleine,61,2
150,oatmealraisincookie,69,2
150,thumprintcookie,79,2
150,sugarcookie,89,2
150,vanillawafer,9,2
150,chocolatewafer,4,2
150,chocolatebark,19,2
150,darkchocolate,92,2
150,milkchocolate,97,2
150,pocky,4,2
150,toblerone,76,2
150,lindtlindorchocolatetruffle,57,2
150,twix,8,2
150,caramel,6,2
150,peanutmms,33,2
150,brownie,80,2
150,frostedbrownie,75,2
150,lemoncake,63,2
151,orange,97,2
151,plum,98,2
151,blackberry,95,2
151,peach,100,2
151,cherry,98,2
151,raspberry,90,2
151,apple,99,2
151,grape,97,2
151,goldendeliciousapple,97,2
151,honeydewmelon,100,2
151,kiwi,91,2
151,greenbellpepper,75,2
151,carrot,98,2
151,peanuts,51,2
151,almonds,67,2
151,baguette,86,2
151,slicedloafbread,84,2
151,boulebread,79,2
151,ryebread,74,2
151,deliturkey,41,2
151,chickentenders,73,2
151,meatballs,5,2
151,gouda,24,2
151,swisscheese,14,2
151,potatochips,13,2
151,tortillachips,13,2
151,doritos,15,2
151,ritzcracker,21,2
151,saltinecracker,46,2
151,wheatthins,43,2
151,eggrolls,7,2
151,frenchfries,38,2
151,butteredpopcorn,1,2
151,triscuits,42,2
151,wavylays,15,2
151,chocolateicecreamcone,14,2
151,strawberryicecreamcone,6,2
151,vanillasoftservecone,5,2
151,nutrigrainbar,50,2
151,churro,11,2
151,twistdonut,11,2
151,tuilecookie,8,2
151,madeleine,25,2
151,oatmealraisincookie,4,2
151,thumprintcookie,3,2
151,sugarcookie,41,2
151,vanillawafer,10,2
151,chocolatewafer,21,2
151,chocolatebark,26,2
151,darkchocolate,48,2
151,milkchocolate,63,2
151,pocky,20,2
151,toblerone,46,2
151,lindtlindorchocolatetruffle,6,2
151,twix,16,2
151,caramel,11,2
151,peanutmms,82,2
151,brownie,3,2
151,frostedbrownie,3,2
151,lemoncake,9,2
152,orange,74,2
152,plum,74,2
152,blackberry,36,2
152,peach,58,2
152,cherry,44,2
152,raspberry,56,2
152,apple,72,2
152,grape,57,2
152,goldendeliciousapple,55,2
152,honeydewmelon,86,2
152,kiwi,1,2
152,greenbellpepper,1,2
152,carrot,20,2
152,peanuts,78,2
152,almonds,55,2
152,baguette,42,2
152,slicedloafbread,25,2
152,boulebread,21,2
152,ryebread,52,2
152,deliturkey,25,2
152,chickentenders,100,2
152,meatballs,60,2
152,gouda,50,2
152,swisscheese,58,2
152,potatochips,100,2
152,tortillachips,100,2
152,doritos,100,2
152,ritzcracker,52,2
152,saltinecracker,50,2
152,wheatthins,54,2
152,eggrolls,100,2
152,frenchfries,81,2
152,butteredpopcorn,100,2
152,triscuits,33,2
152,wavylays,100,2
152,chocolateicecreamcone,99,2
152,strawberryicecreamcone,100,2
152,vanillasoftservecone,100,2
152,nutrigrainbar,53,2
152,churro,100,2
152,twistdonut,94,2
152,tuilecookie,52,2
152,madeleine,83,2
152,oatmealraisincookie,68,2
152,thumprintcookie,78,2
152,sugarcookie,87,2
152,vanillawafer,57,2
152,chocolatewafer,75,2
152,chocolatebark,96,2
152,darkchocolate,86,2
152,milkchocolate,100,2
152,pocky,81,2
152,toblerone,94,2
152,lindtlindorchocolatetruffle,97,2
152,twix,100,2
152,caramel,51,2
152,peanutmms,99,2
152,brownie,100,2
152,frostedbrownie,100,2
152,lemoncake,100,2
153,orange,65,2
153,plum,78,2
153,blackberry,19,2
153,peach,89,2
153,cherry,76,2
153,raspberry,46,2
153,apple,52,2
153,grape,87,2
153,goldendeliciousapple,68,2
153,honeydewmelon,7,2
153,kiwi,26,2
153,greenbellpepper,6,2
153,carrot,20,2
153,peanuts,3,2
153,almonds,5,2
153,baguette,42,2
153,slicedloafbread,34,2
153,boulebread,8,2
153,ryebread,47,2
153,deliturkey,78,2
153,chickentenders,94,2
153,meatballs,94,2
153,gouda,27,2
153,swisscheese,51,2
153,potatochips,79,2
153,tortillachips,30,2
153,doritos,8,2
153,ritzcracker,47,2
153,saltinecracker,11,2
153,wheatthins,29,2
153,eggrolls,73,2
153,frenchfries,84,2
153,butteredpopcorn,65,2
153,triscuits,24,2
153,wavylays,84,2
153,chocolateicecreamcone,76,2
153,strawberryicecreamcone,93,2
153,vanillasoftservecone,70,2
153,nutrigrainbar,39,2
153,churro,9,2
153,twistdonut,70,2
153,tuilecookie,4,2
153,madeleine,5,2
153,oatmealraisincookie,50,2
153,thumprintcookie,14,2
153,sugarcookie,22,2
153,vanillawafer,13,2
153,chocolatewafer,20,2
153,chocolatebark,73,2
153,darkchocolate,78,2
153,milkchocolate,62,2
153,pocky,7,2
153,toblerone,30,2
153,lindtlindorchocolatetruffle,81,2
153,twix,70,2
153,caramel,31,2
153,peanutmms,52,2
153,brownie,34,2
153,frostedbrownie,31,2
153,lemoncake,98,2
154,orange,91,2
154,plum,94,2
154,blackberry,100,2
154,peach,92,2
154,cherry,100,2
154,raspberry,100,2
154,apple,92,2
154,grape,100,2
154,goldendeliciousapple,94,2
154,honeydewmelon,93,2
154,kiwi,91,2
154,greenbellpepper,1,2
154,carrot,64,2
154,peanuts,78,2
154,almonds,80,2
154,baguette,61,2
154,slicedloafbread,63,2
154,boulebread,63,2
154,ryebread,61,2
154,deliturkey,62,2
154,chickentenders,21,2
154,meatballs,1,2
154,gouda,39,2
154,swisscheese,40,2
154,potatochips,61,2
154,tortillachips,39,2
154,doritos,62,2
154,ritzcracker,23,2
154,saltinecracker,8,2
154,wheatthins,8,2
154,eggrolls,20,2
154,frenchfries,62,2
154,butteredpopcorn,62,2
154,triscuits,7,2
154,wavylays,62,2
154,chocolateicecreamcone,90,2
154,strawberryicecreamcone,92,2
154,vanillasoftservecone,92,2
154,nutrigrainbar,8,2
154,churro,38,2
154,twistdonut,22,2
154,tuilecookie,62,2
154,madeleine,22,2
154,oatmealraisincookie,63,2
154,thumprintcookie,64,2
154,sugarcookie,61,2
154,vanillawafer,61,2
154,chocolatewafer,63,2
154,chocolatebark,62,2
154,darkchocolate,62,2
154,milkchocolate,63,2
154,pocky,94,2
154,toblerone,61,2
154,lindtlindorchocolatetruffle,23,2
154,twix,62,2
154,caramel,63,2
154,peanutmms,77,2
154,brownie,24,2
154,frostedbrownie,21,2
154,lemoncake,22,2
155,orange,1,2
155,plum,1,2
155,blackberry,1,2
155,peach,1,2
155,cherry,1,2
155,raspberry,1,2
155,apple,7,2
155,grape,1,2
155,goldendeliciousapple,1,2
155,honeydewmelon,1,2
155,kiwi,1,2
155,greenbellpepper,1,2
155,carrot,25,2
155,peanuts,1,2
155,almonds,1,2
155,baguette,100,2
155,slicedloafbread,1,2
155,boulebread,76,2
155,ryebread,78,2
155,deliturkey,78,2
155,chickentenders,76,2
155,meatballs,41,2
155,gouda,50,2
155,swisscheese,1,2
155,potatochips,18,2
155,tortillachips,8,2
155,doritos,1,2
155,ritzcracker,18,2
155,saltinecracker,10,2
155,wheatthins,12,2
155,eggrolls,64,2
155,frenchfries,13,2
155,butteredpopcorn,1,2
155,triscuits,8,2
155,wavylays,16,2
155,chocolateicecreamcone,1,2
155,strawberryicecreamcone,1,2
155,vanillasoftservecone,69,2
155,nutrigrainbar,1,2
155,churro,100,2
155,twistdonut,98,2
155,tuilecookie,1,2
155,madeleine,1,2
155,oatmealraisincookie,1,2
155,thumprintcookie,1,2
155,sugarcookie,100,2
155,vanillawafer,1,2
155,chocolatewafer,6,2
155,chocolatebark,1,2
155,darkchocolate,1,2
155,milkchocolate,76,2
155,pocky,1,2
155,toblerone,55,2
155,lindtlindorchocolatetruffle,14,2
155,twix,6,2
155,caramel,88,2
155,peanutmms,100,2
155,brownie,87,2
155,frostedbrownie,100,2
155,lemoncake,85,2
156,orange,20,2
156,plum,21,2
156,blackberry,47,2
156,peach,40,2
156,cherry,50,2
156,raspberry,29,2
156,apple,7,2
156,grape,51,2
156,goldendeliciousapple,3,2
156,honeydewmelon,12,2
156,kiwi,17,2
156,greenbellpepper,67,2
156,carrot,12,2
156,peanuts,26,2
156,almonds,19,2
156,baguette,25,2
156,slicedloafbread,50,2
156,boulebread,50,2
156,ryebread,59,2
156,deliturkey,84,2
156,chickentenders,100,2
156,meatballs,100,2
156,gouda,58,2
156,swisscheese,72,2
156,potatochips,52,2
156,tortillachips,84,2
156,doritos,29,2
156,ritzcracker,60,2
156,saltinecracker,49,2
156,wheatthins,51,2
156,eggrolls,79,2
156,frenchfries,100,2
156,butteredpopcorn,8,2
156,triscuits,43,2
156,wavylays,49,2
156,chocolateicecreamcone,8,2
156,strawberryicecreamcone,7,2
156,vanillasoftservecone,23,2
156,nutrigrainbar,7,2
156,churro,10,2
156,twistdonut,6,2
156,tuilecookie,18,2
156,madeleine,15,2
156,oatmealraisincookie,66,2
156,thumprintcookie,14,2
156,sugarcookie,29,2
156,vanillawafer,37,2
156,chocolatewafer,25,2
156,chocolatebark,47,2
156,darkchocolate,31,2
156,milkchocolate,14,2
156,pocky,4,2
156,toblerone,57,2
156,lindtlindorchocolatetruffle,16,2
156,twix,49,2
156,caramel,2,2
156,peanutmms,19,2
156,brownie,49,2
156,frostedbrownie,43,2
156,lemoncake,46,2
157,orange,85,2
157,plum,63,2
157,blackberry,9,2
157,peach,82,2
157,cherry,30,2
157,raspberry,22,2
157,apple,74,2
157,grape,48,2
157,goldendeliciousapple,69,2
157,honeydewmelon,73,2
157,kiwi,4,2
157,greenbellpepper,71,2
157,carrot,11,2
157,peanuts,63,2
157,almonds,76,2
157,baguette,53,2
157,slicedloafbread,60,2
157,boulebread,45,2
157,ryebread,55,2
157,deliturkey,57,2
157,chickentenders,77,2
157,meatballs,76,2
157,gouda,74,2
157,swisscheese,66,2
157,potatochips,64,2
157,tortillachips,14,2
157,doritos,65,2
157,ritzcracker,45,2
157,saltinecracker,44,2
157,wheatthins,47,2
157,eggrolls,71,2
157,frenchfries,100,2
157,butteredpopcorn,31,2
157,triscuits,3,2
157,wavylays,64,2
157,chocolateicecreamcone,80,2
157,strawberryicecreamcone,83,2
157,vanillasoftservecone,87,2
157,nutrigrainbar,97,2
157,churro,95,2
157,twistdonut,87,2
157,tuilecookie,68,2
157,madeleine,95,2
157,oatmealraisincookie,94,2
157,thumprintcookie,79,2
157,sugarcookie,80,2
157,vanillawafer,65,2
157,chocolatewafer,67,2
157,chocolatebark,80,2
157,darkchocolate,82,2
157,milkchocolate,83,2
157,pocky,76,2
157,toblerone,81,2
157,lindtlindorchocolatetruffle,73,2
157,twix,96,2
157,caramel,76,2
157,peanutmms,97,2
157,brownie,85,2
157,frostedbrownie,93,2
157,lemoncake,73,2
158,orange,48,2
158,plum,70,2
158,blackberry,58,2
158,peach,65,2
158,cherry,59,2
158,raspberry,61,2
158,apple,34,2
158,grape,74,2
158,goldendeliciousapple,33,2
158,honeydewmelon,80,2
158,kiwi,63,2
158,greenbellpepper,15,2
158,carrot,55,2
158,peanuts,63,2
158,almonds,64,2
158,baguette,48,2
158,slicedloafbread,46,2
158,boulebread,51,2
158,ryebread,52,2
158,deliturkey,37,2
158,chickentenders,64,2
158,meatballs,45,2
158,gouda,65,2
158,swisscheese,66,2
158,potatochips,61,2
158,tortillachips,57,2
158,doritos,60,2
158,ritzcracker,51,2
158,saltinecracker,48,2
158,wheatthins,48,2
158,eggrolls,84,2
158,frenchfries,67,2
158,butteredpopcorn,73,2
158,triscuits,57,2
158,wavylays,67,2
158,chocolateicecreamcone,59,2
158,strawberryicecreamcone,84,2
158,vanillasoftservecone,74,2
158,nutrigrainbar,57,2
158,churro,39,2
158,twistdonut,61,2
158,tuilecookie,41,2
158,madeleine,43,2
158,oatmealraisincookie,46,2
158,thumprintcookie,32,2
158,sugarcookie,41,2
158,vanillawafer,58,2
158,chocolatewafer,69,2
158,chocolatebark,32,2
158,darkchocolate,71,2
158,milkchocolate,80,2
158,pocky,34,2
158,toblerone,49,2
158,lindtlindorchocolatetruffle,73,2
158,twix,95,2
158,caramel,34,2
158,peanutmms,69,2
158,brownie,65,2
158,frostedbrownie,80,2
158,lemoncake,64,2
159,orange,49,2
159,plum,48,2
159,blackberry,98,2
159,peach,49,2
159,cherry,98,2
159,raspberry,99,2
159,apple,3,2
159,grape,98,2
159,goldendeliciousapple,3,2
159,honeydewmelon,3,2
159,kiwi,98,2
159,greenbellpepper,33,2
159,carrot,49,2
159,peanuts,99,2
159,almonds,98,2
159,baguette,50,2
159,slicedloafbread,45,2
159,boulebread,48,2
159,ryebread,50,2
159,deliturkey,99,2
159,chickentenders,97,2
159,meatballs,98,2
159,gouda,99,2
159,swisscheese,99,2
159,potatochips,49,2
159,tortillachips,49,2
159,doritos,50,2
159,ritzcracker,51,2
159,saltinecracker,50,2
159,wheatthins,49,2
159,eggrolls,99,2
159,frenchfries,47,2
159,butteredpopcorn,49,2
159,triscuits,51,2
159,wavylays,50,2
159,chocolateicecreamcone,50,2
159,strawberryicecreamcone,51,2
159,vanillasoftservecone,50,2
159,nutrigrainbar,72,2
159,churro,48,2
159,twistdonut,51,2
159,tuilecookie,51,2
159,madeleine,50,2
159,oatmealraisincookie,48,2
159,thumprintcookie,48,2
159,sugarcookie,48,2
159,vanillawafer,80,2
159,chocolatewafer,97,2
159,chocolatebark,99,2
159,darkchocolate,99,2
159,milkchocolate,98,2
159,pocky,97,2
159,toblerone,98,2
159,lindtlindorchocolatetruffle,97,2
159,twix,99,2
159,caramel,3,2
159,peanutmms,99,2
159,brownie,97,2
159,frostedbrownie,98,2
159,lemoncake,51,2
160,orange,71,2
160,plum,57,2
160,blackberry,62,2
160,peach,58,2
160,cherry,56,2
160,raspberry,56,2
160,apple,56,2
160,grape,66,2
160,goldendeliciousapple,59,2
160,honeydewmelon,49,2
160,kiwi,46,2
160,greenbellpepper,47,2
160,carrot,53,2
160,peanuts,92,2
160,almonds,15,2
160,baguette,57,2
160,slicedloafbread,55,2
160,boulebread,56,2
160,ryebread,56,2
160,deliturkey,82,2
160,chickentenders,79,2
160,meatballs,12,2
160,gouda,71,2
160,swisscheese,71,2
160,potatochips,78,2
160,tortillachips,68,2
160,doritos,73,2
160,ritzcracker,54,2
160,saltinecracker,59,2
160,wheatthins,42,2
160,eggrolls,68,2
160,frenchfries,76,2
160,butteredpopcorn,55,2
160,triscuits,65,2
160,wavylays,76,2
160,chocolateicecreamcone,29,2
160,strawberryicecreamcone,35,2
160,vanillasoftservecone,26,2
160,nutrigrainbar,13,2
160,churro,12,2
160,twistdonut,54,2
160,tuilecookie,19,2
160,madeleine,13,2
160,oatmealraisincookie,16,2
160,thumprintcookie,30,2
160,sugarcookie,20,2
160,vanillawafer,39,2
160,chocolatewafer,25,2
160,chocolatebark,30,2
160,darkchocolate,39,2
160,milkchocolate,47,2
160,pocky,1,2
160,toblerone,36,2
160,lindtlindorchocolatetruffle,36,2
160,twix,49,2
160,caramel,49,2
160,peanutmms,51,2
160,brownie,61,2
160,frostedbrownie,54,2
160,lemoncake,10,2
161,orange,33,2
161,plum,1,2
161,blackberry,100,2
161,peach,1,2
161,cherry,80,2
161,raspberry,100,2
161,apple,34,2
161,grape,81,2
161,goldendeliciousapple,45,2
161,honeydewmelon,1,2
161,kiwi,95,2
161,greenbellpepper,1,2
161,carrot,1,2
161,peanuts,90,2
161,almonds,89,2
161,baguette,14,2
161,slicedloafbread,4,2
161,boulebread,5,2
161,ryebread,1,2
161,deliturkey,33,2
161,chickentenders,91,2
161,meatballs,84,2
161,gouda,76,2
161,swisscheese,66,2
161,potatochips,40,2
161,tortillachips,39,2
161,doritos,100,2
161,ritzcracker,59,2
161,saltinecracker,2,2
161,wheatthins,10,2
161,eggrolls,88,2
161,frenchfries,100,2
161,butteredpopcorn,84,2
161,triscuits,1,2
161,wavylays,57,2
161,chocolateicecreamcone,100,2
161,strawberryicecreamcone,91,2
161,vanillasoftservecone,65,2
161,nutrigrainbar,62,2
161,churro,100,2
161,twistdonut,100,2
161,tuilecookie,78,2
161,madeleine,89,2
161,oatmealraisincookie,11,2
161,thumprintcookie,100,2
161,sugarcookie,89,2
161,vanillawafer,44,2
161,chocolatewafer,90,2
161,chocolatebark,87,2
161,darkchocolate,28,2
161,milkchocolate,100,2
161,pocky,90,2
161,toblerone,100,2
161,lindtlindorchocolatetruffle,100,2
161,twix,100,2
161,caramel,74,2
161,peanutmms,87,2
161,brownie,100,2
161,frostedbrownie,100,2
161,lemoncake,87,2
162,orange,49,2
162,plum,51,2
162,blackberry,57,2
162,peach,60,2
162,cherry,63,2
162,raspberry,63,2
162,apple,49,2
162,grape,63,2
162,goldendeliciousapple,46,2
162,honeydewmelon,43,2
162,kiwi,63,2
162,greenbellpepper,23,2
162,carrot,40,2
162,peanuts,57,2
162,almonds,63,2
162,baguette,46,2
162,slicedloafbread,40,2
162,boulebread,32,2
162,ryebread,40,2
162,deliturkey,57,2
162,chickentenders,74,2
162,meatballs,63,2
162,gouda,82,2
162,swisscheese,51,2
162,potatochips,63,2
162,tortillachips,63,2
162,doritos,74,2
162,ritzcracker,63,2
162,saltinecracker,74,2
162,wheatthins,63,2
162,eggrolls,77,2
162,frenchfries,85,2
162,butteredpopcorn,71,2
162,triscuits,54,2
162,wavylays,63,2
162,chocolateicecreamcone,82,2
162,strawberryicecreamcone,82,2
162,vanillasoftservecone,85,2
162,nutrigrainbar,60,2
162,churro,77,2
162,twistdonut,82,2
162,tuilecookie,63,2
162,madeleine,77,2
162,oatmealraisincookie,77,2
162,thumprintcookie,63,2
162,sugarcookie,63,2
162,vanillawafer,54,2
162,chocolatewafer,63,2
162,chocolatebark,74,2
162,darkchocolate,71,2
162,milkchocolate,66,2
162,pocky,63,2
162,toblerone,63,2
162,lindtlindorchocolatetruffle,63,2
162,twix,77,2
162,caramel,63,2
162,peanutmms,63,2
162,brownie,74,2
162,frostedbrownie,74,2
162,lemoncake,77,2
163,orange,98,2
163,plum,100,2
163,blackberry,100,2
163,peach,99,2
163,cherry,98,2
163,raspberry,100,2
163,apple,99,2
163,grape,99,2
163,goldendeliciousapple,98,2
163,honeydewmelon,98,2
163,kiwi,98,2
163,greenbellpepper,100,2
163,carrot,99,2
163,peanuts,78,2
163,almonds,81,2
163,baguette,2,2
163,slicedloafbread,2,2
163,boulebread,52,2
163,ryebread,50,2
163,deliturkey,4,2
163,chickentenders,2,2
163,meatballs,2,2
163,gouda,2,2
163,swisscheese,2,2
163,potatochips,2,2
163,tortillachips,1,2
163,doritos,1,2
163,ritzcracker,3,2
163,saltinecracker,2,2
163,wheatthins,2,2
163,eggrolls,3,2
163,frenchfries,2,2
163,butteredpopcorn,1,2
163,triscuits,49,2
163,wavylays,1,2
163,chocolateicecreamcone,1,2
163,strawberryicecreamcone,3,2
163,vanillasoftservecone,2,2
163,nutrigrainbar,66,2
163,churro,1,2
163,twistdonut,1,2
163,tuilecookie,1,2
163,madeleine,2,2
163,oatmealraisincookie,2,2
163,thumprintcookie,1,2
163,sugarcookie,2,2
163,vanillawafer,2,2
163,chocolatewafer,2,2
163,chocolatebark,3,2
163,darkchocolate,1,2
163,milkchocolate,3,2
163,pocky,3,2
163,toblerone,2,2
163,lindtlindorchocolatetruffle,2,2
163,twix,2,2
163,caramel,2,2
163,peanutmms,2,2
163,brownie,2,2
163,frostedbrownie,2,2
163,lemoncake,2,2
201,orange,81,2
201,plum,69,2
201,blackberry,70,2
201,peach,66,2
201,cherry,62,2
201,raspberry,59,2
201,apple,69,2
201,grape,69,2
201,goldendeliciousapple,75,2
201,honeydewmelon,17,2
201,kiwi,76,2
201,greenbellpepper,2,2
201,carrot,7,2
201,peanuts,4,2
201,almonds,4,2
201,baguette,24,2
201,slicedloafbread,33,2
201,boulebread,16,2
201,ryebread,31,2
201,deliturkey,85,2
201,chickentenders,73,2
201,meatballs,8,2
201,gouda,79,2
201,swisscheese,84,2
201,potatochips,84,2
201,tortillachips,75,2
201,doritos,29,2
201,ritzcracker,64,2
201,saltinecracker,50,2
201,wheatthins,38,2
201,eggrolls,14,2
201,frenchfries,31,2
201,butteredpopcorn,59,2
201,triscuits,31,2
201,wavylays,79,2
201,chocolateicecreamcone,34,2
201,strawberryicecreamcone,34,2
201,vanillasoftservecone,67,2
201,nutrigrainbar,52,2
201,churro,21,2
201,twistdonut,27,2
201,tuilecookie,27,2
201,madeleine,18,2
201,oatmealraisincookie,32,2
201,thumprintcookie,22,2
201,sugarcookie,54,2
201,vanillawafer,22,2
201,chocolatewafer,18,2
201,chocolatebark,15,2
201,darkchocolate,27,2
201,milkchocolate,35,2
201,pocky,36,2
201,toblerone,60,2
201,lindtlindorchocolatetruffle,46,2
201,twix,62,2
201,caramel,36,2
201,peanutmms,41,2
201,brownie,35,2
201,frostedbrownie,73,2
201,lemoncake,10,2
202,orange,85,2
202,plum,69,2
202,blackberry,25,2
202,peach,68,2
202,cherry,34,2
202,raspberry,32,2
202,apple,60,2
202,grape,68,2
202,goldendeliciousapple,68,2
202,honeydewmelon,28,2
202,kiwi,29,2
202,greenbellpepper,6,2
202,carrot,5,2
202,peanuts,35,2
202,almonds,58,2
202,baguette,42,2
202,slicedloafbread,59,2
202,boulebread,61,2
202,ryebread,58,2
202,deliturkey,16,2
202,chickentenders,13,2
202,meatballs,77,2
202,gouda,54,2
202,swisscheese,32,2
202,potatochips,1,2
202,tortillachips,1,2
202,doritos,1,2
202,ritzcracker,94,2
202,saltinecracker,53,2
202,wheatthins,66,2
202,eggrolls,89,2
202,frenchfries,8,2
202,butteredpopcorn,1,2
202,triscuits,56,2
202,wavylays,1,2
202,chocolateicecreamcone,4,2
202,strawberryicecreamcone,4,2
202,vanillasoftservecone,1,2
202,nutrigrainbar,36,2
202,churro,39,2
202,twistdonut,22,2
202,tuilecookie,56,2
202,madeleine,8,2
202,oatmealraisincookie,1,2
202,thumprintcookie,1,2
202,sugarcookie,1,2
202,vanillawafer,1,2
202,chocolatewafer,1,2
202,chocolatebark,1,2
202,darkchocolate,1,2
202,milkchocolate,4,2
202,pocky,21,2
202,toblerone,1,2
202,lindtlindorchocolatetruffle,1,2
202,twix,1,2
202,caramel,1,2
202,peanutmms,1,2
202,brownie,1,2
202,frostedbrownie,1,2
202,lemoncake,1,2
203,orange,69,2
203,plum,79,2
203,blackberry,79,2
203,peach,88,2
203,cherry,75,2
203,raspberry,84,2
203,apple,75,2
203,grape,90,2
203,goldendeliciousapple,79,2
203,honeydewmelon,1,2
203,kiwi,90,2
203,greenbellpepper,3,2
203,carrot,65,2
203,peanuts,35,2
203,almonds,42,2
203,baguette,1,2
203,slicedloafbread,1,2
203,boulebread,1,2
203,ryebread,1,2
203,deliturkey,9,2
203,chickentenders,8,2
203,meatballs,1,2
203,gouda,24,2
203,swisscheese,18,2
203,potatochips,35,2
203,tortillachips,34,2
203,doritos,27,2
203,ritzcracker,34,2
203,saltinecracker,18,2
203,wheatthins,25,2
203,eggrolls,12,2
203,frenchfries,25,2
203,butteredpopcorn,40,2
203,triscuits,29,2
203,wavylays,35,2
203,chocolateicecreamcone,44,2
203,strawberryicecreamcone,58,2
203,vanillasoftservecone,59,2
203,nutrigrainbar,59,2
203,churro,28,2
203,twistdonut,13,2
203,tuilecookie,16,2
203,madeleine,40,2
203,oatmealraisincookie,44,2
203,thumprintcookie,39,2
203,sugarcookie,34,2
203,vanillawafer,36,2
203,chocolatewafer,29,2
203,chocolatebark,42,2
203,darkchocolate,66,2
203,milkchocolate,64,2
203,pocky,72,2
203,toblerone,61,2
203,lindtlindorchocolatetruffle,94,2
203,twix,59,2
203,caramel,42,2
203,peanutmms,89,2
203,brownie,62,2
203,frostedbrownie,67,2
203,lemoncake,57,2
204,orange,77,2
204,plum,73,2
204,blackberry,77,2
204,peach,74,2
204,cherry,81,2
204,raspberry,76,2
204,apple,77,2
204,grape,81,2
204,goldendeliciousapple,37,2
204,honeydewmelon,21,2
204,kiwi,70,2
204,greenbellpepper,1,2
204,carrot,17,2
204,peanuts,26,2
204,almonds,70,2
204,baguette,72,2
204,slicedloafbread,75,2
204,boulebread,81,2
204,ryebread,71,2
204,deliturkey,67,2
204,chickentenders,73,2
204,meatballs,80,2
204,gouda,4,2
204,swisscheese,21,2
204,potatochips,48,2
204,tortillachips,62,2
204,doritos,77,2
204,ritzcracker,32,2
204,saltinecracker,62,2
204,wheatthins,29,2
204,eggrolls,80,2
204,frenchfries,77,2
204,butteredpopcorn,78,2
204,triscuits,70,2
204,wavylays,72,2
204,chocolateicecreamcone,70,2
204,strawberryicecreamcone,22,2
204,vanillasoftservecone,30,2
204,nutrigrainbar,48,2
204,churro,65,2
204,twistdonut,31,2
204,tuilecookie,32,2
204,madeleine,62,2
204,oatmealraisincookie,36,2
204,thumprintcookie,77,2
204,sugarcookie,63,2
204,vanillawafer,18,2
204,chocolatewafer,24,2
204,chocolatebark,69,2
204,darkchocolate,15,2
204,milkchocolate,71,2
204,pocky,64,2
204,toblerone,76,2
204,lindtlindorchocolatetruffle,61,2
204,twix,79,2
204,caramel,69,2
204,peanutmms,64,2
204,brownie,62,2
204,frostedbrownie,79,2
204,lemoncake,70,2
205,orange,95,2
205,plum,92,2
205,blackberry,56,2
205,peach,71,2
205,cherry,48,2
205,raspberry,49,2
205,apple,56,2
205,grape,65,2
205,goldendeliciousapple,31,2
205,honeydewmelon,40,2
205,kiwi,52,2
205,greenbellpepper,28,2
205,carrot,79,2
205,peanuts,64,2
205,almonds,78,2
205,baguette,3,2
205,slicedloafbread,2,2
205,boulebread,3,2
205,ryebread,8,2
205,deliturkey,62,2
205,chickentenders,18,2
205,meatballs,27,2
205,gouda,54,2
205,swisscheese,90,2
205,potatochips,44,2
205,tortillachips,51,2
205,doritos,50,2
205,ritzcracker,64,2
205,saltinecracker,46,2
205,wheatthins,49,2
205,eggrolls,21,2
205,frenchfries,11,2
205,butteredpopcorn,66,2
205,triscuits,74,2
205,wavylays,56,2
205,chocolateicecreamcone,20,2
205,strawberryicecreamcone,31,2
205,vanillasoftservecone,15,2
205,nutrigrainbar,56,2
205,churro,3,2
205,twistdonut,11,2
205,tuilecookie,2,2
205,madeleine,39,2
205,oatmealraisincookie,57,2
205,thumprintcookie,28,2
205,sugarcookie,54,2
205,vanillawafer,48,2
205,chocolatewafer,34,2
205,chocolatebark,44,2
205,darkchocolate,55,2
205,milkchocolate,48,2
205,pocky,46,2
205,toblerone,49,2
205,lindtlindorchocolatetruffle,67,2
205,twix,33,2
205,caramel,43,2
205,peanutmms,28,2
205,brownie,14,2
205,frostedbrownie,1,2
205,lemoncake,2,2
206,orange,70,2
206,plum,4,2
206,blackberry,62,2
206,peach,69,2
206,cherry,15,2
206,raspberry,14,2
206,apple,74,2
206,grape,70,2
206,goldendeliciousapple,23,2
206,honeydewmelon,69,2
206,kiwi,70,2
206,greenbellpepper,26,2
206,carrot,50,2
206,peanuts,34,2
206,almonds,39,2
206,baguette,58,2
206,slicedloafbread,6,2
206,boulebread,78,2
206,ryebread,61,2
206,deliturkey,37,2
206,chickentenders,5,2
206,meatballs,1,2
206,gouda,1,2
206,swisscheese,1,2
206,potatochips,42,2
206,tortillachips,80,2
206,doritos,57,2
206,ritzcracker,8,2
206,saltinecracker,4,2
206,wheatthins,1,2
206,eggrolls,1,2
206,frenchfries,24,2
206,butteredpopcorn,1,2
206,triscuits,1,2
206,wavylays,18,2
206,chocolateicecreamcone,69,2
206,strawberryicecreamcone,9,2
206,vanillasoftservecone,80,2
206,nutrigrainbar,4,2
206,churro,7,2
206,twistdonut,51,2
206,tuilecookie,6,2
206,madeleine,12,2
206,oatmealraisincookie,78,2
206,thumprintcookie,1,2
206,sugarcookie,4,2
206,vanillawafer,59,2
206,chocolatewafer,14,2
206,chocolatebark,60,2
206,darkchocolate,71,2
206,milkchocolate,36,2
206,pocky,58,2
206,toblerone,7,2
206,lindtlindorchocolatetruffle,66,2
206,twix,29,2
206,caramel,5,2
206,peanutmms,21,2
206,brownie,79,2
206,frostedbrownie,82,2
206,lemoncake,1,2
207,orange,89,2
207,plum,84,2
207,blackberry,85,2
207,peach,89,2
207,cherry,88,2
207,raspberry,91,2
207,apple,91,2
207,grape,93,2
207,goldendeliciousapple,89,2
207,honeydewmelon,84,2
207,kiwi,82,2
207,greenbellpepper,67,2
207,carrot,72,2
207,peanuts,13,2
207,almonds,13,2
207,baguette,64,2
207,slicedloafbread,47,2
207,boulebread,54,2
207,ryebread,57,2
207,deliturkey,57,2
207,chickentenders,45,2
207,meatballs,45,2
207,gouda,47,2
207,swisscheese,55,2
207,potatochips,18,2
207,tortillachips,32,2
207,doritos,28,2
207,ritzcracker,57,2
207,saltinecracker,59,2
207,wheatthins,58,2
207,eggrolls,35,2
207,frenchfries,25,2
207,butteredpopcorn,54,2
207,triscuits,59,2
207,wavylays,23,2
207,chocolateicecreamcone,49,2
207,strawberryicecreamcone,52,2
207,vanillasoftservecone,50,2
207,nutrigrainbar,37,2
207,churro,47,2
207,twistdonut,55,2
207,tuilecookie,36,2
207,madeleine,40,2
207,oatmealraisincookie,40,2
207,thumprintcookie,34,2
207,sugarcookie,37,2
207,vanillawafer,32,2
207,chocolatewafer,49,2
207,chocolatebark,27,2
207,darkchocolate,34,2
207,milkchocolate,41,2
207,pocky,38,2
207,toblerone,25,2
207,lindtlindorchocolatetruffle,21,2
207,twix,29,2
207,caramel,32,2
207,peanutmms,31,2
207,brownie,39,2
207,frostedbrownie,31,2
207,lemoncake,9,2
208,orange,85,2
208,plum,93,2
208,blackberry,65,2
208,peach,92,2
208,cherry,80,2
208,raspberry,89,2
208,apple,80,2
208,grape,93,2
208,goldendeliciousapple,80,2
208,honeydewmelon,83,2
208,kiwi,69,2
208,greenbellpepper,14,2
208,carrot,77,2
208,peanuts,75,2
208,almonds,62,2
208,baguette,15,2
208,slicedloafbread,8,2
208,boulebread,8,2
208,ryebread,18,2
208,deliturkey,26,2
208,chickentenders,50,2
208,meatballs,22,2
208,gouda,25,2
208,swisscheese,51,2
208,potatochips,8,2
208,tortillachips,13,2
208,doritos,30,2
208,ritzcracker,51,2
208,saltinecracker,4,2
208,wheatthins,53,2
208,eggrolls,52,2
208,frenchfries,11,2
208,butteredpopcorn,30,2
208,triscuits,48,2
208,wavylays,9,2
208,chocolateicecreamcone,76,2
208,strawberryicecreamcone,82,2
208,vanillasoftservecone,54,2
208,nutrigrainbar,68,2
208,churro,59,2
208,twistdonut,23,2
208,tuilecookie,35,2
208,madeleine,51,2
208,oatmealraisincookie,44,2
208,thumprintcookie,54,2
208,sugarcookie,29,2
208,vanillawafer,13,2
208,chocolatewafer,28,2
208,chocolatebark,60,2
208,darkchocolate,51,2
208,milkchocolate,60,2
208,pocky,65,2
208,toblerone,31,2
208,lindtlindorchocolatetruffle,66,2
208,twix,25,2
208,caramel,29,2
208,peanutmms,65,2
208,brownie,16,2
208,frostedbrownie,20,2
208,lemoncake,52,2
209,orange,81,2
209,plum,79,2
209,blackberry,98,2
209,peach,76,2
209,cherry,100,2
209,raspberry,99,2
209,apple,73,2
209,grape,91,2
209,goldendeliciousapple,27,2
209,honeydewmelon,81,2
209,kiwi,78,2
209,greenbellpepper,13,2
209,carrot,35,2
209,peanuts,32,2
209,almonds,77,2
209,baguette,4,2
209,slicedloafbread,1,2
209,boulebread,31,2
209,ryebread,14,2
209,deliturkey,34,2
209,chickentenders,10,2
209,meatballs,6,2
209,gouda,70,2
209,swisscheese,69,2
209,potatochips,34,2
209,tortillachips,43,2
209,doritos,58,2
209,ritzcracker,9,2
209,saltinecracker,3,2
209,wheatthins,27,2
209,eggrolls,30,2
209,frenchfries,37,2
209,butteredpopcorn,87,2
209,triscuits,59,2
209,wavylays,42,2
209,chocolateicecreamcone,89,2
209,strawberryicecreamcone,60,2
209,vanillasoftservecone,65,2
209,nutrigrainbar,82,2
209,churro,86,2
209,twistdonut,57,2
209,tuilecookie,94,2
209,madeleine,70,2
209,oatmealraisincookie,83,2
209,thumprintcookie,70,2
209,sugarcookie,54,2
209,vanillawafer,66,2
209,chocolatewafer,90,2
209,chocolatebark,97,2
209,darkchocolate,99,2
209,milkchocolate,97,2
209,pocky,97,2
209,toblerone,96,2
209,lindtlindorchocolatetruffle,98,2
209,twix,87,2
209,caramel,92,2
209,peanutmms,98,2
209,brownie,88,2
209,frostedbrownie,91,2
209,lemoncake,65,2
210,orange,75,2
210,plum,66,2
210,blackberry,41,2
210,peach,65,2
210,cherry,78,2
210,raspberry,81,2
210,apple,77,2
210,grape,90,2
210,goldendeliciousapple,50,2
210,honeydewmelon,55,2
210,kiwi,41,2
210,greenbellpepper,81,2
210,carrot,65,2
210,peanuts,50,2
210,almonds,32,2
210,baguette,31,2
210,slicedloafbread,6,2
210,boulebread,38,2
210,ryebread,19,2
210,deliturkey,1,2
210,chickentenders,1,2
210,meatballs,1,2
210,gouda,61,2
210,swisscheese,60,2
210,potatochips,22,2
210,tortillachips,19,2
210,doritos,19,2
210,ritzcracker,12,2
210,saltinecracker,15,2
210,wheatthins,20,2
210,eggrolls,12,2
210,frenchfries,90,2
210,butteredpopcorn,22,2
210,triscuits,13,2
210,wavylays,7,2
210,chocolateicecreamcone,6,2
210,strawberryicecreamcone,13,2
210,vanillasoftservecone,13,2
210,nutrigrainbar,11,2
210,churro,39,2
210,twistdonut,28,2
210,tuilecookie,6,2
210,madeleine,4,2
210,oatmealraisincookie,3,2
210,thumprintcookie,1,2
210,sugarcookie,8,2
210,vanillawafer,5,2
210,chocolatewafer,2,2
210,chocolatebark,8,2
210,darkchocolate,18,2
210,milkchocolate,19,2
210,pocky,1,2
210,toblerone,6,2
210,lindtlindorchocolatetruffle,15,2
210,twix,28,2
210,caramel,24,2
210,peanutmms,1,2
210,brownie,19,2
210,frostedbrownie,14,2
210,lemoncake,1,2
211,orange,42,2
211,plum,38,2
211,blackberry,33,2
211,peach,70,2
211,cherry,2,2
211,raspberry,53,2
211,apple,33,2
211,grape,84,2
211,goldendeliciousapple,52,2
211,honeydewmelon,30,2
211,kiwi,26,2
211,greenbellpepper,88,2
211,carrot,32,2
211,peanuts,94,2
211,almonds,82,2
211,baguette,99,2
211,slicedloafbread,99,2
211,boulebread,98,2
211,ryebread,97,2
211,deliturkey,97,2
211,chickentenders,98,2
211,meatballs,99,2
211,gouda,66,2
211,swisscheese,98,2
211,potatochips,98,2
211,tortillachips,99,2
211,doritos,97,2
211,ritzcracker,89,2
211,saltinecracker,88,2
211,wheatthins,96,2
211,eggrolls,97,2
211,frenchfries,98,2
211,butteredpopcorn,80,2
211,triscuits,85,2
211,wavylays,98,2
211,chocolateicecreamcone,61,2
211,strawberryicecreamcone,69,2
211,vanillasoftservecone,71,2
211,nutrigrainbar,65,2
211,churro,84,2
211,twistdonut,71,2
211,tuilecookie,76,2
211,madeleine,98,2
211,oatmealraisincookie,65,2
211,thumprintcookie,64,2
211,sugarcookie,64,2
211,vanillawafer,76,2
211,chocolatewafer,72,2
211,chocolatebark,74,2
211,darkchocolate,63,2
211,milkchocolate,71,2
211,pocky,4,2
211,toblerone,62,2
211,lindtlindorchocolatetruffle,65,2
211,twix,68,2
211,caramel,82,2
211,peanutmms,80,2
211,brownie,62,2
211,frostedbrownie,74,2
211,lemoncake,70,2
212,orange,68,2
212,plum,68,2
212,blackberry,95,2
212,peach,72,2
212,cherry,79,2
212,raspberry,86,2
212,apple,73,2
212,grape,76,2
212,goldendeliciousapple,70,2
212,honeydewmelon,35,2
212,kiwi,82,2
212,greenbellpepper,28,2
212,carrot,54,2
212,peanuts,34,2
212,almonds,31,2
212,baguette,45,2
212,slicedloafbread,28,2
212,boulebread,43,2
212,ryebread,48,2
212,deliturkey,12,2
212,chickentenders,54,2
212,meatballs,24,2
212,gouda,31,2
212,swisscheese,29,2
212,potatochips,89,2
212,tortillachips,42,2
212,doritos,70,2
212,ritzcracker,28,2
212,saltinecracker,27,2
212,wheatthins,20,2
212,eggrolls,9,2
212,frenchfries,73,2
212,butteredpopcorn,64,2
212,triscuits,29,2
212,wavylays,90,2
212,chocolateicecreamcone,51,2
212,strawberryicecreamcone,26,2
212,vanillasoftservecone,35,2
212,nutrigrainbar,29,2
212,churro,52,2
212,twistdonut,32,2
212,tuilecookie,23,2
212,madeleine,27,2
212,oatmealraisincookie,68,2
212,thumprintcookie,27,2
212,sugarcookie,23,2
212,vanillawafer,23,2
212,chocolatewafer,40,2
212,chocolatebark,27,2
212,darkchocolate,63,2
212,milkchocolate,67,2
212,pocky,70,2
212,toblerone,71,2
212,lindtlindorchocolatetruffle,75,2
212,twix,28,2
212,caramel,32,2
212,peanutmms,46,2
212,brownie,61,2
212,frostedbrownie,75,2
212,lemoncake,33,2
213,orange,7,2
213,plum,1,2
213,blackberry,1,2
213,peach,1,2
213,cherry,2,2
213,raspberry,21,2
213,apple,2,2
213,grape,11,2
213,goldendeliciousapple,1,2
213,honeydewmelon,2,2
213,kiwi,1,2
213,greenbellpepper,1,2
213,carrot,2,2
213,peanuts,2,2
213,almonds,1,2
213,baguette,41,2
213,slicedloafbread,1,2
213,boulebread,2,2
213,ryebread,5,2
213,deliturkey,22,2
213,chickentenders,61,2
213,meatballs,14,2
213,gouda,58,2
213,swisscheese,55,2
213,potatochips,70,2
213,tortillachips,54,2
213,doritos,55,2
213,ritzcracker,58,2
213,saltinecracker,43,2
213,wheatthins,56,2
213,eggrolls,57,2
213,frenchfries,72,2
213,butteredpopcorn,46,2
213,triscuits,23,2
213,wavylays,55,2
213,chocolateicecreamcone,100,2
213,strawberryicecreamcone,99,2
213,vanillasoftservecone,91,2
213,nutrigrainbar,42,2
213,churro,41,2
213,twistdonut,32,2
213,tuilecookie,51,2
213,madeleine,56,2
213,oatmealraisincookie,41,2
213,thumprintcookie,14,2
213,sugarcookie,35,2
213,vanillawafer,14,2
213,chocolatewafer,51,2
213,chocolatebark,66,2
213,darkchocolate,86,2
213,milkchocolate,90,2
213,pocky,2,2
213,toblerone,87,2
213,lindtlindorchocolatetruffle,91,2
213,twix,97,2
213,caramel,96,2
213,peanutmms,40,2
213,brownie,98,2
213,frostedbrownie,99,2
213,lemoncake,14,2
214,orange,89,2
214,plum,87,2
214,blackberry,18,2
214,peach,81,2
214,cherry,19,2
214,raspberry,22,2
214,apple,77,2
214,grape,90,2
214,goldendeliciousapple,75,2
214,honeydewmelon,74,2
214,kiwi,12,2
214,greenbellpepper,4,2
214,carrot,74,2
214,peanuts,74,2
214,almonds,76,2
214,baguette,88,2
214,slicedloafbread,92,2
214,boulebread,82,2
214,ryebread,87,2
214,deliturkey,51,2
214,chickentenders,52,2
214,meatballs,67,2
214,gouda,36,2
214,swisscheese,91,2
214,potatochips,69,2
214,tortillachips,39,2
214,doritos,38,2
214,ritzcracker,86,2
214,saltinecracker,90,2
214,wheatthins,85,2
214,eggrolls,41,2
214,frenchfries,54,2
214,butteredpopcorn,32,2
214,triscuits,78,2
214,wavylays,74,2
214,chocolateicecreamcone,28,2
214,strawberryicecreamcone,53,2
214,vanillasoftservecone,36,2
214,nutrigrainbar,52,2
214,churro,26,2
214,twistdonut,84,2
214,tuilecookie,21,2
214,madeleine,46,2
214,oatmealraisincookie,17,2
214,thumprintcookie,69,2
214,sugarcookie,51,2
214,vanillawafer,69,2
214,chocolatewafer,68,2
214,chocolatebark,28,2
214,darkchocolate,42,2
214,milkchocolate,39,2
214,pocky,2,2
214,toblerone,34,2
214,lindtlindorchocolatetruffle,22,2
214,twix,68,2
214,caramel,37,2
214,peanutmms,47,2
214,brownie,54,2
214,frostedbrownie,51,2
214,lemoncake,42,2
215,orange,36,2
215,plum,1,2
215,blackberry,31,2
215,peach,32,2
215,cherry,1,2
215,raspberry,38,2
215,apple,46,2
215,grape,42,2
215,goldendeliciousapple,1,2
215,honeydewmelon,4,2
215,kiwi,3,2
215,greenbellpepper,12,2
215,carrot,46,2
215,peanuts,64,2
215,almonds,25,2
215,baguette,33,2
215,slicedloafbread,32,2
215,boulebread,44,2
215,ryebread,22,2
215,deliturkey,2,2
215,chickentenders,12,2
215,meatballs,46,2
215,gouda,23,2
215,swisscheese,47,2
215,potatochips,77,2
215,tortillachips,75,2
215,doritos,70,2
215,ritzcracker,60,2
215,saltinecracker,24,2
215,wheatthins,7,2
215,eggrolls,5,2
215,frenchfries,56,2
215,butteredpopcorn,54,2
215,triscuits,2,2
215,wavylays,73,2
215,chocolateicecreamcone,68,2
215,strawberryicecreamcone,12,2
215,vanillasoftservecone,73,2
215,nutrigrainbar,1,2
215,churro,24,2
215,twistdonut,60,2
215,tuilecookie,1,2
215,madeleine,25,2
215,oatmealraisincookie,66,2
215,thumprintcookie,1,2
215,sugarcookie,71,2
215,vanillawafer,6,2
215,chocolatewafer,47,2
215,chocolatebark,56,2
215,darkchocolate,76,2
215,milkchocolate,70,2
215,pocky,7,2
215,toblerone,39,2
215,lindtlindorchocolatetruffle,48,2
215,twix,63,2
215,caramel,64,2
215,peanutmms,59,2
215,brownie,60,2
215,frostedbrownie,77,2
215,lemoncake,39,2
216,orange,1,2
216,plum,1,2
216,blackberry,50,2
216,peach,1,2
216,cherry,51,2
216,raspberry,80,2
216,apple,49,2
216,grape,50,2
216,goldendeliciousapple,53,2
216,honeydewmelon,1,2
216,kiwi,1,2
216,greenbellpepper,1,2
216,carrot,1,2
216,peanuts,100,2
216,almonds,100,2
216,baguette,100,2
216,slicedloafbread,1,2
216,boulebread,100,2
216,ryebread,100,2
216,deliturkey,51,2
216,chickentenders,1,2
216,meatballs,83,2
216,gouda,100,2
216,swisscheese,100,2
216,potatochips,100,2
216,tortillachips,51,2
216,doritos,66,2
216,ritzcracker,1,2
216,saltinecracker,2,2
216,wheatthins,54,2
216,eggrolls,73,2
216,frenchfries,100,2
216,butteredpopcorn,100,2
216,triscuits,1,2
216,wavylays,100,2
216,chocolateicecreamcone,100,2
216,strawberryicecreamcone,32,2
216,vanillasoftservecone,100,2
216,nutrigrainbar,100,2
216,churro,53,2
216,twistdonut,49,2
216,tuilecookie,100,2
216,madeleine,50,2
216,oatmealraisincookie,1,2
216,thumprintcookie,50,2
216,sugarcookie,1,2
216,vanillawafer,48,2
216,chocolatewafer,1,2
216,chocolatebark,100,2
216,darkchocolate,100,2
216,milkchocolate,100,2
216,pocky,50,2
216,toblerone,100,2
216,lindtlindorchocolatetruffle,100,2
216,twix,100,2
216,caramel,100,2
216,peanutmms,86,2
216,brownie,100,2
216,frostedbrownie,100,2
216,lemoncake,100,2
217,orange,52,2
217,plum,72,2
217,blackberry,51,2
217,peach,73,2
217,cherry,100,2
217,raspberry,50,2
217,apple,1,2
217,grape,52,2
217,goldendeliciousapple,1,2
217,honeydewmelon,52,2
217,kiwi,63,2
217,greenbellpepper,1,2
217,carrot,1,2
217,peanuts,51,2
217,almonds,51,2
217,baguette,51,2
217,slicedloafbread,26,2
217,boulebread,32,2
217,ryebread,33,2
217,deliturkey,52,2
217,chickentenders,100,2
217,meatballs,53,2
217,gouda,68,2
217,swisscheese,75,2
217,potatochips,28,2
217,tortillachips,1,2
217,doritos,1,2
217,ritzcracker,52,2
217,saltinecracker,28,2
217,wheatthins,29,2
217,eggrolls,51,2
217,frenchfries,100,2
217,butteredpopcorn,24,2
217,triscuits,1,2
217,wavylays,27,2
217,chocolateicecreamcone,100,2
217,strawberryicecreamcone,100,2
217,vanillasoftservecone,100,2
217,nutrigrainbar,54,2
217,churro,100,2
217,twistdonut,99,2
217,tuilecookie,100,2
217,madeleine,100,2
217,oatmealraisincookie,100,2
217,thumprintcookie,100,2
217,sugarcookie,52,2
217,vanillawafer,51,2
217,chocolatewafer,100,2
217,chocolatebark,100,2
217,darkchocolate,100,2
217,milkchocolate,100,2
217,pocky,100,2
217,toblerone,100,2
217,lindtlindorchocolatetruffle,100,2
217,twix,100,2
217,caramel,63,2
217,peanutmms,50,2
217,brownie,100,2
217,frostedbrownie,100,2
217,lemoncake,67,2
218,orange,38,2
218,plum,89,2
218,blackberry,97,2
218,peach,94,2
218,cherry,62,2
218,raspberry,95,2
218,apple,37,2
218,grape,97,2
218,goldendeliciousapple,27,2
218,honeydewmelon,90,2
218,kiwi,43,2
218,greenbellpepper,12,2
218,carrot,24,2
218,peanuts,71,2
218,almonds,54,2
218,baguette,37,2
218,slicedloafbread,27,2
218,boulebread,12,2
218,ryebread,28,2
218,deliturkey,3,2
218,chickentenders,13,2
218,meatballs,2,2
218,gouda,5,2
218,swisscheese,65,2
218,potatochips,16,2
218,tortillachips,7,2
218,doritos,7,2
218,ritzcracker,5,2
218,saltinecracker,29,2
218,wheatthins,33,2
218,eggrolls,4,2
218,frenchfries,7,2
218,butteredpopcorn,2,2
218,triscuits,30,2
218,wavylays,14,2
218,chocolateicecreamcone,71,2
218,strawberryicecreamcone,2,2
218,vanillasoftservecone,82,2
218,nutrigrainbar,7,2
218,churro,69,2
218,twistdonut,42,2
218,tuilecookie,2,2
218,madeleine,2,2
218,oatmealraisincookie,67,2
218,thumprintcookie,82,2
218,sugarcookie,62,2
218,vanillawafer,31,2
218,chocolatewafer,3,2
218,chocolatebark,4,2
218,darkchocolate,1,2
218,milkchocolate,77,2
218,pocky,4,2
218,toblerone,7,2
218,lindtlindorchocolatetruffle,73,2
218,twix,59,2
218,caramel,2,2
218,peanutmms,79,2
218,brownie,56,2
218,frostedbrownie,73,2
218,lemoncake,2,2
219,orange,53,2
219,plum,54,2
219,blackberry,51,2
219,peach,54,2
219,cherry,50,2
219,raspberry,52,2
219,apple,47,2
219,grape,55,2
219,goldendeliciousapple,50,2
219,honeydewmelon,33,2
219,kiwi,46,2
219,greenbellpepper,48,2
219,carrot,48,2
219,peanuts,62,2
219,almonds,3,2
219,baguette,41,2
219,slicedloafbread,24,2
219,boulebread,45,2
219,ryebread,47,2
219,deliturkey,46,2
219,chickentenders,54,2
219,meatballs,36,2
219,gouda,33,2
219,swisscheese,34,2
219,potatochips,61,2
219,tortillachips,45,2
219,doritos,47,2
219,ritzcracker,52,2
219,saltinecracker,38,2
219,wheatthins,26,2
219,eggrolls,35,2
219,frenchfries,51,2
219,butteredpopcorn,61,2
219,triscuits,4,2
219,wavylays,51,2
219,chocolateicecreamcone,83,2
219,strawberryicecreamcone,85,2
219,vanillasoftservecone,95,2
219,nutrigrainbar,41,2
219,churro,55,2
219,twistdonut,48,2
219,tuilecookie,44,2
219,madeleine,74,2
219,oatmealraisincookie,76,2
219,thumprintcookie,65,2
219,sugarcookie,98,2
219,vanillawafer,64,2
219,chocolatewafer,75,2
219,chocolatebark,64,2
219,darkchocolate,84,2
219,milkchocolate,67,2
219,pocky,34,2
219,toblerone,80,2
219,lindtlindorchocolatetruffle,53,2
219,twix,72,2
219,caramel,59,2
219,peanutmms,98,2
219,brownie,82,2
219,frostedbrownie,78,2
219,lemoncake,66,2
220,orange,33,2
220,plum,71,2
220,blackberry,66,2
220,peach,53,2
220,cherry,82,2
220,raspberry,66,2
220,apple,9,2
220,grape,36,2
220,goldendeliciousapple,4,2
220,honeydewmelon,61,2
220,kiwi,55,2
220,greenbellpepper,4,2
220,carrot,4,2
220,peanuts,68,2
220,almonds,3,2
220,baguette,64,2
220,slicedloafbread,31,2
220,boulebread,33,2
220,ryebread,72,2
220,deliturkey,3,2
220,chickentenders,43,2
220,meatballs,77,2
220,gouda,79,2
220,swisscheese,78,2
220,potatochips,39,2
220,tortillachips,16,2
220,doritos,35,2
220,ritzcracker,66,2
220,saltinecracker,30,2
220,wheatthins,55,2
220,eggrolls,73,2
220,frenchfries,98,2
220,butteredpopcorn,37,2
220,triscuits,63,2
220,wavylays,62,2
220,chocolateicecreamcone,87,2
220,strawberryicecreamcone,2,2
220,vanillasoftservecone,78,2
220,nutrigrainbar,39,2
220,churro,92,2
220,twistdonut,59,2
220,tuilecookie,44,2
220,madeleine,60,2
220,oatmealraisincookie,56,2
220,thumprintcookie,58,2
220,sugarcookie,49,2
220,vanillawafer,62,2
220,chocolatewafer,74,2
220,chocolatebark,51,2
220,darkchocolate,56,2
220,milkchocolate,66,2
220,pocky,38,2
220,toblerone,84,2
220,lindtlindorchocolatetruffle,99,2
220,twix,99,2
220,caramel,69,2
220,peanutmms,49,2
220,brownie,95,2
220,frostedbrownie,98,2
220,lemoncake,99,2
221,orange,99,2
221,plum,96,2
221,blackberry,79,2
221,peach,97,2
221,cherry,79,2
221,raspberry,43,2
221,apple,99,2
221,grape,87,2
221,goldendeliciousapple,95,2
221,honeydewmelon,1,2
221,kiwi,1,2
221,greenbellpepper,1,2
221,carrot,14,2
221,peanuts,100,2
221,almonds,99,2
221,baguette,17,2
221,slicedloafbread,28,2
221,boulebread,18,2
221,ryebread,18,2
221,deliturkey,73,2
221,chickentenders,59,2
221,meatballs,74,2
221,gouda,17,2
221,swisscheese,54,2
221,potatochips,59,2
221,tortillachips,59,2
221,doritos,55,2
221,ritzcracker,71,2
221,saltinecracker,38,2
221,wheatthins,12,2
221,eggrolls,21,2
221,frenchfries,27,2
221,butteredpopcorn,67,2
221,triscuits,4,2
221,wavylays,71,2
221,chocolateicecreamcone,31,2
221,strawberryicecreamcone,40,2
221,vanillasoftservecone,30,2
221,nutrigrainbar,51,2
221,churro,22,2
221,twistdonut,33,2
221,tuilecookie,9,2
221,madeleine,25,2
221,oatmealraisincookie,58,2
221,thumprintcookie,21,2
221,sugarcookie,40,2
221,vanillawafer,75,2
221,chocolatewafer,91,2
221,chocolatebark,24,2
221,darkchocolate,79,2
221,milkchocolate,65,2
221,pocky,7,2
221,toblerone,55,2
221,lindtlindorchocolatetruffle,57,2
221,twix,65,2
221,caramel,20,2
221,peanutmms,54,2
221,brownie,27,2
221,frostedbrownie,25,2
221,lemoncake,15,2
222,orange,25,2
222,plum,31,2
222,blackberry,8,2
222,peach,52,2
222,cherry,17,2
222,raspberry,12,2
222,apple,65,2
222,grape,74,2
222,goldendeliciousapple,34,2
222,honeydewmelon,29,2
222,kiwi,20,2
222,greenbellpepper,7,2
222,carrot,69,2
222,peanuts,67,2
222,almonds,33,2
222,baguette,38,2
222,slicedloafbread,30,2
222,boulebread,40,2
222,ryebread,62,2
222,deliturkey,72,2
222,chickentenders,77,2
222,meatballs,66,2
222,gouda,27,2
222,swisscheese,66,2
222,potatochips,84,2
222,tortillachips,85,2
222,doritos,71,2
222,ritzcracker,40,2
222,saltinecracker,65,2
222,wheatthins,50,2
222,eggrolls,67,2
222,frenchfries,73,2
222,butteredpopcorn,82,2
222,triscuits,64,2
222,wavylays,75,2
222,chocolateicecreamcone,22,2
222,strawberryicecreamcone,16,2
222,vanillasoftservecone,33,2
222,nutrigrainbar,70,2
222,churro,20,2
222,twistdonut,72,2
222,tuilecookie,31,2
222,madeleine,22,2
222,oatmealraisincookie,76,2
222,thumprintcookie,17,2
222,sugarcookie,16,2
222,vanillawafer,47,2
222,chocolatewafer,31,2
222,chocolatebark,33,2
222,darkchocolate,21,2
222,milkchocolate,18,2
222,pocky,45,2
222,toblerone,25,2
222,lindtlindorchocolatetruffle,16,2
222,twix,63,2
222,caramel,26,2
222,peanutmms,37,2
222,brownie,38,2
222,frostedbrownie,50,2
222,lemoncake,81,2
223,orange,33,2
223,plum,30,2
223,blackberry,24,2
223,peach,31,2
223,cherry,27,2
223,raspberry,19,2
223,apple,34,2
223,grape,26,2
223,goldendeliciousapple,33,2
223,honeydewmelon,27,2
223,kiwi,33,2
223,greenbellpepper,14,2
223,carrot,24,2
223,peanuts,40,2
223,almonds,48,2
223,baguette,47,2
223,slicedloafbread,56,2
223,boulebread,27,2
223,ryebread,31,2
223,deliturkey,68,2
223,chickentenders,71,2
223,meatballs,41,2
223,gouda,50,2
223,swisscheese,55,2
223,potatochips,67,2
223,tortillachips,21,2
223,doritos,40,2
223,ritzcracker,41,2
223,saltinecracker,40,2
223,wheatthins,37,2
223,eggrolls,65,2
223,frenchfries,66,2
223,butteredpopcorn,30,2
223,triscuits,28,2
223,wavylays,74,2
223,chocolateicecreamcone,69,2
223,strawberryicecreamcone,72,2
223,vanillasoftservecone,59,2
223,nutrigrainbar,41,2
223,churro,61,2
223,twistdonut,51,2
223,tuilecookie,60,2
223,madeleine,56,2
223,oatmealraisincookie,55,2
223,thumprintcookie,31,2
223,sugarcookie,66,2
223,vanillawafer,49,2
223,chocolatewafer,67,2
223,chocolatebark,23,2
223,darkchocolate,61,2
223,milkchocolate,60,2
223,pocky,32,2
223,toblerone,57,2
223,lindtlindorchocolatetruffle,49,2
223,twix,68,2
223,caramel,47,2
223,peanutmms,78,2
223,brownie,75,2
223,frostedbrownie,62,2
223,lemoncake,56,2
224,orange,82,2
224,plum,1,2
224,blackberry,1,2
224,peach,63,2
224,cherry,9,2
224,raspberry,6,2
224,apple,100,2
224,grape,100,2
224,goldendeliciousapple,100,2
224,honeydewmelon,1,2
224,kiwi,100,2
224,greenbellpepper,71,2
224,carrot,89,2
224,peanuts,78,2
224,almonds,81,2
224,baguette,80,2
224,slicedloafbread,5,2
224,boulebread,8,2
224,ryebread,6,2
224,deliturkey,81,2
224,chickentenders,85,2
224,meatballs,14,2
224,gouda,1,2
224,swisscheese,1,2
224,potatochips,16,2
224,tortillachips,63,2
224,doritos,62,2
224,ritzcracker,61,2
224,saltinecracker,62,2
224,wheatthins,79,2
224,eggrolls,90,2
224,frenchfries,1,2
224,butteredpopcorn,69,2
224,triscuits,71,2
224,wavylays,41,2
224,chocolateicecreamcone,79,2
224,strawberryicecreamcone,83,2
224,vanillasoftservecone,69,2
224,nutrigrainbar,80,2
224,churro,91,2
224,twistdonut,78,2
224,tuilecookie,59,2
224,madeleine,28,2
224,oatmealraisincookie,16,2
224,thumprintcookie,66,2
224,sugarcookie,79,2
224,vanillawafer,56,2
224,chocolatewafer,85,2
224,chocolatebark,80,2
224,darkchocolate,38,2
224,milkchocolate,80,2
224,pocky,59,2
224,toblerone,46,2
224,lindtlindorchocolatetruffle,30,2
224,twix,85,2
224,caramel,87,2
224,peanutmms,85,2
224,brownie,80,2
224,frostedbrownie,73,2
224,lemoncake,65,2
225,orange,88,2
225,plum,46,2
225,blackberry,75,2
225,peach,71,2
225,cherry,71,2
225,raspberry,61,2
225,apple,33,2
225,grape,43,2
225,goldendeliciousapple,41,2
225,honeydewmelon,66,2
225,kiwi,61,2
225,greenbellpepper,8,2
225,carrot,86,2
225,peanuts,49,2
225,almonds,78,2
225,baguette,71,2
225,slicedloafbread,25,2
225,boulebread,20,2
225,ryebread,20,2
225,deliturkey,40,2
225,chickentenders,64,2
225,meatballs,57,2
225,gouda,41,2
225,swisscheese,80,2
225,potatochips,41,2
225,tortillachips,71,2
225,doritos,50,2
225,ritzcracker,64,2
225,saltinecracker,61,2
225,wheatthins,47,2
225,eggrolls,47,2
225,frenchfries,25,2
225,butteredpopcorn,19,2
225,triscuits,60,2
225,wavylays,30,2
225,chocolateicecreamcone,61,2
225,strawberryicecreamcone,49,2
225,vanillasoftservecone,77,2
225,nutrigrainbar,72,2
225,churro,70,2
225,twistdonut,45,2
225,tuilecookie,51,2
225,madeleine,75,2
225,oatmealraisincookie,48,2
225,thumprintcookie,63,2
225,sugarcookie,43,2
225,vanillawafer,48,2
225,chocolatewafer,48,2
225,chocolatebark,78,2
225,darkchocolate,77,2
225,milkchocolate,63,2
225,pocky,71,2
225,toblerone,81,2
225,lindtlindorchocolatetruffle,74,2
225,twix,85,2
225,caramel,60,2
225,peanutmms,24,2
225,brownie,95,2
225,frostedbrownie,69,2
225,lemoncake,95,2
226,orange,2,2
226,plum,2,2
226,blackberry,2,2
226,peach,2,2
226,cherry,2,2
226,raspberry,2,2
226,apple,2,2
226,grape,2,2
226,goldendeliciousapple,2,2
226,honeydewmelon,2,2
226,kiwi,2,2
226,greenbellpepper,2,2
226,carrot,2,2
226,peanuts,2,2
226,almonds,2,2
226,baguette,3,2
226,slicedloafbread,2,2
226,boulebread,2,2
226,ryebread,3,2
226,deliturkey,2,2
226,chickentenders,2,2
226,meatballs,3,2
226,gouda,3,2
226,swisscheese,3,2
226,potatochips,3,2
226,tortillachips,2,2
226,doritos,3,2
226,ritzcracker,2,2
226,saltinecracker,2,2
226,wheatthins,2,2
226,eggrolls,2,2
226,frenchfries,3,2
226,butteredpopcorn,3,2
226,triscuits,2,2
226,wavylays,2,2
226,chocolateicecreamcone,2,2
226,strawberryicecreamcone,2,2
226,vanillasoftservecone,3,2
226,nutrigrainbar,3,2
226,churro,3,2
226,twistdonut,3,2
226,tuilecookie,3,2
226,madeleine,2,2
226,oatmealraisincookie,2,2
226,thumprintcookie,2,2
226,sugarcookie,2,2
226,vanillawafer,2,2
226,chocolatewafer,2,2
226,chocolatebark,2,2
226,darkchocolate,3,2
226,milkchocolate,2,2
226,pocky,2,2
226,toblerone,2,2
226,lindtlindorchocolatetruffle,2,2
226,twix,2,2
226,caramel,3,2
226,peanutmms,2,2
226,brownie,2,2
226,frostedbrownie,3,2
226,lemoncake,3,2
227,orange,56,2
227,plum,10,2
227,blackberry,55,2
227,peach,8,2
227,cherry,49,2
227,raspberry,62,2
227,apple,62,2
227,grape,73,2
227,goldendeliciousapple,63,2
227,honeydewmelon,10,2
227,kiwi,6,2
227,greenbellpepper,29,2
227,carrot,1,2
227,peanuts,38,2
227,almonds,69,2
227,baguette,37,2
227,slicedloafbread,59,2
227,boulebread,37,2
227,ryebread,52,2
227,deliturkey,74,2
227,chickentenders,84,2
227,meatballs,88,2
227,gouda,79,2
227,swisscheese,88,2
227,potatochips,56,2
227,tortillachips,57,2
227,doritos,52,2
227,ritzcracker,61,2
227,saltinecracker,57,2
227,wheatthins,55,2
227,eggrolls,91,2
227,frenchfries,79,2
227,butteredpopcorn,48,2
227,triscuits,41,2
227,wavylays,55,2
227,chocolateicecreamcone,61,2
227,strawberryicecreamcone,81,2
227,vanillasoftservecone,74,2
227,nutrigrainbar,56,2
227,churro,54,2
227,twistdonut,60,2
227,tuilecookie,58,2
227,madeleine,58,2
227,oatmealraisincookie,28,2
227,thumprintcookie,28,2
227,sugarcookie,52,2
227,vanillawafer,38,2
227,chocolatewafer,39,2
227,chocolatebark,46,2
227,darkchocolate,33,2
227,milkchocolate,36,2
227,pocky,9,2
227,toblerone,44,2
227,lindtlindorchocolatetruffle,37,2
227,twix,51,2
227,caramel,18,2
227,peanutmms,34,2
227,brownie,24,2
227,frostedbrownie,23,2
227,lemoncake,27,2
228,orange,91,2
228,plum,85,2
228,blackberry,87,2
228,peach,35,2
228,cherry,89,2
228,raspberry,96,2
228,apple,39,2
228,grape,73,2
228,goldendeliciousapple,26,2
228,honeydewmelon,21,2
228,kiwi,79,2
228,greenbellpepper,22,2
228,carrot,43,2
228,peanuts,84,2
228,almonds,79,2
228,baguette,72,2
228,slicedloafbread,15,2
228,boulebread,14,2
228,ryebread,21,2
228,deliturkey,10,2
228,chickentenders,56,2
228,meatballs,25,2
228,gouda,46,2
228,swisscheese,65,2
228,potatochips,36,2
228,tortillachips,63,2
228,doritos,59,2
228,ritzcracker,14,2
228,saltinecracker,9,2
228,wheatthins,9,2
228,eggrolls,16,2
228,frenchfries,59,2
228,butteredpopcorn,60,2
228,triscuits,12,2
228,wavylays,53,2
228,chocolateicecreamcone,76,2
228,strawberryicecreamcone,86,2
228,vanillasoftservecone,85,2
228,nutrigrainbar,15,2
228,churro,71,2
228,twistdonut,77,2
228,tuilecookie,35,2
228,madeleine,63,2
228,oatmealraisincookie,8,2
228,thumprintcookie,72,2
228,sugarcookie,79,2
228,vanillawafer,70,2
228,chocolatewafer,41,2
228,chocolatebark,78,2
228,darkchocolate,73,2
228,milkchocolate,70,2
228,pocky,60,2
228,toblerone,85,2
228,lindtlindorchocolatetruffle,77,2
228,twix,85,2
228,caramel,60,2
228,peanutmms,52,2
228,brownie,75,2
228,frostedbrownie,87,2
228,lemoncake,24,2
229,orange,54,2
229,plum,26,2
229,blackberry,99,2
229,peach,43,2
229,cherry,9,2
229,raspberry,97,2
229,apple,31,2
229,grape,46,2
229,goldendeliciousapple,65,2
229,honeydewmelon,53,2
229,kiwi,59,2
229,greenbellpepper,3,2
229,carrot,21,2
229,peanuts,25,2
229,almonds,33,2
229,baguette,88,2
229,slicedloafbread,46,2
229,boulebread,68,2
229,ryebread,28,2
229,deliturkey,10,2
229,chickentenders,8,2
229,meatballs,3,2
229,gouda,2,2
229,swisscheese,96,2
229,potatochips,51,2
229,tortillachips,27,2
229,doritos,14,2
229,ritzcracker,58,2
229,saltinecracker,39,2
229,wheatthins,34,2
229,eggrolls,3,2
229,frenchfries,2,2
229,butteredpopcorn,85,2
229,triscuits,35,2
229,wavylays,27,2
229,chocolateicecreamcone,100,2
229,strawberryicecreamcone,99,2
229,vanillasoftservecone,99,2
229,nutrigrainbar,33,2
229,churro,84,2
229,twistdonut,73,2
229,tuilecookie,3,2
229,madeleine,2,2
229,oatmealraisincookie,34,2
229,thumprintcookie,70,2
229,sugarcookie,57,2
229,vanillawafer,71,2
229,chocolatewafer,88,2
229,chocolatebark,86,2
229,darkchocolate,90,2
229,milkchocolate,97,2
229,pocky,23,2
229,toblerone,98,2
229,lindtlindorchocolatetruffle,74,2
229,twix,98,2
229,caramel,49,2
229,peanutmms,99,2
229,brownie,96,2
229,frostedbrownie,98,2
229,lemoncake,80,2
230,orange,84,2
230,plum,88,2
230,blackberry,79,2
230,peach,77,2
230,cherry,70,2
230,raspberry,77,2
230,apple,89,2
230,grape,91,2
230,goldendeliciousapple,76,2
230,honeydewmelon,81,2
230,kiwi,64,2
230,greenbellpepper,57,2
230,carrot,40,2
230,peanuts,77,2
230,almonds,67,2
230,baguette,51,2
230,slicedloafbread,73,2
230,boulebread,70,2
230,ryebread,63,2
230,deliturkey,74,2
230,chickentenders,85,2
230,meatballs,75,2
230,gouda,83,2
230,swisscheese,93,2
230,potatochips,88,2
230,tortillachips,75,2
230,doritos,85,2
230,ritzcracker,58,2
230,saltinecracker,64,2
230,wheatthins,74,2
230,eggrolls,48,2
230,frenchfries,89,2
230,butteredpopcorn,69,2
230,triscuits,78,2
230,wavylays,87,2
230,chocolateicecreamcone,87,2
230,strawberryicecreamcone,78,2
230,vanillasoftservecone,88,2
230,nutrigrainbar,56,2
230,churro,62,2
230,twistdonut,69,2
230,tuilecookie,42,2
230,madeleine,61,2
230,oatmealraisincookie,71,2
230,thumprintcookie,69,2
230,sugarcookie,39,2
230,vanillawafer,46,2
230,chocolatewafer,57,2
230,chocolatebark,73,2
230,darkchocolate,88,2
230,milkchocolate,87,2
230,pocky,73,2
230,toblerone,84,2
230,lindtlindorchocolatetruffle,87,2
230,twix,56,2
230,caramel,51,2
230,peanutmms,76,2
230,brownie,86,2
230,frostedbrownie,88,2
230,lemoncake,43,2
231,orange,100,2
231,plum,95,2
231,blackberry,87,2
231,peach,100,2
231,cherry,95,2
231,raspberry,89,2
231,apple,100,2
231,grape,100,2
231,goldendeliciousapple,100,2
231,honeydewmelon,89,2
231,kiwi,100,2
231,greenbellpepper,39,2
231,carrot,51,2
231,peanuts,71,2
231,almonds,100,2
231,baguette,15,2
231,slicedloafbread,50,2
231,boulebread,40,2
231,ryebread,49,2
231,deliturkey,38,2
231,chickentenders,1,2
231,meatballs,1,2
231,gouda,19,2
231,swisscheese,51,2
231,potatochips,1,2
231,tortillachips,17,2
231,doritos,9,2
231,ritzcracker,1,2
231,saltinecracker,38,2
231,wheatthins,34,2
231,eggrolls,1,2
231,frenchfries,1,2
231,butteredpopcorn,49,2
231,triscuits,75,2
231,wavylays,1,2
231,chocolateicecreamcone,1,2
231,strawberryicecreamcone,1,2
231,vanillasoftservecone,1,2
231,nutrigrainbar,38,2
231,churro,1,2
231,twistdonut,11,2
231,tuilecookie,1,2
231,madeleine,1,2
231,oatmealraisincookie,12,2
231,thumprintcookie,1,2
231,sugarcookie,1,2
231,vanillawafer,1,2
231,chocolatewafer,1,2
231,chocolatebark,3,2
231,darkchocolate,1,2
231,milkchocolate,1,2
231,pocky,1,2
231,toblerone,1,2
231,lindtlindorchocolatetruffle,1,2
231,twix,1,2
231,caramel,8,2
231,peanutmms,9,2
231,brownie,1,2
231,frostedbrownie,1,2
231,lemoncake,1,2
232,orange,56,2
232,plum,43,2
232,blackberry,83,2
232,peach,39,2
232,cherry,31,2
232,raspberry,77,2
232,apple,57,2
232,grape,72,2
232,goldendeliciousapple,57,2
232,honeydewmelon,32,2
232,kiwi,67,2
232,greenbellpepper,5,2
232,carrot,14,2
232,peanuts,44,2
232,almonds,37,2
232,baguette,17,2
232,slicedloafbread,14,2
232,boulebread,18,2
232,ryebread,22,2
232,deliturkey,43,2
232,chickentenders,64,2
232,meatballs,41,2
232,gouda,12,2
232,swisscheese,9,2
232,potatochips,76,2
232,tortillachips,36,2
232,doritos,78,2
232,ritzcracker,21,2
232,saltinecracker,26,2
232,wheatthins,15,2
232,eggrolls,43,2
232,frenchfries,73,2
232,butteredpopcorn,43,2
232,triscuits,11,2
232,wavylays,63,2
232,chocolateicecreamcone,81,2
232,strawberryicecreamcone,82,2
232,vanillasoftservecone,79,2
232,nutrigrainbar,26,2
232,churro,71,2
232,twistdonut,33,2
232,tuilecookie,27,2
232,madeleine,22,2
232,oatmealraisincookie,64,2
232,thumprintcookie,23,2
232,sugarcookie,28,2
232,vanillawafer,34,2
232,chocolatewafer,77,2
232,chocolatebark,64,2
232,darkchocolate,77,2
232,milkchocolate,81,2
232,pocky,28,2
232,toblerone,73,2
232,lindtlindorchocolatetruffle,81,2
232,twix,79,2
232,caramel,71,2
232,peanutmms,77,2
232,brownie,77,2
232,frostedbrownie,79,2
232,lemoncake,79,2
233,orange,64,2
233,plum,74,2
233,blackberry,66,2
233,peach,71,2
233,cherry,61,2
233,raspberry,62,2
233,apple,61,2
233,grape,77,2
233,goldendeliciousapple,56,2
233,honeydewmelon,67,2
233,kiwi,74,2
233,greenbellpepper,72,2
233,carrot,69,2
233,peanuts,51,2
233,almonds,46,2
233,baguette,71,2
233,slicedloafbread,61,2
233,boulebread,80,2
233,ryebread,66,2
233,deliturkey,77,2
233,chickentenders,97,2
233,meatballs,83,2
233,gouda,61,2
233,swisscheese,81,2
233,potatochips,62,2
233,tortillachips,65,2
233,doritos,66,2
233,ritzcracker,65,2
233,saltinecracker,69,2
233,wheatthins,68,2
233,eggrolls,89,2
233,frenchfries,84,2
233,butteredpopcorn,71,2
233,triscuits,56,2
233,wavylays,70,2
233,chocolateicecreamcone,73,2
233,strawberryicecreamcone,68,2
233,vanillasoftservecone,72,2
233,nutrigrainbar,53,2
233,churro,55,2
233,twistdonut,62,2
233,tuilecookie,40,2
233,madeleine,57,2
233,oatmealraisincookie,49,2
233,thumprintcookie,52,2
233,sugarcookie,49,2
233,vanillawafer,36,2
233,chocolatewafer,23,2
233,chocolatebark,32,2
233,darkchocolate,25,2
233,milkchocolate,35,2
233,pocky,32,2
233,toblerone,32,2
233,lindtlindorchocolatetruffle,27,2
233,twix,26,2
233,caramel,16,2
233,peanutmms,30,2
233,brownie,59,2
233,frostedbrownie,57,2
233,lemoncake,51,2
234,orange,94,2
234,plum,96,2
234,blackberry,99,2
234,peach,96,2
234,cherry,98,2
234,raspberry,99,2
234,apple,95,2
234,grape,98,2
234,goldendeliciousapple,95,2
234,honeydewmelon,95,2
234,kiwi,93,2
234,greenbellpepper,65,2
234,carrot,66,2
234,peanuts,21,2
234,almonds,16,2
234,baguette,28,2
234,slicedloafbread,37,2
234,boulebread,4,2
234,ryebread,12,2
234,deliturkey,82,2
234,chickentenders,70,2
234,meatballs,41,2
234,gouda,37,2
234,swisscheese,16,2
234,potatochips,53,2
234,tortillachips,6,2
234,doritos,2,2
234,ritzcracker,29,2
234,saltinecracker,16,2
234,wheatthins,19,2
234,eggrolls,3,2
234,frenchfries,78,2
234,butteredpopcorn,67,2
234,triscuits,7,2
234,wavylays,4,2
234,chocolateicecreamcone,52,2
234,strawberryicecreamcone,15,2
234,vanillasoftservecone,54,2
234,nutrigrainbar,28,2
234,churro,46,2
234,twistdonut,48,2
234,tuilecookie,19,2
234,madeleine,39,2
234,oatmealraisincookie,22,2
234,thumprintcookie,6,2
234,sugarcookie,31,2
234,vanillawafer,5,2
234,chocolatewafer,27,2
234,chocolatebark,12,2
234,darkchocolate,42,2
234,milkchocolate,46,2
234,pocky,3,2
234,toblerone,37,2
234,lindtlindorchocolatetruffle,41,2
234,twix,2,2
234,caramel,54,2
234,peanutmms,17,2
234,brownie,42,2
234,frostedbrownie,66,2
234,lemoncake,44,2
235,orange,74,2
235,plum,52,2
235,blackberry,70,2
235,peach,52,2
235,cherry,78,2
235,raspberry,80,2
235,apple,92,2
235,grape,90,2
235,goldendeliciousapple,92,2
235,honeydewmelon,62,2
235,kiwi,41,2
235,greenbellpepper,89,2
235,carrot,94,2
235,peanuts,9,2
235,almonds,2,2
235,baguette,46,2
235,slicedloafbread,27,2
235,boulebread,40,2
235,ryebread,27,2
235,deliturkey,35,2
235,chickentenders,2,2
235,meatballs,8,2
235,gouda,25,2
235,swisscheese,18,2
235,potatochips,5,2
235,tortillachips,10,2
235,doritos,6,2
235,ritzcracker,8,2
235,saltinecracker,9,2
235,wheatthins,8,2
235,eggrolls,2,2
235,frenchfries,3,2
235,butteredpopcorn,13,2
235,triscuits,23,2
235,wavylays,5,2
235,chocolateicecreamcone,1,2
235,strawberryicecreamcone,2,2
235,vanillasoftservecone,4,2
235,nutrigrainbar,10,2
235,churro,41,2
235,twistdonut,38,2
235,tuilecookie,6,2
235,madeleine,8,2
235,oatmealraisincookie,3,2
235,thumprintcookie,3,2
235,sugarcookie,2,2
235,vanillawafer,3,2
235,chocolatewafer,4,2
235,chocolatebark,4,2
235,darkchocolate,4,2
235,milkchocolate,5,2
235,pocky,8,2
235,toblerone,4,2
235,lindtlindorchocolatetruffle,4,2
235,twix,2,2
235,caramel,13,2
235,peanutmms,4,2
235,brownie,4,2
235,frostedbrownie,3,2
235,lemoncake,3,2
236,orange,80,2
236,plum,78,2
236,blackberry,80,2
236,peach,84,2
236,cherry,49,2
236,raspberry,80,2
236,apple,79,2
236,grape,78,2
236,goldendeliciousapple,79,2
236,honeydewmelon,76,2
236,kiwi,79,2
236,greenbellpepper,71,2
236,carrot,78,2
236,peanuts,80,2
236,almonds,73,2
236,baguette,80,2
236,slicedloafbread,70,2
236,boulebread,71,2
236,ryebread,67,2
236,deliturkey,79,2
236,chickentenders,81,2
236,meatballs,61,2
236,gouda,77,2
236,swisscheese,68,2
236,potatochips,76,2
236,tortillachips,51,2
236,doritos,78,2
236,ritzcracker,56,2
236,saltinecracker,63,2
236,wheatthins,72,2
236,eggrolls,79,2
236,frenchfries,82,2
236,butteredpopcorn,72,2
236,triscuits,49,2
236,wavylays,81,2
236,chocolateicecreamcone,53,2
236,strawberryicecreamcone,65,2
236,vanillasoftservecone,57,2
236,nutrigrainbar,55,2
236,churro,72,2
236,twistdonut,76,2
236,tuilecookie,71,2
236,madeleine,62,2
236,oatmealraisincookie,48,2
236,thumprintcookie,49,2
236,sugarcookie,74,2
236,vanillawafer,65,2
236,chocolatewafer,49,2
236,chocolatebark,49,2
236,darkchocolate,47,2
236,milkchocolate,44,2
236,pocky,48,2
236,toblerone,50,2
236,lindtlindorchocolatetruffle,51,2
236,twix,53,2
236,caramel,60,2
236,peanutmms,47,2
236,brownie,52,2
236,frostedbrownie,50,2
236,lemoncake,52,2
237,orange,4,2
237,plum,42,2
237,blackberry,72,2
237,peach,46,2
237,cherry,51,2
237,raspberry,1,2
237,apple,52,2
237,grape,43,2
237,goldendeliciousapple,63,2
237,honeydewmelon,24,2
237,kiwi,27,2
237,greenbellpepper,8,2
237,carrot,2,2
237,peanuts,2,2
237,almonds,2,2
237,baguette,51,2
237,slicedloafbread,17,2
237,boulebread,40,2
237,ryebread,56,2
237,deliturkey,22,2
237,chickentenders,62,2
237,meatballs,35,2
237,gouda,1,2
237,swisscheese,33,2
237,potatochips,11,2
237,tortillachips,10,2
237,doritos,1,2
237,ritzcracker,73,2
237,saltinecracker,37,2
237,wheatthins,46,2
237,eggrolls,57,2
237,frenchfries,76,2
237,butteredpopcorn,36,2
237,triscuits,9,2
237,wavylays,76,2
237,chocolateicecreamcone,15,2
237,strawberryicecreamcone,60,2
237,vanillasoftservecone,77,2
237,nutrigrainbar,17,2
237,churro,99,2
237,twistdonut,55,2
237,tuilecookie,9,2
237,madeleine,28,2
237,oatmealraisincookie,51,2
237,thumprintcookie,51,2
237,sugarcookie,61,2
237,vanillawafer,90,2
237,chocolatewafer,47,2
237,chocolatebark,34,2
237,darkchocolate,49,2
237,milkchocolate,38,2
237,pocky,5,2
237,toblerone,34,2
237,lindtlindorchocolatetruffle,72,2
237,twix,39,2
237,caramel,7,2
237,peanutmms,61,2
237,brownie,97,2
237,frostedbrownie,80,2
237,lemoncake,87,2
238,orange,73,2
238,plum,62,2
238,blackberry,97,2
238,peach,60,2
238,cherry,96,2
238,raspberry,91,2
238,apple,77,2
238,grape,92,2
238,goldendeliciousapple,63,2
238,honeydewmelon,36,2
238,kiwi,82,2
238,greenbellpepper,1,2
238,carrot,8,2
238,peanuts,50,2
238,almonds,69,2
238,baguette,61,2
238,slicedloafbread,10,2
238,boulebread,23,2
238,ryebread,49,2
238,deliturkey,14,2
238,chickentenders,51,2
238,meatballs,8,2
238,gouda,13,2
238,swisscheese,27,2
238,potatochips,60,2
238,tortillachips,77,2
238,doritos,59,2
238,ritzcracker,68,2
238,saltinecracker,76,2
238,wheatthins,75,2
238,eggrolls,45,2
238,frenchfries,51,2
238,butteredpopcorn,6,2
238,triscuits,69,2
238,wavylays,56,2
238,chocolateicecreamcone,54,2
238,strawberryicecreamcone,48,2
238,vanillasoftservecone,59,2
238,nutrigrainbar,33,2
238,churro,45,2
238,twistdonut,23,2
238,tuilecookie,53,2
238,madeleine,71,2
238,oatmealraisincookie,53,2
238,thumprintcookie,63,2
238,sugarcookie,48,2
238,vanillawafer,39,2
238,chocolatewafer,50,2
238,chocolatebark,84,2
238,darkchocolate,63,2
238,milkchocolate,72,2
238,pocky,62,2
238,toblerone,83,2
238,lindtlindorchocolatetruffle,53,2
238,twix,48,2
238,caramel,52,2
238,peanutmms,51,2
238,brownie,53,2
238,frostedbrownie,48,2
238,lemoncake,5,2
239,orange,89,2
239,plum,73,2
239,blackberry,84,2
239,peach,63,2
239,cherry,90,2
239,raspberry,81,2
239,apple,93,2
239,grape,75,2
239,goldendeliciousapple,83,2
239,honeydewmelon,64,2
239,kiwi,34,2
239,greenbellpepper,17,2
239,carrot,47,2
239,peanuts,66,2
239,almonds,95,2
239,baguette,30,2
239,slicedloafbread,16,2
239,boulebread,47,2
239,ryebread,42,2
239,deliturkey,71,2
239,chickentenders,49,2
239,meatballs,50,2
239,gouda,55,2
239,swisscheese,58,2
239,potatochips,11,2
239,tortillachips,36,2
239,doritos,40,2
239,ritzcracker,29,2
239,saltinecracker,36,2
239,wheatthins,52,2
239,eggrolls,24,2
239,frenchfries,27,2
239,butteredpopcorn,49,2
239,triscuits,65,2
239,wavylays,25,2
239,chocolateicecreamcone,54,2
239,strawberryicecreamcone,62,2
239,vanillasoftservecone,47,2
239,nutrigrainbar,63,2
239,churro,34,2
239,twistdonut,39,2
239,tuilecookie,35,2
239,madeleine,42,2
239,oatmealraisincookie,65,2
239,thumprintcookie,47,2
239,sugarcookie,38,2
239,vanillawafer,46,2
239,chocolatewafer,31,2
239,chocolatebark,31,2
239,darkchocolate,41,2
239,milkchocolate,61,2
239,pocky,41,2
239,toblerone,44,2
239,lindtlindorchocolatetruffle,50,2
239,twix,55,2
239,caramel,37,2
239,peanutmms,45,2
239,brownie,38,2
239,frostedbrownie,46,2
239,lemoncake,48,2
240,orange,77,2
240,plum,64,2
240,blackberry,72,2
240,peach,80,2
240,cherry,68,2
240,raspberry,76,2
240,apple,43,2
240,grape,68,2
240,goldendeliciousapple,9,2
240,honeydewmelon,74,2
240,kiwi,72,2
240,greenbellpepper,1,2
240,carrot,46,2
240,peanuts,60,2
240,almonds,64,2
240,baguette,63,2
240,slicedloafbread,52,2
240,boulebread,59,2
240,ryebread,54,2
240,deliturkey,48,2
240,chickentenders,70,2
240,meatballs,55,2
240,gouda,61,2
240,swisscheese,59,2
240,potatochips,54,2
240,tortillachips,59,2
240,doritos,57,2
240,ritzcracker,60,2
240,saltinecracker,54,2
240,wheatthins,58,2
240,eggrolls,60,2
240,frenchfries,64,2
240,butteredpopcorn,56,2
240,triscuits,50,2
240,wavylays,55,2
240,chocolateicecreamcone,76,2
240,strawberryicecreamcone,84,2
240,vanillasoftservecone,72,2
240,nutrigrainbar,51,2
240,churro,68,2
240,twistdonut,63,2
240,tuilecookie,54,2
240,madeleine,78,2
240,oatmealraisincookie,77,2
240,thumprintcookie,55,2
240,sugarcookie,70,2
240,vanillawafer,53,2
240,chocolatewafer,58,2
240,chocolatebark,57,2
240,darkchocolate,56,2
240,milkchocolate,58,2
240,pocky,50,2
240,toblerone,57,2
240,lindtlindorchocolatetruffle,59,2
240,twix,55,2
240,caramel,52,2
240,peanutmms,17,2
240,brownie,71,2
240,frostedbrownie,77,2
240,lemoncake,68,2
241,orange,38,2
241,plum,32,2
241,blackberry,98,2
241,peach,93,2
241,cherry,66,2
241,raspberry,100,2
241,apple,40,2
241,grape,76,2
241,goldendeliciousapple,41,2
241,honeydewmelon,46,2
241,kiwi,25,2
241,greenbellpepper,42,2
241,carrot,38,2
241,peanuts,32,2
241,almonds,61,2
241,baguette,45,2
241,slicedloafbread,47,2
241,boulebread,39,2
241,ryebread,63,2
241,deliturkey,15,2
241,chickentenders,38,2
241,meatballs,68,2
241,gouda,51,2
241,swisscheese,89,2
241,potatochips,98,2
241,tortillachips,69,2
241,doritos,1,2
241,ritzcracker,49,2
241,saltinecracker,46,2
241,wheatthins,60,2
241,eggrolls,59,2
241,frenchfries,7,2
241,butteredpopcorn,72,2
241,triscuits,75,2
241,wavylays,99,2
241,chocolateicecreamcone,2,2
241,strawberryicecreamcone,1,2
241,vanillasoftservecone,73,2
241,nutrigrainbar,7,2
241,churro,45,2
241,twistdonut,48,2
241,tuilecookie,28,2
241,madeleine,24,2
241,oatmealraisincookie,15,2
241,thumprintcookie,49,2
241,sugarcookie,11,2
241,vanillawafer,1,2
241,chocolatewafer,99,2
241,chocolatebark,31,2
241,darkchocolate,99,2
241,milkchocolate,98,2
241,pocky,43,2
241,toblerone,87,2
241,lindtlindorchocolatetruffle,98,2
241,twix,98,2
241,caramel,1,2
241,peanutmms,51,2
241,brownie,99,2
241,frostedbrownie,99,2
241,lemoncake,97,2
242,orange,77,2
242,plum,68,2
242,blackberry,54,2
242,peach,77,2
242,cherry,75,2
242,raspberry,66,2
242,apple,68,2
242,grape,68,2
242,goldendeliciousapple,70,2
242,honeydewmelon,62,2
242,kiwi,67,2
242,greenbellpepper,55,2
242,carrot,38,2
242,peanuts,63,2
242,almonds,61,2
242,baguette,49,2
242,slicedloafbread,59,2
242,boulebread,64,2
242,ryebread,69,2
242,deliturkey,51,2
242,chickentenders,83,2
242,meatballs,65,2
242,gouda,54,2
242,swisscheese,53,2
242,potatochips,69,2
242,tortillachips,74,2
242,doritos,66,2
242,ritzcracker,62,2
242,saltinecracker,64,2
242,wheatthins,57,2
242,eggrolls,66,2
242,frenchfries,72,2
242,butteredpopcorn,57,2
242,triscuits,60,2
242,wavylays,72,2
242,chocolateicecreamcone,75,2
242,strawberryicecreamcone,75,2
242,vanillasoftservecone,72,2
242,nutrigrainbar,77,2
242,churro,77,2
242,twistdonut,60,2
242,tuilecookie,61,2
242,madeleine,68,2
242,oatmealraisincookie,74,2
242,thumprintcookie,71,2
242,sugarcookie,65,2
242,vanillawafer,81,2
242,chocolatewafer,82,2
242,chocolatebark,72,2
242,darkchocolate,74,2
242,milkchocolate,80,2
242,pocky,68,2
242,toblerone,83,2
242,lindtlindorchocolatetruffle,78,2
242,twix,78,2
242,caramel,74,2
242,peanutmms,84,2
242,brownie,79,2
242,frostedbrownie,82,2
242,lemoncake,75,2
243,orange,100,2
243,plum,100,2
243,blackberry,100,2
243,peach,100,2
243,cherry,73,2
243,raspberry,100,2
243,apple,100,2
243,grape,100,2
243,goldendeliciousapple,100,2
243,honeydewmelon,100,2
243,kiwi,100,2
243,greenbellpepper,100,2
243,carrot,73,2
243,peanuts,1,2
243,almonds,1,2
243,baguette,1,2
243,slicedloafbread,100,2
243,boulebread,63,2
243,ryebread,78,2
243,deliturkey,58,2
243,chickentenders,1,2
243,meatballs,1,2
243,gouda,1,2
243,swisscheese,1,2
243,potatochips,1,2
243,tortillachips,1,2
243,doritos,1,2
243,ritzcracker,1,2
243,saltinecracker,1,2
243,wheatthins,1,2
243,eggrolls,1,2
243,frenchfries,1,2
243,butteredpopcorn,1,2
243,triscuits,1,2
243,wavylays,1,2
243,chocolateicecreamcone,1,2
243,strawberryicecreamcone,1,2
243,vanillasoftservecone,1,2
243,nutrigrainbar,2,2
243,churro,1,2
243,twistdonut,1,2
243,tuilecookie,1,2
243,madeleine,1,2
243,oatmealraisincookie,1,2
243,thumprintcookie,1,2
243,sugarcookie,1,2
243,vanillawafer,1,2
243,chocolatewafer,1,2
243,chocolatebark,1,2
243,darkchocolate,1,2
243,milkchocolate,1,2
243,pocky,1,2
243,toblerone,1,2
243,lindtlindorchocolatetruffle,1,2
243,twix,1,2
243,caramel,1,2
243,peanutmms,1,2
243,brownie,2,2
243,frostedbrownie,1,2
243,lemoncake,1,2
244,orange,83,2
244,plum,69,2
244,blackberry,78,2
244,peach,78,2
244,cherry,1,2
244,raspberry,1,2
244,apple,7,2
244,grape,54,2
244,goldendeliciousapple,40,2
244,honeydewmelon,1,2
244,kiwi,2,2
244,greenbellpepper,1,2
244,carrot,1,2
244,peanuts,1,2
244,almonds,2,2
244,baguette,52,2
244,slicedloafbread,33,2
244,boulebread,18,2
244,ryebread,39,2
244,deliturkey,44,2
244,chickentenders,100,2
244,meatballs,1,2
244,gouda,9,2
244,swisscheese,50,2
244,potatochips,85,2
244,tortillachips,80,2
244,doritos,100,2
244,ritzcracker,10,2
244,saltinecracker,1,2
244,wheatthins,1,2
244,eggrolls,100,2
244,frenchfries,100,2
244,butteredpopcorn,16,2
244,triscuits,1,2
244,wavylays,58,2
244,chocolateicecreamcone,47,2
244,strawberryicecreamcone,100,2
244,vanillasoftservecone,100,2
244,nutrigrainbar,61,2
244,churro,98,2
244,twistdonut,98,2
244,tuilecookie,27,2
244,madeleine,68,2
244,oatmealraisincookie,38,2
244,thumprintcookie,100,2
244,sugarcookie,100,2
244,vanillawafer,94,2
244,chocolatewafer,15,2
244,chocolatebark,1,2
244,darkchocolate,2,2
244,milkchocolate,86,2
244,pocky,17,2
244,toblerone,56,2
244,lindtlindorchocolatetruffle,20,2
244,twix,97,2
244,caramel,56,2
244,peanutmms,98,2
244,brownie,34,2
244,frostedbrownie,100,2
244,lemoncake,100,2
245,orange,79,2
245,plum,55,2
245,blackberry,55,2
245,peach,84,2
245,cherry,83,2
245,raspberry,57,2
245,apple,76,2
245,grape,63,2
245,goldendeliciousapple,80,2
245,honeydewmelon,52,2
245,kiwi,57,2
245,greenbellpepper,20,2
245,carrot,21,2
245,peanuts,72,2
245,almonds,66,2
245,baguette,43,2
245,slicedloafbread,41,2
245,boulebread,57,2
245,ryebread,45,2
245,deliturkey,37,2
245,chickentenders,61,2
245,meatballs,38,2
245,gouda,52,2
245,swisscheese,66,2
245,potatochips,79,2
245,tortillachips,60,2
245,doritos,59,2
245,ritzcracker,49,2
245,saltinecracker,48,2
245,wheatthins,46,2
245,eggrolls,52,2
245,frenchfries,78,2
245,butteredpopcorn,63,2
245,triscuits,44,2
245,wavylays,72,2
245,chocolateicecreamcone,77,2
245,strawberryicecreamcone,66,2
245,vanillasoftservecone,65,2
245,nutrigrainbar,53,2
245,churro,44,2
245,twistdonut,58,2
245,tuilecookie,40,2
245,madeleine,40,2
245,oatmealraisincookie,64,2
245,thumprintcookie,50,2
245,sugarcookie,41,2
245,vanillawafer,31,2
245,chocolatewafer,40,2
245,chocolatebark,39,2
245,darkchocolate,60,2
245,milkchocolate,57,2
245,pocky,25,2
245,toblerone,59,2
245,lindtlindorchocolatetruffle,53,2
245,twix,43,2
245,caramel,45,2
245,peanutmms,51,2
245,brownie,72,2
245,frostedbrownie,64,2
245,lemoncake,41,2
246,orange,61,2
246,plum,45,2
246,blackberry,24,2
246,peach,46,2
246,cherry,87,2
246,raspberry,78,2
246,apple,46,2
246,grape,78,2
246,goldendeliciousapple,59,2
246,honeydewmelon,71,2
246,kiwi,67,2
246,greenbellpepper,2,2
246,carrot,20,2
246,peanuts,20,2
246,almonds,47,2
246,baguette,47,2
246,slicedloafbread,2,2
246,boulebread,20,2
246,ryebread,30,2
246,deliturkey,40,2
246,chickentenders,40,2
246,meatballs,9,2
246,gouda,28,2
246,swisscheese,11,2
246,potatochips,24,2
246,tortillachips,12,2
246,doritos,13,2
246,ritzcracker,24,2
246,saltinecracker,32,2
246,wheatthins,25,2
246,eggrolls,48,2
246,frenchfries,19,2
246,butteredpopcorn,6,2
246,triscuits,73,2
246,wavylays,21,2
246,chocolateicecreamcone,65,2
246,strawberryicecreamcone,53,2
246,vanillasoftservecone,51,2
246,nutrigrainbar,43,2
246,churro,54,2
246,twistdonut,32,2
246,tuilecookie,28,2
246,madeleine,15,2
246,oatmealraisincookie,49,2
246,thumprintcookie,18,2
246,sugarcookie,14,2
246,vanillawafer,88,2
246,chocolatewafer,99,2
246,chocolatebark,65,2
246,darkchocolate,98,2
246,milkchocolate,98,2
246,pocky,37,2
246,toblerone,95,2
246,lindtlindorchocolatetruffle,98,2
246,twix,99,2
246,caramel,56,2
246,peanutmms,99,2
246,brownie,98,2
246,frostedbrownie,99,2
246,lemoncake,77,2
247,orange,3,2
247,plum,3,2
247,blackberry,4,2
247,peach,3,2
247,cherry,3,2
247,raspberry,4,2
247,apple,1,2
247,grape,5,2
247,goldendeliciousapple,3,2
247,honeydewmelon,3,2
247,kiwi,2,2
247,greenbellpepper,3,2
247,carrot,3,2
247,peanuts,3,2
247,almonds,7,2
247,baguette,3,2
247,slicedloafbread,2,2
247,boulebread,11,2
247,ryebread,2,2
247,deliturkey,5,2
247,chickentenders,3,2
247,meatballs,1,2
247,gouda,3,2
247,swisscheese,5,2
247,potatochips,94,2
247,tortillachips,39,2
247,doritos,4,2
247,ritzcracker,4,2
247,saltinecracker,2,2
247,wheatthins,4,2
247,eggrolls,6,2
247,frenchfries,95,2
247,butteredpopcorn,98,2
247,triscuits,3,2
247,wavylays,93,2
247,chocolateicecreamcone,2,2
247,strawberryicecreamcone,3,2
247,vanillasoftservecone,5,2
247,nutrigrainbar,3,2
247,churro,92,2
247,twistdonut,6,2
247,tuilecookie,3,2
247,madeleine,8,2
247,oatmealraisincookie,4,2
247,thumprintcookie,4,2
247,sugarcookie,88,2
247,vanillawafer,81,2
247,chocolatewafer,3,2
247,chocolatebark,5,2
247,darkchocolate,3,2
247,milkchocolate,98,2
247,pocky,6,2
247,toblerone,7,2
247,lindtlindorchocolatetruffle,6,2
247,twix,96,2
247,caramel,5,2
247,peanutmms,60,2
247,brownie,63,2
247,frostedbrownie,89,2
247,lemoncake,98,2
248,orange,82,2
248,plum,90,2
248,blackberry,97,2
248,peach,95,2
248,cherry,93,2
248,raspberry,100,2
248,apple,72,2
248,grape,67,2
248,goldendeliciousapple,92,2
248,honeydewmelon,95,2
248,kiwi,100,2
248,greenbellpepper,85,2
248,carrot,66,2
248,peanuts,63,2
248,almonds,55,2
248,baguette,74,2
248,slicedloafbread,81,2
248,boulebread,89,2
248,ryebread,74,2
248,deliturkey,1,2
248,chickentenders,1,2
248,meatballs,1,2
248,gouda,85,2
248,swisscheese,71,2
248,potatochips,52,2
248,tortillachips,49,2
248,doritos,57,2
248,ritzcracker,46,2
248,saltinecracker,55,2
248,wheatthins,52,2
248,eggrolls,41,2
248,frenchfries,57,2
248,butteredpopcorn,41,2
248,triscuits,50,2
248,wavylays,56,2
248,chocolateicecreamcone,14,2
248,strawberryicecreamcone,26,2
248,vanillasoftservecone,38,2
248,nutrigrainbar,39,2
248,churro,55,2
248,twistdonut,51,2
248,tuilecookie,41,2
248,madeleine,43,2
248,oatmealraisincookie,46,2
248,thumprintcookie,42,2
248,sugarcookie,51,2
248,vanillawafer,44,2
248,chocolatewafer,16,2
248,chocolatebark,42,2
248,darkchocolate,14,2
248,milkchocolate,15,2
248,pocky,31,2
248,toblerone,32,2
248,lindtlindorchocolatetruffle,17,2
248,twix,23,2
248,caramel,27,2
248,peanutmms,35,2
248,brownie,5,2
248,frostedbrownie,8,2
248,lemoncake,21,2
249,orange,40,2
249,plum,34,2
249,blackberry,99,2
249,peach,33,2
249,cherry,1,2
249,raspberry,70,2
249,apple,21,2
249,grape,85,2
249,goldendeliciousapple,3,2
249,honeydewmelon,87,2
249,kiwi,60,2
249,greenbellpepper,65,2
249,carrot,43,2
249,peanuts,79,2
249,almonds,85,2
249,baguette,30,2
249,slicedloafbread,2,2
249,boulebread,29,2
249,ryebread,2,2
249,deliturkey,76,2
249,chickentenders,72,2
249,meatballs,2,2
249,gouda,2,2
249,swisscheese,66,2
249,potatochips,63,2
249,tortillachips,29,2
249,doritos,47,2
249,ritzcracker,59,2
249,saltinecracker,61,2
249,wheatthins,52,2
249,eggrolls,19,2
249,frenchfries,42,2
249,butteredpopcorn,73,2
249,triscuits,62,2
249,wavylays,61,2
249,chocolateicecreamcone,59,2
249,strawberryicecreamcone,2,2
249,vanillasoftservecone,46,2
249,nutrigrainbar,1,2
249,churro,3,2
249,twistdonut,23,2
249,tuilecookie,2,2
249,madeleine,2,2
249,oatmealraisincookie,39,2
249,thumprintcookie,2,2
249,sugarcookie,25,2
249,vanillawafer,2,2
249,chocolatewafer,2,2
249,chocolatebark,70,2
249,darkchocolate,69,2
249,milkchocolate,79,2
249,pocky,2,2
249,toblerone,58,2
249,lindtlindorchocolatetruffle,67,2
249,twix,83,2
249,caramel,66,2
249,peanutmms,77,2
249,brownie,75,2
249,frostedbrownie,79,2
249,lemoncake,3,2
250,orange,31,2
250,plum,2,2
250,blackberry,23,2
250,peach,40,2
250,cherry,1,2
250,raspberry,29,2
250,apple,24,2
250,grape,36,2
250,goldendeliciousapple,1,2
250,honeydewmelon,1,2
250,kiwi,4,2
250,greenbellpepper,2,2
250,carrot,27,2
250,peanuts,66,2
250,almonds,19,2
250,baguette,15,2
250,slicedloafbread,1,2
250,boulebread,2,2
250,ryebread,3,2
250,deliturkey,4,2
250,chickentenders,3,2
250,meatballs,3,2
250,gouda,18,2
250,swisscheese,31,2
250,potatochips,73,2
250,tortillachips,68,2
250,doritos,59,2
250,ritzcracker,51,2
250,saltinecracker,22,2
250,wheatthins,3,2
250,eggrolls,1,2
250,frenchfries,50,2
250,butteredpopcorn,16,2
250,triscuits,1,2
250,wavylays,73,2
250,chocolateicecreamcone,53,2
250,strawberryicecreamcone,2,2
250,vanillasoftservecone,60,2
250,nutrigrainbar,1,2
250,churro,2,2
250,twistdonut,32,2
250,tuilecookie,2,2
250,madeleine,7,2
250,oatmealraisincookie,50,2
250,thumprintcookie,3,2
250,sugarcookie,71,2
250,vanillawafer,1,2
250,chocolatewafer,39,2
250,chocolatebark,48,2
250,darkchocolate,73,2
250,milkchocolate,74,2
250,pocky,3,2
250,toblerone,26,2
250,lindtlindorchocolatetruffle,36,2
250,twix,19,2
250,caramel,58,2
250,peanutmms,35,2
250,brownie,44,2
250,frostedbrownie,77,2
250,lemoncake,12,2
251,orange,80,2
251,plum,93,2
251,blackberry,97,2
251,peach,84,2
251,cherry,99,2
251,raspberry,82,2
251,apple,80,2
251,grape,97,2
251,goldendeliciousapple,19,2
251,honeydewmelon,27,2
251,kiwi,72,2
251,greenbellpepper,3,2
251,carrot,70,2
251,peanuts,85,2
251,almonds,88,2
251,baguette,65,2
251,slicedloafbread,31,2
251,boulebread,60,2
251,ryebread,48,2
251,deliturkey,23,2
251,chickentenders,49,2
251,meatballs,11,2
251,gouda,7,2
251,swisscheese,85,2
251,potatochips,64,2
251,tortillachips,34,2
251,doritos,57,2
251,ritzcracker,43,2
251,saltinecracker,25,2
251,wheatthins,29,2
251,eggrolls,11,2
251,frenchfries,78,2
251,butteredpopcorn,75,2
251,triscuits,14,2
251,wavylays,73,2
251,chocolateicecreamcone,65,2
251,strawberryicecreamcone,22,2
251,vanillasoftservecone,51,2
251,nutrigrainbar,18,2
251,churro,3,2
251,twistdonut,22,2
251,tuilecookie,10,2
251,madeleine,13,2
251,oatmealraisincookie,6,2
251,thumprintcookie,4,2
251,sugarcookie,4,2
251,vanillawafer,25,2
251,chocolatewafer,23,2
251,chocolatebark,65,2
251,darkchocolate,40,2
251,milkchocolate,79,2
251,pocky,7,2
251,toblerone,77,2
251,lindtlindorchocolatetruffle,49,2
251,twix,75,2
251,caramel,40,2
251,peanutmms,89,2
251,brownie,87,2
251,frostedbrownie,67,2
251,lemoncake,15,2
252,orange,59,2
252,plum,77,2
252,blackberry,92,2
252,peach,87,2
252,cherry,92,2
252,raspberry,82,2
252,apple,86,2
252,grape,83,2
252,goldendeliciousapple,67,2
252,honeydewmelon,77,2
252,kiwi,69,2
252,greenbellpepper,95,2
252,carrot,56,2
252,peanuts,76,2
252,almonds,8,2
252,baguette,57,2
252,slicedloafbread,10,2
252,boulebread,73,2
252,ryebread,53,2
252,deliturkey,55,2
252,chickentenders,46,2
252,meatballs,75,2
252,gouda,7,2
252,swisscheese,14,2
252,potatochips,64,2
252,tortillachips,45,2
252,doritos,74,2
252,ritzcracker,51,2
252,saltinecracker,32,2
252,wheatthins,31,2
252,eggrolls,23,2
252,frenchfries,87,2
252,butteredpopcorn,63,2
252,triscuits,61,2
252,wavylays,70,2
252,chocolateicecreamcone,30,2
252,strawberryicecreamcone,35,2
252,vanillasoftservecone,57,2
252,nutrigrainbar,61,2
252,churro,18,2
252,twistdonut,16,2
252,tuilecookie,6,2
252,madeleine,17,2
252,oatmealraisincookie,70,2
252,thumprintcookie,88,2
252,sugarcookie,15,2
252,vanillawafer,11,2
252,chocolatewafer,28,2
252,chocolatebark,20,2
252,darkchocolate,25,2
252,milkchocolate,41,2
252,pocky,7,2
252,toblerone,38,2
252,lindtlindorchocolatetruffle,39,2
252,twix,54,2
252,caramel,22,2
252,peanutmms,87,2
252,brownie,49,2
252,frostedbrownie,48,2
252,lemoncake,31,2
253,orange,1,2
253,plum,12,2
253,blackberry,99,2
253,peach,8,2
253,cherry,39,2
253,raspberry,24,2
253,apple,27,2
253,grape,84,2
253,goldendeliciousapple,28,2
253,honeydewmelon,1,2
253,kiwi,72,2
253,greenbellpepper,77,2
253,carrot,60,2
253,peanuts,64,2
253,almonds,70,2
253,baguette,55,2
253,slicedloafbread,12,2
253,boulebread,75,2
253,ryebread,75,2
253,deliturkey,38,2
253,chickentenders,68,2
253,meatballs,67,2
253,gouda,66,2
253,swisscheese,33,2
253,potatochips,51,2
253,tortillachips,7,2
253,doritos,26,2
253,ritzcracker,55,2
253,saltinecracker,42,2
253,wheatthins,49,2
253,eggrolls,56,2
253,frenchfries,91,2
253,butteredpopcorn,74,2
253,triscuits,10,2
253,wavylays,48,2
253,chocolateicecreamcone,95,2
253,strawberryicecreamcone,77,2
253,vanillasoftservecone,63,2
253,nutrigrainbar,4,2
253,churro,76,2
253,twistdonut,17,2
253,tuilecookie,7,2
253,madeleine,29,2
253,oatmealraisincookie,38,2
253,thumprintcookie,57,2
253,sugarcookie,58,2
253,vanillawafer,70,2
253,chocolatewafer,91,2
253,chocolatebark,78,2
253,darkchocolate,93,2
253,milkchocolate,84,2
253,pocky,64,2
253,toblerone,87,2
253,lindtlindorchocolatetruffle,94,2
253,twix,86,2
253,caramel,50,2
253,peanutmms,94,2
253,brownie,91,2
253,frostedbrownie,92,2
253,lemoncake,86,2
254,orange,99,2
254,plum,94,2
254,blackberry,78,2
254,peach,99,2
254,cherry,97,2
254,raspberry,78,2
254,apple,99,2
254,grape,99,2
254,goldendeliciousapple,93,2
254,honeydewmelon,39,2
254,kiwi,20,2
254,greenbellpepper,88,2
254,carrot,96,2
254,peanuts,99,2
254,almonds,99,2
254,baguette,18,2
254,slicedloafbread,25,2
254,boulebread,33,2
254,ryebread,17,2
254,deliturkey,88,2
254,chickentenders,73,2
254,meatballs,94,2
254,gouda,61,2
254,swisscheese,84,2
254,potatochips,47,2
254,tortillachips,25,2
254,doritos,41,2
254,ritzcracker,21,2
254,saltinecracker,27,2
254,wheatthins,40,2
254,eggrolls,36,2
254,frenchfries,59,2
254,butteredpopcorn,66,2
254,triscuits,20,2
254,wavylays,47,2
254,chocolateicecreamcone,100,2
254,strawberryicecreamcone,99,2
254,vanillasoftservecone,97,2
254,nutrigrainbar,72,2
254,churro,77,2
254,twistdonut,94,2
254,tuilecookie,78,2
254,madeleine,79,2
254,oatmealraisincookie,89,2
254,thumprintcookie,75,2
254,sugarcookie,78,2
254,vanillawafer,95,2
254,chocolatewafer,99,2
254,chocolatebark,90,2
254,darkchocolate,99,2
254,milkchocolate,99,2
254,pocky,85,2
254,toblerone,98,2
254,lindtlindorchocolatetruffle,99,2
254,twix,99,2
254,caramel,6,2
254,peanutmms,100,2
254,brownie,99,2
254,frostedbrownie,99,2
254,lemoncake,90,2
255,orange,82,2
255,plum,72,2
255,blackberry,68,2
255,peach,78,2
255,cherry,58,2
255,raspberry,73,2
255,apple,56,2
255,grape,69,2
255,goldendeliciousapple,66,2
255,honeydewmelon,60,2
255,kiwi,79,2
255,greenbellpepper,62,2
255,carrot,71,2
255,peanuts,77,2
255,almonds,63,2
255,baguette,49,2
255,slicedloafbread,59,2
255,boulebread,59,2
255,ryebread,50,2
255,deliturkey,56,2
255,chickentenders,81,2
255,meatballs,60,2
255,gouda,54,2
255,swisscheese,76,2
255,potatochips,61,2
255,tortillachips,71,2
255,doritos,50,2
255,ritzcracker,63,2
255,saltinecracker,62,2
255,wheatthins,62,2
255,eggrolls,65,2
255,frenchfries,68,2
255,butteredpopcorn,60,2
255,triscuits,66,2
255,wavylays,59,2
255,chocolateicecreamcone,49,2
255,strawberryicecreamcone,79,2
255,vanillasoftservecone,64,2
255,nutrigrainbar,52,2
255,churro,65,2
255,twistdonut,64,2
255,tuilecookie,72,2
255,madeleine,68,2
255,oatmealraisincookie,65,2
255,thumprintcookie,49,2
255,sugarcookie,58,2
255,vanillawafer,62,2
255,chocolatewafer,70,2
255,chocolatebark,57,2
255,darkchocolate,46,2
255,milkchocolate,47,2
255,pocky,72,2
255,toblerone,57,2
255,lindtlindorchocolatetruffle,50,2
255,twix,52,2
255,caramel,49,2
255,peanutmms,49,2
255,brownie,49,2
255,frostedbrownie,69,2
255,lemoncake,64,2
256,orange,45,2
256,plum,52,2
256,blackberry,82,2
256,peach,94,2
256,cherry,87,2
256,raspberry,87,2
256,apple,88,2
256,grape,93,2
256,goldendeliciousapple,94,2
256,honeydewmelon,15,2
256,kiwi,86,2
256,greenbellpepper,92,2
256,carrot,63,2
256,peanuts,72,2
256,almonds,61,2
256,baguette,9,2
256,slicedloafbread,11,2
256,boulebread,11,2
256,ryebread,18,2
256,deliturkey,80,2
256,chickentenders,90,2
256,meatballs,65,2
256,gouda,3,2
256,swisscheese,4,2
256,potatochips,56,2
256,tortillachips,59,2
256,doritos,60,2
256,ritzcracker,73,2
256,saltinecracker,51,2
256,wheatthins,53,2
256,eggrolls,14,2
256,frenchfries,73,2
256,butteredpopcorn,64,2
256,triscuits,44,2
256,wavylays,54,2
256,chocolateicecreamcone,96,2
256,strawberryicecreamcone,94,2
256,vanillasoftservecone,90,2
256,nutrigrainbar,49,2
256,churro,16,2
256,twistdonut,10,2
256,tuilecookie,14,2
256,madeleine,71,2
256,oatmealraisincookie,87,2
256,thumprintcookie,58,2
256,sugarcookie,78,2
256,vanillawafer,47,2
256,chocolatewafer,59,2
256,chocolatebark,28,2
256,darkchocolate,59,2
256,milkchocolate,70,2
256,pocky,15,2
256,toblerone,69,2
256,lindtlindorchocolatetruffle,46,2
256,twix,63,2
256,caramel,38,2
256,peanutmms,88,2
256,brownie,89,2
256,frostedbrownie,83,2
256,lemoncake,95,2
257,orange,99,2
257,plum,98,2
257,blackberry,80,2
257,peach,100,2
257,cherry,17,2
257,raspberry,79,2
257,apple,99,2
257,grape,96,2
257,goldendeliciousapple,99,2
257,honeydewmelon,98,2
257,kiwi,9,2
257,greenbellpepper,98,2
257,carrot,91,2
257,peanuts,99,2
257,almonds,98,2
257,baguette,2,2
257,slicedloafbread,2,2
257,boulebread,1,2
257,ryebread,1,2
257,deliturkey,51,2
257,chickentenders,3,2
257,meatballs,2,2
257,gouda,99,2
257,swisscheese,95,2
257,potatochips,3,2
257,tortillachips,69,2
257,doritos,4,2
257,ritzcracker,95,2
257,saltinecracker,81,2
257,wheatthins,82,2
257,eggrolls,2,2
257,frenchfries,3,2
257,butteredpopcorn,31,2
257,triscuits,82,2
257,wavylays,2,2
257,chocolateicecreamcone,3,2
257,strawberryicecreamcone,3,2
257,vanillasoftservecone,1,2
257,nutrigrainbar,2,2
257,churro,2,2
257,twistdonut,2,2
257,tuilecookie,2,2
257,madeleine,2,2
257,oatmealraisincookie,1,2
257,thumprintcookie,3,2
257,sugarcookie,2,2
257,vanillawafer,2,2
257,chocolatewafer,2,2
257,chocolatebark,3,2
257,darkchocolate,51,2
257,milkchocolate,2,2
257,pocky,2,2
257,toblerone,2,2
257,lindtlindorchocolatetruffle,2,2
257,twix,2,2
257,caramel,2,2
257,peanutmms,3,2
257,brownie,2,2
257,frostedbrownie,2,2
257,lemoncake,2,2
258,orange,57,2
258,plum,41,2
258,blackberry,71,2
258,peach,59,2
258,cherry,97,2
258,raspberry,56,2
258,apple,69,2
258,grape,67,2
258,goldendeliciousapple,45,2
258,honeydewmelon,20,2
258,kiwi,34,2
258,greenbellpepper,20,2
258,carrot,46,2
258,peanuts,47,2
258,almonds,59,2
258,baguette,55,2
258,slicedloafbread,60,2
258,boulebread,43,2
258,ryebread,29,2
258,deliturkey,38,2
258,chickentenders,39,2
258,meatballs,32,2
258,gouda,36,2
258,swisscheese,22,2
258,potatochips,69,2
258,tortillachips,60,2
258,doritos,61,2
258,ritzcracker,49,2
258,saltinecracker,39,2
258,wheatthins,44,2
258,eggrolls,18,2
258,frenchfries,70,2
258,butteredpopcorn,62,2
258,triscuits,16,2
258,wavylays,69,2
258,chocolateicecreamcone,67,2
258,strawberryicecreamcone,41,2
258,vanillasoftservecone,78,2
258,nutrigrainbar,35,2
258,churro,16,2
258,twistdonut,63,2
258,tuilecookie,37,2
258,madeleine,25,2
258,oatmealraisincookie,46,2
258,thumprintcookie,35,2
258,sugarcookie,60,2
258,vanillawafer,58,2
258,chocolatewafer,63,2
258,chocolatebark,69,2
258,darkchocolate,45,2
258,milkchocolate,50,2
258,pocky,25,2
258,toblerone,43,2
258,lindtlindorchocolatetruffle,42,2
258,twix,81,2
258,caramel,58,2
258,peanutmms,76,2
258,brownie,16,2
258,frostedbrownie,26,2
258,lemoncake,51,2
259,orange,76,2
259,plum,76,2
259,blackberry,99,2
259,peach,81,2
259,cherry,81,2
259,raspberry,73,2
259,apple,72,2
259,grape,96,2
259,goldendeliciousapple,82,2
259,honeydewmelon,85,2
259,kiwi,14,2
259,greenbellpepper,72,2
259,carrot,69,2
259,peanuts,69,2
259,almonds,70,2
259,baguette,6,2
259,slicedloafbread,13,2
259,boulebread,10,2
259,ryebread,15,2
259,deliturkey,63,2
259,chickentenders,89,2
259,meatballs,30,2
259,gouda,67,2
259,swisscheese,78,2
259,potatochips,56,2
259,tortillachips,14,2
259,doritos,36,2
259,ritzcracker,36,2
259,saltinecracker,32,2
259,wheatthins,15,2
259,eggrolls,36,2
259,frenchfries,52,2
259,butteredpopcorn,26,2
259,triscuits,10,2
259,wavylays,30,2
259,chocolateicecreamcone,10,2
259,strawberryicecreamcone,22,2
259,vanillasoftservecone,41,2
259,nutrigrainbar,29,2
259,churro,31,2
259,twistdonut,17,2
259,tuilecookie,34,2
259,madeleine,27,2
259,oatmealraisincookie,12,2
259,thumprintcookie,16,2
259,sugarcookie,23,2
259,vanillawafer,12,2
259,chocolatewafer,11,2
259,chocolatebark,18,2
259,darkchocolate,48,2
259,milkchocolate,54,2
259,pocky,16,2
259,toblerone,48,2
259,lindtlindorchocolatetruffle,21,2
259,twix,51,2
259,caramel,39,2
259,peanutmms,22,2
259,brownie,14,2
259,frostedbrownie,5,2
259,lemoncake,7,2
260,orange,41,2
260,plum,1,2
260,blackberry,2,2
260,peach,4,2
260,cherry,1,2
260,raspberry,3,2
260,apple,5,2
260,grape,46,2
260,goldendeliciousapple,2,2
260,honeydewmelon,2,2
260,kiwi,1,2
260,greenbellpepper,2,2
260,carrot,2,2
260,peanuts,27,2
260,almonds,2,2
260,baguette,2,2
260,slicedloafbread,1,2
260,boulebread,3,2
260,ryebread,2,2
260,deliturkey,22,2
260,chickentenders,41,2
260,meatballs,2,2
260,gouda,1,2
260,swisscheese,2,2
260,potatochips,11,2
260,tortillachips,3,2
260,doritos,17,2
260,ritzcracker,2,2
260,saltinecracker,2,2
260,wheatthins,1,2
260,eggrolls,3,2
260,frenchfries,17,2
260,butteredpopcorn,48,2
260,triscuits,1,2
260,wavylays,26,2
260,chocolateicecreamcone,30,2
260,strawberryicecreamcone,3,2
260,vanillasoftservecone,91,2
260,nutrigrainbar,2,2
260,churro,9,2
260,twistdonut,3,2
260,tuilecookie,2,2
260,madeleine,1,2
260,oatmealraisincookie,2,2
260,thumprintcookie,7,2
260,sugarcookie,2,2
260,vanillawafer,3,2
260,chocolatewafer,1,2
260,chocolatebark,2,2
260,darkchocolate,15,2
260,milkchocolate,15,2
260,pocky,3,2
260,toblerone,10,2
260,lindtlindorchocolatetruffle,10,2
260,twix,50,2
260,caramel,11,2
260,peanutmms,99,2
260,brownie,19,2
260,frostedbrownie,24,2
260,lemoncake,13,2
261,orange,75,2
261,plum,76,2
261,blackberry,58,2
261,peach,79,2
261,cherry,68,2
261,raspberry,75,2
261,apple,69,2
261,grape,73,2
261,goldendeliciousapple,18,2
261,honeydewmelon,89,2
261,kiwi,90,2
261,greenbellpepper,1,2
261,carrot,39,2
261,peanuts,38,2
261,almonds,58,2
261,baguette,1,2
261,slicedloafbread,6,2
261,boulebread,18,2
261,ryebread,37,2
261,deliturkey,1,2
261,chickentenders,96,2
261,meatballs,5,2
261,gouda,95,2
261,swisscheese,1,2
261,potatochips,1,2
261,tortillachips,58,2
261,doritos,17,2
261,ritzcracker,40,2
261,saltinecracker,16,2
261,wheatthins,60,2
261,eggrolls,1,2
261,frenchfries,99,2
261,butteredpopcorn,66,2
261,triscuits,39,2
261,wavylays,58,2
261,chocolateicecreamcone,100,2
261,strawberryicecreamcone,92,2
261,vanillasoftservecone,100,2
261,nutrigrainbar,42,2
261,churro,100,2
261,twistdonut,58,2
261,tuilecookie,1,2
261,madeleine,1,2
261,oatmealraisincookie,59,2
261,thumprintcookie,17,2
261,sugarcookie,40,2
261,vanillawafer,89,2
261,chocolatewafer,100,2
261,chocolatebark,90,2
261,darkchocolate,76,2
261,milkchocolate,85,2
261,pocky,100,2
261,toblerone,95,2
261,lindtlindorchocolatetruffle,60,2
261,twix,100,2
261,caramel,60,2
261,peanutmms,97,2
261,brownie,100,2
261,frostedbrownie,79,2
261,lemoncake,92,2
262,orange,2,2
262,plum,34,2
262,blackberry,42,2
262,peach,3,2
262,cherry,54,2
262,raspberry,66,2
262,apple,11,2
262,grape,5,2
262,goldendeliciousapple,2,2
262,honeydewmelon,3,2
262,kiwi,16,2
262,greenbellpepper,2,2
262,carrot,2,2
262,peanuts,1,2
262,almonds,4,2
262,baguette,1,2
262,slicedloafbread,5,2
262,boulebread,22,2
262,ryebread,7,2
262,deliturkey,99,2
262,chickentenders,1,2
262,meatballs,77,2
262,gouda,99,2
262,swisscheese,98,2
262,potatochips,3,2
262,tortillachips,1,2
262,doritos,1,2
262,ritzcracker,2,2
262,saltinecracker,1,2
262,wheatthins,3,2
262,eggrolls,10,2
262,frenchfries,2,2
262,butteredpopcorn,2,2
262,triscuits,1,2
262,wavylays,1,2
262,chocolateicecreamcone,1,2
262,strawberryicecreamcone,3,2
262,vanillasoftservecone,2,2
262,nutrigrainbar,1,2
262,churro,1,2
262,twistdonut,2,2
262,tuilecookie,2,2
262,madeleine,3,2
262,oatmealraisincookie,2,2
262,thumprintcookie,2,2
262,sugarcookie,3,2
262,vanillawafer,4,2
262,chocolatewafer,1,2
262,chocolatebark,3,2
262,darkchocolate,1,2
262,milkchocolate,6,2
262,pocky,4,2
262,toblerone,1,2
262,lindtlindorchocolatetruffle,2,2
262,twix,2,2
262,caramel,5,2
262,peanutmms,1,2
262,brownie,2,2
262,frostedbrownie,1,2
262,lemoncake,2,2
263,orange,100,2
263,plum,100,2
263,blackberry,100,2
263,peach,100,2
263,cherry,100,2
263,raspberry,100,2
263,apple,100,2
263,grape,100,2
263,goldendeliciousapple,100,2
263,honeydewmelon,100,2
263,kiwi,12,2
263,greenbellpepper,100,2
263,carrot,52,2
263,peanuts,100,2
263,almonds,100,2
263,baguette,49,2
263,slicedloafbread,52,2
263,boulebread,77,2
263,ryebread,74,2
263,deliturkey,1,2
263,chickentenders,1,2
263,meatballs,1,2
263,gouda,73,2
263,swisscheese,84,2
263,potatochips,21,2
263,tortillachips,18,2
263,doritos,1,2
263,ritzcracker,24,2
263,saltinecracker,10,2
263,wheatthins,23,2
263,eggrolls,23,2
263,frenchfries,13,2
263,butteredpopcorn,50,2
263,triscuits,19,2
263,wavylays,19,2
263,chocolateicecreamcone,47,2
263,strawberryicecreamcone,51,2
263,vanillasoftservecone,50,2
263,nutrigrainbar,16,2
263,churro,20,2
263,twistdonut,52,2
263,tuilecookie,1,2
263,madeleine,50,2
263,oatmealraisincookie,51,2
263,thumprintcookie,24,2
263,sugarcookie,23,2
263,vanillawafer,1,2
263,chocolatewafer,14,2
263,chocolatebark,21,2
263,darkchocolate,9,2
263,milkchocolate,48,2
263,pocky,1,2
263,toblerone,34,2
263,lindtlindorchocolatetruffle,29,2
263,twix,27,2
263,caramel,20,2
263,peanutmms,51,2
263,brownie,29,2
263,frostedbrownie,49,2
263,lemoncake,51,2
264,orange,57,2
264,plum,43,2
264,blackberry,37,2
264,peach,52,2
264,cherry,52,2
264,raspberry,11,2
264,apple,48,2
264,grape,70,2
264,goldendeliciousapple,41,2
264,honeydewmelon,1,2
264,kiwi,58,2
264,greenbellpepper,1,2
264,carrot,4,2
264,peanuts,33,2
264,almonds,62,2
264,baguette,38,2
264,slicedloafbread,37,2
264,boulebread,50,2
264,ryebread,58,2
264,deliturkey,56,2
264,chickentenders,86,2
264,meatballs,59,2
264,gouda,71,2
264,swisscheese,86,2
264,potatochips,57,2
264,tortillachips,21,2
264,doritos,53,2
264,ritzcracker,42,2
264,saltinecracker,46,2
264,wheatthins,27,2
264,eggrolls,57,2
264,frenchfries,43,2
264,butteredpopcorn,57,2
264,triscuits,29,2
264,wavylays,28,2
264,chocolateicecreamcone,14,2
264,strawberryicecreamcone,25,2
264,vanillasoftservecone,23,2
264,nutrigrainbar,1,2
264,churro,20,2
264,twistdonut,14,2
264,tuilecookie,19,2
264,madeleine,24,2
264,oatmealraisincookie,18,2
264,thumprintcookie,93,2
264,sugarcookie,30,2
264,vanillawafer,19,2
264,chocolatewafer,30,2
264,chocolatebark,63,2
264,darkchocolate,79,2
264,milkchocolate,65,2
264,pocky,60,2
264,toblerone,34,2
264,lindtlindorchocolatetruffle,65,2
264,twix,21,2
264,caramel,45,2
264,peanutmms,54,2
264,brownie,29,2
264,frostedbrownie,25,2
264,lemoncake,24,2
265,orange,61,2
265,plum,26,2
265,blackberry,68,2
265,peach,10,2
265,cherry,40,2
265,raspberry,63,2
265,apple,58,2
265,grape,57,2
265,goldendeliciousapple,58,2
265,honeydewmelon,2,2
265,kiwi,32,2
265,greenbellpepper,1,2
265,carrot,2,2
265,peanuts,86,2
265,almonds,67,2
265,baguette,50,2
265,slicedloafbread,41,2
265,boulebread,49,2
265,ryebread,15,2
265,deliturkey,74,2
265,chickentenders,72,2
265,meatballs,50,2
265,gouda,60,2
265,swisscheese,60,2
265,potatochips,99,2
265,tortillachips,66,2
265,doritos,98,2
265,ritzcracker,60,2
265,saltinecracker,59,2
265,wheatthins,59,2
265,eggrolls,58,2
265,frenchfries,75,2
265,butteredpopcorn,69,2
265,triscuits,59,2
265,wavylays,90,2
265,chocolateicecreamcone,49,2
265,strawberryicecreamcone,57,2
265,vanillasoftservecone,51,2
265,nutrigrainbar,26,2
265,churro,23,2
265,twistdonut,16,2
265,tuilecookie,30,2
265,madeleine,2,2
265,oatmealraisincookie,25,2
265,thumprintcookie,9,2
265,sugarcookie,12,2
265,vanillawafer,25,2
265,chocolatewafer,8,2
265,chocolatebark,50,2
265,darkchocolate,51,2
265,milkchocolate,25,2
265,pocky,41,2
265,toblerone,50,2
265,lindtlindorchocolatetruffle,28,2
265,twix,50,2
265,caramel,36,2
265,peanutmms,74,2
265,brownie,28,2
265,frostedbrownie,25,2
265,lemoncake,2,2
266,orange,3,2
266,plum,2,2
266,blackberry,12,2
266,peach,64,2
266,cherry,81,2
266,raspberry,60,2
266,apple,8,2
266,grape,87,2
266,goldendeliciousapple,1,2
266,honeydewmelon,81,2
266,kiwi,73,2
266,greenbellpepper,4,2
266,carrot,10,2
266,peanuts,2,2
266,almonds,83,2
266,baguette,2,2
266,slicedloafbread,3,2
266,boulebread,2,2
266,ryebread,2,2
266,deliturkey,9,2
266,chickentenders,73,2
266,meatballs,1,2
266,gouda,23,2
266,swisscheese,62,2
266,potatochips,75,2
266,tortillachips,2,2
266,doritos,89,2
266,ritzcracker,5,2
266,saltinecracker,3,2
266,wheatthins,2,2
266,eggrolls,2,2
266,frenchfries,78,2
266,butteredpopcorn,72,2
266,triscuits,3,2
266,wavylays,94,2
266,chocolateicecreamcone,99,2
266,strawberryicecreamcone,99,2
266,vanillasoftservecone,65,2
266,nutrigrainbar,71,2
266,churro,4,2
266,twistdonut,15,2
266,tuilecookie,2,2
266,madeleine,1,2
266,oatmealraisincookie,78,2
266,thumprintcookie,88,2
266,sugarcookie,97,2
266,vanillawafer,97,2
266,chocolatewafer,91,2
266,chocolatebark,7,2
266,darkchocolate,98,2
266,milkchocolate,94,2
266,pocky,74,2
266,toblerone,86,2
266,lindtlindorchocolatetruffle,82,2
266,twix,90,2
266,caramel,32,2
266,peanutmms,98,2
266,brownie,69,2
266,frostedbrownie,94,2
266,lemoncake,60,2
267,orange,48,2
267,plum,29,2
267,blackberry,46,2
267,peach,48,2
267,cherry,49,2
267,raspberry,70,2
267,apple,49,2
267,grape,43,2
267,goldendeliciousapple,38,2
267,honeydewmelon,22,2
267,kiwi,19,2
267,greenbellpepper,31,2
267,carrot,30,2
267,peanuts,30,2
267,almonds,28,2
267,baguette,49,2
267,slicedloafbread,47,2
267,boulebread,50,2
267,ryebread,38,2
267,deliturkey,30,2
267,chickentenders,71,2
267,meatballs,42,2
267,gouda,27,2
267,swisscheese,29,2
267,potatochips,64,2
267,tortillachips,35,2
267,doritos,35,2
267,ritzcracker,39,2
267,saltinecracker,40,2
267,wheatthins,51,2
267,eggrolls,27,2
267,frenchfries,52,2
267,butteredpopcorn,48,2
267,triscuits,47,2
267,wavylays,59,2
267,chocolateicecreamcone,69,2
267,strawberryicecreamcone,78,2
267,vanillasoftservecone,79,2
267,nutrigrainbar,48,2
267,churro,31,2
267,twistdonut,61,2
267,tuilecookie,31,2
267,madeleine,48,2
267,oatmealraisincookie,43,2
267,thumprintcookie,50,2
267,sugarcookie,38,2
267,vanillawafer,57,2
267,chocolatewafer,65,2
267,chocolatebark,42,2
267,darkchocolate,55,2
267,milkchocolate,69,2
267,pocky,14,2
267,toblerone,70,2
267,lindtlindorchocolatetruffle,59,2
267,twix,70,2
267,caramel,22,2
267,peanutmms,70,2
267,brownie,62,2
267,frostedbrownie,58,2
267,lemoncake,59,2
268,orange,70,2
268,plum,78,2
268,blackberry,79,2
268,peach,92,2
268,cherry,70,2
268,raspberry,61,2
268,apple,85,2
268,grape,100,2
268,goldendeliciousapple,45,2
268,honeydewmelon,75,2
268,kiwi,70,2
268,greenbellpepper,6,2
268,carrot,41,2
268,peanuts,10,2
268,almonds,52,2
268,baguette,55,2
268,slicedloafbread,7,2
268,boulebread,57,2
268,ryebread,57,2
268,deliturkey,67,2
268,chickentenders,75,2
268,meatballs,36,2
268,gouda,20,2
268,swisscheese,39,2
268,potatochips,60,2
268,tortillachips,6,2
268,doritos,60,2
268,ritzcracker,41,2
268,saltinecracker,9,2
268,wheatthins,36,2
268,eggrolls,75,2
268,frenchfries,52,2
268,butteredpopcorn,61,2
268,triscuits,1,2
268,wavylays,54,2
268,chocolateicecreamcone,42,2
268,strawberryicecreamcone,24,2
268,vanillasoftservecone,31,2
268,nutrigrainbar,4,2
268,churro,59,2
268,twistdonut,88,2
268,tuilecookie,6,2
268,madeleine,14,2
268,oatmealraisincookie,42,2
268,thumprintcookie,43,2
268,sugarcookie,18,2
268,vanillawafer,64,2
268,chocolatewafer,91,2
268,chocolatebark,51,2
268,darkchocolate,98,2
268,milkchocolate,51,2
268,pocky,4,2
268,toblerone,40,2
268,lindtlindorchocolatetruffle,93,2
268,twix,17,2
268,caramel,1,2
268,peanutmms,70,2
268,brownie,22,2
268,frostedbrownie,65,2
268,lemoncake,5,2
301,orange,27,2
301,plum,23,2
301,blackberry,37,2
301,peach,24,2
301,cherry,56,2
301,raspberry,31,2
301,apple,85,2
301,grape,92,2
301,goldendeliciousapple,76,2
301,honeydewmelon,90,2
301,kiwi,37,2
301,greenbellpepper,58,2
301,carrot,32,2
301,peanuts,45,2
301,almonds,88,2
301,baguette,60,2
301,slicedloafbread,76,2
301,boulebread,24,2
301,ryebread,81,2
301,deliturkey,36,2
301,chickentenders,72,2
301,meatballs,63,2
301,gouda,73,2
301,swisscheese,11,2
301,potatochips,20,2
301,tortillachips,39,2
301,doritos,14,2
301,ritzcracker,57,2
301,saltinecracker,46,2
301,wheatthins,50,2
301,eggrolls,36,2
301,frenchfries,63,2
301,butteredpopcorn,36,2
301,triscuits,23,2
301,wavylays,94,2
301,chocolateicecreamcone,70,2
301,strawberryicecreamcone,85,2
301,vanillasoftservecone,40,2
301,nutrigrainbar,4,2
301,churro,50,2
301,twistdonut,85,2
301,tuilecookie,10,2
301,madeleine,33,2
301,oatmealraisincookie,18,2
301,thumprintcookie,61,2
301,sugarcookie,32,2
301,vanillawafer,85,2
301,chocolatewafer,58,2
301,chocolatebark,62,2
301,darkchocolate,29,2
301,milkchocolate,55,2
301,pocky,84,2
301,toblerone,43,2
301,lindtlindorchocolatetruffle,14,2
301,twix,79,2
301,caramel,70,2
301,peanutmms,30,2
301,brownie,51,2
301,frostedbrownie,51,2
301,lemoncake,16,2
302,orange,70,2
302,plum,38,2
302,blackberry,39,2
302,peach,59,2
302,cherry,33,2
302,raspberry,61,2
302,apple,60,2
302,grape,70,2
302,goldendeliciousapple,41,2
302,honeydewmelon,40,2
302,kiwi,50,2
302,greenbellpepper,33,2
302,carrot,43,2
302,peanuts,84,2
302,almonds,66,2
302,baguette,33,2
302,slicedloafbread,11,2
302,boulebread,26,2
302,ryebread,34,2
302,deliturkey,69,2
302,chickentenders,96,2
302,meatballs,84,2
302,gouda,64,2
302,swisscheese,59,2
302,potatochips,74,2
302,tortillachips,33,2
302,doritos,88,2
302,ritzcracker,53,2
302,saltinecracker,24,2
302,wheatthins,26,2
302,eggrolls,72,2
302,frenchfries,77,2
302,butteredpopcorn,32,2
302,triscuits,9,2
302,wavylays,80,2
302,chocolateicecreamcone,73,2
302,strawberryicecreamcone,65,2
302,vanillasoftservecone,65,2
302,nutrigrainbar,40,2
302,churro,54,2
302,twistdonut,21,2
302,tuilecookie,12,2
302,madeleine,21,2
302,oatmealraisincookie,42,2
302,thumprintcookie,38,2
302,sugarcookie,67,2
302,vanillawafer,44,2
302,chocolatewafer,55,2
302,chocolatebark,35,2
302,darkchocolate,57,2
302,milkchocolate,20,2
302,pocky,81,2
302,toblerone,51,2
302,lindtlindorchocolatetruffle,65,2
302,twix,82,2
302,caramel,16,2
302,peanutmms,32,2
302,brownie,77,2
302,frostedbrownie,93,2
302,lemoncake,38,2
303,orange,22,2
303,plum,38,2
303,blackberry,45,2
303,peach,44,2
303,cherry,16,2
303,raspberry,50,2
303,apple,5,2
303,grape,26,2
303,goldendeliciousapple,5,2
303,honeydewmelon,35,2
303,kiwi,54,2
303,greenbellpepper,4,2
303,carrot,6,2
303,peanuts,51,2
303,almonds,32,2
303,baguette,55,2
303,slicedloafbread,41,2
303,boulebread,35,2
303,ryebread,37,2
303,deliturkey,71,2
303,chickentenders,97,2
303,meatballs,72,2
303,gouda,26,2
303,swisscheese,72,2
303,potatochips,70,2
303,tortillachips,36,2
303,doritos,58,2
303,ritzcracker,37,2
303,saltinecracker,43,2
303,wheatthins,38,2
303,eggrolls,93,2
303,frenchfries,97,2
303,butteredpopcorn,73,2
303,triscuits,21,2
303,wavylays,67,2
303,chocolateicecreamcone,33,2
303,strawberryicecreamcone,34,2
303,vanillasoftservecone,29,2
303,nutrigrainbar,28,2
303,churro,39,2
303,twistdonut,43,2
303,tuilecookie,52,2
303,madeleine,30,2
303,oatmealraisincookie,64,2
303,thumprintcookie,25,2
303,sugarcookie,32,2
303,vanillawafer,23,2
303,chocolatewafer,29,2
303,chocolatebark,20,2
303,darkchocolate,25,2
303,milkchocolate,37,2
303,pocky,32,2
303,toblerone,36,2
303,lindtlindorchocolatetruffle,24,2
303,twix,34,2
303,caramel,13,2
303,peanutmms,43,2
303,brownie,32,2
303,frostedbrownie,41,2
303,lemoncake,46,2
304,orange,95,2
304,plum,13,2
304,blackberry,95,2
304,peach,11,2
304,cherry,92,2
304,raspberry,96,2
304,apple,27,2
304,grape,89,2
304,goldendeliciousapple,22,2
304,honeydewmelon,7,2
304,kiwi,22,2
304,greenbellpepper,67,2
304,carrot,7,2
304,peanuts,17,2
304,almonds,49,2
304,baguette,67,2
304,slicedloafbread,50,2
304,boulebread,51,2
304,ryebread,51,2
304,deliturkey,20,2
304,chickentenders,18,2
304,meatballs,25,2
304,gouda,12,2
304,swisscheese,12,2
304,potatochips,66,2
304,tortillachips,14,2
304,doritos,18,2
304,ritzcracker,50,2
304,saltinecracker,51,2
304,wheatthins,49,2
304,eggrolls,94,2
304,frenchfries,89,2
304,butteredpopcorn,9,2
304,triscuits,50,2
304,wavylays,67,2
304,chocolateicecreamcone,83,2
304,strawberryicecreamcone,91,2
304,vanillasoftservecone,91,2
304,nutrigrainbar,4,2
304,churro,84,2
304,twistdonut,80,2
304,tuilecookie,79,2
304,madeleine,75,2
304,oatmealraisincookie,50,2
304,thumprintcookie,49,2
304,sugarcookie,50,2
304,vanillawafer,70,2
304,chocolatewafer,66,2
304,chocolatebark,17,2
304,darkchocolate,10,2
304,milkchocolate,9,2
304,pocky,87,2
304,toblerone,9,2
304,lindtlindorchocolatetruffle,5,2
304,twix,10,2
304,caramel,28,2
304,peanutmms,50,2
304,brownie,7,2
304,frostedbrownie,8,2
304,lemoncake,6,2
305,orange,82,2
305,plum,51,2
305,blackberry,97,2
305,peach,76,2
305,cherry,73,2
305,raspberry,100,2
305,apple,59,2
305,grape,80,2
305,goldendeliciousapple,56,2
305,honeydewmelon,56,2
305,kiwi,95,2
305,greenbellpepper,32,2
305,carrot,71,2
305,peanuts,66,2
305,almonds,87,2
305,baguette,19,2
305,slicedloafbread,1,2
305,boulebread,15,2
305,ryebread,23,2
305,deliturkey,42,2
305,chickentenders,97,2
305,meatballs,19,2
305,gouda,91,2
305,swisscheese,82,2
305,potatochips,10,2
305,tortillachips,8,2
305,doritos,12,2
305,ritzcracker,28,2
305,saltinecracker,14,2
305,wheatthins,20,2
305,eggrolls,82,2
305,frenchfries,71,2
305,butteredpopcorn,46,2
305,triscuits,4,2
305,wavylays,83,2
305,chocolateicecreamcone,60,2
305,strawberryicecreamcone,49,2
305,vanillasoftservecone,48,2
305,nutrigrainbar,23,2
305,churro,55,2
305,twistdonut,33,2
305,tuilecookie,33,2
305,madeleine,40,2
305,oatmealraisincookie,52,2
305,thumprintcookie,30,2
305,sugarcookie,35,2
305,vanillawafer,50,2
305,chocolatewafer,42,2
305,chocolatebark,66,2
305,darkchocolate,55,2
305,milkchocolate,49,2
305,pocky,68,2
305,toblerone,37,2
305,lindtlindorchocolatetruffle,56,2
305,twix,47,2
305,caramel,54,2
305,peanutmms,56,2
305,brownie,28,2
305,frostedbrownie,49,2
305,lemoncake,33,2
306,orange,94,2
306,plum,87,2
306,blackberry,86,2
306,peach,95,2
306,cherry,60,2
306,raspberry,86,2
306,apple,26,2
306,grape,58,2
306,goldendeliciousapple,21,2
306,honeydewmelon,1,2
306,kiwi,56,2
306,greenbellpepper,1,2
306,carrot,1,2
306,peanuts,71,2
306,almonds,1,2
306,baguette,79,2
306,slicedloafbread,26,2
306,boulebread,34,2
306,ryebread,38,2
306,deliturkey,85,2
306,chickentenders,100,2
306,meatballs,51,2
306,gouda,100,2
306,swisscheese,100,2
306,potatochips,46,2
306,tortillachips,70,2
306,doritos,57,2
306,ritzcracker,60,2
306,saltinecracker,42,2
306,wheatthins,45,2
306,eggrolls,98,2
306,frenchfries,65,2
306,butteredpopcorn,60,2
306,triscuits,45,2
306,wavylays,51,2
306,chocolateicecreamcone,14,2
306,strawberryicecreamcone,83,2
306,vanillasoftservecone,37,2
306,nutrigrainbar,91,2
306,churro,51,2
306,twistdonut,76,2
306,tuilecookie,30,2
306,madeleine,45,2
306,oatmealraisincookie,61,2
306,thumprintcookie,20,2
306,sugarcookie,30,2
306,vanillawafer,51,2
306,chocolatewafer,9,2
306,chocolatebark,15,2
306,darkchocolate,1,2
306,milkchocolate,7,2
306,pocky,4,2
306,toblerone,3,2
306,lindtlindorchocolatetruffle,4,2
306,twix,8,2
306,caramel,1,2
306,peanutmms,41,2
306,brownie,1,2
306,frostedbrownie,1,2
306,lemoncake,1,2
307,orange,100,2
307,plum,69,2
307,blackberry,80,2
307,peach,70,2
307,cherry,83,2
307,raspberry,79,2
307,apple,1,2
307,grape,100,2
307,goldendeliciousapple,1,2
307,honeydewmelon,91,2
307,kiwi,100,2
307,greenbellpepper,82,2
307,carrot,52,2
307,peanuts,1,2
307,almonds,9,2
307,baguette,1,2
307,slicedloafbread,1,2
307,boulebread,1,2
307,ryebread,1,2
307,deliturkey,54,2
307,chickentenders,100,2
307,meatballs,20,2
307,gouda,84,2
307,swisscheese,100,2
307,potatochips,40,2
307,tortillachips,6,2
307,doritos,7,2
307,ritzcracker,10,2
307,saltinecracker,8,2
307,wheatthins,13,2
307,eggrolls,26,2
307,frenchfries,83,2
307,butteredpopcorn,100,2
307,triscuits,45,2
307,wavylays,65,2
307,chocolateicecreamcone,100,2
307,strawberryicecreamcone,100,2
307,vanillasoftservecone,100,2
307,nutrigrainbar,5,2
307,churro,38,2
307,twistdonut,1,2
307,tuilecookie,1,2
307,madeleine,25,2
307,oatmealraisincookie,100,2
307,thumprintcookie,13,2
307,sugarcookie,52,2
307,vanillawafer,79,2
307,chocolatewafer,87,2
307,chocolatebark,88,2
307,darkchocolate,83,2
307,milkchocolate,79,2
307,pocky,81,2
307,toblerone,83,2
307,lindtlindorchocolatetruffle,86,2
307,twix,66,2
307,caramel,1,2
307,peanutmms,66,2
307,brownie,100,2
307,frostedbrownie,100,2
307,lemoncake,65,2
308,orange,41,2
308,plum,64,2
308,blackberry,44,2
308,peach,57,2
308,cherry,51,2
308,raspberry,46,2
308,apple,60,2
308,grape,53,2
308,goldendeliciousapple,67,2
308,honeydewmelon,25,2
308,kiwi,65,2
308,greenbellpepper,1,2
308,carrot,36,2
308,peanuts,50,2
308,almonds,37,2
308,baguette,56,2
308,slicedloafbread,39,2
308,boulebread,55,2
308,ryebread,47,2
308,deliturkey,46,2
308,chickentenders,48,2
308,meatballs,50,2
308,gouda,52,2
308,swisscheese,54,2
308,potatochips,80,2
308,tortillachips,44,2
308,doritos,45,2
308,ritzcracker,43,2
308,saltinecracker,42,2
308,wheatthins,33,2
308,eggrolls,58,2
308,frenchfries,86,2
308,butteredpopcorn,24,2
308,triscuits,11,2
308,wavylays,61,2
308,chocolateicecreamcone,73,2
308,strawberryicecreamcone,70,2
308,vanillasoftservecone,48,2
308,nutrigrainbar,46,2
308,churro,67,2
308,twistdonut,61,2
308,tuilecookie,51,2
308,madeleine,51,2
308,oatmealraisincookie,44,2
308,thumprintcookie,42,2
308,sugarcookie,44,2
308,vanillawafer,39,2
308,chocolatewafer,45,2
308,chocolatebark,35,2
308,darkchocolate,89,2
308,milkchocolate,77,2
308,pocky,67,2
308,toblerone,69,2
308,lindtlindorchocolatetruffle,92,2
308,twix,82,2
308,caramel,19,2
308,peanutmms,59,2
308,brownie,71,2
308,frostedbrownie,49,2
308,lemoncake,44,2
309,orange,100,2
309,plum,100,2
309,blackberry,100,2
309,peach,100,2
309,cherry,100,2
309,raspberry,100,2
309,apple,43,2
309,grape,68,2
309,goldendeliciousapple,57,2
309,honeydewmelon,100,2
309,kiwi,100,2
309,greenbellpepper,92,2
309,carrot,26,2
309,peanuts,100,2
309,almonds,100,2
309,baguette,1,2
309,slicedloafbread,1,2
309,boulebread,1,2
309,ryebread,1,2
309,deliturkey,100,2
309,chickentenders,63,2
309,meatballs,100,2
309,gouda,100,2
309,swisscheese,100,2
309,potatochips,59,2
309,tortillachips,20,2
309,doritos,38,2
309,ritzcracker,35,2
309,saltinecracker,37,2
309,wheatthins,69,2
309,eggrolls,66,2
309,frenchfries,35,2
309,butteredpopcorn,100,2
309,triscuits,16,2
309,wavylays,54,2
309,chocolateicecreamcone,64,2
309,strawberryicecreamcone,64,2
309,vanillasoftservecone,64,2
309,nutrigrainbar,64,2
309,churro,40,2
309,twistdonut,30,2
309,tuilecookie,58,2
309,madeleine,26,2
309,oatmealraisincookie,63,2
309,thumprintcookie,69,2
309,sugarcookie,38,2
309,vanillawafer,69,2
309,chocolatewafer,62,2
309,chocolatebark,67,2
309,darkchocolate,63,2
309,milkchocolate,92,2
309,pocky,65,2
309,toblerone,70,2
309,lindtlindorchocolatetruffle,81,2
309,twix,56,2
309,caramel,75,2
309,peanutmms,59,2
309,brownie,39,2
309,frostedbrownie,59,2
309,lemoncake,1,2
310,orange,70,2
310,plum,41,2
310,blackberry,56,2
310,peach,58,2
310,cherry,79,2
310,raspberry,63,2
310,apple,53,2
310,grape,52,2
310,goldendeliciousapple,41,2
310,honeydewmelon,35,2
310,kiwi,27,2
310,greenbellpepper,21,2
310,carrot,18,2
310,peanuts,71,2
310,almonds,64,2
310,baguette,77,2
310,slicedloafbread,86,2
310,boulebread,79,2
310,ryebread,65,2
310,deliturkey,37,2
310,chickentenders,73,2
310,meatballs,42,2
310,gouda,52,2
310,swisscheese,78,2
310,potatochips,76,2
310,tortillachips,78,2
310,doritos,80,2
310,ritzcracker,73,2
310,saltinecracker,64,2
310,wheatthins,69,2
310,eggrolls,35,2
310,frenchfries,75,2
310,butteredpopcorn,69,2
310,triscuits,68,2
310,wavylays,76,2
310,chocolateicecreamcone,94,2
310,strawberryicecreamcone,97,2
310,vanillasoftservecone,94,2
310,nutrigrainbar,79,2
310,churro,68,2
310,twistdonut,89,2
310,tuilecookie,62,2
310,madeleine,84,2
310,oatmealraisincookie,66,2
310,thumprintcookie,75,2
310,sugarcookie,72,2
310,vanillawafer,75,2
310,chocolatewafer,63,2
310,chocolatebark,69,2
310,darkchocolate,97,2
310,milkchocolate,95,2
310,pocky,71,2
310,toblerone,75,2
310,lindtlindorchocolatetruffle,97,2
310,twix,88,2
310,caramel,94,2
310,peanutmms,97,2
310,brownie,90,2
310,frostedbrownie,93,2
310,lemoncake,91,2
311,orange,63,2
311,plum,84,2
311,blackberry,65,2
311,peach,82,2
311,cherry,74,2
311,raspberry,58,2
311,apple,80,2
311,grape,70,2
311,goldendeliciousapple,78,2
311,honeydewmelon,69,2
311,kiwi,56,2
311,greenbellpepper,69,2
311,carrot,70,2
311,peanuts,67,2
311,almonds,94,2
311,baguette,44,2
311,slicedloafbread,33,2
311,boulebread,26,2
311,ryebread,21,2
311,deliturkey,83,2
311,chickentenders,2,2
311,meatballs,2,2
311,gouda,6,2
311,swisscheese,74,2
311,potatochips,8,2
311,tortillachips,6,2
311,doritos,7,2
311,ritzcracker,10,2
311,saltinecracker,13,2
311,wheatthins,15,2
311,eggrolls,4,2
311,frenchfries,5,2
311,butteredpopcorn,3,2
311,triscuits,35,2
311,wavylays,11,2
311,chocolateicecreamcone,5,2
311,strawberryicecreamcone,6,2
311,vanillasoftservecone,6,2
311,nutrigrainbar,31,2
311,churro,11,2
311,twistdonut,8,2
311,tuilecookie,24,2
311,madeleine,2,2
311,oatmealraisincookie,15,2
311,thumprintcookie,7,2
311,sugarcookie,6,2
311,vanillawafer,7,2
311,chocolatewafer,8,2
311,chocolatebark,14,2
311,darkchocolate,2,2
311,milkchocolate,8,2
311,pocky,8,2
311,toblerone,4,2
311,lindtlindorchocolatetruffle,1,2
311,twix,6,2
311,caramel,13,2
311,peanutmms,57,2
311,brownie,9,2
311,frostedbrownie,5,2
311,lemoncake,8,2
312,orange,1,2
312,plum,15,2
312,blackberry,18,2
312,peach,22,2
312,cherry,1,2
312,raspberry,2,2
312,apple,1,2
312,grape,49,2
312,goldendeliciousapple,2,2
312,honeydewmelon,2,2
312,kiwi,1,2
312,greenbellpepper,1,2
312,carrot,1,2
312,peanuts,2,2
312,almonds,1,2
312,baguette,2,2
312,slicedloafbread,1,2
312,boulebread,1,2
312,ryebread,1,2
312,deliturkey,2,2
312,chickentenders,15,2
312,meatballs,2,2
312,gouda,15,2
312,swisscheese,1,2
312,potatochips,1,2
312,tortillachips,1,2
312,doritos,1,2
312,ritzcracker,1,2
312,saltinecracker,1,2
312,wheatthins,1,2
312,eggrolls,1,2
312,frenchfries,2,2
312,butteredpopcorn,1,2
312,triscuits,2,2
312,wavylays,1,2
312,chocolateicecreamcone,9,2
312,strawberryicecreamcone,2,2
312,vanillasoftservecone,2,2
312,nutrigrainbar,1,2
312,churro,1,2
312,twistdonut,2,2
312,tuilecookie,1,2
312,madeleine,1,2
312,oatmealraisincookie,1,2
312,thumprintcookie,2,2
312,sugarcookie,1,2
312,vanillawafer,2,2
312,chocolatewafer,2,2
312,chocolatebark,2,2
312,darkchocolate,51,2
312,milkchocolate,22,2
312,pocky,2,2
312,toblerone,1,2
312,lindtlindorchocolatetruffle,50,2
312,twix,2,2
312,caramel,2,2
312,peanutmms,15,2
312,brownie,12,2
312,frostedbrownie,17,2
312,lemoncake,1,2
313,orange,9,2
313,plum,65,2
313,blackberry,50,2
313,peach,52,2
313,cherry,31,2
313,raspberry,41,2
313,apple,44,2
313,grape,54,2
313,goldendeliciousapple,42,2
313,honeydewmelon,11,2
313,kiwi,55,2
313,greenbellpepper,1,2
313,carrot,4,2
313,peanuts,69,2
313,almonds,60,2
313,baguette,49,2
313,slicedloafbread,31,2
313,boulebread,34,2
313,ryebread,31,2
313,deliturkey,65,2
313,chickentenders,96,2
313,meatballs,69,2
313,gouda,35,2
313,swisscheese,38,2
313,potatochips,72,2
313,tortillachips,84,2
313,doritos,82,2
313,ritzcracker,71,2
313,saltinecracker,81,2
313,wheatthins,77,2
313,eggrolls,85,2
313,frenchfries,93,2
313,butteredpopcorn,61,2
313,triscuits,89,2
313,wavylays,68,2
313,chocolateicecreamcone,18,2
313,strawberryicecreamcone,36,2
313,vanillasoftservecone,21,2
313,nutrigrainbar,70,2
313,churro,75,2
313,twistdonut,64,2
313,tuilecookie,50,2
313,madeleine,71,2
313,oatmealraisincookie,76,2
313,thumprintcookie,84,2
313,sugarcookie,66,2
313,vanillawafer,63,2
313,chocolatewafer,75,2
313,chocolatebark,57,2
313,darkchocolate,48,2
313,milkchocolate,45,2
313,pocky,62,2
313,toblerone,77,2
313,lindtlindorchocolatetruffle,72,2
313,twix,89,2
313,caramel,55,2
313,peanutmms,78,2
313,brownie,77,2
313,frostedbrownie,84,2
313,lemoncake,23,2
314,orange,81,2
314,plum,84,2
314,blackberry,75,2
314,peach,95,2
314,cherry,88,2
314,raspberry,75,2
314,apple,46,2
314,grape,90,2
314,goldendeliciousapple,51,2
314,honeydewmelon,32,2
314,kiwi,72,2
314,greenbellpepper,6,2
314,carrot,47,2
314,peanuts,65,2
314,almonds,67,2
314,baguette,60,2
314,slicedloafbread,41,2
314,boulebread,59,2
314,ryebread,60,2
314,deliturkey,62,2
314,chickentenders,43,2
314,meatballs,32,2
314,gouda,68,2
314,swisscheese,68,2
314,potatochips,87,2
314,tortillachips,47,2
314,doritos,74,2
314,ritzcracker,44,2
314,saltinecracker,31,2
314,wheatthins,47,2
314,eggrolls,36,2
314,frenchfries,88,2
314,butteredpopcorn,60,2
314,triscuits,35,2
314,wavylays,91,2
314,chocolateicecreamcone,85,2
314,strawberryicecreamcone,83,2
314,vanillasoftservecone,70,2
314,nutrigrainbar,37,2
314,churro,91,2
314,twistdonut,77,2
314,tuilecookie,36,2
314,madeleine,45,2
314,oatmealraisincookie,69,2
314,thumprintcookie,64,2
314,sugarcookie,35,2
314,vanillawafer,28,2
314,chocolatewafer,43,2
314,chocolatebark,69,2
314,darkchocolate,92,2
314,milkchocolate,92,2
314,pocky,42,2
314,toblerone,80,2
314,lindtlindorchocolatetruffle,92,2
314,twix,92,2
314,caramel,15,2
314,peanutmms,84,2
314,brownie,84,2
314,frostedbrownie,74,2
314,lemoncake,35,2
315,orange,1,2
315,plum,23,2
315,blackberry,18,2
315,peach,25,2
315,cherry,35,2
315,raspberry,54,2
315,apple,32,2
315,grape,25,2
315,goldendeliciousapple,26,2
315,honeydewmelon,3,2
315,kiwi,56,2
315,greenbellpepper,2,2
315,carrot,1,2
315,peanuts,35,2
315,almonds,35,2
315,baguette,18,2
315,slicedloafbread,12,2
315,boulebread,8,2
315,ryebread,11,2
315,deliturkey,11,2
315,chickentenders,3,2
315,meatballs,19,2
315,gouda,2,2
315,swisscheese,2,2
315,potatochips,48,2
315,tortillachips,19,2
315,doritos,38,2
315,ritzcracker,50,2
315,saltinecracker,11,2
315,wheatthins,16,2
315,eggrolls,25,2
315,frenchfries,26,2
315,butteredpopcorn,2,2
315,triscuits,17,2
315,wavylays,53,2
315,chocolateicecreamcone,13,2
315,strawberryicecreamcone,4,2
315,vanillasoftservecone,5,2
315,nutrigrainbar,11,2
315,churro,9,2
315,twistdonut,4,2
315,tuilecookie,15,2
315,madeleine,3,2
315,oatmealraisincookie,1,2
315,thumprintcookie,6,2
315,sugarcookie,44,2
315,vanillawafer,63,2
315,chocolatewafer,28,2
315,chocolatebark,4,2
315,darkchocolate,24,2
315,milkchocolate,24,2
315,pocky,63,2
315,toblerone,17,2
315,lindtlindorchocolatetruffle,20,2
315,twix,12,2
315,caramel,1,2
315,peanutmms,40,2
315,brownie,11,2
315,frostedbrownie,32,2
315,lemoncake,17,2
316,orange,100,2
316,plum,100,2
316,blackberry,100,2
316,peach,100,2
316,cherry,100,2
316,raspberry,100,2
316,apple,100,2
316,grape,100,2
316,goldendeliciousapple,17,2
316,honeydewmelon,92,2
316,kiwi,84,2
316,greenbellpepper,71,2
316,carrot,77,2
316,peanuts,82,2
316,almonds,72,2
316,baguette,78,2
316,slicedloafbread,66,2
316,boulebread,69,2
316,ryebread,72,2
316,deliturkey,24,2
316,chickentenders,100,2
316,meatballs,28,2
316,gouda,63,2
316,swisscheese,53,2
316,potatochips,100,2
316,tortillachips,100,2
316,doritos,100,2
316,ritzcracker,35,2
316,saltinecracker,16,2
316,wheatthins,29,2
316,eggrolls,100,2
316,frenchfries,100,2
316,butteredpopcorn,100,2
316,triscuits,78,2
316,wavylays,100,2
316,chocolateicecreamcone,100,2
316,strawberryicecreamcone,91,2
316,vanillasoftservecone,99,2
316,nutrigrainbar,100,2
316,churro,100,2
316,twistdonut,87,2
316,tuilecookie,19,2
316,madeleine,100,2
316,oatmealraisincookie,87,2
316,thumprintcookie,100,2
316,sugarcookie,100,2
316,vanillawafer,64,2
316,chocolatewafer,100,2
316,chocolatebark,100,2
316,darkchocolate,100,2
316,milkchocolate,100,2
316,pocky,87,2
316,toblerone,87,2
316,lindtlindorchocolatetruffle,100,2
316,twix,100,2
316,caramel,100,2
316,peanutmms,72,2
316,brownie,100,2
316,frostedbrownie,100,2
316,lemoncake,100,2
317,orange,84,2
317,plum,72,2
317,blackberry,93,2
317,peach,71,2
317,cherry,80,2
317,raspberry,94,2
317,apple,65,2
317,grape,76,2
317,goldendeliciousapple,87,2
317,honeydewmelon,63,2
317,kiwi,6,2
317,greenbellpepper,5,2
317,carrot,78,2
317,peanuts,78,2
317,almonds,78,2
317,baguette,58,2
317,slicedloafbread,44,2
317,boulebread,63,2
317,ryebread,64,2
317,deliturkey,69,2
317,chickentenders,71,2
317,meatballs,51,2
317,gouda,81,2
317,swisscheese,70,2
317,potatochips,29,2
317,tortillachips,50,2
317,doritos,45,2
317,ritzcracker,34,2
317,saltinecracker,49,2
317,wheatthins,65,2
317,eggrolls,28,2
317,frenchfries,29,2
317,butteredpopcorn,52,2
317,triscuits,64,2
317,wavylays,28,2
317,chocolateicecreamcone,32,2
317,strawberryicecreamcone,23,2
317,vanillasoftservecone,36,2
317,nutrigrainbar,30,2
317,churro,23,2
317,twistdonut,36,2
317,tuilecookie,20,2
317,madeleine,21,2
317,oatmealraisincookie,72,2
317,thumprintcookie,28,2
317,sugarcookie,34,2
317,vanillawafer,27,2
317,chocolatewafer,28,2
317,chocolatebark,63,2
317,darkchocolate,82,2
317,milkchocolate,30,2
317,pocky,36,2
317,toblerone,30,2
317,lindtlindorchocolatetruffle,60,2
317,twix,77,2
317,caramel,18,2
317,peanutmms,25,2
317,brownie,79,2
317,frostedbrownie,82,2
317,lemoncake,21,2
318,orange,4,2
318,plum,26,2
318,blackberry,13,2
318,peach,7,2
318,cherry,8,2
318,raspberry,7,2
318,apple,9,2
318,grape,68,2
318,goldendeliciousapple,19,2
318,honeydewmelon,67,2
318,kiwi,54,2
318,greenbellpepper,10,2
318,carrot,7,2
318,peanuts,2,2
318,almonds,2,2
318,baguette,6,2
318,slicedloafbread,6,2
318,boulebread,4,2
318,ryebread,3,2
318,deliturkey,27,2
318,chickentenders,82,2
318,meatballs,63,2
318,gouda,51,2
318,swisscheese,50,2
318,potatochips,83,2
318,tortillachips,10,2
318,doritos,9,2
318,ritzcracker,20,2
318,saltinecracker,5,2
318,wheatthins,14,2
318,eggrolls,90,2
318,frenchfries,96,2
318,butteredpopcorn,48,2
318,triscuits,16,2
318,wavylays,64,2
318,chocolateicecreamcone,82,2
318,strawberryicecreamcone,53,2
318,vanillasoftservecone,7,2
318,nutrigrainbar,11,2
318,churro,100,2
318,twistdonut,88,2
318,tuilecookie,16,2
318,madeleine,25,2
318,oatmealraisincookie,12,2
318,thumprintcookie,58,2
318,sugarcookie,16,2
318,vanillawafer,22,2
318,chocolatewafer,19,2
318,chocolatebark,84,2
318,darkchocolate,39,2
318,milkchocolate,21,2
318,pocky,15,2
318,toblerone,13,2
318,lindtlindorchocolatetruffle,42,2
318,twix,22,2
318,caramel,9,2
318,peanutmms,7,2
318,brownie,46,2
318,frostedbrownie,37,2
318,lemoncake,50,2
319,orange,95,2
319,plum,95,2
319,blackberry,43,2
319,peach,97,2
319,cherry,71,2
319,raspberry,92,2
319,apple,18,2
319,grape,35,2
319,goldendeliciousapple,22,2
319,honeydewmelon,59,2
319,kiwi,97,2
319,greenbellpepper,15,2
319,carrot,25,2
319,peanuts,51,2
319,almonds,20,2
319,baguette,3,2
319,slicedloafbread,9,2
319,boulebread,17,2
319,ryebread,10,2
319,deliturkey,87,2
319,chickentenders,98,2
319,meatballs,91,2
319,gouda,1,2
319,swisscheese,62,2
319,potatochips,83,2
319,tortillachips,56,2
319,doritos,39,2
319,ritzcracker,51,2
319,saltinecracker,36,2
319,wheatthins,44,2
319,eggrolls,95,2
319,frenchfries,79,2
319,butteredpopcorn,66,2
319,triscuits,27,2
319,wavylays,59,2
319,chocolateicecreamcone,40,2
319,strawberryicecreamcone,8,2
319,vanillasoftservecone,25,2
319,nutrigrainbar,48,2
319,churro,4,2
319,twistdonut,3,2
319,tuilecookie,3,2
319,madeleine,1,2
319,oatmealraisincookie,16,2
319,thumprintcookie,8,2
319,sugarcookie,6,2
319,vanillawafer,4,2
319,chocolatewafer,4,2
319,chocolatebark,7,2
319,darkchocolate,11,2
319,milkchocolate,4,2
319,pocky,28,2
319,toblerone,7,2
319,lindtlindorchocolatetruffle,5,2
319,twix,3,2
319,caramel,1,2
319,peanutmms,18,2
319,brownie,25,2
319,frostedbrownie,19,2
319,lemoncake,6,2
320,orange,68,2
320,plum,78,2
320,blackberry,77,2
320,peach,83,2
320,cherry,22,2
320,raspberry,55,2
320,apple,89,2
320,grape,78,2
320,goldendeliciousapple,93,2
320,honeydewmelon,32,2
320,kiwi,31,2
320,greenbellpepper,26,2
320,carrot,85,2
320,peanuts,60,2
320,almonds,87,2
320,baguette,15,2
320,slicedloafbread,20,2
320,boulebread,44,2
320,ryebread,44,2
320,deliturkey,1,2
320,chickentenders,1,2
320,meatballs,10,2
320,gouda,27,2
320,swisscheese,27,2
320,potatochips,13,2
320,tortillachips,20,2
320,doritos,29,2
320,ritzcracker,27,2
320,saltinecracker,29,2
320,wheatthins,20,2
320,eggrolls,1,2
320,frenchfries,22,2
320,butteredpopcorn,8,2
320,triscuits,50,2
320,wavylays,28,2
320,chocolateicecreamcone,1,2
320,strawberryicecreamcone,1,2
320,vanillasoftservecone,1,2
320,nutrigrainbar,1,2
320,churro,1,2
320,twistdonut,1,2
320,tuilecookie,1,2
320,madeleine,1,2
320,oatmealraisincookie,36,2
320,thumprintcookie,1,2
320,sugarcookie,1,2
320,vanillawafer,1,2
320,chocolatewafer,1,2
320,chocolatebark,1,2
320,darkchocolate,1,2
320,milkchocolate,1,2
320,pocky,1,2
320,toblerone,1,2
320,lindtlindorchocolatetruffle,1,2
320,twix,1,2
320,caramel,1,2
320,peanutmms,1,2
320,brownie,1,2
320,frostedbrownie,1,2
320,lemoncake,1,2
321,orange,82,2
321,plum,84,2
321,blackberry,82,2
321,peach,82,2
321,cherry,38,2
321,raspberry,71,2
321,apple,96,2
321,grape,83,2
321,goldendeliciousapple,98,2
321,honeydewmelon,91,2
321,kiwi,84,2
321,greenbellpepper,70,2
321,carrot,94,2
321,peanuts,59,2
321,almonds,81,2
321,baguette,65,2
321,slicedloafbread,60,2
321,boulebread,65,2
321,ryebread,68,2
321,deliturkey,33,2
321,chickentenders,38,2
321,meatballs,70,2
321,gouda,65,2
321,swisscheese,71,2
321,potatochips,36,2
321,tortillachips,66,2
321,doritos,43,2
321,ritzcracker,67,2
321,saltinecracker,57,2
321,wheatthins,63,2
321,eggrolls,69,2
321,frenchfries,38,2
321,butteredpopcorn,63,2
321,triscuits,17,2
321,wavylays,37,2
321,chocolateicecreamcone,32,2
321,strawberryicecreamcone,33,2
321,vanillasoftservecone,51,2
321,nutrigrainbar,84,2
321,churro,33,2
321,twistdonut,62,2
321,tuilecookie,67,2
321,madeleine,67,2
321,oatmealraisincookie,36,2
321,thumprintcookie,29,2
321,sugarcookie,67,2
321,vanillawafer,63,2
321,chocolatewafer,38,2
321,chocolatebark,31,2
321,darkchocolate,29,2
321,milkchocolate,32,2
321,pocky,43,2
321,toblerone,31,2
321,lindtlindorchocolatetruffle,33,2
321,twix,28,2
321,caramel,17,2
321,peanutmms,61,2
321,brownie,66,2
321,frostedbrownie,79,2
321,lemoncake,37,2
322,orange,88,2
322,plum,30,2
322,blackberry,49,2
322,peach,40,2
322,cherry,17,2
322,raspberry,57,2
322,apple,65,2
322,grape,69,2
322,goldendeliciousapple,54,2
322,honeydewmelon,51,2
322,kiwi,63,2
322,greenbellpepper,17,2
322,carrot,41,2
322,peanuts,78,2
322,almonds,79,2
322,baguette,62,2
322,slicedloafbread,80,2
322,boulebread,73,2
322,ryebread,64,2
322,deliturkey,83,2
322,chickentenders,72,2
322,meatballs,70,2
322,gouda,74,2
322,swisscheese,63,2
322,potatochips,86,2
322,tortillachips,55,2
322,doritos,48,2
322,ritzcracker,69,2
322,saltinecracker,44,2
322,wheatthins,50,2
322,eggrolls,90,2
322,frenchfries,79,2
322,butteredpopcorn,54,2
322,triscuits,53,2
322,wavylays,74,2
322,chocolateicecreamcone,51,2
322,strawberryicecreamcone,37,2
322,vanillasoftservecone,59,2
322,nutrigrainbar,17,2
322,churro,54,2
322,twistdonut,65,2
322,tuilecookie,25,2
322,madeleine,18,2
322,oatmealraisincookie,29,2
322,thumprintcookie,32,2
322,sugarcookie,55,2
322,vanillawafer,1,2
322,chocolatewafer,68,2
322,chocolatebark,47,2
322,darkchocolate,64,2
322,milkchocolate,80,2
322,pocky,19,2
322,toblerone,80,2
322,lindtlindorchocolatetruffle,68,2
322,twix,32,2
322,caramel,7,2
322,peanutmms,60,2
322,brownie,73,2
322,frostedbrownie,70,2
322,lemoncake,64,2
323,orange,64,2
323,plum,56,2
323,blackberry,10,2
323,peach,64,2
323,cherry,22,2
323,raspberry,11,2
323,apple,33,2
323,grape,52,2
323,goldendeliciousapple,13,2
323,honeydewmelon,73,2
323,kiwi,59,2
323,greenbellpepper,11,2
323,carrot,2,2
323,peanuts,20,2
323,almonds,11,2
323,baguette,65,2
323,slicedloafbread,17,2
323,boulebread,56,2
323,ryebread,58,2
323,deliturkey,40,2
323,chickentenders,44,2
323,meatballs,98,2
323,gouda,86,2
323,swisscheese,28,2
323,potatochips,54,2
323,tortillachips,12,2
323,doritos,15,2
323,ritzcracker,6,2
323,saltinecracker,42,2
323,wheatthins,58,2
323,eggrolls,97,2
323,frenchfries,37,2
323,butteredpopcorn,21,2
323,triscuits,39,2
323,wavylays,55,2
323,chocolateicecreamcone,90,2
323,strawberryicecreamcone,55,2
323,vanillasoftservecone,79,2
323,nutrigrainbar,22,2
323,churro,99,2
323,twistdonut,98,2
323,tuilecookie,78,2
323,madeleine,84,2
323,oatmealraisincookie,15,2
323,thumprintcookie,53,2
323,sugarcookie,53,2
323,vanillawafer,24,2
323,chocolatewafer,26,2
323,chocolatebark,79,2
323,darkchocolate,69,2
323,milkchocolate,89,2
323,pocky,72,2
323,toblerone,99,2
323,lindtlindorchocolatetruffle,26,2
323,twix,71,2
323,caramel,56,2
323,peanutmms,32,2
323,brownie,59,2
323,frostedbrownie,100,2
323,lemoncake,95,2
324,orange,100,2
324,plum,90,2
324,blackberry,91,2
324,peach,80,2
324,cherry,75,2
324,raspberry,91,2
324,apple,80,2
324,grape,95,2
324,goldendeliciousapple,100,2
324,honeydewmelon,94,2
324,kiwi,99,2
324,greenbellpepper,70,2
324,carrot,84,2
324,peanuts,79,2
324,almonds,76,2
324,baguette,87,2
324,slicedloafbread,49,2
324,boulebread,89,2
324,ryebread,72,2
324,deliturkey,86,2
324,chickentenders,82,2
324,meatballs,66,2
324,gouda,50,2
324,swisscheese,73,2
324,potatochips,71,2
324,tortillachips,83,2
324,doritos,79,2
324,ritzcracker,71,2
324,saltinecracker,62,2
324,wheatthins,68,2
324,eggrolls,62,2
324,frenchfries,40,2
324,butteredpopcorn,65,2
324,triscuits,81,2
324,wavylays,56,2
324,chocolateicecreamcone,6,2
324,strawberryicecreamcone,4,2
324,vanillasoftservecone,8,2
324,nutrigrainbar,26,2
324,churro,14,2
324,twistdonut,31,2
324,tuilecookie,33,2
324,madeleine,28,2
324,oatmealraisincookie,53,2
324,thumprintcookie,37,2
324,sugarcookie,11,2
324,vanillawafer,14,2
324,chocolatewafer,5,2
324,chocolatebark,3,2
324,darkchocolate,10,2
324,milkchocolate,6,2
324,pocky,12,2
324,toblerone,31,2
324,lindtlindorchocolatetruffle,1,2
324,twix,10,2
324,caramel,13,2
324,peanutmms,5,2
324,brownie,19,2
324,frostedbrownie,8,2
324,lemoncake,15,2
325,orange,11,2
325,plum,10,2
325,blackberry,14,2
325,peach,15,2
325,cherry,59,2
325,raspberry,47,2
325,apple,26,2
325,grape,40,2
325,goldendeliciousapple,18,2
325,honeydewmelon,20,2
325,kiwi,7,2
325,greenbellpepper,2,2
325,carrot,13,2
325,peanuts,2,2
325,almonds,69,2
325,baguette,40,2
325,slicedloafbread,50,2
325,boulebread,46,2
325,ryebread,19,2
325,deliturkey,27,2
325,chickentenders,65,2
325,meatballs,26,2
325,gouda,6,2
325,swisscheese,12,2
325,potatochips,28,2
325,tortillachips,37,2
325,doritos,28,2
325,ritzcracker,60,2
325,saltinecracker,32,2
325,wheatthins,22,2
325,eggrolls,23,2
325,frenchfries,98,2
325,butteredpopcorn,41,2
325,triscuits,46,2
325,wavylays,38,2
325,chocolateicecreamcone,6,2
325,strawberryicecreamcone,12,2
325,vanillasoftservecone,25,2
325,nutrigrainbar,5,2
325,churro,14,2
325,twistdonut,15,2
325,tuilecookie,53,2
325,madeleine,13,2
325,oatmealraisincookie,55,2
325,thumprintcookie,86,2
325,sugarcookie,52,2
325,vanillawafer,42,2
325,chocolatewafer,87,2
325,chocolatebark,71,2
325,darkchocolate,68,2
325,milkchocolate,62,2
325,pocky,100,2
325,toblerone,75,2
325,lindtlindorchocolatetruffle,53,2
325,twix,98,2
325,caramel,19,2
325,peanutmms,88,2
325,brownie,79,2
325,frostedbrownie,80,2
325,lemoncake,29,2
326,orange,100,2
326,plum,74,2
326,blackberry,51,2
326,peach,100,2
326,cherry,74,2
326,raspberry,50,2
326,apple,100,2
326,grape,74,2
326,goldendeliciousapple,74,2
326,honeydewmelon,51,2
326,kiwi,76,2
326,greenbellpepper,25,2
326,carrot,1,2
326,peanuts,51,2
326,almonds,75,2
326,baguette,72,2
326,slicedloafbread,50,2
326,boulebread,50,2
326,ryebread,73,2
326,deliturkey,25,2
326,chickentenders,51,2
326,meatballs,26,2
326,gouda,75,2
326,swisscheese,74,2
326,potatochips,73,2
326,tortillachips,50,2
326,doritos,50,2
326,ritzcracker,51,2
326,saltinecracker,50,2
326,wheatthins,50,2
326,eggrolls,26,2
326,frenchfries,74,2
326,butteredpopcorn,74,2
326,triscuits,50,2
326,wavylays,75,2
326,chocolateicecreamcone,100,2
326,strawberryicecreamcone,50,2
326,vanillasoftservecone,100,2
326,nutrigrainbar,50,2
326,churro,50,2
326,twistdonut,50,2
326,tuilecookie,51,2
326,madeleine,75,2
326,oatmealraisincookie,50,2
326,thumprintcookie,26,2
326,sugarcookie,51,2
326,vanillawafer,50,2
326,chocolatewafer,51,2
326,chocolatebark,50,2
326,darkchocolate,51,2
326,milkchocolate,73,2
326,pocky,75,2
326,toblerone,50,2
326,lindtlindorchocolatetruffle,50,2
326,twix,73,2
326,caramel,23,2
326,peanutmms,50,2
326,brownie,74,2
326,frostedbrownie,74,2
326,lemoncake,26,2
327,orange,59,2
327,plum,53,2
327,blackberry,67,2
327,peach,90,2
327,cherry,91,2
327,raspberry,68,2
327,apple,46,2
327,grape,25,2
327,goldendeliciousapple,42,2
327,honeydewmelon,8,2
327,kiwi,48,2
327,greenbellpepper,58,2
327,carrot,34,2
327,peanuts,46,2
327,almonds,73,2
327,baguette,47,2
327,slicedloafbread,1,2
327,boulebread,50,2
327,ryebread,52,2
327,deliturkey,8,2
327,chickentenders,61,2
327,meatballs,94,2
327,gouda,38,2
327,swisscheese,39,2
327,potatochips,37,2
327,tortillachips,51,2
327,doritos,34,2
327,ritzcracker,27,2
327,saltinecracker,32,2
327,wheatthins,50,2
327,eggrolls,100,2
327,frenchfries,33,2
327,butteredpopcorn,21,2
327,triscuits,1,2
327,wavylays,36,2
327,chocolateicecreamcone,51,2
327,strawberryicecreamcone,9,2
327,vanillasoftservecone,51,2
327,nutrigrainbar,1,2
327,churro,66,2
327,twistdonut,53,2
327,tuilecookie,33,2
327,madeleine,1,2
327,oatmealraisincookie,69,2
327,thumprintcookie,42,2
327,sugarcookie,52,2
327,vanillawafer,60,2
327,chocolatewafer,31,2
327,chocolatebark,58,2
327,darkchocolate,62,2
327,milkchocolate,95,2
327,pocky,1,2
327,toblerone,60,2
327,lindtlindorchocolatetruffle,90,2
327,twix,65,2
327,caramel,10,2
327,peanutmms,44,2
327,brownie,77,2
327,frostedbrownie,72,2
327,lemoncake,59,2
328,orange,7,2
328,plum,23,2
328,blackberry,67,2
328,peach,27,2
328,cherry,22,2
328,raspberry,76,2
328,apple,58,2
328,grape,37,2
328,goldendeliciousapple,52,2
328,honeydewmelon,41,2
328,kiwi,54,2
328,greenbellpepper,18,2
328,carrot,17,2
328,peanuts,50,2
328,almonds,25,2
328,baguette,50,2
328,slicedloafbread,14,2
328,boulebread,70,2
328,ryebread,66,2
328,deliturkey,5,2
328,chickentenders,8,2
328,meatballs,16,2
328,gouda,60,2
328,swisscheese,65,2
328,potatochips,15,2
328,tortillachips,25,2
328,doritos,24,2
328,ritzcracker,29,2
328,saltinecracker,41,2
328,wheatthins,44,2
328,eggrolls,13,2
328,frenchfries,21,2
328,butteredpopcorn,18,2
328,triscuits,58,2
328,wavylays,35,2
328,chocolateicecreamcone,13,2
328,strawberryicecreamcone,14,2
328,vanillasoftservecone,11,2
328,nutrigrainbar,47,2
328,churro,15,2
328,twistdonut,17,2
328,tuilecookie,20,2
328,madeleine,10,2
328,oatmealraisincookie,7,2
328,thumprintcookie,19,2
328,sugarcookie,22,2
328,vanillawafer,20,2
328,chocolatewafer,28,2
328,chocolatebark,45,2
328,darkchocolate,20,2
328,milkchocolate,30,2
328,pocky,21,2
328,toblerone,13,2
328,lindtlindorchocolatetruffle,17,2
328,twix,7,2
328,caramel,8,2
328,peanutmms,13,2
328,brownie,20,2
328,frostedbrownie,18,2
328,lemoncake,18,2
329,orange,57,2
329,plum,66,2
329,blackberry,77,2
329,peach,79,2
329,cherry,61,2
329,raspberry,55,2
329,apple,20,2
329,grape,61,2
329,goldendeliciousapple,48,2
329,honeydewmelon,29,2
329,kiwi,22,2
329,greenbellpepper,1,2
329,carrot,3,2
329,peanuts,59,2
329,almonds,3,2
329,baguette,30,2
329,slicedloafbread,19,2
329,boulebread,33,2
329,ryebread,61,2
329,deliturkey,20,2
329,chickentenders,22,2
329,meatballs,22,2
329,gouda,18,2
329,swisscheese,77,2
329,potatochips,28,2
329,tortillachips,3,2
329,doritos,25,2
329,ritzcracker,36,2
329,saltinecracker,28,2
329,wheatthins,39,2
329,eggrolls,37,2
329,frenchfries,31,2
329,butteredpopcorn,51,2
329,triscuits,23,2
329,wavylays,18,2
329,chocolateicecreamcone,29,2
329,strawberryicecreamcone,32,2
329,vanillasoftservecone,35,2
329,nutrigrainbar,13,2
329,churro,50,2
329,twistdonut,38,2
329,tuilecookie,33,2
329,madeleine,16,2
329,oatmealraisincookie,69,2
329,thumprintcookie,13,2
329,sugarcookie,60,2
329,vanillawafer,34,2
329,chocolatewafer,24,2
329,chocolatebark,62,2
329,darkchocolate,81,2
329,milkchocolate,78,2
329,pocky,51,2
329,toblerone,82,2
329,lindtlindorchocolatetruffle,64,2
329,twix,53,2
329,caramel,3,2
329,peanutmms,70,2
329,brownie,31,2
329,frostedbrownie,34,2
329,lemoncake,56,2
330,orange,85,2
330,plum,72,2
330,blackberry,90,2
330,peach,69,2
330,cherry,67,2
330,raspberry,90,2
330,apple,62,2
330,grape,95,2
330,goldendeliciousapple,61,2
330,honeydewmelon,71,2
330,kiwi,86,2
330,greenbellpepper,5,2
330,carrot,8,2
330,peanuts,92,2
330,almonds,94,2
330,baguette,77,2
330,slicedloafbread,61,2
330,boulebread,70,2
330,ryebread,76,2
330,deliturkey,45,2
330,chickentenders,52,2
330,meatballs,49,2
330,gouda,85,2
330,swisscheese,82,2
330,potatochips,96,2
330,tortillachips,82,2
330,doritos,86,2
330,ritzcracker,46,2
330,saltinecracker,21,2
330,wheatthins,31,2
330,eggrolls,95,2
330,frenchfries,94,2
330,butteredpopcorn,96,2
330,triscuits,17,2
330,wavylays,94,2
330,chocolateicecreamcone,65,2
330,strawberryicecreamcone,67,2
330,vanillasoftservecone,66,2
330,nutrigrainbar,60,2
330,churro,94,2
330,twistdonut,83,2
330,tuilecookie,72,2
330,madeleine,31,2
330,oatmealraisincookie,13,2
330,thumprintcookie,3,2
330,sugarcookie,3,2
330,vanillawafer,25,2
330,chocolatewafer,25,2
330,chocolatebark,57,2
330,darkchocolate,75,2
330,milkchocolate,49,2
330,pocky,23,2
330,toblerone,66,2
330,lindtlindorchocolatetruffle,90,2
330,twix,20,2
330,caramel,30,2
330,peanutmms,99,2
330,brownie,90,2
330,frostedbrownie,89,2
330,lemoncake,31,2
331,orange,82,2
331,plum,57,2
331,blackberry,64,2
331,peach,96,2
331,cherry,40,2
331,raspberry,61,2
331,apple,86,2
331,grape,80,2
331,goldendeliciousapple,84,2
331,honeydewmelon,79,2
331,kiwi,7,2
331,greenbellpepper,40,2
331,carrot,13,2
331,peanuts,81,2
331,almonds,77,2
331,baguette,74,2
331,slicedloafbread,69,2
331,boulebread,67,2
331,ryebread,49,2
331,deliturkey,78,2
331,chickentenders,85,2
331,meatballs,86,2
331,gouda,73,2
331,swisscheese,75,2
331,potatochips,73,2
331,tortillachips,33,2
331,doritos,75,2
331,ritzcracker,67,2
331,saltinecracker,61,2
331,wheatthins,64,2
331,eggrolls,84,2
331,frenchfries,98,2
331,butteredpopcorn,38,2
331,triscuits,37,2
331,wavylays,72,2
331,chocolateicecreamcone,88,2
331,strawberryicecreamcone,88,2
331,vanillasoftservecone,87,2
331,nutrigrainbar,90,2
331,churro,88,2
331,twistdonut,91,2
331,tuilecookie,78,2
331,madeleine,92,2
331,oatmealraisincookie,94,2
331,thumprintcookie,88,2
331,sugarcookie,75,2
331,vanillawafer,91,2
331,chocolatewafer,94,2
331,chocolatebark,73,2
331,darkchocolate,74,2
331,milkchocolate,94,2
331,pocky,93,2
331,toblerone,84,2
331,lindtlindorchocolatetruffle,81,2
331,twix,98,2
331,caramel,86,2
331,peanutmms,95,2
331,brownie,93,2
331,frostedbrownie,80,2
331,lemoncake,80,2
332,orange,58,2
332,plum,17,2
332,blackberry,55,2
332,peach,58,2
332,cherry,28,2
332,raspberry,49,2
332,apple,74,2
332,grape,71,2
332,goldendeliciousapple,48,2
332,honeydewmelon,17,2
332,kiwi,1,2
332,greenbellpepper,2,2
332,carrot,37,2
332,peanuts,72,2
332,almonds,58,2
332,baguette,40,2
332,slicedloafbread,8,2
332,boulebread,41,2
332,ryebread,18,2
332,deliturkey,23,2
332,chickentenders,58,2
332,meatballs,26,2
332,gouda,60,2
332,swisscheese,52,2
332,potatochips,57,2
332,tortillachips,36,2
332,doritos,33,2
332,ritzcracker,80,2
332,saltinecracker,50,2
332,wheatthins,54,2
332,eggrolls,39,2
332,frenchfries,37,2
332,butteredpopcorn,65,2
332,triscuits,1,2
332,wavylays,54,2
332,chocolateicecreamcone,100,2
332,strawberryicecreamcone,99,2
332,vanillasoftservecone,93,2
332,nutrigrainbar,14,2
332,churro,14,2
332,twistdonut,44,2
332,tuilecookie,13,2
332,madeleine,25,2
332,oatmealraisincookie,68,2
332,thumprintcookie,45,2
332,sugarcookie,24,2
332,vanillawafer,31,2
332,chocolatewafer,83,2
332,chocolatebark,98,2
332,darkchocolate,99,2
332,milkchocolate,99,2
332,pocky,70,2
332,toblerone,100,2
332,lindtlindorchocolatetruffle,100,2
332,twix,55,2
332,caramel,22,2
332,peanutmms,68,2
332,brownie,38,2
332,frostedbrownie,96,2
332,lemoncake,27,2
333,orange,26,2
333,plum,34,2
333,blackberry,74,2
333,peach,66,2
333,cherry,78,2
333,raspberry,1,2
333,apple,16,2
333,grape,10,2
333,goldendeliciousapple,9,2
333,honeydewmelon,1,2
333,kiwi,10,2
333,greenbellpepper,1,2
333,carrot,1,2
333,peanuts,8,2
333,almonds,14,2
333,baguette,66,2
333,slicedloafbread,62,2
333,boulebread,66,2
333,ryebread,73,2
333,deliturkey,27,2
333,chickentenders,80,2
333,meatballs,49,2
333,gouda,1,2
333,swisscheese,1,2
333,potatochips,83,2
333,tortillachips,66,2
333,doritos,70,2
333,ritzcracker,37,2
333,saltinecracker,49,2
333,wheatthins,51,2
333,eggrolls,22,2
333,frenchfries,72,2
333,butteredpopcorn,73,2
333,triscuits,13,2
333,wavylays,69,2
333,chocolateicecreamcone,85,2
333,strawberryicecreamcone,82,2
333,vanillasoftservecone,93,2
333,nutrigrainbar,36,2
333,churro,76,2
333,twistdonut,51,2
333,tuilecookie,50,2
333,madeleine,51,2
333,oatmealraisincookie,19,2
333,thumprintcookie,23,2
333,sugarcookie,68,2
333,vanillawafer,78,2
333,chocolatewafer,87,2
333,chocolatebark,74,2
333,darkchocolate,62,2
333,milkchocolate,89,2
333,pocky,1,2
333,toblerone,73,2
333,lindtlindorchocolatetruffle,69,2
333,twix,83,2
333,caramel,54,2
333,peanutmms,72,2
333,brownie,85,2
333,frostedbrownie,91,2
333,lemoncake,90,2
334,orange,43,2
334,plum,42,2
334,blackberry,22,2
334,peach,43,2
334,cherry,34,2
334,raspberry,18,2
334,apple,44,2
334,grape,41,2
334,goldendeliciousapple,34,2
334,honeydewmelon,18,2
334,kiwi,51,2
334,greenbellpepper,26,2
334,carrot,41,2
334,peanuts,38,2
334,almonds,43,2
334,baguette,50,2
334,slicedloafbread,51,2
334,boulebread,50,2
334,ryebread,49,2
334,deliturkey,52,2
334,chickentenders,75,2
334,meatballs,65,2
334,gouda,52,2
334,swisscheese,51,2
334,potatochips,51,2
334,tortillachips,48,2
334,doritos,44,2
334,ritzcracker,55,2
334,saltinecracker,44,2
334,wheatthins,50,2
334,eggrolls,51,2
334,frenchfries,58,2
334,butteredpopcorn,46,2
334,triscuits,34,2
334,wavylays,45,2
334,chocolateicecreamcone,67,2
334,strawberryicecreamcone,61,2
334,vanillasoftservecone,71,2
334,nutrigrainbar,40,2
334,churro,51,2
334,twistdonut,45,2
334,tuilecookie,49,2
334,madeleine,50,2
334,oatmealraisincookie,19,2
334,thumprintcookie,54,2
334,sugarcookie,55,2
334,vanillawafer,51,2
334,chocolatewafer,49,2
334,chocolatebark,44,2
334,darkchocolate,45,2
334,milkchocolate,50,2
334,pocky,51,2
334,toblerone,48,2
334,lindtlindorchocolatetruffle,45,2
334,twix,60,2
334,caramel,40,2
334,peanutmms,56,2
334,brownie,65,2
334,frostedbrownie,68,2
334,lemoncake,74,2
335,orange,10,2
335,plum,27,2
335,blackberry,22,2
335,peach,26,2
335,cherry,27,2
335,raspberry,32,2
335,apple,44,2
335,grape,21,2
335,goldendeliciousapple,34,2
335,honeydewmelon,28,2
335,kiwi,26,2
335,greenbellpepper,1,2
335,carrot,21,2
335,peanuts,93,2
335,almonds,97,2
335,baguette,73,2
335,slicedloafbread,51,2
335,boulebread,71,2
335,ryebread,61,2
335,deliturkey,43,2
335,chickentenders,56,2
335,meatballs,53,2
335,gouda,96,2
335,swisscheese,95,2
335,potatochips,40,2
335,tortillachips,60,2
335,doritos,49,2
335,ritzcracker,49,2
335,saltinecracker,62,2
335,wheatthins,56,2
335,eggrolls,46,2
335,frenchfries,55,2
335,butteredpopcorn,52,2
335,triscuits,60,2
335,wavylays,38,2
335,chocolateicecreamcone,18,2
335,strawberryicecreamcone,24,2
335,vanillasoftservecone,25,2
335,nutrigrainbar,46,2
335,churro,54,2
335,twistdonut,45,2
335,tuilecookie,14,2
335,madeleine,21,2
335,oatmealraisincookie,50,2
335,thumprintcookie,18,2
335,sugarcookie,34,2
335,vanillawafer,5,2
335,chocolatewafer,11,2
335,chocolatebark,15,2
335,darkchocolate,14,2
335,milkchocolate,11,2
335,pocky,9,2
335,toblerone,38,2
335,lindtlindorchocolatetruffle,22,2
335,twix,27,2
335,caramel,10,2
335,peanutmms,64,2
335,brownie,14,2
335,frostedbrownie,29,2
335,lemoncake,7,2
336,orange,56,2
336,plum,26,2
336,blackberry,5,2
336,peach,46,2
336,cherry,27,2
336,raspberry,4,2
336,apple,35,2
336,grape,42,2
336,goldendeliciousapple,34,2
336,honeydewmelon,1,2
336,kiwi,1,2
336,greenbellpepper,2,2
336,carrot,2,2
336,peanuts,7,2
336,almonds,2,2
336,baguette,40,2
336,slicedloafbread,42,2
336,boulebread,24,2
336,ryebread,8,2
336,deliturkey,41,2
336,chickentenders,70,2
336,meatballs,97,2
336,gouda,16,2
336,swisscheese,19,2
336,potatochips,80,2
336,tortillachips,31,2
336,doritos,34,2
336,ritzcracker,26,2
336,saltinecracker,38,2
336,wheatthins,8,2
336,eggrolls,67,2
336,frenchfries,71,2
336,butteredpopcorn,8,2
336,triscuits,2,2
336,wavylays,46,2
336,chocolateicecreamcone,78,2
336,strawberryicecreamcone,57,2
336,vanillasoftservecone,93,2
336,nutrigrainbar,3,2
336,churro,68,2
336,twistdonut,99,2
336,tuilecookie,18,2
336,madeleine,59,2
336,oatmealraisincookie,73,2
336,thumprintcookie,37,2
336,sugarcookie,82,2
336,vanillawafer,2,2
336,chocolatewafer,7,2
336,chocolatebark,9,2
336,darkchocolate,89,2
336,milkchocolate,88,2
336,pocky,2,2
336,toblerone,27,2
336,lindtlindorchocolatetruffle,62,2
336,twix,3,2
336,caramel,2,2
336,peanutmms,35,2
336,brownie,65,2
336,frostedbrownie,71,2
336,lemoncake,64,2
337,orange,84,2
337,plum,19,2
337,blackberry,50,2
337,peach,9,2
337,cherry,70,2
337,raspberry,68,2
337,apple,58,2
337,grape,47,2
337,goldendeliciousapple,32,2
337,honeydewmelon,8,2
337,kiwi,74,2
337,greenbellpepper,1,2
337,carrot,1,2
337,peanuts,81,2
337,almonds,35,2
337,baguette,68,2
337,slicedloafbread,30,2
337,boulebread,83,2
337,ryebread,59,2
337,deliturkey,73,2
337,chickentenders,78,2
337,meatballs,69,2
337,gouda,79,2
337,swisscheese,80,2
337,potatochips,75,2
337,tortillachips,68,2
337,doritos,69,2
337,ritzcracker,65,2
337,saltinecracker,52,2
337,wheatthins,75,2
337,eggrolls,83,2
337,frenchfries,86,2
337,butteredpopcorn,74,2
337,triscuits,58,2
337,wavylays,58,2
337,chocolateicecreamcone,11,2
337,strawberryicecreamcone,11,2
337,vanillasoftservecone,2,2
337,nutrigrainbar,75,2
337,churro,69,2
337,twistdonut,70,2
337,tuilecookie,65,2
337,madeleine,69,2
337,oatmealraisincookie,25,2
337,thumprintcookie,47,2
337,sugarcookie,61,2
337,vanillawafer,91,2
337,chocolatewafer,33,2
337,chocolatebark,36,2
337,darkchocolate,33,2
337,milkchocolate,21,2
337,pocky,63,2
337,toblerone,33,2
337,lindtlindorchocolatetruffle,10,2
337,twix,60,2
337,caramel,75,2
337,peanutmms,42,2
337,brownie,35,2
337,frostedbrownie,23,2
337,lemoncake,89,2
338,orange,78,2
338,plum,76,2
338,blackberry,73,2
338,peach,72,2
338,cherry,99,2
338,raspberry,79,2
338,apple,79,2
338,grape,78,2
338,goldendeliciousapple,67,2
338,honeydewmelon,68,2
338,kiwi,68,2
338,greenbellpepper,52,2
338,carrot,62,2
338,peanuts,74,2
338,almonds,67,2
338,baguette,98,2
338,slicedloafbread,58,2
338,boulebread,77,2
338,ryebread,99,2
338,deliturkey,60,2
338,chickentenders,60,2
338,meatballs,70,2
338,gouda,61,2
338,swisscheese,55,2
338,potatochips,99,2
338,tortillachips,75,2
338,doritos,51,2
338,ritzcracker,53,2
338,saltinecracker,65,2
338,wheatthins,75,2
338,eggrolls,67,2
338,frenchfries,99,2
338,butteredpopcorn,99,2
338,triscuits,59,2
338,wavylays,99,2
338,chocolateicecreamcone,99,2
338,strawberryicecreamcone,98,2
338,vanillasoftservecone,85,2
338,nutrigrainbar,77,2
338,churro,98,2
338,twistdonut,99,2
338,tuilecookie,99,2
338,madeleine,59,2
338,oatmealraisincookie,69,2
338,thumprintcookie,61,2
338,sugarcookie,64,2
338,vanillawafer,72,2
338,chocolatewafer,99,2
338,chocolatebark,99,2
338,darkchocolate,99,2
338,milkchocolate,99,2
338,pocky,98,2
338,toblerone,99,2
338,lindtlindorchocolatetruffle,99,2
338,twix,100,2
338,caramel,81,2
338,peanutmms,100,2
338,brownie,99,2
338,frostedbrownie,83,2
338,lemoncake,76,2
339,orange,48,2
339,plum,40,2
339,blackberry,26,2
339,peach,56,2
339,cherry,16,2
339,raspberry,9,2
339,apple,53,2
339,grape,22,2
339,goldendeliciousapple,37,2
339,honeydewmelon,31,2
339,kiwi,2,2
339,greenbellpepper,2,2
339,carrot,5,2
339,peanuts,60,2
339,almonds,46,2
339,baguette,29,2
339,slicedloafbread,11,2
339,boulebread,7,2
339,ryebread,7,2
339,deliturkey,32,2
339,chickentenders,46,2
339,meatballs,50,2
339,gouda,22,2
339,swisscheese,21,2
339,potatochips,40,2
339,tortillachips,40,2
339,doritos,32,2
339,ritzcracker,47,2
339,saltinecracker,47,2
339,wheatthins,48,2
339,eggrolls,12,2
339,frenchfries,62,2
339,butteredpopcorn,51,2
339,triscuits,22,2
339,wavylays,32,2
339,chocolateicecreamcone,75,2
339,strawberryicecreamcone,74,2
339,vanillasoftservecone,73,2
339,nutrigrainbar,61,2
339,churro,25,2
339,twistdonut,14,2
339,tuilecookie,5,2
339,madeleine,54,2
339,oatmealraisincookie,66,2
339,thumprintcookie,34,2
339,sugarcookie,54,2
339,vanillawafer,34,2
339,chocolatewafer,84,2
339,chocolatebark,66,2
339,darkchocolate,79,2
339,milkchocolate,80,2
339,pocky,2,2
339,toblerone,69,2
339,lindtlindorchocolatetruffle,84,2
339,twix,82,2
339,caramel,53,2
339,peanutmms,75,2
339,brownie,85,2
339,frostedbrownie,89,2
339,lemoncake,82,2
340,orange,97,2
340,plum,98,2
340,blackberry,96,2
340,peach,98,2
340,cherry,11,2
340,raspberry,89,2
340,apple,85,2
340,grape,2,2
340,goldendeliciousapple,92,2
340,honeydewmelon,1,2
340,kiwi,2,2
340,greenbellpepper,73,2
340,carrot,70,2
340,peanuts,2,2
340,almonds,1,2
340,baguette,81,2
340,slicedloafbread,83,2
340,boulebread,63,2
340,ryebread,64,2
340,deliturkey,77,2
340,chickentenders,37,2
340,meatballs,10,2
340,gouda,50,2
340,swisscheese,69,2
340,potatochips,36,2
340,tortillachips,2,2
340,doritos,2,2
340,ritzcracker,67,2
340,saltinecracker,50,2
340,wheatthins,2,2
340,eggrolls,23,2
340,frenchfries,27,2
340,butteredpopcorn,50,2
340,triscuits,1,2
340,wavylays,36,2
340,chocolateicecreamcone,93,2
340,strawberryicecreamcone,71,2
340,vanillasoftservecone,71,2
340,nutrigrainbar,2,2
340,churro,34,2
340,twistdonut,64,2
340,tuilecookie,26,2
340,madeleine,47,2
340,oatmealraisincookie,2,2
340,thumprintcookie,71,2
340,sugarcookie,26,2
340,vanillawafer,20,2
340,chocolatewafer,16,2
340,chocolatebark,2,2
340,darkchocolate,21,2
340,milkchocolate,64,2
340,pocky,56,2
340,toblerone,35,2
340,lindtlindorchocolatetruffle,3,2
340,twix,2,2
340,caramel,22,2
340,peanutmms,1,2
340,brownie,22,2
340,frostedbrownie,19,2
340,lemoncake,69,2
341,orange,76,2
341,plum,69,2
341,blackberry,65,2
341,peach,70,2
341,cherry,64,2
341,raspberry,60,2
341,apple,69,2
341,grape,67,2
341,goldendeliciousapple,63,2
341,honeydewmelon,29,2
341,kiwi,53,2
341,greenbellpepper,6,2
341,carrot,33,2
341,peanuts,65,2
341,almonds,82,2
341,baguette,50,2
341,slicedloafbread,27,2
341,boulebread,41,2
341,ryebread,39,2
341,deliturkey,47,2
341,chickentenders,73,2
341,meatballs,62,2
341,gouda,22,2
341,swisscheese,28,2
341,potatochips,99,2
341,tortillachips,77,2
341,doritos,95,2
341,ritzcracker,41,2
341,saltinecracker,40,2
341,wheatthins,35,2
341,eggrolls,58,2
341,frenchfries,97,2
341,butteredpopcorn,49,2
341,triscuits,18,2
341,wavylays,97,2
341,chocolateicecreamcone,98,2
341,strawberryicecreamcone,97,2
341,vanillasoftservecone,95,2
341,nutrigrainbar,18,2
341,churro,75,2
341,twistdonut,65,2
341,tuilecookie,94,2
341,madeleine,74,2
341,oatmealraisincookie,87,2
341,thumprintcookie,31,2
341,sugarcookie,88,2
341,vanillawafer,73,2
341,chocolatewafer,76,2
341,chocolatebark,99,2
341,darkchocolate,79,2
341,milkchocolate,81,2
341,pocky,98,2
341,toblerone,63,2
341,lindtlindorchocolatetruffle,78,2
341,twix,99,2
341,caramel,89,2
341,peanutmms,91,2
341,brownie,84,2
341,frostedbrownie,79,2
341,lemoncake,97,2
342,orange,98,2
342,plum,96,2
342,blackberry,97,2
342,peach,91,2
342,cherry,84,2
342,raspberry,99,2
342,apple,88,2
342,grape,95,2
342,goldendeliciousapple,78,2
342,honeydewmelon,91,2
342,kiwi,50,2
342,greenbellpepper,4,2
342,carrot,54,2
342,peanuts,91,2
342,almonds,56,2
342,baguette,44,2
342,slicedloafbread,50,2
342,boulebread,55,2
342,ryebread,52,2
342,deliturkey,57,2
342,chickentenders,96,2
342,meatballs,17,2
342,gouda,80,2
342,swisscheese,82,2
342,potatochips,49,2
342,tortillachips,11,2
342,doritos,31,2
342,ritzcracker,84,2
342,saltinecracker,47,2
342,wheatthins,52,2
342,eggrolls,74,2
342,frenchfries,8,2
342,butteredpopcorn,52,2
342,triscuits,14,2
342,wavylays,68,2
342,chocolateicecreamcone,21,2
342,strawberryicecreamcone,35,2
342,vanillasoftservecone,26,2
342,nutrigrainbar,56,2
342,churro,54,2
342,twistdonut,90,2
342,tuilecookie,5,2
342,madeleine,42,2
342,oatmealraisincookie,57,2
342,thumprintcookie,92,2
342,sugarcookie,27,2
342,vanillawafer,14,2
342,chocolatewafer,2,2
342,chocolatebark,1,2
342,darkchocolate,3,2
342,milkchocolate,10,2
342,pocky,1,2
342,toblerone,4,2
342,lindtlindorchocolatetruffle,6,2
342,twix,4,2
342,caramel,11,2
342,peanutmms,12,2
342,brownie,94,2
342,frostedbrownie,79,2
342,lemoncake,7,2
343,orange,59,2
343,plum,39,2
343,blackberry,56,2
343,peach,37,2
343,cherry,29,2
343,raspberry,56,2
343,apple,49,2
343,grape,43,2
343,goldendeliciousapple,44,2
343,honeydewmelon,49,2
343,kiwi,47,2
343,greenbellpepper,61,2
343,carrot,61,2
343,peanuts,36,2
343,almonds,31,2
343,baguette,66,2
343,slicedloafbread,47,2
343,boulebread,53,2
343,ryebread,52,2
343,deliturkey,61,2
343,chickentenders,46,2
343,meatballs,68,2
343,gouda,53,2
343,swisscheese,41,2
343,potatochips,37,2
343,tortillachips,31,2
343,doritos,52,2
343,ritzcracker,32,2
343,saltinecracker,50,2
343,wheatthins,36,2
343,eggrolls,29,2
343,frenchfries,44,2
343,butteredpopcorn,29,2
343,triscuits,63,2
343,wavylays,54,2
343,chocolateicecreamcone,48,2
343,strawberryicecreamcone,53,2
343,vanillasoftservecone,55,2
343,nutrigrainbar,52,2
343,churro,50,2
343,twistdonut,62,2
343,tuilecookie,30,2
343,madeleine,36,2
343,oatmealraisincookie,47,2
343,thumprintcookie,49,2
343,sugarcookie,49,2
343,vanillawafer,53,2
343,chocolatewafer,62,2
343,chocolatebark,48,2
343,darkchocolate,51,2
343,milkchocolate,36,2
343,pocky,47,2
343,toblerone,43,2
343,lindtlindorchocolatetruffle,20,2
343,twix,75,2
343,caramel,52,2
343,peanutmms,61,2
343,brownie,58,2
343,frostedbrownie,28,2
343,lemoncake,44,2
344,orange,65,2
344,plum,48,2
344,blackberry,19,2
344,peach,52,2
344,cherry,60,2
344,raspberry,54,2
344,apple,68,2
344,grape,61,2
344,goldendeliciousapple,56,2
344,honeydewmelon,43,2
344,kiwi,25,2
344,greenbellpepper,36,2
344,carrot,44,2
344,peanuts,53,2
344,almonds,84,2
344,baguette,55,2
344,slicedloafbread,37,2
344,boulebread,45,2
344,ryebread,47,2
344,deliturkey,42,2
344,chickentenders,21,2
344,meatballs,28,2
344,gouda,23,2
344,swisscheese,19,2
344,potatochips,26,2
344,tortillachips,31,2
344,doritos,36,2
344,ritzcracker,33,2
344,saltinecracker,22,2
344,wheatthins,46,2
344,eggrolls,21,2
344,frenchfries,14,2
344,butteredpopcorn,23,2
344,triscuits,70,2
344,wavylays,21,2
344,chocolateicecreamcone,25,2
344,strawberryicecreamcone,34,2
344,vanillasoftservecone,31,2
344,nutrigrainbar,28,2
344,churro,30,2
344,twistdonut,26,2
344,tuilecookie,68,2
344,madeleine,34,2
344,oatmealraisincookie,34,2
344,thumprintcookie,30,2
344,sugarcookie,37,2
344,vanillawafer,22,2
344,chocolatewafer,36,2
344,chocolatebark,20,2
344,darkchocolate,23,2
344,milkchocolate,27,2
344,pocky,66,2
344,toblerone,21,2
344,lindtlindorchocolatetruffle,28,2
344,twix,33,2
344,caramel,34,2
344,peanutmms,14,2
344,brownie,21,2
344,frostedbrownie,28,2
344,lemoncake,17,2
345,orange,79,2
345,plum,21,2
345,blackberry,78,2
345,peach,36,2
345,cherry,77,2
345,raspberry,82,2
345,apple,71,2
345,grape,89,2
345,goldendeliciousapple,62,2
345,honeydewmelon,53,2
345,kiwi,52,2
345,greenbellpepper,47,2
345,carrot,59,2
345,peanuts,65,2
345,almonds,56,2
345,baguette,35,2
345,slicedloafbread,36,2
345,boulebread,42,2
345,ryebread,35,2
345,deliturkey,79,2
345,chickentenders,86,2
345,meatballs,81,2
345,gouda,75,2
345,swisscheese,78,2
345,potatochips,81,2
345,tortillachips,76,2
345,doritos,56,2
345,ritzcracker,44,2
345,saltinecracker,37,2
345,wheatthins,32,2
345,eggrolls,69,2
345,frenchfries,1,2
345,butteredpopcorn,52,2
345,triscuits,65,2
345,wavylays,80,2
345,chocolateicecreamcone,60,2
345,strawberryicecreamcone,61,2
345,vanillasoftservecone,65,2
345,nutrigrainbar,47,2
345,churro,55,2
345,twistdonut,39,2
345,tuilecookie,31,2
345,madeleine,27,2
345,oatmealraisincookie,37,2
345,thumprintcookie,40,2
345,sugarcookie,29,2
345,vanillawafer,34,2
345,chocolatewafer,63,2
345,chocolatebark,64,2
345,darkchocolate,61,2
345,milkchocolate,71,2
345,pocky,60,2
345,toblerone,56,2
345,lindtlindorchocolatetruffle,69,2
345,twix,59,2
345,caramel,60,2
345,peanutmms,52,2
345,brownie,74,2
345,frostedbrownie,71,2
345,lemoncake,40,2
346,orange,100,2
346,plum,100,2
346,blackberry,100,2
346,peach,100,2
346,cherry,100,2
346,raspberry,100,2
346,apple,99,2
346,grape,100,2
346,goldendeliciousapple,100,2
346,honeydewmelon,100,2
346,kiwi,100,2
346,greenbellpepper,100,2
346,carrot,100,2
346,peanuts,100,2
346,almonds,99,2
346,baguette,33,2
346,slicedloafbread,8,2
346,boulebread,24,2
346,ryebread,70,2
346,deliturkey,82,2
346,chickentenders,44,2
346,meatballs,82,2
346,gouda,27,2
346,swisscheese,72,2
346,potatochips,1,2
346,tortillachips,1,2
346,doritos,1,2
346,ritzcracker,20,2
346,saltinecracker,13,2
346,wheatthins,33,2
346,eggrolls,32,2
346,frenchfries,12,2
346,butteredpopcorn,1,2
346,triscuits,1,2
346,wavylays,1,2
346,chocolateicecreamcone,1,2
346,strawberryicecreamcone,1,2
346,vanillasoftservecone,1,2
346,nutrigrainbar,8,2
346,churro,1,2
346,twistdonut,1,2
346,tuilecookie,1,2
346,madeleine,2,2
346,oatmealraisincookie,1,2
346,thumprintcookie,1,2
346,sugarcookie,1,2
346,vanillawafer,1,2
346,chocolatewafer,1,2
346,chocolatebark,1,2
346,darkchocolate,1,2
346,milkchocolate,1,2
346,pocky,1,2
346,toblerone,1,2
346,lindtlindorchocolatetruffle,1,2
346,twix,1,2
346,caramel,1,2
346,peanutmms,1,2
346,brownie,2,2
346,frostedbrownie,1,2
346,lemoncake,1,2
347,orange,42,2
347,plum,3,2
347,blackberry,2,2
347,peach,2,2
347,cherry,2,2
347,raspberry,2,2
347,apple,1,2
347,grape,41,2
347,goldendeliciousapple,1,2
347,honeydewmelon,2,2
347,kiwi,3,2
347,greenbellpepper,2,2
347,carrot,2,2
347,peanuts,2,2
347,almonds,2,2
347,baguette,2,2
347,slicedloafbread,2,2
347,boulebread,2,2
347,ryebread,1,2
347,deliturkey,1,2
347,chickentenders,83,2
347,meatballs,2,2
347,gouda,2,2
347,swisscheese,77,2
347,potatochips,1,2
347,tortillachips,42,2
347,doritos,56,2
347,ritzcracker,54,2
347,saltinecracker,47,2
347,wheatthins,24,2
347,eggrolls,57,2
347,frenchfries,57,2
347,butteredpopcorn,64,2
347,triscuits,2,2
347,wavylays,58,2
347,chocolateicecreamcone,1,2
347,strawberryicecreamcone,2,2
347,vanillasoftservecone,3,2
347,nutrigrainbar,2,2
347,churro,2,2
347,twistdonut,2,2
347,tuilecookie,2,2
347,madeleine,1,2
347,oatmealraisincookie,30,2
347,thumprintcookie,2,2
347,sugarcookie,1,2
347,vanillawafer,47,2
347,chocolatewafer,15,2
347,chocolatebark,2,2
347,darkchocolate,2,2
347,milkchocolate,1,2
347,pocky,2,2
347,toblerone,1,2
347,lindtlindorchocolatetruffle,2,2
347,twix,1,2
347,caramel,2,2
347,peanutmms,2,2
347,brownie,2,2
347,frostedbrownie,24,2
347,lemoncake,2,2
348,orange,1,2
348,plum,76,2
348,blackberry,99,2
348,peach,95,2
348,cherry,95,2
348,raspberry,99,2
348,apple,87,2
348,grape,98,2
348,goldendeliciousapple,2,2
348,honeydewmelon,71,2
348,kiwi,2,2
348,greenbellpepper,41,2
348,carrot,51,2
348,peanuts,54,2
348,almonds,99,2
348,baguette,72,2
348,slicedloafbread,59,2
348,boulebread,69,2
348,ryebread,71,2
348,deliturkey,1,2
348,chickentenders,1,2
348,meatballs,1,2
348,gouda,53,2
348,swisscheese,91,2
348,potatochips,80,2
348,tortillachips,63,2
348,doritos,66,2
348,ritzcracker,48,2
348,saltinecracker,40,2
348,wheatthins,34,2
348,eggrolls,33,2
348,frenchfries,81,2
348,butteredpopcorn,83,2
348,triscuits,3,2
348,wavylays,66,2
348,chocolateicecreamcone,2,2
348,strawberryicecreamcone,2,2
348,vanillasoftservecone,1,2
348,nutrigrainbar,11,2
348,churro,37,2
348,twistdonut,42,2
348,tuilecookie,52,2
348,madeleine,28,2
348,oatmealraisincookie,16,2
348,thumprintcookie,17,2
348,sugarcookie,52,2
348,vanillawafer,51,2
348,chocolatewafer,57,2
348,chocolatebark,41,2
348,darkchocolate,17,2
348,milkchocolate,22,2
348,pocky,86,2
348,toblerone,2,2
348,lindtlindorchocolatetruffle,4,2
348,twix,83,2
348,caramel,64,2
348,peanutmms,2,2
348,brownie,44,2
348,frostedbrownie,50,2
348,lemoncake,60,2
349,orange,9,2
349,plum,1,2
349,blackberry,7,2
349,peach,1,2
349,cherry,9,2
349,raspberry,6,2
349,apple,52,2
349,grape,55,2
349,goldendeliciousapple,70,2
349,honeydewmelon,1,2
349,kiwi,1,2
349,greenbellpepper,7,2
349,carrot,7,2
349,peanuts,45,2
349,almonds,49,2
349,baguette,62,2
349,slicedloafbread,58,2
349,boulebread,52,2
349,ryebread,41,2
349,deliturkey,56,2
349,chickentenders,100,2
349,meatballs,47,2
349,gouda,42,2
349,swisscheese,64,2
349,potatochips,100,2
349,tortillachips,100,2
349,doritos,100,2
349,ritzcracker,63,2
349,saltinecracker,63,2
349,wheatthins,60,2
349,eggrolls,49,2
349,frenchfries,95,2
349,butteredpopcorn,84,2
349,triscuits,38,2
349,wavylays,100,2
349,chocolateicecreamcone,78,2
349,strawberryicecreamcone,78,2
349,vanillasoftservecone,95,2
349,nutrigrainbar,51,2
349,churro,90,2
349,twistdonut,79,2
349,tuilecookie,44,2
349,madeleine,48,2
349,oatmealraisincookie,56,2
349,thumprintcookie,67,2
349,sugarcookie,53,2
349,vanillawafer,83,2
349,chocolatewafer,100,2
349,chocolatebark,61,2
349,darkchocolate,69,2
349,milkchocolate,81,2
349,pocky,59,2
349,toblerone,86,2
349,lindtlindorchocolatetruffle,68,2
349,twix,87,2
349,caramel,56,2
349,peanutmms,100,2
349,brownie,82,2
349,frostedbrownie,87,2
349,lemoncake,100,2
350,orange,99,2
350,plum,74,2
350,blackberry,100,2
350,peach,67,2
350,cherry,52,2
350,raspberry,99,2
350,apple,8,2
350,grape,98,2
350,goldendeliciousapple,95,2
350,honeydewmelon,24,2
350,kiwi,100,2
350,greenbellpepper,1,2
350,carrot,1,2
350,peanuts,53,2
350,almonds,79,2
350,baguette,26,2
350,slicedloafbread,17,2
350,boulebread,28,2
350,ryebread,11,2
350,deliturkey,80,2
350,chickentenders,99,2
350,meatballs,97,2
350,gouda,79,2
350,swisscheese,9,2
350,potatochips,95,2
350,tortillachips,2,2
350,doritos,5,2
350,ritzcracker,19,2
350,saltinecracker,12,2
350,wheatthins,8,2
350,eggrolls,99,2
350,frenchfries,99,2
350,butteredpopcorn,82,2
350,triscuits,9,2
350,wavylays,99,2
350,chocolateicecreamcone,2,2
350,strawberryicecreamcone,1,2
350,vanillasoftservecone,1,2
350,nutrigrainbar,1,2
350,churro,3,2
350,twistdonut,96,2
350,tuilecookie,9,2
350,madeleine,83,2
350,oatmealraisincookie,91,2
350,thumprintcookie,88,2
350,sugarcookie,95,2
350,vanillawafer,84,2
350,chocolatewafer,90,2
350,chocolatebark,82,2
350,darkchocolate,6,2
350,milkchocolate,63,2
350,pocky,3,2
350,toblerone,35,2
350,lindtlindorchocolatetruffle,8,2
350,twix,85,2
350,caramel,1,2
350,peanutmms,1,2
350,brownie,99,2
350,frostedbrownie,97,2
350,lemoncake,94,2
351,orange,30,2
351,plum,28,2
351,blackberry,40,2
351,peach,3,2
351,cherry,29,2
351,raspberry,41,2
351,apple,20,2
351,grape,39,2
351,goldendeliciousapple,18,2
351,honeydewmelon,2,2
351,kiwi,8,2
351,greenbellpepper,4,2
351,carrot,34,2
351,peanuts,39,2
351,almonds,43,2
351,baguette,74,2
351,slicedloafbread,32,2
351,boulebread,42,2
351,ryebread,22,2
351,deliturkey,18,2
351,chickentenders,91,2
351,meatballs,47,2
351,gouda,32,2
351,swisscheese,65,2
351,potatochips,68,2
351,tortillachips,52,2
351,doritos,51,2
351,ritzcracker,51,2
351,saltinecracker,52,2
351,wheatthins,46,2
351,eggrolls,66,2
351,frenchfries,64,2
351,butteredpopcorn,32,2
351,triscuits,31,2
351,wavylays,44,2
351,chocolateicecreamcone,64,2
351,strawberryicecreamcone,69,2
351,vanillasoftservecone,65,2
351,nutrigrainbar,18,2
351,churro,81,2
351,twistdonut,48,2
351,tuilecookie,52,2
351,madeleine,56,2
351,oatmealraisincookie,13,2
351,thumprintcookie,39,2
351,sugarcookie,65,2
351,vanillawafer,73,2
351,chocolatewafer,33,2
351,chocolatebark,73,2
351,darkchocolate,72,2
351,milkchocolate,83,2
351,pocky,48,2
351,toblerone,65,2
351,lindtlindorchocolatetruffle,26,2
351,twix,80,2
351,caramel,52,2
351,peanutmms,67,2
351,brownie,74,2
351,frostedbrownie,96,2
351,lemoncake,81,2
352,orange,69,2
352,plum,48,2
352,blackberry,49,2
352,peach,48,2
352,cherry,44,2
352,raspberry,59,2
352,apple,34,2
352,grape,50,2
352,goldendeliciousapple,32,2
352,honeydewmelon,50,2
352,kiwi,36,2
352,greenbellpepper,10,2
352,carrot,38,2
352,peanuts,66,2
352,almonds,24,2
352,baguette,35,2
352,slicedloafbread,21,2
352,boulebread,23,2
352,ryebread,25,2
352,deliturkey,52,2
352,chickentenders,71,2
352,meatballs,78,2
352,gouda,55,2
352,swisscheese,59,2
352,potatochips,71,2
352,tortillachips,24,2
352,doritos,68,2
352,ritzcracker,34,2
352,saltinecracker,34,2
352,wheatthins,19,2
352,eggrolls,77,2
352,frenchfries,84,2
352,butteredpopcorn,72,2
352,triscuits,20,2
352,wavylays,65,2
352,chocolateicecreamcone,72,2
352,strawberryicecreamcone,63,2
352,vanillasoftservecone,74,2
352,nutrigrainbar,68,2
352,churro,80,2
352,twistdonut,31,2
352,tuilecookie,60,2
352,madeleine,61,2
352,oatmealraisincookie,68,2
352,thumprintcookie,37,2
352,sugarcookie,43,2
352,vanillawafer,82,2
352,chocolatewafer,94,2
352,chocolatebark,33,2
352,darkchocolate,97,2
352,milkchocolate,94,2
352,pocky,68,2
352,toblerone,96,2
352,lindtlindorchocolatetruffle,85,2
352,twix,80,2
352,caramel,9,2
352,peanutmms,59,2
352,brownie,86,2
352,frostedbrownie,95,2
352,lemoncake,78,2
353,orange,66,2
353,plum,18,2
353,blackberry,6,2
353,peach,64,2
353,cherry,17,2
353,raspberry,10,2
353,apple,65,2
353,grape,61,2
353,goldendeliciousapple,59,2
353,honeydewmelon,13,2
353,kiwi,5,2
353,greenbellpepper,21,2
353,carrot,63,2
353,peanuts,69,2
353,almonds,62,2
353,baguette,65,2
353,slicedloafbread,34,2
353,boulebread,46,2
353,ryebread,46,2
353,deliturkey,44,2
353,chickentenders,68,2
353,meatballs,74,2
353,gouda,13,2
353,swisscheese,8,2
353,potatochips,64,2
353,tortillachips,65,2
353,doritos,62,2
353,ritzcracker,51,2
353,saltinecracker,64,2
353,wheatthins,26,2
353,eggrolls,76,2
353,frenchfries,76,2
353,butteredpopcorn,70,2
353,triscuits,24,2
353,wavylays,64,2
353,chocolateicecreamcone,66,2
353,strawberryicecreamcone,67,2
353,vanillasoftservecone,63,2
353,nutrigrainbar,16,2
353,churro,69,2
353,twistdonut,69,2
353,tuilecookie,40,2
353,madeleine,23,2
353,oatmealraisincookie,51,2
353,thumprintcookie,60,2
353,sugarcookie,23,2
353,vanillawafer,40,2
353,chocolatewafer,74,2
353,chocolatebark,75,2
353,darkchocolate,60,2
353,milkchocolate,64,2
353,pocky,65,2
353,toblerone,65,2
353,lindtlindorchocolatetruffle,61,2
353,twix,73,2
353,caramel,13,2
353,peanutmms,65,2
353,brownie,34,2
353,frostedbrownie,40,2
353,lemoncake,36,2
354,orange,87,2
354,plum,56,2
354,blackberry,93,2
354,peach,59,2
354,cherry,66,2
354,raspberry,92,2
354,apple,72,2
354,grape,76,2
354,goldendeliciousapple,64,2
354,honeydewmelon,40,2
354,kiwi,56,2
354,greenbellpepper,31,2
354,carrot,53,2
354,peanuts,55,2
354,almonds,63,2
354,baguette,3,2
354,slicedloafbread,6,2
354,boulebread,5,2
354,ryebread,1,2
354,deliturkey,100,2
354,chickentenders,60,2
354,meatballs,71,2
354,gouda,6,2
354,swisscheese,10,2
354,potatochips,24,2
354,tortillachips,5,2
354,doritos,17,2
354,ritzcracker,19,2
354,saltinecracker,8,2
354,wheatthins,19,2
354,eggrolls,5,2
354,frenchfries,34,2
354,butteredpopcorn,50,2
354,triscuits,25,2
354,wavylays,33,2
354,chocolateicecreamcone,39,2
354,strawberryicecreamcone,23,2
354,vanillasoftservecone,10,2
354,nutrigrainbar,63,2
354,churro,1,2
354,twistdonut,1,2
354,tuilecookie,4,2
354,madeleine,6,2
354,oatmealraisincookie,6,2
354,thumprintcookie,17,2
354,sugarcookie,4,2
354,vanillawafer,14,2
354,chocolatewafer,25,2
354,chocolatebark,58,2
354,darkchocolate,75,2
354,milkchocolate,74,2
354,pocky,60,2
354,toblerone,78,2
354,lindtlindorchocolatetruffle,78,2
354,twix,51,2
354,caramel,1,2
354,peanutmms,20,2
354,brownie,63,2
354,frostedbrownie,64,2
354,lemoncake,5,2
355,orange,64,2
355,plum,29,2
355,blackberry,84,2
355,peach,47,2
355,cherry,64,2
355,raspberry,79,2
355,apple,23,2
355,grape,77,2
355,goldendeliciousapple,24,2
355,honeydewmelon,3,2
355,kiwi,65,2
355,greenbellpepper,1,2
355,carrot,45,2
355,peanuts,28,2
355,almonds,75,2
355,baguette,45,2
355,slicedloafbread,24,2
355,boulebread,22,2
355,ryebread,24,2
355,deliturkey,27,2
355,chickentenders,39,2
355,meatballs,9,2
355,gouda,76,2
355,swisscheese,74,2
355,potatochips,17,2
355,tortillachips,42,2
355,doritos,25,2
355,ritzcracker,29,2
355,saltinecracker,34,2
355,wheatthins,31,2
355,eggrolls,25,2
355,frenchfries,31,2
355,butteredpopcorn,50,2
355,triscuits,30,2
355,wavylays,25,2
355,chocolateicecreamcone,24,2
355,strawberryicecreamcone,24,2
355,vanillasoftservecone,38,2
355,nutrigrainbar,30,2
355,churro,53,2
355,twistdonut,51,2
355,tuilecookie,23,2
355,madeleine,15,2
355,oatmealraisincookie,24,2
355,thumprintcookie,41,2
355,sugarcookie,34,2
355,vanillawafer,27,2
355,chocolatewafer,60,2
355,chocolatebark,74,2
355,darkchocolate,74,2
355,milkchocolate,74,2
355,pocky,89,2
355,toblerone,66,2
355,lindtlindorchocolatetruffle,85,2
355,twix,79,2
355,caramel,38,2
355,peanutmms,78,2
355,brownie,52,2
355,frostedbrownie,72,2
355,lemoncake,60,2
356,orange,73,2
356,plum,77,2
356,blackberry,98,2
356,peach,77,2
356,cherry,92,2
356,raspberry,99,2
356,apple,54,2
356,grape,71,2
356,goldendeliciousapple,58,2
356,honeydewmelon,62,2
356,kiwi,73,2
356,greenbellpepper,70,2
356,carrot,82,2
356,peanuts,57,2
356,almonds,99,2
356,baguette,99,2
356,slicedloafbread,20,2
356,boulebread,63,2
356,ryebread,67,2
356,deliturkey,24,2
356,chickentenders,18,2
356,meatballs,54,2
356,gouda,79,2
356,swisscheese,80,2
356,potatochips,40,2
356,tortillachips,40,2
356,doritos,32,2
356,ritzcracker,56,2
356,saltinecracker,60,2
356,wheatthins,57,2
356,eggrolls,10,2
356,frenchfries,25,2
356,butteredpopcorn,19,2
356,triscuits,54,2
356,wavylays,40,2
356,chocolateicecreamcone,2,2
356,strawberryicecreamcone,2,2
356,vanillasoftservecone,4,2
356,nutrigrainbar,49,2
356,churro,23,2
356,twistdonut,50,2
356,tuilecookie,55,2
356,madeleine,22,2
356,oatmealraisincookie,23,2
356,thumprintcookie,3,2
356,sugarcookie,3,2
356,vanillawafer,1,2
356,chocolatewafer,4,2
356,chocolatebark,3,2
356,darkchocolate,3,2
356,milkchocolate,2,2
356,pocky,2,2
356,toblerone,3,2
356,lindtlindorchocolatetruffle,1,2
356,twix,1,2
356,caramel,2,2
356,peanutmms,10,2
356,brownie,1,2
356,frostedbrownie,2,2
356,lemoncake,2,2
357,orange,20,2
357,plum,31,2
357,blackberry,88,2
357,peach,71,2
357,cherry,99,2
357,raspberry,98,2
357,apple,72,2
357,grape,97,2
357,goldendeliciousapple,55,2
357,honeydewmelon,3,2
357,kiwi,98,2
357,greenbellpepper,54,2
357,carrot,54,2
357,peanuts,65,2
357,almonds,99,2
357,baguette,95,2
357,slicedloafbread,5,2
357,boulebread,45,2
357,ryebread,98,2
357,deliturkey,46,2
357,chickentenders,2,2
357,meatballs,3,2
357,gouda,2,2
357,swisscheese,82,2
357,potatochips,2,2
357,tortillachips,4,2
357,doritos,2,2
357,ritzcracker,3,2
357,saltinecracker,4,2
357,wheatthins,15,2
357,eggrolls,22,2
357,frenchfries,4,2
357,butteredpopcorn,49,2
357,triscuits,4,2
357,wavylays,3,2
357,chocolateicecreamcone,3,2
357,strawberryicecreamcone,98,2
357,vanillasoftservecone,100,2
357,nutrigrainbar,1,2
357,churro,5,2
357,twistdonut,30,2
357,tuilecookie,5,2
357,madeleine,3,2
357,oatmealraisincookie,87,2
357,thumprintcookie,5,2
357,sugarcookie,67,2
357,vanillawafer,3,2
357,chocolatewafer,4,2
357,chocolatebark,4,2
357,darkchocolate,4,2
357,milkchocolate,3,2
357,pocky,4,2
357,toblerone,1,2
357,lindtlindorchocolatetruffle,3,2
357,twix,3,2
357,caramel,4,2
357,peanutmms,48,2
357,brownie,4,2
357,frostedbrownie,2,2
357,lemoncake,90,2
358,orange,71,2
358,plum,66,2
358,blackberry,60,2
358,peach,89,2
358,cherry,62,2
358,raspberry,81,2
358,apple,67,2
358,grape,80,2
358,goldendeliciousapple,43,2
358,honeydewmelon,87,2
358,kiwi,26,2
358,greenbellpepper,56,2
358,carrot,60,2
358,peanuts,59,2
358,almonds,46,2
358,baguette,16,2
358,slicedloafbread,21,2
358,boulebread,21,2
358,ryebread,29,2
358,deliturkey,51,2
358,chickentenders,42,2
358,meatballs,41,2
358,gouda,20,2
358,swisscheese,70,2
358,potatochips,37,2
358,tortillachips,43,2
358,doritos,40,2
358,ritzcracker,55,2
358,saltinecracker,63,2
358,wheatthins,68,2
358,eggrolls,30,2
358,frenchfries,12,2
358,butteredpopcorn,35,2
358,triscuits,59,2
358,wavylays,43,2
358,chocolateicecreamcone,25,2
358,strawberryicecreamcone,7,2
358,vanillasoftservecone,15,2
358,nutrigrainbar,75,2
358,churro,25,2
358,twistdonut,48,2
358,tuilecookie,34,2
358,madeleine,15,2
358,oatmealraisincookie,51,2
358,thumprintcookie,40,2
358,sugarcookie,23,2
358,vanillawafer,33,2
358,chocolatewafer,38,2
358,chocolatebark,65,2
358,darkchocolate,65,2
358,milkchocolate,75,2
358,pocky,7,2
358,toblerone,60,2
358,lindtlindorchocolatetruffle,36,2
358,twix,58,2
358,caramel,19,2
358,peanutmms,47,2
358,brownie,41,2
358,frostedbrownie,38,2
358,lemoncake,43,2
359,orange,33,2
359,plum,62,2
359,blackberry,72,2
359,peach,55,2
359,cherry,69,2
359,raspberry,74,2
359,apple,35,2
359,grape,53,2
359,goldendeliciousapple,35,2
359,honeydewmelon,65,2
359,kiwi,82,2
359,greenbellpepper,59,2
359,carrot,20,2
359,peanuts,26,2
359,almonds,69,2
359,baguette,50,2
359,slicedloafbread,7,2
359,boulebread,55,2
359,ryebread,14,2
359,deliturkey,7,2
359,chickentenders,11,2
359,meatballs,4,2
359,gouda,89,2
359,swisscheese,76,2
359,potatochips,60,2
359,tortillachips,17,2
359,doritos,44,2
359,ritzcracker,3,2
359,saltinecracker,7,2
359,wheatthins,2,2
359,eggrolls,42,2
359,frenchfries,50,2
359,butteredpopcorn,20,2
359,triscuits,1,2
359,wavylays,54,2
359,chocolateicecreamcone,7,2
359,strawberryicecreamcone,9,2
359,vanillasoftservecone,5,2
359,nutrigrainbar,14,2
359,churro,27,2
359,twistdonut,8,2
359,tuilecookie,30,2
359,madeleine,14,2
359,oatmealraisincookie,54,2
359,thumprintcookie,13,2
359,sugarcookie,9,2
359,vanillawafer,5,2
359,chocolatewafer,5,2
359,chocolatebark,17,2
359,darkchocolate,71,2
359,milkchocolate,56,2
359,pocky,26,2
359,toblerone,60,2
359,lindtlindorchocolatetruffle,61,2
359,twix,37,2
359,caramel,4,2
359,peanutmms,9,2
359,brownie,53,2
359,frostedbrownie,56,2
359,lemoncake,19,2
360,orange,70,2
360,plum,87,2
360,blackberry,92,2
360,peach,96,2
360,cherry,99,2
360,raspberry,99,2
360,apple,87,2
360,grape,88,2
360,goldendeliciousapple,87,2
360,honeydewmelon,77,2
360,kiwi,75,2
360,greenbellpepper,89,2
360,carrot,69,2
360,peanuts,91,2
360,almonds,90,2
360,baguette,84,2
360,slicedloafbread,21,2
360,boulebread,78,2
360,ryebread,84,2
360,deliturkey,90,2
360,chickentenders,83,2
360,meatballs,65,2
360,gouda,89,2
360,swisscheese,92,2
360,potatochips,3,2
360,tortillachips,48,2
360,doritos,50,2
360,ritzcracker,65,2
360,saltinecracker,61,2
360,wheatthins,61,2
360,eggrolls,64,2
360,frenchfries,62,2
360,butteredpopcorn,7,2
360,triscuits,50,2
360,wavylays,5,2
360,chocolateicecreamcone,31,2
360,strawberryicecreamcone,13,2
360,vanillasoftservecone,18,2
360,nutrigrainbar,22,2
360,churro,22,2
360,twistdonut,52,2
360,tuilecookie,27,2
360,madeleine,16,2
360,oatmealraisincookie,22,2
360,thumprintcookie,38,2
360,sugarcookie,12,2
360,vanillawafer,13,2
360,chocolatewafer,10,2
360,chocolatebark,35,2
360,darkchocolate,98,2
360,milkchocolate,99,2
360,pocky,10,2
360,toblerone,97,2
360,lindtlindorchocolatetruffle,64,2
360,twix,17,2
360,caramel,1,2
360,peanutmms,51,2
360,brownie,10,2
360,frostedbrownie,40,2
360,lemoncake,16,2
361,orange,40,2
361,plum,28,2
361,blackberry,65,2
361,peach,70,2
361,cherry,31,2
361,raspberry,73,2
361,apple,29,2
361,grape,46,2
361,goldendeliciousapple,32,2
361,honeydewmelon,6,2
361,kiwi,27,2
361,greenbellpepper,41,2
361,carrot,70,2
361,peanuts,86,2
361,almonds,45,2
361,baguette,53,2
361,slicedloafbread,40,2
361,boulebread,60,2
361,ryebread,22,2
361,deliturkey,71,2
361,chickentenders,76,2
361,meatballs,75,2
361,gouda,77,2
361,swisscheese,71,2
361,potatochips,92,2
361,tortillachips,72,2
361,doritos,91,2
361,ritzcracker,63,2
361,saltinecracker,40,2
361,wheatthins,77,2
361,eggrolls,76,2
361,frenchfries,83,2
361,butteredpopcorn,91,2
361,triscuits,56,2
361,wavylays,55,2
361,chocolateicecreamcone,57,2
361,strawberryicecreamcone,79,2
361,vanillasoftservecone,85,2
361,nutrigrainbar,71,2
361,churro,87,2
361,twistdonut,46,2
361,tuilecookie,73,2
361,madeleine,53,2
361,oatmealraisincookie,71,2
361,thumprintcookie,69,2
361,sugarcookie,51,2
361,vanillawafer,58,2
361,chocolatewafer,10,2
361,chocolatebark,23,2
361,darkchocolate,32,2
361,milkchocolate,95,2
361,pocky,77,2
361,toblerone,27,2
361,lindtlindorchocolatetruffle,65,2
361,twix,71,2
361,caramel,47,2
361,peanutmms,63,2
361,brownie,21,2
361,frostedbrownie,34,2
361,lemoncake,23,2
362,orange,99,2
362,plum,99,2
362,blackberry,100,2
362,peach,100,2
362,cherry,100,2
362,raspberry,100,2
362,apple,88,2
362,grape,99,2
362,goldendeliciousapple,93,2
362,honeydewmelon,2,2
362,kiwi,100,2
362,greenbellpepper,38,2
362,carrot,100,2
362,peanuts,54,2
362,almonds,100,2
362,baguette,99,2
362,slicedloafbread,1,2
362,boulebread,83,2
362,ryebread,67,2
362,deliturkey,30,2
362,chickentenders,7,2
362,meatballs,52,2
362,gouda,15,2
362,swisscheese,84,2
362,potatochips,11,2
362,tortillachips,1,2
362,doritos,2,2
362,ritzcracker,11,2
362,saltinecracker,62,2
362,wheatthins,2,2
362,eggrolls,1,2
362,frenchfries,11,2
362,butteredpopcorn,32,2
362,triscuits,1,2
362,wavylays,7,2
362,chocolateicecreamcone,75,2
362,strawberryicecreamcone,60,2
362,vanillasoftservecone,71,2
362,nutrigrainbar,5,2
362,churro,42,2
362,twistdonut,12,2
362,tuilecookie,36,2
362,madeleine,78,2
362,oatmealraisincookie,7,2
362,thumprintcookie,12,2
362,sugarcookie,20,2
362,vanillawafer,1,2
362,chocolatewafer,1,2
362,chocolatebark,21,2
362,darkchocolate,89,2
362,milkchocolate,65,2
362,pocky,49,2
362,toblerone,15,2
362,lindtlindorchocolatetruffle,46,2
362,twix,1,2
362,caramel,51,2
362,peanutmms,50,2
362,brownie,75,2
362,frostedbrownie,40,2
362,lemoncake,6,2
363,orange,30,2
363,plum,91,2
363,blackberry,88,2
363,peach,87,2
363,cherry,87,2
363,raspberry,90,2
363,apple,41,2
363,grape,93,2
363,goldendeliciousapple,42,2
363,honeydewmelon,82,2
363,kiwi,89,2
363,greenbellpepper,22,2
363,carrot,37,2
363,peanuts,59,2
363,almonds,78,2
363,baguette,62,2
363,slicedloafbread,16,2
363,boulebread,42,2
363,ryebread,32,2
363,deliturkey,37,2
363,chickentenders,59,2
363,meatballs,44,2
363,gouda,70,2
363,swisscheese,73,2
363,potatochips,23,2
363,tortillachips,59,2
363,doritos,31,2
363,ritzcracker,23,2
363,saltinecracker,27,2
363,wheatthins,27,2
363,eggrolls,60,2
363,frenchfries,57,2
363,butteredpopcorn,31,2
363,triscuits,50,2
363,wavylays,19,2
363,chocolateicecreamcone,57,2
363,strawberryicecreamcone,51,2
363,vanillasoftservecone,58,2
363,nutrigrainbar,66,2
363,churro,42,2
363,twistdonut,23,2
363,tuilecookie,50,2
363,madeleine,20,2
363,oatmealraisincookie,63,2
363,thumprintcookie,51,2
363,sugarcookie,54,2
363,vanillawafer,28,2
363,chocolatewafer,43,2
363,chocolatebark,62,2
363,darkchocolate,69,2
363,milkchocolate,66,2
363,pocky,60,2
363,toblerone,69,2
363,lindtlindorchocolatetruffle,62,2
363,twix,60,2
363,caramel,26,2
363,peanutmms,65,2
363,brownie,65,2
363,frostedbrownie,64,2
363,lemoncake,23,2
364,orange,79,2
364,plum,63,2
364,blackberry,59,2
364,peach,67,2
364,cherry,58,2
364,raspberry,57,2
364,apple,64,2
364,grape,60,2
364,goldendeliciousapple,62,2
364,honeydewmelon,66,2
364,kiwi,63,2
364,greenbellpepper,44,2
364,carrot,43,2
364,peanuts,56,2
364,almonds,53,2
364,baguette,57,2
364,slicedloafbread,58,2
364,boulebread,43,2
364,ryebread,54,2
364,deliturkey,55,2
364,chickentenders,69,2
364,meatballs,64,2
364,gouda,66,2
364,swisscheese,62,2
364,potatochips,54,2
364,tortillachips,58,2
364,doritos,59,2
364,ritzcracker,42,2
364,saltinecracker,61,2
364,wheatthins,50,2
364,eggrolls,75,2
364,frenchfries,61,2
364,butteredpopcorn,50,2
364,triscuits,47,2
364,wavylays,63,2
364,chocolateicecreamcone,61,2
364,strawberryicecreamcone,67,2
364,vanillasoftservecone,64,2
364,nutrigrainbar,54,2
364,churro,55,2
364,twistdonut,44,2
364,tuilecookie,57,2
364,madeleine,63,2
364,oatmealraisincookie,58,2
364,thumprintcookie,57,2
364,sugarcookie,56,2
364,vanillawafer,53,2
364,chocolatewafer,59,2
364,chocolatebark,61,2
364,darkchocolate,67,2
364,milkchocolate,61,2
364,pocky,59,2
364,toblerone,59,2
364,lindtlindorchocolatetruffle,64,2
364,twix,63,2
364,caramel,58,2
364,peanutmms,58,2
364,brownie,68,2
364,frostedbrownie,64,2
364,lemoncake,63,2
365,orange,70,2
365,plum,58,2
365,blackberry,73,2
365,peach,12,2
365,cherry,64,2
365,raspberry,60,2
365,apple,36,2
365,grape,63,2
365,goldendeliciousapple,16,2
365,honeydewmelon,36,2
365,kiwi,26,2
365,greenbellpepper,59,2
365,carrot,6,2
365,peanuts,61,2
365,almonds,64,2
365,baguette,21,2
365,slicedloafbread,19,2
365,boulebread,11,2
365,ryebread,13,2
365,deliturkey,55,2
365,chickentenders,52,2
365,meatballs,50,2
365,gouda,7,2
365,swisscheese,70,2
365,potatochips,63,2
365,tortillachips,65,2
365,doritos,63,2
365,ritzcracker,37,2
365,saltinecracker,19,2
365,wheatthins,29,2
365,eggrolls,32,2
365,frenchfries,77,2
365,butteredpopcorn,33,2
365,triscuits,14,2
365,wavylays,63,2
365,chocolateicecreamcone,63,2
365,strawberryicecreamcone,60,2
365,vanillasoftservecone,65,2
365,nutrigrainbar,22,2
365,churro,25,2
365,twistdonut,36,2
365,tuilecookie,14,2
365,madeleine,38,2
365,oatmealraisincookie,33,2
365,thumprintcookie,43,2
365,sugarcookie,51,2
365,vanillawafer,42,2
365,chocolatewafer,68,2
365,chocolatebark,59,2
365,darkchocolate,59,2
365,milkchocolate,71,2
365,pocky,27,2
365,toblerone,23,2
365,lindtlindorchocolatetruffle,27,2
365,twix,71,2
365,caramel,43,2
365,peanutmms,73,2
365,brownie,82,2
365,frostedbrownie,80,2
365,lemoncake,78,2
366,orange,42,2
366,plum,1,2
366,blackberry,22,2
366,peach,1,2
366,cherry,37,2
366,raspberry,6,2
366,apple,56,2
366,grape,1,2
366,goldendeliciousapple,51,2
366,honeydewmelon,1,2
366,kiwi,1,2
366,greenbellpepper,1,2
366,carrot,1,2
366,peanuts,66,2
366,almonds,77,2
366,baguette,53,2
366,slicedloafbread,51,2
366,boulebread,67,2
366,ryebread,74,2
366,deliturkey,59,2
366,chickentenders,85,2
366,meatballs,67,2
366,gouda,59,2
366,swisscheese,61,2
366,potatochips,85,2
366,tortillachips,81,2
366,doritos,77,2
366,ritzcracker,57,2
366,saltinecracker,72,2
366,wheatthins,68,2
366,eggrolls,100,2
366,frenchfries,100,2
366,butteredpopcorn,65,2
366,triscuits,20,2
366,wavylays,87,2
366,chocolateicecreamcone,67,2
366,strawberryicecreamcone,68,2
366,vanillasoftservecone,56,2
366,nutrigrainbar,58,2
366,churro,70,2
366,twistdonut,84,2
366,tuilecookie,81,2
366,madeleine,85,2
366,oatmealraisincookie,89,2
366,thumprintcookie,84,2
366,sugarcookie,68,2
366,vanillawafer,77,2
366,chocolatewafer,69,2
366,chocolatebark,78,2
366,darkchocolate,68,2
366,milkchocolate,66,2
366,pocky,71,2
366,toblerone,61,2
366,lindtlindorchocolatetruffle,64,2
366,twix,63,2
366,caramel,49,2
366,peanutmms,42,2
366,brownie,59,2
366,frostedbrownie,65,2
366,lemoncake,100,2
367,orange,82,2
367,plum,81,2
367,blackberry,59,2
367,peach,65,2
367,cherry,99,2
367,raspberry,95,2
367,apple,71,2
367,grape,92,2
367,goldendeliciousapple,64,2
367,honeydewmelon,77,2
367,kiwi,86,2
367,greenbellpepper,2,2
367,carrot,38,2
367,peanuts,90,2
367,almonds,91,2
367,baguette,60,2
367,slicedloafbread,3,2
367,boulebread,55,2
367,ryebread,67,2
367,deliturkey,2,2
367,chickentenders,1,2
367,meatballs,1,2
367,gouda,24,2
367,swisscheese,62,2
367,potatochips,3,2
367,tortillachips,44,2
367,doritos,41,2
367,ritzcracker,46,2
367,saltinecracker,50,2
367,wheatthins,58,2
367,eggrolls,2,2
367,frenchfries,1,2
367,butteredpopcorn,25,2
367,triscuits,56,2
367,wavylays,3,2
367,chocolateicecreamcone,7,2
367,strawberryicecreamcone,32,2
367,vanillasoftservecone,20,2
367,nutrigrainbar,58,2
367,churro,4,2
367,twistdonut,2,2
367,tuilecookie,65,2
367,madeleine,8,2
367,oatmealraisincookie,88,2
367,thumprintcookie,67,2
367,sugarcookie,66,2
367,vanillawafer,60,2
367,chocolatewafer,65,2
367,chocolatebark,62,2
367,darkchocolate,100,2
367,milkchocolate,68,2
367,pocky,25,2
367,toblerone,67,2
367,lindtlindorchocolatetruffle,56,2
367,twix,57,2
367,caramel,35,2
367,peanutmms,79,2
367,brownie,69,2
367,frostedbrownie,55,2
367,lemoncake,25,2
401,orange,52,2
401,plum,36,2
401,blackberry,11,2
401,peach,32,2
401,cherry,55,2
401,raspberry,26,2
401,apple,41,2
401,grape,49,2
401,goldendeliciousapple,54,2
401,honeydewmelon,47,2
401,kiwi,59,2
401,greenbellpepper,2,2
401,carrot,16,2
401,peanuts,50,2
401,almonds,49,2
401,baguette,72,2
401,slicedloafbread,47,2
401,boulebread,65,2
401,ryebread,46,2
401,deliturkey,60,2
401,chickentenders,41,2
401,meatballs,16,2
401,gouda,1,2
401,swisscheese,1,2
401,potatochips,14,2
401,tortillachips,6,2
401,doritos,9,2
401,ritzcracker,2,2
401,saltinecracker,10,2
401,wheatthins,10,2
401,eggrolls,3,2
401,frenchfries,14,2
401,butteredpopcorn,21,2
401,triscuits,2,2
401,wavylays,10,2
401,chocolateicecreamcone,52,2
401,strawberryicecreamcone,50,2
401,vanillasoftservecone,40,2
401,nutrigrainbar,1,2
401,churro,18,2
401,twistdonut,23,2
401,tuilecookie,48,2
401,madeleine,14,2
401,oatmealraisincookie,5,2
401,thumprintcookie,15,2
401,sugarcookie,39,2
401,vanillawafer,8,2
401,chocolatewafer,9,2
401,chocolatebark,68,2
401,darkchocolate,63,2
401,milkchocolate,39,2
401,pocky,32,2
401,toblerone,37,2
401,lindtlindorchocolatetruffle,61,2
401,twix,29,2
401,caramel,2,2
401,peanutmms,20,2
401,brownie,61,2
401,frostedbrownie,47,2
401,lemoncake,20,2
402,orange,67,2
402,plum,84,2
402,blackberry,86,2
402,peach,81,2
402,cherry,92,2
402,raspberry,99,2
402,apple,73,2
402,grape,92,2
402,goldendeliciousapple,84,2
402,honeydewmelon,1,2
402,kiwi,59,2
402,greenbellpepper,27,2
402,carrot,59,2
402,peanuts,76,2
402,almonds,51,2
402,baguette,95,2
402,slicedloafbread,4,2
402,boulebread,91,2
402,ryebread,72,2
402,deliturkey,85,2
402,chickentenders,84,2
402,meatballs,71,2
402,gouda,35,2
402,swisscheese,84,2
402,potatochips,85,2
402,tortillachips,65,2
402,doritos,87,2
402,ritzcracker,37,2
402,saltinecracker,80,2
402,wheatthins,76,2
402,eggrolls,40,2
402,frenchfries,86,2
402,butteredpopcorn,75,2
402,triscuits,58,2
402,wavylays,93,2
402,chocolateicecreamcone,19,2
402,strawberryicecreamcone,16,2
402,vanillasoftservecone,38,2
402,nutrigrainbar,36,2
402,churro,90,2
402,twistdonut,75,2
402,tuilecookie,47,2
402,madeleine,6,2
402,oatmealraisincookie,24,2
402,thumprintcookie,8,2
402,sugarcookie,11,2
402,vanillawafer,10,2
402,chocolatewafer,18,2
402,chocolatebark,35,2
402,darkchocolate,2,2
402,milkchocolate,2,2
402,pocky,6,2
402,toblerone,3,2
402,lindtlindorchocolatetruffle,5,2
402,twix,60,2
402,caramel,2,2
402,peanutmms,16,2
402,brownie,7,2
402,frostedbrownie,4,2
402,lemoncake,31,2
403,orange,23,2
403,plum,5,2
403,blackberry,56,2
403,peach,8,2
403,cherry,4,2
403,raspberry,9,2
403,apple,63,2
403,grape,60,2
403,goldendeliciousapple,6,2
403,honeydewmelon,4,2
403,kiwi,77,2
403,greenbellpepper,27,2
403,carrot,7,2
403,peanuts,90,2
403,almonds,76,2
403,baguette,51,2
403,slicedloafbread,37,2
403,boulebread,34,2
403,ryebread,42,2
403,deliturkey,76,2
403,chickentenders,75,2
403,meatballs,54,2
403,gouda,51,2
403,swisscheese,51,2
403,potatochips,46,2
403,tortillachips,42,2
403,doritos,54,2
403,ritzcracker,28,2
403,saltinecracker,37,2
403,wheatthins,28,2
403,eggrolls,5,2
403,frenchfries,81,2
403,butteredpopcorn,52,2
403,triscuits,10,2
403,wavylays,58,2
403,chocolateicecreamcone,97,2
403,strawberryicecreamcone,96,2
403,vanillasoftservecone,95,2
403,nutrigrainbar,8,2
403,churro,62,2
403,twistdonut,66,2
403,tuilecookie,66,2
403,madeleine,49,2
403,oatmealraisincookie,79,2
403,thumprintcookie,68,2
403,sugarcookie,63,2
403,vanillawafer,66,2
403,chocolatewafer,97,2
403,chocolatebark,72,2
403,darkchocolate,84,2
403,milkchocolate,89,2
403,pocky,80,2
403,toblerone,76,2
403,lindtlindorchocolatetruffle,89,2
403,twix,94,2
403,caramel,38,2
403,peanutmms,90,2
403,brownie,93,2
403,frostedbrownie,98,2
403,lemoncake,70,2
404,orange,70,2
404,plum,80,2
404,blackberry,96,2
404,peach,89,2
404,cherry,100,2
404,raspberry,87,2
404,apple,11,2
404,grape,15,2
404,goldendeliciousapple,54,2
404,honeydewmelon,100,2
404,kiwi,100,2
404,greenbellpepper,85,2
404,carrot,1,2
404,peanuts,72,2
404,almonds,51,2
404,baguette,52,2
404,slicedloafbread,67,2
404,boulebread,65,2
404,ryebread,62,2
404,deliturkey,75,2
404,chickentenders,53,2
404,meatballs,85,2
404,gouda,65,2
404,swisscheese,85,2
404,potatochips,75,2
404,tortillachips,83,2
404,doritos,100,2
404,ritzcracker,37,2
404,saltinecracker,71,2
404,wheatthins,69,2
404,eggrolls,68,2
404,frenchfries,74,2
404,butteredpopcorn,100,2
404,triscuits,13,2
404,wavylays,100,2
404,chocolateicecreamcone,1,2
404,strawberryicecreamcone,1,2
404,vanillasoftservecone,100,2
404,nutrigrainbar,1,2
404,churro,82,2
404,twistdonut,90,2
404,tuilecookie,48,2
404,madeleine,49,2
404,oatmealraisincookie,1,2
404,thumprintcookie,1,2
404,sugarcookie,32,2
404,vanillawafer,31,2
404,chocolatewafer,51,2
404,chocolatebark,88,2
404,darkchocolate,23,2
404,milkchocolate,21,2
404,pocky,68,2
404,toblerone,32,2
404,lindtlindorchocolatetruffle,16,2
404,twix,27,2
404,caramel,43,2
404,peanutmms,31,2
404,brownie,6,2
404,frostedbrownie,1,2
404,lemoncake,18,2
405,orange,85,2
405,plum,79,2
405,blackberry,20,2
405,peach,97,2
405,cherry,97,2
405,raspberry,36,2
405,apple,26,2
405,grape,92,2
405,goldendeliciousapple,85,2
405,honeydewmelon,57,2
405,kiwi,35,2
405,greenbellpepper,2,2
405,carrot,1,2
405,peanuts,98,2
405,almonds,80,2
405,baguette,57,2
405,slicedloafbread,10,2
405,boulebread,40,2
405,ryebread,14,2
405,deliturkey,98,2
405,chickentenders,8,2
405,meatballs,63,2
405,gouda,1,2
405,swisscheese,1,2
405,potatochips,54,2
405,tortillachips,59,2
405,doritos,91,2
405,ritzcracker,39,2
405,saltinecracker,22,2
405,wheatthins,33,2
405,eggrolls,97,2
405,frenchfries,15,2
405,butteredpopcorn,54,2
405,triscuits,1,2
405,wavylays,42,2
405,chocolateicecreamcone,72,2
405,strawberryicecreamcone,98,2
405,vanillasoftservecone,75,2
405,nutrigrainbar,8,2
405,churro,1,2
405,twistdonut,85,2
405,tuilecookie,27,2
405,madeleine,58,2
405,oatmealraisincookie,100,2
405,thumprintcookie,56,2
405,sugarcookie,49,2
405,vanillawafer,66,2
405,chocolatewafer,98,2
405,chocolatebark,55,2
405,darkchocolate,32,2
405,milkchocolate,13,2
405,pocky,61,2
405,toblerone,24,2
405,lindtlindorchocolatetruffle,14,2
405,twix,42,2
405,caramel,71,2
405,peanutmms,99,2
405,brownie,58,2
405,frostedbrownie,32,2
405,lemoncake,10,2
406,orange,100,2
406,plum,98,2
406,blackberry,99,2
406,peach,99,2
406,cherry,98,2
406,raspberry,98,2
406,apple,98,2
406,grape,99,2
406,goldendeliciousapple,99,2
406,honeydewmelon,100,2
406,kiwi,87,2
406,greenbellpepper,88,2
406,carrot,85,2
406,peanuts,99,2
406,almonds,98,2
406,baguette,47,2
406,slicedloafbread,47,2
406,boulebread,48,2
406,ryebread,53,2
406,deliturkey,49,2
406,chickentenders,24,2
406,meatballs,50,2
406,gouda,51,2
406,swisscheese,82,2
406,potatochips,1,2
406,tortillachips,8,2
406,doritos,2,2
406,ritzcracker,8,2
406,saltinecracker,22,2
406,wheatthins,4,2
406,eggrolls,6,2
406,frenchfries,2,2
406,butteredpopcorn,2,2
406,triscuits,2,2
406,wavylays,2,2
406,chocolateicecreamcone,2,2
406,strawberryicecreamcone,1,2
406,vanillasoftservecone,2,2
406,nutrigrainbar,26,2
406,churro,4,2
406,twistdonut,13,2
406,tuilecookie,18,2
406,madeleine,3,2
406,oatmealraisincookie,3,2
406,thumprintcookie,3,2
406,sugarcookie,3,2
406,vanillawafer,4,2
406,chocolatewafer,2,2
406,chocolatebark,2,2
406,darkchocolate,4,2
406,milkchocolate,3,2
406,pocky,3,2
406,toblerone,1,2
406,lindtlindorchocolatetruffle,2,2
406,twix,2,2
406,caramel,3,2
406,peanutmms,1,2
406,brownie,4,2
406,frostedbrownie,4,2
406,lemoncake,3,2
407,orange,30,2
407,plum,1,2
407,blackberry,1,2
407,peach,1,2
407,cherry,1,2
407,raspberry,21,2
407,apple,1,2
407,grape,79,2
407,goldendeliciousapple,1,2
407,honeydewmelon,17,2
407,kiwi,67,2
407,greenbellpepper,1,2
407,carrot,1,2
407,peanuts,91,2
407,almonds,88,2
407,baguette,1,2
407,slicedloafbread,9,2
407,boulebread,6,2
407,ryebread,1,2
407,deliturkey,21,2
407,chickentenders,41,2
407,meatballs,52,2
407,gouda,1,2
407,swisscheese,1,2
407,potatochips,92,2
407,tortillachips,87,2
407,doritos,79,2
407,ritzcracker,91,2
407,saltinecracker,77,2
407,wheatthins,99,2
407,eggrolls,24,2
407,frenchfries,54,2
407,butteredpopcorn,92,2
407,triscuits,100,2
407,wavylays,88,2
407,chocolateicecreamcone,1,2
407,strawberryicecreamcone,1,2
407,vanillasoftservecone,1,2
407,nutrigrainbar,63,2
407,churro,50,2
407,twistdonut,21,2
407,tuilecookie,86,2
407,madeleine,72,2
407,oatmealraisincookie,62,2
407,thumprintcookie,60,2
407,sugarcookie,62,2
407,vanillawafer,54,2
407,chocolatewafer,63,2
407,chocolatebark,55,2
407,darkchocolate,54,2
407,milkchocolate,60,2
407,pocky,97,2
407,toblerone,36,2
407,lindtlindorchocolatetruffle,60,2
407,twix,73,2
407,caramel,1,2
407,peanutmms,77,2
407,brownie,26,2
407,frostedbrownie,30,2
407,lemoncake,15,2
408,orange,33,2
408,plum,5,2
408,blackberry,40,2
408,peach,28,2
408,cherry,71,2
408,raspberry,51,2
408,apple,15,2
408,grape,71,2
408,goldendeliciousapple,18,2
408,honeydewmelon,31,2
408,kiwi,59,2
408,greenbellpepper,1,2
408,carrot,3,2
408,peanuts,4,2
408,almonds,42,2
408,baguette,98,2
408,slicedloafbread,98,2
408,boulebread,95,2
408,ryebread,69,2
408,deliturkey,23,2
408,chickentenders,41,2
408,meatballs,62,2
408,gouda,27,2
408,swisscheese,5,2
408,potatochips,28,2
408,tortillachips,2,2
408,doritos,3,2
408,ritzcracker,10,2
408,saltinecracker,42,2
408,wheatthins,14,2
408,eggrolls,2,2
408,frenchfries,11,2
408,butteredpopcorn,67,2
408,triscuits,68,2
408,wavylays,5,2
408,chocolateicecreamcone,93,2
408,strawberryicecreamcone,53,2
408,vanillasoftservecone,63,2
408,nutrigrainbar,52,2
408,churro,62,2
408,twistdonut,4,2
408,tuilecookie,63,2
408,madeleine,6,2
408,oatmealraisincookie,4,2
408,thumprintcookie,10,2
408,sugarcookie,13,2
408,vanillawafer,11,2
408,chocolatewafer,69,2
408,chocolatebark,99,2
408,darkchocolate,75,2
408,milkchocolate,8,2
408,pocky,58,2
408,toblerone,42,2
408,lindtlindorchocolatetruffle,64,2
408,twix,97,2
408,caramel,91,2
408,peanutmms,18,2
408,brownie,90,2
408,frostedbrownie,63,2
408,lemoncake,28,2
409,orange,68,2
409,plum,62,2
409,blackberry,62,2
409,peach,46,2
409,cherry,59,2
409,raspberry,69,2
409,apple,100,2
409,grape,47,2
409,goldendeliciousapple,59,2
409,honeydewmelon,9,2
409,kiwi,75,2
409,greenbellpepper,3,2
409,carrot,30,2
409,peanuts,63,2
409,almonds,59,2
409,baguette,1,2
409,slicedloafbread,20,2
409,boulebread,21,2
409,ryebread,2,2
409,deliturkey,57,2
409,chickentenders,25,2
409,meatballs,46,2
409,gouda,81,2
409,swisscheese,71,2
409,potatochips,57,2
409,tortillachips,61,2
409,doritos,27,2
409,ritzcracker,48,2
409,saltinecracker,51,2
409,wheatthins,52,2
409,eggrolls,25,2
409,frenchfries,57,2
409,butteredpopcorn,66,2
409,triscuits,49,2
409,wavylays,50,2
409,chocolateicecreamcone,23,2
409,strawberryicecreamcone,9,2
409,vanillasoftservecone,12,2
409,nutrigrainbar,25,2
409,churro,61,2
409,twistdonut,12,2
409,tuilecookie,15,2
409,madeleine,36,2
409,oatmealraisincookie,5,2
409,thumprintcookie,24,2
409,sugarcookie,13,2
409,vanillawafer,5,2
409,chocolatewafer,8,2
409,chocolatebark,3,2
409,darkchocolate,56,2
409,milkchocolate,28,2
409,pocky,40,2
409,toblerone,26,2
409,lindtlindorchocolatetruffle,10,2
409,twix,27,2
409,caramel,30,2
409,peanutmms,55,2
409,brownie,3,2
409,frostedbrownie,56,2
409,lemoncake,28,2
410,orange,100,2
410,plum,50,2
410,blackberry,93,2
410,peach,80,2
410,cherry,42,2
410,raspberry,100,2
410,apple,94,2
410,grape,99,2
410,goldendeliciousapple,91,2
410,honeydewmelon,65,2
410,kiwi,80,2
410,greenbellpepper,72,2
410,carrot,90,2
410,peanuts,1,2
410,almonds,59,2
410,baguette,46,2
410,slicedloafbread,27,2
410,boulebread,56,2
410,ryebread,54,2
410,deliturkey,1,2
410,chickentenders,1,2
410,meatballs,1,2
410,gouda,29,2
410,swisscheese,67,2
410,potatochips,61,2
410,tortillachips,35,2
410,doritos,67,2
410,ritzcracker,36,2
410,saltinecracker,45,2
410,wheatthins,56,2
410,eggrolls,1,2
410,frenchfries,10,2
410,butteredpopcorn,70,2
410,triscuits,32,2
410,wavylays,40,2
410,chocolateicecreamcone,1,2
410,strawberryicecreamcone,4,2
410,vanillasoftservecone,12,2
410,nutrigrainbar,74,2
410,churro,1,2
410,twistdonut,1,2
410,tuilecookie,31,2
410,madeleine,1,2
410,oatmealraisincookie,20,2
410,thumprintcookie,10,2
410,sugarcookie,10,2
410,vanillawafer,40,2
410,chocolatewafer,54,2
410,chocolatebark,60,2
410,darkchocolate,61,2
410,milkchocolate,1,2
410,pocky,32,2
410,toblerone,4,2
410,lindtlindorchocolatetruffle,65,2
410,twix,13,2
410,caramel,61,2
410,peanutmms,30,2
410,brownie,1,2
410,frostedbrownie,1,2
410,lemoncake,1,2
411,orange,100,2
411,plum,97,2
411,blackberry,95,2
411,peach,100,2
411,cherry,100,2
411,raspberry,100,2
411,apple,100,2
411,grape,89,2
411,goldendeliciousapple,100,2
411,honeydewmelon,94,2
411,kiwi,97,2
411,greenbellpepper,4,2
411,carrot,100,2
411,peanuts,85,2
411,almonds,100,2
411,baguette,77,2
411,slicedloafbread,84,2
411,boulebread,84,2
411,ryebread,76,2
411,deliturkey,87,2
411,chickentenders,91,2
411,meatballs,5,2
411,gouda,89,2
411,swisscheese,100,2
411,potatochips,94,2
411,tortillachips,61,2
411,doritos,72,2
411,ritzcracker,83,2
411,saltinecracker,91,2
411,wheatthins,85,2
411,eggrolls,40,2
411,frenchfries,100,2
411,butteredpopcorn,93,2
411,triscuits,73,2
411,wavylays,76,2
411,chocolateicecreamcone,100,2
411,strawberryicecreamcone,100,2
411,vanillasoftservecone,100,2
411,nutrigrainbar,80,2
411,churro,65,2
411,twistdonut,100,2
411,tuilecookie,55,2
411,madeleine,63,2
411,oatmealraisincookie,86,2
411,thumprintcookie,66,2
411,sugarcookie,74,2
411,vanillawafer,83,2
411,chocolatewafer,85,2
411,chocolatebark,100,2
411,darkchocolate,82,2
411,milkchocolate,100,2
411,pocky,11,2
411,toblerone,100,2
411,lindtlindorchocolatetruffle,96,2
411,twix,100,2
411,caramel,69,2
411,peanutmms,100,2
411,brownie,100,2
411,frostedbrownie,100,2
411,lemoncake,100,2
412,orange,70,2
412,plum,72,2
412,blackberry,90,2
412,peach,62,2
412,cherry,83,2
412,raspberry,73,2
412,apple,40,2
412,grape,61,2
412,goldendeliciousapple,60,2
412,honeydewmelon,41,2
412,kiwi,62,2
412,greenbellpepper,61,2
412,carrot,53,2
412,peanuts,61,2
412,almonds,80,2
412,baguette,38,2
412,slicedloafbread,29,2
412,boulebread,29,2
412,ryebread,44,2
412,deliturkey,38,2
412,chickentenders,67,2
412,meatballs,64,2
412,gouda,78,2
412,swisscheese,81,2
412,potatochips,56,2
412,tortillachips,63,2
412,doritos,64,2
412,ritzcracker,57,2
412,saltinecracker,38,2
412,wheatthins,56,2
412,eggrolls,70,2
412,frenchfries,66,2
412,butteredpopcorn,36,2
412,triscuits,64,2
412,wavylays,64,2
412,chocolateicecreamcone,74,2
412,strawberryicecreamcone,65,2
412,vanillasoftservecone,71,2
412,nutrigrainbar,66,2
412,churro,38,2
412,twistdonut,50,2
412,tuilecookie,35,2
412,madeleine,59,2
412,oatmealraisincookie,60,2
412,thumprintcookie,51,2
412,sugarcookie,43,2
412,vanillawafer,60,2
412,chocolatewafer,73,2
412,chocolatebark,84,2
412,darkchocolate,79,2
412,milkchocolate,69,2
412,pocky,61,2
412,toblerone,70,2
412,lindtlindorchocolatetruffle,88,2
412,twix,63,2
412,caramel,56,2
412,peanutmms,87,2
412,brownie,56,2
412,frostedbrownie,66,2
412,lemoncake,48,2
413,orange,73,2
413,plum,72,2
413,blackberry,66,2
413,peach,80,2
413,cherry,50,2
413,raspberry,65,2
413,apple,80,2
413,grape,79,2
413,goldendeliciousapple,66,2
413,honeydewmelon,76,2
413,kiwi,68,2
413,greenbellpepper,31,2
413,carrot,53,2
413,peanuts,53,2
413,almonds,62,2
413,baguette,67,2
413,slicedloafbread,42,2
413,boulebread,58,2
413,ryebread,46,2
413,deliturkey,50,2
413,chickentenders,41,2
413,meatballs,33,2
413,gouda,23,2
413,swisscheese,35,2
413,potatochips,35,2
413,tortillachips,36,2
413,doritos,48,2
413,ritzcracker,34,2
413,saltinecracker,47,2
413,wheatthins,42,2
413,eggrolls,30,2
413,frenchfries,26,2
413,butteredpopcorn,41,2
413,triscuits,41,2
413,wavylays,43,2
413,chocolateicecreamcone,49,2
413,strawberryicecreamcone,51,2
413,vanillasoftservecone,53,2
413,nutrigrainbar,58,2
413,churro,48,2
413,twistdonut,67,2
413,tuilecookie,39,2
413,madeleine,31,2
413,oatmealraisincookie,69,2
413,thumprintcookie,63,2
413,sugarcookie,53,2
413,vanillawafer,63,2
413,chocolatewafer,64,2
413,chocolatebark,78,2
413,darkchocolate,58,2
413,milkchocolate,72,2
413,pocky,66,2
413,toblerone,63,2
413,lindtlindorchocolatetruffle,65,2
413,twix,79,2
413,caramel,63,2
413,peanutmms,84,2
413,brownie,40,2
413,frostedbrownie,47,2
413,lemoncake,50,2
414,orange,69,2
414,plum,73,2
414,blackberry,87,2
414,peach,76,2
414,cherry,86,2
414,raspberry,86,2
414,apple,71,2
414,grape,67,2
414,goldendeliciousapple,64,2
414,honeydewmelon,6,2
414,kiwi,56,2
414,greenbellpepper,34,2
414,carrot,35,2
414,peanuts,62,2
414,almonds,71,2
414,baguette,28,2
414,slicedloafbread,12,2
414,boulebread,38,2
414,ryebread,82,2
414,deliturkey,67,2
414,chickentenders,58,2
414,meatballs,31,2
414,gouda,41,2
414,swisscheese,37,2
414,potatochips,37,2
414,tortillachips,60,2
414,doritos,65,2
414,ritzcracker,28,2
414,saltinecracker,8,2
414,wheatthins,31,2
414,eggrolls,23,2
414,frenchfries,14,2
414,butteredpopcorn,29,2
414,triscuits,9,2
414,wavylays,28,2
414,chocolateicecreamcone,88,2
414,strawberryicecreamcone,69,2
414,vanillasoftservecone,61,2
414,nutrigrainbar,34,2
414,churro,19,2
414,twistdonut,19,2
414,tuilecookie,27,2
414,madeleine,2,2
414,oatmealraisincookie,65,2
414,thumprintcookie,19,2
414,sugarcookie,10,2
414,vanillawafer,70,2
414,chocolatewafer,80,2
414,chocolatebark,85,2
414,darkchocolate,87,2
414,milkchocolate,64,2
414,pocky,74,2
414,toblerone,83,2
414,lindtlindorchocolatetruffle,79,2
414,twix,76,2
414,caramel,75,2
414,peanutmms,80,2
414,brownie,92,2
414,frostedbrownie,97,2
414,lemoncake,13,2
415,orange,76,2
415,plum,18,2
415,blackberry,80,2
415,peach,59,2
415,cherry,76,2
415,raspberry,65,2
415,apple,68,2
415,grape,79,2
415,goldendeliciousapple,62,2
415,honeydewmelon,2,2
415,kiwi,64,2
415,greenbellpepper,60,2
415,carrot,60,2
415,peanuts,62,2
415,almonds,51,2
415,baguette,33,2
415,slicedloafbread,7,2
415,boulebread,59,2
415,ryebread,63,2
415,deliturkey,25,2
415,chickentenders,51,2
415,meatballs,43,2
415,gouda,69,2
415,swisscheese,54,2
415,potatochips,1,2
415,tortillachips,61,2
415,doritos,18,2
415,ritzcracker,24,2
415,saltinecracker,17,2
415,wheatthins,31,2
415,eggrolls,17,2
415,frenchfries,2,2
415,butteredpopcorn,27,2
415,triscuits,49,2
415,wavylays,6,2
415,chocolateicecreamcone,73,2
415,strawberryicecreamcone,65,2
415,vanillasoftservecone,41,2
415,nutrigrainbar,30,2
415,churro,37,2
415,twistdonut,28,2
415,tuilecookie,8,2
415,madeleine,64,2
415,oatmealraisincookie,88,2
415,thumprintcookie,54,2
415,sugarcookie,51,2
415,vanillawafer,5,2
415,chocolatewafer,42,2
415,chocolatebark,27,2
415,darkchocolate,60,2
415,milkchocolate,36,2
415,pocky,36,2
415,toblerone,40,2
415,lindtlindorchocolatetruffle,66,2
415,twix,61,2
415,caramel,37,2
415,peanutmms,25,2
415,brownie,65,2
415,frostedbrownie,49,2
415,lemoncake,44,2
416,orange,69,2
416,plum,17,2
416,blackberry,80,2
416,peach,7,2
416,cherry,53,2
416,raspberry,64,2
416,apple,15,2
416,grape,78,2
416,goldendeliciousapple,13,2
416,honeydewmelon,11,2
416,kiwi,4,2
416,greenbellpepper,1,2
416,carrot,13,2
416,peanuts,77,2
416,almonds,81,2
416,baguette,26,2
416,slicedloafbread,52,2
416,boulebread,19,2
416,ryebread,18,2
416,deliturkey,75,2
416,chickentenders,26,2
416,meatballs,31,2
416,gouda,23,2
416,swisscheese,24,2
416,potatochips,87,2
416,tortillachips,86,2
416,doritos,91,2
416,ritzcracker,74,2
416,saltinecracker,45,2
416,wheatthins,63,2
416,eggrolls,54,2
416,frenchfries,39,2
416,butteredpopcorn,64,2
416,triscuits,80,2
416,wavylays,87,2
416,chocolateicecreamcone,13,2
416,strawberryicecreamcone,18,2
416,vanillasoftservecone,35,2
416,nutrigrainbar,76,2
416,churro,31,2
416,twistdonut,29,2
416,tuilecookie,24,2
416,madeleine,33,2
416,oatmealraisincookie,37,2
416,thumprintcookie,52,2
416,sugarcookie,51,2
416,vanillawafer,83,2
416,chocolatewafer,45,2
416,chocolatebark,33,2
416,darkchocolate,57,2
416,milkchocolate,59,2
416,pocky,5,2
416,toblerone,56,2
416,lindtlindorchocolatetruffle,62,2
416,twix,61,2
416,caramel,63,2
416,peanutmms,65,2
416,brownie,28,2
416,frostedbrownie,28,2
416,lemoncake,30,2
417,orange,78,2
417,plum,64,2
417,blackberry,65,2
417,peach,60,2
417,cherry,73,2
417,raspberry,61,2
417,apple,70,2
417,grape,69,2
417,goldendeliciousapple,63,2
417,honeydewmelon,35,2
417,kiwi,64,2
417,greenbellpepper,37,2
417,carrot,62,2
417,peanuts,73,2
417,almonds,76,2
417,baguette,39,2
417,slicedloafbread,54,2
417,boulebread,52,2
417,ryebread,49,2
417,deliturkey,51,2
417,chickentenders,72,2
417,meatballs,54,2
417,gouda,35,2
417,swisscheese,58,2
417,potatochips,64,2
417,tortillachips,59,2
417,doritos,56,2
417,ritzcracker,45,2
417,saltinecracker,48,2
417,wheatthins,51,2
417,eggrolls,56,2
417,frenchfries,64,2
417,butteredpopcorn,60,2
417,triscuits,53,2
417,wavylays,56,2
417,chocolateicecreamcone,64,2
417,strawberryicecreamcone,62,2
417,vanillasoftservecone,68,2
417,nutrigrainbar,45,2
417,churro,74,2
417,twistdonut,74,2
417,tuilecookie,60,2
417,madeleine,60,2
417,oatmealraisincookie,66,2
417,thumprintcookie,48,2
417,sugarcookie,56,2
417,vanillawafer,62,2
417,chocolatewafer,62,2
417,chocolatebark,61,2
417,darkchocolate,67,2
417,milkchocolate,63,2
417,pocky,64,2
417,toblerone,62,2
417,lindtlindorchocolatetruffle,61,2
417,twix,69,2
417,caramel,68,2
417,peanutmms,76,2
417,brownie,68,2
417,frostedbrownie,72,2
417,lemoncake,49,2
418,orange,100,2
418,plum,3,2
418,blackberry,99,2
418,peach,48,2
418,cherry,100,2
418,raspberry,100,2
418,apple,50,2
418,grape,100,2
418,goldendeliciousapple,50,2
418,honeydewmelon,50,2
418,kiwi,50,2
418,greenbellpepper,1,2
418,carrot,3,2
418,peanuts,51,2
418,almonds,100,2
418,baguette,48,2
418,slicedloafbread,3,2
418,boulebread,49,2
418,ryebread,3,2
418,deliturkey,1,2
418,chickentenders,2,2
418,meatballs,1,2
418,gouda,100,2
418,swisscheese,100,2
418,potatochips,3,2
418,tortillachips,2,2
418,doritos,2,2
418,ritzcracker,2,2
418,saltinecracker,1,2
418,wheatthins,2,2
418,eggrolls,1,2
418,frenchfries,99,2
418,butteredpopcorn,2,2
418,triscuits,1,2
418,wavylays,1,2
418,chocolateicecreamcone,100,2
418,strawberryicecreamcone,51,2
418,vanillasoftservecone,98,2
418,nutrigrainbar,3,2
418,churro,48,2
418,twistdonut,48,2
418,tuilecookie,1,2
418,madeleine,1,2
418,oatmealraisincookie,48,2
418,thumprintcookie,1,2
418,sugarcookie,2,2
418,vanillawafer,1,2
418,chocolatewafer,2,2
418,chocolatebark,51,2
418,darkchocolate,49,2
418,milkchocolate,51,2
418,pocky,1,2
418,toblerone,50,2
418,lindtlindorchocolatetruffle,50,2
418,twix,2,2
418,caramel,51,2
418,peanutmms,48,2
418,brownie,100,2
418,frostedbrownie,98,2
418,lemoncake,52,2
419,orange,61,2
419,plum,52,2
419,blackberry,78,2
419,peach,43,2
419,cherry,86,2
419,raspberry,87,2
419,apple,20,2
419,grape,69,2
419,goldendeliciousapple,14,2
419,honeydewmelon,26,2
419,kiwi,61,2
419,greenbellpepper,61,2
419,carrot,29,2
419,peanuts,82,2
419,almonds,88,2
419,baguette,53,2
419,slicedloafbread,14,2
419,boulebread,23,2
419,ryebread,9,2
419,deliturkey,16,2
419,chickentenders,85,2
419,meatballs,6,2
419,gouda,57,2
419,swisscheese,92,2
419,potatochips,70,2
419,tortillachips,54,2
419,doritos,56,2
419,ritzcracker,20,2
419,saltinecracker,17,2
419,wheatthins,7,2
419,eggrolls,16,2
419,frenchfries,53,2
419,butteredpopcorn,64,2
419,triscuits,4,2
419,wavylays,52,2
419,chocolateicecreamcone,91,2
419,strawberryicecreamcone,87,2
419,vanillasoftservecone,78,2
419,nutrigrainbar,4,2
419,churro,35,2
419,twistdonut,66,2
419,tuilecookie,67,2
419,madeleine,11,2
419,oatmealraisincookie,8,2
419,thumprintcookie,28,2
419,sugarcookie,41,2
419,vanillawafer,18,2
419,chocolatewafer,30,2
419,chocolatebark,71,2
419,darkchocolate,73,2
419,milkchocolate,85,2
419,pocky,70,2
419,toblerone,82,2
419,lindtlindorchocolatetruffle,73,2
419,twix,64,2
419,caramel,53,2
419,peanutmms,82,2
419,brownie,66,2
419,frostedbrownie,83,2
419,lemoncake,18,2
420,orange,70,2
420,plum,73,2
420,blackberry,26,2
420,peach,74,2
420,cherry,21,2
420,raspberry,56,2
420,apple,66,2
420,grape,16,2
420,goldendeliciousapple,38,2
420,honeydewmelon,2,2
420,kiwi,73,2
420,greenbellpepper,3,2
420,carrot,25,2
420,peanuts,2,2
420,almonds,2,2
420,baguette,85,2
420,slicedloafbread,19,2
420,boulebread,53,2
420,ryebread,57,2
420,deliturkey,73,2
420,chickentenders,56,2
420,meatballs,22,2
420,gouda,65,2
420,swisscheese,81,2
420,potatochips,51,2
420,tortillachips,30,2
420,doritos,51,2
420,ritzcracker,15,2
420,saltinecracker,27,2
420,wheatthins,4,2
420,eggrolls,100,2
420,frenchfries,98,2
420,butteredpopcorn,4,2
420,triscuits,2,2
420,wavylays,25,2
420,chocolateicecreamcone,98,2
420,strawberryicecreamcone,98,2
420,vanillasoftservecone,98,2
420,nutrigrainbar,36,2
420,churro,61,2
420,twistdonut,98,2
420,tuilecookie,59,2
420,madeleine,43,2
420,oatmealraisincookie,100,2
420,thumprintcookie,97,2
420,sugarcookie,96,2
420,vanillawafer,99,2
420,chocolatewafer,98,2
420,chocolatebark,99,2
420,darkchocolate,98,2
420,milkchocolate,99,2
420,pocky,98,2
420,toblerone,99,2
420,lindtlindorchocolatetruffle,99,2
420,twix,99,2
420,caramel,99,2
420,peanutmms,99,2
420,brownie,98,2
420,frostedbrownie,98,2
420,lemoncake,99,2
421,orange,97,2
421,plum,100,2
421,blackberry,99,2
421,peach,99,2
421,cherry,100,2
421,raspberry,100,2
421,apple,94,2
421,grape,99,2
421,goldendeliciousapple,89,2
421,honeydewmelon,90,2
421,kiwi,56,2
421,greenbellpepper,81,2
421,carrot,29,2
421,peanuts,81,2
421,almonds,78,2
421,baguette,50,2
421,slicedloafbread,51,2
421,boulebread,50,2
421,ryebread,69,2
421,deliturkey,50,2
421,chickentenders,49,2
421,meatballs,21,2
421,gouda,80,2
421,swisscheese,84,2
421,potatochips,53,2
421,tortillachips,50,2
421,doritos,49,2
421,ritzcracker,55,2
421,saltinecracker,51,2
421,wheatthins,52,2
421,eggrolls,28,2
421,frenchfries,32,2
421,butteredpopcorn,38,2
421,triscuits,49,2
421,wavylays,47,2
421,chocolateicecreamcone,78,2
421,strawberryicecreamcone,72,2
421,vanillasoftservecone,59,2
421,nutrigrainbar,32,2
421,churro,19,2
421,twistdonut,52,2
421,tuilecookie,21,2
421,madeleine,25,2
421,oatmealraisincookie,78,2
421,thumprintcookie,29,2
421,sugarcookie,48,2
421,vanillawafer,29,2
421,chocolatewafer,33,2
421,chocolatebark,82,2
421,darkchocolate,77,2
421,milkchocolate,66,2
421,pocky,21,2
421,toblerone,78,2
421,lindtlindorchocolatetruffle,83,2
421,twix,79,2
421,caramel,20,2
421,peanutmms,79,2
421,brownie,50,2
421,frostedbrownie,60,2
421,lemoncake,68,2
422,orange,67,2
422,plum,65,2
422,blackberry,64,2
422,peach,68,2
422,cherry,70,2
422,raspberry,63,2
422,apple,74,2
422,grape,70,2
422,goldendeliciousapple,65,2
422,honeydewmelon,62,2
422,kiwi,54,2
422,greenbellpepper,41,2
422,carrot,30,2
422,peanuts,68,2
422,almonds,70,2
422,baguette,43,2
422,slicedloafbread,34,2
422,boulebread,36,2
422,ryebread,34,2
422,deliturkey,73,2
422,chickentenders,77,2
422,meatballs,49,2
422,gouda,35,2
422,swisscheese,76,2
422,potatochips,65,2
422,tortillachips,56,2
422,doritos,40,2
422,ritzcracker,47,2
422,saltinecracker,40,2
422,wheatthins,50,2
422,eggrolls,51,2
422,frenchfries,55,2
422,butteredpopcorn,50,2
422,triscuits,37,2
422,wavylays,59,2
422,chocolateicecreamcone,53,2
422,strawberryicecreamcone,59,2
422,vanillasoftservecone,57,2
422,nutrigrainbar,41,2
422,churro,46,2
422,twistdonut,36,2
422,tuilecookie,64,2
422,madeleine,34,2
422,oatmealraisincookie,47,2
422,thumprintcookie,55,2
422,sugarcookie,51,2
422,vanillawafer,57,2
422,chocolatewafer,46,2
422,chocolatebark,53,2
422,darkchocolate,70,2
422,milkchocolate,59,2
422,pocky,52,2
422,toblerone,52,2
422,lindtlindorchocolatetruffle,44,2
422,twix,69,2
422,caramel,39,2
422,peanutmms,70,2
422,brownie,69,2
422,frostedbrownie,77,2
422,lemoncake,72,2
423,orange,79,2
423,plum,40,2
423,blackberry,84,2
423,peach,1,2
423,cherry,30,2
423,raspberry,100,2
423,apple,37,2
423,grape,37,2
423,goldendeliciousapple,26,2
423,honeydewmelon,26,2
423,kiwi,51,2
423,greenbellpepper,1,2
423,carrot,8,2
423,peanuts,33,2
423,almonds,52,2
423,baguette,87,2
423,slicedloafbread,91,2
423,boulebread,99,2
423,ryebread,69,2
423,deliturkey,19,2
423,chickentenders,51,2
423,meatballs,29,2
423,gouda,21,2
423,swisscheese,54,2
423,potatochips,67,2
423,tortillachips,26,2
423,doritos,42,2
423,ritzcracker,38,2
423,saltinecracker,26,2
423,wheatthins,54,2
423,eggrolls,55,2
423,frenchfries,83,2
423,butteredpopcorn,20,2
423,triscuits,51,2
423,wavylays,64,2
423,chocolateicecreamcone,99,2
423,strawberryicecreamcone,99,2
423,vanillasoftservecone,99,2
423,nutrigrainbar,13,2
423,churro,20,2
423,twistdonut,1,2
423,tuilecookie,21,2
423,madeleine,36,2
423,oatmealraisincookie,80,2
423,thumprintcookie,38,2
423,sugarcookie,40,2
423,vanillawafer,1,2
423,chocolatewafer,2,2
423,chocolatebark,29,2
423,darkchocolate,48,2
423,milkchocolate,34,2
423,pocky,36,2
423,toblerone,8,2
423,lindtlindorchocolatetruffle,32,2
423,twix,38,2
423,caramel,42,2
423,peanutmms,18,2
423,brownie,69,2
423,frostedbrownie,82,2
423,lemoncake,48,2
424,orange,79,2
424,plum,45,2
424,blackberry,74,2
424,peach,75,2
424,cherry,42,2
424,raspberry,69,2
424,apple,95,2
424,grape,83,2
424,goldendeliciousapple,52,2
424,honeydewmelon,62,2
424,kiwi,57,2
424,greenbellpepper,5,2
424,carrot,62,2
424,peanuts,61,2
424,almonds,61,2
424,baguette,45,2
424,slicedloafbread,5,2
424,boulebread,65,2
424,ryebread,65,2
424,deliturkey,24,2
424,chickentenders,50,2
424,meatballs,63,2
424,gouda,79,2
424,swisscheese,77,2
424,potatochips,33,2
424,tortillachips,20,2
424,doritos,32,2
424,ritzcracker,23,2
424,saltinecracker,66,2
424,wheatthins,54,2
424,eggrolls,55,2
424,frenchfries,3,2
424,butteredpopcorn,41,2
424,triscuits,20,2
424,wavylays,35,2
424,chocolateicecreamcone,49,2
424,strawberryicecreamcone,39,2
424,vanillasoftservecone,41,2
424,nutrigrainbar,34,2
424,churro,48,2
424,twistdonut,50,2
424,tuilecookie,49,2
424,madeleine,60,2
424,oatmealraisincookie,27,2
424,thumprintcookie,55,2
424,sugarcookie,21,2
424,vanillawafer,73,2
424,chocolatewafer,74,2
424,chocolatebark,81,2
424,darkchocolate,72,2
424,milkchocolate,76,2
424,pocky,5,2
424,toblerone,77,2
424,lindtlindorchocolatetruffle,86,2
424,twix,68,2
424,caramel,88,2
424,peanutmms,45,2
424,brownie,88,2
424,frostedbrownie,87,2
424,lemoncake,77,2
425,orange,96,2
425,plum,100,2
425,blackberry,97,2
425,peach,99,2
425,cherry,91,2
425,raspberry,95,2
425,apple,98,2
425,grape,95,2
425,goldendeliciousapple,96,2
425,honeydewmelon,95,2
425,kiwi,93,2
425,greenbellpepper,85,2
425,carrot,98,2
425,peanuts,91,2
425,almonds,92,2
425,baguette,3,2
425,slicedloafbread,1,2
425,boulebread,4,2
425,ryebread,5,2
425,deliturkey,2,2
425,chickentenders,3,2
425,meatballs,2,2
425,gouda,90,2
425,swisscheese,74,2
425,potatochips,5,2
425,tortillachips,4,2
425,doritos,9,2
425,ritzcracker,9,2
425,saltinecracker,4,2
425,wheatthins,12,2
425,eggrolls,13,2
425,frenchfries,7,2
425,butteredpopcorn,7,2
425,triscuits,7,2
425,wavylays,4,2
425,chocolateicecreamcone,7,2
425,strawberryicecreamcone,3,2
425,vanillasoftservecone,5,2
425,nutrigrainbar,6,2
425,churro,5,2
425,twistdonut,5,2
425,tuilecookie,2,2
425,madeleine,10,2
425,oatmealraisincookie,11,2
425,thumprintcookie,1,2
425,sugarcookie,4,2
425,vanillawafer,4,2
425,chocolatewafer,9,2
425,chocolatebark,5,2
425,darkchocolate,5,2
425,milkchocolate,3,2
425,pocky,5,2
425,toblerone,2,2
425,lindtlindorchocolatetruffle,5,2
425,twix,3,2
425,caramel,3,2
425,peanutmms,2,2
425,brownie,7,2
425,frostedbrownie,6,2
425,lemoncake,2,2
426,orange,62,2
426,plum,6,2
426,blackberry,34,2
426,peach,61,2
426,cherry,56,2
426,raspberry,23,2
426,apple,99,2
426,grape,84,2
426,goldendeliciousapple,78,2
426,honeydewmelon,10,2
426,kiwi,6,2
426,greenbellpepper,4,2
426,carrot,54,2
426,peanuts,68,2
426,almonds,70,2
426,baguette,27,2
426,slicedloafbread,9,2
426,boulebread,19,2
426,ryebread,24,2
426,deliturkey,37,2
426,chickentenders,65,2
426,meatballs,6,2
426,gouda,9,2
426,swisscheese,19,2
426,potatochips,37,2
426,tortillachips,35,2
426,doritos,22,2
426,ritzcracker,20,2
426,saltinecracker,24,2
426,wheatthins,6,2
426,eggrolls,8,2
426,frenchfries,34,2
426,butteredpopcorn,10,2
426,triscuits,4,2
426,wavylays,37,2
426,chocolateicecreamcone,24,2
426,strawberryicecreamcone,11,2
426,vanillasoftservecone,23,2
426,nutrigrainbar,14,2
426,churro,17,2
426,twistdonut,24,2
426,tuilecookie,4,2
426,madeleine,19,2
426,oatmealraisincookie,65,2
426,thumprintcookie,24,2
426,sugarcookie,30,2
426,vanillawafer,4,2
426,chocolatewafer,14,2
426,chocolatebark,7,2
426,darkchocolate,25,2
426,milkchocolate,10,2
426,pocky,3,2
426,toblerone,13,2
426,lindtlindorchocolatetruffle,52,2
426,twix,4,2
426,caramel,3,2
426,peanutmms,14,2
426,brownie,69,2
426,frostedbrownie,79,2
426,lemoncake,78,2
427,orange,7,2
427,plum,12,2
427,blackberry,10,2
427,peach,17,2
427,cherry,8,2
427,raspberry,9,2
427,apple,13,2
427,grape,10,2
427,goldendeliciousapple,47,2
427,honeydewmelon,11,2
427,kiwi,8,2
427,greenbellpepper,48,2
427,carrot,82,2
427,peanuts,6,2
427,almonds,11,2
427,baguette,79,2
427,slicedloafbread,80,2
427,boulebread,79,2
427,ryebread,79,2
427,deliturkey,6,2
427,chickentenders,88,2
427,meatballs,3,2
427,gouda,50,2
427,swisscheese,60,2
427,potatochips,92,2
427,tortillachips,88,2
427,doritos,87,2
427,ritzcracker,25,2
427,saltinecracker,24,2
427,wheatthins,13,2
427,eggrolls,7,2
427,frenchfries,95,2
427,butteredpopcorn,13,2
427,triscuits,15,2
427,wavylays,88,2
427,chocolateicecreamcone,66,2
427,strawberryicecreamcone,50,2
427,vanillasoftservecone,60,2
427,nutrigrainbar,8,2
427,churro,13,2
427,twistdonut,20,2
427,tuilecookie,13,2
427,madeleine,15,2
427,oatmealraisincookie,13,2
427,thumprintcookie,10,2
427,sugarcookie,55,2
427,vanillawafer,12,2
427,chocolatewafer,15,2
427,chocolatebark,12,2
427,darkchocolate,20,2
427,milkchocolate,19,2
427,pocky,3,2
427,toblerone,13,2
427,lindtlindorchocolatetruffle,29,2
427,twix,66,2
427,caramel,6,2
427,peanutmms,75,2
427,brownie,81,2
427,frostedbrownie,72,2
427,lemoncake,52,2
428,orange,82,2
428,plum,25,2
428,blackberry,25,2
428,peach,39,2
428,cherry,34,2
428,raspberry,33,2
428,apple,87,2
428,grape,83,2
428,goldendeliciousapple,76,2
428,honeydewmelon,34,2
428,kiwi,19,2
428,greenbellpepper,1,2
428,carrot,73,2
428,peanuts,26,2
428,almonds,50,2
428,baguette,39,2
428,slicedloafbread,30,2
428,boulebread,30,2
428,ryebread,38,2
428,deliturkey,1,2
428,chickentenders,1,2
428,meatballs,1,2
428,gouda,38,2
428,swisscheese,41,2
428,potatochips,74,2
428,tortillachips,59,2
428,doritos,73,2
428,ritzcracker,50,2
428,saltinecracker,37,2
428,wheatthins,51,2
428,eggrolls,7,2
428,frenchfries,68,2
428,butteredpopcorn,82,2
428,triscuits,37,2
428,wavylays,82,2
428,chocolateicecreamcone,30,2
428,strawberryicecreamcone,31,2
428,vanillasoftservecone,30,2
428,nutrigrainbar,51,2
428,churro,59,2
428,twistdonut,38,2
428,tuilecookie,10,2
428,madeleine,35,2
428,oatmealraisincookie,51,2
428,thumprintcookie,44,2
428,sugarcookie,54,2
428,vanillawafer,55,2
428,chocolatewafer,51,2
428,chocolatebark,54,2
428,darkchocolate,67,2
428,milkchocolate,60,2
428,pocky,50,2
428,toblerone,78,2
428,lindtlindorchocolatetruffle,42,2
428,twix,83,2
428,caramel,30,2
428,peanutmms,75,2
428,brownie,63,2
428,frostedbrownie,56,2
428,lemoncake,33,2
429,orange,82,2
429,plum,87,2
429,blackberry,60,2
429,peach,68,2
429,cherry,100,2
429,raspberry,58,2
429,apple,51,2
429,grape,100,2
429,goldendeliciousapple,51,2
429,honeydewmelon,41,2
429,kiwi,62,2
429,greenbellpepper,1,2
429,carrot,33,2
429,peanuts,15,2
429,almonds,54,2
429,baguette,49,2
429,slicedloafbread,33,2
429,boulebread,20,2
429,ryebread,48,2
429,deliturkey,14,2
429,chickentenders,77,2
429,meatballs,77,2
429,gouda,100,2
429,swisscheese,94,2
429,potatochips,48,2
429,tortillachips,32,2
429,doritos,51,2
429,ritzcracker,1,2
429,saltinecracker,24,2
429,wheatthins,21,2
429,eggrolls,56,2
429,frenchfries,76,2
429,butteredpopcorn,29,2
429,triscuits,1,2
429,wavylays,37,2
429,chocolateicecreamcone,33,2
429,strawberryicecreamcone,49,2
429,vanillasoftservecone,71,2
429,nutrigrainbar,51,2
429,churro,67,2
429,twistdonut,39,2
429,tuilecookie,18,2
429,madeleine,25,2
429,oatmealraisincookie,79,2
429,thumprintcookie,5,2
429,sugarcookie,50,2
429,vanillawafer,1,2
429,chocolatewafer,1,2
429,chocolatebark,62,2
429,darkchocolate,71,2
429,milkchocolate,49,2
429,pocky,22,2
429,toblerone,60,2
429,lindtlindorchocolatetruffle,65,2
429,twix,29,2
429,caramel,39,2
429,peanutmms,68,2
429,brownie,63,2
429,frostedbrownie,100,2
429,lemoncake,30,2
430,orange,72,2
430,plum,89,2
430,blackberry,86,2
430,peach,88,2
430,cherry,1,2
430,raspberry,86,2
430,apple,84,2
430,grape,100,2
430,goldendeliciousapple,99,2
430,honeydewmelon,83,2
430,kiwi,84,2
430,greenbellpepper,63,2
430,carrot,1,2
430,peanuts,70,2
430,almonds,60,2
430,baguette,24,2
430,slicedloafbread,39,2
430,boulebread,5,2
430,ryebread,21,2
430,deliturkey,76,2
430,chickentenders,88,2
430,meatballs,91,2
430,gouda,69,2
430,swisscheese,83,2
430,potatochips,85,2
430,tortillachips,76,2
430,doritos,81,2
430,ritzcracker,61,2
430,saltinecracker,25,2
430,wheatthins,49,2
430,eggrolls,65,2
430,frenchfries,91,2
430,butteredpopcorn,50,2
430,triscuits,30,2
430,wavylays,91,2
430,chocolateicecreamcone,3,2
430,strawberryicecreamcone,73,2
430,vanillasoftservecone,99,2
430,nutrigrainbar,52,2
430,churro,77,2
430,twistdonut,99,2
430,tuilecookie,50,2
430,madeleine,51,2
430,oatmealraisincookie,24,2
430,thumprintcookie,38,2
430,sugarcookie,84,2
430,vanillawafer,49,2
430,chocolatewafer,83,2
430,chocolatebark,16,2
430,darkchocolate,78,2
430,milkchocolate,86,2
430,pocky,31,2
430,toblerone,84,2
430,lindtlindorchocolatetruffle,77,2
430,twix,100,2
430,caramel,33,2
430,peanutmms,83,2
430,brownie,99,2
430,frostedbrownie,99,2
430,lemoncake,82,2
431,orange,66,2
431,plum,72,2
431,blackberry,19,2
431,peach,75,2
431,cherry,82,2
431,raspberry,74,2
431,apple,84,2
431,grape,72,2
431,goldendeliciousapple,79,2
431,honeydewmelon,62,2
431,kiwi,62,2
431,greenbellpepper,31,2
431,carrot,23,2
431,peanuts,55,2
431,almonds,29,2
431,baguette,16,2
431,slicedloafbread,11,2
431,boulebread,19,2
431,ryebread,8,2
431,deliturkey,67,2
431,chickentenders,75,2
431,meatballs,82,2
431,gouda,75,2
431,swisscheese,74,2
431,potatochips,62,2
431,tortillachips,20,2
431,doritos,29,2
431,ritzcracker,31,2
431,saltinecracker,19,2
431,wheatthins,19,2
431,eggrolls,75,2
431,frenchfries,29,2
431,butteredpopcorn,31,2
431,triscuits,21,2
431,wavylays,60,2
431,chocolateicecreamcone,28,2
431,strawberryicecreamcone,56,2
431,vanillasoftservecone,60,2
431,nutrigrainbar,17,2
431,churro,24,2
431,twistdonut,12,2
431,tuilecookie,39,2
431,madeleine,24,2
431,oatmealraisincookie,70,2
431,thumprintcookie,24,2
431,sugarcookie,75,2
431,vanillawafer,35,2
431,chocolatewafer,20,2
431,chocolatebark,29,2
431,darkchocolate,70,2
431,milkchocolate,59,2
431,pocky,24,2
431,toblerone,21,2
431,lindtlindorchocolatetruffle,36,2
431,twix,14,2
431,caramel,7,2
431,peanutmms,5,2
431,brownie,41,2
431,frostedbrownie,73,2
431,lemoncake,39,2
432,orange,59,2
432,plum,2,2
432,blackberry,92,2
432,peach,2,2
432,cherry,75,2
432,raspberry,71,2
432,apple,2,2
432,grape,76,2
432,goldendeliciousapple,2,2
432,honeydewmelon,2,2
432,kiwi,10,2
432,greenbellpepper,13,2
432,carrot,4,2
432,peanuts,2,2
432,almonds,2,2
432,baguette,7,2
432,slicedloafbread,17,2
432,boulebread,2,2
432,ryebread,3,2
432,deliturkey,57,2
432,chickentenders,62,2
432,meatballs,3,2
432,gouda,60,2
432,swisscheese,99,2
432,potatochips,53,2
432,tortillachips,42,2
432,doritos,51,2
432,ritzcracker,48,2
432,saltinecracker,48,2
432,wheatthins,59,2
432,eggrolls,99,2
432,frenchfries,42,2
432,butteredpopcorn,84,2
432,triscuits,1,2
432,wavylays,36,2
432,chocolateicecreamcone,66,2
432,strawberryicecreamcone,73,2
432,vanillasoftservecone,64,2
432,nutrigrainbar,16,2
432,churro,18,2
432,twistdonut,46,2
432,tuilecookie,6,2
432,madeleine,3,2
432,oatmealraisincookie,1,2
432,thumprintcookie,27,2
432,sugarcookie,49,2
432,vanillawafer,15,2
432,chocolatewafer,39,2
432,chocolatebark,2,2
432,darkchocolate,50,2
432,milkchocolate,60,2
432,pocky,7,2
432,toblerone,57,2
432,lindtlindorchocolatetruffle,47,2
432,twix,48,2
432,caramel,5,2
432,peanutmms,59,2
432,brownie,13,2
432,frostedbrownie,8,2
432,lemoncake,2,2
433,orange,2,2
433,plum,2,2
433,blackberry,2,2
433,peach,3,2
433,cherry,3,2
433,raspberry,2,2
433,apple,3,2
433,grape,2,2
433,goldendeliciousapple,2,2
433,honeydewmelon,2,2
433,kiwi,3,2
433,greenbellpepper,1,2
433,carrot,3,2
433,peanuts,40,2
433,almonds,15,2
433,baguette,47,2
433,slicedloafbread,53,2
433,boulebread,56,2
433,ryebread,52,2
433,deliturkey,20,2
433,chickentenders,10,2
433,meatballs,28,2
433,gouda,36,2
433,swisscheese,51,2
433,potatochips,99,2
433,tortillachips,51,2
433,doritos,49,2
433,ritzcracker,49,2
433,saltinecracker,52,2
433,wheatthins,50,2
433,eggrolls,49,2
433,frenchfries,100,2
433,butteredpopcorn,17,2
433,triscuits,51,2
433,wavylays,82,2
433,chocolateicecreamcone,97,2
433,strawberryicecreamcone,72,2
433,vanillasoftservecone,91,2
433,nutrigrainbar,18,2
433,churro,99,2
433,twistdonut,52,2
433,tuilecookie,61,2
433,madeleine,83,2
433,oatmealraisincookie,84,2
433,thumprintcookie,57,2
433,sugarcookie,90,2
433,vanillawafer,79,2
433,chocolatewafer,97,2
433,chocolatebark,89,2
433,darkchocolate,62,2
433,milkchocolate,89,2
433,pocky,56,2
433,toblerone,61,2
433,lindtlindorchocolatetruffle,70,2
433,twix,99,2
433,caramel,63,2
433,peanutmms,99,2
433,brownie,87,2
433,frostedbrownie,98,2
433,lemoncake,47,2
434,orange,52,2
434,plum,99,2
434,blackberry,100,2
434,peach,72,2
434,cherry,90,2
434,raspberry,100,2
434,apple,99,2
434,grape,100,2
434,goldendeliciousapple,97,2
434,honeydewmelon,99,2
434,kiwi,99,2
434,greenbellpepper,2,2
434,carrot,56,2
434,peanuts,99,2
434,almonds,86,2
434,baguette,62,2
434,slicedloafbread,60,2
434,boulebread,62,2
434,ryebread,62,2
434,deliturkey,79,2
434,chickentenders,43,2
434,meatballs,63,2
434,gouda,91,2
434,swisscheese,79,2
434,potatochips,98,2
434,tortillachips,42,2
434,doritos,46,2
434,ritzcracker,77,2
434,saltinecracker,64,2
434,wheatthins,86,2
434,eggrolls,88,2
434,frenchfries,71,2
434,butteredpopcorn,82,2
434,triscuits,95,2
434,wavylays,71,2
434,chocolateicecreamcone,99,2
434,strawberryicecreamcone,94,2
434,vanillasoftservecone,97,2
434,nutrigrainbar,71,2
434,churro,91,2
434,twistdonut,59,2
434,tuilecookie,93,2
434,madeleine,63,2
434,oatmealraisincookie,56,2
434,thumprintcookie,48,2
434,sugarcookie,91,2
434,vanillawafer,78,2
434,chocolatewafer,85,2
434,chocolatebark,57,2
434,darkchocolate,75,2
434,milkchocolate,70,2
434,pocky,85,2
434,toblerone,98,2
434,lindtlindorchocolatetruffle,75,2
434,twix,85,2
434,caramel,99,2
434,peanutmms,94,2
434,brownie,70,2
434,frostedbrownie,49,2
434,lemoncake,42,2
435,orange,83,2
435,plum,73,2
435,blackberry,81,2
435,peach,66,2
435,cherry,38,2
435,raspberry,84,2
435,apple,73,2
435,grape,97,2
435,goldendeliciousapple,60,2
435,honeydewmelon,94,2
435,kiwi,54,2
435,greenbellpepper,6,2
435,carrot,37,2
435,peanuts,61,2
435,almonds,32,2
435,baguette,31,2
435,slicedloafbread,14,2
435,boulebread,31,2
435,ryebread,23,2
435,deliturkey,14,2
435,chickentenders,68,2
435,meatballs,53,2
435,gouda,58,2
435,swisscheese,76,2
435,potatochips,71,2
435,tortillachips,60,2
435,doritos,73,2
435,ritzcracker,38,2
435,saltinecracker,22,2
435,wheatthins,21,2
435,eggrolls,36,2
435,frenchfries,70,2
435,butteredpopcorn,84,2
435,triscuits,6,2
435,wavylays,72,2
435,chocolateicecreamcone,95,2
435,strawberryicecreamcone,88,2
435,vanillasoftservecone,98,2
435,nutrigrainbar,61,2
435,churro,92,2
435,twistdonut,99,2
435,tuilecookie,33,2
435,madeleine,69,2
435,oatmealraisincookie,71,2
435,thumprintcookie,67,2
435,sugarcookie,81,2
435,vanillawafer,39,2
435,chocolatewafer,77,2
435,chocolatebark,60,2
435,darkchocolate,95,2
435,milkchocolate,87,2
435,pocky,12,2
435,toblerone,89,2
435,lindtlindorchocolatetruffle,95,2
435,twix,92,2
435,caramel,100,2
435,peanutmms,98,2
435,brownie,97,2
435,frostedbrownie,98,2
435,lemoncake,98,2
436,orange,85,2
436,plum,30,2
436,blackberry,30,2
436,peach,41,2
436,cherry,34,2
436,raspberry,39,2
436,apple,39,2
436,grape,88,2
436,goldendeliciousapple,39,2
436,honeydewmelon,1,2
436,kiwi,55,2
436,greenbellpepper,8,2
436,carrot,1,2
436,peanuts,71,2
436,almonds,38,2
436,baguette,15,2
436,slicedloafbread,34,2
436,boulebread,14,2
436,ryebread,11,2
436,deliturkey,18,2
436,chickentenders,23,2
436,meatballs,27,2
436,gouda,15,2
436,swisscheese,17,2
436,potatochips,88,2
436,tortillachips,75,2
436,doritos,86,2
436,ritzcracker,64,2
436,saltinecracker,71,2
436,wheatthins,27,2
436,eggrolls,1,2
436,frenchfries,69,2
436,butteredpopcorn,52,2
436,triscuits,1,2
436,wavylays,86,2
436,chocolateicecreamcone,90,2
436,strawberryicecreamcone,100,2
436,vanillasoftservecone,100,2
436,nutrigrainbar,64,2
436,churro,28,2
436,twistdonut,29,2
436,tuilecookie,19,2
436,madeleine,23,2
436,oatmealraisincookie,59,2
436,thumprintcookie,90,2
436,sugarcookie,78,2
436,vanillawafer,89,2
436,chocolatewafer,98,2
436,chocolatebark,34,2
436,darkchocolate,99,2
436,milkchocolate,95,2
436,pocky,30,2
436,toblerone,96,2
436,lindtlindorchocolatetruffle,100,2
436,twix,100,2
436,caramel,24,2
436,peanutmms,100,2
436,brownie,77,2
436,frostedbrownie,87,2
436,lemoncake,89,2
437,orange,1,2
437,plum,51,2
437,blackberry,2,2
437,peach,52,2
437,cherry,1,2
437,raspberry,2,2
437,apple,100,2
437,grape,50,2
437,goldendeliciousapple,52,2
437,honeydewmelon,3,2
437,kiwi,3,2
437,greenbellpepper,2,2
437,carrot,52,2
437,peanuts,99,2
437,almonds,1,2
437,baguette,51,2
437,slicedloafbread,50,2
437,boulebread,50,2
437,ryebread,51,2
437,deliturkey,100,2
437,chickentenders,99,2
437,meatballs,98,2
437,gouda,52,2
437,swisscheese,99,2
437,potatochips,99,2
437,tortillachips,98,2
437,doritos,98,2
437,ritzcracker,97,2
437,saltinecracker,99,2
437,wheatthins,99,2
437,eggrolls,98,2
437,frenchfries,99,2
437,butteredpopcorn,51,2
437,triscuits,2,2
437,wavylays,98,2
437,chocolateicecreamcone,3,2
437,strawberryicecreamcone,1,2
437,vanillasoftservecone,99,2
437,nutrigrainbar,2,2
437,churro,99,2
437,twistdonut,52,2
437,tuilecookie,98,2
437,madeleine,99,2
437,oatmealraisincookie,3,2
437,thumprintcookie,2,2
437,sugarcookie,97,2
437,vanillawafer,98,2
437,chocolatewafer,99,2
437,chocolatebark,3,2
437,darkchocolate,2,2
437,milkchocolate,2,2
437,pocky,3,2
437,toblerone,1,2
437,lindtlindorchocolatetruffle,2,2
437,twix,3,2
437,caramel,98,2
437,peanutmms,4,2
437,brownie,54,2
437,frostedbrownie,49,2
437,lemoncake,3,2
438,orange,80,2
438,plum,93,2
438,blackberry,99,2
438,peach,94,2
438,cherry,90,2
438,raspberry,98,2
438,apple,51,2
438,grape,99,2
438,goldendeliciousapple,76,2
438,honeydewmelon,49,2
438,kiwi,92,2
438,greenbellpepper,55,2
438,carrot,53,2
438,peanuts,53,2
438,almonds,53,2
438,baguette,91,2
438,slicedloafbread,96,2
438,boulebread,94,2
438,ryebread,62,2
438,deliturkey,96,2
438,chickentenders,98,2
438,meatballs,44,2
438,gouda,95,2
438,swisscheese,97,2
438,potatochips,63,2
438,tortillachips,57,2
438,doritos,65,2
438,ritzcracker,53,2
438,saltinecracker,68,2
438,wheatthins,49,2
438,eggrolls,51,2
438,frenchfries,41,2
438,butteredpopcorn,98,2
438,triscuits,49,2
438,wavylays,15,2
438,chocolateicecreamcone,32,2
438,strawberryicecreamcone,5,2
438,vanillasoftservecone,8,2
438,nutrigrainbar,1,2
438,churro,5,2
438,twistdonut,89,2
438,tuilecookie,15,2
438,madeleine,50,2
438,oatmealraisincookie,50,2
438,thumprintcookie,3,2
438,sugarcookie,9,2
438,vanillawafer,12,2
438,chocolatewafer,13,2
438,chocolatebark,24,2
438,darkchocolate,37,2
438,milkchocolate,45,2
438,pocky,12,2
438,toblerone,51,2
438,lindtlindorchocolatetruffle,49,2
438,twix,6,2
438,caramel,19,2
438,peanutmms,16,2
438,brownie,48,2
438,frostedbrownie,12,2
438,lemoncake,20,2
439,orange,100,2
439,plum,2,2
439,blackberry,73,2
439,peach,2,2
439,cherry,100,2
439,raspberry,57,2
439,apple,99,2
439,grape,100,2
439,goldendeliciousapple,99,2
439,honeydewmelon,37,2
439,kiwi,73,2
439,greenbellpepper,100,2
439,carrot,94,2
439,peanuts,67,2
439,almonds,63,2
439,baguette,2,2
439,slicedloafbread,4,2
439,boulebread,2,2
439,ryebread,19,2
439,deliturkey,94,2
439,chickentenders,100,2
439,meatballs,33,2
439,gouda,99,2
439,swisscheese,99,2
439,potatochips,42,2
439,tortillachips,60,2
439,doritos,69,2
439,ritzcracker,66,2
439,saltinecracker,17,2
439,wheatthins,55,2
439,eggrolls,95,2
439,frenchfries,41,2
439,butteredpopcorn,69,2
439,triscuits,54,2
439,wavylays,45,2
439,chocolateicecreamcone,45,2
439,strawberryicecreamcone,40,2
439,vanillasoftservecone,45,2
439,nutrigrainbar,68,2
439,churro,32,2
439,twistdonut,26,2
439,tuilecookie,42,2
439,madeleine,42,2
439,oatmealraisincookie,64,2
439,thumprintcookie,23,2
439,sugarcookie,42,2
439,vanillawafer,65,2
439,chocolatewafer,64,2
439,chocolatebark,100,2
439,darkchocolate,31,2
439,milkchocolate,41,2
439,pocky,42,2
439,toblerone,41,2
439,lindtlindorchocolatetruffle,25,2
439,twix,37,2
439,caramel,2,2
439,peanutmms,43,2
439,brownie,59,2
439,frostedbrownie,61,2
439,lemoncake,33,2
440,orange,73,2
440,plum,53,2
440,blackberry,18,2
440,peach,58,2
440,cherry,75,2
440,raspberry,33,2
440,apple,40,2
440,grape,73,2
440,goldendeliciousapple,73,2
440,honeydewmelon,5,2
440,kiwi,87,2
440,greenbellpepper,7,2
440,carrot,3,2
440,peanuts,36,2
440,almonds,69,2
440,baguette,27,2
440,slicedloafbread,22,2
440,boulebread,23,2
440,ryebread,21,2
440,deliturkey,42,2
440,chickentenders,65,2
440,meatballs,66,2
440,gouda,7,2
440,swisscheese,26,2
440,potatochips,71,2
440,tortillachips,53,2
440,doritos,16,2
440,ritzcracker,65,2
440,saltinecracker,27,2
440,wheatthins,53,2
440,eggrolls,11,2
440,frenchfries,50,2
440,butteredpopcorn,71,2
440,triscuits,55,2
440,wavylays,58,2
440,chocolateicecreamcone,65,2
440,strawberryicecreamcone,59,2
440,vanillasoftservecone,64,2
440,nutrigrainbar,14,2
440,churro,62,2
440,twistdonut,66,2
440,tuilecookie,30,2
440,madeleine,26,2
440,oatmealraisincookie,24,2
440,thumprintcookie,18,2
440,sugarcookie,66,2
440,vanillawafer,14,2
440,chocolatewafer,15,2
440,chocolatebark,37,2
440,darkchocolate,69,2
440,milkchocolate,69,2
440,pocky,72,2
440,toblerone,22,2
440,lindtlindorchocolatetruffle,48,2
440,twix,71,2
440,caramel,44,2
440,peanutmms,55,2
440,brownie,66,2
440,frostedbrownie,74,2
440,lemoncake,17,2
441,orange,41,2
441,plum,10,2
441,blackberry,57,2
441,peach,1,2
441,cherry,1,2
441,raspberry,26,2
441,apple,71,2
441,grape,65,2
441,goldendeliciousapple,62,2
441,honeydewmelon,62,2
441,kiwi,6,2
441,greenbellpepper,3,2
441,carrot,12,2
441,peanuts,49,2
441,almonds,41,2
441,baguette,13,2
441,slicedloafbread,24,2
441,boulebread,6,2
441,ryebread,33,2
441,deliturkey,62,2
441,chickentenders,75,2
441,meatballs,40,2
441,gouda,52,2
441,swisscheese,54,2
441,potatochips,63,2
441,tortillachips,41,2
441,doritos,59,2
441,ritzcracker,56,2
441,saltinecracker,36,2
441,wheatthins,40,2
441,eggrolls,37,2
441,frenchfries,59,2
441,butteredpopcorn,50,2
441,triscuits,38,2
441,wavylays,54,2
441,chocolateicecreamcone,99,2
441,strawberryicecreamcone,83,2
441,vanillasoftservecone,99,2
441,nutrigrainbar,51,2
441,churro,35,2
441,twistdonut,60,2
441,tuilecookie,34,2
441,madeleine,60,2
441,oatmealraisincookie,84,2
441,thumprintcookie,65,2
441,sugarcookie,83,2
441,vanillawafer,86,2
441,chocolatewafer,77,2
441,chocolatebark,81,2
441,darkchocolate,89,2
441,milkchocolate,99,2
441,pocky,64,2
441,toblerone,97,2
441,lindtlindorchocolatetruffle,83,2
441,twix,99,2
441,caramel,42,2
441,peanutmms,90,2
441,brownie,98,2
441,frostedbrownie,100,2
441,lemoncake,99,2
442,orange,67,2
442,plum,87,2
442,blackberry,31,2
442,peach,86,2
442,cherry,36,2
442,raspberry,33,2
442,apple,97,2
442,grape,98,2
442,goldendeliciousapple,94,2
442,honeydewmelon,80,2
442,kiwi,78,2
442,greenbellpepper,23,2
442,carrot,6,2
442,peanuts,75,2
442,almonds,69,2
442,baguette,6,2
442,slicedloafbread,13,2
442,boulebread,19,2
442,ryebread,5,2
442,deliturkey,37,2
442,chickentenders,88,2
442,meatballs,60,2
442,gouda,28,2
442,swisscheese,22,2
442,potatochips,98,2
442,tortillachips,11,2
442,doritos,92,2
442,ritzcracker,15,2
442,saltinecracker,8,2
442,wheatthins,11,2
442,eggrolls,63,2
442,frenchfries,84,2
442,butteredpopcorn,52,2
442,triscuits,8,2
442,wavylays,85,2
442,chocolateicecreamcone,54,2
442,strawberryicecreamcone,58,2
442,vanillasoftservecone,86,2
442,nutrigrainbar,37,2
442,churro,98,2
442,twistdonut,50,2
442,tuilecookie,20,2
442,madeleine,31,2
442,oatmealraisincookie,71,2
442,thumprintcookie,19,2
442,sugarcookie,36,2
442,vanillawafer,56,2
442,chocolatewafer,54,2
442,chocolatebark,57,2
442,darkchocolate,48,2
442,milkchocolate,38,2
442,pocky,76,2
442,toblerone,29,2
442,lindtlindorchocolatetruffle,19,2
442,twix,54,2
442,caramel,15,2
442,peanutmms,73,2
442,brownie,39,2
442,frostedbrownie,62,2
442,lemoncake,74,2
443,orange,99,2
443,plum,99,2
443,blackberry,99,2
443,peach,99,2
443,cherry,98,2
443,raspberry,99,2
443,apple,97,2
443,grape,98,2
443,goldendeliciousapple,98,2
443,honeydewmelon,97,2
443,kiwi,98,2
443,greenbellpepper,99,2
443,carrot,97,2
443,peanuts,91,2
443,almonds,97,2
443,baguette,79,2
443,slicedloafbread,80,2
443,boulebread,91,2
443,ryebread,96,2
443,deliturkey,31,2
443,chickentenders,10,2
443,meatballs,11,2
443,gouda,93,2
443,swisscheese,83,2
443,potatochips,10,2
443,tortillachips,5,2
443,doritos,9,2
443,ritzcracker,77,2
443,saltinecracker,78,2
443,wheatthins,78,2
443,eggrolls,17,2
443,frenchfries,9,2
443,butteredpopcorn,80,2
443,triscuits,75,2
443,wavylays,9,2
443,chocolateicecreamcone,3,2
443,strawberryicecreamcone,2,2
443,vanillasoftservecone,3,2
443,nutrigrainbar,20,2
443,churro,2,2
443,twistdonut,81,2
443,tuilecookie,2,2
443,madeleine,2,2
443,oatmealraisincookie,2,2
443,thumprintcookie,3,2
443,sugarcookie,3,2
443,vanillawafer,3,2
443,chocolatewafer,4,2
443,chocolatebark,3,2
443,darkchocolate,2,2
443,milkchocolate,3,2
443,pocky,2,2
443,toblerone,2,2
443,lindtlindorchocolatetruffle,3,2
443,twix,3,2
443,caramel,3,2
443,peanutmms,2,2
443,brownie,3,2
443,frostedbrownie,2,2
443,lemoncake,2,2
444,orange,8,2
444,plum,8,2
444,blackberry,7,2
444,peach,7,2
444,cherry,8,2
444,raspberry,11,2
444,apple,51,2
444,grape,10,2
444,goldendeliciousapple,8,2
444,honeydewmelon,18,2
444,kiwi,6,2
444,greenbellpepper,7,2
444,carrot,8,2
444,peanuts,57,2
444,almonds,73,2
444,baguette,18,2
444,slicedloafbread,11,2
444,boulebread,13,2
444,ryebread,44,2
444,deliturkey,8,2
444,chickentenders,59,2
444,meatballs,49,2
444,gouda,3,2
444,swisscheese,11,2
444,potatochips,51,2
444,tortillachips,70,2
444,doritos,84,2
444,ritzcracker,20,2
444,saltinecracker,8,2
444,wheatthins,14,2
444,eggrolls,3,2
444,frenchfries,66,2
444,butteredpopcorn,90,2
444,triscuits,13,2
444,wavylays,69,2
444,chocolateicecreamcone,88,2
444,strawberryicecreamcone,12,2
444,vanillasoftservecone,88,2
444,nutrigrainbar,10,2
444,churro,72,2
444,twistdonut,89,2
444,tuilecookie,12,2
444,madeleine,5,2
444,oatmealraisincookie,14,2
444,thumprintcookie,67,2
444,sugarcookie,25,2
444,vanillawafer,51,2
444,chocolatewafer,63,2
444,chocolatebark,18,2
444,darkchocolate,67,2
444,milkchocolate,87,2
444,pocky,50,2
444,toblerone,34,2
444,lindtlindorchocolatetruffle,68,2
444,twix,25,2
444,caramel,12,2
444,peanutmms,83,2
444,brownie,84,2
444,frostedbrownie,89,2
444,lemoncake,84,2
445,orange,91,2
445,plum,93,2
445,blackberry,91,2
445,peach,89,2
445,cherry,91,2
445,raspberry,94,2
445,apple,90,2
445,grape,89,2
445,goldendeliciousapple,91,2
445,honeydewmelon,93,2
445,kiwi,88,2
445,greenbellpepper,93,2
445,carrot,93,2
445,peanuts,89,2
445,almonds,94,2
445,baguette,12,2
445,slicedloafbread,5,2
445,boulebread,60,2
445,ryebread,23,2
445,deliturkey,9,2
445,chickentenders,6,2
445,meatballs,6,2
445,gouda,9,2
445,swisscheese,70,2
445,potatochips,11,2
445,tortillachips,11,2
445,doritos,11,2
445,ritzcracker,14,2
445,saltinecracker,11,2
445,wheatthins,9,2
445,eggrolls,9,2
445,frenchfries,4,2
445,butteredpopcorn,12,2
445,triscuits,65,2
445,wavylays,9,2
445,chocolateicecreamcone,10,2
445,strawberryicecreamcone,13,2
445,vanillasoftservecone,13,2
445,nutrigrainbar,9,2
445,churro,14,2
445,twistdonut,10,2
445,tuilecookie,10,2
445,madeleine,11,2
445,oatmealraisincookie,10,2
445,thumprintcookie,12,2
445,sugarcookie,11,2
445,vanillawafer,10,2
445,chocolatewafer,13,2
445,chocolatebark,8,2
445,darkchocolate,12,2
445,milkchocolate,11,2
445,pocky,14,2
445,toblerone,13,2
445,lindtlindorchocolatetruffle,8,2
445,twix,11,2
445,caramel,66,2
445,peanutmms,8,2
445,brownie,10,2
445,frostedbrownie,12,2
445,lemoncake,8,2
446,orange,97,2
446,plum,97,2
446,blackberry,99,2
446,peach,98,2
446,cherry,79,2
446,raspberry,93,2
446,apple,33,2
446,grape,92,2
446,goldendeliciousapple,47,2
446,honeydewmelon,96,2
446,kiwi,88,2
446,greenbellpepper,4,2
446,carrot,9,2
446,peanuts,99,2
446,almonds,99,2
446,baguette,4,2
446,slicedloafbread,3,2
446,boulebread,5,2
446,ryebread,68,2
446,deliturkey,16,2
446,chickentenders,16,2
446,meatballs,4,2
446,gouda,91,2
446,swisscheese,87,2
446,potatochips,13,2
446,tortillachips,19,2
446,doritos,13,2
446,ritzcracker,67,2
446,saltinecracker,45,2
446,wheatthins,38,2
446,eggrolls,31,2
446,frenchfries,9,2
446,butteredpopcorn,66,2
446,triscuits,54,2
446,wavylays,16,2
446,chocolateicecreamcone,97,2
446,strawberryicecreamcone,98,2
446,vanillasoftservecone,98,2
446,nutrigrainbar,7,2
446,churro,5,2
446,twistdonut,3,2
446,tuilecookie,4,2
446,madeleine,6,2
446,oatmealraisincookie,39,2
446,thumprintcookie,57,2
446,sugarcookie,3,2
446,vanillawafer,89,2
446,chocolatewafer,94,2
446,chocolatebark,54,2
446,darkchocolate,15,2
446,milkchocolate,16,2
446,pocky,3,2
446,toblerone,7,2
446,lindtlindorchocolatetruffle,14,2
446,twix,18,2
446,caramel,3,2
446,peanutmms,12,2
446,brownie,6,2
446,frostedbrownie,51,2
446,lemoncake,13,2
447,orange,72,2
447,plum,24,2
447,blackberry,32,2
447,peach,4,2
447,cherry,45,2
447,raspberry,60,2
447,apple,76,2
447,grape,81,2
447,goldendeliciousapple,75,2
447,honeydewmelon,26,2
447,kiwi,61,2
447,greenbellpepper,63,2
447,carrot,66,2
447,peanuts,75,2
447,almonds,70,2
447,baguette,27,2
447,slicedloafbread,47,2
447,boulebread,55,2
447,ryebread,57,2
447,deliturkey,70,2
447,chickentenders,43,2
447,meatballs,75,2
447,gouda,48,2
447,swisscheese,70,2
447,potatochips,52,2
447,tortillachips,49,2
447,doritos,53,2
447,ritzcracker,50,2
447,saltinecracker,50,2
447,wheatthins,56,2
447,eggrolls,51,2
447,frenchfries,70,2
447,butteredpopcorn,29,2
447,triscuits,48,2
447,wavylays,50,2
447,chocolateicecreamcone,24,2
447,strawberryicecreamcone,18,2
447,vanillasoftservecone,24,2
447,nutrigrainbar,52,2
447,churro,31,2
447,twistdonut,21,2
447,tuilecookie,30,2
447,madeleine,33,2
447,oatmealraisincookie,25,2
447,thumprintcookie,30,2
447,sugarcookie,27,2
447,vanillawafer,24,2
447,chocolatewafer,24,2
447,chocolatebark,24,2
447,darkchocolate,25,2
447,milkchocolate,25,2
447,pocky,16,2
447,toblerone,22,2
447,lindtlindorchocolatetruffle,28,2
447,twix,27,2
447,caramel,31,2
447,peanutmms,19,2
447,brownie,22,2
447,frostedbrownie,25,2
447,lemoncake,21,2
448,orange,89,2
448,plum,33,2
448,blackberry,68,2
448,peach,100,2
448,cherry,78,2
448,raspberry,92,2
448,apple,62,2
448,grape,100,2
448,goldendeliciousapple,85,2
448,honeydewmelon,17,2
448,kiwi,7,2
448,greenbellpepper,32,2
448,carrot,28,2
448,peanuts,70,2
448,almonds,64,2
448,baguette,100,2
448,slicedloafbread,76,2
448,boulebread,70,2
448,ryebread,67,2
448,deliturkey,78,2
448,chickentenders,100,2
448,meatballs,100,2
448,gouda,26,2
448,swisscheese,12,2
448,potatochips,100,2
448,tortillachips,100,2
448,doritos,100,2
448,ritzcracker,48,2
448,saltinecracker,15,2
448,wheatthins,38,2
448,eggrolls,100,2
448,frenchfries,100,2
448,butteredpopcorn,100,2
448,triscuits,1,2
448,wavylays,100,2
448,chocolateicecreamcone,93,2
448,strawberryicecreamcone,100,2
448,vanillasoftservecone,1,2
448,nutrigrainbar,86,2
448,churro,100,2
448,twistdonut,100,2
448,tuilecookie,17,2
448,madeleine,67,2
448,oatmealraisincookie,92,2
448,thumprintcookie,66,2
448,sugarcookie,88,2
448,vanillawafer,100,2
448,chocolatewafer,100,2
448,chocolatebark,76,2
448,darkchocolate,100,2
448,milkchocolate,86,2
448,pocky,77,2
448,toblerone,43,2
448,lindtlindorchocolatetruffle,100,2
448,twix,100,2
448,caramel,8,2
448,peanutmms,86,2
448,brownie,100,2
448,frostedbrownie,100,2
448,lemoncake,100,2
449,orange,89,2
449,plum,95,2
449,blackberry,99,2
449,peach,97,2
449,cherry,100,2
449,raspberry,98,2
449,apple,99,2
449,grape,97,2
449,goldendeliciousapple,97,2
449,honeydewmelon,100,2
449,kiwi,98,2
449,greenbellpepper,79,2
449,carrot,75,2
449,peanuts,46,2
449,almonds,52,2
449,baguette,50,2
449,slicedloafbread,49,2
449,boulebread,48,2
449,ryebread,51,2
449,deliturkey,1,2
449,chickentenders,19,2
449,meatballs,12,2
449,gouda,50,2
449,swisscheese,68,2
449,potatochips,10,2
449,tortillachips,11,2
449,doritos,10,2
449,ritzcracker,50,2
449,saltinecracker,49,2
449,wheatthins,51,2
449,eggrolls,4,2
449,frenchfries,14,2
449,butteredpopcorn,28,2
449,triscuits,46,2
449,wavylays,7,2
449,chocolateicecreamcone,23,2
449,strawberryicecreamcone,17,2
449,vanillasoftservecone,20,2
449,nutrigrainbar,48,2
449,churro,3,2
449,twistdonut,49,2
449,tuilecookie,4,2
449,madeleine,8,2
449,oatmealraisincookie,5,2
449,thumprintcookie,5,2
449,sugarcookie,8,2
449,vanillawafer,10,2
449,chocolatewafer,4,2
449,chocolatebark,20,2
449,darkchocolate,21,2
449,milkchocolate,17,2
449,pocky,10,2
449,toblerone,19,2
449,lindtlindorchocolatetruffle,17,2
449,twix,17,2
449,caramel,7,2
449,peanutmms,17,2
449,brownie,16,2
449,frostedbrownie,17,2
449,lemoncake,13,2
450,orange,87,2
450,plum,71,2
450,blackberry,98,2
450,peach,83,2
450,cherry,86,2
450,raspberry,97,2
450,apple,87,2
450,grape,91,2
450,goldendeliciousapple,28,2
450,honeydewmelon,65,2
450,kiwi,95,2
450,greenbellpepper,58,2
450,carrot,86,2
450,peanuts,29,2
450,almonds,35,2
450,baguette,92,2
450,slicedloafbread,78,2
450,boulebread,52,2
450,ryebread,25,2
450,deliturkey,37,2
450,chickentenders,87,2
450,meatballs,62,2
450,gouda,84,2
450,swisscheese,80,2
450,potatochips,43,2
450,tortillachips,50,2
450,doritos,59,2
450,ritzcracker,50,2
450,saltinecracker,49,2
450,wheatthins,48,2
450,eggrolls,65,2
450,frenchfries,52,2
450,butteredpopcorn,53,2
450,triscuits,78,2
450,wavylays,56,2
450,chocolateicecreamcone,97,2
450,strawberryicecreamcone,95,2
450,vanillasoftservecone,66,2
450,nutrigrainbar,45,2
450,churro,91,2
450,twistdonut,73,2
450,tuilecookie,22,2
450,madeleine,62,2
450,oatmealraisincookie,42,2
450,thumprintcookie,91,2
450,sugarcookie,55,2
450,vanillawafer,31,2
450,chocolatewafer,75,2
450,chocolatebark,19,2
450,darkchocolate,25,2
450,milkchocolate,58,2
450,pocky,33,2
450,toblerone,58,2
450,lindtlindorchocolatetruffle,62,2
450,twix,69,2
450,caramel,34,2
450,peanutmms,30,2
450,brownie,92,2
450,frostedbrownie,96,2
450,lemoncake,85,2
451,orange,95,2
451,plum,6,2
451,blackberry,43,2
451,peach,5,2
451,cherry,55,2
451,raspberry,42,2
451,apple,96,2
451,grape,92,2
451,goldendeliciousapple,80,2
451,honeydewmelon,31,2
451,kiwi,1,2
451,greenbellpepper,1,2
451,carrot,37,2
451,peanuts,83,2
451,almonds,79,2
451,baguette,1,2
451,slicedloafbread,2,2
451,boulebread,1,2
451,ryebread,1,2
451,deliturkey,56,2
451,chickentenders,59,2
451,meatballs,83,2
451,gouda,55,2
451,swisscheese,66,2
451,potatochips,71,2
451,tortillachips,26,2
451,doritos,63,2
451,ritzcracker,1,2
451,saltinecracker,1,2
451,wheatthins,3,2
451,eggrolls,67,2
451,frenchfries,72,2
451,butteredpopcorn,41,2
451,triscuits,22,2
451,wavylays,71,2
451,chocolateicecreamcone,62,2
451,strawberryicecreamcone,80,2
451,vanillasoftservecone,91,2
451,nutrigrainbar,94,2
451,churro,54,2
451,twistdonut,75,2
451,tuilecookie,13,2
451,madeleine,38,2
451,oatmealraisincookie,94,2
451,thumprintcookie,94,2
451,sugarcookie,52,2
451,vanillawafer,41,2
451,chocolatewafer,49,2
451,chocolatebark,65,2
451,darkchocolate,1,2
451,milkchocolate,90,2
451,pocky,7,2
451,toblerone,72,2
451,lindtlindorchocolatetruffle,56,2
451,twix,100,2
451,caramel,74,2
451,peanutmms,100,2
451,brownie,78,2
451,frostedbrownie,78,2
451,lemoncake,79,2
452,orange,20,2
452,plum,98,2
452,blackberry,98,2
452,peach,86,2
452,cherry,97,2
452,raspberry,100,2
452,apple,17,2
452,grape,73,2
452,goldendeliciousapple,20,2
452,honeydewmelon,21,2
452,kiwi,98,2
452,greenbellpepper,50,2
452,carrot,18,2
452,peanuts,16,2
452,almonds,58,2
452,baguette,83,2
452,slicedloafbread,73,2
452,boulebread,85,2
452,ryebread,84,2
452,deliturkey,64,2
452,chickentenders,46,2
452,meatballs,62,2
452,gouda,99,2
452,swisscheese,100,2
452,potatochips,70,2
452,tortillachips,63,2
452,doritos,82,2
452,ritzcracker,60,2
452,saltinecracker,62,2
452,wheatthins,57,2
452,eggrolls,79,2
452,frenchfries,95,2
452,butteredpopcorn,6,2
452,triscuits,65,2
452,wavylays,64,2
452,chocolateicecreamcone,47,2
452,strawberryicecreamcone,47,2
452,vanillasoftservecone,50,2
452,nutrigrainbar,4,2
452,churro,92,2
452,twistdonut,65,2
452,tuilecookie,59,2
452,madeleine,67,2
452,oatmealraisincookie,68,2
452,thumprintcookie,58,2
452,sugarcookie,56,2
452,vanillawafer,58,2
452,chocolatewafer,60,2
452,chocolatebark,80,2
452,darkchocolate,95,2
452,milkchocolate,96,2
452,pocky,85,2
452,toblerone,98,2
452,lindtlindorchocolatetruffle,92,2
452,twix,87,2
452,caramel,77,2
452,peanutmms,79,2
452,brownie,95,2
452,frostedbrownie,95,2
452,lemoncake,94,2
453,orange,47,2
453,plum,13,2
453,blackberry,96,2
453,peach,31,2
453,cherry,39,2
453,raspberry,98,2
453,apple,57,2
453,grape,53,2
453,goldendeliciousapple,70,2
453,honeydewmelon,85,2
453,kiwi,2,2
453,greenbellpepper,82,2
453,carrot,48,2
453,peanuts,89,2
453,almonds,94,2
453,baguette,7,2
453,slicedloafbread,7,2
453,boulebread,7,2
453,ryebread,8,2
453,deliturkey,52,2
453,chickentenders,21,2
453,meatballs,64,2
453,gouda,95,2
453,swisscheese,89,2
453,potatochips,14,2
453,tortillachips,20,2
453,doritos,16,2
453,ritzcracker,11,2
453,saltinecracker,11,2
453,wheatthins,16,2
453,eggrolls,16,2
453,frenchfries,10,2
453,butteredpopcorn,48,2
453,triscuits,46,2
453,wavylays,23,2
453,chocolateicecreamcone,19,2
453,strawberryicecreamcone,20,2
453,vanillasoftservecone,12,2
453,nutrigrainbar,6,2
453,churro,8,2
453,twistdonut,8,2
453,tuilecookie,9,2
453,madeleine,5,2
453,oatmealraisincookie,23,2
453,thumprintcookie,12,2
453,sugarcookie,9,2
453,vanillawafer,8,2
453,chocolatewafer,12,2
453,chocolatebark,18,2
453,darkchocolate,31,2
453,milkchocolate,47,2
453,pocky,5,2
453,toblerone,46,2
453,lindtlindorchocolatetruffle,42,2
453,twix,8,2
453,caramel,11,2
453,peanutmms,12,2
453,brownie,14,2
453,frostedbrownie,28,2
453,lemoncake,9,2
454,orange,2,2
454,plum,2,2
454,blackberry,85,2
454,peach,11,2
454,cherry,3,2
454,raspberry,82,2
454,apple,80,2
454,grape,74,2
454,goldendeliciousapple,94,2
454,honeydewmelon,2,2
454,kiwi,3,2
454,greenbellpepper,2,2
454,carrot,61,2
454,peanuts,59,2
454,almonds,2,2
454,baguette,49,2
454,slicedloafbread,62,2
454,boulebread,48,2
454,ryebread,49,2
454,deliturkey,94,2
454,chickentenders,90,2
454,meatballs,49,2
454,gouda,60,2
454,swisscheese,99,2
454,potatochips,99,2
454,tortillachips,49,2
454,doritos,98,2
454,ritzcracker,79,2
454,saltinecracker,71,2
454,wheatthins,72,2
454,eggrolls,2,2
454,frenchfries,99,2
454,butteredpopcorn,3,2
454,triscuits,20,2
454,wavylays,62,2
454,chocolateicecreamcone,2,2
454,strawberryicecreamcone,1,2
454,vanillasoftservecone,91,2
454,nutrigrainbar,29,2
454,churro,38,2
454,twistdonut,65,2
454,tuilecookie,15,2
454,madeleine,50,2
454,oatmealraisincookie,1,2
454,thumprintcookie,3,2
454,sugarcookie,21,2
454,vanillawafer,68,2
454,chocolatewafer,51,2
454,chocolatebark,48,2
454,darkchocolate,15,2
454,milkchocolate,17,2
454,pocky,20,2
454,toblerone,34,2
454,lindtlindorchocolatetruffle,8,2
454,twix,27,2
454,caramel,3,2
454,peanutmms,17,2
454,brownie,5,2
454,frostedbrownie,1,2
454,lemoncake,9,2
455,orange,2,2
455,plum,2,2
455,blackberry,2,2
455,peach,2,2
455,cherry,3,2
455,raspberry,3,2
455,apple,2,2
455,grape,4,2
455,goldendeliciousapple,2,2
455,honeydewmelon,2,2
455,kiwi,2,2
455,greenbellpepper,1,2
455,carrot,1,2
455,peanuts,2,2
455,almonds,1,2
455,baguette,52,2
455,slicedloafbread,21,2
455,boulebread,34,2
455,ryebread,18,2
455,deliturkey,19,2
455,chickentenders,90,2
455,meatballs,83,2
455,gouda,26,2
455,swisscheese,65,2
455,potatochips,89,2
455,tortillachips,80,2
455,doritos,78,2
455,ritzcracker,51,2
455,saltinecracker,49,2
455,wheatthins,47,2
455,eggrolls,24,2
455,frenchfries,97,2
455,butteredpopcorn,61,2
455,triscuits,59,2
455,wavylays,94,2
455,chocolateicecreamcone,99,2
455,strawberryicecreamcone,97,2
455,vanillasoftservecone,99,2
455,nutrigrainbar,63,2
455,churro,74,2
455,twistdonut,59,2
455,tuilecookie,16,2
455,madeleine,74,2
455,oatmealraisincookie,93,2
455,thumprintcookie,73,2
455,sugarcookie,67,2
455,vanillawafer,67,2
455,chocolatewafer,80,2
455,chocolatebark,21,2
455,darkchocolate,84,2
455,milkchocolate,89,2
455,pocky,11,2
455,toblerone,82,2
455,lindtlindorchocolatetruffle,72,2
455,twix,84,2
455,caramel,37,2
455,peanutmms,92,2
455,brownie,85,2
455,frostedbrownie,92,2
455,lemoncake,88,2
456,orange,87,2
456,plum,23,2
456,blackberry,27,2
456,peach,36,2
456,cherry,64,2
456,raspberry,38,2
456,apple,89,2
456,grape,81,2
456,goldendeliciousapple,72,2
456,honeydewmelon,61,2
456,kiwi,31,2
456,greenbellpepper,60,2
456,carrot,34,2
456,peanuts,74,2
456,almonds,69,2
456,baguette,51,2
456,slicedloafbread,50,2
456,boulebread,51,2
456,ryebread,52,2
456,deliturkey,90,2
456,chickentenders,96,2
456,meatballs,55,2
456,gouda,73,2
456,swisscheese,85,2
456,potatochips,87,2
456,tortillachips,79,2
456,doritos,79,2
456,ritzcracker,36,2
456,saltinecracker,51,2
456,wheatthins,43,2
456,eggrolls,94,2
456,frenchfries,93,2
456,butteredpopcorn,88,2
456,triscuits,45,2
456,wavylays,77,2
456,chocolateicecreamcone,95,2
456,strawberryicecreamcone,87,2
456,vanillasoftservecone,89,2
456,nutrigrainbar,39,2
456,churro,73,2
456,twistdonut,79,2
456,tuilecookie,82,2
456,madeleine,72,2
456,oatmealraisincookie,77,2
456,thumprintcookie,65,2
456,sugarcookie,83,2
456,vanillawafer,82,2
456,chocolatewafer,74,2
456,chocolatebark,76,2
456,darkchocolate,73,2
456,milkchocolate,71,2
456,pocky,50,2
456,toblerone,74,2
456,lindtlindorchocolatetruffle,73,2
456,twix,66,2
456,caramel,29,2
456,peanutmms,77,2
456,brownie,72,2
456,frostedbrownie,71,2
456,lemoncake,79,2
457,orange,91,2
457,plum,40,2
457,blackberry,81,2
457,peach,63,2
457,cherry,76,2
457,raspberry,68,2
457,apple,68,2
457,grape,81,2
457,goldendeliciousapple,61,2
457,honeydewmelon,24,2
457,kiwi,28,2
457,greenbellpepper,1,2
457,carrot,78,2
457,peanuts,60,2
457,almonds,73,2
457,baguette,34,2
457,slicedloafbread,9,2
457,boulebread,7,2
457,ryebread,17,2
457,deliturkey,60,2
457,chickentenders,87,2
457,meatballs,54,2
457,gouda,19,2
457,swisscheese,56,2
457,potatochips,27,2
457,tortillachips,22,2
457,doritos,47,2
457,ritzcracker,35,2
457,saltinecracker,22,2
457,wheatthins,43,2
457,eggrolls,57,2
457,frenchfries,31,2
457,butteredpopcorn,38,2
457,triscuits,27,2
457,wavylays,22,2
457,chocolateicecreamcone,89,2
457,strawberryicecreamcone,85,2
457,vanillasoftservecone,86,2
457,nutrigrainbar,64,2
457,churro,40,2
457,twistdonut,32,2
457,tuilecookie,79,2
457,madeleine,66,2
457,oatmealraisincookie,48,2
457,thumprintcookie,63,2
457,sugarcookie,25,2
457,vanillawafer,83,2
457,chocolatewafer,96,2
457,chocolatebark,82,2
457,darkchocolate,85,2
457,milkchocolate,96,2
457,pocky,44,2
457,toblerone,83,2
457,lindtlindorchocolatetruffle,61,2
457,twix,93,2
457,caramel,67,2
457,peanutmms,6,2
457,brownie,94,2
457,frostedbrownie,96,2
457,lemoncake,97,2
458,orange,77,2
458,plum,57,2
458,blackberry,84,2
458,peach,93,2
458,cherry,77,2
458,raspberry,89,2
458,apple,66,2
458,grape,69,2
458,goldendeliciousapple,50,2
458,honeydewmelon,87,2
458,kiwi,79,2
458,greenbellpepper,74,2
458,carrot,24,2
458,peanuts,39,2
458,almonds,76,2
458,baguette,15,2
458,slicedloafbread,17,2
458,boulebread,11,2
458,ryebread,18,2
458,deliturkey,67,2
458,chickentenders,43,2
458,meatballs,9,2
458,gouda,13,2
458,swisscheese,77,2
458,potatochips,18,2
458,tortillachips,5,2
458,doritos,6,2
458,ritzcracker,5,2
458,saltinecracker,4,2
458,wheatthins,9,2
458,eggrolls,13,2
458,frenchfries,14,2
458,butteredpopcorn,9,2
458,triscuits,5,2
458,wavylays,6,2
458,chocolateicecreamcone,49,2
458,strawberryicecreamcone,48,2
458,vanillasoftservecone,55,2
458,nutrigrainbar,13,2
458,churro,9,2
458,twistdonut,13,2
458,tuilecookie,6,2
458,madeleine,5,2
458,oatmealraisincookie,5,2
458,thumprintcookie,7,2
458,sugarcookie,6,2
458,vanillawafer,8,2
458,chocolatewafer,6,2
458,chocolatebark,7,2
458,darkchocolate,13,2
458,milkchocolate,9,2
458,pocky,3,2
458,toblerone,17,2
458,lindtlindorchocolatetruffle,12,2
458,twix,7,2
458,caramel,4,2
458,peanutmms,8,2
458,brownie,9,2
458,frostedbrownie,7,2
458,lemoncake,6,2
459,orange,99,2
459,plum,99,2
459,blackberry,81,2
459,peach,99,2
459,cherry,92,2
459,raspberry,88,2
459,apple,96,2
459,grape,99,2
459,goldendeliciousapple,86,2
459,honeydewmelon,12,2
459,kiwi,6,2
459,greenbellpepper,2,2
459,carrot,69,2
459,peanuts,85,2
459,almonds,94,2
459,baguette,13,2
459,slicedloafbread,20,2
459,boulebread,40,2
459,ryebread,32,2
459,deliturkey,60,2
459,chickentenders,90,2
459,meatballs,3,2
459,gouda,81,2
459,swisscheese,90,2
459,potatochips,2,2
459,tortillachips,6,2
459,doritos,1,2
459,ritzcracker,5,2
459,saltinecracker,1,2
459,wheatthins,4,2
459,eggrolls,47,2
459,frenchfries,10,2
459,butteredpopcorn,8,2
459,triscuits,53,2
459,wavylays,2,2
459,chocolateicecreamcone,21,2
459,strawberryicecreamcone,7,2
459,vanillasoftservecone,3,2
459,nutrigrainbar,49,2
459,churro,2,2
459,twistdonut,7,2
459,tuilecookie,9,2
459,madeleine,65,2
459,oatmealraisincookie,23,2
459,thumprintcookie,10,2
459,sugarcookie,7,2
459,vanillawafer,2,2
459,chocolatewafer,17,2
459,chocolatebark,43,2
459,darkchocolate,29,2
459,milkchocolate,11,2
459,pocky,25,2
459,toblerone,15,2
459,lindtlindorchocolatetruffle,15,2
459,twix,10,2
459,caramel,18,2
459,peanutmms,2,2
459,brownie,33,2
459,frostedbrownie,34,2
459,lemoncake,2,2
460,orange,79,2
460,plum,68,2
460,blackberry,80,2
460,peach,74,2
460,cherry,80,2
460,raspberry,72,2
460,apple,100,2
460,grape,100,2
460,goldendeliciousapple,96,2
460,honeydewmelon,39,2
460,kiwi,64,2
460,greenbellpepper,59,2
460,carrot,78,2
460,peanuts,33,2
460,almonds,11,2
460,baguette,23,2
460,slicedloafbread,21,2
460,boulebread,23,2
460,ryebread,17,2
460,deliturkey,24,2
460,chickentenders,11,2
460,meatballs,1,2
460,gouda,19,2
460,swisscheese,49,2
460,potatochips,25,2
460,tortillachips,50,2
460,doritos,2,2
460,ritzcracker,39,2
460,saltinecracker,40,2
460,wheatthins,14,2
460,eggrolls,9,2
460,frenchfries,21,2
460,butteredpopcorn,53,2
460,triscuits,1,2
460,wavylays,14,2
460,chocolateicecreamcone,55,2
460,strawberryicecreamcone,23,2
460,vanillasoftservecone,11,2
460,nutrigrainbar,1,2
460,churro,12,2
460,twistdonut,13,2
460,tuilecookie,1,2
460,madeleine,20,2
460,oatmealraisincookie,13,2
460,thumprintcookie,43,2
460,sugarcookie,52,2
460,vanillawafer,2,2
460,chocolatewafer,2,2
460,chocolatebark,51,2
460,darkchocolate,55,2
460,milkchocolate,54,2
460,pocky,2,2
460,toblerone,49,2
460,lindtlindorchocolatetruffle,34,2
460,twix,49,2
460,caramel,64,2
460,peanutmms,41,2
460,brownie,55,2
460,frostedbrownie,39,2
460,lemoncake,52,2
461,orange,99,2
461,plum,99,2
461,blackberry,94,2
461,peach,99,2
461,cherry,98,2
461,raspberry,76,2
461,apple,100,2
461,grape,100,2
461,goldendeliciousapple,99,2
461,honeydewmelon,99,2
461,kiwi,97,2
461,greenbellpepper,37,2
461,carrot,99,2
461,peanuts,86,2
461,almonds,100,2
461,baguette,98,2
461,slicedloafbread,18,2
461,boulebread,30,2
461,ryebread,56,2
461,deliturkey,99,2
461,chickentenders,99,2
461,meatballs,90,2
461,gouda,91,2
461,swisscheese,99,2
461,potatochips,68,2
461,tortillachips,14,2
461,doritos,100,2
461,ritzcracker,93,2
461,saltinecracker,4,2
461,wheatthins,54,2
461,eggrolls,91,2
461,frenchfries,72,2
461,butteredpopcorn,72,2
461,triscuits,51,2
461,wavylays,81,2
461,chocolateicecreamcone,99,2
461,strawberryicecreamcone,99,2
461,vanillasoftservecone,99,2
461,nutrigrainbar,99,2
461,churro,100,2
461,twistdonut,59,2
461,tuilecookie,99,2
461,madeleine,99,2
461,oatmealraisincookie,99,2
461,thumprintcookie,55,2
461,sugarcookie,15,2
461,vanillawafer,53,2
461,chocolatewafer,98,2
461,chocolatebark,98,2
461,darkchocolate,99,2
461,milkchocolate,77,2
461,pocky,98,2
461,toblerone,100,2
461,lindtlindorchocolatetruffle,98,2
461,twix,99,2
461,caramel,40,2
461,peanutmms,100,2
461,brownie,99,2
461,frostedbrownie,98,2
461,lemoncake,98,2
462,orange,63,2
462,plum,20,2
462,blackberry,54,2
462,peach,23,2
462,cherry,33,2
462,raspberry,66,2
462,apple,82,2
462,grape,90,2
462,goldendeliciousapple,67,2
462,honeydewmelon,22,2
462,kiwi,34,2
462,greenbellpepper,34,2
462,carrot,25,2
462,peanuts,66,2
462,almonds,71,2
462,baguette,64,2
462,slicedloafbread,46,2
462,boulebread,53,2
462,ryebread,53,2
462,deliturkey,98,2
462,chickentenders,91,2
462,meatballs,50,2
462,gouda,100,2
462,swisscheese,99,2
462,potatochips,79,2
462,tortillachips,54,2
462,doritos,78,2
462,ritzcracker,66,2
462,saltinecracker,63,2
462,wheatthins,56,2
462,eggrolls,63,2
462,frenchfries,70,2
462,butteredpopcorn,76,2
462,triscuits,58,2
462,wavylays,75,2
462,chocolateicecreamcone,60,2
462,strawberryicecreamcone,56,2
462,vanillasoftservecone,39,2
462,nutrigrainbar,45,2
462,churro,28,2
462,twistdonut,53,2
462,tuilecookie,52,2
462,madeleine,47,2
462,oatmealraisincookie,33,2
462,thumprintcookie,62,2
462,sugarcookie,74,2
462,vanillawafer,38,2
462,chocolatewafer,69,2
462,chocolatebark,60,2
462,darkchocolate,59,2
462,milkchocolate,53,2
462,pocky,35,2
462,toblerone,76,2
462,lindtlindorchocolatetruffle,40,2
462,twix,92,2
462,caramel,32,2
462,peanutmms,77,2
462,brownie,64,2
462,frostedbrownie,63,2
462,lemoncake,30,2
463,orange,74,2
463,plum,27,2
463,blackberry,44,2
463,peach,30,2
463,cherry,13,2
463,raspberry,61,2
463,apple,54,2
463,grape,28,2
463,goldendeliciousapple,45,2
463,honeydewmelon,42,2
463,kiwi,55,2
463,greenbellpepper,5,2
463,carrot,5,2
463,peanuts,50,2
463,almonds,47,2
463,baguette,66,2
463,slicedloafbread,29,2
463,boulebread,66,2
463,ryebread,46,2
463,deliturkey,50,2
463,chickentenders,76,2
463,meatballs,84,2
463,gouda,52,2
463,swisscheese,54,2
463,potatochips,67,2
463,tortillachips,47,2
463,doritos,72,2
463,ritzcracker,96,2
463,saltinecracker,59,2
463,wheatthins,49,2
463,eggrolls,23,2
463,frenchfries,67,2
463,butteredpopcorn,56,2
463,triscuits,24,2
463,wavylays,76,2
463,chocolateicecreamcone,27,2
463,strawberryicecreamcone,91,2
463,vanillasoftservecone,89,2
463,nutrigrainbar,53,2
463,churro,78,2
463,twistdonut,85,2
463,tuilecookie,30,2
463,madeleine,30,2
463,oatmealraisincookie,46,2
463,thumprintcookie,46,2
463,sugarcookie,50,2
463,vanillawafer,63,2
463,chocolatewafer,29,2
463,chocolatebark,60,2
463,darkchocolate,30,2
463,milkchocolate,30,2
463,pocky,72,2
463,toblerone,39,2
463,lindtlindorchocolatetruffle,2,2
463,twix,60,2
463,caramel,39,2
463,peanutmms,57,2
463,brownie,37,2
463,frostedbrownie,43,2
463,lemoncake,77,2
464,orange,62,2
464,plum,60,2
464,blackberry,65,2
464,peach,57,2
464,cherry,56,2
464,raspberry,59,2
464,apple,29,2
464,grape,55,2
464,goldendeliciousapple,12,2
464,honeydewmelon,19,2
464,kiwi,56,2
464,greenbellpepper,22,2
464,carrot,38,2
464,peanuts,50,2
464,almonds,55,2
464,baguette,55,2
464,slicedloafbread,55,2
464,boulebread,57,2
464,ryebread,55,2
464,deliturkey,54,2
464,chickentenders,55,2
464,meatballs,57,2
464,gouda,51,2
464,swisscheese,46,2
464,potatochips,49,2
464,tortillachips,50,2
464,doritos,52,2
464,ritzcracker,57,2
464,saltinecracker,57,2
464,wheatthins,61,2
464,eggrolls,57,2
464,frenchfries,49,2
464,butteredpopcorn,54,2
464,triscuits,45,2
464,wavylays,58,2
464,chocolateicecreamcone,63,2
464,strawberryicecreamcone,61,2
464,vanillasoftservecone,44,2
464,nutrigrainbar,40,2
464,churro,59,2
464,twistdonut,60,2
464,tuilecookie,52,2
464,madeleine,59,2
464,oatmealraisincookie,49,2
464,thumprintcookie,55,2
464,sugarcookie,57,2
464,vanillawafer,63,2
464,chocolatewafer,53,2
464,chocolatebark,58,2
464,darkchocolate,62,2
464,milkchocolate,52,2
464,pocky,59,2
464,toblerone,62,2
464,lindtlindorchocolatetruffle,57,2
464,twix,68,2
464,caramel,57,2
464,peanutmms,57,2
464,brownie,61,2
464,frostedbrownie,56,2
464,lemoncake,61,2
465,orange,100,2
465,plum,100,2
465,blackberry,100,2
465,peach,100,2
465,cherry,100,2
465,raspberry,100,2
465,apple,100,2
465,grape,100,2
465,goldendeliciousapple,90,2
465,honeydewmelon,100,2
465,kiwi,100,2
465,greenbellpepper,21,2
465,carrot,84,2
465,peanuts,74,2
465,almonds,100,2
465,baguette,51,2
465,slicedloafbread,1,2
465,boulebread,86,2
465,ryebread,100,2
465,deliturkey,63,2
465,chickentenders,1,2
465,meatballs,1,2
465,gouda,100,2
465,swisscheese,51,2
465,potatochips,1,2
465,tortillachips,1,2
465,doritos,26,2
465,ritzcracker,1,2
465,saltinecracker,11,2
465,wheatthins,52,2
465,eggrolls,1,2
465,frenchfries,1,2
465,butteredpopcorn,12,2
465,triscuits,17,2
465,wavylays,37,2
465,chocolateicecreamcone,1,2
465,strawberryicecreamcone,1,2
465,vanillasoftservecone,1,2
465,nutrigrainbar,52,2
465,churro,13,2
465,twistdonut,1,2
465,tuilecookie,1,2
465,madeleine,1,2
465,oatmealraisincookie,1,2
465,thumprintcookie,1,2
465,sugarcookie,1,2
465,vanillawafer,1,2
465,chocolatewafer,1,2
465,chocolatebark,1,2
465,darkchocolate,1,2
465,milkchocolate,1,2
465,pocky,51,2
465,toblerone,1,2
465,lindtlindorchocolatetruffle,1,2
465,twix,1,2
465,caramel,1,2
465,peanutmms,1,2
465,brownie,1,2
465,frostedbrownie,1,2
465,lemoncake,1,2
466,orange,2,2
466,plum,2,2
466,blackberry,2,2
466,peach,3,2
466,cherry,2,2
466,raspberry,1,2
466,apple,2,2
466,grape,2,2
466,goldendeliciousapple,2,2
466,honeydewmelon,2,2
466,kiwi,2,2
466,greenbellpepper,2,2
466,carrot,2,2
466,peanuts,42,2
466,almonds,64,2
466,baguette,62,2
466,slicedloafbread,27,2
466,boulebread,57,2
466,ryebread,56,2
466,deliturkey,2,2
466,chickentenders,1,2
466,meatballs,2,2
466,gouda,2,2
466,swisscheese,2,2
466,potatochips,25,2
466,tortillachips,19,2
466,doritos,33,2
466,ritzcracker,28,2
466,saltinecracker,32,2
466,wheatthins,35,2
466,eggrolls,2,2
466,frenchfries,90,2
466,butteredpopcorn,70,2
466,triscuits,6,2
466,wavylays,18,2
466,chocolateicecreamcone,80,2
466,strawberryicecreamcone,2,2
466,vanillasoftservecone,54,2
466,nutrigrainbar,12,2
466,churro,8,2
466,twistdonut,92,2
466,tuilecookie,2,2
466,madeleine,2,2
466,oatmealraisincookie,41,2
466,thumprintcookie,2,2
466,sugarcookie,2,2
466,vanillawafer,17,2
466,chocolatewafer,80,2
466,chocolatebark,18,2
466,darkchocolate,49,2
466,milkchocolate,49,2
466,pocky,10,2
466,toblerone,46,2
466,lindtlindorchocolatetruffle,37,2
466,twix,80,2
466,caramel,48,2
466,peanutmms,67,2
466,brownie,52,2
466,frostedbrownie,68,2
466,lemoncake,2,2
467,orange,49,2
467,plum,73,2
467,blackberry,41,2
467,peach,74,2
467,cherry,97,2
467,raspberry,38,2
467,apple,62,2
467,grape,92,2
467,goldendeliciousapple,65,2
467,honeydewmelon,1,2
467,kiwi,68,2
467,greenbellpepper,2,2
467,carrot,8,2
467,peanuts,52,2
467,almonds,50,2
467,baguette,51,2
467,slicedloafbread,67,2
467,boulebread,32,2
467,ryebread,52,2
467,deliturkey,2,2
467,chickentenders,18,2
467,meatballs,15,2
467,gouda,33,2
467,swisscheese,22,2
467,potatochips,48,2
467,tortillachips,25,2
467,doritos,48,2
467,ritzcracker,49,2
467,saltinecracker,48,2
467,wheatthins,36,2
467,eggrolls,13,2
467,frenchfries,96,2
467,butteredpopcorn,5,2
467,triscuits,38,2
467,wavylays,36,2
467,chocolateicecreamcone,81,2
467,strawberryicecreamcone,75,2
467,vanillasoftservecone,64,2
467,nutrigrainbar,22,2
467,churro,6,2
467,twistdonut,7,2
467,tuilecookie,7,2
467,madeleine,9,2
467,oatmealraisincookie,90,2
467,thumprintcookie,50,2
467,sugarcookie,86,2
467,vanillawafer,69,2
467,chocolatewafer,75,2
467,chocolatebark,93,2
467,darkchocolate,77,2
467,milkchocolate,87,2
467,pocky,9,2
467,toblerone,26,2
467,lindtlindorchocolatetruffle,9,2
467,twix,85,2
467,caramel,16,2
467,peanutmms,94,2
467,brownie,74,2
467,frostedbrownie,86,2
467,lemoncake,3,2
468,orange,85,2
468,plum,74,2
468,blackberry,79,2
468,peach,86,2
468,cherry,87,2
468,raspberry,89,2
468,apple,88,2
468,grape,85,2
468,goldendeliciousapple,94,2
468,honeydewmelon,82,2
468,kiwi,71,2
468,greenbellpepper,87,2
468,carrot,94,2
468,peanuts,35,2
468,almonds,92,2
468,baguette,38,2
468,slicedloafbread,44,2
468,boulebread,50,2
468,ryebread,43,2
468,deliturkey,68,2
468,chickentenders,60,2
468,meatballs,65,2
468,gouda,47,2
468,swisscheese,43,2
468,potatochips,39,2
468,tortillachips,52,2
468,doritos,38,2
468,ritzcracker,32,2
468,saltinecracker,38,2
468,wheatthins,32,2
468,eggrolls,65,2
468,frenchfries,41,2
468,butteredpopcorn,92,2
468,triscuits,49,2
468,wavylays,40,2
468,chocolateicecreamcone,36,2
468,strawberryicecreamcone,42,2
468,vanillasoftservecone,50,2
468,nutrigrainbar,50,2
468,churro,33,2
468,twistdonut,28,2
468,tuilecookie,49,2
468,madeleine,49,2
468,oatmealraisincookie,26,2
468,thumprintcookie,28,2
468,sugarcookie,37,2
468,vanillawafer,36,2
468,chocolatewafer,33,2
468,chocolatebark,40,2
468,darkchocolate,38,2
468,milkchocolate,28,2
468,pocky,49,2
468,toblerone,29,2
468,lindtlindorchocolatetruffle,91,2
468,twix,34,2
468,caramel,15,2
468,peanutmms,35,2
468,brownie,35,2
468,frostedbrownie,48,2
468,lemoncake,38,2
469,orange,99,2
469,plum,99,2
469,blackberry,99,2
469,peach,99,2
469,cherry,98,2
469,raspberry,100,2
469,apple,100,2
469,grape,100,2
469,goldendeliciousapple,99,2
469,honeydewmelon,89,2
469,kiwi,83,2
469,greenbellpepper,58,2
469,carrot,84,2
469,peanuts,100,2
469,almonds,99,2
469,baguette,74,2
469,slicedloafbread,73,2
469,boulebread,72,2
469,ryebread,72,2
469,deliturkey,86,2
469,chickentenders,80,2
469,meatballs,90,2
469,gouda,67,2
469,swisscheese,85,2
469,potatochips,62,2
469,tortillachips,66,2
469,doritos,61,2
469,ritzcracker,68,2
469,saltinecracker,76,2
469,wheatthins,63,2
469,eggrolls,90,2
469,frenchfries,56,2
469,butteredpopcorn,60,2
469,triscuits,72,2
469,wavylays,61,2
469,chocolateicecreamcone,99,2
469,strawberryicecreamcone,100,2
469,vanillasoftservecone,99,2
469,nutrigrainbar,87,2
469,churro,67,2
469,twistdonut,73,2
469,tuilecookie,57,2
469,madeleine,66,2
469,oatmealraisincookie,88,2
469,thumprintcookie,77,2
469,sugarcookie,91,2
469,vanillawafer,74,2
469,chocolatewafer,66,2
469,chocolatebark,66,2
469,darkchocolate,92,2
469,milkchocolate,94,2
469,pocky,56,2
469,toblerone,87,2
469,lindtlindorchocolatetruffle,83,2
469,twix,90,2
469,caramel,61,2
469,peanutmms,99,2
469,brownie,80,2
469,frostedbrownie,63,2
469,lemoncake,60,2
101,orange,19,3
101,plum,6,3
101,blackberry,32,3
101,peach,22,3
101,cherry,29,3
101,raspberry,33,3
101,apple,94,3
101,grape,72,3
101,goldendeliciousapple,95,3
101,honeydewmelon,38,3
101,kiwi,25,3
101,greenbellpepper,53,3
101,carrot,52,3
101,peanuts,72,3
101,almonds,100,3
101,baguette,71,3
101,slicedloafbread,67,3
101,boulebread,69,3
101,ryebread,62,3
101,deliturkey,68,3
101,chickentenders,98,3
101,meatballs,71,3
101,gouda,73,3
101,swisscheese,64,3
101,potatochips,100,3
101,tortillachips,91,3
101,doritos,90,3
101,ritzcracker,100,3
101,saltinecracker,100,3
101,wheatthins,100,3
101,eggrolls,75,3
101,frenchfries,100,3
101,butteredpopcorn,76,3
101,triscuits,91,3
101,wavylays,100,3
101,chocolateicecreamcone,100,3
101,strawberryicecreamcone,100,3
101,vanillasoftservecone,100,3
101,nutrigrainbar,51,3
101,churro,96,3
101,twistdonut,100,3
101,tuilecookie,72,3
101,madeleine,82,3
101,oatmealraisincookie,24,3
101,thumprintcookie,100,3
101,sugarcookie,100,3
101,vanillawafer,100,3
101,chocolatewafer,100,3
101,chocolatebark,100,3
101,darkchocolate,100,3
101,milkchocolate,100,3
101,pocky,70,3
101,toblerone,100,3
101,lindtlindorchocolatetruffle,100,3
101,twix,100,3
101,caramel,100,3
101,peanutmms,100,3
101,brownie,100,3
101,frostedbrownie,100,3
101,lemoncake,100,3
102,orange,86,3
102,plum,93,3
102,blackberry,87,3
102,peach,74,3
102,cherry,82,3
102,raspberry,77,3
102,apple,92,3
102,grape,93,3
102,goldendeliciousapple,71,3
102,honeydewmelon,91,3
102,kiwi,80,3
102,greenbellpepper,22,3
102,carrot,27,3
102,peanuts,89,3
102,almonds,80,3
102,baguette,24,3
102,slicedloafbread,21,3
102,boulebread,42,3
102,ryebread,32,3
102,deliturkey,91,3
102,chickentenders,97,3
102,meatballs,16,3
102,gouda,27,3
102,swisscheese,55,3
102,potatochips,61,3
102,tortillachips,85,3
102,doritos,86,3
102,ritzcracker,38,3
102,saltinecracker,26,3
102,wheatthins,33,3
102,eggrolls,84,3
102,frenchfries,83,3
102,butteredpopcorn,37,3
102,triscuits,21,3
102,wavylays,82,3
102,chocolateicecreamcone,79,3
102,strawberryicecreamcone,88,3
102,vanillasoftservecone,50,3
102,nutrigrainbar,87,3
102,churro,89,3
102,twistdonut,85,3
102,tuilecookie,76,3
102,madeleine,94,3
102,oatmealraisincookie,65,3
102,thumprintcookie,76,3
102,sugarcookie,47,3
102,vanillawafer,88,3
102,chocolatewafer,96,3
102,chocolatebark,77,3
102,darkchocolate,79,3
102,milkchocolate,72,3
102,pocky,78,3
102,toblerone,92,3
102,lindtlindorchocolatetruffle,93,3
102,twix,95,3
102,caramel,18,3
102,peanutmms,77,3
102,brownie,81,3
102,frostedbrownie,97,3
102,lemoncake,46,3
103,orange,41,3
103,plum,26,3
103,blackberry,26,3
103,peach,35,3
103,cherry,18,3
103,raspberry,26,3
103,apple,51,3
103,grape,44,3
103,goldendeliciousapple,53,3
103,honeydewmelon,25,3
103,kiwi,58,3
103,greenbellpepper,18,3
103,carrot,44,3
103,peanuts,35,3
103,almonds,44,3
103,baguette,50,3
103,slicedloafbread,50,3
103,boulebread,51,3
103,ryebread,32,3
103,deliturkey,62,3
103,chickentenders,88,3
103,meatballs,59,3
103,gouda,44,3
103,swisscheese,48,3
103,potatochips,50,3
103,tortillachips,44,3
103,doritos,47,3
103,ritzcracker,44,3
103,saltinecracker,44,3
103,wheatthins,44,3
103,eggrolls,56,3
103,frenchfries,51,3
103,butteredpopcorn,44,3
103,triscuits,32,3
103,wavylays,50,3
103,chocolateicecreamcone,68,3
103,strawberryicecreamcone,66,3
103,vanillasoftservecone,68,3
103,nutrigrainbar,40,3
103,churro,44,3
103,twistdonut,34,3
103,tuilecookie,44,3
103,madeleine,44,3
103,oatmealraisincookie,18,3
103,thumprintcookie,62,3
103,sugarcookie,44,3
103,vanillawafer,55,3
103,chocolatewafer,56,3
103,chocolatebark,41,3
103,darkchocolate,50,3
103,milkchocolate,55,3
103,pocky,52,3
103,toblerone,51,3
103,lindtlindorchocolatetruffle,54,3
103,twix,60,3
103,caramel,44,3
103,peanutmms,50,3
103,brownie,68,3
103,frostedbrownie,69,3
103,lemoncake,76,3
104,orange,65,3
104,plum,82,3
104,blackberry,54,3
104,peach,80,3
104,cherry,93,3
104,raspberry,83,3
104,apple,66,3
104,grape,86,3
104,goldendeliciousapple,36,3
104,honeydewmelon,89,3
104,kiwi,50,3
104,greenbellpepper,71,3
104,carrot,40,3
104,peanuts,51,3
104,almonds,49,3
104,baguette,66,3
104,slicedloafbread,44,3
104,boulebread,67,3
104,ryebread,61,3
104,deliturkey,46,3
104,chickentenders,45,3
104,meatballs,39,3
104,gouda,22,3
104,swisscheese,28,3
104,potatochips,32,3
104,tortillachips,43,3
104,doritos,45,3
104,ritzcracker,52,3
104,saltinecracker,42,3
104,wheatthins,50,3
104,eggrolls,50,3
104,frenchfries,37,3
104,butteredpopcorn,43,3
104,triscuits,54,3
104,wavylays,31,3
104,chocolateicecreamcone,65,3
104,strawberryicecreamcone,62,3
104,vanillasoftservecone,60,3
104,nutrigrainbar,51,3
104,churro,39,3
104,twistdonut,39,3
104,tuilecookie,47,3
104,madeleine,57,3
104,oatmealraisincookie,49,3
104,thumprintcookie,53,3
104,sugarcookie,51,3
104,vanillawafer,39,3
104,chocolatewafer,42,3
104,chocolatebark,83,3
104,darkchocolate,64,3
104,milkchocolate,59,3
104,pocky,90,3
104,toblerone,70,3
104,lindtlindorchocolatetruffle,47,3
104,twix,70,3
104,caramel,50,3
104,peanutmms,62,3
104,brownie,31,3
104,frostedbrownie,22,3
104,lemoncake,58,3
105,orange,89,3
105,plum,83,3
105,blackberry,88,3
105,peach,65,3
105,cherry,52,3
105,raspberry,90,3
105,apple,85,3
105,grape,95,3
105,goldendeliciousapple,87,3
105,honeydewmelon,93,3
105,kiwi,13,3
105,greenbellpepper,15,3
105,carrot,73,3
105,peanuts,25,3
105,almonds,81,3
105,baguette,53,3
105,slicedloafbread,9,3
105,boulebread,50,3
105,ryebread,50,3
105,deliturkey,57,3
105,chickentenders,49,3
105,meatballs,37,3
105,gouda,71,3
105,swisscheese,66,3
105,potatochips,12,3
105,tortillachips,13,3
105,doritos,14,3
105,ritzcracker,14,3
105,saltinecracker,10,3
105,wheatthins,9,3
105,eggrolls,25,3
105,frenchfries,13,3
105,butteredpopcorn,20,3
105,triscuits,13,3
105,wavylays,16,3
105,chocolateicecreamcone,77,3
105,strawberryicecreamcone,90,3
105,vanillasoftservecone,70,3
105,nutrigrainbar,66,3
105,churro,30,3
105,twistdonut,84,3
105,tuilecookie,25,3
105,madeleine,36,3
105,oatmealraisincookie,78,3
105,thumprintcookie,13,3
105,sugarcookie,9,3
105,vanillawafer,12,3
105,chocolatewafer,10,3
105,chocolatebark,93,3
105,darkchocolate,32,3
105,milkchocolate,92,3
105,pocky,37,3
105,toblerone,93,3
105,lindtlindorchocolatetruffle,73,3
105,twix,89,3
105,caramel,86,3
105,peanutmms,88,3
105,brownie,82,3
105,frostedbrownie,92,3
105,lemoncake,81,3
106,orange,100,3
106,plum,100,3
106,blackberry,83,3
106,peach,98,3
106,cherry,23,3
106,raspberry,74,3
106,apple,83,3
106,grape,2,3
106,goldendeliciousapple,81,3
106,honeydewmelon,1,3
106,kiwi,1,3
106,greenbellpepper,64,3
106,carrot,57,3
106,peanuts,1,3
106,almonds,1,3
106,baguette,78,3
106,slicedloafbread,97,3
106,boulebread,79,3
106,ryebread,79,3
106,deliturkey,35,3
106,chickentenders,13,3
106,meatballs,1,3
106,gouda,51,3
106,swisscheese,87,3
106,potatochips,64,3
106,tortillachips,1,3
106,doritos,1,3
106,ritzcracker,64,3
106,saltinecracker,74,3
106,wheatthins,11,3
106,eggrolls,40,3
106,frenchfries,1,3
106,butteredpopcorn,79,3
106,triscuits,1,3
106,wavylays,23,3
106,chocolateicecreamcone,100,3
106,strawberryicecreamcone,91,3
106,vanillasoftservecone,77,3
106,nutrigrainbar,1,3
106,churro,66,3
106,twistdonut,88,3
106,tuilecookie,52,3
106,madeleine,51,3
106,oatmealraisincookie,3,3
106,thumprintcookie,81,3
106,sugarcookie,63,3
106,vanillawafer,30,3
106,chocolatewafer,14,3
106,chocolatebark,1,3
106,darkchocolate,39,3
106,milkchocolate,87,3
106,pocky,6,3
106,toblerone,73,3
106,lindtlindorchocolatetruffle,1,3
106,twix,18,3
106,caramel,1,3
106,peanutmms,1,3
106,brownie,67,3
106,frostedbrownie,18,3
106,lemoncake,100,3
107,orange,82,3
107,plum,17,3
107,blackberry,2,3
107,peach,14,3
107,cherry,3,3
107,raspberry,9,3
107,apple,58,3
107,grape,4,3
107,goldendeliciousapple,54,3
107,honeydewmelon,1,3
107,kiwi,38,3
107,greenbellpepper,1,3
107,carrot,2,3
107,peanuts,53,3
107,almonds,3,3
107,baguette,40,3
107,slicedloafbread,36,3
107,boulebread,44,3
107,ryebread,37,3
107,deliturkey,33,3
107,chickentenders,80,3
107,meatballs,52,3
107,gouda,52,3
107,swisscheese,50,3
107,potatochips,43,3
107,tortillachips,62,3
107,doritos,58,3
107,ritzcracker,52,3
107,saltinecracker,52,3
107,wheatthins,51,3
107,eggrolls,52,3
107,frenchfries,76,3
107,butteredpopcorn,27,3
107,triscuits,49,3
107,wavylays,43,3
107,chocolateicecreamcone,90,3
107,strawberryicecreamcone,93,3
107,vanillasoftservecone,90,3
107,nutrigrainbar,29,3
107,churro,54,3
107,twistdonut,83,3
107,tuilecookie,47,3
107,madeleine,53,3
107,oatmealraisincookie,28,3
107,thumprintcookie,70,3
107,sugarcookie,65,3
107,vanillawafer,80,3
107,chocolatewafer,91,3
107,chocolatebark,68,3
107,darkchocolate,83,3
107,milkchocolate,97,3
107,pocky,33,3
107,toblerone,87,3
107,lindtlindorchocolatetruffle,73,3
107,twix,83,3
107,caramel,76,3
107,peanutmms,90,3
107,brownie,87,3
107,frostedbrownie,82,3
107,lemoncake,86,3
108,orange,17,3
108,plum,6,3
108,blackberry,11,3
108,peach,29,3
108,cherry,22,3
108,raspberry,22,3
108,apple,71,3
108,grape,21,3
108,goldendeliciousapple,20,3
108,honeydewmelon,11,3
108,kiwi,14,3
108,greenbellpepper,17,3
108,carrot,18,3
108,peanuts,16,3
108,almonds,15,3
108,baguette,16,3
108,slicedloafbread,20,3
108,boulebread,30,3
108,ryebread,19,3
108,deliturkey,33,3
108,chickentenders,63,3
108,meatballs,85,3
108,gouda,17,3
108,swisscheese,15,3
108,potatochips,79,3
108,tortillachips,36,3
108,doritos,37,3
108,ritzcracker,53,3
108,saltinecracker,32,3
108,wheatthins,26,3
108,eggrolls,11,3
108,frenchfries,25,3
108,butteredpopcorn,63,3
108,triscuits,18,3
108,wavylays,76,3
108,chocolateicecreamcone,75,3
108,strawberryicecreamcone,66,3
108,vanillasoftservecone,76,3
108,nutrigrainbar,11,3
108,churro,60,3
108,twistdonut,78,3
108,tuilecookie,52,3
108,madeleine,29,3
108,oatmealraisincookie,23,3
108,thumprintcookie,15,3
108,sugarcookie,31,3
108,vanillawafer,71,3
108,chocolatewafer,77,3
108,chocolatebark,30,3
108,darkchocolate,78,3
108,milkchocolate,83,3
108,pocky,10,3
108,toblerone,72,3
108,lindtlindorchocolatetruffle,33,3
108,twix,80,3
108,caramel,61,3
108,peanutmms,79,3
108,brownie,85,3
108,frostedbrownie,85,3
108,lemoncake,33,3
109,orange,100,3
109,plum,100,3
109,blackberry,1,3
109,peach,100,3
109,cherry,100,3
109,raspberry,1,3
109,apple,100,3
109,grape,100,3
109,goldendeliciousapple,100,3
109,honeydewmelon,100,3
109,kiwi,100,3
109,greenbellpepper,50,3
109,carrot,1,3
109,peanuts,100,3
109,almonds,100,3
109,baguette,50,3
109,slicedloafbread,1,3
109,boulebread,51,3
109,ryebread,51,3
109,deliturkey,1,3
109,chickentenders,1,3
109,meatballs,1,3
109,gouda,51,3
109,swisscheese,52,3
109,potatochips,100,3
109,tortillachips,51,3
109,doritos,51,3
109,ritzcracker,50,3
109,saltinecracker,51,3
109,wheatthins,51,3
109,eggrolls,1,3
109,frenchfries,100,3
109,butteredpopcorn,1,3
109,triscuits,1,3
109,wavylays,100,3
109,chocolateicecreamcone,100,3
109,strawberryicecreamcone,1,3
109,vanillasoftservecone,100,3
109,nutrigrainbar,1,3
109,churro,1,3
109,twistdonut,1,3
109,tuilecookie,51,3
109,madeleine,59,3
109,oatmealraisincookie,51,3
109,thumprintcookie,1,3
109,sugarcookie,1,3
109,vanillawafer,1,3
109,chocolatewafer,1,3
109,chocolatebark,1,3
109,darkchocolate,100,3
109,milkchocolate,100,3
109,pocky,100,3
109,toblerone,1,3
109,lindtlindorchocolatetruffle,1,3
109,twix,100,3
109,caramel,1,3
109,peanutmms,1,3
109,brownie,1,3
109,frostedbrownie,1,3
109,lemoncake,1,3
110,orange,99,3
110,plum,98,3
110,blackberry,96,3
110,peach,98,3
110,cherry,93,3
110,raspberry,95,3
110,apple,98,3
110,grape,98,3
110,goldendeliciousapple,99,3
110,honeydewmelon,90,3
110,kiwi,88,3
110,greenbellpepper,8,3
110,carrot,67,3
110,peanuts,99,3
110,almonds,99,3
110,baguette,70,3
110,slicedloafbread,35,3
110,boulebread,22,3
110,ryebread,34,3
110,deliturkey,80,3
110,chickentenders,80,3
110,meatballs,74,3
110,gouda,77,3
110,swisscheese,84,3
110,potatochips,36,3
110,tortillachips,67,3
110,doritos,59,3
110,ritzcracker,61,3
110,saltinecracker,53,3
110,wheatthins,65,3
110,eggrolls,86,3
110,frenchfries,20,3
110,butteredpopcorn,21,3
110,triscuits,68,3
110,wavylays,13,3
110,chocolateicecreamcone,97,3
110,strawberryicecreamcone,99,3
110,vanillasoftservecone,98,3
110,nutrigrainbar,82,3
110,churro,61,3
110,twistdonut,64,3
110,tuilecookie,50,3
110,madeleine,85,3
110,oatmealraisincookie,92,3
110,thumprintcookie,78,3
110,sugarcookie,75,3
110,vanillawafer,82,3
110,chocolatewafer,89,3
110,chocolatebark,59,3
110,darkchocolate,89,3
110,milkchocolate,96,3
110,pocky,46,3
110,toblerone,92,3
110,lindtlindorchocolatetruffle,94,3
110,twix,94,3
110,caramel,24,3
110,peanutmms,98,3
110,brownie,97,3
110,frostedbrownie,98,3
110,lemoncake,80,3
111,orange,100,3
111,plum,100,3
111,blackberry,100,3
111,peach,100,3
111,cherry,100,3
111,raspberry,93,3
111,apple,93,3
111,grape,100,3
111,goldendeliciousapple,95,3
111,honeydewmelon,100,3
111,kiwi,100,3
111,greenbellpepper,44,3
111,carrot,100,3
111,peanuts,82,3
111,almonds,69,3
111,baguette,88,3
111,slicedloafbread,73,3
111,boulebread,89,3
111,ryebread,89,3
111,deliturkey,93,3
111,chickentenders,78,3
111,meatballs,83,3
111,gouda,85,3
111,swisscheese,97,3
111,potatochips,66,3
111,tortillachips,84,3
111,doritos,90,3
111,ritzcracker,64,3
111,saltinecracker,90,3
111,wheatthins,77,3
111,eggrolls,86,3
111,frenchfries,62,3
111,butteredpopcorn,86,3
111,triscuits,87,3
111,wavylays,33,3
111,chocolateicecreamcone,11,3
111,strawberryicecreamcone,1,3
111,vanillasoftservecone,1,3
111,nutrigrainbar,79,3
111,churro,67,3
111,twistdonut,76,3
111,tuilecookie,38,3
111,madeleine,59,3
111,oatmealraisincookie,87,3
111,thumprintcookie,19,3
111,sugarcookie,58,3
111,vanillawafer,27,3
111,chocolatewafer,15,3
111,chocolatebark,5,3
111,darkchocolate,9,3
111,milkchocolate,26,3
111,pocky,9,3
111,toblerone,46,3
111,lindtlindorchocolatetruffle,33,3
111,twix,70,3
111,caramel,15,3
111,peanutmms,10,3
111,brownie,86,3
111,frostedbrownie,4,3
111,lemoncake,29,3
112,orange,2,3
112,plum,91,3
112,blackberry,73,3
112,peach,7,3
112,cherry,77,3
112,raspberry,84,3
112,apple,2,3
112,grape,93,3
112,goldendeliciousapple,9,3
112,honeydewmelon,73,3
112,kiwi,3,3
112,greenbellpepper,46,3
112,carrot,20,3
112,peanuts,99,3
112,almonds,88,3
112,baguette,23,3
112,slicedloafbread,15,3
112,boulebread,30,3
112,ryebread,23,3
112,deliturkey,2,3
112,chickentenders,2,3
112,meatballs,2,3
112,gouda,68,3
112,swisscheese,74,3
112,potatochips,50,3
112,tortillachips,61,3
112,doritos,57,3
112,ritzcracker,56,3
112,saltinecracker,58,3
112,wheatthins,67,3
112,eggrolls,57,3
112,frenchfries,75,3
112,butteredpopcorn,3,3
112,triscuits,58,3
112,wavylays,58,3
112,chocolateicecreamcone,99,3
112,strawberryicecreamcone,2,3
112,vanillasoftservecone,99,3
112,nutrigrainbar,3,3
112,churro,13,3
112,twistdonut,32,3
112,tuilecookie,20,3
112,madeleine,44,3
112,oatmealraisincookie,74,3
112,thumprintcookie,78,3
112,sugarcookie,80,3
112,vanillawafer,2,3
112,chocolatewafer,3,3
112,chocolatebark,66,3
112,darkchocolate,58,3
112,milkchocolate,19,3
112,pocky,53,3
112,toblerone,19,3
112,lindtlindorchocolatetruffle,18,3
112,twix,24,3
112,caramel,2,3
112,peanutmms,66,3
112,brownie,52,3
112,frostedbrownie,25,3
112,lemoncake,1,3
113,orange,48,3
113,plum,48,3
113,blackberry,45,3
113,peach,47,3
113,cherry,44,3
113,raspberry,46,3
113,apple,47,3
113,grape,68,3
113,goldendeliciousapple,49,3
113,honeydewmelon,52,3
113,kiwi,49,3
113,greenbellpepper,1,3
113,carrot,2,3
113,peanuts,62,3
113,almonds,58,3
113,baguette,26,3
113,slicedloafbread,21,3
113,boulebread,28,3
113,ryebread,22,3
113,deliturkey,57,3
113,chickentenders,73,3
113,meatballs,62,3
113,gouda,57,3
113,swisscheese,57,3
113,potatochips,67,3
113,tortillachips,58,3
113,doritos,71,3
113,ritzcracker,27,3
113,saltinecracker,28,3
113,wheatthins,20,3
113,eggrolls,66,3
113,frenchfries,67,3
113,butteredpopcorn,69,3
113,triscuits,16,3
113,wavylays,66,3
113,chocolateicecreamcone,78,3
113,strawberryicecreamcone,84,3
113,vanillasoftservecone,85,3
113,nutrigrainbar,59,3
113,churro,58,3
113,twistdonut,25,3
113,tuilecookie,54,3
113,madeleine,55,3
113,oatmealraisincookie,70,3
113,thumprintcookie,65,3
113,sugarcookie,63,3
113,vanillawafer,62,3
113,chocolatewafer,92,3
113,chocolatebark,60,3
113,darkchocolate,77,3
113,milkchocolate,81,3
113,pocky,52,3
113,toblerone,85,3
113,lindtlindorchocolatetruffle,87,3
113,twix,81,3
113,caramel,56,3
113,peanutmms,78,3
113,brownie,67,3
113,frostedbrownie,76,3
113,lemoncake,61,3
114,orange,16,3
114,plum,27,3
114,blackberry,88,3
114,peach,31,3
114,cherry,74,3
114,raspberry,100,3
114,apple,24,3
114,grape,49,3
114,goldendeliciousapple,9,3
114,honeydewmelon,8,3
114,kiwi,12,3
114,greenbellpepper,1,3
114,carrot,21,3
114,peanuts,13,3
114,almonds,16,3
114,baguette,68,3
114,slicedloafbread,52,3
114,boulebread,48,3
114,ryebread,48,3
114,deliturkey,67,3
114,chickentenders,100,3
114,meatballs,16,3
114,gouda,31,3
114,swisscheese,54,3
114,potatochips,80,3
114,tortillachips,50,3
114,doritos,58,3
114,ritzcracker,14,3
114,saltinecracker,22,3
114,wheatthins,29,3
114,eggrolls,41,3
114,frenchfries,76,3
114,butteredpopcorn,50,3
114,triscuits,16,3
114,wavylays,79,3
114,chocolateicecreamcone,78,3
114,strawberryicecreamcone,71,3
114,vanillasoftservecone,53,3
114,nutrigrainbar,1,3
114,churro,51,3
114,twistdonut,1,3
114,tuilecookie,23,3
114,madeleine,100,3
114,oatmealraisincookie,1,3
114,thumprintcookie,37,3
114,sugarcookie,41,3
114,vanillawafer,50,3
114,chocolatewafer,71,3
114,chocolatebark,50,3
114,darkchocolate,1,3
114,milkchocolate,75,3
114,pocky,1,3
114,toblerone,44,3
114,lindtlindorchocolatetruffle,19,3
114,twix,80,3
114,caramel,47,3
114,peanutmms,81,3
114,brownie,79,3
114,frostedbrownie,89,3
114,lemoncake,100,3
115,orange,55,3
115,plum,28,3
115,blackberry,49,3
115,peach,38,3
115,cherry,38,3
115,raspberry,33,3
115,apple,38,3
115,grape,36,3
115,goldendeliciousapple,32,3
115,honeydewmelon,28,3
115,kiwi,15,3
115,greenbellpepper,24,3
115,carrot,9,3
115,peanuts,44,3
115,almonds,27,3
115,baguette,51,3
115,slicedloafbread,43,3
115,boulebread,51,3
115,ryebread,47,3
115,deliturkey,67,3
115,chickentenders,70,3
115,meatballs,72,3
115,gouda,53,3
115,swisscheese,50,3
115,potatochips,90,3
115,tortillachips,78,3
115,doritos,78,3
115,ritzcracker,62,3
115,saltinecracker,46,3
115,wheatthins,48,3
115,eggrolls,72,3
115,frenchfries,86,3
115,butteredpopcorn,41,3
115,triscuits,5,3
115,wavylays,88,3
115,chocolateicecreamcone,56,3
115,strawberryicecreamcone,47,3
115,vanillasoftservecone,64,3
115,nutrigrainbar,34,3
115,churro,69,3
115,twistdonut,76,3
115,tuilecookie,49,3
115,madeleine,69,3
115,oatmealraisincookie,62,3
115,thumprintcookie,61,3
115,sugarcookie,60,3
115,vanillawafer,52,3
115,chocolatewafer,51,3
115,chocolatebark,61,3
115,darkchocolate,58,3
115,milkchocolate,60,3
115,pocky,51,3
115,toblerone,61,3
115,lindtlindorchocolatetruffle,46,3
115,twix,57,3
115,caramel,51,3
115,peanutmms,56,3
115,brownie,58,3
115,frostedbrownie,55,3
115,lemoncake,48,3
116,orange,49,3
116,plum,73,3
116,blackberry,50,3
116,peach,69,3
116,cherry,71,3
116,raspberry,73,3
116,apple,70,3
116,grape,81,3
116,goldendeliciousapple,67,3
116,honeydewmelon,68,3
116,kiwi,67,3
116,greenbellpepper,30,3
116,carrot,38,3
116,peanuts,76,3
116,almonds,50,3
116,baguette,71,3
116,slicedloafbread,26,3
116,boulebread,65,3
116,ryebread,65,3
116,deliturkey,67,3
116,chickentenders,65,3
116,meatballs,48,3
116,gouda,48,3
116,swisscheese,36,3
116,potatochips,76,3
116,tortillachips,47,3
116,doritos,28,3
116,ritzcracker,49,3
116,saltinecracker,50,3
116,wheatthins,60,3
116,eggrolls,58,3
116,frenchfries,74,3
116,butteredpopcorn,77,3
116,triscuits,50,3
116,wavylays,71,3
116,chocolateicecreamcone,81,3
116,strawberryicecreamcone,65,3
116,vanillasoftservecone,68,3
116,nutrigrainbar,50,3
116,churro,87,3
116,twistdonut,78,3
116,tuilecookie,71,3
116,madeleine,60,3
116,oatmealraisincookie,49,3
116,thumprintcookie,49,3
116,sugarcookie,49,3
116,vanillawafer,67,3
116,chocolatewafer,68,3
116,chocolatebark,80,3
116,darkchocolate,86,3
116,milkchocolate,82,3
116,pocky,75,3
116,toblerone,77,3
116,lindtlindorchocolatetruffle,77,3
116,twix,64,3
116,caramel,66,3
116,peanutmms,78,3
116,brownie,74,3
116,frostedbrownie,87,3
116,lemoncake,49,3
117,orange,1,3
117,plum,52,3
117,blackberry,52,3
117,peach,52,3
117,cherry,1,3
117,raspberry,52,3
117,apple,49,3
117,grape,100,3
117,goldendeliciousapple,2,3
117,honeydewmelon,2,3
117,kiwi,51,3
117,greenbellpepper,2,3
117,carrot,2,3
117,peanuts,51,3
117,almonds,50,3
117,baguette,2,3
117,slicedloafbread,10,3
117,boulebread,15,3
117,ryebread,15,3
117,deliturkey,52,3
117,chickentenders,49,3
117,meatballs,1,3
117,gouda,49,3
117,swisscheese,51,3
117,potatochips,1,3
117,tortillachips,1,3
117,doritos,1,3
117,ritzcracker,1,3
117,saltinecracker,2,3
117,wheatthins,2,3
117,eggrolls,1,3
117,frenchfries,2,3
117,butteredpopcorn,1,3
117,triscuits,2,3
117,wavylays,1,3
117,chocolateicecreamcone,1,3
117,strawberryicecreamcone,1,3
117,vanillasoftservecone,2,3
117,nutrigrainbar,1,3
117,churro,2,3
117,twistdonut,2,3
117,tuilecookie,2,3
117,madeleine,2,3
117,oatmealraisincookie,1,3
117,thumprintcookie,2,3
117,sugarcookie,2,3
117,vanillawafer,2,3
117,chocolatewafer,2,3
117,chocolatebark,1,3
117,darkchocolate,99,3
117,milkchocolate,100,3
117,pocky,2,3
117,toblerone,2,3
117,lindtlindorchocolatetruffle,23,3
117,twix,2,3
117,caramel,1,3
117,peanutmms,16,3
117,brownie,1,3
117,frostedbrownie,2,3
117,lemoncake,2,3
118,orange,19,3
118,plum,14,3
118,blackberry,29,3
118,peach,12,3
118,cherry,20,3
118,raspberry,20,3
118,apple,9,3
118,grape,9,3
118,goldendeliciousapple,9,3
118,honeydewmelon,16,3
118,kiwi,8,3
118,greenbellpepper,14,3
118,carrot,6,3
118,peanuts,56,3
118,almonds,58,3
118,baguette,6,3
118,slicedloafbread,4,3
118,boulebread,10,3
118,ryebread,11,3
118,deliturkey,49,3
118,chickentenders,76,3
118,meatballs,51,3
118,gouda,6,3
118,swisscheese,33,3
118,potatochips,48,3
118,tortillachips,44,3
118,doritos,53,3
118,ritzcracker,15,3
118,saltinecracker,5,3
118,wheatthins,8,3
118,eggrolls,54,3
118,frenchfries,60,3
118,butteredpopcorn,65,3
118,triscuits,4,3
118,wavylays,46,3
118,chocolateicecreamcone,56,3
118,strawberryicecreamcone,80,3
118,vanillasoftservecone,58,3
118,nutrigrainbar,38,3
118,churro,20,3
118,twistdonut,14,3
118,tuilecookie,23,3
118,madeleine,20,3
118,oatmealraisincookie,55,3
118,thumprintcookie,17,3
118,sugarcookie,14,3
118,vanillawafer,16,3
118,chocolatewafer,56,3
118,chocolatebark,68,3
118,darkchocolate,52,3
118,milkchocolate,57,3
118,pocky,18,3
118,toblerone,55,3
118,lindtlindorchocolatetruffle,63,3
118,twix,43,3
118,caramel,32,3
118,peanutmms,52,3
118,brownie,55,3
118,frostedbrownie,57,3
118,lemoncake,68,3
119,orange,81,3
119,plum,76,3
119,blackberry,60,3
119,peach,76,3
119,cherry,65,3
119,raspberry,60,3
119,apple,82,3
119,grape,66,3
119,goldendeliciousapple,76,3
119,honeydewmelon,86,3
119,kiwi,1,3
119,greenbellpepper,1,3
119,carrot,2,3
119,peanuts,57,3
119,almonds,51,3
119,baguette,20,3
119,slicedloafbread,43,3
119,boulebread,32,3
119,ryebread,45,3
119,deliturkey,36,3
119,chickentenders,48,3
119,meatballs,36,3
119,gouda,52,3
119,swisscheese,54,3
119,potatochips,32,3
119,tortillachips,24,3
119,doritos,33,3
119,ritzcracker,38,3
119,saltinecracker,55,3
119,wheatthins,34,3
119,eggrolls,37,3
119,frenchfries,28,3
119,butteredpopcorn,49,3
119,triscuits,29,3
119,wavylays,24,3
119,chocolateicecreamcone,62,3
119,strawberryicecreamcone,63,3
119,vanillasoftservecone,60,3
119,nutrigrainbar,66,3
119,churro,26,3
119,twistdonut,35,3
119,tuilecookie,34,3
119,madeleine,52,3
119,oatmealraisincookie,70,3
119,thumprintcookie,51,3
119,sugarcookie,61,3
119,vanillawafer,41,3
119,chocolatewafer,86,3
119,chocolatebark,73,3
119,darkchocolate,74,3
119,milkchocolate,89,3
119,pocky,3,3
119,toblerone,83,3
119,lindtlindorchocolatetruffle,79,3
119,twix,85,3
119,caramel,63,3
119,peanutmms,67,3
119,brownie,88,3
119,frostedbrownie,89,3
119,lemoncake,78,3
120,orange,4,3
120,plum,9,3
120,blackberry,18,3
120,peach,16,3
120,cherry,66,3
120,raspberry,31,3
120,apple,18,3
120,grape,74,3
120,goldendeliciousapple,28,3
120,honeydewmelon,78,3
120,kiwi,12,3
120,greenbellpepper,5,3
120,carrot,41,3
120,peanuts,31,3
120,almonds,64,3
120,baguette,1,3
120,slicedloafbread,2,3
120,boulebread,5,3
120,ryebread,3,3
120,deliturkey,5,3
120,chickentenders,99,3
120,meatballs,10,3
120,gouda,14,3
120,swisscheese,31,3
120,potatochips,100,3
120,tortillachips,14,3
120,doritos,98,3
120,ritzcracker,31,3
120,saltinecracker,3,3
120,wheatthins,7,3
120,eggrolls,4,3
120,frenchfries,78,3
120,butteredpopcorn,73,3
120,triscuits,3,3
120,wavylays,84,3
120,chocolateicecreamcone,95,3
120,strawberryicecreamcone,100,3
120,vanillasoftservecone,92,3
120,nutrigrainbar,81,3
120,churro,16,3
120,twistdonut,1,3
120,tuilecookie,1,3
120,madeleine,1,3
120,oatmealraisincookie,97,3
120,thumprintcookie,72,3
120,sugarcookie,80,3
120,vanillawafer,74,3
120,chocolatewafer,86,3
120,chocolatebark,53,3
120,darkchocolate,75,3
120,milkchocolate,92,3
120,pocky,61,3
120,toblerone,91,3
120,lindtlindorchocolatetruffle,69,3
120,twix,98,3
120,caramel,66,3
120,peanutmms,99,3
120,brownie,82,3
120,frostedbrownie,95,3
120,lemoncake,59,3
121,orange,81,3
121,plum,76,3
121,blackberry,100,3
121,peach,70,3
121,cherry,69,3
121,raspberry,98,3
121,apple,72,3
121,grape,95,3
121,goldendeliciousapple,88,3
121,honeydewmelon,5,3
121,kiwi,85,3
121,greenbellpepper,3,3
121,carrot,7,3
121,peanuts,59,3
121,almonds,46,3
121,baguette,1,3
121,slicedloafbread,1,3
121,boulebread,1,3
121,ryebread,1,3
121,deliturkey,31,3
121,chickentenders,14,3
121,meatballs,8,3
121,gouda,39,3
121,swisscheese,47,3
121,potatochips,13,3
121,tortillachips,5,3
121,doritos,5,3
121,ritzcracker,23,3
121,saltinecracker,8,3
121,wheatthins,7,3
121,eggrolls,10,3
121,frenchfries,23,3
121,butteredpopcorn,10,3
121,triscuits,30,3
121,wavylays,5,3
121,chocolateicecreamcone,1,3
121,strawberryicecreamcone,27,3
121,vanillasoftservecone,16,3
121,nutrigrainbar,1,3
121,churro,11,3
121,twistdonut,3,3
121,tuilecookie,6,3
121,madeleine,1,3
121,oatmealraisincookie,1,3
121,thumprintcookie,1,3
121,sugarcookie,3,3
121,vanillawafer,4,3
121,chocolatewafer,1,3
121,chocolatebark,1,3
121,darkchocolate,1,3
121,milkchocolate,3,3
121,pocky,1,3
121,toblerone,1,3
121,lindtlindorchocolatetruffle,1,3
121,twix,9,3
121,caramel,1,3
121,peanutmms,1,3
121,brownie,1,3
121,frostedbrownie,2,3
121,lemoncake,2,3
122,orange,69,3
122,plum,68,3
122,blackberry,80,3
122,peach,66,3
122,cherry,73,3
122,raspberry,77,3
122,apple,66,3
122,grape,76,3
122,goldendeliciousapple,73,3
122,honeydewmelon,68,3
122,kiwi,64,3
122,greenbellpepper,55,3
122,carrot,1,3
122,peanuts,93,3
122,almonds,98,3
122,baguette,42,3
122,slicedloafbread,47,3
122,boulebread,47,3
122,ryebread,45,3
122,deliturkey,75,3
122,chickentenders,34,3
122,meatballs,59,3
122,gouda,1,3
122,swisscheese,2,3
122,potatochips,9,3
122,tortillachips,31,3
122,doritos,10,3
122,ritzcracker,40,3
122,saltinecracker,58,3
122,wheatthins,46,3
122,eggrolls,27,3
122,frenchfries,9,3
122,butteredpopcorn,37,3
122,triscuits,53,3
122,wavylays,12,3
122,chocolateicecreamcone,58,3
122,strawberryicecreamcone,57,3
122,vanillasoftservecone,60,3
122,nutrigrainbar,71,3
122,churro,58,3
122,twistdonut,59,3
122,tuilecookie,37,3
122,madeleine,43,3
122,oatmealraisincookie,97,3
122,thumprintcookie,71,3
122,sugarcookie,86,3
122,vanillawafer,42,3
122,chocolatewafer,45,3
122,chocolatebark,96,3
122,darkchocolate,96,3
122,milkchocolate,92,3
122,pocky,61,3
122,toblerone,69,3
122,lindtlindorchocolatetruffle,76,3
122,twix,24,3
122,caramel,3,3
122,peanutmms,6,3
122,brownie,98,3
122,frostedbrownie,98,3
122,lemoncake,78,3
123,orange,91,3
123,plum,64,3
123,blackberry,94,3
123,peach,83,3
123,cherry,94,3
123,raspberry,94,3
123,apple,94,3
123,grape,70,3
123,goldendeliciousapple,82,3
123,honeydewmelon,83,3
123,kiwi,73,3
123,greenbellpepper,33,3
123,carrot,93,3
123,peanuts,74,3
123,almonds,86,3
123,baguette,82,3
123,slicedloafbread,93,3
123,boulebread,74,3
123,ryebread,81,3
123,deliturkey,67,3
123,chickentenders,76,3
123,meatballs,87,3
123,gouda,74,3
123,swisscheese,81,3
123,potatochips,51,3
123,tortillachips,36,3
123,doritos,47,3
123,ritzcracker,74,3
123,saltinecracker,49,3
123,wheatthins,58,3
123,eggrolls,81,3
123,frenchfries,86,3
123,butteredpopcorn,75,3
123,triscuits,42,3
123,wavylays,81,3
123,chocolateicecreamcone,80,3
123,strawberryicecreamcone,85,3
123,vanillasoftservecone,88,3
123,nutrigrainbar,75,3
123,churro,38,3
123,twistdonut,63,3
123,tuilecookie,77,3
123,madeleine,72,3
123,oatmealraisincookie,86,3
123,thumprintcookie,86,3
123,sugarcookie,67,3
123,vanillawafer,73,3
123,chocolatewafer,51,3
123,chocolatebark,68,3
123,darkchocolate,85,3
123,milkchocolate,64,3
123,pocky,53,3
123,toblerone,68,3
123,lindtlindorchocolatetruffle,98,3
123,twix,66,3
123,caramel,69,3
123,peanutmms,92,3
123,brownie,76,3
123,frostedbrownie,82,3
123,lemoncake,75,3
124,orange,83,3
124,plum,6,3
124,blackberry,60,3
124,peach,83,3
124,cherry,79,3
124,raspberry,45,3
124,apple,100,3
124,grape,96,3
124,goldendeliciousapple,88,3
124,honeydewmelon,3,3
124,kiwi,4,3
124,greenbellpepper,1,3
124,carrot,76,3
124,peanuts,76,3
124,almonds,65,3
124,baguette,15,3
124,slicedloafbread,4,3
124,boulebread,4,3
124,ryebread,3,3
124,deliturkey,24,3
124,chickentenders,37,3
124,meatballs,20,3
124,gouda,5,3
124,swisscheese,60,3
124,potatochips,23,3
124,tortillachips,13,3
124,doritos,29,3
124,ritzcracker,26,3
124,saltinecracker,8,3
124,wheatthins,3,3
124,eggrolls,3,3
124,frenchfries,8,3
124,butteredpopcorn,8,3
124,triscuits,4,3
124,wavylays,32,3
124,chocolateicecreamcone,4,3
124,strawberryicecreamcone,7,3
124,vanillasoftservecone,4,3
124,nutrigrainbar,2,3
124,churro,10,3
124,twistdonut,9,3
124,tuilecookie,3,3
124,madeleine,5,3
124,oatmealraisincookie,63,3
124,thumprintcookie,29,3
124,sugarcookie,9,3
124,vanillawafer,3,3
124,chocolatewafer,3,3
124,chocolatebark,6,3
124,darkchocolate,12,3
124,milkchocolate,50,3
124,pocky,3,3
124,toblerone,18,3
124,lindtlindorchocolatetruffle,46,3
124,twix,3,3
124,caramel,3,3
124,peanutmms,45,3
124,brownie,59,3
124,frostedbrownie,79,3
124,lemoncake,75,3
125,orange,90,3
125,plum,22,3
125,blackberry,29,3
125,peach,35,3
125,cherry,4,3
125,raspberry,78,3
125,apple,2,3
125,grape,72,3
125,goldendeliciousapple,4,3
125,honeydewmelon,18,3
125,kiwi,3,3
125,greenbellpepper,21,3
125,carrot,3,3
125,peanuts,3,3
125,almonds,2,3
125,baguette,3,3
125,slicedloafbread,36,3
125,boulebread,30,3
125,ryebread,39,3
125,deliturkey,2,3
125,chickentenders,22,3
125,meatballs,15,3
125,gouda,89,3
125,swisscheese,91,3
125,potatochips,48,3
125,tortillachips,39,3
125,doritos,43,3
125,ritzcracker,45,3
125,saltinecracker,5,3
125,wheatthins,4,3
125,eggrolls,9,3
125,frenchfries,84,3
125,butteredpopcorn,86,3
125,triscuits,3,3
125,wavylays,46,3
125,chocolateicecreamcone,75,3
125,strawberryicecreamcone,60,3
125,vanillasoftservecone,71,3
125,nutrigrainbar,30,3
125,churro,11,3
125,twistdonut,75,3
125,tuilecookie,1,3
125,madeleine,47,3
125,oatmealraisincookie,3,3
125,thumprintcookie,34,3
125,sugarcookie,74,3
125,vanillawafer,69,3
125,chocolatewafer,80,3
125,chocolatebark,2,3
125,darkchocolate,87,3
125,milkchocolate,92,3
125,pocky,3,3
125,toblerone,91,3
125,lindtlindorchocolatetruffle,99,3
125,twix,95,3
125,caramel,5,3
125,peanutmms,80,3
125,brownie,90,3
125,frostedbrownie,88,3
125,lemoncake,90,3
126,orange,17,3
126,plum,1,3
126,blackberry,22,3
126,peach,1,3
126,cherry,36,3
126,raspberry,17,3
126,apple,54,3
126,grape,57,3
126,goldendeliciousapple,58,3
126,honeydewmelon,1,3
126,kiwi,1,3
126,greenbellpepper,1,3
126,carrot,1,3
126,peanuts,52,3
126,almonds,62,3
126,baguette,44,3
126,slicedloafbread,42,3
126,boulebread,25,3
126,ryebread,30,3
126,deliturkey,53,3
126,chickentenders,92,3
126,meatballs,53,3
126,gouda,51,3
126,swisscheese,73,3
126,potatochips,90,3
126,tortillachips,84,3
126,doritos,87,3
126,ritzcracker,71,3
126,saltinecracker,69,3
126,wheatthins,69,3
126,eggrolls,51,3
126,frenchfries,81,3
126,butteredpopcorn,77,3
126,triscuits,37,3
126,wavylays,81,3
126,chocolateicecreamcone,97,3
126,strawberryicecreamcone,91,3
126,vanillasoftservecone,100,3
126,nutrigrainbar,53,3
126,churro,79,3
126,twistdonut,79,3
126,tuilecookie,56,3
126,madeleine,58,3
126,oatmealraisincookie,79,3
126,thumprintcookie,88,3
126,sugarcookie,85,3
126,vanillawafer,93,3
126,chocolatewafer,100,3
126,chocolatebark,73,3
126,darkchocolate,79,3
126,milkchocolate,92,3
126,pocky,66,3
126,toblerone,87,3
126,lindtlindorchocolatetruffle,84,3
126,twix,100,3
126,caramel,79,3
126,peanutmms,100,3
126,brownie,95,3
126,frostedbrownie,91,3
126,lemoncake,100,3
127,orange,15,3
127,plum,79,3
127,blackberry,50,3
127,peach,66,3
127,cherry,22,3
127,raspberry,26,3
127,apple,77,3
127,grape,28,3
127,goldendeliciousapple,15,3
127,honeydewmelon,25,3
127,kiwi,40,3
127,greenbellpepper,35,3
127,carrot,75,3
127,peanuts,41,3
127,almonds,83,3
127,baguette,45,3
127,slicedloafbread,68,3
127,boulebread,70,3
127,ryebread,53,3
127,deliturkey,22,3
127,chickentenders,34,3
127,meatballs,69,3
127,gouda,78,3
127,swisscheese,48,3
127,potatochips,15,3
127,tortillachips,29,3
127,doritos,87,3
127,ritzcracker,13,3
127,saltinecracker,76,3
127,wheatthins,64,3
127,eggrolls,53,3
127,frenchfries,57,3
127,butteredpopcorn,64,3
127,triscuits,60,3
127,wavylays,79,3
127,chocolateicecreamcone,40,3
127,strawberryicecreamcone,37,3
127,vanillasoftservecone,76,3
127,nutrigrainbar,30,3
127,churro,51,3
127,twistdonut,27,3
127,tuilecookie,70,3
127,madeleine,28,3
127,oatmealraisincookie,38,3
127,thumprintcookie,72,3
127,sugarcookie,78,3
127,vanillawafer,17,3
127,chocolatewafer,17,3
127,chocolatebark,25,3
127,darkchocolate,67,3
127,milkchocolate,78,3
127,pocky,32,3
127,toblerone,60,3
127,lindtlindorchocolatetruffle,50,3
127,twix,43,3
127,caramel,54,3
127,peanutmms,38,3
127,brownie,33,3
127,frostedbrownie,38,3
127,lemoncake,57,3
128,orange,90,3
128,plum,17,3
128,blackberry,86,3
128,peach,63,3
128,cherry,9,3
128,raspberry,99,3
128,apple,91,3
128,grape,94,3
128,goldendeliciousapple,81,3
128,honeydewmelon,7,3
128,kiwi,75,3
128,greenbellpepper,90,3
128,carrot,92,3
128,peanuts,9,3
128,almonds,90,3
128,baguette,54,3
128,slicedloafbread,63,3
128,boulebread,76,3
128,ryebread,66,3
128,deliturkey,24,3
128,chickentenders,85,3
128,meatballs,3,3
128,gouda,58,3
128,swisscheese,57,3
128,potatochips,89,3
128,tortillachips,85,3
128,doritos,89,3
128,ritzcracker,23,3
128,saltinecracker,11,3
128,wheatthins,68,3
128,eggrolls,3,3
128,frenchfries,89,3
128,butteredpopcorn,35,3
128,triscuits,40,3
128,wavylays,82,3
128,chocolateicecreamcone,64,3
128,strawberryicecreamcone,83,3
128,vanillasoftservecone,13,3
128,nutrigrainbar,25,3
128,churro,3,3
128,twistdonut,6,3
128,tuilecookie,14,3
128,madeleine,2,3
128,oatmealraisincookie,4,3
128,thumprintcookie,7,3
128,sugarcookie,76,3
128,vanillawafer,1,3
128,chocolatewafer,15,3
128,chocolatebark,10,3
128,darkchocolate,11,3
128,milkchocolate,12,3
128,pocky,12,3
128,toblerone,18,3
128,lindtlindorchocolatetruffle,9,3
128,twix,22,3
128,caramel,2,3
128,peanutmms,62,3
128,brownie,27,3
128,frostedbrownie,62,3
128,lemoncake,19,3
129,orange,92,3
129,plum,88,3
129,blackberry,90,3
129,peach,69,3
129,cherry,86,3
129,raspberry,87,3
129,apple,90,3
129,grape,96,3
129,goldendeliciousapple,92,3
129,honeydewmelon,54,3
129,kiwi,65,3
129,greenbellpepper,73,3
129,carrot,93,3
129,peanuts,49,3
129,almonds,50,3
129,baguette,58,3
129,slicedloafbread,38,3
129,boulebread,57,3
129,ryebread,75,3
129,deliturkey,66,3
129,chickentenders,58,3
129,meatballs,28,3
129,gouda,55,3
129,swisscheese,55,3
129,potatochips,31,3
129,tortillachips,39,3
129,doritos,26,3
129,ritzcracker,28,3
129,saltinecracker,29,3
129,wheatthins,30,3
129,eggrolls,28,3
129,frenchfries,28,3
129,butteredpopcorn,55,3
129,triscuits,25,3
129,wavylays,34,3
129,chocolateicecreamcone,21,3
129,strawberryicecreamcone,24,3
129,vanillasoftservecone,22,3
129,nutrigrainbar,35,3
129,churro,40,3
129,twistdonut,37,3
129,tuilecookie,21,3
129,madeleine,12,3
129,oatmealraisincookie,13,3
129,thumprintcookie,23,3
129,sugarcookie,18,3
129,vanillawafer,20,3
129,chocolatewafer,15,3
129,chocolatebark,8,3
129,darkchocolate,6,3
129,milkchocolate,5,3
129,pocky,4,3
129,toblerone,7,3
129,lindtlindorchocolatetruffle,6,3
129,twix,4,3
129,caramel,6,3
129,peanutmms,4,3
129,brownie,14,3
129,frostedbrownie,5,3
129,lemoncake,22,3
130,orange,30,3
130,plum,17,3
130,blackberry,57,3
130,peach,59,3
130,cherry,63,3
130,raspberry,60,3
130,apple,43,3
130,grape,77,3
130,goldendeliciousapple,22,3
130,honeydewmelon,38,3
130,kiwi,61,3
130,greenbellpepper,2,3
130,carrot,5,3
130,peanuts,6,3
130,almonds,33,3
130,baguette,80,3
130,slicedloafbread,98,3
130,boulebread,75,3
130,ryebread,92,3
130,deliturkey,20,3
130,chickentenders,32,3
130,meatballs,57,3
130,gouda,20,3
130,swisscheese,5,3
130,potatochips,4,3
130,tortillachips,3,3
130,doritos,3,3
130,ritzcracker,2,3
130,saltinecracker,2,3
130,wheatthins,3,3
130,eggrolls,2,3
130,frenchfries,13,3
130,butteredpopcorn,4,3
130,triscuits,67,3
130,wavylays,5,3
130,chocolateicecreamcone,97,3
130,strawberryicecreamcone,73,3
130,vanillasoftservecone,76,3
130,nutrigrainbar,39,3
130,churro,7,3
130,twistdonut,8,3
130,tuilecookie,52,3
130,madeleine,9,3
130,oatmealraisincookie,22,3
130,thumprintcookie,20,3
130,sugarcookie,8,3
130,vanillawafer,5,3
130,chocolatewafer,71,3
130,chocolatebark,94,3
130,darkchocolate,68,3
130,milkchocolate,33,3
130,pocky,58,3
130,toblerone,78,3
130,lindtlindorchocolatetruffle,82,3
130,twix,95,3
130,caramel,89,3
130,peanutmms,29,3
130,brownie,80,3
130,frostedbrownie,94,3
130,lemoncake,7,3
131,orange,82,3
131,plum,55,3
131,blackberry,76,3
131,peach,72,3
131,cherry,10,3
131,raspberry,74,3
131,apple,82,3
131,grape,80,3
131,goldendeliciousapple,84,3
131,honeydewmelon,79,3
131,kiwi,84,3
131,greenbellpepper,10,3
131,carrot,6,3
131,peanuts,71,3
131,almonds,72,3
131,baguette,17,3
131,slicedloafbread,23,3
131,boulebread,18,3
131,ryebread,21,3
131,deliturkey,88,3
131,chickentenders,93,3
131,meatballs,53,3
131,gouda,92,3
131,swisscheese,91,3
131,potatochips,80,3
131,tortillachips,58,3
131,doritos,46,3
131,ritzcracker,20,3
131,saltinecracker,17,3
131,wheatthins,23,3
131,eggrolls,31,3
131,frenchfries,86,3
131,butteredpopcorn,25,3
131,triscuits,15,3
131,wavylays,86,3
131,chocolateicecreamcone,94,3
131,strawberryicecreamcone,90,3
131,vanillasoftservecone,91,3
131,nutrigrainbar,19,3
131,churro,63,3
131,twistdonut,58,3
131,tuilecookie,12,3
131,madeleine,16,3
131,oatmealraisincookie,10,3
131,thumprintcookie,12,3
131,sugarcookie,10,3
131,vanillawafer,25,3
131,chocolatewafer,31,3
131,chocolatebark,62,3
131,darkchocolate,14,3
131,milkchocolate,90,3
131,pocky,80,3
131,toblerone,97,3
131,lindtlindorchocolatetruffle,70,3
131,twix,71,3
131,caramel,14,3
131,peanutmms,76,3
131,brownie,14,3
131,frostedbrownie,93,3
131,lemoncake,92,3
132,orange,99,3
132,plum,1,3
132,blackberry,71,3
132,peach,1,3
132,cherry,99,3
132,raspberry,98,3
132,apple,99,3
132,grape,99,3
132,goldendeliciousapple,99,3
132,honeydewmelon,69,3
132,kiwi,76,3
132,greenbellpepper,100,3
132,carrot,99,3
132,peanuts,68,3
132,almonds,40,3
132,baguette,2,3
132,slicedloafbread,2,3
132,boulebread,2,3
132,ryebread,1,3
132,deliturkey,77,3
132,chickentenders,100,3
132,meatballs,58,3
132,gouda,76,3
132,swisscheese,86,3
132,potatochips,54,3
132,tortillachips,36,3
132,doritos,67,3
132,ritzcracker,3,3
132,saltinecracker,2,3
132,wheatthins,36,3
132,eggrolls,99,3
132,frenchfries,92,3
132,butteredpopcorn,62,3
132,triscuits,63,3
132,wavylays,58,3
132,chocolateicecreamcone,83,3
132,strawberryicecreamcone,76,3
132,vanillasoftservecone,68,3
132,nutrigrainbar,86,3
132,churro,72,3
132,twistdonut,64,3
132,tuilecookie,3,3
132,madeleine,36,3
132,oatmealraisincookie,83,3
132,thumprintcookie,29,3
132,sugarcookie,2,3
132,vanillawafer,80,3
132,chocolatewafer,94,3
132,chocolatebark,70,3
132,darkchocolate,56,3
132,milkchocolate,58,3
132,pocky,39,3
132,toblerone,63,3
132,lindtlindorchocolatetruffle,42,3
132,twix,61,3
132,caramel,3,3
132,peanutmms,37,3
132,brownie,99,3
132,frostedbrownie,100,3
132,lemoncake,37,3
133,orange,99,3
133,plum,99,3
133,blackberry,98,3
133,peach,98,3
133,cherry,99,3
133,raspberry,99,3
133,apple,100,3
133,grape,99,3
133,goldendeliciousapple,99,3
133,honeydewmelon,99,3
133,kiwi,95,3
133,greenbellpepper,70,3
133,carrot,96,3
133,peanuts,60,3
133,almonds,74,3
133,baguette,76,3
133,slicedloafbread,67,3
133,boulebread,79,3
133,ryebread,85,3
133,deliturkey,69,3
133,chickentenders,73,3
133,meatballs,41,3
133,gouda,59,3
133,swisscheese,71,3
133,potatochips,43,3
133,tortillachips,39,3
133,doritos,40,3
133,ritzcracker,64,3
133,saltinecracker,85,3
133,wheatthins,87,3
133,eggrolls,36,3
133,frenchfries,52,3
133,butteredpopcorn,48,3
133,triscuits,84,3
133,wavylays,70,3
133,chocolateicecreamcone,3,3
133,strawberryicecreamcone,2,3
133,vanillasoftservecone,2,3
133,nutrigrainbar,2,3
133,churro,1,3
133,twistdonut,78,3
133,tuilecookie,3,3
133,madeleine,2,3
133,oatmealraisincookie,2,3
133,thumprintcookie,1,3
133,sugarcookie,3,3
133,vanillawafer,1,3
133,chocolatewafer,2,3
133,chocolatebark,2,3
133,darkchocolate,2,3
133,milkchocolate,2,3
133,pocky,2,3
133,toblerone,3,3
133,lindtlindorchocolatetruffle,1,3
133,twix,2,3
133,caramel,2,3
133,peanutmms,2,3
133,brownie,1,3
133,frostedbrownie,3,3
133,lemoncake,2,3
134,orange,97,3
134,plum,95,3
134,blackberry,100,3
134,peach,98,3
134,cherry,77,3
134,raspberry,98,3
134,apple,99,3
134,grape,86,3
134,goldendeliciousapple,85,3
134,honeydewmelon,21,3
134,kiwi,3,3
134,greenbellpepper,91,3
134,carrot,22,3
134,peanuts,100,3
134,almonds,48,3
134,baguette,13,3
134,slicedloafbread,13,3
134,boulebread,19,3
134,ryebread,78,3
134,deliturkey,97,3
134,chickentenders,24,3
134,meatballs,15,3
134,gouda,99,3
134,swisscheese,99,3
134,potatochips,88,3
134,tortillachips,86,3
134,doritos,67,3
134,ritzcracker,67,3
134,saltinecracker,34,3
134,wheatthins,79,3
134,eggrolls,88,3
134,frenchfries,25,3
134,butteredpopcorn,98,3
134,triscuits,80,3
134,wavylays,74,3
134,chocolateicecreamcone,48,3
134,strawberryicecreamcone,9,3
134,vanillasoftservecone,42,3
134,nutrigrainbar,25,3
134,churro,25,3
134,twistdonut,14,3
134,tuilecookie,11,3
134,madeleine,17,3
134,oatmealraisincookie,87,3
134,thumprintcookie,28,3
134,sugarcookie,72,3
134,vanillawafer,7,3
134,chocolatewafer,65,3
134,chocolatebark,21,3
134,darkchocolate,76,3
134,milkchocolate,33,3
134,pocky,75,3
134,toblerone,76,3
134,lindtlindorchocolatetruffle,80,3
134,twix,71,3
134,caramel,22,3
134,peanutmms,12,3
134,brownie,17,3
134,frostedbrownie,24,3
134,lemoncake,17,3
135,orange,61,3
135,plum,96,3
135,blackberry,62,3
135,peach,92,3
135,cherry,99,3
135,raspberry,63,3
135,apple,97,3
135,grape,86,3
135,goldendeliciousapple,98,3
135,honeydewmelon,26,3
135,kiwi,62,3
135,greenbellpepper,2,3
135,carrot,83,3
135,peanuts,76,3
135,almonds,56,3
135,baguette,62,3
135,slicedloafbread,61,3
135,boulebread,51,3
135,ryebread,50,3
135,deliturkey,72,3
135,chickentenders,79,3
135,meatballs,81,3
135,gouda,41,3
135,swisscheese,6,3
135,potatochips,76,3
135,tortillachips,51,3
135,doritos,79,3
135,ritzcracker,76,3
135,saltinecracker,75,3
135,wheatthins,79,3
135,eggrolls,83,3
135,frenchfries,77,3
135,butteredpopcorn,88,3
135,triscuits,35,3
135,wavylays,73,3
135,chocolateicecreamcone,86,3
135,strawberryicecreamcone,81,3
135,vanillasoftservecone,84,3
135,nutrigrainbar,97,3
135,churro,75,3
135,twistdonut,83,3
135,tuilecookie,63,3
135,madeleine,34,3
135,oatmealraisincookie,70,3
135,thumprintcookie,32,3
135,sugarcookie,79,3
135,vanillawafer,94,3
135,chocolatewafer,91,3
135,chocolatebark,79,3
135,darkchocolate,91,3
135,milkchocolate,93,3
135,pocky,58,3
135,toblerone,60,3
135,lindtlindorchocolatetruffle,87,3
135,twix,90,3
135,caramel,10,3
135,peanutmms,64,3
135,brownie,69,3
135,frostedbrownie,65,3
135,lemoncake,74,3
136,orange,60,3
136,plum,74,3
136,blackberry,61,3
136,peach,74,3
136,cherry,54,3
136,raspberry,65,3
136,apple,95,3
136,grape,50,3
136,goldendeliciousapple,64,3
136,honeydewmelon,51,3
136,kiwi,56,3
136,greenbellpepper,5,3
136,carrot,77,3
136,peanuts,61,3
136,almonds,76,3
136,baguette,16,3
136,slicedloafbread,9,3
136,boulebread,21,3
136,ryebread,24,3
136,deliturkey,24,3
136,chickentenders,10,3
136,meatballs,7,3
136,gouda,16,3
136,swisscheese,30,3
136,potatochips,21,3
136,tortillachips,21,3
136,doritos,20,3
136,ritzcracker,32,3
136,saltinecracker,22,3
136,wheatthins,24,3
136,eggrolls,5,3
136,frenchfries,13,3
136,butteredpopcorn,20,3
136,triscuits,40,3
136,wavylays,22,3
136,chocolateicecreamcone,5,3
136,strawberryicecreamcone,4,3
136,vanillasoftservecone,4,3
136,nutrigrainbar,28,3
136,churro,6,3
136,twistdonut,4,3
136,tuilecookie,16,3
136,madeleine,15,3
136,oatmealraisincookie,22,3
136,thumprintcookie,28,3
136,sugarcookie,13,3
136,vanillawafer,10,3
136,chocolatewafer,5,3
136,chocolatebark,19,3
136,darkchocolate,8,3
136,milkchocolate,5,3
136,pocky,21,3
136,toblerone,10,3
136,lindtlindorchocolatetruffle,15,3
136,twix,10,3
136,caramel,9,3
136,peanutmms,10,3
136,brownie,8,3
136,frostedbrownie,11,3
136,lemoncake,4,3
137,orange,86,3
137,plum,17,3
137,blackberry,17,3
137,peach,26,3
137,cherry,2,3
137,raspberry,61,3
137,apple,13,3
137,grape,6,3
137,goldendeliciousapple,2,3
137,honeydewmelon,2,3
137,kiwi,54,3
137,greenbellpepper,92,3
137,carrot,4,3
137,peanuts,63,3
137,almonds,75,3
137,baguette,8,3
137,slicedloafbread,1,3
137,boulebread,15,3
137,ryebread,16,3
137,deliturkey,39,3
137,chickentenders,7,3
137,meatballs,2,3
137,gouda,55,3
137,swisscheese,86,3
137,potatochips,7,3
137,tortillachips,7,3
137,doritos,18,3
137,ritzcracker,45,3
137,saltinecracker,52,3
137,wheatthins,95,3
137,eggrolls,2,3
137,frenchfries,25,3
137,butteredpopcorn,2,3
137,triscuits,49,3
137,wavylays,19,3
137,chocolateicecreamcone,1,3
137,strawberryicecreamcone,1,3
137,vanillasoftservecone,2,3
137,nutrigrainbar,1,3
137,churro,2,3
137,twistdonut,2,3
137,tuilecookie,2,3
137,madeleine,5,3
137,oatmealraisincookie,3,3
137,thumprintcookie,2,3
137,sugarcookie,2,3
137,vanillawafer,19,3
137,chocolatewafer,16,3
137,chocolatebark,78,3
137,darkchocolate,49,3
137,milkchocolate,6,3
137,pocky,2,3
137,toblerone,32,3
137,lindtlindorchocolatetruffle,32,3
137,twix,37,3
137,caramel,12,3
137,peanutmms,35,3
137,brownie,3,3
137,frostedbrownie,5,3
137,lemoncake,6,3
138,orange,76,3
138,plum,69,3
138,blackberry,93,3
138,peach,77,3
138,cherry,75,3
138,raspberry,98,3
138,apple,64,3
138,grape,69,3
138,goldendeliciousapple,54,3
138,honeydewmelon,74,3
138,kiwi,94,3
138,greenbellpepper,46,3
138,carrot,71,3
138,peanuts,86,3
138,almonds,91,3
138,baguette,20,3
138,slicedloafbread,3,3
138,boulebread,13,3
138,ryebread,20,3
138,deliturkey,38,3
138,chickentenders,78,3
138,meatballs,32,3
138,gouda,79,3
138,swisscheese,79,3
138,potatochips,5,3
138,tortillachips,7,3
138,doritos,23,3
138,ritzcracker,26,3
138,saltinecracker,23,3
138,wheatthins,9,3
138,eggrolls,80,3
138,frenchfries,78,3
138,butteredpopcorn,25,3
138,triscuits,7,3
138,wavylays,83,3
138,chocolateicecreamcone,60,3
138,strawberryicecreamcone,60,3
138,vanillasoftservecone,40,3
138,nutrigrainbar,51,3
138,churro,35,3
138,twistdonut,24,3
138,tuilecookie,28,3
138,madeleine,49,3
138,oatmealraisincookie,53,3
138,thumprintcookie,28,3
138,sugarcookie,17,3
138,vanillawafer,28,3
138,chocolatewafer,44,3
138,chocolatebark,76,3
138,darkchocolate,62,3
138,milkchocolate,32,3
138,pocky,38,3
138,toblerone,47,3
138,lindtlindorchocolatetruffle,71,3
138,twix,54,3
138,caramel,40,3
138,peanutmms,54,3
138,brownie,15,3
138,frostedbrownie,48,3
138,lemoncake,28,3
139,orange,95,3
139,plum,34,3
139,blackberry,95,3
139,peach,60,3
139,cherry,75,3
139,raspberry,95,3
139,apple,1,3
139,grape,87,3
139,goldendeliciousapple,2,3
139,honeydewmelon,86,3
139,kiwi,96,3
139,greenbellpepper,1,3
139,carrot,63,3
139,peanuts,79,3
139,almonds,84,3
139,baguette,19,3
139,slicedloafbread,45,3
139,boulebread,39,3
139,ryebread,39,3
139,deliturkey,21,3
139,chickentenders,1,3
139,meatballs,2,3
139,gouda,34,3
139,swisscheese,47,3
139,potatochips,34,3
139,tortillachips,69,3
139,doritos,63,3
139,ritzcracker,24,3
139,saltinecracker,40,3
139,wheatthins,31,3
139,eggrolls,1,3
139,frenchfries,30,3
139,butteredpopcorn,17,3
139,triscuits,6,3
139,wavylays,54,3
139,chocolateicecreamcone,68,3
139,strawberryicecreamcone,58,3
139,vanillasoftservecone,36,3
139,nutrigrainbar,38,3
139,churro,87,3
139,twistdonut,75,3
139,tuilecookie,22,3
139,madeleine,30,3
139,oatmealraisincookie,26,3
139,thumprintcookie,15,3
139,sugarcookie,58,3
139,vanillawafer,31,3
139,chocolatewafer,18,3
139,chocolatebark,13,3
139,darkchocolate,24,3
139,milkchocolate,21,3
139,pocky,27,3
139,toblerone,6,3
139,lindtlindorchocolatetruffle,18,3
139,twix,4,3
139,caramel,29,3
139,peanutmms,59,3
139,brownie,33,3
139,frostedbrownie,32,3
139,lemoncake,33,3
140,orange,90,3
140,plum,2,3
140,blackberry,27,3
140,peach,1,3
140,cherry,77,3
140,raspberry,18,3
140,apple,51,3
140,grape,71,3
140,goldendeliciousapple,17,3
140,honeydewmelon,1,3
140,kiwi,1,3
140,greenbellpepper,1,3
140,carrot,1,3
140,peanuts,44,3
140,almonds,29,3
140,baguette,69,3
140,slicedloafbread,71,3
140,boulebread,77,3
140,ryebread,61,3
140,deliturkey,76,3
140,chickentenders,82,3
140,meatballs,59,3
140,gouda,83,3
140,swisscheese,73,3
140,potatochips,78,3
140,tortillachips,71,3
140,doritos,59,3
140,ritzcracker,81,3
140,saltinecracker,65,3
140,wheatthins,64,3
140,eggrolls,76,3
140,frenchfries,71,3
140,butteredpopcorn,37,3
140,triscuits,46,3
140,wavylays,68,3
140,chocolateicecreamcone,100,3
140,strawberryicecreamcone,98,3
140,vanillasoftservecone,100,3
140,nutrigrainbar,36,3
140,churro,76,3
140,twistdonut,56,3
140,tuilecookie,48,3
140,madeleine,26,3
140,oatmealraisincookie,72,3
140,thumprintcookie,80,3
140,sugarcookie,89,3
140,vanillawafer,85,3
140,chocolatewafer,89,3
140,chocolatebark,83,3
140,darkchocolate,89,3
140,milkchocolate,94,3
140,pocky,88,3
140,toblerone,86,3
140,lindtlindorchocolatetruffle,100,3
140,twix,90,3
140,caramel,74,3
140,peanutmms,82,3
140,brownie,92,3
140,frostedbrownie,93,3
140,lemoncake,95,3
141,orange,87,3
141,plum,78,3
141,blackberry,38,3
141,peach,80,3
141,cherry,91,3
141,raspberry,50,3
141,apple,86,3
141,grape,67,3
141,goldendeliciousapple,90,3
141,honeydewmelon,86,3
141,kiwi,68,3
141,greenbellpepper,54,3
141,carrot,63,3
141,peanuts,57,3
141,almonds,65,3
141,baguette,3,3
141,slicedloafbread,4,3
141,boulebread,3,3
141,ryebread,3,3
141,deliturkey,45,3
141,chickentenders,58,3
141,meatballs,14,3
141,gouda,22,3
141,swisscheese,65,3
141,potatochips,25,3
141,tortillachips,35,3
141,doritos,15,3
141,ritzcracker,23,3
141,saltinecracker,8,3
141,wheatthins,11,3
141,eggrolls,21,3
141,frenchfries,20,3
141,butteredpopcorn,54,3
141,triscuits,8,3
141,wavylays,24,3
141,chocolateicecreamcone,57,3
141,strawberryicecreamcone,57,3
141,vanillasoftservecone,47,3
141,nutrigrainbar,11,3
141,churro,19,3
141,twistdonut,25,3
141,tuilecookie,8,3
141,madeleine,6,3
141,oatmealraisincookie,64,3
141,thumprintcookie,33,3
141,sugarcookie,10,3
141,vanillawafer,30,3
141,chocolatewafer,38,3
141,chocolatebark,37,3
141,darkchocolate,50,3
141,milkchocolate,57,3
141,pocky,23,3
141,toblerone,29,3
141,lindtlindorchocolatetruffle,65,3
141,twix,41,3
141,caramel,19,3
141,peanutmms,62,3
141,brownie,43,3
141,frostedbrownie,46,3
141,lemoncake,74,3
142,orange,87,3
142,plum,98,3
142,blackberry,97,3
142,peach,95,3
142,cherry,93,3
142,raspberry,97,3
142,apple,97,3
142,grape,92,3
142,goldendeliciousapple,94,3
142,honeydewmelon,30,3
142,kiwi,93,3
142,greenbellpepper,71,3
142,carrot,74,3
142,peanuts,62,3
142,almonds,60,3
142,baguette,38,3
142,slicedloafbread,21,3
142,boulebread,27,3
142,ryebread,13,3
142,deliturkey,53,3
142,chickentenders,91,3
142,meatballs,61,3
142,gouda,71,3
142,swisscheese,99,3
142,potatochips,81,3
142,tortillachips,75,3
142,doritos,82,3
142,ritzcracker,56,3
142,saltinecracker,58,3
142,wheatthins,57,3
142,eggrolls,100,3
142,frenchfries,88,3
142,butteredpopcorn,66,3
142,triscuits,23,3
142,wavylays,78,3
142,chocolateicecreamcone,96,3
142,strawberryicecreamcone,99,3
142,vanillasoftservecone,99,3
142,nutrigrainbar,18,3
142,churro,24,3
142,twistdonut,23,3
142,tuilecookie,65,3
142,madeleine,14,3
142,oatmealraisincookie,41,3
142,thumprintcookie,70,3
142,sugarcookie,75,3
142,vanillawafer,51,3
142,chocolatewafer,89,3
142,chocolatebark,94,3
142,darkchocolate,93,3
142,milkchocolate,99,3
142,pocky,66,3
142,toblerone,80,3
142,lindtlindorchocolatetruffle,86,3
142,twix,94,3
142,caramel,72,3
142,peanutmms,95,3
142,brownie,81,3
142,frostedbrownie,90,3
142,lemoncake,79,3
143,orange,67,3
143,plum,64,3
143,blackberry,64,3
143,peach,73,3
143,cherry,63,3
143,raspberry,86,3
143,apple,68,3
143,grape,72,3
143,goldendeliciousapple,68,3
143,honeydewmelon,66,3
143,kiwi,73,3
143,greenbellpepper,1,3
143,carrot,14,3
143,peanuts,82,3
143,almonds,90,3
143,baguette,32,3
143,slicedloafbread,23,3
143,boulebread,27,3
143,ryebread,34,3
143,deliturkey,75,3
143,chickentenders,88,3
143,meatballs,79,3
143,gouda,34,3
143,swisscheese,50,3
143,potatochips,78,3
143,tortillachips,70,3
143,doritos,87,3
143,ritzcracker,65,3
143,saltinecracker,66,3
143,wheatthins,71,3
143,eggrolls,92,3
143,frenchfries,90,3
143,butteredpopcorn,58,3
143,triscuits,78,3
143,wavylays,69,3
143,chocolateicecreamcone,31,3
143,strawberryicecreamcone,38,3
143,vanillasoftservecone,20,3
143,nutrigrainbar,76,3
143,churro,71,3
143,twistdonut,75,3
143,tuilecookie,56,3
143,madeleine,68,3
143,oatmealraisincookie,28,3
143,thumprintcookie,44,3
143,sugarcookie,38,3
143,vanillawafer,21,3
143,chocolatewafer,62,3
143,chocolatebark,58,3
143,darkchocolate,36,3
143,milkchocolate,41,3
143,pocky,71,3
143,toblerone,77,3
143,lindtlindorchocolatetruffle,56,3
143,twix,75,3
143,caramel,25,3
143,peanutmms,75,3
143,brownie,63,3
143,frostedbrownie,69,3
143,lemoncake,21,3
144,orange,5,3
144,plum,4,3
144,blackberry,3,3
144,peach,2,3
144,cherry,4,3
144,raspberry,5,3
144,apple,98,3
144,grape,97,3
144,goldendeliciousapple,90,3
144,honeydewmelon,7,3
144,kiwi,1,3
144,greenbellpepper,4,3
144,carrot,7,3
144,peanuts,29,3
144,almonds,6,3
144,baguette,56,3
144,slicedloafbread,57,3
144,boulebread,50,3
144,ryebread,43,3
144,deliturkey,45,3
144,chickentenders,66,3
144,meatballs,2,3
144,gouda,47,3
144,swisscheese,45,3
144,potatochips,46,3
144,tortillachips,50,3
144,doritos,53,3
144,ritzcracker,22,3
144,saltinecracker,53,3
144,wheatthins,54,3
144,eggrolls,69,3
144,frenchfries,86,3
144,butteredpopcorn,53,3
144,triscuits,55,3
144,wavylays,27,3
144,chocolateicecreamcone,56,3
144,strawberryicecreamcone,48,3
144,vanillasoftservecone,45,3
144,nutrigrainbar,3,3
144,churro,40,3
144,twistdonut,95,3
144,tuilecookie,43,3
144,madeleine,20,3
144,oatmealraisincookie,4,3
144,thumprintcookie,4,3
144,sugarcookie,71,3
144,vanillawafer,63,3
144,chocolatewafer,56,3
144,chocolatebark,72,3
144,darkchocolate,34,3
144,milkchocolate,37,3
144,pocky,79,3
144,toblerone,12,3
144,lindtlindorchocolatetruffle,5,3
144,twix,71,3
144,caramel,48,3
144,peanutmms,65,3
144,brownie,87,3
144,frostedbrownie,84,3
144,lemoncake,59,3
145,orange,99,3
145,plum,1,3
145,blackberry,90,3
145,peach,1,3
145,cherry,1,3
145,raspberry,83,3
145,apple,99,3
145,grape,98,3
145,goldendeliciousapple,97,3
145,honeydewmelon,1,3
145,kiwi,85,3
145,greenbellpepper,27,3
145,carrot,88,3
145,peanuts,10,3
145,almonds,63,3
145,baguette,56,3
145,slicedloafbread,36,3
145,boulebread,69,3
145,ryebread,58,3
145,deliturkey,1,3
145,chickentenders,1,3
145,meatballs,35,3
145,gouda,1,3
145,swisscheese,66,3
145,potatochips,55,3
145,tortillachips,36,3
145,doritos,43,3
145,ritzcracker,41,3
145,saltinecracker,36,3
145,wheatthins,46,3
145,eggrolls,1,3
145,frenchfries,71,3
145,butteredpopcorn,50,3
145,triscuits,24,3
145,wavylays,34,3
145,chocolateicecreamcone,10,3
145,strawberryicecreamcone,12,3
145,vanillasoftservecone,60,3
145,nutrigrainbar,52,3
145,churro,41,3
145,twistdonut,40,3
145,tuilecookie,27,3
145,madeleine,1,3
145,oatmealraisincookie,15,3
145,thumprintcookie,1,3
145,sugarcookie,12,3
145,vanillawafer,67,3
145,chocolatewafer,3,3
145,chocolatebark,89,3
145,darkchocolate,9,3
145,milkchocolate,7,3
145,pocky,28,3
145,toblerone,1,3
145,lindtlindorchocolatetruffle,1,3
145,twix,40,3
145,caramel,60,3
145,peanutmms,11,3
145,brownie,23,3
145,frostedbrownie,1,3
145,lemoncake,1,3
146,orange,80,3
146,plum,82,3
146,blackberry,80,3
146,peach,84,3
146,cherry,86,3
146,raspberry,81,3
146,apple,86,3
146,grape,75,3
146,goldendeliciousapple,84,3
146,honeydewmelon,76,3
146,kiwi,81,3
146,greenbellpepper,70,3
146,carrot,84,3
146,peanuts,29,3
146,almonds,22,3
146,baguette,34,3
146,slicedloafbread,28,3
146,boulebread,28,3
146,ryebread,37,3
146,deliturkey,31,3
146,chickentenders,14,3
146,meatballs,1,3
146,gouda,20,3
146,swisscheese,20,3
146,potatochips,30,3
146,tortillachips,28,3
146,doritos,19,3
146,ritzcracker,23,3
146,saltinecracker,34,3
146,wheatthins,29,3
146,eggrolls,2,3
146,frenchfries,53,3
146,butteredpopcorn,17,3
146,triscuits,22,3
146,wavylays,28,3
146,chocolateicecreamcone,72,3
146,strawberryicecreamcone,20,3
146,vanillasoftservecone,65,3
146,nutrigrainbar,37,3
146,churro,25,3
146,twistdonut,29,3
146,tuilecookie,28,3
146,madeleine,23,3
146,oatmealraisincookie,61,3
146,thumprintcookie,6,3
146,sugarcookie,50,3
146,vanillawafer,59,3
146,chocolatewafer,51,3
146,chocolatebark,59,3
146,darkchocolate,71,3
146,milkchocolate,65,3
146,pocky,62,3
146,toblerone,66,3
146,lindtlindorchocolatetruffle,64,3
146,twix,60,3
146,caramel,68,3
146,peanutmms,22,3
146,brownie,68,3
146,frostedbrownie,67,3
146,lemoncake,63,3
147,orange,88,3
147,plum,96,3
147,blackberry,91,3
147,peach,92,3
147,cherry,88,3
147,raspberry,81,3
147,apple,92,3
147,grape,98,3
147,goldendeliciousapple,95,3
147,honeydewmelon,79,3
147,kiwi,93,3
147,greenbellpepper,84,3
147,carrot,84,3
147,peanuts,78,3
147,almonds,87,3
147,baguette,41,3
147,slicedloafbread,26,3
147,boulebread,52,3
147,ryebread,58,3
147,deliturkey,92,3
147,chickentenders,3,3
147,meatballs,29,3
147,gouda,79,3
147,swisscheese,79,3
147,potatochips,86,3
147,tortillachips,50,3
147,doritos,38,3
147,ritzcracker,61,3
147,saltinecracker,64,3
147,wheatthins,63,3
147,eggrolls,2,3
147,frenchfries,86,3
147,butteredpopcorn,54,3
147,triscuits,60,3
147,wavylays,96,3
147,chocolateicecreamcone,25,3
147,strawberryicecreamcone,18,3
147,vanillasoftservecone,16,3
147,nutrigrainbar,14,3
147,churro,32,3
147,twistdonut,10,3
147,tuilecookie,24,3
147,madeleine,21,3
147,oatmealraisincookie,35,3
147,thumprintcookie,31,3
147,sugarcookie,19,3
147,vanillawafer,34,3
147,chocolatewafer,64,3
147,chocolatebark,100,3
147,darkchocolate,97,3
147,milkchocolate,100,3
147,pocky,53,3
147,toblerone,94,3
147,lindtlindorchocolatetruffle,83,3
147,twix,73,3
147,caramel,80,3
147,peanutmms,59,3
147,brownie,31,3
147,frostedbrownie,32,3
147,lemoncake,17,3
148,orange,89,3
148,plum,88,3
148,blackberry,89,3
148,peach,72,3
148,cherry,76,3
148,raspberry,98,3
148,apple,98,3
148,grape,100,3
148,goldendeliciousapple,100,3
148,honeydewmelon,99,3
148,kiwi,63,3
148,greenbellpepper,3,3
148,carrot,95,3
148,peanuts,89,3
148,almonds,99,3
148,baguette,81,3
148,slicedloafbread,29,3
148,boulebread,82,3
148,ryebread,98,3
148,deliturkey,72,3
148,chickentenders,40,3
148,meatballs,98,3
148,gouda,99,3
148,swisscheese,94,3
148,potatochips,80,3
148,tortillachips,99,3
148,doritos,93,3
148,ritzcracker,83,3
148,saltinecracker,72,3
148,wheatthins,88,3
148,eggrolls,68,3
148,frenchfries,88,3
148,butteredpopcorn,86,3
148,triscuits,92,3
148,wavylays,71,3
148,chocolateicecreamcone,97,3
148,strawberryicecreamcone,83,3
148,vanillasoftservecone,93,3
148,nutrigrainbar,90,3
148,churro,75,3
148,twistdonut,94,3
148,tuilecookie,99,3
148,madeleine,87,3
148,oatmealraisincookie,97,3
148,thumprintcookie,91,3
148,sugarcookie,100,3
148,vanillawafer,79,3
148,chocolatewafer,85,3
148,chocolatebark,86,3
148,darkchocolate,82,3
148,milkchocolate,98,3
148,pocky,98,3
148,toblerone,94,3
148,lindtlindorchocolatetruffle,92,3
148,twix,79,3
148,caramel,91,3
148,peanutmms,93,3
148,brownie,98,3
148,frostedbrownie,58,3
148,lemoncake,51,3
149,orange,70,3
149,plum,58,3
149,blackberry,70,3
149,peach,71,3
149,cherry,60,3
149,raspberry,73,3
149,apple,76,3
149,grape,52,3
149,goldendeliciousapple,68,3
149,honeydewmelon,43,3
149,kiwi,53,3
149,greenbellpepper,32,3
149,carrot,1,3
149,peanuts,21,3
149,almonds,64,3
149,baguette,21,3
149,slicedloafbread,72,3
149,boulebread,56,3
149,ryebread,60,3
149,deliturkey,48,3
149,chickentenders,100,3
149,meatballs,41,3
149,gouda,72,3
149,swisscheese,83,3
149,potatochips,100,3
149,tortillachips,71,3
149,doritos,63,3
149,ritzcracker,42,3
149,saltinecracker,30,3
149,wheatthins,19,3
149,eggrolls,88,3
149,frenchfries,30,3
149,butteredpopcorn,100,3
149,triscuits,1,3
149,wavylays,70,3
149,chocolateicecreamcone,100,3
149,strawberryicecreamcone,56,3
149,vanillasoftservecone,100,3
149,nutrigrainbar,72,3
149,churro,87,3
149,twistdonut,62,3
149,tuilecookie,60,3
149,madeleine,62,3
149,oatmealraisincookie,6,3
149,thumprintcookie,56,3
149,sugarcookie,54,3
149,vanillawafer,1,3
149,chocolatewafer,1,3
149,chocolatebark,50,3
149,darkchocolate,100,3
149,milkchocolate,73,3
149,pocky,77,3
149,toblerone,78,3
149,lindtlindorchocolatetruffle,100,3
149,twix,68,3
149,caramel,30,3
149,peanutmms,58,3
149,brownie,100,3
149,frostedbrownie,100,3
149,lemoncake,100,3
150,orange,34,3
150,plum,26,3
150,blackberry,14,3
150,peach,61,3
150,cherry,15,3
150,raspberry,13,3
150,apple,22,3
150,grape,13,3
150,goldendeliciousapple,17,3
150,honeydewmelon,3,3
150,kiwi,2,3
150,greenbellpepper,4,3
150,carrot,2,3
150,peanuts,7,3
150,almonds,3,3
150,baguette,90,3
150,slicedloafbread,68,3
150,boulebread,27,3
150,ryebread,24,3
150,deliturkey,61,3
150,chickentenders,90,3
150,meatballs,85,3
150,gouda,27,3
150,swisscheese,68,3
150,potatochips,58,3
150,tortillachips,48,3
150,doritos,39,3
150,ritzcracker,39,3
150,saltinecracker,55,3
150,wheatthins,59,3
150,eggrolls,76,3
150,frenchfries,75,3
150,butteredpopcorn,17,3
150,triscuits,15,3
150,wavylays,46,3
150,chocolateicecreamcone,79,3
150,strawberryicecreamcone,70,3
150,vanillasoftservecone,94,3
150,nutrigrainbar,14,3
150,churro,66,3
150,twistdonut,78,3
150,tuilecookie,19,3
150,madeleine,60,3
150,oatmealraisincookie,74,3
150,thumprintcookie,74,3
150,sugarcookie,75,3
150,vanillawafer,6,3
150,chocolatewafer,10,3
150,chocolatebark,11,3
150,darkchocolate,90,3
150,milkchocolate,84,3
150,pocky,4,3
150,toblerone,67,3
150,lindtlindorchocolatetruffle,67,3
150,twix,6,3
150,caramel,6,3
150,peanutmms,33,3
150,brownie,66,3
150,frostedbrownie,64,3
150,lemoncake,58,3
151,orange,99,3
151,plum,99,3
151,blackberry,95,3
151,peach,97,3
151,cherry,97,3
151,raspberry,95,3
151,apple,97,3
151,grape,98,3
151,goldendeliciousapple,99,3
151,honeydewmelon,98,3
151,kiwi,97,3
151,greenbellpepper,76,3
151,carrot,98,3
151,peanuts,54,3
151,almonds,59,3
151,baguette,82,3
151,slicedloafbread,79,3
151,boulebread,87,3
151,ryebread,86,3
151,deliturkey,32,3
151,chickentenders,77,3
151,meatballs,10,3
151,gouda,14,3
151,swisscheese,19,3
151,potatochips,13,3
151,tortillachips,13,3
151,doritos,6,3
151,ritzcracker,32,3
151,saltinecracker,38,3
151,wheatthins,41,3
151,eggrolls,39,3
151,frenchfries,13,3
151,butteredpopcorn,20,3
151,triscuits,47,3
151,wavylays,11,3
151,chocolateicecreamcone,22,3
151,strawberryicecreamcone,14,3
151,vanillasoftservecone,12,3
151,nutrigrainbar,48,3
151,churro,8,3
151,twistdonut,25,3
151,tuilecookie,10,3
151,madeleine,29,3
151,oatmealraisincookie,13,3
151,thumprintcookie,10,3
151,sugarcookie,27,3
151,vanillawafer,5,3
151,chocolatewafer,14,3
151,chocolatebark,36,3
151,darkchocolate,60,3
151,milkchocolate,61,3
151,pocky,28,3
151,toblerone,66,3
151,lindtlindorchocolatetruffle,5,3
151,twix,23,3
151,caramel,18,3
151,peanutmms,95,3
151,brownie,8,3
151,frostedbrownie,6,3
151,lemoncake,6,3
152,orange,79,3
152,plum,75,3
152,blackberry,70,3
152,peach,89,3
152,cherry,60,3
152,raspberry,69,3
152,apple,84,3
152,grape,82,3
152,goldendeliciousapple,51,3
152,honeydewmelon,100,3
152,kiwi,1,3
152,greenbellpepper,12,3
152,carrot,26,3
152,peanuts,71,3
152,almonds,59,3
152,baguette,52,3
152,slicedloafbread,16,3
152,boulebread,50,3
152,ryebread,43,3
152,deliturkey,20,3
152,chickentenders,100,3
152,meatballs,100,3
152,gouda,65,3
152,swisscheese,58,3
152,potatochips,100,3
152,tortillachips,100,3
152,doritos,100,3
152,ritzcracker,55,3
152,saltinecracker,54,3
152,wheatthins,66,3
152,eggrolls,100,3
152,frenchfries,100,3
152,butteredpopcorn,100,3
152,triscuits,24,3
152,wavylays,100,3
152,chocolateicecreamcone,100,3
152,strawberryicecreamcone,100,3
152,vanillasoftservecone,100,3
152,nutrigrainbar,41,3
152,churro,100,3
152,twistdonut,100,3
152,tuilecookie,82,3
152,madeleine,76,3
152,oatmealraisincookie,80,3
152,thumprintcookie,76,3
152,sugarcookie,93,3
152,vanillawafer,65,3
152,chocolatewafer,76,3
152,chocolatebark,100,3
152,darkchocolate,100,3
152,milkchocolate,100,3
152,pocky,82,3
152,toblerone,100,3
152,lindtlindorchocolatetruffle,100,3
152,twix,100,3
152,caramel,62,3
152,peanutmms,100,3
152,brownie,100,3
152,frostedbrownie,100,3
152,lemoncake,100,3
153,orange,52,3
153,plum,71,3
153,blackberry,19,3
153,peach,77,3
153,cherry,56,3
153,raspberry,50,3
153,apple,62,3
153,grape,65,3
153,goldendeliciousapple,11,3
153,honeydewmelon,14,3
153,kiwi,32,3
153,greenbellpepper,21,3
153,carrot,8,3
153,peanuts,22,3
153,almonds,14,3
153,baguette,11,3
153,slicedloafbread,32,3
153,boulebread,20,3
153,ryebread,38,3
153,deliturkey,57,3
153,chickentenders,56,3
153,meatballs,81,3
153,gouda,48,3
153,swisscheese,48,3
153,potatochips,64,3
153,tortillachips,37,3
153,doritos,36,3
153,ritzcracker,27,3
153,saltinecracker,36,3
153,wheatthins,23,3
153,eggrolls,79,3
153,frenchfries,67,3
153,butteredpopcorn,66,3
153,triscuits,16,3
153,wavylays,87,3
153,chocolateicecreamcone,73,3
153,strawberryicecreamcone,61,3
153,vanillasoftservecone,63,3
153,nutrigrainbar,34,3
153,churro,9,3
153,twistdonut,65,3
153,tuilecookie,8,3
153,madeleine,16,3
153,oatmealraisincookie,27,3
153,thumprintcookie,26,3
153,sugarcookie,24,3
153,vanillawafer,27,3
153,chocolatewafer,46,3
153,chocolatebark,75,3
153,darkchocolate,27,3
153,milkchocolate,22,3
153,pocky,14,3
153,toblerone,19,3
153,lindtlindorchocolatetruffle,48,3
153,twix,67,3
153,caramel,37,3
153,peanutmms,47,3
153,brownie,30,3
153,frostedbrownie,18,3
153,lemoncake,91,3
154,orange,93,3
154,plum,95,3
154,blackberry,100,3
154,peach,95,3
154,cherry,100,3
154,raspberry,100,3
154,apple,93,3
154,grape,100,3
154,goldendeliciousapple,93,3
154,honeydewmelon,94,3
154,kiwi,92,3
154,greenbellpepper,1,3
154,carrot,62,3
154,peanuts,78,3
154,almonds,80,3
154,baguette,60,3
154,slicedloafbread,39,3
154,boulebread,62,3
154,ryebread,62,3
154,deliturkey,61,3
154,chickentenders,19,3
154,meatballs,1,3
154,gouda,37,3
154,swisscheese,22,3
154,potatochips,63,3
154,tortillachips,38,3
154,doritos,62,3
154,ritzcracker,62,3
154,saltinecracker,8,3
154,wheatthins,9,3
154,eggrolls,22,3
154,frenchfries,62,3
154,butteredpopcorn,63,3
154,triscuits,7,3
154,wavylays,63,3
154,chocolateicecreamcone,91,3
154,strawberryicecreamcone,91,3
154,vanillasoftservecone,92,3
154,nutrigrainbar,21,3
154,churro,22,3
154,twistdonut,8,3
154,tuilecookie,63,3
154,madeleine,22,3
154,oatmealraisincookie,62,3
154,thumprintcookie,62,3
154,sugarcookie,61,3
154,vanillawafer,62,3
154,chocolatewafer,62,3
154,chocolatebark,62,3
154,darkchocolate,62,3
154,milkchocolate,64,3
154,pocky,95,3
154,toblerone,62,3
154,lindtlindorchocolatetruffle,38,3
154,twix,63,3
154,caramel,63,3
154,peanutmms,79,3
154,brownie,20,3
154,frostedbrownie,37,3
154,lemoncake,22,3
155,orange,1,3
155,plum,1,3
155,blackberry,1,3
155,peach,4,3
155,cherry,1,3
155,raspberry,1,3
155,apple,1,3
155,grape,1,3
155,goldendeliciousapple,1,3
155,honeydewmelon,1,3
155,kiwi,1,3
155,greenbellpepper,1,3
155,carrot,31,3
155,peanuts,1,3
155,almonds,1,3
155,baguette,83,3
155,slicedloafbread,1,3
155,boulebread,87,3
155,ryebread,85,3
155,deliturkey,60,3
155,chickentenders,63,3
155,meatballs,35,3
155,gouda,81,3
155,swisscheese,1,3
155,potatochips,10,3
155,tortillachips,3,3
155,doritos,1,3
155,ritzcracker,6,3
155,saltinecracker,8,3
155,wheatthins,6,3
155,eggrolls,78,3
155,frenchfries,5,3
155,butteredpopcorn,1,3
155,triscuits,1,3
155,wavylays,15,3
155,chocolateicecreamcone,1,3
155,strawberryicecreamcone,1,3
155,vanillasoftservecone,14,3
155,nutrigrainbar,7,3
155,churro,77,3
155,twistdonut,85,3
155,tuilecookie,1,3
155,madeleine,1,3
155,oatmealraisincookie,1,3
155,thumprintcookie,1,3
155,sugarcookie,83,3
155,vanillawafer,1,3
155,chocolatewafer,11,3
155,chocolatebark,1,3
155,darkchocolate,1,3
155,milkchocolate,77,3
155,pocky,1,3
155,toblerone,47,3
155,lindtlindorchocolatetruffle,32,3
155,twix,11,3
155,caramel,73,3
155,peanutmms,75,3
155,brownie,63,3
155,frostedbrownie,75,3
155,lemoncake,65,3
156,orange,41,3
156,plum,39,3
156,blackberry,26,3
156,peach,50,3
156,cherry,44,3
156,raspberry,49,3
156,apple,5,3
156,grape,52,3
156,goldendeliciousapple,6,3
156,honeydewmelon,9,3
156,kiwi,26,3
156,greenbellpepper,66,3
156,carrot,14,3
156,peanuts,21,3
156,almonds,17,3
156,baguette,26,3
156,slicedloafbread,49,3
156,boulebread,49,3
156,ryebread,42,3
156,deliturkey,77,3
156,chickentenders,100,3
156,meatballs,92,3
156,gouda,68,3
156,swisscheese,68,3
156,potatochips,51,3
156,tortillachips,87,3
156,doritos,66,3
156,ritzcracker,54,3
156,saltinecracker,58,3
156,wheatthins,50,3
156,eggrolls,88,3
156,frenchfries,100,3
156,butteredpopcorn,7,3
156,triscuits,39,3
156,wavylays,60,3
156,chocolateicecreamcone,45,3
156,strawberryicecreamcone,52,3
156,vanillasoftservecone,46,3
156,nutrigrainbar,16,3
156,churro,15,3
156,twistdonut,10,3
156,tuilecookie,20,3
156,madeleine,19,3
156,oatmealraisincookie,63,3
156,thumprintcookie,25,3
156,sugarcookie,43,3
156,vanillawafer,52,3
156,chocolatewafer,57,3
156,chocolatebark,48,3
156,darkchocolate,32,3
156,milkchocolate,33,3
156,pocky,6,3
156,toblerone,60,3
156,lindtlindorchocolatetruffle,30,3
156,twix,52,3
156,caramel,4,3
156,peanutmms,12,3
156,brownie,61,3
156,frostedbrownie,53,3
156,lemoncake,52,3
157,orange,88,3
157,plum,70,3
157,blackberry,34,3
157,peach,95,3
157,cherry,57,3
157,raspberry,27,3
157,apple,78,3
157,grape,64,3
157,goldendeliciousapple,67,3
157,honeydewmelon,70,3
157,kiwi,4,3
157,greenbellpepper,68,3
157,carrot,5,3
157,peanuts,75,3
157,almonds,67,3
157,baguette,50,3
157,slicedloafbread,62,3
157,boulebread,53,3
157,ryebread,53,3
157,deliturkey,63,3
157,chickentenders,70,3
157,meatballs,79,3
157,gouda,76,3
157,swisscheese,76,3
157,potatochips,66,3
157,tortillachips,44,3
157,doritos,72,3
157,ritzcracker,54,3
157,saltinecracker,49,3
157,wheatthins,66,3
157,eggrolls,76,3
157,frenchfries,100,3
157,butteredpopcorn,31,3
157,triscuits,4,3
157,wavylays,71,3
157,chocolateicecreamcone,77,3
157,strawberryicecreamcone,79,3
157,vanillasoftservecone,79,3
157,nutrigrainbar,96,3
157,churro,97,3
157,twistdonut,93,3
157,tuilecookie,69,3
157,madeleine,96,3
157,oatmealraisincookie,96,3
157,thumprintcookie,74,3
157,sugarcookie,83,3
157,vanillawafer,71,3
157,chocolatewafer,68,3
157,chocolatebark,72,3
157,darkchocolate,88,3
157,milkchocolate,93,3
157,pocky,83,3
157,toblerone,77,3
157,lindtlindorchocolatetruffle,78,3
157,twix,100,3
157,caramel,80,3
157,peanutmms,99,3
157,brownie,84,3
157,frostedbrownie,89,3
157,lemoncake,71,3
158,orange,37,3
158,plum,71,3
158,blackberry,57,3
158,peach,70,3
158,cherry,63,3
158,raspberry,57,3
158,apple,33,3
158,grape,68,3
158,goldendeliciousapple,32,3
158,honeydewmelon,81,3
158,kiwi,62,3
158,greenbellpepper,6,3
158,carrot,44,3
158,peanuts,56,3
158,almonds,57,3
158,baguette,48,3
158,slicedloafbread,42,3
158,boulebread,48,3
158,ryebread,51,3
158,deliturkey,36,3
158,chickentenders,73,3
158,meatballs,42,3
158,gouda,65,3
158,swisscheese,62,3
158,potatochips,54,3
158,tortillachips,53,3
158,doritos,55,3
158,ritzcracker,54,3
158,saltinecracker,47,3
158,wheatthins,46,3
158,eggrolls,99,3
158,frenchfries,65,3
158,butteredpopcorn,69,3
158,triscuits,55,3
158,wavylays,67,3
158,chocolateicecreamcone,56,3
158,strawberryicecreamcone,95,3
158,vanillasoftservecone,95,3
158,nutrigrainbar,50,3
158,churro,47,3
158,twistdonut,60,3
158,tuilecookie,51,3
158,madeleine,36,3
158,oatmealraisincookie,48,3
158,thumprintcookie,29,3
158,sugarcookie,37,3
158,vanillawafer,51,3
158,chocolatewafer,78,3
158,chocolatebark,40,3
158,darkchocolate,72,3
158,milkchocolate,70,3
158,pocky,30,3
158,toblerone,42,3
158,lindtlindorchocolatetruffle,71,3
158,twix,95,3
158,caramel,33,3
158,peanutmms,84,3
158,brownie,69,3
158,frostedbrownie,80,3
158,lemoncake,68,3
159,orange,50,3
159,plum,43,3
159,blackberry,98,3
159,peach,50,3
159,cherry,98,3
159,raspberry,98,3
159,apple,2,3
159,grape,99,3
159,goldendeliciousapple,2,3
159,honeydewmelon,3,3
159,kiwi,99,3
159,greenbellpepper,40,3
159,carrot,49,3
159,peanuts,99,3
159,almonds,98,3
159,baguette,57,3
159,slicedloafbread,41,3
159,boulebread,48,3
159,ryebread,47,3
159,deliturkey,99,3
159,chickentenders,97,3
159,meatballs,99,3
159,gouda,98,3
159,swisscheese,98,3
159,potatochips,43,3
159,tortillachips,51,3
159,doritos,48,3
159,ritzcracker,50,3
159,saltinecracker,49,3
159,wheatthins,47,3
159,eggrolls,97,3
159,frenchfries,41,3
159,butteredpopcorn,52,3
159,triscuits,52,3
159,wavylays,63,3
159,chocolateicecreamcone,80,3
159,strawberryicecreamcone,61,3
159,vanillasoftservecone,61,3
159,nutrigrainbar,75,3
159,churro,36,3
159,twistdonut,59,3
159,tuilecookie,50,3
159,madeleine,53,3
159,oatmealraisincookie,58,3
159,thumprintcookie,40,3
159,sugarcookie,52,3
159,vanillawafer,44,3
159,chocolatewafer,98,3
159,chocolatebark,98,3
159,darkchocolate,99,3
159,milkchocolate,98,3
159,pocky,98,3
159,toblerone,100,3
159,lindtlindorchocolatetruffle,100,3
159,twix,99,3
159,caramel,1,3
159,peanutmms,100,3
159,brownie,100,3
159,frostedbrownie,98,3
159,lemoncake,38,3
160,orange,64,3
160,plum,59,3
160,blackberry,58,3
160,peach,60,3
160,cherry,57,3
160,raspberry,61,3
160,apple,56,3
160,grape,59,3
160,goldendeliciousapple,54,3
160,honeydewmelon,48,3
160,kiwi,46,3
160,greenbellpepper,46,3
160,carrot,49,3
160,peanuts,94,3
160,almonds,7,3
160,baguette,54,3
160,slicedloafbread,56,3
160,boulebread,54,3
160,ryebread,54,3
160,deliturkey,82,3
160,chickentenders,81,3
160,meatballs,14,3
160,gouda,73,3
160,swisscheese,79,3
160,potatochips,78,3
160,tortillachips,72,3
160,doritos,71,3
160,ritzcracker,48,3
160,saltinecracker,53,3
160,wheatthins,45,3
160,eggrolls,65,3
160,frenchfries,76,3
160,butteredpopcorn,49,3
160,triscuits,56,3
160,wavylays,74,3
160,chocolateicecreamcone,37,3
160,strawberryicecreamcone,35,3
160,vanillasoftservecone,32,3
160,nutrigrainbar,14,3
160,churro,12,3
160,twistdonut,56,3
160,tuilecookie,16,3
160,madeleine,11,3
160,oatmealraisincookie,8,3
160,thumprintcookie,16,3
160,sugarcookie,28,3
160,vanillawafer,47,3
160,chocolatewafer,45,3
160,chocolatebark,36,3
160,darkchocolate,37,3
160,milkchocolate,39,3
160,pocky,1,3
160,toblerone,40,3
160,lindtlindorchocolatetruffle,35,3
160,twix,52,3
160,caramel,47,3
160,peanutmms,52,3
160,brownie,72,3
160,frostedbrownie,70,3
160,lemoncake,9,3
161,orange,26,3
161,plum,1,3
161,blackberry,100,3
161,peach,1,3
161,cherry,92,3
161,raspberry,100,3
161,apple,50,3
161,grape,92,3
161,goldendeliciousapple,50,3
161,honeydewmelon,1,3
161,kiwi,87,3
161,greenbellpepper,1,3
161,carrot,1,3
161,peanuts,88,3
161,almonds,86,3
161,baguette,17,3
161,slicedloafbread,1,3
161,boulebread,4,3
161,ryebread,1,3
161,deliturkey,44,3
161,chickentenders,89,3
161,meatballs,91,3
161,gouda,75,3
161,swisscheese,74,3
161,potatochips,61,3
161,tortillachips,40,3
161,doritos,100,3
161,ritzcracker,49,3
161,saltinecracker,36,3
161,wheatthins,57,3
161,eggrolls,100,3
161,frenchfries,100,3
161,butteredpopcorn,96,3
161,triscuits,1,3
161,wavylays,59,3
161,chocolateicecreamcone,100,3
161,strawberryicecreamcone,87,3
161,vanillasoftservecone,77,3
161,nutrigrainbar,76,3
161,churro,100,3
161,twistdonut,100,3
161,tuilecookie,97,3
161,madeleine,92,3
161,oatmealraisincookie,1,3
161,thumprintcookie,100,3
161,sugarcookie,92,3
161,vanillawafer,77,3
161,chocolatewafer,93,3
161,chocolatebark,100,3
161,darkchocolate,41,3
161,milkchocolate,100,3
161,pocky,91,3
161,toblerone,100,3
161,lindtlindorchocolatetruffle,100,3
161,twix,100,3
161,caramel,70,3
161,peanutmms,95,3
161,brownie,100,3
161,frostedbrownie,100,3
161,lemoncake,100,3
162,orange,61,3
162,plum,50,3
162,blackberry,61,3
162,peach,75,3
162,cherry,64,3
162,raspberry,61,3
162,apple,30,3
162,grape,61,3
162,goldendeliciousapple,50,3
162,honeydewmelon,64,3
162,kiwi,64,3
162,greenbellpepper,27,3
162,carrot,30,3
162,peanuts,75,3
162,almonds,50,3
162,baguette,50,3
162,slicedloafbread,56,3
162,boulebread,61,3
162,ryebread,50,3
162,deliturkey,75,3
162,chickentenders,75,3
162,meatballs,73,3
162,gouda,73,3
162,swisscheese,61,3
162,potatochips,61,3
162,tortillachips,64,3
162,doritos,61,3
162,ritzcracker,73,3
162,saltinecracker,75,3
162,wheatthins,30,3
162,eggrolls,75,3
162,frenchfries,64,3
162,butteredpopcorn,64,3
162,triscuits,50,3
162,wavylays,75,3
162,chocolateicecreamcone,61,3
162,strawberryicecreamcone,61,3
162,vanillasoftservecone,75,3
162,nutrigrainbar,75,3
162,churro,73,3
162,twistdonut,61,3
162,tuilecookie,64,3
162,madeleine,73,3
162,oatmealraisincookie,73,3
162,thumprintcookie,73,3
162,sugarcookie,75,3
162,vanillawafer,64,3
162,chocolatewafer,75,3
162,chocolatebark,64,3
162,darkchocolate,73,3
162,milkchocolate,73,3
162,pocky,73,3
162,toblerone,61,3
162,lindtlindorchocolatetruffle,61,3
162,twix,73,3
162,caramel,61,3
162,peanutmms,61,3
162,brownie,73,3
162,frostedbrownie,61,3
162,lemoncake,78,3
163,orange,100,3
163,plum,100,3
163,blackberry,99,3
163,peach,99,3
163,cherry,100,3
163,raspberry,99,3
163,apple,99,3
163,grape,99,3
163,goldendeliciousapple,100,3
163,honeydewmelon,100,3
163,kiwi,99,3
163,greenbellpepper,99,3
163,carrot,100,3
163,peanuts,100,3
163,almonds,89,3
163,baguette,52,3
163,slicedloafbread,4,3
163,boulebread,49,3
163,ryebread,83,3
163,deliturkey,2,3
163,chickentenders,2,3
163,meatballs,2,3
163,gouda,77,3
163,swisscheese,83,3
163,potatochips,2,3
163,tortillachips,3,3
163,doritos,3,3
163,ritzcracker,3,3
163,saltinecracker,3,3
163,wheatthins,54,3
163,eggrolls,1,3
163,frenchfries,1,3
163,butteredpopcorn,2,3
163,triscuits,51,3
163,wavylays,2,3
163,chocolateicecreamcone,1,3
163,strawberryicecreamcone,2,3
163,vanillasoftservecone,2,3
163,nutrigrainbar,53,3
163,churro,8,3
163,twistdonut,3,3
163,tuilecookie,1,3
163,madeleine,2,3
163,oatmealraisincookie,3,3
163,thumprintcookie,2,3
163,sugarcookie,2,3
163,vanillawafer,2,3
163,chocolatewafer,3,3
163,chocolatebark,3,3
163,darkchocolate,3,3
163,milkchocolate,2,3
163,pocky,2,3
163,toblerone,3,3
163,lindtlindorchocolatetruffle,1,3
163,twix,3,3
163,caramel,2,3
163,peanutmms,3,3
163,brownie,2,3
163,frostedbrownie,1,3
163,lemoncake,2,3
201,orange,81,3
201,plum,80,3
201,blackberry,68,3
201,peach,86,3
201,cherry,61,3
201,raspberry,84,3
201,apple,69,3
201,grape,89,3
201,goldendeliciousapple,63,3
201,honeydewmelon,20,3
201,kiwi,64,3
201,greenbellpepper,3,3
201,carrot,8,3
201,peanuts,4,3
201,almonds,5,3
201,baguette,30,3
201,slicedloafbread,68,3
201,boulebread,19,3
201,ryebread,30,3
201,deliturkey,91,3
201,chickentenders,62,3
201,meatballs,6,3
201,gouda,71,3
201,swisscheese,91,3
201,potatochips,73,3
201,tortillachips,41,3
201,doritos,53,3
201,ritzcracker,80,3
201,saltinecracker,72,3
201,wheatthins,63,3
201,eggrolls,12,3
201,frenchfries,31,3
201,butteredpopcorn,61,3
201,triscuits,18,3
201,wavylays,90,3
201,chocolateicecreamcone,63,3
201,strawberryicecreamcone,24,3
201,vanillasoftservecone,77,3
201,nutrigrainbar,36,3
201,churro,34,3
201,twistdonut,35,3
201,tuilecookie,58,3
201,madeleine,18,3
201,oatmealraisincookie,27,3
201,thumprintcookie,25,3
201,sugarcookie,21,3
201,vanillawafer,32,3
201,chocolatewafer,20,3
201,chocolatebark,17,3
201,darkchocolate,33,3
201,milkchocolate,25,3
201,pocky,17,3
201,toblerone,32,3
201,lindtlindorchocolatetruffle,61,3
201,twix,79,3
201,caramel,62,3
201,peanutmms,62,3
201,brownie,67,3
201,frostedbrownie,75,3
201,lemoncake,17,3
202,orange,83,3
202,plum,57,3
202,blackberry,1,3
202,peach,41,3
202,cherry,1,3
202,raspberry,2,3
202,apple,18,3
202,grape,73,3
202,goldendeliciousapple,54,3
202,honeydewmelon,2,3
202,kiwi,72,3
202,greenbellpepper,2,3
202,carrot,2,3
202,peanuts,2,3
202,almonds,67,3
202,baguette,68,3
202,slicedloafbread,60,3
202,boulebread,25,3
202,ryebread,40,3
202,deliturkey,1,3
202,chickentenders,14,3
202,meatballs,85,3
202,gouda,70,3
202,swisscheese,89,3
202,potatochips,2,3
202,tortillachips,2,3
202,doritos,2,3
202,ritzcracker,93,3
202,saltinecracker,76,3
202,wheatthins,35,3
202,eggrolls,90,3
202,frenchfries,3,3
202,butteredpopcorn,2,3
202,triscuits,60,3
202,wavylays,6,3
202,chocolateicecreamcone,2,3
202,strawberryicecreamcone,1,3
202,vanillasoftservecone,2,3
202,nutrigrainbar,69,3
202,churro,91,3
202,twistdonut,89,3
202,tuilecookie,58,3
202,madeleine,2,3
202,oatmealraisincookie,2,3
202,thumprintcookie,1,3
202,sugarcookie,1,3
202,vanillawafer,1,3
202,chocolatewafer,1,3
202,chocolatebark,2,3
202,darkchocolate,1,3
202,milkchocolate,2,3
202,pocky,3,3
202,toblerone,1,3
202,lindtlindorchocolatetruffle,2,3
202,twix,2,3
202,caramel,2,3
202,peanutmms,4,3
202,brownie,1,3
202,frostedbrownie,2,3
202,lemoncake,1,3
203,orange,86,3
203,plum,72,3
203,blackberry,81,3
203,peach,92,3
203,cherry,86,3
203,raspberry,73,3
203,apple,88,3
203,grape,93,3
203,goldendeliciousapple,88,3
203,honeydewmelon,1,3
203,kiwi,99,3
203,greenbellpepper,1,3
203,carrot,85,3
203,peanuts,33,3
203,almonds,41,3
203,baguette,1,3
203,slicedloafbread,1,3
203,boulebread,4,3
203,ryebread,1,3
203,deliturkey,1,3
203,chickentenders,1,3
203,meatballs,1,3
203,gouda,21,3
203,swisscheese,2,3
203,potatochips,25,3
203,tortillachips,32,3
203,doritos,35,3
203,ritzcracker,28,3
203,saltinecracker,31,3
203,wheatthins,25,3
203,eggrolls,3,3
203,frenchfries,35,3
203,butteredpopcorn,41,3
203,triscuits,28,3
203,wavylays,40,3
203,chocolateicecreamcone,44,3
203,strawberryicecreamcone,41,3
203,vanillasoftservecone,40,3
203,nutrigrainbar,42,3
203,churro,12,3
203,twistdonut,1,3
203,tuilecookie,10,3
203,madeleine,23,3
203,oatmealraisincookie,61,3
203,thumprintcookie,30,3
203,sugarcookie,24,3
203,vanillawafer,30,3
203,chocolatewafer,42,3
203,chocolatebark,58,3
203,darkchocolate,70,3
203,milkchocolate,63,3
203,pocky,74,3
203,toblerone,58,3
203,lindtlindorchocolatetruffle,65,3
203,twix,59,3
203,caramel,34,3
203,peanutmms,59,3
203,brownie,42,3
203,frostedbrownie,39,3
203,lemoncake,42,3
204,orange,85,3
204,plum,67,3
204,blackberry,74,3
204,peach,76,3
204,cherry,72,3
204,raspberry,69,3
204,apple,72,3
204,grape,76,3
204,goldendeliciousapple,42,3
204,honeydewmelon,24,3
204,kiwi,1,3
204,greenbellpepper,54,3
204,carrot,40,3
204,peanuts,42,3
204,almonds,76,3
204,baguette,1,3
204,slicedloafbread,78,3
204,boulebread,79,3
204,ryebread,78,3
204,deliturkey,75,3
204,chickentenders,82,3
204,meatballs,75,3
204,gouda,16,3
204,swisscheese,36,3
204,potatochips,69,3
204,tortillachips,74,3
204,doritos,74,3
204,ritzcracker,61,3
204,saltinecracker,76,3
204,wheatthins,39,3
204,eggrolls,76,3
204,frenchfries,72,3
204,butteredpopcorn,68,3
204,triscuits,72,3
204,wavylays,70,3
204,chocolateicecreamcone,81,3
204,strawberryicecreamcone,36,3
204,vanillasoftservecone,78,3
204,nutrigrainbar,58,3
204,churro,83,3
204,twistdonut,72,3
204,tuilecookie,58,3
204,madeleine,80,3
204,oatmealraisincookie,75,3
204,thumprintcookie,71,3
204,sugarcookie,68,3
204,vanillawafer,67,3
204,chocolatewafer,53,3
204,chocolatebark,66,3
204,darkchocolate,26,3
204,milkchocolate,1,3
204,pocky,76,3
204,toblerone,81,3
204,lindtlindorchocolatetruffle,38,3
204,twix,76,3
204,caramel,59,3
204,peanutmms,72,3
204,brownie,72,3
204,frostedbrownie,79,3
204,lemoncake,80,3
205,orange,83,3
205,plum,96,3
205,blackberry,85,3
205,peach,84,3
205,cherry,48,3
205,raspberry,56,3
205,apple,53,3
205,grape,74,3
205,goldendeliciousapple,44,3
205,honeydewmelon,57,3
205,kiwi,65,3
205,greenbellpepper,32,3
205,carrot,64,3
205,peanuts,64,3
205,almonds,79,3
205,baguette,15,3
205,slicedloafbread,6,3
205,boulebread,1,3
205,ryebread,3,3
205,deliturkey,63,3
205,chickentenders,26,3
205,meatballs,35,3
205,gouda,63,3
205,swisscheese,60,3
205,potatochips,55,3
205,tortillachips,50,3
205,doritos,57,3
205,ritzcracker,60,3
205,saltinecracker,53,3
205,wheatthins,53,3
205,eggrolls,47,3
205,frenchfries,41,3
205,butteredpopcorn,64,3
205,triscuits,58,3
205,wavylays,63,3
205,chocolateicecreamcone,60,3
205,strawberryicecreamcone,31,3
205,vanillasoftservecone,41,3
205,nutrigrainbar,78,3
205,churro,3,3
205,twistdonut,5,3
205,tuilecookie,4,3
205,madeleine,54,3
205,oatmealraisincookie,63,3
205,thumprintcookie,28,3
205,sugarcookie,66,3
205,vanillawafer,36,3
205,chocolatewafer,50,3
205,chocolatebark,61,3
205,darkchocolate,62,3
205,milkchocolate,39,3
205,pocky,55,3
205,toblerone,54,3
205,lindtlindorchocolatetruffle,64,3
205,twix,41,3
205,caramel,40,3
205,peanutmms,61,3
205,brownie,6,3
205,frostedbrownie,21,3
205,lemoncake,4,3
206,orange,51,3
206,plum,1,3
206,blackberry,71,3
206,peach,77,3
206,cherry,5,3
206,raspberry,57,3
206,apple,75,3
206,grape,66,3
206,goldendeliciousapple,31,3
206,honeydewmelon,64,3
206,kiwi,28,3
206,greenbellpepper,11,3
206,carrot,59,3
206,peanuts,18,3
206,almonds,13,3
206,baguette,63,3
206,slicedloafbread,4,3
206,boulebread,82,3
206,ryebread,59,3
206,deliturkey,69,3
206,chickentenders,5,3
206,meatballs,1,3
206,gouda,1,3
206,swisscheese,1,3
206,potatochips,16,3
206,tortillachips,88,3
206,doritos,16,3
206,ritzcracker,13,3
206,saltinecracker,5,3
206,wheatthins,5,3
206,eggrolls,1,3
206,frenchfries,10,3
206,butteredpopcorn,1,3
206,triscuits,1,3
206,wavylays,6,3
206,chocolateicecreamcone,73,3
206,strawberryicecreamcone,7,3
206,vanillasoftservecone,77,3
206,nutrigrainbar,10,3
206,churro,4,3
206,twistdonut,66,3
206,tuilecookie,5,3
206,madeleine,32,3
206,oatmealraisincookie,95,3
206,thumprintcookie,1,3
206,sugarcookie,1,3
206,vanillawafer,67,3
206,chocolatewafer,32,3
206,chocolatebark,65,3
206,darkchocolate,69,3
206,milkchocolate,33,3
206,pocky,56,3
206,toblerone,4,3
206,lindtlindorchocolatetruffle,70,3
206,twix,65,3
206,caramel,9,3
206,peanutmms,13,3
206,brownie,79,3
206,frostedbrownie,84,3
206,lemoncake,1,3
207,orange,84,3
207,plum,81,3
207,blackberry,88,3
207,peach,77,3
207,cherry,92,3
207,raspberry,94,3
207,apple,90,3
207,grape,94,3
207,goldendeliciousapple,83,3
207,honeydewmelon,82,3
207,kiwi,86,3
207,greenbellpepper,62,3
207,carrot,70,3
207,peanuts,15,3
207,almonds,13,3
207,baguette,50,3
207,slicedloafbread,55,3
207,boulebread,63,3
207,ryebread,60,3
207,deliturkey,59,3
207,chickentenders,37,3
207,meatballs,36,3
207,gouda,47,3
207,swisscheese,60,3
207,potatochips,22,3
207,tortillachips,70,3
207,doritos,41,3
207,ritzcracker,60,3
207,saltinecracker,74,3
207,wheatthins,65,3
207,eggrolls,55,3
207,frenchfries,19,3
207,butteredpopcorn,64,3
207,triscuits,58,3
207,wavylays,31,3
207,chocolateicecreamcone,51,3
207,strawberryicecreamcone,57,3
207,vanillasoftservecone,59,3
207,nutrigrainbar,44,3
207,churro,48,3
207,twistdonut,52,3
207,tuilecookie,35,3
207,madeleine,50,3
207,oatmealraisincookie,41,3
207,thumprintcookie,49,3
207,sugarcookie,44,3
207,vanillawafer,40,3
207,chocolatewafer,30,3
207,chocolatebark,21,3
207,darkchocolate,27,3
207,milkchocolate,31,3
207,pocky,40,3
207,toblerone,42,3
207,lindtlindorchocolatetruffle,30,3
207,twix,43,3
207,caramel,35,3
207,peanutmms,35,3
207,brownie,30,3
207,frostedbrownie,24,3
207,lemoncake,32,3
208,orange,86,3
208,plum,68,3
208,blackberry,91,3
208,peach,93,3
208,cherry,81,3
208,raspberry,91,3
208,apple,79,3
208,grape,67,3
208,goldendeliciousapple,85,3
208,honeydewmelon,83,3
208,kiwi,67,3
208,greenbellpepper,33,3
208,carrot,43,3
208,peanuts,55,3
208,almonds,73,3
208,baguette,17,3
208,slicedloafbread,18,3
208,boulebread,18,3
208,ryebread,20,3
208,deliturkey,21,3
208,chickentenders,49,3
208,meatballs,45,3
208,gouda,29,3
208,swisscheese,55,3
208,potatochips,7,3
208,tortillachips,9,3
208,doritos,20,3
208,ritzcracker,68,3
208,saltinecracker,5,3
208,wheatthins,60,3
208,eggrolls,40,3
208,frenchfries,10,3
208,butteredpopcorn,28,3
208,triscuits,65,3
208,wavylays,5,3
208,chocolateicecreamcone,73,3
208,strawberryicecreamcone,85,3
208,vanillasoftservecone,37,3
208,nutrigrainbar,60,3
208,churro,88,3
208,twistdonut,28,3
208,tuilecookie,40,3
208,madeleine,51,3
208,oatmealraisincookie,29,3
208,thumprintcookie,29,3
208,sugarcookie,63,3
208,vanillawafer,14,3
208,chocolatewafer,4,3
208,chocolatebark,36,3
208,darkchocolate,51,3
208,milkchocolate,54,3
208,pocky,75,3
208,toblerone,31,3
208,lindtlindorchocolatetruffle,46,3
208,twix,34,3
208,caramel,40,3
208,peanutmms,62,3
208,brownie,6,3
208,frostedbrownie,5,3
208,lemoncake,37,3
209,orange,84,3
209,plum,74,3
209,blackberry,98,3
209,peach,74,3
209,cherry,99,3
209,raspberry,99,3
209,apple,74,3
209,grape,92,3
209,goldendeliciousapple,18,3
209,honeydewmelon,81,3
209,kiwi,80,3
209,greenbellpepper,17,3
209,carrot,26,3
209,peanuts,46,3
209,almonds,87,3
209,baguette,3,3
209,slicedloafbread,2,3
209,boulebread,17,3
209,ryebread,9,3
209,deliturkey,42,3
209,chickentenders,19,3
209,meatballs,17,3
209,gouda,82,3
209,swisscheese,70,3
209,potatochips,46,3
209,tortillachips,52,3
209,doritos,58,3
209,ritzcracker,11,3
209,saltinecracker,4,3
209,wheatthins,26,3
209,eggrolls,39,3
209,frenchfries,35,3
209,butteredpopcorn,88,3
209,triscuits,61,3
209,wavylays,51,3
209,chocolateicecreamcone,86,3
209,strawberryicecreamcone,74,3
209,vanillasoftservecone,61,3
209,nutrigrainbar,76,3
209,churro,89,3
209,twistdonut,58,3
209,tuilecookie,93,3
209,madeleine,55,3
209,oatmealraisincookie,88,3
209,thumprintcookie,67,3
209,sugarcookie,52,3
209,vanillawafer,73,3
209,chocolatewafer,97,3
209,chocolatebark,96,3
209,darkchocolate,99,3
209,milkchocolate,97,3
209,pocky,94,3
209,toblerone,97,3
209,lindtlindorchocolatetruffle,98,3
209,twix,91,3
209,caramel,91,3
209,peanutmms,97,3
209,brownie,82,3
209,frostedbrownie,86,3
209,lemoncake,61,3
210,orange,83,3
210,plum,84,3
210,blackberry,32,3
210,peach,83,3
210,cherry,85,3
210,raspberry,77,3
210,apple,89,3
210,grape,97,3
210,goldendeliciousapple,51,3
210,honeydewmelon,50,3
210,kiwi,31,3
210,greenbellpepper,86,3
210,carrot,65,3
210,peanuts,66,3
210,almonds,60,3
210,baguette,32,3
210,slicedloafbread,15,3
210,boulebread,43,3
210,ryebread,46,3
210,deliturkey,1,3
210,chickentenders,1,3
210,meatballs,1,3
210,gouda,57,3
210,swisscheese,63,3
210,potatochips,14,3
210,tortillachips,23,3
210,doritos,10,3
210,ritzcracker,14,3
210,saltinecracker,24,3
210,wheatthins,25,3
210,eggrolls,12,3
210,frenchfries,71,3
210,butteredpopcorn,21,3
210,triscuits,17,3
210,wavylays,4,3
210,chocolateicecreamcone,6,3
210,strawberryicecreamcone,6,3
210,vanillasoftservecone,12,3
210,nutrigrainbar,4,3
210,churro,23,3
210,twistdonut,19,3
210,tuilecookie,4,3
210,madeleine,5,3
210,oatmealraisincookie,12,3
210,thumprintcookie,1,3
210,sugarcookie,15,3
210,vanillawafer,1,3
210,chocolatewafer,7,3
210,chocolatebark,3,3
210,darkchocolate,15,3
210,milkchocolate,13,3
210,pocky,1,3
210,toblerone,7,3
210,lindtlindorchocolatetruffle,24,3
210,twix,22,3
210,caramel,88,3
210,peanutmms,1,3
210,brownie,9,3
210,frostedbrownie,5,3
210,lemoncake,1,3
211,orange,41,3
211,plum,58,3
211,blackberry,35,3
211,peach,59,3
211,cherry,3,3
211,raspberry,35,3
211,apple,32,3
211,grape,86,3
211,goldendeliciousapple,54,3
211,honeydewmelon,41,3
211,kiwi,26,3
211,greenbellpepper,75,3
211,carrot,35,3
211,peanuts,88,3
211,almonds,88,3
211,baguette,97,3
211,slicedloafbread,96,3
211,boulebread,97,3
211,ryebread,98,3
211,deliturkey,96,3
211,chickentenders,99,3
211,meatballs,98,3
211,gouda,73,3
211,swisscheese,99,3
211,potatochips,98,3
211,tortillachips,98,3
211,doritos,97,3
211,ritzcracker,80,3
211,saltinecracker,87,3
211,wheatthins,81,3
211,eggrolls,98,3
211,frenchfries,96,3
211,butteredpopcorn,81,3
211,triscuits,89,3
211,wavylays,97,3
211,chocolateicecreamcone,68,3
211,strawberryicecreamcone,72,3
211,vanillasoftservecone,69,3
211,nutrigrainbar,66,3
211,churro,67,3
211,twistdonut,72,3
211,tuilecookie,65,3
211,madeleine,94,3
211,oatmealraisincookie,62,3
211,thumprintcookie,63,3
211,sugarcookie,65,3
211,vanillawafer,63,3
211,chocolatewafer,63,3
211,chocolatebark,82,3
211,darkchocolate,63,3
211,milkchocolate,63,3
211,pocky,22,3
211,toblerone,63,3
211,lindtlindorchocolatetruffle,58,3
211,twix,71,3
211,caramel,69,3
211,peanutmms,70,3
211,brownie,63,3
211,frostedbrownie,62,3
211,lemoncake,72,3
212,orange,77,3
212,plum,69,3
212,blackberry,95,3
212,peach,76,3
212,cherry,74,3
212,raspberry,83,3
212,apple,74,3
212,grape,78,3
212,goldendeliciousapple,68,3
212,honeydewmelon,65,3
212,kiwi,77,3
212,greenbellpepper,34,3
212,carrot,65,3
212,peanuts,46,3
212,almonds,30,3
212,baguette,40,3
212,slicedloafbread,14,3
212,boulebread,34,3
212,ryebread,42,3
212,deliturkey,2,3
212,chickentenders,55,3
212,meatballs,20,3
212,gouda,23,3
212,swisscheese,29,3
212,potatochips,92,3
212,tortillachips,37,3
212,doritos,53,3
212,ritzcracker,19,3
212,saltinecracker,22,3
212,wheatthins,12,3
212,eggrolls,2,3
212,frenchfries,73,3
212,butteredpopcorn,42,3
212,triscuits,14,3
212,wavylays,91,3
212,chocolateicecreamcone,30,3
212,strawberryicecreamcone,7,3
212,vanillasoftservecone,26,3
212,nutrigrainbar,14,3
212,churro,12,3
212,twistdonut,29,3
212,tuilecookie,19,3
212,madeleine,17,3
212,oatmealraisincookie,63,3
212,thumprintcookie,20,3
212,sugarcookie,24,3
212,vanillawafer,20,3
212,chocolatewafer,41,3
212,chocolatebark,38,3
212,darkchocolate,66,3
212,milkchocolate,58,3
212,pocky,43,3
212,toblerone,52,3
212,lindtlindorchocolatetruffle,76,3
212,twix,24,3
212,caramel,21,3
212,peanutmms,39,3
212,brownie,65,3
212,frostedbrownie,62,3
212,lemoncake,15,3
213,orange,6,3
213,plum,2,3
213,blackberry,1,3
213,peach,1,3
213,cherry,1,3
213,raspberry,14,3
213,apple,2,3
213,grape,12,3
213,goldendeliciousapple,2,3
213,honeydewmelon,1,3
213,kiwi,1,3
213,greenbellpepper,1,3
213,carrot,3,3
213,peanuts,2,3
213,almonds,1,3
213,baguette,30,3
213,slicedloafbread,2,3
213,boulebread,2,3
213,ryebread,1,3
213,deliturkey,53,3
213,chickentenders,66,3
213,meatballs,9,3
213,gouda,59,3
213,swisscheese,62,3
213,potatochips,77,3
213,tortillachips,25,3
213,doritos,54,3
213,ritzcracker,38,3
213,saltinecracker,35,3
213,wheatthins,26,3
213,eggrolls,57,3
213,frenchfries,70,3
213,butteredpopcorn,38,3
213,triscuits,18,3
213,wavylays,43,3
213,chocolateicecreamcone,100,3
213,strawberryicecreamcone,99,3
213,vanillasoftservecone,91,3
213,nutrigrainbar,36,3
213,churro,31,3
213,twistdonut,35,3
213,tuilecookie,20,3
213,madeleine,44,3
213,oatmealraisincookie,35,3
213,thumprintcookie,13,3
213,sugarcookie,27,3
213,vanillawafer,16,3
213,chocolatewafer,62,3
213,chocolatebark,64,3
213,darkchocolate,96,3
213,milkchocolate,96,3
213,pocky,1,3
213,toblerone,96,3
213,lindtlindorchocolatetruffle,94,3
213,twix,97,3
213,caramel,96,3
213,peanutmms,39,3
213,brownie,100,3
213,frostedbrownie,99,3
213,lemoncake,16,3
214,orange,92,3
214,plum,85,3
214,blackberry,10,3
214,peach,90,3
214,cherry,12,3
214,raspberry,14,3
214,apple,86,3
214,grape,93,3
214,goldendeliciousapple,92,3
214,honeydewmelon,91,3
214,kiwi,13,3
214,greenbellpepper,3,3
214,carrot,74,3
214,peanuts,76,3
214,almonds,84,3
214,baguette,93,3
214,slicedloafbread,87,3
214,boulebread,95,3
214,ryebread,88,3
214,deliturkey,78,3
214,chickentenders,43,3
214,meatballs,73,3
214,gouda,30,3
214,swisscheese,93,3
214,potatochips,89,3
214,tortillachips,54,3
214,doritos,53,3
214,ritzcracker,89,3
214,saltinecracker,86,3
214,wheatthins,86,3
214,eggrolls,45,3
214,frenchfries,66,3
214,butteredpopcorn,31,3
214,triscuits,85,3
214,wavylays,87,3
214,chocolateicecreamcone,32,3
214,strawberryicecreamcone,23,3
214,vanillasoftservecone,48,3
214,nutrigrainbar,43,3
214,churro,21,3
214,twistdonut,90,3
214,tuilecookie,18,3
214,madeleine,39,3
214,oatmealraisincookie,19,3
214,thumprintcookie,69,3
214,sugarcookie,65,3
214,vanillawafer,87,3
214,chocolatewafer,68,3
214,chocolatebark,22,3
214,darkchocolate,52,3
214,milkchocolate,52,3
214,pocky,3,3
214,toblerone,20,3
214,lindtlindorchocolatetruffle,41,3
214,twix,75,3
214,caramel,37,3
214,peanutmms,38,3
214,brownie,71,3
214,frostedbrownie,80,3
214,lemoncake,70,3
215,orange,43,3
215,plum,3,3
215,blackberry,32,3
215,peach,8,3
215,cherry,3,3
215,raspberry,23,3
215,apple,37,3
215,grape,46,3
215,goldendeliciousapple,1,3
215,honeydewmelon,1,3
215,kiwi,4,3
215,greenbellpepper,1,3
215,carrot,30,3
215,peanuts,61,3
215,almonds,13,3
215,baguette,31,3
215,slicedloafbread,16,3
215,boulebread,38,3
215,ryebread,35,3
215,deliturkey,2,3
215,chickentenders,7,3
215,meatballs,14,3
215,gouda,20,3
215,swisscheese,33,3
215,potatochips,75,3
215,tortillachips,78,3
215,doritos,76,3
215,ritzcracker,46,3
215,saltinecracker,33,3
215,wheatthins,2,3
215,eggrolls,1,3
215,frenchfries,46,3
215,butteredpopcorn,51,3
215,triscuits,3,3
215,wavylays,75,3
215,chocolateicecreamcone,48,3
215,strawberryicecreamcone,8,3
215,vanillasoftservecone,73,3
215,nutrigrainbar,1,3
215,churro,16,3
215,twistdonut,50,3
215,tuilecookie,3,3
215,madeleine,8,3
215,oatmealraisincookie,51,3
215,thumprintcookie,2,3
215,sugarcookie,74,3
215,vanillawafer,4,3
215,chocolatewafer,6,3
215,chocolatebark,23,3
215,darkchocolate,71,3
215,milkchocolate,75,3
215,pocky,3,3
215,toblerone,19,3
215,lindtlindorchocolatetruffle,21,3
215,twix,58,3
215,caramel,69,3
215,peanutmms,28,3
215,brownie,56,3
215,frostedbrownie,82,3
215,lemoncake,20,3
216,orange,50,3
216,plum,1,3
216,blackberry,51,3
216,peach,1,3
216,cherry,100,3
216,raspberry,50,3
216,apple,78,3
216,grape,100,3
216,goldendeliciousapple,49,3
216,honeydewmelon,1,3
216,kiwi,1,3
216,greenbellpepper,1,3
216,carrot,1,3
216,peanuts,100,3
216,almonds,100,3
216,baguette,100,3
216,slicedloafbread,1,3
216,boulebread,83,3
216,ryebread,82,3
216,deliturkey,100,3
216,chickentenders,1,3
216,meatballs,49,3
216,gouda,100,3
216,swisscheese,100,3
216,potatochips,100,3
216,tortillachips,50,3
216,doritos,49,3
216,ritzcracker,1,3
216,saltinecracker,1,3
216,wheatthins,50,3
216,eggrolls,52,3
216,frenchfries,86,3
216,butteredpopcorn,100,3
216,triscuits,1,3
216,wavylays,100,3
216,chocolateicecreamcone,100,3
216,strawberryicecreamcone,100,3
216,vanillasoftservecone,100,3
216,nutrigrainbar,50,3
216,churro,76,3
216,twistdonut,100,3
216,tuilecookie,50,3
216,madeleine,50,3
216,oatmealraisincookie,1,3
216,thumprintcookie,50,3
216,sugarcookie,1,3
216,vanillawafer,49,3
216,chocolatewafer,1,3
216,chocolatebark,100,3
216,darkchocolate,100,3
216,milkchocolate,100,3
216,pocky,51,3
216,toblerone,100,3
216,lindtlindorchocolatetruffle,71,3
216,twix,100,3
216,caramel,100,3
216,peanutmms,100,3
216,brownie,89,3
216,frostedbrownie,100,3
216,lemoncake,100,3
217,orange,50,3
217,plum,49,3
217,blackberry,52,3
217,peach,51,3
217,cherry,100,3
217,raspberry,51,3
217,apple,1,3
217,grape,51,3
217,goldendeliciousapple,1,3
217,honeydewmelon,51,3
217,kiwi,51,3
217,greenbellpepper,1,3
217,carrot,1,3
217,peanuts,52,3
217,almonds,52,3
217,baguette,51,3
217,slicedloafbread,50,3
217,boulebread,51,3
217,ryebread,51,3
217,deliturkey,50,3
217,chickentenders,100,3
217,meatballs,50,3
217,gouda,76,3
217,swisscheese,77,3
217,potatochips,51,3
217,tortillachips,27,3
217,doritos,21,3
217,ritzcracker,52,3
217,saltinecracker,24,3
217,wheatthins,28,3
217,eggrolls,50,3
217,frenchfries,100,3
217,butteredpopcorn,51,3
217,triscuits,1,3
217,wavylays,51,3
217,chocolateicecreamcone,100,3
217,strawberryicecreamcone,100,3
217,vanillasoftservecone,100,3
217,nutrigrainbar,51,3
217,churro,100,3
217,twistdonut,100,3
217,tuilecookie,100,3
217,madeleine,100,3
217,oatmealraisincookie,100,3
217,thumprintcookie,100,3
217,sugarcookie,51,3
217,vanillawafer,100,3
217,chocolatewafer,100,3
217,chocolatebark,100,3
217,darkchocolate,100,3
217,milkchocolate,100,3
217,pocky,100,3
217,toblerone,100,3
217,lindtlindorchocolatetruffle,100,3
217,twix,99,3
217,caramel,74,3
217,peanutmms,50,3
217,brownie,100,3
217,frostedbrownie,100,3
217,lemoncake,75,3
218,orange,59,3
218,plum,89,3
218,blackberry,95,3
218,peach,88,3
218,cherry,87,3
218,raspberry,93,3
218,apple,61,3
218,grape,92,3
218,goldendeliciousapple,64,3
218,honeydewmelon,83,3
218,kiwi,24,3
218,greenbellpepper,15,3
218,carrot,23,3
218,peanuts,72,3
218,almonds,35,3
218,baguette,59,3
218,slicedloafbread,40,3
218,boulebread,24,3
218,ryebread,27,3
218,deliturkey,2,3
218,chickentenders,7,3
218,meatballs,3,3
218,gouda,19,3
218,swisscheese,86,3
218,potatochips,38,3
218,tortillachips,39,3
218,doritos,37,3
218,ritzcracker,24,3
218,saltinecracker,33,3
218,wheatthins,27,3
218,eggrolls,11,3
218,frenchfries,20,3
218,butteredpopcorn,12,3
218,triscuits,22,3
218,wavylays,33,3
218,chocolateicecreamcone,87,3
218,strawberryicecreamcone,17,3
218,vanillasoftservecone,91,3
218,nutrigrainbar,15,3
218,churro,92,3
218,twistdonut,73,3
218,tuilecookie,56,3
218,madeleine,5,3
218,oatmealraisincookie,38,3
218,thumprintcookie,64,3
218,sugarcookie,67,3
218,vanillawafer,75,3
218,chocolatewafer,3,3
218,chocolatebark,14,3
218,darkchocolate,16,3
218,milkchocolate,93,3
218,pocky,11,3
218,toblerone,5,3
218,lindtlindorchocolatetruffle,89,3
218,twix,70,3
218,caramel,2,3
218,peanutmms,92,3
218,brownie,69,3
218,frostedbrownie,77,3
218,lemoncake,4,3
219,orange,55,3
219,plum,50,3
219,blackberry,62,3
219,peach,49,3
219,cherry,63,3
219,raspberry,61,3
219,apple,58,3
219,grape,58,3
219,goldendeliciousapple,59,3
219,honeydewmelon,23,3
219,kiwi,51,3
219,greenbellpepper,37,3
219,carrot,46,3
219,peanuts,54,3
219,almonds,4,3
219,baguette,39,3
219,slicedloafbread,25,3
219,boulebread,35,3
219,ryebread,42,3
219,deliturkey,34,3
219,chickentenders,51,3
219,meatballs,39,3
219,gouda,33,3
219,swisscheese,31,3
219,potatochips,45,3
219,tortillachips,50,3
219,doritos,44,3
219,ritzcracker,50,3
219,saltinecracker,51,3
219,wheatthins,31,3
219,eggrolls,50,3
219,frenchfries,60,3
219,butteredpopcorn,49,3
219,triscuits,2,3
219,wavylays,42,3
219,chocolateicecreamcone,94,3
219,strawberryicecreamcone,82,3
219,vanillasoftservecone,84,3
219,nutrigrainbar,60,3
219,churro,61,3
219,twistdonut,55,3
219,tuilecookie,39,3
219,madeleine,65,3
219,oatmealraisincookie,68,3
219,thumprintcookie,63,3
219,sugarcookie,96,3
219,vanillawafer,71,3
219,chocolatewafer,63,3
219,chocolatebark,47,3
219,darkchocolate,63,3
219,milkchocolate,93,3
219,pocky,49,3
219,toblerone,54,3
219,lindtlindorchocolatetruffle,66,3
219,twix,78,3
219,caramel,43,3
219,peanutmms,94,3
219,brownie,75,3
219,frostedbrownie,78,3
219,lemoncake,50,3
220,orange,35,3
220,plum,78,3
220,blackberry,66,3
220,peach,61,3
220,cherry,72,3
220,raspberry,58,3
220,apple,6,3
220,grape,53,3
220,goldendeliciousapple,3,3
220,honeydewmelon,70,3
220,kiwi,53,3
220,greenbellpepper,3,3
220,carrot,4,3
220,peanuts,61,3
220,almonds,11,3
220,baguette,66,3
220,slicedloafbread,17,3
220,boulebread,42,3
220,ryebread,63,3
220,deliturkey,2,3
220,chickentenders,44,3
220,meatballs,78,3
220,gouda,85,3
220,swisscheese,83,3
220,potatochips,33,3
220,tortillachips,24,3
220,doritos,47,3
220,ritzcracker,56,3
220,saltinecracker,37,3
220,wheatthins,60,3
220,eggrolls,85,3
220,frenchfries,94,3
220,butteredpopcorn,36,3
220,triscuits,66,3
220,wavylays,53,3
220,chocolateicecreamcone,91,3
220,strawberryicecreamcone,3,3
220,vanillasoftservecone,95,3
220,nutrigrainbar,34,3
220,churro,77,3
220,twistdonut,66,3
220,tuilecookie,43,3
220,madeleine,55,3
220,oatmealraisincookie,42,3
220,thumprintcookie,58,3
220,sugarcookie,44,3
220,vanillawafer,73,3
220,chocolatewafer,75,3
220,chocolatebark,61,3
220,darkchocolate,55,3
220,milkchocolate,66,3
220,pocky,47,3
220,toblerone,84,3
220,lindtlindorchocolatetruffle,92,3
220,twix,98,3
220,caramel,71,3
220,peanutmms,49,3
220,brownie,87,3
220,frostedbrownie,99,3
220,lemoncake,98,3
221,orange,98,3
221,plum,94,3
221,blackberry,73,3
221,peach,97,3
221,cherry,81,3
221,raspberry,35,3
221,apple,99,3
221,grape,84,3
221,goldendeliciousapple,97,3
221,honeydewmelon,2,3
221,kiwi,3,3
221,greenbellpepper,2,3
221,carrot,11,3
221,peanuts,98,3
221,almonds,99,3
221,baguette,20,3
221,slicedloafbread,38,3
221,boulebread,18,3
221,ryebread,21,3
221,deliturkey,79,3
221,chickentenders,65,3
221,meatballs,80,3
221,gouda,6,3
221,swisscheese,61,3
221,potatochips,73,3
221,tortillachips,60,3
221,doritos,71,3
221,ritzcracker,87,3
221,saltinecracker,38,3
221,wheatthins,27,3
221,eggrolls,16,3
221,frenchfries,55,3
221,butteredpopcorn,74,3
221,triscuits,22,3
221,wavylays,77,3
221,chocolateicecreamcone,41,3
221,strawberryicecreamcone,40,3
221,vanillasoftservecone,42,3
221,nutrigrainbar,90,3
221,churro,13,3
221,twistdonut,22,3
221,tuilecookie,15,3
221,madeleine,30,3
221,oatmealraisincookie,67,3
221,thumprintcookie,16,3
221,sugarcookie,23,3
221,vanillawafer,84,3
221,chocolatewafer,83,3
221,chocolatebark,27,3
221,darkchocolate,92,3
221,milkchocolate,67,3
221,pocky,12,3
221,toblerone,64,3
221,lindtlindorchocolatetruffle,42,3
221,twix,78,3
221,caramel,37,3
221,peanutmms,63,3
221,brownie,36,3
221,frostedbrownie,38,3
221,lemoncake,26,3
222,orange,31,3
222,plum,24,3
222,blackberry,14,3
222,peach,64,3
222,cherry,29,3
222,raspberry,8,3
222,apple,69,3
222,grape,76,3
222,goldendeliciousapple,38,3
222,honeydewmelon,74,3
222,kiwi,25,3
222,greenbellpepper,13,3
222,carrot,81,3
222,peanuts,69,3
222,almonds,30,3
222,baguette,31,3
222,slicedloafbread,49,3
222,boulebread,56,3
222,ryebread,69,3
222,deliturkey,79,3
222,chickentenders,68,3
222,meatballs,51,3
222,gouda,64,3
222,swisscheese,81,3
222,potatochips,78,3
222,tortillachips,78,3
222,doritos,80,3
222,ritzcracker,29,3
222,saltinecracker,49,3
222,wheatthins,51,3
222,eggrolls,72,3
222,frenchfries,70,3
222,butteredpopcorn,76,3
222,triscuits,69,3
222,wavylays,76,3
222,chocolateicecreamcone,16,3
222,strawberryicecreamcone,46,3
222,vanillasoftservecone,25,3
222,nutrigrainbar,70,3
222,churro,58,3
222,twistdonut,38,3
222,tuilecookie,13,3
222,madeleine,25,3
222,oatmealraisincookie,72,3
222,thumprintcookie,13,3
222,sugarcookie,18,3
222,vanillawafer,42,3
222,chocolatewafer,35,3
222,chocolatebark,31,3
222,darkchocolate,15,3
222,milkchocolate,31,3
222,pocky,22,3
222,toblerone,34,3
222,lindtlindorchocolatetruffle,21,3
222,twix,69,3
222,caramel,15,3
222,peanutmms,67,3
222,brownie,34,3
222,frostedbrownie,41,3
222,lemoncake,81,3
223,orange,32,3
223,plum,19,3
223,blackberry,37,3
223,peach,24,3
223,cherry,40,3
223,raspberry,39,3
223,apple,25,3
223,grape,33,3
223,goldendeliciousapple,31,3
223,honeydewmelon,33,3
223,kiwi,25,3
223,greenbellpepper,7,3
223,carrot,42,3
223,peanuts,58,3
223,almonds,63,3
223,baguette,60,3
223,slicedloafbread,62,3
223,boulebread,29,3
223,ryebread,32,3
223,deliturkey,82,3
223,chickentenders,84,3
223,meatballs,41,3
223,gouda,45,3
223,swisscheese,41,3
223,potatochips,75,3
223,tortillachips,25,3
223,doritos,32,3
223,ritzcracker,42,3
223,saltinecracker,40,3
223,wheatthins,31,3
223,eggrolls,69,3
223,frenchfries,66,3
223,butteredpopcorn,26,3
223,triscuits,25,3
223,wavylays,65,3
223,chocolateicecreamcone,71,3
223,strawberryicecreamcone,78,3
223,vanillasoftservecone,67,3
223,nutrigrainbar,45,3
223,churro,42,3
223,twistdonut,52,3
223,tuilecookie,61,3
223,madeleine,61,3
223,oatmealraisincookie,65,3
223,thumprintcookie,37,3
223,sugarcookie,48,3
223,vanillawafer,66,3
223,chocolatewafer,74,3
223,chocolatebark,32,3
223,darkchocolate,60,3
223,milkchocolate,70,3
223,pocky,51,3
223,toblerone,62,3
223,lindtlindorchocolatetruffle,58,3
223,twix,62,3
223,caramel,33,3
223,peanutmms,82,3
223,brownie,66,3
223,frostedbrownie,66,3
223,lemoncake,68,3
224,orange,93,3
224,plum,1,3
224,blackberry,1,3
224,peach,62,3
224,cherry,11,3
224,raspberry,1,3
224,apple,100,3
224,grape,100,3
224,goldendeliciousapple,100,3
224,honeydewmelon,1,3
224,kiwi,100,3
224,greenbellpepper,76,3
224,carrot,83,3
224,peanuts,80,3
224,almonds,88,3
224,baguette,74,3
224,slicedloafbread,7,3
224,boulebread,7,3
224,ryebread,7,3
224,deliturkey,72,3
224,chickentenders,93,3
224,meatballs,15,3
224,gouda,1,3
224,swisscheese,1,3
224,potatochips,26,3
224,tortillachips,61,3
224,doritos,68,3
224,ritzcracker,57,3
224,saltinecracker,55,3
224,wheatthins,69,3
224,eggrolls,97,3
224,frenchfries,1,3
224,butteredpopcorn,63,3
224,triscuits,59,3
224,wavylays,35,3
224,chocolateicecreamcone,84,3
224,strawberryicecreamcone,89,3
224,vanillasoftservecone,81,3
224,nutrigrainbar,70,3
224,churro,94,3
224,twistdonut,85,3
224,tuilecookie,18,3
224,madeleine,25,3
224,oatmealraisincookie,7,3
224,thumprintcookie,59,3
224,sugarcookie,61,3
224,vanillawafer,57,3
224,chocolatewafer,88,3
224,chocolatebark,82,3
224,darkchocolate,22,3
224,milkchocolate,70,3
224,pocky,56,3
224,toblerone,50,3
224,lindtlindorchocolatetruffle,32,3
224,twix,91,3
224,caramel,86,3
224,peanutmms,80,3
224,brownie,63,3
224,frostedbrownie,60,3
224,lemoncake,61,3
225,orange,86,3
225,plum,72,3
225,blackberry,71,3
225,peach,62,3
225,cherry,86,3
225,raspberry,79,3
225,apple,78,3
225,grape,86,3
225,goldendeliciousapple,68,3
225,honeydewmelon,38,3
225,kiwi,26,3
225,greenbellpepper,13,3
225,carrot,81,3
225,peanuts,71,3
225,almonds,88,3
225,baguette,82,3
225,slicedloafbread,18,3
225,boulebread,13,3
225,ryebread,42,3
225,deliturkey,67,3
225,chickentenders,90,3
225,meatballs,79,3
225,gouda,21,3
225,swisscheese,56,3
225,potatochips,30,3
225,tortillachips,34,3
225,doritos,25,3
225,ritzcracker,39,3
225,saltinecracker,49,3
225,wheatthins,38,3
225,eggrolls,82,3
225,frenchfries,34,3
225,butteredpopcorn,66,3
225,triscuits,45,3
225,wavylays,23,3
225,chocolateicecreamcone,62,3
225,strawberryicecreamcone,63,3
225,vanillasoftservecone,81,3
225,nutrigrainbar,65,3
225,churro,55,3
225,twistdonut,40,3
225,tuilecookie,65,3
225,madeleine,77,3
225,oatmealraisincookie,55,3
225,thumprintcookie,48,3
225,sugarcookie,47,3
225,vanillawafer,57,3
225,chocolatewafer,78,3
225,chocolatebark,23,3
225,darkchocolate,93,3
225,milkchocolate,95,3
225,pocky,23,3
225,toblerone,82,3
225,lindtlindorchocolatetruffle,85,3
225,twix,78,3
225,caramel,85,3
225,peanutmms,13,3
225,brownie,96,3
225,frostedbrownie,98,3
225,lemoncake,98,3
226,orange,2,3
226,plum,2,3
226,blackberry,2,3
226,peach,2,3
226,cherry,2,3
226,raspberry,2,3
226,apple,2,3
226,grape,2,3
226,goldendeliciousapple,2,3
226,honeydewmelon,2,3
226,kiwi,2,3
226,greenbellpepper,2,3
226,carrot,2,3
226,peanuts,2,3
226,almonds,2,3
226,baguette,2,3
226,slicedloafbread,2,3
226,boulebread,2,3
226,ryebread,2,3
226,deliturkey,2,3
226,chickentenders,2,3
226,meatballs,2,3
226,gouda,2,3
226,swisscheese,2,3
226,potatochips,2,3
226,tortillachips,2,3
226,doritos,2,3
226,ritzcracker,2,3
226,saltinecracker,2,3
226,wheatthins,2,3
226,eggrolls,2,3
226,frenchfries,2,3
226,butteredpopcorn,2,3
226,triscuits,2,3
226,wavylays,2,3
226,chocolateicecreamcone,2,3
226,strawberryicecreamcone,2,3
226,vanillasoftservecone,2,3
226,nutrigrainbar,2,3
226,churro,2,3
226,twistdonut,2,3
226,tuilecookie,2,3
226,madeleine,2,3
226,oatmealraisincookie,2,3
226,thumprintcookie,2,3
226,sugarcookie,2,3
226,vanillawafer,2,3
226,chocolatewafer,2,3
226,chocolatebark,2,3
226,darkchocolate,2,3
226,milkchocolate,2,3
226,pocky,2,3
226,toblerone,2,3
226,lindtlindorchocolatetruffle,2,3
226,twix,2,3
226,caramel,2,3
226,peanutmms,2,3
226,brownie,3,3
226,frostedbrownie,2,3
226,lemoncake,2,3
227,orange,73,3
227,plum,8,3
227,blackberry,67,3
227,peach,7,3
227,cherry,76,3
227,raspberry,70,3
227,apple,76,3
227,grape,76,3
227,goldendeliciousapple,82,3
227,honeydewmelon,8,3
227,kiwi,5,3
227,greenbellpepper,12,3
227,carrot,4,3
227,peanuts,45,3
227,almonds,79,3
227,baguette,35,3
227,slicedloafbread,56,3
227,boulebread,47,3
227,ryebread,41,3
227,deliturkey,75,3
227,chickentenders,84,3
227,meatballs,87,3
227,gouda,85,3
227,swisscheese,87,3
227,potatochips,59,3
227,tortillachips,66,3
227,doritos,66,3
227,ritzcracker,59,3
227,saltinecracker,65,3
227,wheatthins,65,3
227,eggrolls,89,3
227,frenchfries,74,3
227,butteredpopcorn,52,3
227,triscuits,52,3
227,wavylays,56,3
227,chocolateicecreamcone,59,3
227,strawberryicecreamcone,61,3
227,vanillasoftservecone,64,3
227,nutrigrainbar,51,3
227,churro,54,3
227,twistdonut,58,3
227,tuilecookie,61,3
227,madeleine,67,3
227,oatmealraisincookie,28,3
227,thumprintcookie,30,3
227,sugarcookie,26,3
227,vanillawafer,55,3
227,chocolatewafer,47,3
227,chocolatebark,51,3
227,darkchocolate,46,3
227,milkchocolate,44,3
227,pocky,16,3
227,toblerone,51,3
227,lindtlindorchocolatetruffle,43,3
227,twix,39,3
227,caramel,25,3
227,peanutmms,28,3
227,brownie,29,3
227,frostedbrownie,25,3
227,lemoncake,41,3
228,orange,74,3
228,plum,89,3
228,blackberry,90,3
228,peach,83,3
228,cherry,90,3
228,raspberry,91,3
228,apple,17,3
228,grape,92,3
228,goldendeliciousapple,29,3
228,honeydewmelon,38,3
228,kiwi,95,3
228,greenbellpepper,46,3
228,carrot,21,3
228,peanuts,78,3
228,almonds,81,3
228,baguette,20,3
228,slicedloafbread,34,3
228,boulebread,60,3
228,ryebread,18,3
228,deliturkey,31,3
228,chickentenders,77,3
228,meatballs,10,3
228,gouda,75,3
228,swisscheese,96,3
228,potatochips,49,3
228,tortillachips,63,3
228,doritos,77,3
228,ritzcracker,17,3
228,saltinecracker,5,3
228,wheatthins,14,3
228,eggrolls,46,3
228,frenchfries,71,3
228,butteredpopcorn,92,3
228,triscuits,13,3
228,wavylays,66,3
228,chocolateicecreamcone,76,3
228,strawberryicecreamcone,87,3
228,vanillasoftservecone,85,3
228,nutrigrainbar,6,3
228,churro,79,3
228,twistdonut,85,3
228,tuilecookie,78,3
228,madeleine,73,3
228,oatmealraisincookie,5,3
228,thumprintcookie,93,3
228,sugarcookie,63,3
228,vanillawafer,90,3
228,chocolatewafer,84,3
228,chocolatebark,78,3
228,darkchocolate,89,3
228,milkchocolate,82,3
228,pocky,96,3
228,toblerone,93,3
228,lindtlindorchocolatetruffle,70,3
228,twix,97,3
228,caramel,70,3
228,peanutmms,83,3
228,brownie,72,3
228,frostedbrownie,77,3
228,lemoncake,26,3
229,orange,53,3
229,plum,15,3
229,blackberry,79,3
229,peach,49,3
229,cherry,30,3
229,raspberry,96,3
229,apple,33,3
229,grape,64,3
229,goldendeliciousapple,32,3
229,honeydewmelon,36,3
229,kiwi,38,3
229,greenbellpepper,3,3
229,carrot,9,3
229,peanuts,28,3
229,almonds,13,3
229,baguette,81,3
229,slicedloafbread,27,3
229,boulebread,74,3
229,ryebread,55,3
229,deliturkey,6,3
229,chickentenders,4,3
229,meatballs,2,3
229,gouda,2,3
229,swisscheese,95,3
229,potatochips,34,3
229,tortillachips,36,3
229,doritos,16,3
229,ritzcracker,33,3
229,saltinecracker,17,3
229,wheatthins,17,3
229,eggrolls,3,3
229,frenchfries,1,3
229,butteredpopcorn,59,3
229,triscuits,37,3
229,wavylays,28,3
229,chocolateicecreamcone,99,3
229,strawberryicecreamcone,95,3
229,vanillasoftservecone,98,3
229,nutrigrainbar,28,3
229,churro,98,3
229,twistdonut,58,3
229,tuilecookie,2,3
229,madeleine,3,3
229,oatmealraisincookie,16,3
229,thumprintcookie,54,3
229,sugarcookie,56,3
229,vanillawafer,78,3
229,chocolatewafer,77,3
229,chocolatebark,60,3
229,darkchocolate,90,3
229,milkchocolate,95,3
229,pocky,8,3
229,toblerone,82,3
229,lindtlindorchocolatetruffle,85,3
229,twix,86,3
229,caramel,73,3
229,peanutmms,86,3
229,brownie,89,3
229,frostedbrownie,89,3
229,lemoncake,51,3
230,orange,84,3
230,plum,69,3
230,blackberry,81,3
230,peach,80,3
230,cherry,66,3
230,raspberry,81,3
230,apple,85,3
230,grape,88,3
230,goldendeliciousapple,77,3
230,honeydewmelon,77,3
230,kiwi,89,3
230,greenbellpepper,35,3
230,carrot,44,3
230,peanuts,69,3
230,almonds,78,3
230,baguette,64,3
230,slicedloafbread,55,3
230,boulebread,75,3
230,ryebread,86,3
230,deliturkey,67,3
230,chickentenders,82,3
230,meatballs,59,3
230,gouda,74,3
230,swisscheese,89,3
230,potatochips,66,3
230,tortillachips,74,3
230,doritos,87,3
230,ritzcracker,63,3
230,saltinecracker,54,3
230,wheatthins,67,3
230,eggrolls,54,3
230,frenchfries,87,3
230,butteredpopcorn,81,3
230,triscuits,76,3
230,wavylays,75,3
230,chocolateicecreamcone,77,3
230,strawberryicecreamcone,82,3
230,vanillasoftservecone,82,3
230,nutrigrainbar,51,3
230,churro,73,3
230,twistdonut,74,3
230,tuilecookie,60,3
230,madeleine,69,3
230,oatmealraisincookie,62,3
230,thumprintcookie,40,3
230,sugarcookie,62,3
230,vanillawafer,41,3
230,chocolatewafer,49,3
230,chocolatebark,47,3
230,darkchocolate,85,3
230,milkchocolate,90,3
230,pocky,55,3
230,toblerone,83,3
230,lindtlindorchocolatetruffle,82,3
230,twix,38,3
230,caramel,45,3
230,peanutmms,75,3
230,brownie,90,3
230,frostedbrownie,86,3
230,lemoncake,40,3
231,orange,100,3
231,plum,100,3
231,blackberry,96,3
231,peach,100,3
231,cherry,100,3
231,raspberry,94,3
231,apple,100,3
231,grape,100,3
231,goldendeliciousapple,100,3
231,honeydewmelon,77,3
231,kiwi,100,3
231,greenbellpepper,45,3
231,carrot,52,3
231,peanuts,72,3
231,almonds,100,3
231,baguette,1,3
231,slicedloafbread,51,3
231,boulebread,51,3
231,ryebread,78,3
231,deliturkey,34,3
231,chickentenders,1,3
231,meatballs,5,3
231,gouda,16,3
231,swisscheese,71,3
231,potatochips,9,3
231,tortillachips,1,3
231,doritos,1,3
231,ritzcracker,14,3
231,saltinecracker,26,3
231,wheatthins,19,3
231,eggrolls,1,3
231,frenchfries,2,3
231,butteredpopcorn,52,3
231,triscuits,83,3
231,wavylays,1,3
231,chocolateicecreamcone,1,3
231,strawberryicecreamcone,1,3
231,vanillasoftservecone,1,3
231,nutrigrainbar,25,3
231,churro,1,3
231,twistdonut,1,3
231,tuilecookie,2,3
231,madeleine,1,3
231,oatmealraisincookie,6,3
231,thumprintcookie,1,3
231,sugarcookie,14,3
231,vanillawafer,1,3
231,chocolatewafer,1,3
231,chocolatebark,1,3
231,darkchocolate,1,3
231,milkchocolate,1,3
231,pocky,1,3
231,toblerone,1,3
231,lindtlindorchocolatetruffle,1,3
231,twix,1,3
231,caramel,1,3
231,peanutmms,1,3
231,brownie,1,3
231,frostedbrownie,2,3
231,lemoncake,1,3
232,orange,60,3
232,plum,62,3
232,blackberry,88,3
232,peach,61,3
232,cherry,54,3
232,raspberry,89,3
232,apple,70,3
232,grape,84,3
232,goldendeliciousapple,63,3
232,honeydewmelon,45,3
232,kiwi,67,3
232,greenbellpepper,1,3
232,carrot,5,3
232,peanuts,51,3
232,almonds,49,3
232,baguette,14,3
232,slicedloafbread,6,3
232,boulebread,12,3
232,ryebread,18,3
232,deliturkey,36,3
232,chickentenders,72,3
232,meatballs,39,3
232,gouda,8,3
232,swisscheese,6,3
232,potatochips,72,3
232,tortillachips,46,3
232,doritos,81,3
232,ritzcracker,20,3
232,saltinecracker,20,3
232,wheatthins,11,3
232,eggrolls,42,3
232,frenchfries,77,3
232,butteredpopcorn,66,3
232,triscuits,6,3
232,wavylays,69,3
232,chocolateicecreamcone,88,3
232,strawberryicecreamcone,91,3
232,vanillasoftservecone,89,3
232,nutrigrainbar,39,3
232,churro,79,3
232,twistdonut,33,3
232,tuilecookie,28,3
232,madeleine,27,3
232,oatmealraisincookie,65,3
232,thumprintcookie,27,3
232,sugarcookie,34,3
232,vanillawafer,26,3
232,chocolatewafer,87,3
232,chocolatebark,75,3
232,darkchocolate,75,3
232,milkchocolate,86,3
232,pocky,25,3
232,toblerone,82,3
232,lindtlindorchocolatetruffle,89,3
232,twix,89,3
232,caramel,69,3
232,peanutmms,82,3
232,brownie,88,3
232,frostedbrownie,89,3
232,lemoncake,90,3
233,orange,72,3
233,plum,71,3
233,blackberry,67,3
233,peach,73,3
233,cherry,69,3
233,raspberry,76,3
233,apple,70,3
233,grape,71,3
233,goldendeliciousapple,72,3
233,honeydewmelon,73,3
233,kiwi,67,3
233,greenbellpepper,69,3
233,carrot,70,3
233,peanuts,56,3
233,almonds,63,3
233,baguette,71,3
233,slicedloafbread,69,3
233,boulebread,75,3
233,ryebread,64,3
233,deliturkey,83,3
233,chickentenders,94,3
233,meatballs,93,3
233,gouda,53,3
233,swisscheese,83,3
233,potatochips,80,3
233,tortillachips,76,3
233,doritos,79,3
233,ritzcracker,71,3
233,saltinecracker,63,3
233,wheatthins,69,3
233,eggrolls,92,3
233,frenchfries,82,3
233,butteredpopcorn,83,3
233,triscuits,72,3
233,wavylays,73,3
233,chocolateicecreamcone,68,3
233,strawberryicecreamcone,69,3
233,vanillasoftservecone,73,3
233,nutrigrainbar,62,3
233,churro,59,3
233,twistdonut,57,3
233,tuilecookie,47,3
233,madeleine,52,3
233,oatmealraisincookie,56,3
233,thumprintcookie,47,3
233,sugarcookie,51,3
233,vanillawafer,29,3
233,chocolatewafer,20,3
233,chocolatebark,23,3
233,darkchocolate,34,3
233,milkchocolate,21,3
233,pocky,23,3
233,toblerone,21,3
233,lindtlindorchocolatetruffle,21,3
233,twix,25,3
233,caramel,29,3
233,peanutmms,20,3
233,brownie,36,3
233,frostedbrownie,46,3
233,lemoncake,51,3
234,orange,98,3
234,plum,98,3
234,blackberry,99,3
234,peach,99,3
234,cherry,99,3
234,raspberry,99,3
234,apple,95,3
234,grape,99,3
234,goldendeliciousapple,99,3
234,honeydewmelon,95,3
234,kiwi,99,3
234,greenbellpepper,78,3
234,carrot,68,3
234,peanuts,22,3
234,almonds,23,3
234,baguette,25,3
234,slicedloafbread,10,3
234,boulebread,21,3
234,ryebread,2,3
234,deliturkey,91,3
234,chickentenders,75,3
234,meatballs,20,3
234,gouda,28,3
234,swisscheese,24,3
234,potatochips,6,3
234,tortillachips,26,3
234,doritos,2,3
234,ritzcracker,15,3
234,saltinecracker,11,3
234,wheatthins,9,3
234,eggrolls,2,3
234,frenchfries,85,3
234,butteredpopcorn,78,3
234,triscuits,3,3
234,wavylays,2,3
234,chocolateicecreamcone,58,3
234,strawberryicecreamcone,5,3
234,vanillasoftservecone,42,3
234,nutrigrainbar,25,3
234,churro,34,3
234,twistdonut,26,3
234,tuilecookie,5,3
234,madeleine,24,3
234,oatmealraisincookie,26,3
234,thumprintcookie,4,3
234,sugarcookie,29,3
234,vanillawafer,2,3
234,chocolatewafer,10,3
234,chocolatebark,4,3
234,darkchocolate,16,3
234,milkchocolate,35,3
234,pocky,2,3
234,toblerone,39,3
234,lindtlindorchocolatetruffle,36,3
234,twix,2,3
234,caramel,51,3
234,peanutmms,4,3
234,brownie,29,3
234,frostedbrownie,57,3
234,lemoncake,22,3
235,orange,92,3
235,plum,53,3
235,blackberry,80,3
235,peach,56,3
235,cherry,80,3
235,raspberry,88,3
235,apple,93,3
235,grape,80,3
235,goldendeliciousapple,87,3
235,honeydewmelon,58,3
235,kiwi,78,3
235,greenbellpepper,91,3
235,carrot,88,3
235,peanuts,15,3
235,almonds,25,3
235,baguette,51,3
235,slicedloafbread,19,3
235,boulebread,46,3
235,ryebread,54,3
235,deliturkey,23,3
235,chickentenders,1,3
235,meatballs,16,3
235,gouda,25,3
235,swisscheese,25,3
235,potatochips,1,3
235,tortillachips,14,3
235,doritos,15,3
235,ritzcracker,14,3
235,saltinecracker,12,3
235,wheatthins,24,3
235,eggrolls,6,3
235,frenchfries,2,3
235,butteredpopcorn,10,3
235,triscuits,7,3
235,wavylays,5,3
235,chocolateicecreamcone,1,3
235,strawberryicecreamcone,4,3
235,vanillasoftservecone,3,3
235,nutrigrainbar,39,3
235,churro,51,3
235,twistdonut,50,3
235,tuilecookie,10,3
235,madeleine,18,3
235,oatmealraisincookie,4,3
235,thumprintcookie,5,3
235,sugarcookie,10,3
235,vanillawafer,4,3
235,chocolatewafer,1,3
235,chocolatebark,1,3
235,darkchocolate,1,3
235,milkchocolate,1,3
235,pocky,4,3
235,toblerone,1,3
235,lindtlindorchocolatetruffle,12,3
235,twix,1,3
235,caramel,1,3
235,peanutmms,1,3
235,brownie,1,3
235,frostedbrownie,1,3
235,lemoncake,1,3
236,orange,76,3
236,plum,74,3
236,blackberry,67,3
236,peach,80,3
236,cherry,76,3
236,raspberry,71,3
236,apple,69,3
236,grape,73,3
236,goldendeliciousapple,72,3
236,honeydewmelon,64,3
236,kiwi,72,3
236,greenbellpepper,63,3
236,carrot,74,3
236,peanuts,69,3
236,almonds,85,3
236,baguette,69,3
236,slicedloafbread,49,3
236,boulebread,63,3
236,ryebread,59,3
236,deliturkey,64,3
236,chickentenders,67,3
236,meatballs,69,3
236,gouda,65,3
236,swisscheese,65,3
236,potatochips,60,3
236,tortillachips,53,3
236,doritos,66,3
236,ritzcracker,55,3
236,saltinecracker,65,3
236,wheatthins,52,3
236,eggrolls,53,3
236,frenchfries,75,3
236,butteredpopcorn,50,3
236,triscuits,48,3
236,wavylays,68,3
236,chocolateicecreamcone,49,3
236,strawberryicecreamcone,65,3
236,vanillasoftservecone,52,3
236,nutrigrainbar,51,3
236,churro,54,3
236,twistdonut,52,3
236,tuilecookie,49,3
236,madeleine,53,3
236,oatmealraisincookie,44,3
236,thumprintcookie,43,3
236,sugarcookie,46,3
236,vanillawafer,48,3
236,chocolatewafer,45,3
236,chocolatebark,45,3
236,darkchocolate,48,3
236,milkchocolate,51,3
236,pocky,48,3
236,toblerone,48,3
236,lindtlindorchocolatetruffle,48,3
236,twix,46,3
236,caramel,50,3
236,peanutmms,44,3
236,brownie,51,3
236,frostedbrownie,48,3
236,lemoncake,52,3
237,orange,15,3
237,plum,47,3
237,blackberry,85,3
237,peach,77,3
237,cherry,57,3
237,raspberry,2,3
237,apple,68,3
237,grape,62,3
237,goldendeliciousapple,55,3
237,honeydewmelon,29,3
237,kiwi,24,3
237,greenbellpepper,2,3
237,carrot,3,3
237,peanuts,3,3
237,almonds,1,3
237,baguette,41,3
237,slicedloafbread,20,3
237,boulebread,40,3
237,ryebread,58,3
237,deliturkey,13,3
237,chickentenders,62,3
237,meatballs,38,3
237,gouda,5,3
237,swisscheese,32,3
237,potatochips,80,3
237,tortillachips,17,3
237,doritos,3,3
237,ritzcracker,44,3
237,saltinecracker,23,3
237,wheatthins,28,3
237,eggrolls,73,3
237,frenchfries,65,3
237,butteredpopcorn,3,3
237,triscuits,3,3
237,wavylays,75,3
237,chocolateicecreamcone,6,3
237,strawberryicecreamcone,67,3
237,vanillasoftservecone,90,3
237,nutrigrainbar,19,3
237,churro,91,3
237,twistdonut,100,3
237,tuilecookie,14,3
237,madeleine,13,3
237,oatmealraisincookie,80,3
237,thumprintcookie,33,3
237,sugarcookie,58,3
237,vanillawafer,56,3
237,chocolatewafer,48,3
237,chocolatebark,31,3
237,darkchocolate,52,3
237,milkchocolate,63,3
237,pocky,6,3
237,toblerone,31,3
237,lindtlindorchocolatetruffle,58,3
237,twix,54,3
237,caramel,6,3
237,peanutmms,48,3
237,brownie,67,3
237,frostedbrownie,63,3
237,lemoncake,100,3
238,orange,80,3
238,plum,68,3
238,blackberry,95,3
238,peach,69,3
238,cherry,97,3
238,raspberry,94,3
238,apple,82,3
238,grape,88,3
238,goldendeliciousapple,59,3
238,honeydewmelon,40,3
238,kiwi,91,3
238,greenbellpepper,2,3
238,carrot,3,3
238,peanuts,33,3
238,almonds,68,3
238,baguette,50,3
238,slicedloafbread,6,3
238,boulebread,49,3
238,ryebread,33,3
238,deliturkey,9,3
238,chickentenders,52,3
238,meatballs,19,3
238,gouda,34,3
238,swisscheese,62,3
238,potatochips,79,3
238,tortillachips,86,3
238,doritos,85,3
238,ritzcracker,87,3
238,saltinecracker,76,3
238,wheatthins,75,3
238,eggrolls,63,3
238,frenchfries,59,3
238,butteredpopcorn,2,3
238,triscuits,78,3
238,wavylays,81,3
238,chocolateicecreamcone,57,3
238,strawberryicecreamcone,50,3
238,vanillasoftservecone,65,3
238,nutrigrainbar,38,3
238,churro,40,3
238,twistdonut,25,3
238,tuilecookie,68,3
238,madeleine,82,3
238,oatmealraisincookie,50,3
238,thumprintcookie,62,3
238,sugarcookie,33,3
238,vanillawafer,56,3
238,chocolatewafer,25,3
238,chocolatebark,76,3
238,darkchocolate,51,3
238,milkchocolate,75,3
238,pocky,55,3
238,toblerone,89,3
238,lindtlindorchocolatetruffle,51,3
238,twix,48,3
238,caramel,48,3
238,peanutmms,48,3
238,brownie,22,3
238,frostedbrownie,50,3
238,lemoncake,6,3
239,orange,84,3
239,plum,77,3
239,blackberry,74,3
239,peach,61,3
239,cherry,88,3
239,raspberry,79,3
239,apple,95,3
239,grape,70,3
239,goldendeliciousapple,88,3
239,honeydewmelon,46,3
239,kiwi,38,3
239,greenbellpepper,10,3
239,carrot,16,3
239,peanuts,82,3
239,almonds,84,3
239,baguette,21,3
239,slicedloafbread,12,3
239,boulebread,29,3
239,ryebread,35,3
239,deliturkey,67,3
239,chickentenders,52,3
239,meatballs,59,3
239,gouda,62,3
239,swisscheese,68,3
239,potatochips,18,3
239,tortillachips,51,3
239,doritos,39,3
239,ritzcracker,32,3
239,saltinecracker,25,3
239,wheatthins,42,3
239,eggrolls,64,3
239,frenchfries,24,3
239,butteredpopcorn,67,3
239,triscuits,37,3
239,wavylays,24,3
239,chocolateicecreamcone,79,3
239,strawberryicecreamcone,70,3
239,vanillasoftservecone,81,3
239,nutrigrainbar,47,3
239,churro,51,3
239,twistdonut,67,3
239,tuilecookie,32,3
239,madeleine,58,3
239,oatmealraisincookie,42,3
239,thumprintcookie,54,3
239,sugarcookie,61,3
239,vanillawafer,58,3
239,chocolatewafer,50,3
239,chocolatebark,33,3
239,darkchocolate,26,3
239,milkchocolate,40,3
239,pocky,38,3
239,toblerone,70,3
239,lindtlindorchocolatetruffle,50,3
239,twix,77,3
239,caramel,29,3
239,peanutmms,65,3
239,brownie,64,3
239,frostedbrownie,54,3
239,lemoncake,67,3
240,orange,61,3
240,plum,70,3
240,blackberry,84,3
240,peach,84,3
240,cherry,79,3
240,raspberry,73,3
240,apple,65,3
240,grape,76,3
240,goldendeliciousapple,53,3
240,honeydewmelon,80,3
240,kiwi,76,3
240,greenbellpepper,1,3
240,carrot,23,3
240,peanuts,56,3
240,almonds,71,3
240,baguette,59,3
240,slicedloafbread,51,3
240,boulebread,54,3
240,ryebread,55,3
240,deliturkey,48,3
240,chickentenders,57,3
240,meatballs,58,3
240,gouda,60,3
240,swisscheese,59,3
240,potatochips,43,3
240,tortillachips,56,3
240,doritos,57,3
240,ritzcracker,60,3
240,saltinecracker,53,3
240,wheatthins,51,3
240,eggrolls,59,3
240,frenchfries,69,3
240,butteredpopcorn,47,3
240,triscuits,44,3
240,wavylays,56,3
240,chocolateicecreamcone,87,3
240,strawberryicecreamcone,85,3
240,vanillasoftservecone,82,3
240,nutrigrainbar,57,3
240,churro,71,3
240,twistdonut,74,3
240,tuilecookie,59,3
240,madeleine,78,3
240,oatmealraisincookie,76,3
240,thumprintcookie,72,3
240,sugarcookie,73,3
240,vanillawafer,53,3
240,chocolatewafer,52,3
240,chocolatebark,55,3
240,darkchocolate,53,3
240,milkchocolate,58,3
240,pocky,43,3
240,toblerone,64,3
240,lindtlindorchocolatetruffle,54,3
240,twix,55,3
240,caramel,49,3
240,peanutmms,1,3
240,brownie,80,3
240,frostedbrownie,80,3
240,lemoncake,81,3
241,orange,46,3
241,plum,19,3
241,blackberry,100,3
241,peach,85,3
241,cherry,73,3
241,raspberry,98,3
241,apple,65,3
241,grape,79,3
241,goldendeliciousapple,60,3
241,honeydewmelon,52,3
241,kiwi,31,3
241,greenbellpepper,44,3
241,carrot,25,3
241,peanuts,24,3
241,almonds,50,3
241,baguette,37,3
241,slicedloafbread,32,3
241,boulebread,49,3
241,ryebread,53,3
241,deliturkey,31,3
241,chickentenders,53,3
241,meatballs,53,3
241,gouda,66,3
241,swisscheese,79,3
241,potatochips,98,3
241,tortillachips,51,3
241,doritos,3,3
241,ritzcracker,20,3
241,saltinecracker,47,3
241,wheatthins,59,3
241,eggrolls,48,3
241,frenchfries,2,3
241,butteredpopcorn,69,3
241,triscuits,66,3
241,wavylays,97,3
241,chocolateicecreamcone,3,3
241,strawberryicecreamcone,3,3
241,vanillasoftservecone,37,3
241,nutrigrainbar,3,3
241,churro,21,3
241,twistdonut,37,3
241,tuilecookie,20,3
241,madeleine,8,3
241,oatmealraisincookie,14,3
241,thumprintcookie,19,3
241,sugarcookie,1,3
241,vanillawafer,2,3
241,chocolatewafer,98,3
241,chocolatebark,40,3
241,darkchocolate,97,3
241,milkchocolate,94,3
241,pocky,16,3
241,toblerone,85,3
241,lindtlindorchocolatetruffle,99,3
241,twix,98,3
241,caramel,1,3
241,peanutmms,49,3
241,brownie,99,3
241,frostedbrownie,98,3
241,lemoncake,98,3
242,orange,67,3
242,plum,54,3
242,blackberry,46,3
242,peach,65,3
242,cherry,66,3
242,raspberry,53,3
242,apple,52,3
242,grape,49,3
242,goldendeliciousapple,49,3
242,honeydewmelon,57,3
242,kiwi,50,3
242,greenbellpepper,39,3
242,carrot,31,3
242,peanuts,60,3
242,almonds,72,3
242,baguette,68,3
242,slicedloafbread,59,3
242,boulebread,52,3
242,ryebread,61,3
242,deliturkey,45,3
242,chickentenders,79,3
242,meatballs,54,3
242,gouda,51,3
242,swisscheese,68,3
242,potatochips,71,3
242,tortillachips,70,3
242,doritos,72,3
242,ritzcracker,55,3
242,saltinecracker,52,3
242,wheatthins,54,3
242,eggrolls,76,3
242,frenchfries,76,3
242,butteredpopcorn,60,3
242,triscuits,49,3
242,wavylays,68,3
242,chocolateicecreamcone,76,3
242,strawberryicecreamcone,76,3
242,vanillasoftservecone,77,3
242,nutrigrainbar,69,3
242,churro,64,3
242,twistdonut,55,3
242,tuilecookie,74,3
242,madeleine,76,3
242,oatmealraisincookie,79,3
242,thumprintcookie,80,3
242,sugarcookie,77,3
242,vanillawafer,77,3
242,chocolatewafer,77,3
242,chocolatebark,79,3
242,darkchocolate,71,3
242,milkchocolate,80,3
242,pocky,57,3
242,toblerone,81,3
242,lindtlindorchocolatetruffle,78,3
242,twix,78,3
242,caramel,63,3
242,peanutmms,84,3
242,brownie,75,3
242,frostedbrownie,81,3
242,lemoncake,82,3
243,orange,100,3
243,plum,100,3
243,blackberry,100,3
243,peach,100,3
243,cherry,100,3
243,raspberry,100,3
243,apple,100,3
243,grape,100,3
243,goldendeliciousapple,100,3
243,honeydewmelon,100,3
243,kiwi,100,3
243,greenbellpepper,100,3
243,carrot,100,3
243,peanuts,1,3
243,almonds,1,3
243,baguette,77,3
243,slicedloafbread,100,3
243,boulebread,80,3
243,ryebread,74,3
243,deliturkey,61,3
243,chickentenders,1,3
243,meatballs,1,3
243,gouda,1,3
243,swisscheese,1,3
243,potatochips,1,3
243,tortillachips,1,3
243,doritos,1,3
243,ritzcracker,1,3
243,saltinecracker,1,3
243,wheatthins,1,3
243,eggrolls,1,3
243,frenchfries,1,3
243,butteredpopcorn,1,3
243,triscuits,1,3
243,wavylays,1,3
243,chocolateicecreamcone,1,3
243,strawberryicecreamcone,1,3
243,vanillasoftservecone,1,3
243,nutrigrainbar,1,3
243,churro,1,3
243,twistdonut,1,3
243,tuilecookie,1,3
243,madeleine,1,3
243,oatmealraisincookie,1,3
243,thumprintcookie,1,3
243,sugarcookie,1,3
243,vanillawafer,1,3
243,chocolatewafer,1,3
243,chocolatebark,1,3
243,darkchocolate,1,3
243,milkchocolate,1,3
243,pocky,1,3
243,toblerone,1,3
243,lindtlindorchocolatetruffle,1,3
243,twix,1,3
243,caramel,1,3
243,peanutmms,1,3
243,brownie,1,3
243,frostedbrownie,1,3
243,lemoncake,1,3
244,orange,88,3
244,plum,66,3
244,blackberry,83,3
244,peach,63,3
244,cherry,1,3
244,raspberry,2,3
244,apple,41,3
244,grape,26,3
244,goldendeliciousapple,6,3
244,honeydewmelon,2,3
244,kiwi,18,3
244,greenbellpepper,1,3
244,carrot,1,3
244,peanuts,1,3
244,almonds,1,3
244,baguette,60,3
244,slicedloafbread,23,3
244,boulebread,27,3
244,ryebread,20,3
244,deliturkey,52,3
244,chickentenders,96,3
244,meatballs,1,3
244,gouda,11,3
244,swisscheese,56,3
244,potatochips,88,3
244,tortillachips,82,3
244,doritos,100,3
244,ritzcracker,13,3
244,saltinecracker,1,3
244,wheatthins,1,3
244,eggrolls,100,3
244,frenchfries,95,3
244,butteredpopcorn,36,3
244,triscuits,1,3
244,wavylays,61,3
244,chocolateicecreamcone,47,3
244,strawberryicecreamcone,100,3
244,vanillasoftservecone,100,3
244,nutrigrainbar,60,3
244,churro,100,3
244,twistdonut,100,3
244,tuilecookie,65,3
244,madeleine,57,3
244,oatmealraisincookie,74,3
244,thumprintcookie,100,3
244,sugarcookie,95,3
244,vanillawafer,100,3
244,chocolatewafer,6,3
244,chocolatebark,1,3
244,darkchocolate,5,3
244,milkchocolate,81,3
244,pocky,9,3
244,toblerone,63,3
244,lindtlindorchocolatetruffle,14,3
244,twix,96,3
244,caramel,71,3
244,peanutmms,100,3
244,brownie,24,3
244,frostedbrownie,99,3
244,lemoncake,100,3
245,orange,81,3
245,plum,78,3
245,blackberry,57,3
245,peach,85,3
245,cherry,79,3
245,raspberry,62,3
245,apple,90,3
245,grape,81,3
245,goldendeliciousapple,84,3
245,honeydewmelon,57,3
245,kiwi,72,3
245,greenbellpepper,38,3
245,carrot,26,3
245,peanuts,66,3
245,almonds,65,3
245,baguette,43,3
245,slicedloafbread,38,3
245,boulebread,61,3
245,ryebread,54,3
245,deliturkey,40,3
245,chickentenders,35,3
245,meatballs,42,3
245,gouda,59,3
245,swisscheese,56,3
245,potatochips,91,3
245,tortillachips,75,3
245,doritos,47,3
245,ritzcracker,26,3
245,saltinecracker,36,3
245,wheatthins,40,3
245,eggrolls,49,3
245,frenchfries,90,3
245,butteredpopcorn,58,3
245,triscuits,48,3
245,wavylays,81,3
245,chocolateicecreamcone,93,3
245,strawberryicecreamcone,81,3
245,vanillasoftservecone,70,3
245,nutrigrainbar,58,3
245,churro,44,3
245,twistdonut,59,3
245,tuilecookie,36,3
245,madeleine,56,3
245,oatmealraisincookie,55,3
245,thumprintcookie,35,3
245,sugarcookie,20,3
245,vanillawafer,27,3
245,chocolatewafer,47,3
245,chocolatebark,67,3
245,darkchocolate,70,3
245,milkchocolate,69,3
245,pocky,17,3
245,toblerone,71,3
245,lindtlindorchocolatetruffle,66,3
245,twix,51,3
245,caramel,26,3
245,peanutmms,72,3
245,brownie,66,3
245,frostedbrownie,76,3
245,lemoncake,24,3
246,orange,34,3
246,plum,47,3
246,blackberry,52,3
246,peach,54,3
246,cherry,83,3
246,raspberry,63,3
246,apple,61,3
246,grape,69,3
246,goldendeliciousapple,58,3
246,honeydewmelon,64,3
246,kiwi,52,3
246,greenbellpepper,1,3
246,carrot,9,3
246,peanuts,21,3
246,almonds,57,3
246,baguette,48,3
246,slicedloafbread,2,3
246,boulebread,18,3
246,ryebread,23,3
246,deliturkey,36,3
246,chickentenders,29,3
246,meatballs,21,3
246,gouda,10,3
246,swisscheese,10,3
246,potatochips,22,3
246,tortillachips,10,3
246,doritos,22,3
246,ritzcracker,28,3
246,saltinecracker,23,3
246,wheatthins,36,3
246,eggrolls,76,3
246,frenchfries,29,3
246,butteredpopcorn,9,3
246,triscuits,79,3
246,wavylays,24,3
246,chocolateicecreamcone,54,3
246,strawberryicecreamcone,30,3
246,vanillasoftservecone,47,3
246,nutrigrainbar,23,3
246,churro,41,3
246,twistdonut,30,3
246,tuilecookie,24,3
246,madeleine,13,3
246,oatmealraisincookie,48,3
246,thumprintcookie,20,3
246,sugarcookie,11,3
246,vanillawafer,78,3
246,chocolatewafer,98,3
246,chocolatebark,61,3
246,darkchocolate,99,3
246,milkchocolate,99,3
246,pocky,45,3
246,toblerone,99,3
246,lindtlindorchocolatetruffle,98,3
246,twix,99,3
246,caramel,48,3
246,peanutmms,99,3
246,brownie,98,3
246,frostedbrownie,98,3
246,lemoncake,82,3
247,orange,2,3
247,plum,5,3
247,blackberry,4,3
247,peach,4,3
247,cherry,4,3
247,raspberry,2,3
247,apple,3,3
247,grape,1,3
247,goldendeliciousapple,10,3
247,honeydewmelon,6,3
247,kiwi,5,3
247,greenbellpepper,4,3
247,carrot,2,3
247,peanuts,5,3
247,almonds,8,3
247,baguette,3,3
247,slicedloafbread,6,3
247,boulebread,3,3
247,ryebread,6,3
247,deliturkey,4,3
247,chickentenders,10,3
247,meatballs,6,3
247,gouda,2,3
247,swisscheese,10,3
247,potatochips,98,3
247,tortillachips,8,3
247,doritos,38,3
247,ritzcracker,49,3
247,saltinecracker,28,3
247,wheatthins,9,3
247,eggrolls,5,3
247,frenchfries,89,3
247,butteredpopcorn,97,3
247,triscuits,11,3
247,wavylays,99,3
247,chocolateicecreamcone,4,3
247,strawberryicecreamcone,4,3
247,vanillasoftservecone,2,3
247,nutrigrainbar,4,3
247,churro,93,3
247,twistdonut,8,3
247,tuilecookie,4,3
247,madeleine,4,3
247,oatmealraisincookie,8,3
247,thumprintcookie,5,3
247,sugarcookie,97,3
247,vanillawafer,98,3
247,chocolatewafer,95,3
247,chocolatebark,5,3
247,darkchocolate,8,3
247,milkchocolate,96,3
247,pocky,3,3
247,toblerone,10,3
247,lindtlindorchocolatetruffle,8,3
247,twix,69,3
247,caramel,7,3
247,peanutmms,91,3
247,brownie,98,3
247,frostedbrownie,98,3
247,lemoncake,97,3
248,orange,68,3
248,plum,91,3
248,blackberry,100,3
248,peach,96,3
248,cherry,94,3
248,raspberry,100,3
248,apple,88,3
248,grape,92,3
248,goldendeliciousapple,79,3
248,honeydewmelon,100,3
248,kiwi,100,3
248,greenbellpepper,97,3
248,carrot,91,3
248,peanuts,80,3
248,almonds,66,3
248,baguette,72,3
248,slicedloafbread,67,3
248,boulebread,72,3
248,ryebread,74,3
248,deliturkey,1,3
248,chickentenders,1,3
248,meatballs,1,3
248,gouda,62,3
248,swisscheese,77,3
248,potatochips,60,3
248,tortillachips,38,3
248,doritos,41,3
248,ritzcracker,42,3
248,saltinecracker,51,3
248,wheatthins,35,3
248,eggrolls,34,3
248,frenchfries,56,3
248,butteredpopcorn,35,3
248,triscuits,53,3
248,wavylays,68,3
248,chocolateicecreamcone,5,3
248,strawberryicecreamcone,36,3
248,vanillasoftservecone,13,3
248,nutrigrainbar,48,3
248,churro,50,3
248,twistdonut,44,3
248,tuilecookie,37,3
248,madeleine,57,3
248,oatmealraisincookie,55,3
248,thumprintcookie,51,3
248,sugarcookie,51,3
248,vanillawafer,37,3
248,chocolatewafer,6,3
248,chocolatebark,13,3
248,darkchocolate,1,3
248,milkchocolate,1,3
248,pocky,22,3
248,toblerone,4,3
248,lindtlindorchocolatetruffle,2,3
248,twix,7,3
248,caramel,34,3
248,peanutmms,16,3
248,brownie,1,3
248,frostedbrownie,1,3
248,lemoncake,8,3
249,orange,75,3
249,plum,33,3
249,blackberry,98,3
249,peach,59,3
249,cherry,2,3
249,raspberry,88,3
249,apple,16,3
249,grape,99,3
249,goldendeliciousapple,2,3
249,honeydewmelon,80,3
249,kiwi,46,3
249,greenbellpepper,64,3
249,carrot,62,3
249,peanuts,91,3
249,almonds,89,3
249,baguette,36,3
249,slicedloafbread,28,3
249,boulebread,24,3
249,ryebread,36,3
249,deliturkey,63,3
249,chickentenders,67,3
249,meatballs,51,3
249,gouda,19,3
249,swisscheese,56,3
249,potatochips,61,3
249,tortillachips,1,3
249,doritos,2,3
249,ritzcracker,60,3
249,saltinecracker,38,3
249,wheatthins,36,3
249,eggrolls,49,3
249,frenchfries,62,3
249,butteredpopcorn,65,3
249,triscuits,36,3
249,wavylays,1,3
249,chocolateicecreamcone,61,3
249,strawberryicecreamcone,1,3
249,vanillasoftservecone,27,3
249,nutrigrainbar,2,3
249,churro,2,3
249,twistdonut,76,3
249,tuilecookie,3,3
249,madeleine,1,3
249,oatmealraisincookie,15,3
249,thumprintcookie,2,3
249,sugarcookie,11,3
249,vanillawafer,1,3
249,chocolatewafer,2,3
249,chocolatebark,99,3
249,darkchocolate,91,3
249,milkchocolate,91,3
249,pocky,2,3
249,toblerone,30,3
249,lindtlindorchocolatetruffle,56,3
249,twix,87,3
249,caramel,82,3
249,peanutmms,82,3
249,brownie,89,3
249,frostedbrownie,100,3
249,lemoncake,2,3
250,orange,36,3
250,plum,2,3
250,blackberry,29,3
250,peach,27,3
250,cherry,3,3
250,raspberry,16,3
250,apple,25,3
250,grape,44,3
250,goldendeliciousapple,1,3
250,honeydewmelon,1,3
250,kiwi,2,3
250,greenbellpepper,2,3
250,carrot,36,3
250,peanuts,70,3
250,almonds,20,3
250,baguette,17,3
250,slicedloafbread,3,3
250,boulebread,9,3
250,ryebread,20,3
250,deliturkey,3,3
250,chickentenders,1,3
250,meatballs,3,3
250,gouda,2,3
250,swisscheese,24,3
250,potatochips,75,3
250,tortillachips,79,3
250,doritos,77,3
250,ritzcracker,55,3
250,saltinecracker,32,3
250,wheatthins,2,3
250,eggrolls,2,3
250,frenchfries,51,3
250,butteredpopcorn,48,3
250,triscuits,2,3
250,wavylays,76,3
250,chocolateicecreamcone,60,3
250,strawberryicecreamcone,3,3
250,vanillasoftservecone,66,3
250,nutrigrainbar,3,3
250,churro,12,3
250,twistdonut,44,3
250,tuilecookie,12,3
250,madeleine,1,3
250,oatmealraisincookie,40,3
250,thumprintcookie,2,3
250,sugarcookie,67,3
250,vanillawafer,20,3
250,chocolatewafer,29,3
250,chocolatebark,37,3
250,darkchocolate,88,3
250,milkchocolate,74,3
250,pocky,1,3
250,toblerone,19,3
250,lindtlindorchocolatetruffle,42,3
250,twix,37,3
250,caramel,49,3
250,peanutmms,22,3
250,brownie,52,3
250,frostedbrownie,67,3
250,lemoncake,16,3
251,orange,86,3
251,plum,72,3
251,blackberry,92,3
251,peach,74,3
251,cherry,90,3
251,raspberry,96,3
251,apple,76,3
251,grape,96,3
251,goldendeliciousapple,24,3
251,honeydewmelon,21,3
251,kiwi,80,3
251,greenbellpepper,8,3
251,carrot,89,3
251,peanuts,79,3
251,almonds,91,3
251,baguette,70,3
251,slicedloafbread,1,3
251,boulebread,55,3
251,ryebread,25,3
251,deliturkey,18,3
251,chickentenders,78,3
251,meatballs,16,3
251,gouda,9,3
251,swisscheese,82,3
251,potatochips,71,3
251,tortillachips,47,3
251,doritos,52,3
251,ritzcracker,59,3
251,saltinecracker,51,3
251,wheatthins,34,3
251,eggrolls,14,3
251,frenchfries,68,3
251,butteredpopcorn,66,3
251,triscuits,15,3
251,wavylays,66,3
251,chocolateicecreamcone,44,3
251,strawberryicecreamcone,46,3
251,vanillasoftservecone,34,3
251,nutrigrainbar,23,3
251,churro,13,3
251,twistdonut,23,3
251,tuilecookie,1,3
251,madeleine,19,3
251,oatmealraisincookie,11,3
251,thumprintcookie,21,3
251,sugarcookie,31,3
251,vanillawafer,20,3
251,chocolatewafer,25,3
251,chocolatebark,60,3
251,darkchocolate,37,3
251,milkchocolate,81,3
251,pocky,9,3
251,toblerone,69,3
251,lindtlindorchocolatetruffle,62,3
251,twix,71,3
251,caramel,15,3
251,peanutmms,73,3
251,brownie,79,3
251,frostedbrownie,65,3
251,lemoncake,30,3
252,orange,77,3
252,plum,80,3
252,blackberry,88,3
252,peach,82,3
252,cherry,91,3
252,raspberry,87,3
252,apple,75,3
252,grape,80,3
252,goldendeliciousapple,53,3
252,honeydewmelon,95,3
252,kiwi,84,3
252,greenbellpepper,96,3
252,carrot,38,3
252,peanuts,74,3
252,almonds,20,3
252,baguette,56,3
252,slicedloafbread,44,3
252,boulebread,68,3
252,ryebread,59,3
252,deliturkey,59,3
252,chickentenders,35,3
252,meatballs,71,3
252,gouda,8,3
252,swisscheese,12,3
252,potatochips,84,3
252,tortillachips,62,3
252,doritos,41,3
252,ritzcracker,52,3
252,saltinecracker,38,3
252,wheatthins,39,3
252,eggrolls,19,3
252,frenchfries,74,3
252,butteredpopcorn,75,3
252,triscuits,30,3
252,wavylays,81,3
252,chocolateicecreamcone,32,3
252,strawberryicecreamcone,36,3
252,vanillasoftservecone,24,3
252,nutrigrainbar,63,3
252,churro,1,3
252,twistdonut,53,3
252,tuilecookie,18,3
252,madeleine,18,3
252,oatmealraisincookie,67,3
252,thumprintcookie,68,3
252,sugarcookie,1,3
252,vanillawafer,28,3
252,chocolatewafer,29,3
252,chocolatebark,27,3
252,darkchocolate,45,3
252,milkchocolate,55,3
252,pocky,31,3
252,toblerone,70,3
252,lindtlindorchocolatetruffle,46,3
252,twix,32,3
252,caramel,1,3
252,peanutmms,78,3
252,brownie,64,3
252,frostedbrownie,37,3
252,lemoncake,26,3
253,orange,1,3
253,plum,32,3
253,blackberry,99,3
253,peach,13,3
253,cherry,30,3
253,raspberry,67,3
253,apple,65,3
253,grape,85,3
253,goldendeliciousapple,15,3
253,honeydewmelon,1,3
253,kiwi,90,3
253,greenbellpepper,67,3
253,carrot,66,3
253,peanuts,67,3
253,almonds,72,3
253,baguette,79,3
253,slicedloafbread,12,3
253,boulebread,86,3
253,ryebread,81,3
253,deliturkey,45,3
253,chickentenders,56,3
253,meatballs,63,3
253,gouda,54,3
253,swisscheese,67,3
253,potatochips,14,3
253,tortillachips,36,3
253,doritos,74,3
253,ritzcracker,68,3
253,saltinecracker,46,3
253,wheatthins,45,3
253,eggrolls,25,3
253,frenchfries,88,3
253,butteredpopcorn,68,3
253,triscuits,4,3
253,wavylays,18,3
253,chocolateicecreamcone,90,3
253,strawberryicecreamcone,88,3
253,vanillasoftservecone,68,3
253,nutrigrainbar,4,3
253,churro,90,3
253,twistdonut,11,3
253,tuilecookie,12,3
253,madeleine,34,3
253,oatmealraisincookie,37,3
253,thumprintcookie,66,3
253,sugarcookie,56,3
253,vanillawafer,65,3
253,chocolatewafer,86,3
253,chocolatebark,80,3
253,darkchocolate,87,3
253,milkchocolate,93,3
253,pocky,77,3
253,toblerone,89,3
253,lindtlindorchocolatetruffle,94,3
253,twix,90,3
253,caramel,60,3
253,peanutmms,85,3
253,brownie,90,3
253,frostedbrownie,93,3
253,lemoncake,35,3
254,orange,99,3
254,plum,96,3
254,blackberry,89,3
254,peach,99,3
254,cherry,99,3
254,raspberry,96,3
254,apple,99,3
254,grape,99,3
254,goldendeliciousapple,95,3
254,honeydewmelon,74,3
254,kiwi,39,3
254,greenbellpepper,83,3
254,carrot,99,3
254,peanuts,99,3
254,almonds,99,3
254,baguette,18,3
254,slicedloafbread,15,3
254,boulebread,15,3
254,ryebread,31,3
254,deliturkey,83,3
254,chickentenders,77,3
254,meatballs,78,3
254,gouda,68,3
254,swisscheese,83,3
254,potatochips,47,3
254,tortillachips,40,3
254,doritos,48,3
254,ritzcracker,49,3
254,saltinecracker,50,3
254,wheatthins,43,3
254,eggrolls,59,3
254,frenchfries,59,3
254,butteredpopcorn,69,3
254,triscuits,35,3
254,wavylays,41,3
254,chocolateicecreamcone,98,3
254,strawberryicecreamcone,99,3
254,vanillasoftservecone,97,3
254,nutrigrainbar,64,3
254,churro,80,3
254,twistdonut,95,3
254,tuilecookie,75,3
254,madeleine,77,3
254,oatmealraisincookie,96,3
254,thumprintcookie,87,3
254,sugarcookie,72,3
254,vanillawafer,97,3
254,chocolatewafer,98,3
254,chocolatebark,93,3
254,darkchocolate,98,3
254,milkchocolate,99,3
254,pocky,63,3
254,toblerone,99,3
254,lindtlindorchocolatetruffle,100,3
254,twix,100,3
254,caramel,17,3
254,peanutmms,98,3
254,brownie,97,3
254,frostedbrownie,98,3
254,lemoncake,97,3
255,orange,75,3
255,plum,77,3
255,blackberry,72,3
255,peach,62,3
255,cherry,79,3
255,raspberry,70,3
255,apple,81,3
255,grape,75,3
255,goldendeliciousapple,81,3
255,honeydewmelon,66,3
255,kiwi,83,3
255,greenbellpepper,83,3
255,carrot,71,3
255,peanuts,56,3
255,almonds,80,3
255,baguette,63,3
255,slicedloafbread,69,3
255,boulebread,52,3
255,ryebread,67,3
255,deliturkey,71,3
255,chickentenders,58,3
255,meatballs,70,3
255,gouda,74,3
255,swisscheese,54,3
255,potatochips,66,3
255,tortillachips,75,3
255,doritos,60,3
255,ritzcracker,72,3
255,saltinecracker,53,3
255,wheatthins,77,3
255,eggrolls,76,3
255,frenchfries,81,3
255,butteredpopcorn,61,3
255,triscuits,69,3
255,wavylays,79,3
255,chocolateicecreamcone,62,3
255,strawberryicecreamcone,66,3
255,vanillasoftservecone,66,3
255,nutrigrainbar,60,3
255,churro,43,3
255,twistdonut,46,3
255,tuilecookie,61,3
255,madeleine,49,3
255,oatmealraisincookie,48,3
255,thumprintcookie,48,3
255,sugarcookie,67,3
255,vanillawafer,53,3
255,chocolatewafer,51,3
255,chocolatebark,49,3
255,darkchocolate,59,3
255,milkchocolate,49,3
255,pocky,50,3
255,toblerone,48,3
255,lindtlindorchocolatetruffle,50,3
255,twix,52,3
255,caramel,61,3
255,peanutmms,46,3
255,brownie,49,3
255,frostedbrownie,50,3
255,lemoncake,47,3
256,orange,68,3
256,plum,57,3
256,blackberry,90,3
256,peach,92,3
256,cherry,89,3
256,raspberry,90,3
256,apple,90,3
256,grape,93,3
256,goldendeliciousapple,92,3
256,honeydewmelon,10,3
256,kiwi,92,3
256,greenbellpepper,88,3
256,carrot,77,3
256,peanuts,60,3
256,almonds,68,3
256,baguette,9,3
256,slicedloafbread,9,3
256,boulebread,14,3
256,ryebread,15,3
256,deliturkey,88,3
256,chickentenders,85,3
256,meatballs,53,3
256,gouda,3,3
256,swisscheese,3,3
256,potatochips,50,3
256,tortillachips,52,3
256,doritos,48,3
256,ritzcracker,70,3
256,saltinecracker,48,3
256,wheatthins,51,3
256,eggrolls,13,3
256,frenchfries,62,3
256,butteredpopcorn,77,3
256,triscuits,54,3
256,wavylays,51,3
256,chocolateicecreamcone,91,3
256,strawberryicecreamcone,95,3
256,vanillasoftservecone,95,3
256,nutrigrainbar,52,3
256,churro,16,3
256,twistdonut,8,3
256,tuilecookie,15,3
256,madeleine,76,3
256,oatmealraisincookie,90,3
256,thumprintcookie,58,3
256,sugarcookie,55,3
256,vanillawafer,61,3
256,chocolatewafer,73,3
256,chocolatebark,52,3
256,darkchocolate,65,3
256,milkchocolate,62,3
256,pocky,15,3
256,toblerone,75,3
256,lindtlindorchocolatetruffle,48,3
256,twix,80,3
256,caramel,11,3
256,peanutmms,88,3
256,brownie,90,3
256,frostedbrownie,74,3
256,lemoncake,93,3
257,orange,100,3
257,plum,97,3
257,blackberry,68,3
257,peach,98,3
257,cherry,3,3
257,raspberry,73,3
257,apple,99,3
257,grape,99,3
257,goldendeliciousapple,99,3
257,honeydewmelon,99,3
257,kiwi,65,3
257,greenbellpepper,99,3
257,carrot,98,3
257,peanuts,98,3
257,almonds,99,3
257,baguette,2,3
257,slicedloafbread,2,3
257,boulebread,2,3
257,ryebread,2,3
257,deliturkey,50,3
257,chickentenders,2,3
257,meatballs,2,3
257,gouda,99,3
257,swisscheese,98,3
257,potatochips,2,3
257,tortillachips,79,3
257,doritos,3,3
257,ritzcracker,97,3
257,saltinecracker,100,3
257,wheatthins,99,3
257,eggrolls,2,3
257,frenchfries,2,3
257,butteredpopcorn,51,3
257,triscuits,95,3
257,wavylays,3,3
257,chocolateicecreamcone,2,3
257,strawberryicecreamcone,2,3
257,vanillasoftservecone,3,3
257,nutrigrainbar,2,3
257,churro,3,3
257,twistdonut,2,3
257,tuilecookie,2,3
257,madeleine,2,3
257,oatmealraisincookie,2,3
257,thumprintcookie,2,3
257,sugarcookie,2,3
257,vanillawafer,1,3
257,chocolatewafer,2,3
257,chocolatebark,2,3
257,darkchocolate,45,3
257,milkchocolate,2,3
257,pocky,3,3
257,toblerone,2,3
257,lindtlindorchocolatetruffle,2,3
257,twix,2,3
257,caramel,1,3
257,peanutmms,3,3
257,brownie,1,3
257,frostedbrownie,2,3
257,lemoncake,2,3
258,orange,60,3
258,plum,57,3
258,blackberry,67,3
258,peach,54,3
258,cherry,100,3
258,raspberry,48,3
258,apple,50,3
258,grape,98,3
258,goldendeliciousapple,60,3
258,honeydewmelon,45,3
258,kiwi,39,3
258,greenbellpepper,44,3
258,carrot,46,3
258,peanuts,64,3
258,almonds,55,3
258,baguette,59,3
258,slicedloafbread,69,3
258,boulebread,43,3
258,ryebread,35,3
258,deliturkey,33,3
258,chickentenders,52,3
258,meatballs,33,3
258,gouda,27,3
258,swisscheese,17,3
258,potatochips,78,3
258,tortillachips,50,3
258,doritos,60,3
258,ritzcracker,60,3
258,saltinecracker,67,3
258,wheatthins,35,3
258,eggrolls,15,3
258,frenchfries,85,3
258,butteredpopcorn,55,3
258,triscuits,2,3
258,wavylays,76,3
258,chocolateicecreamcone,79,3
258,strawberryicecreamcone,62,3
258,vanillasoftservecone,81,3
258,nutrigrainbar,24,3
258,churro,24,3
258,twistdonut,82,3
258,tuilecookie,34,3
258,madeleine,2,3
258,oatmealraisincookie,65,3
258,thumprintcookie,64,3
258,sugarcookie,57,3
258,vanillawafer,50,3
258,chocolatewafer,63,3
258,chocolatebark,92,3
258,darkchocolate,50,3
258,milkchocolate,83,3
258,pocky,20,3
258,toblerone,35,3
258,lindtlindorchocolatetruffle,50,3
258,twix,90,3
258,caramel,59,3
258,peanutmms,99,3
258,brownie,21,3
258,frostedbrownie,7,3
258,lemoncake,50,3
259,orange,77,3
259,plum,78,3
259,blackberry,94,3
259,peach,83,3
259,cherry,99,3
259,raspberry,93,3
259,apple,80,3
259,grape,97,3
259,goldendeliciousapple,82,3
259,honeydewmelon,81,3
259,kiwi,49,3
259,greenbellpepper,81,3
259,carrot,65,3
259,peanuts,75,3
259,almonds,83,3
259,baguette,6,3
259,slicedloafbread,8,3
259,boulebread,13,3
259,ryebread,8,3
259,deliturkey,65,3
259,chickentenders,94,3
259,meatballs,54,3
259,gouda,71,3
259,swisscheese,71,3
259,potatochips,54,3
259,tortillachips,22,3
259,doritos,26,3
259,ritzcracker,46,3
259,saltinecracker,25,3
259,wheatthins,22,3
259,eggrolls,43,3
259,frenchfries,61,3
259,butteredpopcorn,53,3
259,triscuits,21,3
259,wavylays,53,3
259,chocolateicecreamcone,11,3
259,strawberryicecreamcone,14,3
259,vanillasoftservecone,48,3
259,nutrigrainbar,22,3
259,churro,44,3
259,twistdonut,18,3
259,tuilecookie,25,3
259,madeleine,29,3
259,oatmealraisincookie,13,3
259,thumprintcookie,20,3
259,sugarcookie,28,3
259,vanillawafer,11,3
259,chocolatewafer,18,3
259,chocolatebark,63,3
259,darkchocolate,51,3
259,milkchocolate,62,3
259,pocky,11,3
259,toblerone,31,3
259,lindtlindorchocolatetruffle,63,3
259,twix,58,3
259,caramel,55,3
259,peanutmms,9,3
259,brownie,14,3
259,frostedbrownie,8,3
259,lemoncake,17,3
260,orange,33,3
260,plum,3,3
260,blackberry,4,3
260,peach,16,3
260,cherry,4,3
260,raspberry,10,3
260,apple,8,3
260,grape,64,3
260,goldendeliciousapple,8,3
260,honeydewmelon,2,3
260,kiwi,2,3
260,greenbellpepper,1,3
260,carrot,1,3
260,peanuts,49,3
260,almonds,3,3
260,baguette,2,3
260,slicedloafbread,2,3
260,boulebread,3,3
260,ryebread,3,3
260,deliturkey,5,3
260,chickentenders,38,3
260,meatballs,2,3
260,gouda,2,3
260,swisscheese,2,3
260,potatochips,16,3
260,tortillachips,9,3
260,doritos,16,3
260,ritzcracker,2,3
260,saltinecracker,2,3
260,wheatthins,3,3
260,eggrolls,1,3
260,frenchfries,67,3
260,butteredpopcorn,62,3
260,triscuits,3,3
260,wavylays,18,3
260,chocolateicecreamcone,21,3
260,strawberryicecreamcone,3,3
260,vanillasoftservecone,98,3
260,nutrigrainbar,1,3
260,churro,16,3
260,twistdonut,3,3
260,tuilecookie,3,3
260,madeleine,3,3
260,oatmealraisincookie,1,3
260,thumprintcookie,4,3
260,sugarcookie,2,3
260,vanillawafer,3,3
260,chocolatewafer,1,3
260,chocolatebark,3,3
260,darkchocolate,18,3
260,milkchocolate,19,3
260,pocky,3,3
260,toblerone,14,3
260,lindtlindorchocolatetruffle,26,3
260,twix,38,3
260,caramel,7,3
260,peanutmms,97,3
260,brownie,9,3
260,frostedbrownie,20,3
260,lemoncake,23,3
261,orange,100,3
261,plum,39,3
261,blackberry,58,3
261,peach,80,3
261,cherry,77,3
261,raspberry,78,3
261,apple,79,3
261,grape,97,3
261,goldendeliciousapple,1,3
261,honeydewmelon,100,3
261,kiwi,99,3
261,greenbellpepper,1,3
261,carrot,1,3
261,peanuts,60,3
261,almonds,61,3
261,baguette,1,3
261,slicedloafbread,1,3
261,boulebread,38,3
261,ryebread,39,3
261,deliturkey,1,3
261,chickentenders,78,3
261,meatballs,1,3
261,gouda,100,3
261,swisscheese,37,3
261,potatochips,79,3
261,tortillachips,36,3
261,doritos,64,3
261,ritzcracker,40,3
261,saltinecracker,13,3
261,wheatthins,24,3
261,eggrolls,1,3
261,frenchfries,100,3
261,butteredpopcorn,57,3
261,triscuits,1,3
261,wavylays,76,3
261,chocolateicecreamcone,100,3
261,strawberryicecreamcone,92,3
261,vanillasoftservecone,100,3
261,nutrigrainbar,59,3
261,churro,83,3
261,twistdonut,88,3
261,tuilecookie,1,3
261,madeleine,1,3
261,oatmealraisincookie,16,3
261,thumprintcookie,13,3
261,sugarcookie,17,3
261,vanillawafer,100,3
261,chocolatewafer,100,3
261,chocolatebark,82,3
261,darkchocolate,100,3
261,milkchocolate,92,3
261,pocky,100,3
261,toblerone,81,3
261,lindtlindorchocolatetruffle,58,3
261,twix,100,3
261,caramel,100,3
261,peanutmms,100,3
261,brownie,83,3
261,frostedbrownie,100,3
261,lemoncake,100,3
262,orange,1,3
262,plum,16,3
262,blackberry,78,3
262,peach,7,3
262,cherry,17,3
262,raspberry,75,3
262,apple,5,3
262,grape,6,3
262,goldendeliciousapple,15,3
262,honeydewmelon,2,3
262,kiwi,1,3
262,greenbellpepper,2,3
262,carrot,2,3
262,peanuts,29,3
262,almonds,45,3
262,baguette,3,3
262,slicedloafbread,2,3
262,boulebread,7,3
262,ryebread,2,3
262,deliturkey,99,3
262,chickentenders,51,3
262,meatballs,79,3
262,gouda,99,3
262,swisscheese,99,3
262,potatochips,2,3
262,tortillachips,2,3
262,doritos,1,3
262,ritzcracker,1,3
262,saltinecracker,2,3
262,wheatthins,2,3
262,eggrolls,72,3
262,frenchfries,2,3
262,butteredpopcorn,1,3
262,triscuits,2,3
262,wavylays,2,3
262,chocolateicecreamcone,2,3
262,strawberryicecreamcone,2,3
262,vanillasoftservecone,2,3
262,nutrigrainbar,2,3
262,churro,1,3
262,twistdonut,1,3
262,tuilecookie,2,3
262,madeleine,2,3
262,oatmealraisincookie,3,3
262,thumprintcookie,2,3
262,sugarcookie,2,3
262,vanillawafer,1,3
262,chocolatewafer,2,3
262,chocolatebark,2,3
262,darkchocolate,6,3
262,milkchocolate,2,3
262,pocky,3,3
262,toblerone,1,3
262,lindtlindorchocolatetruffle,2,3
262,twix,3,3
262,caramel,6,3
262,peanutmms,2,3
262,brownie,11,3
262,frostedbrownie,4,3
262,lemoncake,7,3
263,orange,100,3
263,plum,100,3
263,blackberry,100,3
263,peach,100,3
263,cherry,100,3
263,raspberry,100,3
263,apple,100,3
263,grape,100,3
263,goldendeliciousapple,100,3
263,honeydewmelon,100,3
263,kiwi,2,3
263,greenbellpepper,100,3
263,carrot,100,3
263,peanuts,100,3
263,almonds,100,3
263,baguette,52,3
263,slicedloafbread,70,3
263,boulebread,78,3
263,ryebread,81,3
263,deliturkey,1,3
263,chickentenders,1,3
263,meatballs,1,3
263,gouda,77,3
263,swisscheese,86,3
263,potatochips,50,3
263,tortillachips,53,3
263,doritos,19,3
263,ritzcracker,71,3
263,saltinecracker,51,3
263,wheatthins,49,3
263,eggrolls,51,3
263,frenchfries,36,3
263,butteredpopcorn,58,3
263,triscuits,50,3
263,wavylays,27,3
263,chocolateicecreamcone,100,3
263,strawberryicecreamcone,91,3
263,vanillasoftservecone,82,3
263,nutrigrainbar,50,3
263,churro,52,3
263,twistdonut,54,3
263,tuilecookie,1,3
263,madeleine,76,3
263,oatmealraisincookie,82,3
263,thumprintcookie,82,3
263,sugarcookie,50,3
263,vanillawafer,80,3
263,chocolatewafer,66,3
263,chocolatebark,88,3
263,darkchocolate,97,3
263,milkchocolate,81,3
263,pocky,1,3
263,toblerone,85,3
263,lindtlindorchocolatetruffle,87,3
263,twix,51,3
263,caramel,34,3
263,peanutmms,100,3
263,brownie,100,3
263,frostedbrownie,100,3
263,lemoncake,100,3
264,orange,64,3
264,plum,61,3
264,blackberry,54,3
264,peach,53,3
264,cherry,61,3
264,raspberry,39,3
264,apple,55,3
264,grape,65,3
264,goldendeliciousapple,53,3
264,honeydewmelon,1,3
264,kiwi,58,3
264,greenbellpepper,1,3
264,carrot,4,3
264,peanuts,54,3
264,almonds,62,3
264,baguette,36,3
264,slicedloafbread,54,3
264,boulebread,50,3
264,ryebread,32,3
264,deliturkey,67,3
264,chickentenders,82,3
264,meatballs,81,3
264,gouda,100,3
264,swisscheese,79,3
264,potatochips,60,3
264,tortillachips,33,3
264,doritos,44,3
264,ritzcracker,45,3
264,saltinecracker,50,3
264,wheatthins,51,3
264,eggrolls,81,3
264,frenchfries,34,3
264,butteredpopcorn,57,3
264,triscuits,39,3
264,wavylays,29,3
264,chocolateicecreamcone,20,3
264,strawberryicecreamcone,23,3
264,vanillasoftservecone,20,3
264,nutrigrainbar,5,3
264,churro,33,3
264,twistdonut,23,3
264,tuilecookie,24,3
264,madeleine,17,3
264,oatmealraisincookie,28,3
264,thumprintcookie,96,3
264,sugarcookie,40,3
264,vanillawafer,29,3
264,chocolatewafer,20,3
264,chocolatebark,68,3
264,darkchocolate,79,3
264,milkchocolate,59,3
264,pocky,70,3
264,toblerone,53,3
264,lindtlindorchocolatetruffle,64,3
264,twix,54,3
264,caramel,42,3
264,peanutmms,54,3
264,brownie,69,3
264,frostedbrownie,27,3
264,lemoncake,37,3
265,orange,74,3
265,plum,17,3
265,blackberry,62,3
265,peach,6,3
265,cherry,34,3
265,raspberry,64,3
265,apple,69,3
265,grape,61,3
265,goldendeliciousapple,75,3
265,honeydewmelon,1,3
265,kiwi,36,3
265,greenbellpepper,1,3
265,carrot,1,3
265,peanuts,82,3
265,almonds,86,3
265,baguette,49,3
265,slicedloafbread,42,3
265,boulebread,50,3
265,ryebread,50,3
265,deliturkey,69,3
265,chickentenders,73,3
265,meatballs,66,3
265,gouda,58,3
265,swisscheese,56,3
265,potatochips,99,3
265,tortillachips,70,3
265,doritos,99,3
265,ritzcracker,55,3
265,saltinecracker,50,3
265,wheatthins,59,3
265,eggrolls,63,3
265,frenchfries,92,3
265,butteredpopcorn,76,3
265,triscuits,61,3
265,wavylays,92,3
265,chocolateicecreamcone,50,3
265,strawberryicecreamcone,59,3
265,vanillasoftservecone,51,3
265,nutrigrainbar,8,3
265,churro,27,3
265,twistdonut,2,3
265,tuilecookie,29,3
265,madeleine,17,3
265,oatmealraisincookie,33,3
265,thumprintcookie,34,3
265,sugarcookie,7,3
265,vanillawafer,7,3
265,chocolatewafer,30,3
265,chocolatebark,50,3
265,darkchocolate,50,3
265,milkchocolate,50,3
265,pocky,48,3
265,toblerone,50,3
265,lindtlindorchocolatetruffle,49,3
265,twix,49,3
265,caramel,35,3
265,peanutmms,73,3
265,brownie,7,3
265,frostedbrownie,8,3
265,lemoncake,2,3
266,orange,16,3
266,plum,26,3
266,blackberry,13,3
266,peach,32,3
266,cherry,78,3
266,raspberry,60,3
266,apple,8,3
266,grape,91,3
266,goldendeliciousapple,9,3
266,honeydewmelon,65,3
266,kiwi,7,3
266,greenbellpepper,3,3
266,carrot,7,3
266,peanuts,61,3
266,almonds,92,3
266,baguette,6,3
266,slicedloafbread,5,3
266,boulebread,3,3
266,ryebread,4,3
266,deliturkey,36,3
266,chickentenders,79,3
266,meatballs,4,3
266,gouda,22,3
266,swisscheese,62,3
266,potatochips,78,3
266,tortillachips,31,3
266,doritos,90,3
266,ritzcracker,14,3
266,saltinecracker,2,3
266,wheatthins,4,3
266,eggrolls,3,3
266,frenchfries,84,3
266,butteredpopcorn,73,3
266,triscuits,2,3
266,wavylays,85,3
266,chocolateicecreamcone,91,3
266,strawberryicecreamcone,96,3
266,vanillasoftservecone,74,3
266,nutrigrainbar,64,3
266,churro,33,3
266,twistdonut,7,3
266,tuilecookie,2,3
266,madeleine,3,3
266,oatmealraisincookie,79,3
266,thumprintcookie,75,3
266,sugarcookie,99,3
266,vanillawafer,70,3
266,chocolatewafer,97,3
266,chocolatebark,29,3
266,darkchocolate,91,3
266,milkchocolate,96,3
266,pocky,68,3
266,toblerone,86,3
266,lindtlindorchocolatetruffle,68,3
266,twix,97,3
266,caramel,57,3
266,peanutmms,95,3
266,brownie,78,3
266,frostedbrownie,75,3
266,lemoncake,71,3
267,orange,51,3
267,plum,28,3
267,blackberry,69,3
267,peach,49,3
267,cherry,48,3
267,raspberry,70,3
267,apple,59,3
267,grape,50,3
267,goldendeliciousapple,40,3
267,honeydewmelon,20,3
267,kiwi,21,3
267,greenbellpepper,66,3
267,carrot,46,3
267,peanuts,31,3
267,almonds,46,3
267,baguette,48,3
267,slicedloafbread,58,3
267,boulebread,49,3
267,ryebread,48,3
267,deliturkey,29,3
267,chickentenders,78,3
267,meatballs,42,3
267,gouda,30,3
267,swisscheese,30,3
267,potatochips,48,3
267,tortillachips,49,3
267,doritos,50,3
267,ritzcracker,47,3
267,saltinecracker,44,3
267,wheatthins,51,3
267,eggrolls,46,3
267,frenchfries,58,3
267,butteredpopcorn,48,3
267,triscuits,50,3
267,wavylays,49,3
267,chocolateicecreamcone,63,3
267,strawberryicecreamcone,72,3
267,vanillasoftservecone,80,3
267,nutrigrainbar,51,3
267,churro,37,3
267,twistdonut,61,3
267,tuilecookie,31,3
267,madeleine,30,3
267,oatmealraisincookie,29,3
267,thumprintcookie,46,3
267,sugarcookie,48,3
267,vanillawafer,68,3
267,chocolatewafer,68,3
267,chocolatebark,30,3
267,darkchocolate,51,3
267,milkchocolate,69,3
267,pocky,19,3
267,toblerone,71,3
267,lindtlindorchocolatetruffle,46,3
267,twix,61,3
267,caramel,20,3
267,peanutmms,69,3
267,brownie,48,3
267,frostedbrownie,55,3
267,lemoncake,61,3
268,orange,63,3
268,plum,63,3
268,blackberry,74,3
268,peach,88,3
268,cherry,67,3
268,raspberry,59,3
268,apple,42,3
268,grape,98,3
268,goldendeliciousapple,37,3
268,honeydewmelon,63,3
268,kiwi,70,3
268,greenbellpepper,6,3
268,carrot,27,3
268,peanuts,18,3
268,almonds,25,3
268,baguette,50,3
268,slicedloafbread,9,3
268,boulebread,56,3
268,ryebread,56,3
268,deliturkey,63,3
268,chickentenders,72,3
268,meatballs,31,3
268,gouda,19,3
268,swisscheese,24,3
268,potatochips,61,3
268,tortillachips,6,3
268,doritos,62,3
268,ritzcracker,37,3
268,saltinecracker,18,3
268,wheatthins,39,3
268,eggrolls,79,3
268,frenchfries,45,3
268,butteredpopcorn,60,3
268,triscuits,1,3
268,wavylays,43,3
268,chocolateicecreamcone,35,3
268,strawberryicecreamcone,32,3
268,vanillasoftservecone,21,3
268,nutrigrainbar,11,3
268,churro,62,3
268,twistdonut,76,3
268,tuilecookie,10,3
268,madeleine,10,3
268,oatmealraisincookie,39,3
268,thumprintcookie,27,3
268,sugarcookie,22,3
268,vanillawafer,49,3
268,chocolatewafer,92,3
268,chocolatebark,52,3
268,darkchocolate,86,3
268,milkchocolate,50,3
268,pocky,6,3
268,toblerone,52,3
268,lindtlindorchocolatetruffle,96,3
268,twix,7,3
268,caramel,4,3
268,peanutmms,77,3
268,brownie,29,3
268,frostedbrownie,42,3
268,lemoncake,9,3
301,orange,48,3
301,plum,32,3
301,blackberry,64,3
301,peach,43,3
301,cherry,25,3
301,raspberry,63,3
301,apple,30,3
301,grape,89,3
301,goldendeliciousapple,43,3
301,honeydewmelon,64,3
301,kiwi,66,3
301,greenbellpepper,62,3
301,carrot,86,3
301,peanuts,89,3
301,almonds,60,3
301,baguette,69,3
301,slicedloafbread,48,3
301,boulebread,49,3
301,ryebread,34,3
301,deliturkey,25,3
301,chickentenders,70,3
301,meatballs,59,3
301,gouda,86,3
301,swisscheese,33,3
301,potatochips,53,3
301,tortillachips,39,3
301,doritos,74,3
301,ritzcracker,82,3
301,saltinecracker,43,3
301,wheatthins,23,3
301,eggrolls,68,3
301,frenchfries,33,3
301,butteredpopcorn,81,3
301,triscuits,74,3
301,wavylays,67,3
301,chocolateicecreamcone,45,3
301,strawberryicecreamcone,48,3
301,vanillasoftservecone,61,3
301,nutrigrainbar,33,3
301,churro,44,3
301,twistdonut,32,3
301,tuilecookie,41,3
301,madeleine,42,3
301,oatmealraisincookie,59,3
301,thumprintcookie,69,3
301,sugarcookie,47,3
301,vanillawafer,27,3
301,chocolatewafer,74,3
301,chocolatebark,73,3
301,darkchocolate,84,3
301,milkchocolate,58,3
301,pocky,62,3
301,toblerone,52,3
301,lindtlindorchocolatetruffle,60,3
301,twix,82,3
301,caramel,73,3
301,peanutmms,23,3
301,brownie,40,3
301,frostedbrownie,51,3
301,lemoncake,81,3
302,orange,73,3
302,plum,43,3
302,blackberry,38,3
302,peach,67,3
302,cherry,37,3
302,raspberry,64,3
302,apple,56,3
302,grape,74,3
302,goldendeliciousapple,56,3
302,honeydewmelon,60,3
302,kiwi,52,3
302,greenbellpepper,34,3
302,carrot,29,3
302,peanuts,68,3
302,almonds,60,3
302,baguette,29,3
302,slicedloafbread,18,3
302,boulebread,39,3
302,ryebread,35,3
302,deliturkey,76,3
302,chickentenders,95,3
302,meatballs,89,3
302,gouda,66,3
302,swisscheese,63,3
302,potatochips,83,3
302,tortillachips,62,3
302,doritos,92,3
302,ritzcracker,54,3
302,saltinecracker,26,3
302,wheatthins,23,3
302,eggrolls,83,3
302,frenchfries,72,3
302,butteredpopcorn,24,3
302,triscuits,11,3
302,wavylays,77,3
302,chocolateicecreamcone,68,3
302,strawberryicecreamcone,73,3
302,vanillasoftservecone,73,3
302,nutrigrainbar,42,3
302,churro,38,3
302,twistdonut,36,3
302,tuilecookie,28,3
302,madeleine,21,3
302,oatmealraisincookie,39,3
302,thumprintcookie,31,3
302,sugarcookie,65,3
302,vanillawafer,30,3
302,chocolatewafer,64,3
302,chocolatebark,39,3
302,darkchocolate,54,3
302,milkchocolate,39,3
302,pocky,79,3
302,toblerone,68,3
302,lindtlindorchocolatetruffle,70,3
302,twix,89,3
302,caramel,15,3
302,peanutmms,32,3
302,brownie,64,3
302,frostedbrownie,92,3
302,lemoncake,20,3
303,orange,12,3
303,plum,60,3
303,blackberry,49,3
303,peach,56,3
303,cherry,37,3
303,raspberry,52,3
303,apple,3,3
303,grape,37,3
303,goldendeliciousapple,5,3
303,honeydewmelon,35,3
303,kiwi,55,3
303,greenbellpepper,4,3
303,carrot,5,3
303,peanuts,48,3
303,almonds,18,3
303,baguette,74,3
303,slicedloafbread,36,3
303,boulebread,29,3
303,ryebread,35,3
303,deliturkey,73,3
303,chickentenders,96,3
303,meatballs,68,3
303,gouda,31,3
303,swisscheese,77,3
303,potatochips,71,3
303,tortillachips,39,3
303,doritos,77,3
303,ritzcracker,33,3
303,saltinecracker,36,3
303,wheatthins,22,3
303,eggrolls,90,3
303,frenchfries,94,3
303,butteredpopcorn,82,3
303,triscuits,12,3
303,wavylays,70,3
303,chocolateicecreamcone,65,3
303,strawberryicecreamcone,71,3
303,vanillasoftservecone,41,3
303,nutrigrainbar,41,3
303,churro,68,3
303,twistdonut,69,3
303,tuilecookie,58,3
303,madeleine,29,3
303,oatmealraisincookie,78,3
303,thumprintcookie,32,3
303,sugarcookie,45,3
303,vanillawafer,37,3
303,chocolatewafer,42,3
303,chocolatebark,19,3
303,darkchocolate,28,3
303,milkchocolate,37,3
303,pocky,35,3
303,toblerone,33,3
303,lindtlindorchocolatetruffle,44,3
303,twix,40,3
303,caramel,31,3
303,peanutmms,72,3
303,brownie,72,3
303,frostedbrownie,69,3
303,lemoncake,54,3
304,orange,93,3
304,plum,12,3
304,blackberry,96,3
304,peach,18,3
304,cherry,80,3
304,raspberry,88,3
304,apple,50,3
304,grape,85,3
304,goldendeliciousapple,51,3
304,honeydewmelon,18,3
304,kiwi,37,3
304,greenbellpepper,51,3
304,carrot,3,3
304,peanuts,29,3
304,almonds,60,3
304,baguette,51,3
304,slicedloafbread,51,3
304,boulebread,51,3
304,ryebread,49,3
304,deliturkey,52,3
304,chickentenders,16,3
304,meatballs,17,3
304,gouda,19,3
304,swisscheese,17,3
304,potatochips,67,3
304,tortillachips,20,3
304,doritos,24,3
304,ritzcracker,50,3
304,saltinecracker,50,3
304,wheatthins,50,3
304,eggrolls,92,3
304,frenchfries,85,3
304,butteredpopcorn,10,3
304,triscuits,51,3
304,wavylays,77,3
304,chocolateicecreamcone,75,3
304,strawberryicecreamcone,74,3
304,vanillasoftservecone,72,3
304,nutrigrainbar,9,3
304,churro,85,3
304,twistdonut,82,3
304,tuilecookie,81,3
304,madeleine,76,3
304,oatmealraisincookie,21,3
304,thumprintcookie,50,3
304,sugarcookie,50,3
304,vanillawafer,73,3
304,chocolatewafer,77,3
304,chocolatebark,11,3
304,darkchocolate,11,3
304,milkchocolate,12,3
304,pocky,80,3
304,toblerone,10,3
304,lindtlindorchocolatetruffle,6,3
304,twix,9,3
304,caramel,15,3
304,peanutmms,49,3
304,brownie,12,3
304,frostedbrownie,7,3
304,lemoncake,13,3
305,orange,92,3
305,plum,66,3
305,blackberry,98,3
305,peach,77,3
305,cherry,86,3
305,raspberry,100,3
305,apple,33,3
305,grape,76,3
305,goldendeliciousapple,47,3
305,honeydewmelon,58,3
305,kiwi,95,3
305,greenbellpepper,28,3
305,carrot,77,3
305,peanuts,51,3
305,almonds,90,3
305,baguette,11,3
305,slicedloafbread,7,3
305,boulebread,13,3
305,ryebread,21,3
305,deliturkey,40,3
305,chickentenders,73,3
305,meatballs,19,3
305,gouda,83,3
305,swisscheese,78,3
305,potatochips,23,3
305,tortillachips,9,3
305,doritos,18,3
305,ritzcracker,26,3
305,saltinecracker,21,3
305,wheatthins,13,3
305,eggrolls,84,3
305,frenchfries,81,3
305,butteredpopcorn,34,3
305,triscuits,10,3
305,wavylays,79,3
305,chocolateicecreamcone,37,3
305,strawberryicecreamcone,34,3
305,vanillasoftservecone,33,3
305,nutrigrainbar,32,3
305,churro,33,3
305,twistdonut,19,3
305,tuilecookie,25,3
305,madeleine,15,3
305,oatmealraisincookie,39,3
305,thumprintcookie,17,3
305,sugarcookie,12,3
305,vanillawafer,20,3
305,chocolatewafer,11,3
305,chocolatebark,73,3
305,darkchocolate,44,3
305,milkchocolate,25,3
305,pocky,53,3
305,toblerone,35,3
305,lindtlindorchocolatetruffle,57,3
305,twix,33,3
305,caramel,29,3
305,peanutmms,39,3
305,brownie,12,3
305,frostedbrownie,39,3
305,lemoncake,22,3
306,orange,95,3
306,plum,96,3
306,blackberry,100,3
306,peach,93,3
306,cherry,70,3
306,raspberry,77,3
306,apple,21,3
306,grape,61,3
306,goldendeliciousapple,27,3
306,honeydewmelon,1,3
306,kiwi,76,3
306,greenbellpepper,1,3
306,carrot,16,3
306,peanuts,78,3
306,almonds,1,3
306,baguette,74,3
306,slicedloafbread,28,3
306,boulebread,44,3
306,ryebread,43,3
306,deliturkey,94,3
306,chickentenders,100,3
306,meatballs,48,3
306,gouda,100,3
306,swisscheese,100,3
306,potatochips,60,3
306,tortillachips,69,3
306,doritos,69,3
306,ritzcracker,73,3
306,saltinecracker,34,3
306,wheatthins,34,3
306,eggrolls,100,3
306,frenchfries,76,3
306,butteredpopcorn,74,3
306,triscuits,56,3
306,wavylays,67,3
306,chocolateicecreamcone,6,3
306,strawberryicecreamcone,70,3
306,vanillasoftservecone,53,3
306,nutrigrainbar,100,3
306,churro,18,3
306,twistdonut,74,3
306,tuilecookie,18,3
306,madeleine,37,3
306,oatmealraisincookie,60,3
306,thumprintcookie,26,3
306,sugarcookie,46,3
306,vanillawafer,55,3
306,chocolatewafer,8,3
306,chocolatebark,7,3
306,darkchocolate,1,3
306,milkchocolate,1,3
306,pocky,6,3
306,toblerone,1,3
306,lindtlindorchocolatetruffle,1,3
306,twix,7,3
306,caramel,3,3
306,peanutmms,16,3
306,brownie,1,3
306,frostedbrownie,1,3
306,lemoncake,1,3
307,orange,100,3
307,plum,68,3
307,blackberry,73,3
307,peach,64,3
307,cherry,74,3
307,raspberry,72,3
307,apple,1,3
307,grape,100,3
307,goldendeliciousapple,1,3
307,honeydewmelon,89,3
307,kiwi,100,3
307,greenbellpepper,78,3
307,carrot,53,3
307,peanuts,1,3
307,almonds,10,3
307,baguette,1,3
307,slicedloafbread,1,3
307,boulebread,1,3
307,ryebread,1,3
307,deliturkey,61,3
307,chickentenders,100,3
307,meatballs,26,3
307,gouda,83,3
307,swisscheese,100,3
307,potatochips,43,3
307,tortillachips,1,3
307,doritos,1,3
307,ritzcracker,8,3
307,saltinecracker,1,3
307,wheatthins,11,3
307,eggrolls,23,3
307,frenchfries,90,3
307,butteredpopcorn,100,3
307,triscuits,45,3
307,wavylays,62,3
307,chocolateicecreamcone,100,3
307,strawberryicecreamcone,100,3
307,vanillasoftservecone,100,3
307,nutrigrainbar,10,3
307,churro,27,3
307,twistdonut,1,3
307,tuilecookie,1,3
307,madeleine,26,3
307,oatmealraisincookie,99,3
307,thumprintcookie,15,3
307,sugarcookie,52,3
307,vanillawafer,90,3
307,chocolatewafer,86,3
307,chocolatebark,94,3
307,darkchocolate,88,3
307,milkchocolate,88,3
307,pocky,80,3
307,toblerone,83,3
307,lindtlindorchocolatetruffle,94,3
307,twix,66,3
307,caramel,1,3
307,peanutmms,65,3
307,brownie,92,3
307,frostedbrownie,92,3
307,lemoncake,63,3
308,orange,46,3
308,plum,63,3
308,blackberry,46,3
308,peach,60,3
308,cherry,52,3
308,raspberry,47,3
308,apple,63,3
308,grape,47,3
308,goldendeliciousapple,58,3
308,honeydewmelon,45,3
308,kiwi,60,3
308,greenbellpepper,1,3
308,carrot,30,3
308,peanuts,50,3
308,almonds,41,3
308,baguette,57,3
308,slicedloafbread,48,3
308,boulebread,51,3
308,ryebread,50,3
308,deliturkey,51,3
308,chickentenders,49,3
308,meatballs,50,3
308,gouda,52,3
308,swisscheese,60,3
308,potatochips,72,3
308,tortillachips,47,3
308,doritos,46,3
308,ritzcracker,45,3
308,saltinecracker,40,3
308,wheatthins,45,3
308,eggrolls,49,3
308,frenchfries,83,3
308,butteredpopcorn,30,3
308,triscuits,3,3
308,wavylays,65,3
308,chocolateicecreamcone,74,3
308,strawberryicecreamcone,76,3
308,vanillasoftservecone,48,3
308,nutrigrainbar,45,3
308,churro,52,3
308,twistdonut,55,3
308,tuilecookie,51,3
308,madeleine,52,3
308,oatmealraisincookie,50,3
308,thumprintcookie,39,3
308,sugarcookie,51,3
308,vanillawafer,36,3
308,chocolatewafer,43,3
308,chocolatebark,24,3
308,darkchocolate,84,3
308,milkchocolate,74,3
308,pocky,72,3
308,toblerone,71,3
308,lindtlindorchocolatetruffle,92,3
308,twix,78,3
308,caramel,23,3
308,peanutmms,50,3
308,brownie,64,3
308,frostedbrownie,57,3
308,lemoncake,44,3
309,orange,100,3
309,plum,93,3
309,blackberry,100,3
309,peach,100,3
309,cherry,100,3
309,raspberry,100,3
309,apple,41,3
309,grape,100,3
309,goldendeliciousapple,23,3
309,honeydewmelon,100,3
309,kiwi,100,3
309,greenbellpepper,100,3
309,carrot,1,3
309,peanuts,100,3
309,almonds,100,3
309,baguette,1,3
309,slicedloafbread,1,3
309,boulebread,1,3
309,ryebread,1,3
309,deliturkey,100,3
309,chickentenders,100,3
309,meatballs,100,3
309,gouda,100,3
309,swisscheese,100,3
309,potatochips,69,3
309,tortillachips,6,3
309,doritos,37,3
309,ritzcracker,13,3
309,saltinecracker,50,3
309,wheatthins,58,3
309,eggrolls,57,3
309,frenchfries,58,3
309,butteredpopcorn,100,3
309,triscuits,41,3
309,wavylays,85,3
309,chocolateicecreamcone,12,3
309,strawberryicecreamcone,17,3
309,vanillasoftservecone,9,3
309,nutrigrainbar,63,3
309,churro,59,3
309,twistdonut,53,3
309,tuilecookie,54,3
309,madeleine,27,3
309,oatmealraisincookie,51,3
309,thumprintcookie,31,3
309,sugarcookie,38,3
309,vanillawafer,75,3
309,chocolatewafer,60,3
309,chocolatebark,82,3
309,darkchocolate,71,3
309,milkchocolate,97,3
309,pocky,64,3
309,toblerone,65,3
309,lindtlindorchocolatetruffle,86,3
309,twix,67,3
309,caramel,60,3
309,peanutmms,71,3
309,brownie,56,3
309,frostedbrownie,47,3
309,lemoncake,59,3
310,orange,63,3
310,plum,50,3
310,blackberry,58,3
310,peach,43,3
310,cherry,53,3
310,raspberry,55,3
310,apple,54,3
310,grape,74,3
310,goldendeliciousapple,32,3
310,honeydewmelon,47,3
310,kiwi,39,3
310,greenbellpepper,12,3
310,carrot,20,3
310,peanuts,81,3
310,almonds,64,3
310,baguette,65,3
310,slicedloafbread,66,3
310,boulebread,63,3
310,ryebread,67,3
310,deliturkey,42,3
310,chickentenders,64,3
310,meatballs,66,3
310,gouda,39,3
310,swisscheese,59,3
310,potatochips,84,3
310,tortillachips,79,3
310,doritos,78,3
310,ritzcracker,77,3
310,saltinecracker,68,3
310,wheatthins,75,3
310,eggrolls,56,3
310,frenchfries,65,3
310,butteredpopcorn,45,3
310,triscuits,81,3
310,wavylays,72,3
310,chocolateicecreamcone,98,3
310,strawberryicecreamcone,98,3
310,vanillasoftservecone,97,3
310,nutrigrainbar,68,3
310,churro,59,3
310,twistdonut,72,3
310,tuilecookie,54,3
310,madeleine,75,3
310,oatmealraisincookie,66,3
310,thumprintcookie,61,3
310,sugarcookie,64,3
310,vanillawafer,82,3
310,chocolatewafer,88,3
310,chocolatebark,72,3
310,darkchocolate,88,3
310,milkchocolate,97,3
310,pocky,72,3
310,toblerone,85,3
310,lindtlindorchocolatetruffle,94,3
310,twix,95,3
310,caramel,96,3
310,peanutmms,98,3
310,brownie,80,3
310,frostedbrownie,86,3
310,lemoncake,87,3
311,orange,66,3
311,plum,80,3
311,blackberry,76,3
311,peach,83,3
311,cherry,75,3
311,raspberry,59,3
311,apple,85,3
311,grape,80,3
311,goldendeliciousapple,69,3
311,honeydewmelon,72,3
311,kiwi,42,3
311,greenbellpepper,80,3
311,carrot,73,3
311,peanuts,61,3
311,almonds,93,3
311,baguette,38,3
311,slicedloafbread,42,3
311,boulebread,34,3
311,ryebread,33,3
311,deliturkey,91,3
311,chickentenders,2,3
311,meatballs,1,3
311,gouda,10,3
311,swisscheese,73,3
311,potatochips,5,3
311,tortillachips,7,3
311,doritos,8,3
311,ritzcracker,14,3
311,saltinecracker,11,3
311,wheatthins,15,3
311,eggrolls,1,3
311,frenchfries,3,3
311,butteredpopcorn,1,3
311,triscuits,28,3
311,wavylays,5,3
311,chocolateicecreamcone,7,3
311,strawberryicecreamcone,5,3
311,vanillasoftservecone,5,3
311,nutrigrainbar,16,3
311,churro,7,3
311,twistdonut,6,3
311,tuilecookie,38,3
311,madeleine,1,3
311,oatmealraisincookie,15,3
311,thumprintcookie,6,3
311,sugarcookie,4,3
311,vanillawafer,7,3
311,chocolatewafer,4,3
311,chocolatebark,6,3
311,darkchocolate,1,3
311,milkchocolate,4,3
311,pocky,4,3
311,toblerone,3,3
311,lindtlindorchocolatetruffle,1,3
311,twix,3,3
311,caramel,10,3
311,peanutmms,55,3
311,brownie,1,3
311,frostedbrownie,4,3
311,lemoncake,4,3
312,orange,1,3
312,plum,23,3
312,blackberry,13,3
312,peach,16,3
312,cherry,1,3
312,raspberry,2,3
312,apple,2,3
312,grape,49,3
312,goldendeliciousapple,2,3
312,honeydewmelon,1,3
312,kiwi,1,3
312,greenbellpepper,13,3
312,carrot,2,3
312,peanuts,2,3
312,almonds,2,3
312,baguette,2,3
312,slicedloafbread,1,3
312,boulebread,2,3
312,ryebread,1,3
312,deliturkey,2,3
312,chickentenders,20,3
312,meatballs,1,3
312,gouda,20,3
312,swisscheese,2,3
312,potatochips,1,3
312,tortillachips,1,3
312,doritos,1,3
312,ritzcracker,2,3
312,saltinecracker,2,3
312,wheatthins,2,3
312,eggrolls,2,3
312,frenchfries,2,3
312,butteredpopcorn,2,3
312,triscuits,1,3
312,wavylays,1,3
312,chocolateicecreamcone,2,3
312,strawberryicecreamcone,2,3
312,vanillasoftservecone,2,3
312,nutrigrainbar,1,3
312,churro,2,3
312,twistdonut,2,3
312,tuilecookie,2,3
312,madeleine,1,3
312,oatmealraisincookie,1,3
312,thumprintcookie,1,3
312,sugarcookie,1,3
312,vanillawafer,2,3
312,chocolatewafer,1,3
312,chocolatebark,2,3
312,darkchocolate,51,3
312,milkchocolate,21,3
312,pocky,1,3
312,toblerone,1,3
312,lindtlindorchocolatetruffle,50,3
312,twix,2,3
312,caramel,2,3
312,peanutmms,15,3
312,brownie,9,3
312,frostedbrownie,10,3
312,lemoncake,2,3
313,orange,25,3
313,plum,53,3
313,blackberry,50,3
313,peach,37,3
313,cherry,54,3
313,raspberry,44,3
313,apple,47,3
313,grape,51,3
313,goldendeliciousapple,40,3
313,honeydewmelon,15,3
313,kiwi,38,3
313,greenbellpepper,1,3
313,carrot,4,3
313,peanuts,80,3
313,almonds,62,3
313,baguette,36,3
313,slicedloafbread,31,3
313,boulebread,24,3
313,ryebread,39,3
313,deliturkey,68,3
313,chickentenders,95,3
313,meatballs,83,3
313,gouda,31,3
313,swisscheese,39,3
313,potatochips,63,3
313,tortillachips,64,3
313,doritos,93,3
313,ritzcracker,76,3
313,saltinecracker,78,3
313,wheatthins,78,3
313,eggrolls,94,3
313,frenchfries,91,3
313,butteredpopcorn,70,3
313,triscuits,88,3
313,wavylays,76,3
313,chocolateicecreamcone,52,3
313,strawberryicecreamcone,41,3
313,vanillasoftservecone,21,3
313,nutrigrainbar,74,3
313,churro,82,3
313,twistdonut,61,3
313,tuilecookie,54,3
313,madeleine,81,3
313,oatmealraisincookie,76,3
313,thumprintcookie,83,3
313,sugarcookie,76,3
313,vanillawafer,55,3
313,chocolatewafer,76,3
313,chocolatebark,48,3
313,darkchocolate,33,3
313,milkchocolate,61,3
313,pocky,37,3
313,toblerone,68,3
313,lindtlindorchocolatetruffle,63,3
313,twix,90,3
313,caramel,41,3
313,peanutmms,75,3
313,brownie,79,3
313,frostedbrownie,79,3
313,lemoncake,26,3
314,orange,94,3
314,plum,97,3
314,blackberry,72,3
314,peach,96,3
314,cherry,94,3
314,raspberry,78,3
314,apple,42,3
314,grape,92,3
314,goldendeliciousapple,41,3
314,honeydewmelon,37,3
314,kiwi,79,3
314,greenbellpepper,13,3
314,carrot,41,3
314,peanuts,64,3
314,almonds,79,3
314,baguette,74,3
314,slicedloafbread,19,3
314,boulebread,63,3
314,ryebread,58,3
314,deliturkey,56,3
314,chickentenders,61,3
314,meatballs,11,3
314,gouda,74,3
314,swisscheese,67,3
314,potatochips,96,3
314,tortillachips,43,3
314,doritos,54,3
314,ritzcracker,49,3
314,saltinecracker,17,3
314,wheatthins,38,3
314,eggrolls,29,3
314,frenchfries,98,3
314,butteredpopcorn,81,3
314,triscuits,37,3
314,wavylays,97,3
314,chocolateicecreamcone,94,3
314,strawberryicecreamcone,92,3
314,vanillasoftservecone,71,3
314,nutrigrainbar,26,3
314,churro,99,3
314,twistdonut,92,3
314,tuilecookie,35,3
314,madeleine,42,3
314,oatmealraisincookie,66,3
314,thumprintcookie,35,3
314,sugarcookie,21,3
314,vanillawafer,23,3
314,chocolatewafer,30,3
314,chocolatebark,78,3
314,darkchocolate,81,3
314,milkchocolate,93,3
314,pocky,69,3
314,toblerone,99,3
314,lindtlindorchocolatetruffle,94,3
314,twix,95,3
314,caramel,3,3
314,peanutmms,92,3
314,brownie,90,3
314,frostedbrownie,93,3
314,lemoncake,22,3
315,orange,10,3
315,plum,29,3
315,blackberry,9,3
315,peach,19,3
315,cherry,25,3
315,raspberry,64,3
315,apple,29,3
315,grape,1,3
315,goldendeliciousapple,22,3
315,honeydewmelon,2,3
315,kiwi,68,3
315,greenbellpepper,3,3
315,carrot,3,3
315,peanuts,12,3
315,almonds,3,3
315,baguette,3,3
315,slicedloafbread,16,3
315,boulebread,10,3
315,ryebread,17,3
315,deliturkey,7,3
315,chickentenders,5,3
315,meatballs,9,3
315,gouda,3,3
315,swisscheese,4,3
315,potatochips,25,3
315,tortillachips,19,3
315,doritos,21,3
315,ritzcracker,30,3
315,saltinecracker,7,3
315,wheatthins,24,3
315,eggrolls,37,3
315,frenchfries,44,3
315,butteredpopcorn,2,3
315,triscuits,12,3
315,wavylays,50,3
315,chocolateicecreamcone,13,3
315,strawberryicecreamcone,4,3
315,vanillasoftservecone,5,3
315,nutrigrainbar,22,3
315,churro,15,3
315,twistdonut,7,3
315,tuilecookie,31,3
315,madeleine,11,3
315,oatmealraisincookie,4,3
315,thumprintcookie,9,3
315,sugarcookie,52,3
315,vanillawafer,30,3
315,chocolatewafer,45,3
315,chocolatebark,1,3
315,darkchocolate,11,3
315,milkchocolate,5,3
315,pocky,59,3
315,toblerone,7,3
315,lindtlindorchocolatetruffle,9,3
315,twix,11,3
315,caramel,5,3
315,peanutmms,56,3
315,brownie,10,3
315,frostedbrownie,13,3
315,lemoncake,15,3
316,orange,100,3
316,plum,100,3
316,blackberry,100,3
316,peach,100,3
316,cherry,100,3
316,raspberry,100,3
316,apple,100,3
316,grape,100,3
316,goldendeliciousapple,41,3
316,honeydewmelon,100,3
316,kiwi,100,3
316,greenbellpepper,75,3
316,carrot,72,3
316,peanuts,86,3
316,almonds,79,3
316,baguette,76,3
316,slicedloafbread,53,3
316,boulebread,86,3
316,ryebread,77,3
316,deliturkey,20,3
316,chickentenders,100,3
316,meatballs,50,3
316,gouda,59,3
316,swisscheese,39,3
316,potatochips,100,3
316,tortillachips,100,3
316,doritos,100,3
316,ritzcracker,12,3
316,saltinecracker,28,3
316,wheatthins,10,3
316,eggrolls,100,3
316,frenchfries,100,3
316,butteredpopcorn,100,3
316,triscuits,88,3
316,wavylays,100,3
316,chocolateicecreamcone,100,3
316,strawberryicecreamcone,100,3
316,vanillasoftservecone,100,3
316,nutrigrainbar,100,3
316,churro,100,3
316,twistdonut,100,3
316,tuilecookie,11,3
316,madeleine,100,3
316,oatmealraisincookie,84,3
316,thumprintcookie,100,3
316,sugarcookie,100,3
316,vanillawafer,67,3
316,chocolatewafer,100,3
316,chocolatebark,100,3
316,darkchocolate,100,3
316,milkchocolate,100,3
316,pocky,100,3
316,toblerone,100,3
316,lindtlindorchocolatetruffle,100,3
316,twix,100,3
316,caramel,100,3
316,peanutmms,100,3
316,brownie,100,3
316,frostedbrownie,100,3
316,lemoncake,100,3
317,orange,85,3
317,plum,83,3
317,blackberry,96,3
317,peach,44,3
317,cherry,36,3
317,raspberry,93,3
317,apple,79,3
317,grape,91,3
317,goldendeliciousapple,68,3
317,honeydewmelon,71,3
317,kiwi,40,3
317,greenbellpepper,2,3
317,carrot,61,3
317,peanuts,72,3
317,almonds,66,3
317,baguette,72,3
317,slicedloafbread,21,3
317,boulebread,68,3
317,ryebread,71,3
317,deliturkey,68,3
317,chickentenders,61,3
317,meatballs,35,3
317,gouda,79,3
317,swisscheese,78,3
317,potatochips,43,3
317,tortillachips,38,3
317,doritos,39,3
317,ritzcracker,35,3
317,saltinecracker,67,3
317,wheatthins,33,3
317,eggrolls,33,3
317,frenchfries,32,3
317,butteredpopcorn,60,3
317,triscuits,44,3
317,wavylays,28,3
317,chocolateicecreamcone,35,3
317,strawberryicecreamcone,41,3
317,vanillasoftservecone,31,3
317,nutrigrainbar,38,3
317,churro,36,3
317,twistdonut,32,3
317,tuilecookie,32,3
317,madeleine,31,3
317,oatmealraisincookie,81,3
317,thumprintcookie,39,3
317,sugarcookie,36,3
317,vanillawafer,23,3
317,chocolatewafer,37,3
317,chocolatebark,75,3
317,darkchocolate,54,3
317,milkchocolate,29,3
317,pocky,37,3
317,toblerone,22,3
317,lindtlindorchocolatetruffle,90,3
317,twix,67,3
317,caramel,60,3
317,peanutmms,30,3
317,brownie,75,3
317,frostedbrownie,95,3
317,lemoncake,21,3
318,orange,53,3
318,plum,50,3
318,blackberry,50,3
318,peach,53,3
318,cherry,46,3
318,raspberry,47,3
318,apple,46,3
318,grape,52,3
318,goldendeliciousapple,48,3
318,honeydewmelon,54,3
318,kiwi,53,3
318,greenbellpepper,23,3
318,carrot,36,3
318,peanuts,44,3
318,almonds,42,3
318,baguette,45,3
318,slicedloafbread,51,3
318,boulebread,52,3
318,ryebread,25,3
318,deliturkey,55,3
318,chickentenders,51,3
318,meatballs,54,3
318,gouda,50,3
318,swisscheese,41,3
318,potatochips,49,3
318,tortillachips,21,3
318,doritos,50,3
318,ritzcracker,46,3
318,saltinecracker,62,3
318,wheatthins,50,3
318,eggrolls,66,3
318,frenchfries,74,3
318,butteredpopcorn,53,3
318,triscuits,53,3
318,wavylays,54,3
318,chocolateicecreamcone,43,3
318,strawberryicecreamcone,45,3
318,vanillasoftservecone,58,3
318,nutrigrainbar,46,3
318,churro,72,3
318,twistdonut,77,3
318,tuilecookie,46,3
318,madeleine,52,3
318,oatmealraisincookie,50,3
318,thumprintcookie,48,3
318,sugarcookie,50,3
318,vanillawafer,44,3
318,chocolatewafer,47,3
318,chocolatebark,48,3
318,darkchocolate,54,3
318,milkchocolate,47,3
318,pocky,54,3
318,toblerone,47,3
318,lindtlindorchocolatetruffle,49,3
318,twix,50,3
318,caramel,53,3
318,peanutmms,44,3
318,brownie,47,3
318,frostedbrownie,45,3
318,lemoncake,42,3
319,orange,96,3
319,plum,96,3
319,blackberry,58,3
319,peach,98,3
319,cherry,90,3
319,raspberry,90,3
319,apple,31,3
319,grape,59,3
319,goldendeliciousapple,31,3
319,honeydewmelon,82,3
319,kiwi,97,3
319,greenbellpepper,17,3
319,carrot,37,3
319,peanuts,55,3
319,almonds,35,3
319,baguette,9,3
319,slicedloafbread,6,3
319,boulebread,14,3
319,ryebread,9,3
319,deliturkey,90,3
319,chickentenders,97,3
319,meatballs,91,3
319,gouda,1,3
319,swisscheese,62,3
319,potatochips,72,3
319,tortillachips,53,3
319,doritos,55,3
319,ritzcracker,58,3
319,saltinecracker,40,3
319,wheatthins,42,3
319,eggrolls,96,3
319,frenchfries,74,3
319,butteredpopcorn,77,3
319,triscuits,35,3
319,wavylays,57,3
319,chocolateicecreamcone,62,3
319,strawberryicecreamcone,11,3
319,vanillasoftservecone,27,3
319,nutrigrainbar,32,3
319,churro,3,3
319,twistdonut,5,3
319,tuilecookie,5,3
319,madeleine,1,3
319,oatmealraisincookie,14,3
319,thumprintcookie,4,3
319,sugarcookie,5,3
319,vanillawafer,3,3
319,chocolatewafer,4,3
319,chocolatebark,5,3
319,darkchocolate,5,3
319,milkchocolate,4,3
319,pocky,20,3
319,toblerone,5,3
319,lindtlindorchocolatetruffle,6,3
319,twix,3,3
319,caramel,1,3
319,peanutmms,60,3
319,brownie,17,3
319,frostedbrownie,25,3
319,lemoncake,4,3
320,orange,70,3
320,plum,88,3
320,blackberry,72,3
320,peach,79,3
320,cherry,57,3
320,raspberry,65,3
320,apple,96,3
320,grape,81,3
320,goldendeliciousapple,93,3
320,honeydewmelon,35,3
320,kiwi,44,3
320,greenbellpepper,65,3
320,carrot,93,3
320,peanuts,77,3
320,almonds,86,3
320,baguette,27,3
320,slicedloafbread,69,3
320,boulebread,59,3
320,ryebread,57,3
320,deliturkey,2,3
320,chickentenders,1,3
320,meatballs,23,3
320,gouda,58,3
320,swisscheese,60,3
320,potatochips,33,3
320,tortillachips,59,3
320,doritos,60,3
320,ritzcracker,51,3
320,saltinecracker,39,3
320,wheatthins,46,3
320,eggrolls,20,3
320,frenchfries,35,3
320,butteredpopcorn,38,3
320,triscuits,44,3
320,wavylays,26,3
320,chocolateicecreamcone,1,3
320,strawberryicecreamcone,1,3
320,vanillasoftservecone,1,3
320,nutrigrainbar,19,3
320,churro,1,3
320,twistdonut,9,3
320,tuilecookie,1,3
320,madeleine,1,3
320,oatmealraisincookie,46,3
320,thumprintcookie,1,3
320,sugarcookie,1,3
320,vanillawafer,1,3
320,chocolatewafer,1,3
320,chocolatebark,1,3
320,darkchocolate,1,3
320,milkchocolate,1,3
320,pocky,2,3
320,toblerone,1,3
320,lindtlindorchocolatetruffle,1,3
320,twix,1,3
320,caramel,1,3
320,peanutmms,1,3
320,brownie,1,3
320,frostedbrownie,1,3
320,lemoncake,1,3
321,orange,88,3
321,plum,81,3
321,blackberry,42,3
321,peach,89,3
321,cherry,31,3
321,raspberry,88,3
321,apple,96,3
321,grape,83,3
321,goldendeliciousapple,97,3
321,honeydewmelon,92,3
321,kiwi,86,3
321,greenbellpepper,67,3
321,carrot,92,3
321,peanuts,61,3
321,almonds,91,3
321,baguette,72,3
321,slicedloafbread,63,3
321,boulebread,70,3
321,ryebread,63,3
321,deliturkey,26,3
321,chickentenders,22,3
321,meatballs,64,3
321,gouda,70,3
321,swisscheese,64,3
321,potatochips,25,3
321,tortillachips,65,3
321,doritos,14,3
321,ritzcracker,66,3
321,saltinecracker,53,3
321,wheatthins,38,3
321,eggrolls,80,3
321,frenchfries,29,3
321,butteredpopcorn,59,3
321,triscuits,16,3
321,wavylays,44,3
321,chocolateicecreamcone,36,3
321,strawberryicecreamcone,41,3
321,vanillasoftservecone,28,3
321,nutrigrainbar,84,3
321,churro,19,3
321,twistdonut,32,3
321,tuilecookie,75,3
321,madeleine,73,3
321,oatmealraisincookie,57,3
321,thumprintcookie,31,3
321,sugarcookie,38,3
321,vanillawafer,65,3
321,chocolatewafer,32,3
321,chocolatebark,58,3
321,darkchocolate,25,3
321,milkchocolate,28,3
321,pocky,17,3
321,toblerone,23,3
321,lindtlindorchocolatetruffle,68,3
321,twix,22,3
321,caramel,9,3
321,peanutmms,61,3
321,brownie,2,3
321,frostedbrownie,17,3
321,lemoncake,70,3
322,orange,88,3
322,plum,78,3
322,blackberry,78,3
322,peach,54,3
322,cherry,17,3
322,raspberry,68,3
322,apple,71,3
322,grape,60,3
322,goldendeliciousapple,64,3
322,honeydewmelon,51,3
322,kiwi,75,3
322,greenbellpepper,21,3
322,carrot,79,3
322,peanuts,80,3
322,almonds,93,3
322,baguette,73,3
322,slicedloafbread,64,3
322,boulebread,77,3
322,ryebread,63,3
322,deliturkey,68,3
322,chickentenders,85,3
322,meatballs,40,3
322,gouda,71,3
322,swisscheese,79,3
322,potatochips,60,3
322,tortillachips,53,3
322,doritos,79,3
322,ritzcracker,46,3
322,saltinecracker,45,3
322,wheatthins,42,3
322,eggrolls,58,3
322,frenchfries,84,3
322,butteredpopcorn,53,3
322,triscuits,41,3
322,wavylays,85,3
322,chocolateicecreamcone,42,3
322,strawberryicecreamcone,40,3
322,vanillasoftservecone,72,3
322,nutrigrainbar,17,3
322,churro,90,3
322,twistdonut,70,3
322,tuilecookie,75,3
322,madeleine,18,3
322,oatmealraisincookie,32,3
322,thumprintcookie,8,3
322,sugarcookie,26,3
322,vanillawafer,8,3
322,chocolatewafer,32,3
322,chocolatebark,1,3
322,darkchocolate,40,3
322,milkchocolate,56,3
322,pocky,17,3
322,toblerone,72,3
322,lindtlindorchocolatetruffle,68,3
322,twix,29,3
322,caramel,9,3
322,peanutmms,86,3
322,brownie,57,3
322,frostedbrownie,25,3
322,lemoncake,17,3
323,orange,76,3
323,plum,78,3
323,blackberry,26,3
323,peach,76,3
323,cherry,40,3
323,raspberry,9,3
323,apple,52,3
323,grape,67,3
323,goldendeliciousapple,11,3
323,honeydewmelon,77,3
323,kiwi,56,3
323,greenbellpepper,10,3
323,carrot,2,3
323,peanuts,15,3
323,almonds,18,3
323,baguette,62,3
323,slicedloafbread,27,3
323,boulebread,62,3
323,ryebread,55,3
323,deliturkey,48,3
323,chickentenders,46,3
323,meatballs,98,3
323,gouda,66,3
323,swisscheese,44,3
323,potatochips,64,3
323,tortillachips,16,3
323,doritos,24,3
323,ritzcracker,7,3
323,saltinecracker,59,3
323,wheatthins,62,3
323,eggrolls,97,3
323,frenchfries,35,3
323,butteredpopcorn,29,3
323,triscuits,31,3
323,wavylays,54,3
323,chocolateicecreamcone,87,3
323,strawberryicecreamcone,43,3
323,vanillasoftservecone,91,3
323,nutrigrainbar,6,3
323,churro,100,3
323,twistdonut,98,3
323,tuilecookie,81,3
323,madeleine,84,3
323,oatmealraisincookie,5,3
323,thumprintcookie,32,3
323,sugarcookie,50,3
323,vanillawafer,14,3
323,chocolatewafer,35,3
323,chocolatebark,64,3
323,darkchocolate,65,3
323,milkchocolate,84,3
323,pocky,90,3
323,toblerone,99,3
323,lindtlindorchocolatetruffle,10,3
323,twix,81,3
323,caramel,57,3
323,peanutmms,37,3
323,brownie,39,3
323,frostedbrownie,99,3
323,lemoncake,98,3
324,orange,100,3
324,plum,96,3
324,blackberry,100,3
324,peach,80,3
324,cherry,87,3
324,raspberry,84,3
324,apple,79,3
324,grape,98,3
324,goldendeliciousapple,94,3
324,honeydewmelon,98,3
324,kiwi,100,3
324,greenbellpepper,38,3
324,carrot,97,3
324,peanuts,89,3
324,almonds,74,3
324,baguette,81,3
324,slicedloafbread,69,3
324,boulebread,65,3
324,ryebread,80,3
324,deliturkey,100,3
324,chickentenders,89,3
324,meatballs,65,3
324,gouda,47,3
324,swisscheese,51,3
324,potatochips,78,3
324,tortillachips,76,3
324,doritos,73,3
324,ritzcracker,63,3
324,saltinecracker,83,3
324,wheatthins,72,3
324,eggrolls,65,3
324,frenchfries,72,3
324,butteredpopcorn,55,3
324,triscuits,86,3
324,wavylays,73,3
324,chocolateicecreamcone,19,3
324,strawberryicecreamcone,1,3
324,vanillasoftservecone,8,3
324,nutrigrainbar,36,3
324,churro,29,3
324,twistdonut,14,3
324,tuilecookie,13,3
324,madeleine,47,3
324,oatmealraisincookie,54,3
324,thumprintcookie,28,3
324,sugarcookie,14,3
324,vanillawafer,13,3
324,chocolatewafer,23,3
324,chocolatebark,7,3
324,darkchocolate,1,3
324,milkchocolate,7,3
324,pocky,12,3
324,toblerone,13,3
324,lindtlindorchocolatetruffle,15,3
324,twix,10,3
324,caramel,5,3
324,peanutmms,5,3
324,brownie,9,3
324,frostedbrownie,4,3
324,lemoncake,15,3
325,orange,15,3
325,plum,8,3
325,blackberry,52,3
325,peach,2,3
325,cherry,63,3
325,raspberry,47,3
325,apple,42,3
325,grape,48,3
325,goldendeliciousapple,22,3
325,honeydewmelon,5,3
325,kiwi,12,3
325,greenbellpepper,2,3
325,carrot,10,3
325,peanuts,5,3
325,almonds,66,3
325,baguette,35,3
325,slicedloafbread,27,3
325,boulebread,29,3
325,ryebread,44,3
325,deliturkey,41,3
325,chickentenders,83,3
325,meatballs,33,3
325,gouda,31,3
325,swisscheese,14,3
325,potatochips,39,3
325,tortillachips,43,3
325,doritos,39,3
325,ritzcracker,45,3
325,saltinecracker,35,3
325,wheatthins,38,3
325,eggrolls,38,3
325,frenchfries,84,3
325,butteredpopcorn,43,3
325,triscuits,51,3
325,wavylays,54,3
325,chocolateicecreamcone,37,3
325,strawberryicecreamcone,12,3
325,vanillasoftservecone,54,3
325,nutrigrainbar,24,3
325,churro,21,3
325,twistdonut,33,3
325,tuilecookie,41,3
325,madeleine,30,3
325,oatmealraisincookie,58,3
325,thumprintcookie,84,3
325,sugarcookie,72,3
325,vanillawafer,50,3
325,chocolatewafer,85,3
325,chocolatebark,57,3
325,darkchocolate,75,3
325,milkchocolate,72,3
325,pocky,99,3
325,toblerone,74,3
325,lindtlindorchocolatetruffle,63,3
325,twix,88,3
325,caramel,6,3
325,peanutmms,71,3
325,brownie,84,3
325,frostedbrownie,83,3
325,lemoncake,52,3
326,orange,100,3
326,plum,75,3
326,blackberry,51,3
326,peach,100,3
326,cherry,71,3
326,raspberry,50,3
326,apple,100,3
326,grape,73,3
326,goldendeliciousapple,75,3
326,honeydewmelon,50,3
326,kiwi,75,3
326,greenbellpepper,24,3
326,carrot,1,3
326,peanuts,73,3
326,almonds,76,3
326,baguette,72,3
326,slicedloafbread,50,3
326,boulebread,51,3
326,ryebread,51,3
326,deliturkey,51,3
326,chickentenders,50,3
326,meatballs,24,3
326,gouda,73,3
326,swisscheese,73,3
326,potatochips,75,3
326,tortillachips,50,3
326,doritos,50,3
326,ritzcracker,50,3
326,saltinecracker,51,3
326,wheatthins,51,3
326,eggrolls,50,3
326,frenchfries,74,3
326,butteredpopcorn,73,3
326,triscuits,50,3
326,wavylays,73,3
326,chocolateicecreamcone,100,3
326,strawberryicecreamcone,50,3
326,vanillasoftservecone,100,3
326,nutrigrainbar,51,3
326,churro,49,3
326,twistdonut,51,3
326,tuilecookie,50,3
326,madeleine,73,3
326,oatmealraisincookie,50,3
326,thumprintcookie,50,3
326,sugarcookie,50,3
326,vanillawafer,50,3
326,chocolatewafer,51,3
326,chocolatebark,50,3
326,darkchocolate,74,3
326,milkchocolate,74,3
326,pocky,74,3
326,toblerone,50,3
326,lindtlindorchocolatetruffle,50,3
326,twix,51,3
326,caramel,25,3
326,peanutmms,50,3
326,brownie,50,3
326,frostedbrownie,73,3
326,lemoncake,24,3
327,orange,58,3
327,plum,68,3
327,blackberry,76,3
327,peach,87,3
327,cherry,82,3
327,raspberry,72,3
327,apple,49,3
327,grape,31,3
327,goldendeliciousapple,48,3
327,honeydewmelon,4,3
327,kiwi,54,3
327,greenbellpepper,48,3
327,carrot,8,3
327,peanuts,24,3
327,almonds,60,3
327,baguette,47,3
327,slicedloafbread,1,3
327,boulebread,47,3
327,ryebread,49,3
327,deliturkey,1,3
327,chickentenders,36,3
327,meatballs,91,3
327,gouda,26,3
327,swisscheese,37,3
327,potatochips,33,3
327,tortillachips,51,3
327,doritos,16,3
327,ritzcracker,10,3
327,saltinecracker,17,3
327,wheatthins,36,3
327,eggrolls,100,3
327,frenchfries,17,3
327,butteredpopcorn,10,3
327,triscuits,1,3
327,wavylays,18,3
327,chocolateicecreamcone,65,3
327,strawberryicecreamcone,16,3
327,vanillasoftservecone,57,3
327,nutrigrainbar,1,3
327,churro,81,3
327,twistdonut,13,3
327,tuilecookie,27,3
327,madeleine,1,3
327,oatmealraisincookie,71,3
327,thumprintcookie,35,3
327,sugarcookie,39,3
327,vanillawafer,53,3
327,chocolatewafer,45,3
327,chocolatebark,59,3
327,darkchocolate,59,3
327,milkchocolate,88,3
327,pocky,1,3
327,toblerone,63,3
327,lindtlindorchocolatetruffle,85,3
327,twix,65,3
327,caramel,5,3
327,peanutmms,18,3
327,brownie,85,3
327,frostedbrownie,84,3
327,lemoncake,57,3
328,orange,9,3
328,plum,7,3
328,blackberry,63,3
328,peach,26,3
328,cherry,17,3
328,raspberry,75,3
328,apple,46,3
328,grape,44,3
328,goldendeliciousapple,37,3
328,honeydewmelon,18,3
328,kiwi,44,3
328,greenbellpepper,12,3
328,carrot,21,3
328,peanuts,25,3
328,almonds,7,3
328,baguette,29,3
328,slicedloafbread,4,3
328,boulebread,56,3
328,ryebread,51,3
328,deliturkey,5,3
328,chickentenders,5,3
328,meatballs,14,3
328,gouda,67,3
328,swisscheese,53,3
328,potatochips,11,3
328,tortillachips,15,3
328,doritos,22,3
328,ritzcracker,20,3
328,saltinecracker,24,3
328,wheatthins,40,3
328,eggrolls,20,3
328,frenchfries,10,3
328,butteredpopcorn,7,3
328,triscuits,45,3
328,wavylays,26,3
328,chocolateicecreamcone,8,3
328,strawberryicecreamcone,7,3
328,vanillasoftservecone,10,3
328,nutrigrainbar,21,3
328,churro,13,3
328,twistdonut,5,3
328,tuilecookie,17,3
328,madeleine,29,3
328,oatmealraisincookie,5,3
328,thumprintcookie,21,3
328,sugarcookie,10,3
328,vanillawafer,10,3
328,chocolatewafer,16,3
328,chocolatebark,25,3
328,darkchocolate,24,3
328,milkchocolate,20,3
328,pocky,16,3
328,toblerone,13,3
328,lindtlindorchocolatetruffle,12,3
328,twix,13,3
328,caramel,14,3
328,peanutmms,17,3
328,brownie,13,3
328,frostedbrownie,8,3
328,lemoncake,11,3
329,orange,60,3
329,plum,76,3
329,blackberry,86,3
329,peach,87,3
329,cherry,80,3
329,raspberry,57,3
329,apple,25,3
329,grape,80,3
329,goldendeliciousapple,35,3
329,honeydewmelon,40,3
329,kiwi,19,3
329,greenbellpepper,1,3
329,carrot,1,3
329,peanuts,34,3
329,almonds,1,3
329,baguette,37,3
329,slicedloafbread,16,3
329,boulebread,57,3
329,ryebread,65,3
329,deliturkey,35,3
329,chickentenders,33,3
329,meatballs,20,3
329,gouda,50,3
329,swisscheese,79,3
329,potatochips,24,3
329,tortillachips,21,3
329,doritos,19,3
329,ritzcracker,37,3
329,saltinecracker,21,3
329,wheatthins,33,3
329,eggrolls,55,3
329,frenchfries,33,3
329,butteredpopcorn,25,3
329,triscuits,17,3
329,wavylays,21,3
329,chocolateicecreamcone,38,3
329,strawberryicecreamcone,34,3
329,vanillasoftservecone,43,3
329,nutrigrainbar,13,3
329,churro,54,3
329,twistdonut,39,3
329,tuilecookie,60,3
329,madeleine,43,3
329,oatmealraisincookie,76,3
329,thumprintcookie,18,3
329,sugarcookie,60,3
329,vanillawafer,36,3
329,chocolatewafer,24,3
329,chocolatebark,59,3
329,darkchocolate,81,3
329,milkchocolate,89,3
329,pocky,48,3
329,toblerone,100,3
329,lindtlindorchocolatetruffle,78,3
329,twix,62,3
329,caramel,1,3
329,peanutmms,80,3
329,brownie,36,3
329,frostedbrownie,58,3
329,lemoncake,62,3
330,orange,78,3
330,plum,74,3
330,blackberry,74,3
330,peach,80,3
330,cherry,68,3
330,raspberry,84,3
330,apple,71,3
330,grape,74,3
330,goldendeliciousapple,59,3
330,honeydewmelon,68,3
330,kiwi,76,3
330,greenbellpepper,4,3
330,carrot,12,3
330,peanuts,88,3
330,almonds,79,3
330,baguette,76,3
330,slicedloafbread,76,3
330,boulebread,71,3
330,ryebread,61,3
330,deliturkey,49,3
330,chickentenders,57,3
330,meatballs,56,3
330,gouda,70,3
330,swisscheese,68,3
330,potatochips,83,3
330,tortillachips,76,3
330,doritos,67,3
330,ritzcracker,26,3
330,saltinecracker,26,3
330,wheatthins,30,3
330,eggrolls,84,3
330,frenchfries,84,3
330,butteredpopcorn,87,3
330,triscuits,16,3
330,wavylays,79,3
330,chocolateicecreamcone,62,3
330,strawberryicecreamcone,66,3
330,vanillasoftservecone,62,3
330,nutrigrainbar,60,3
330,churro,81,3
330,twistdonut,73,3
330,tuilecookie,68,3
330,madeleine,26,3
330,oatmealraisincookie,16,3
330,thumprintcookie,5,3
330,sugarcookie,3,3
330,vanillawafer,30,3
330,chocolatewafer,34,3
330,chocolatebark,55,3
330,darkchocolate,72,3
330,milkchocolate,71,3
330,pocky,27,3
330,toblerone,55,3
330,lindtlindorchocolatetruffle,81,3
330,twix,41,3
330,caramel,42,3
330,peanutmms,90,3
330,brownie,77,3
330,frostedbrownie,75,3
330,lemoncake,30,3
331,orange,85,3
331,plum,58,3
331,blackberry,49,3
331,peach,96,3
331,cherry,63,3
331,raspberry,66,3
331,apple,85,3
331,grape,80,3
331,goldendeliciousapple,87,3
331,honeydewmelon,68,3
331,kiwi,4,3
331,greenbellpepper,19,3
331,carrot,10,3
331,peanuts,79,3
331,almonds,65,3
331,baguette,57,3
331,slicedloafbread,63,3
331,boulebread,55,3
331,ryebread,50,3
331,deliturkey,69,3
331,chickentenders,87,3
331,meatballs,81,3
331,gouda,78,3
331,swisscheese,76,3
331,potatochips,75,3
331,tortillachips,26,3
331,doritos,76,3
331,ritzcracker,68,3
331,saltinecracker,63,3
331,wheatthins,61,3
331,eggrolls,91,3
331,frenchfries,100,3
331,butteredpopcorn,46,3
331,triscuits,47,3
331,wavylays,69,3
331,chocolateicecreamcone,88,3
331,strawberryicecreamcone,89,3
331,vanillasoftservecone,86,3
331,nutrigrainbar,92,3
331,churro,92,3
331,twistdonut,86,3
331,tuilecookie,84,3
331,madeleine,98,3
331,oatmealraisincookie,88,3
331,thumprintcookie,92,3
331,sugarcookie,87,3
331,vanillawafer,72,3
331,chocolatewafer,72,3
331,chocolatebark,84,3
331,darkchocolate,83,3
331,milkchocolate,93,3
331,pocky,98,3
331,toblerone,82,3
331,lindtlindorchocolatetruffle,83,3
331,twix,97,3
331,caramel,86,3
331,peanutmms,98,3
331,brownie,71,3
331,frostedbrownie,88,3
331,lemoncake,77,3
332,orange,81,3
332,plum,18,3
332,blackberry,53,3
332,peach,72,3
332,cherry,23,3
332,raspberry,79,3
332,apple,73,3
332,grape,86,3
332,goldendeliciousapple,49,3
332,honeydewmelon,31,3
332,kiwi,1,3
332,greenbellpepper,2,3
332,carrot,40,3
332,peanuts,65,3
332,almonds,25,3
332,baguette,49,3
332,slicedloafbread,2,3
332,boulebread,28,3
332,ryebread,12,3
332,deliturkey,44,3
332,chickentenders,76,3
332,meatballs,41,3
332,gouda,64,3
332,swisscheese,76,3
332,potatochips,53,3
332,tortillachips,42,3
332,doritos,44,3
332,ritzcracker,89,3
332,saltinecracker,49,3
332,wheatthins,53,3
332,eggrolls,46,3
332,frenchfries,45,3
332,butteredpopcorn,71,3
332,triscuits,3,3
332,wavylays,49,3
332,chocolateicecreamcone,99,3
332,strawberryicecreamcone,93,3
332,vanillasoftservecone,89,3
332,nutrigrainbar,4,3
332,churro,23,3
332,twistdonut,46,3
332,tuilecookie,26,3
332,madeleine,43,3
332,oatmealraisincookie,76,3
332,thumprintcookie,44,3
332,sugarcookie,53,3
332,vanillawafer,47,3
332,chocolatewafer,69,3
332,chocolatebark,98,3
332,darkchocolate,99,3
332,milkchocolate,99,3
332,pocky,64,3
332,toblerone,95,3
332,lindtlindorchocolatetruffle,98,3
332,twix,67,3
332,caramel,39,3
332,peanutmms,53,3
332,brownie,39,3
332,frostedbrownie,95,3
332,lemoncake,27,3
333,orange,27,3
333,plum,66,3
333,blackberry,70,3
333,peach,85,3
333,cherry,69,3
333,raspberry,1,3
333,apple,24,3
333,grape,6,3
333,goldendeliciousapple,10,3
333,honeydewmelon,1,3
333,kiwi,14,3
333,greenbellpepper,1,3
333,carrot,1,3
333,peanuts,10,3
333,almonds,15,3
333,baguette,66,3
333,slicedloafbread,62,3
333,boulebread,73,3
333,ryebread,55,3
333,deliturkey,22,3
333,chickentenders,77,3
333,meatballs,52,3
333,gouda,1,3
333,swisscheese,1,3
333,potatochips,71,3
333,tortillachips,67,3
333,doritos,71,3
333,ritzcracker,44,3
333,saltinecracker,51,3
333,wheatthins,50,3
333,eggrolls,21,3
333,frenchfries,78,3
333,butteredpopcorn,72,3
333,triscuits,29,3
333,wavylays,74,3
333,chocolateicecreamcone,88,3
333,strawberryicecreamcone,79,3
333,vanillasoftservecone,92,3
333,nutrigrainbar,23,3
333,churro,81,3
333,twistdonut,49,3
333,tuilecookie,50,3
333,madeleine,51,3
333,oatmealraisincookie,22,3
333,thumprintcookie,27,3
333,sugarcookie,62,3
333,vanillawafer,92,3
333,chocolatewafer,90,3
333,chocolatebark,90,3
333,darkchocolate,74,3
333,milkchocolate,85,3
333,pocky,1,3
333,toblerone,93,3
333,lindtlindorchocolatetruffle,83,3
333,twix,89,3
333,caramel,71,3
333,peanutmms,77,3
333,brownie,92,3
333,frostedbrownie,94,3
333,lemoncake,95,3
334,orange,38,3
334,plum,43,3
334,blackberry,16,3
334,peach,45,3
334,cherry,38,3
334,raspberry,15,3
334,apple,43,3
334,grape,44,3
334,goldendeliciousapple,34,3
334,honeydewmelon,14,3
334,kiwi,51,3
334,greenbellpepper,19,3
334,carrot,34,3
334,peanuts,41,3
334,almonds,44,3
334,baguette,51,3
334,slicedloafbread,51,3
334,boulebread,59,3
334,ryebread,51,3
334,deliturkey,52,3
334,chickentenders,84,3
334,meatballs,59,3
334,gouda,47,3
334,swisscheese,51,3
334,potatochips,52,3
334,tortillachips,48,3
334,doritos,53,3
334,ritzcracker,47,3
334,saltinecracker,51,3
334,wheatthins,48,3
334,eggrolls,52,3
334,frenchfries,51,3
334,butteredpopcorn,52,3
334,triscuits,35,3
334,wavylays,46,3
334,chocolateicecreamcone,75,3
334,strawberryicecreamcone,65,3
334,vanillasoftservecone,64,3
334,nutrigrainbar,43,3
334,churro,48,3
334,twistdonut,50,3
334,tuilecookie,47,3
334,madeleine,50,3
334,oatmealraisincookie,27,3
334,thumprintcookie,50,3
334,sugarcookie,57,3
334,vanillawafer,66,3
334,chocolatewafer,57,3
334,chocolatebark,48,3
334,darkchocolate,45,3
334,milkchocolate,50,3
334,pocky,60,3
334,toblerone,50,3
334,lindtlindorchocolatetruffle,49,3
334,twix,54,3
334,caramel,34,3
334,peanutmms,47,3
334,brownie,65,3
334,frostedbrownie,75,3
334,lemoncake,70,3
335,orange,15,3
335,plum,24,3
335,blackberry,32,3
335,peach,25,3
335,cherry,22,3
335,raspberry,44,3
335,apple,35,3
335,grape,27,3
335,goldendeliciousapple,33,3
335,honeydewmelon,49,3
335,kiwi,52,3
335,greenbellpepper,1,3
335,carrot,11,3
335,peanuts,95,3
335,almonds,99,3
335,baguette,82,3
335,slicedloafbread,59,3
335,boulebread,77,3
335,ryebread,54,3
335,deliturkey,51,3
335,chickentenders,54,3
335,meatballs,55,3
335,gouda,97,3
335,swisscheese,94,3
335,potatochips,54,3
335,tortillachips,58,3
335,doritos,58,3
335,ritzcracker,54,3
335,saltinecracker,51,3
335,wheatthins,58,3
335,eggrolls,51,3
335,frenchfries,62,3
335,butteredpopcorn,45,3
335,triscuits,56,3
335,wavylays,54,3
335,chocolateicecreamcone,21,3
335,strawberryicecreamcone,14,3
335,vanillasoftservecone,18,3
335,nutrigrainbar,46,3
335,churro,43,3
335,twistdonut,79,3
335,tuilecookie,8,3
335,madeleine,8,3
335,oatmealraisincookie,55,3
335,thumprintcookie,18,3
335,sugarcookie,15,3
335,vanillawafer,6,3
335,chocolatewafer,11,3
335,chocolatebark,18,3
335,darkchocolate,22,3
335,milkchocolate,17,3
335,pocky,25,3
335,toblerone,22,3
335,lindtlindorchocolatetruffle,15,3
335,twix,23,3
335,caramel,7,3
335,peanutmms,53,3
335,brownie,13,3
335,frostedbrownie,18,3
335,lemoncake,6,3
336,orange,64,3
336,plum,18,3
336,blackberry,5,3
336,peach,44,3
336,cherry,11,3
336,raspberry,7,3
336,apple,26,3
336,grape,29,3
336,goldendeliciousapple,25,3
336,honeydewmelon,3,3
336,kiwi,2,3
336,greenbellpepper,2,3
336,carrot,3,3
336,peanuts,7,3
336,almonds,4,3
336,baguette,16,3
336,slicedloafbread,41,3
336,boulebread,12,3
336,ryebread,7,3
336,deliturkey,33,3
336,chickentenders,72,3
336,meatballs,97,3
336,gouda,8,3
336,swisscheese,14,3
336,potatochips,76,3
336,tortillachips,21,3
336,doritos,20,3
336,ritzcracker,21,3
336,saltinecracker,25,3
336,wheatthins,4,3
336,eggrolls,65,3
336,frenchfries,69,3
336,butteredpopcorn,5,3
336,triscuits,3,3
336,wavylays,52,3
336,chocolateicecreamcone,79,3
336,strawberryicecreamcone,74,3
336,vanillasoftservecone,97,3
336,nutrigrainbar,3,3
336,churro,78,3
336,twistdonut,99,3
336,tuilecookie,8,3
336,madeleine,55,3
336,oatmealraisincookie,79,3
336,thumprintcookie,56,3
336,sugarcookie,82,3
336,vanillawafer,4,3
336,chocolatewafer,5,3
336,chocolatebark,11,3
336,darkchocolate,92,3
336,milkchocolate,96,3
336,pocky,2,3
336,toblerone,11,3
336,lindtlindorchocolatetruffle,61,3
336,twix,4,3
336,caramel,3,3
336,peanutmms,28,3
336,brownie,71,3
336,frostedbrownie,74,3
336,lemoncake,70,3
337,orange,84,3
337,plum,1,3
337,blackberry,68,3
337,peach,1,3
337,cherry,83,3
337,raspberry,86,3
337,apple,62,3
337,grape,87,3
337,goldendeliciousapple,25,3
337,honeydewmelon,1,3
337,kiwi,88,3
337,greenbellpepper,1,3
337,carrot,1,3
337,peanuts,73,3
337,almonds,61,3
337,baguette,80,3
337,slicedloafbread,52,3
337,boulebread,61,3
337,ryebread,76,3
337,deliturkey,74,3
337,chickentenders,82,3
337,meatballs,77,3
337,gouda,82,3
337,swisscheese,76,3
337,potatochips,76,3
337,tortillachips,74,3
337,doritos,65,3
337,ritzcracker,91,3
337,saltinecracker,72,3
337,wheatthins,89,3
337,eggrolls,70,3
337,frenchfries,81,3
337,butteredpopcorn,70,3
337,triscuits,84,3
337,wavylays,74,3
337,chocolateicecreamcone,10,3
337,strawberryicecreamcone,10,3
337,vanillasoftservecone,6,3
337,nutrigrainbar,56,3
337,churro,60,3
337,twistdonut,79,3
337,tuilecookie,64,3
337,madeleine,53,3
337,oatmealraisincookie,31,3
337,thumprintcookie,69,3
337,sugarcookie,79,3
337,vanillawafer,83,3
337,chocolatewafer,70,3
337,chocolatebark,22,3
337,darkchocolate,20,3
337,milkchocolate,8,3
337,pocky,56,3
337,toblerone,86,3
337,lindtlindorchocolatetruffle,19,3
337,twix,63,3
337,caramel,30,3
337,peanutmms,22,3
337,brownie,6,3
337,frostedbrownie,100,3
337,lemoncake,100,3
338,orange,68,3
338,plum,71,3
338,blackberry,79,3
338,peach,74,3
338,cherry,99,3
338,raspberry,68,3
338,apple,73,3
338,grape,91,3
338,goldendeliciousapple,85,3
338,honeydewmelon,70,3
338,kiwi,67,3
338,greenbellpepper,51,3
338,carrot,50,3
338,peanuts,72,3
338,almonds,78,3
338,baguette,84,3
338,slicedloafbread,54,3
338,boulebread,83,3
338,ryebread,74,3
338,deliturkey,50,3
338,chickentenders,78,3
338,meatballs,67,3
338,gouda,53,3
338,swisscheese,48,3
338,potatochips,99,3
338,tortillachips,51,3
338,doritos,50,3
338,ritzcracker,51,3
338,saltinecracker,53,3
338,wheatthins,67,3
338,eggrolls,74,3
338,frenchfries,100,3
338,butteredpopcorn,99,3
338,triscuits,49,3
338,wavylays,100,3
338,chocolateicecreamcone,99,3
338,strawberryicecreamcone,85,3
338,vanillasoftservecone,80,3
338,nutrigrainbar,73,3
338,churro,99,3
338,twistdonut,99,3
338,tuilecookie,81,3
338,madeleine,67,3
338,oatmealraisincookie,71,3
338,thumprintcookie,52,3
338,sugarcookie,52,3
338,vanillawafer,78,3
338,chocolatewafer,99,3
338,chocolatebark,100,3
338,darkchocolate,98,3
338,milkchocolate,99,3
338,pocky,98,3
338,toblerone,98,3
338,lindtlindorchocolatetruffle,98,3
338,twix,98,3
338,caramel,82,3
338,peanutmms,99,3
338,brownie,96,3
338,frostedbrownie,91,3
338,lemoncake,67,3
339,orange,67,3
339,plum,58,3
339,blackberry,56,3
339,peach,65,3
339,cherry,56,3
339,raspberry,59,3
339,apple,66,3
339,grape,61,3
339,goldendeliciousapple,57,3
339,honeydewmelon,19,3
339,kiwi,2,3
339,greenbellpepper,3,3
339,carrot,2,3
339,peanuts,62,3
339,almonds,62,3
339,baguette,34,3
339,slicedloafbread,15,3
339,boulebread,9,3
339,ryebread,10,3
339,deliturkey,40,3
339,chickentenders,50,3
339,meatballs,40,3
339,gouda,28,3
339,swisscheese,32,3
339,potatochips,53,3
339,tortillachips,46,3
339,doritos,53,3
339,ritzcracker,39,3
339,saltinecracker,49,3
339,wheatthins,40,3
339,eggrolls,14,3
339,frenchfries,63,3
339,butteredpopcorn,54,3
339,triscuits,27,3
339,wavylays,47,3
339,chocolateicecreamcone,74,3
339,strawberryicecreamcone,80,3
339,vanillasoftservecone,67,3
339,nutrigrainbar,61,3
339,churro,42,3
339,twistdonut,37,3
339,tuilecookie,18,3
339,madeleine,51,3
339,oatmealraisincookie,58,3
339,thumprintcookie,52,3
339,sugarcookie,55,3
339,vanillawafer,51,3
339,chocolatewafer,86,3
339,chocolatebark,85,3
339,darkchocolate,80,3
339,milkchocolate,88,3
339,pocky,1,3
339,toblerone,86,3
339,lindtlindorchocolatetruffle,76,3
339,twix,86,3
339,caramel,51,3
339,peanutmms,79,3
339,brownie,93,3
339,frostedbrownie,91,3
339,lemoncake,73,3
340,orange,98,3
340,plum,99,3
340,blackberry,69,3
340,peach,99,3
340,cherry,3,3
340,raspberry,97,3
340,apple,94,3
340,grape,2,3
340,goldendeliciousapple,95,3
340,honeydewmelon,3,3
340,kiwi,2,3
340,greenbellpepper,90,3
340,carrot,78,3
340,peanuts,1,3
340,almonds,2,3
340,baguette,75,3
340,slicedloafbread,98,3
340,boulebread,63,3
340,ryebread,65,3
340,deliturkey,62,3
340,chickentenders,6,3
340,meatballs,18,3
340,gouda,48,3
340,swisscheese,69,3
340,potatochips,55,3
340,tortillachips,2,3
340,doritos,2,3
340,ritzcracker,81,3
340,saltinecracker,70,3
340,wheatthins,2,3
340,eggrolls,32,3
340,frenchfries,16,3
340,butteredpopcorn,38,3
340,triscuits,3,3
340,wavylays,33,3
340,chocolateicecreamcone,98,3
340,strawberryicecreamcone,91,3
340,vanillasoftservecone,86,3
340,nutrigrainbar,2,3
340,churro,38,3
340,twistdonut,91,3
340,tuilecookie,45,3
340,madeleine,48,3
340,oatmealraisincookie,1,3
340,thumprintcookie,66,3
340,sugarcookie,61,3
340,vanillawafer,12,3
340,chocolatewafer,12,3
340,chocolatebark,2,3
340,darkchocolate,36,3
340,milkchocolate,59,3
340,pocky,48,3
340,toblerone,41,3
340,lindtlindorchocolatetruffle,3,3
340,twix,1,3
340,caramel,18,3
340,peanutmms,1,3
340,brownie,38,3
340,frostedbrownie,30,3
340,lemoncake,80,3
341,orange,86,3
341,plum,74,3
341,blackberry,60,3
341,peach,63,3
341,cherry,71,3
341,raspberry,74,3
341,apple,89,3
341,grape,79,3
341,goldendeliciousapple,82,3
341,honeydewmelon,60,3
341,kiwi,81,3
341,greenbellpepper,9,3
341,carrot,16,3
341,peanuts,73,3
341,almonds,95,3
341,baguette,51,3
341,slicedloafbread,41,3
341,boulebread,52,3
341,ryebread,40,3
341,deliturkey,67,3
341,chickentenders,70,3
341,meatballs,62,3
341,gouda,33,3
341,swisscheese,37,3
341,potatochips,95,3
341,tortillachips,80,3
341,doritos,96,3
341,ritzcracker,66,3
341,saltinecracker,55,3
341,wheatthins,59,3
341,eggrolls,64,3
341,frenchfries,98,3
341,butteredpopcorn,74,3
341,triscuits,27,3
341,wavylays,97,3
341,chocolateicecreamcone,98,3
341,strawberryicecreamcone,97,3
341,vanillasoftservecone,97,3
341,nutrigrainbar,53,3
341,churro,73,3
341,twistdonut,81,3
341,tuilecookie,88,3
341,madeleine,90,3
341,oatmealraisincookie,85,3
341,thumprintcookie,66,3
341,sugarcookie,84,3
341,vanillawafer,79,3
341,chocolatewafer,95,3
341,chocolatebark,98,3
341,darkchocolate,83,3
341,milkchocolate,99,3
341,pocky,95,3
341,toblerone,71,3
341,lindtlindorchocolatetruffle,78,3
341,twix,98,3
341,caramel,92,3
341,peanutmms,86,3
341,brownie,90,3
341,frostedbrownie,74,3
341,lemoncake,82,3
342,orange,97,3
342,plum,96,3
342,blackberry,98,3
342,peach,96,3
342,cherry,90,3
342,raspberry,96,3
342,apple,99,3
342,grape,98,3
342,goldendeliciousapple,97,3
342,honeydewmelon,93,3
342,kiwi,84,3
342,greenbellpepper,8,3
342,carrot,70,3
342,peanuts,75,3
342,almonds,60,3
342,baguette,49,3
342,slicedloafbread,44,3
342,boulebread,57,3
342,ryebread,51,3
342,deliturkey,59,3
342,chickentenders,98,3
342,meatballs,64,3
342,gouda,84,3
342,swisscheese,93,3
342,potatochips,52,3
342,tortillachips,15,3
342,doritos,23,3
342,ritzcracker,44,3
342,saltinecracker,36,3
342,wheatthins,32,3
342,eggrolls,73,3
342,frenchfries,16,3
342,butteredpopcorn,69,3
342,triscuits,34,3
342,wavylays,63,3
342,chocolateicecreamcone,44,3
342,strawberryicecreamcone,46,3
342,vanillasoftservecone,39,3
342,nutrigrainbar,48,3
342,churro,78,3
342,twistdonut,88,3
342,tuilecookie,21,3
342,madeleine,35,3
342,oatmealraisincookie,63,3
342,thumprintcookie,89,3
342,sugarcookie,40,3
342,vanillawafer,9,3
342,chocolatewafer,18,3
342,chocolatebark,1,3
342,darkchocolate,3,3
342,milkchocolate,6,3
342,pocky,1,3
342,toblerone,4,3
342,lindtlindorchocolatetruffle,2,3
342,twix,5,3
342,caramel,27,3
342,peanutmms,10,3
342,brownie,93,3
342,frostedbrownie,87,3
342,lemoncake,4,3
343,orange,49,3
343,plum,53,3
343,blackberry,95,3
343,peach,32,3
343,cherry,57,3
343,raspberry,52,3
343,apple,38,3
343,grape,42,3
343,goldendeliciousapple,29,3
343,honeydewmelon,44,3
343,kiwi,55,3
343,greenbellpepper,61,3
343,carrot,48,3
343,peanuts,43,3
343,almonds,33,3
343,baguette,54,3
343,slicedloafbread,69,3
343,boulebread,37,3
343,ryebread,68,3
343,deliturkey,52,3
343,chickentenders,52,3
343,meatballs,35,3
343,gouda,79,3
343,swisscheese,25,3
343,potatochips,31,3
343,tortillachips,76,3
343,doritos,60,3
343,ritzcracker,57,3
343,saltinecracker,49,3
343,wheatthins,51,3
343,eggrolls,57,3
343,frenchfries,49,3
343,butteredpopcorn,57,3
343,triscuits,34,3
343,wavylays,81,3
343,chocolateicecreamcone,41,3
343,strawberryicecreamcone,29,3
343,vanillasoftservecone,52,3
343,nutrigrainbar,36,3
343,churro,31,3
343,twistdonut,53,3
343,tuilecookie,59,3
343,madeleine,45,3
343,oatmealraisincookie,69,3
343,thumprintcookie,50,3
343,sugarcookie,55,3
343,vanillawafer,36,3
343,chocolatewafer,56,3
343,chocolatebark,43,3
343,darkchocolate,35,3
343,milkchocolate,89,3
343,pocky,77,3
343,toblerone,48,3
343,lindtlindorchocolatetruffle,57,3
343,twix,80,3
343,caramel,31,3
343,peanutmms,45,3
343,brownie,69,3
343,frostedbrownie,60,3
343,lemoncake,62,3
344,orange,63,3
344,plum,41,3
344,blackberry,30,3
344,peach,42,3
344,cherry,49,3
344,raspberry,40,3
344,apple,60,3
344,grape,50,3
344,goldendeliciousapple,49,3
344,honeydewmelon,51,3
344,kiwi,30,3
344,greenbellpepper,27,3
344,carrot,59,3
344,peanuts,58,3
344,almonds,99,3
344,baguette,53,3
344,slicedloafbread,40,3
344,boulebread,37,3
344,ryebread,47,3
344,deliturkey,45,3
344,chickentenders,25,3
344,meatballs,35,3
344,gouda,22,3
344,swisscheese,18,3
344,potatochips,19,3
344,tortillachips,10,3
344,doritos,40,3
344,ritzcracker,35,3
344,saltinecracker,35,3
344,wheatthins,44,3
344,eggrolls,18,3
344,frenchfries,13,3
344,butteredpopcorn,25,3
344,triscuits,73,3
344,wavylays,27,3
344,chocolateicecreamcone,30,3
344,strawberryicecreamcone,33,3
344,vanillasoftservecone,25,3
344,nutrigrainbar,28,3
344,churro,21,3
344,twistdonut,26,3
344,tuilecookie,58,3
344,madeleine,43,3
344,oatmealraisincookie,39,3
344,thumprintcookie,43,3
344,sugarcookie,30,3
344,vanillawafer,33,3
344,chocolatewafer,34,3
344,chocolatebark,20,3
344,darkchocolate,18,3
344,milkchocolate,25,3
344,pocky,65,3
344,toblerone,29,3
344,lindtlindorchocolatetruffle,41,3
344,twix,24,3
344,caramel,48,3
344,peanutmms,15,3
344,brownie,27,3
344,frostedbrownie,30,3
344,lemoncake,22,3
345,orange,70,3
345,plum,81,3
345,blackberry,85,3
345,peach,25,3
345,cherry,62,3
345,raspberry,88,3
345,apple,65,3
345,grape,97,3
345,goldendeliciousapple,82,3
345,honeydewmelon,78,3
345,kiwi,58,3
345,greenbellpepper,64,3
345,carrot,77,3
345,peanuts,59,3
345,almonds,55,3
345,baguette,34,3
345,slicedloafbread,33,3
345,boulebread,69,3
345,ryebread,34,3
345,deliturkey,86,3
345,chickentenders,88,3
345,meatballs,75,3
345,gouda,75,3
345,swisscheese,76,3
345,potatochips,75,3
345,tortillachips,69,3
345,doritos,61,3
345,ritzcracker,36,3
345,saltinecracker,32,3
345,wheatthins,65,3
345,eggrolls,75,3
345,frenchfries,66,3
345,butteredpopcorn,60,3
345,triscuits,32,3
345,wavylays,69,3
345,chocolateicecreamcone,69,3
345,strawberryicecreamcone,69,3
345,vanillasoftservecone,57,3
345,nutrigrainbar,52,3
345,churro,57,3
345,twistdonut,47,3
345,tuilecookie,26,3
345,madeleine,33,3
345,oatmealraisincookie,63,3
345,thumprintcookie,31,3
345,sugarcookie,55,3
345,vanillawafer,37,3
345,chocolatewafer,45,3
345,chocolatebark,74,3
345,darkchocolate,69,3
345,milkchocolate,56,3
345,pocky,50,3
345,toblerone,56,3
345,lindtlindorchocolatetruffle,82,3
345,twix,61,3
345,caramel,40,3
345,peanutmms,53,3
345,brownie,62,3
345,frostedbrownie,65,3
345,lemoncake,44,3
346,orange,100,3
346,plum,100,3
346,blackberry,100,3
346,peach,100,3
346,cherry,100,3
346,raspberry,100,3
346,apple,100,3
346,grape,100,3
346,goldendeliciousapple,100,3
346,honeydewmelon,100,3
346,kiwi,100,3
346,greenbellpepper,100,3
346,carrot,100,3
346,peanuts,100,3
346,almonds,100,3
346,baguette,18,3
346,slicedloafbread,16,3
346,boulebread,38,3
346,ryebread,74,3
346,deliturkey,89,3
346,chickentenders,72,3
346,meatballs,82,3
346,gouda,68,3
346,swisscheese,79,3
346,potatochips,1,3
346,tortillachips,1,3
346,doritos,1,3
346,ritzcracker,1,3
346,saltinecracker,25,3
346,wheatthins,23,3
346,eggrolls,29,3
346,frenchfries,22,3
346,butteredpopcorn,1,3
346,triscuits,8,3
346,wavylays,7,3
346,chocolateicecreamcone,1,3
346,strawberryicecreamcone,1,3
346,vanillasoftservecone,1,3
346,nutrigrainbar,7,3
346,churro,1,3
346,twistdonut,25,3
346,tuilecookie,1,3
346,madeleine,1,3
346,oatmealraisincookie,1,3
346,thumprintcookie,1,3
346,sugarcookie,2,3
346,vanillawafer,1,3
346,chocolatewafer,1,3
346,chocolatebark,1,3
346,darkchocolate,1,3
346,milkchocolate,1,3
346,pocky,1,3
346,toblerone,1,3
346,lindtlindorchocolatetruffle,1,3
346,twix,1,3
346,caramel,1,3
346,peanutmms,3,3
346,brownie,1,3
346,frostedbrownie,1,3
346,lemoncake,1,3
347,orange,15,3
347,plum,1,3
347,blackberry,1,3
347,peach,1,3
347,cherry,1,3
347,raspberry,1,3
347,apple,1,3
347,grape,1,3
347,goldendeliciousapple,1,3
347,honeydewmelon,1,3
347,kiwi,1,3
347,greenbellpepper,1,3
347,carrot,1,3
347,peanuts,1,3
347,almonds,1,3
347,baguette,1,3
347,slicedloafbread,1,3
347,boulebread,1,3
347,ryebread,1,3
347,deliturkey,1,3
347,chickentenders,64,3
347,meatballs,1,3
347,gouda,1,3
347,swisscheese,1,3
347,potatochips,1,3
347,tortillachips,10,3
347,doritos,23,3
347,ritzcracker,1,3
347,saltinecracker,20,3
347,wheatthins,11,3
347,eggrolls,23,3
347,frenchfries,43,3
347,butteredpopcorn,47,3
347,triscuits,1,3
347,wavylays,1,3
347,chocolateicecreamcone,1,3
347,strawberryicecreamcone,1,3
347,vanillasoftservecone,1,3
347,nutrigrainbar,1,3
347,churro,1,3
347,twistdonut,1,3
347,tuilecookie,1,3
347,madeleine,1,3
347,oatmealraisincookie,15,3
347,thumprintcookie,1,3
347,sugarcookie,1,3
347,vanillawafer,1,3
347,chocolatewafer,1,3
347,chocolatebark,1,3
347,darkchocolate,1,3
347,milkchocolate,1,3
347,pocky,1,3
347,toblerone,1,3
347,lindtlindorchocolatetruffle,1,3
347,twix,1,3
347,caramel,1,3
347,peanutmms,1,3
347,brownie,1,3
347,frostedbrownie,1,3
347,lemoncake,1,3
348,orange,2,3
348,plum,95,3
348,blackberry,99,3
348,peach,88,3
348,cherry,99,3
348,raspberry,99,3
348,apple,72,3
348,grape,100,3
348,goldendeliciousapple,1,3
348,honeydewmelon,65,3
348,kiwi,35,3
348,greenbellpepper,47,3
348,carrot,62,3
348,peanuts,60,3
348,almonds,99,3
348,baguette,76,3
348,slicedloafbread,79,3
348,boulebread,76,3
348,ryebread,67,3
348,deliturkey,2,3
348,chickentenders,1,3
348,meatballs,1,3
348,gouda,60,3
348,swisscheese,98,3
348,potatochips,62,3
348,tortillachips,66,3
348,doritos,67,3
348,ritzcracker,47,3
348,saltinecracker,49,3
348,wheatthins,45,3
348,eggrolls,30,3
348,frenchfries,97,3
348,butteredpopcorn,84,3
348,triscuits,23,3
348,wavylays,76,3
348,chocolateicecreamcone,1,3
348,strawberryicecreamcone,2,3
348,vanillasoftservecone,1,3
348,nutrigrainbar,38,3
348,churro,26,3
348,twistdonut,54,3
348,tuilecookie,50,3
348,madeleine,23,3
348,oatmealraisincookie,29,3
348,thumprintcookie,23,3
348,sugarcookie,53,3
348,vanillawafer,53,3
348,chocolatewafer,35,3
348,chocolatebark,47,3
348,darkchocolate,26,3
348,milkchocolate,21,3
348,pocky,99,3
348,toblerone,2,3
348,lindtlindorchocolatetruffle,5,3
348,twix,90,3
348,caramel,62,3
348,peanutmms,1,3
348,brownie,50,3
348,frostedbrownie,36,3
348,lemoncake,52,3
349,orange,6,3
349,plum,1,3
349,blackberry,15,3
349,peach,1,3
349,cherry,7,3
349,raspberry,16,3
349,apple,56,3
349,grape,34,3
349,goldendeliciousapple,56,3
349,honeydewmelon,1,3
349,kiwi,1,3
349,greenbellpepper,3,3
349,carrot,1,3
349,peanuts,51,3
349,almonds,58,3
349,baguette,56,3
349,slicedloafbread,52,3
349,boulebread,37,3
349,ryebread,46,3
349,deliturkey,53,3
349,chickentenders,100,3
349,meatballs,51,3
349,gouda,51,3
349,swisscheese,67,3
349,potatochips,100,3
349,tortillachips,100,3
349,doritos,100,3
349,ritzcracker,67,3
349,saltinecracker,74,3
349,wheatthins,61,3
349,eggrolls,43,3
349,frenchfries,97,3
349,butteredpopcorn,76,3
349,triscuits,51,3
349,wavylays,100,3
349,chocolateicecreamcone,84,3
349,strawberryicecreamcone,79,3
349,vanillasoftservecone,100,3
349,nutrigrainbar,49,3
349,churro,80,3
349,twistdonut,69,3
349,tuilecookie,51,3
349,madeleine,52,3
349,oatmealraisincookie,65,3
349,thumprintcookie,70,3
349,sugarcookie,53,3
349,vanillawafer,91,3
349,chocolatewafer,100,3
349,chocolatebark,62,3
349,darkchocolate,69,3
349,milkchocolate,88,3
349,pocky,66,3
349,toblerone,87,3
349,lindtlindorchocolatetruffle,72,3
349,twix,85,3
349,caramel,63,3
349,peanutmms,100,3
349,brownie,68,3
349,frostedbrownie,65,3
349,lemoncake,89,3
350,orange,100,3
350,plum,61,3
350,blackberry,100,3
350,peach,35,3
350,cherry,60,3
350,raspberry,100,3
350,apple,7,3
350,grape,99,3
350,goldendeliciousapple,98,3
350,honeydewmelon,21,3
350,kiwi,99,3
350,greenbellpepper,1,3
350,carrot,1,3
350,peanuts,23,3
350,almonds,68,3
350,baguette,59,3
350,slicedloafbread,33,3
350,boulebread,19,3
350,ryebread,19,3
350,deliturkey,72,3
350,chickentenders,99,3
350,meatballs,100,3
350,gouda,78,3
350,swisscheese,1,3
350,potatochips,81,3
350,tortillachips,1,3
350,doritos,1,3
350,ritzcracker,13,3
350,saltinecracker,9,3
350,wheatthins,6,3
350,eggrolls,98,3
350,frenchfries,100,3
350,butteredpopcorn,96,3
350,triscuits,9,3
350,wavylays,81,3
350,chocolateicecreamcone,1,3
350,strawberryicecreamcone,1,3
350,vanillasoftservecone,1,3
350,nutrigrainbar,1,3
350,churro,3,3
350,twistdonut,87,3
350,tuilecookie,1,3
350,madeleine,92,3
350,oatmealraisincookie,91,3
350,thumprintcookie,92,3
350,sugarcookie,74,3
350,vanillawafer,80,3
350,chocolatewafer,86,3
350,chocolatebark,84,3
350,darkchocolate,9,3
350,milkchocolate,70,3
350,pocky,1,3
350,toblerone,38,3
350,lindtlindorchocolatetruffle,10,3
350,twix,81,3
350,caramel,1,3
350,peanutmms,1,3
350,brownie,100,3
350,frostedbrownie,100,3
350,lemoncake,100,3
351,orange,16,3
351,plum,83,3
351,blackberry,16,3
351,peach,17,3
351,cherry,38,3
351,raspberry,22,3
351,apple,35,3
351,grape,21,3
351,goldendeliciousapple,82,3
351,honeydewmelon,9,3
351,kiwi,13,3
351,greenbellpepper,17,3
351,carrot,37,3
351,peanuts,51,3
351,almonds,40,3
351,baguette,29,3
351,slicedloafbread,46,3
351,boulebread,23,3
351,ryebread,45,3
351,deliturkey,48,3
351,chickentenders,86,3
351,meatballs,83,3
351,gouda,51,3
351,swisscheese,64,3
351,potatochips,83,3
351,tortillachips,67,3
351,doritos,51,3
351,ritzcracker,49,3
351,saltinecracker,50,3
351,wheatthins,37,3
351,eggrolls,48,3
351,frenchfries,29,3
351,butteredpopcorn,41,3
351,triscuits,84,3
351,wavylays,75,3
351,chocolateicecreamcone,55,3
351,strawberryicecreamcone,38,3
351,vanillasoftservecone,56,3
351,nutrigrainbar,33,3
351,churro,84,3
351,twistdonut,51,3
351,tuilecookie,22,3
351,madeleine,51,3
351,oatmealraisincookie,11,3
351,thumprintcookie,40,3
351,sugarcookie,47,3
351,vanillawafer,23,3
351,chocolatewafer,87,3
351,chocolatebark,80,3
351,darkchocolate,80,3
351,milkchocolate,71,3
351,pocky,51,3
351,toblerone,75,3
351,lindtlindorchocolatetruffle,83,3
351,twix,71,3
351,caramel,25,3
351,peanutmms,15,3
351,brownie,95,3
351,frostedbrownie,80,3
351,lemoncake,84,3
352,orange,50,3
352,plum,49,3
352,blackberry,51,3
352,peach,51,3
352,cherry,43,3
352,raspberry,47,3
352,apple,36,3
352,grape,53,3
352,goldendeliciousapple,24,3
352,honeydewmelon,55,3
352,kiwi,35,3
352,greenbellpepper,13,3
352,carrot,17,3
352,peanuts,65,3
352,almonds,21,3
352,baguette,22,3
352,slicedloafbread,24,3
352,boulebread,23,3
352,ryebread,26,3
352,deliturkey,55,3
352,chickentenders,73,3
352,meatballs,93,3
352,gouda,70,3
352,swisscheese,68,3
352,potatochips,72,3
352,tortillachips,36,3
352,doritos,80,3
352,ritzcracker,35,3
352,saltinecracker,23,3
352,wheatthins,31,3
352,eggrolls,87,3
352,frenchfries,86,3
352,butteredpopcorn,72,3
352,triscuits,13,3
352,wavylays,82,3
352,chocolateicecreamcone,77,3
352,strawberryicecreamcone,68,3
352,vanillasoftservecone,77,3
352,nutrigrainbar,67,3
352,churro,64,3
352,twistdonut,30,3
352,tuilecookie,52,3
352,madeleine,68,3
352,oatmealraisincookie,79,3
352,thumprintcookie,52,3
352,sugarcookie,44,3
352,vanillawafer,84,3
352,chocolatewafer,85,3
352,chocolatebark,51,3
352,darkchocolate,87,3
352,milkchocolate,90,3
352,pocky,68,3
352,toblerone,91,3
352,lindtlindorchocolatetruffle,94,3
352,twix,88,3
352,caramel,6,3
352,peanutmms,67,3
352,brownie,94,3
352,frostedbrownie,98,3
352,lemoncake,88,3
353,orange,62,3
353,plum,22,3
353,blackberry,7,3
353,peach,73,3
353,cherry,21,3
353,raspberry,6,3
353,apple,63,3
353,grape,67,3
353,goldendeliciousapple,59,3
353,honeydewmelon,15,3
353,kiwi,6,3
353,greenbellpepper,18,3
353,carrot,62,3
353,peanuts,68,3
353,almonds,59,3
353,baguette,66,3
353,slicedloafbread,38,3
353,boulebread,42,3
353,ryebread,49,3
353,deliturkey,50,3
353,chickentenders,86,3
353,meatballs,68,3
353,gouda,11,3
353,swisscheese,17,3
353,potatochips,72,3
353,tortillachips,66,3
353,doritos,73,3
353,ritzcracker,50,3
353,saltinecracker,51,3
353,wheatthins,44,3
353,eggrolls,79,3
353,frenchfries,75,3
353,butteredpopcorn,64,3
353,triscuits,23,3
353,wavylays,72,3
353,chocolateicecreamcone,71,3
353,strawberryicecreamcone,68,3
353,vanillasoftservecone,78,3
353,nutrigrainbar,31,3
353,churro,84,3
353,twistdonut,68,3
353,tuilecookie,62,3
353,madeleine,25,3
353,oatmealraisincookie,64,3
353,thumprintcookie,68,3
353,sugarcookie,33,3
353,vanillawafer,67,3
353,chocolatewafer,83,3
353,chocolatebark,81,3
353,darkchocolate,58,3
353,milkchocolate,73,3
353,pocky,64,3
353,toblerone,76,3
353,lindtlindorchocolatetruffle,65,3
353,twix,71,3
353,caramel,14,3
353,peanutmms,72,3
353,brownie,22,3
353,frostedbrownie,42,3
353,lemoncake,52,3
354,orange,80,3
354,plum,58,3
354,blackberry,92,3
354,peach,60,3
354,cherry,59,3
354,raspberry,94,3
354,apple,71,3
354,grape,85,3
354,goldendeliciousapple,65,3
354,honeydewmelon,55,3
354,kiwi,66,3
354,greenbellpepper,50,3
354,carrot,59,3
354,peanuts,54,3
354,almonds,60,3
354,baguette,4,3
354,slicedloafbread,5,3
354,boulebread,3,3
354,ryebread,3,3
354,deliturkey,100,3
354,chickentenders,59,3
354,meatballs,53,3
354,gouda,11,3
354,swisscheese,6,3
354,potatochips,28,3
354,tortillachips,25,3
354,doritos,52,3
354,ritzcracker,26,3
354,saltinecracker,20,3
354,wheatthins,18,3
354,eggrolls,5,3
354,frenchfries,38,3
354,butteredpopcorn,59,3
354,triscuits,25,3
354,wavylays,26,3
354,chocolateicecreamcone,16,3
354,strawberryicecreamcone,10,3
354,vanillasoftservecone,18,3
354,nutrigrainbar,67,3
354,churro,5,3
354,twistdonut,5,3
354,tuilecookie,6,3
354,madeleine,5,3
354,oatmealraisincookie,23,3
354,thumprintcookie,15,3
354,sugarcookie,8,3
354,vanillawafer,13,3
354,chocolatewafer,24,3
354,chocolatebark,67,3
354,darkchocolate,97,3
354,milkchocolate,86,3
354,pocky,55,3
354,toblerone,54,3
354,lindtlindorchocolatetruffle,82,3
354,twix,32,3
354,caramel,2,3
354,peanutmms,13,3
354,brownie,62,3
354,frostedbrownie,57,3
354,lemoncake,11,3
355,orange,78,3
355,plum,34,3
355,blackberry,87,3
355,peach,21,3
355,cherry,75,3
355,raspberry,88,3
355,apple,9,3
355,grape,79,3
355,goldendeliciousapple,23,3
355,honeydewmelon,2,3
355,kiwi,21,3
355,greenbellpepper,4,3
355,carrot,56,3
355,peanuts,33,3
355,almonds,78,3
355,baguette,30,3
355,slicedloafbread,19,3
355,boulebread,24,3
355,ryebread,29,3
355,deliturkey,31,3
355,chickentenders,50,3
355,meatballs,17,3
355,gouda,77,3
355,swisscheese,77,3
355,potatochips,20,3
355,tortillachips,40,3
355,doritos,21,3
355,ritzcracker,26,3
355,saltinecracker,11,3
355,wheatthins,25,3
355,eggrolls,25,3
355,frenchfries,18,3
355,butteredpopcorn,40,3
355,triscuits,34,3
355,wavylays,27,3
355,chocolateicecreamcone,42,3
355,strawberryicecreamcone,34,3
355,vanillasoftservecone,69,3
355,nutrigrainbar,30,3
355,churro,45,3
355,twistdonut,61,3
355,tuilecookie,19,3
355,madeleine,28,3
355,oatmealraisincookie,39,3
355,thumprintcookie,57,3
355,sugarcookie,55,3
355,vanillawafer,53,3
355,chocolatewafer,69,3
355,chocolatebark,92,3
355,darkchocolate,85,3
355,milkchocolate,83,3
355,pocky,98,3
355,toblerone,68,3
355,lindtlindorchocolatetruffle,73,3
355,twix,74,3
355,caramel,58,3
355,peanutmms,80,3
355,brownie,80,3
355,frostedbrownie,71,3
355,lemoncake,70,3
356,orange,64,3
356,plum,71,3
356,blackberry,98,3
356,peach,69,3
356,cherry,87,3
356,raspberry,97,3
356,apple,61,3
356,grape,63,3
356,goldendeliciousapple,61,3
356,honeydewmelon,69,3
356,kiwi,64,3
356,greenbellpepper,71,3
356,carrot,71,3
356,peanuts,66,3
356,almonds,99,3
356,baguette,98,3
356,slicedloafbread,24,3
356,boulebread,67,3
356,ryebread,64,3
356,deliturkey,40,3
356,chickentenders,33,3
356,meatballs,73,3
356,gouda,75,3
356,swisscheese,77,3
356,potatochips,34,3
356,tortillachips,53,3
356,doritos,52,3
356,ritzcracker,53,3
356,saltinecracker,64,3
356,wheatthins,52,3
356,eggrolls,28,3
356,frenchfries,14,3
356,butteredpopcorn,22,3
356,triscuits,51,3
356,wavylays,33,3
356,chocolateicecreamcone,2,3
356,strawberryicecreamcone,2,3
356,vanillasoftservecone,2,3
356,nutrigrainbar,49,3
356,churro,42,3
356,twistdonut,34,3
356,tuilecookie,50,3
356,madeleine,36,3
356,oatmealraisincookie,20,3
356,thumprintcookie,2,3
356,sugarcookie,3,3
356,vanillawafer,3,3
356,chocolatewafer,2,3
356,chocolatebark,2,3
356,darkchocolate,4,3
356,milkchocolate,2,3
356,pocky,1,3
356,toblerone,3,3
356,lindtlindorchocolatetruffle,2,3
356,twix,2,3
356,caramel,2,3
356,peanutmms,2,3
356,brownie,3,3
356,frostedbrownie,4,3
356,lemoncake,3,3
357,orange,6,3
357,plum,5,3
357,blackberry,98,3
357,peach,92,3
357,cherry,98,3
357,raspberry,98,3
357,apple,66,3
357,grape,75,3
357,goldendeliciousapple,66,3
357,honeydewmelon,2,3
357,kiwi,99,3
357,greenbellpepper,58,3
357,carrot,51,3
357,peanuts,97,3
357,almonds,100,3
357,baguette,96,3
357,slicedloafbread,3,3
357,boulebread,1,3
357,ryebread,89,3
357,deliturkey,26,3
357,chickentenders,3,3
357,meatballs,3,3
357,gouda,5,3
357,swisscheese,98,3
357,potatochips,3,3
357,tortillachips,4,3
357,doritos,4,3
357,ritzcracker,4,3
357,saltinecracker,5,3
357,wheatthins,1,3
357,eggrolls,6,3
357,frenchfries,3,3
357,butteredpopcorn,25,3
357,triscuits,5,3
357,wavylays,4,3
357,chocolateicecreamcone,2,3
357,strawberryicecreamcone,97,3
357,vanillasoftservecone,79,3
357,nutrigrainbar,4,3
357,churro,4,3
357,twistdonut,53,3
357,tuilecookie,3,3
357,madeleine,4,3
357,oatmealraisincookie,97,3
357,thumprintcookie,2,3
357,sugarcookie,50,3
357,vanillawafer,5,3
357,chocolatewafer,4,3
357,chocolatebark,4,3
357,darkchocolate,3,3
357,milkchocolate,3,3
357,pocky,3,3
357,toblerone,5,3
357,lindtlindorchocolatetruffle,6,3
357,twix,2,3
357,caramel,3,3
357,peanutmms,4,3
357,brownie,4,3
357,frostedbrownie,3,3
357,lemoncake,98,3
358,orange,89,3
358,plum,58,3
358,blackberry,63,3
358,peach,83,3
358,cherry,61,3
358,raspberry,86,3
358,apple,71,3
358,grape,83,3
358,goldendeliciousapple,45,3
358,honeydewmelon,94,3
358,kiwi,39,3
358,greenbellpepper,58,3
358,carrot,55,3
358,peanuts,55,3
358,almonds,52,3
358,baguette,6,3
358,slicedloafbread,10,3
358,boulebread,19,3
358,ryebread,29,3
358,deliturkey,41,3
358,chickentenders,31,3
358,meatballs,30,3
358,gouda,27,3
358,swisscheese,68,3
358,potatochips,47,3
358,tortillachips,48,3
358,doritos,31,3
358,ritzcracker,46,3
358,saltinecracker,60,3
358,wheatthins,59,3
358,eggrolls,26,3
358,frenchfries,9,3
358,butteredpopcorn,41,3
358,triscuits,41,3
358,wavylays,43,3
358,chocolateicecreamcone,12,3
358,strawberryicecreamcone,7,3
358,vanillasoftservecone,4,3
358,nutrigrainbar,63,3
358,churro,32,3
358,twistdonut,38,3
358,tuilecookie,33,3
358,madeleine,25,3
358,oatmealraisincookie,47,3
358,thumprintcookie,43,3
358,sugarcookie,16,3
358,vanillawafer,42,3
358,chocolatewafer,47,3
358,chocolatebark,81,3
358,darkchocolate,62,3
358,milkchocolate,51,3
358,pocky,51,3
358,toblerone,75,3
358,lindtlindorchocolatetruffle,52,3
358,twix,44,3
358,caramel,38,3
358,peanutmms,27,3
358,brownie,31,3
358,frostedbrownie,22,3
358,lemoncake,30,3
359,orange,63,3
359,plum,73,3
359,blackberry,76,3
359,peach,62,3
359,cherry,70,3
359,raspberry,74,3
359,apple,59,3
359,grape,69,3
359,goldendeliciousapple,45,3
359,honeydewmelon,75,3
359,kiwi,76,3
359,greenbellpepper,57,3
359,carrot,28,3
359,peanuts,15,3
359,almonds,94,3
359,baguette,52,3
359,slicedloafbread,14,3
359,boulebread,54,3
359,ryebread,38,3
359,deliturkey,10,3
359,chickentenders,11,3
359,meatballs,15,3
359,gouda,95,3
359,swisscheese,92,3
359,potatochips,69,3
359,tortillachips,19,3
359,doritos,66,3
359,ritzcracker,2,3
359,saltinecracker,6,3
359,wheatthins,2,3
359,eggrolls,52,3
359,frenchfries,70,3
359,butteredpopcorn,66,3
359,triscuits,3,3
359,wavylays,68,3
359,chocolateicecreamcone,14,3
359,strawberryicecreamcone,11,3
359,vanillasoftservecone,9,3
359,nutrigrainbar,36,3
359,churro,37,3
359,twistdonut,15,3
359,tuilecookie,23,3
359,madeleine,26,3
359,oatmealraisincookie,50,3
359,thumprintcookie,21,3
359,sugarcookie,17,3
359,vanillawafer,6,3
359,chocolatewafer,13,3
359,chocolatebark,63,3
359,darkchocolate,83,3
359,milkchocolate,64,3
359,pocky,49,3
359,toblerone,63,3
359,lindtlindorchocolatetruffle,79,3
359,twix,72,3
359,caramel,3,3
359,peanutmms,6,3
359,brownie,63,3
359,frostedbrownie,72,3
359,lemoncake,39,3
360,orange,66,3
360,plum,71,3
360,blackberry,76,3
360,peach,95,3
360,cherry,98,3
360,raspberry,98,3
360,apple,86,3
360,grape,81,3
360,goldendeliciousapple,69,3
360,honeydewmelon,78,3
360,kiwi,64,3
360,greenbellpepper,88,3
360,carrot,60,3
360,peanuts,88,3
360,almonds,97,3
360,baguette,84,3
360,slicedloafbread,5,3
360,boulebread,75,3
360,ryebread,86,3
360,deliturkey,83,3
360,chickentenders,73,3
360,meatballs,60,3
360,gouda,79,3
360,swisscheese,93,3
360,potatochips,6,3
360,tortillachips,56,3
360,doritos,53,3
360,ritzcracker,64,3
360,saltinecracker,60,3
360,wheatthins,58,3
360,eggrolls,71,3
360,frenchfries,67,3
360,butteredpopcorn,20,3
360,triscuits,36,3
360,wavylays,5,3
360,chocolateicecreamcone,38,3
360,strawberryicecreamcone,14,3
360,vanillasoftservecone,10,3
360,nutrigrainbar,25,3
360,churro,49,3
360,twistdonut,68,3
360,tuilecookie,46,3
360,madeleine,39,3
360,oatmealraisincookie,38,3
360,thumprintcookie,29,3
360,sugarcookie,26,3
360,vanillawafer,53,3
360,chocolatewafer,59,3
360,chocolatebark,7,3
360,darkchocolate,96,3
360,milkchocolate,97,3
360,pocky,6,3
360,toblerone,98,3
360,lindtlindorchocolatetruffle,85,3
360,twix,25,3
360,caramel,4,3
360,peanutmms,49,3
360,brownie,66,3
360,frostedbrownie,64,3
360,lemoncake,19,3
361,orange,39,3
361,plum,31,3
361,blackberry,67,3
361,peach,81,3
361,cherry,24,3
361,raspberry,68,3
361,apple,20,3
361,grape,19,3
361,goldendeliciousapple,9,3
361,honeydewmelon,2,3
361,kiwi,28,3
361,greenbellpepper,53,3
361,carrot,40,3
361,peanuts,89,3
361,almonds,36,3
361,baguette,25,3
361,slicedloafbread,31,3
361,boulebread,66,3
361,ryebread,65,3
361,deliturkey,91,3
361,chickentenders,97,3
361,meatballs,84,3
361,gouda,70,3
361,swisscheese,66,3
361,potatochips,72,3
361,tortillachips,88,3
361,doritos,90,3
361,ritzcracker,65,3
361,saltinecracker,32,3
361,wheatthins,83,3
361,eggrolls,87,3
361,frenchfries,73,3
361,butteredpopcorn,99,3
361,triscuits,41,3
361,wavylays,66,3
361,chocolateicecreamcone,62,3
361,strawberryicecreamcone,89,3
361,vanillasoftservecone,87,3
361,nutrigrainbar,81,3
361,churro,95,3
361,twistdonut,93,3
361,tuilecookie,77,3
361,madeleine,67,3
361,oatmealraisincookie,45,3
361,thumprintcookie,71,3
361,sugarcookie,77,3
361,vanillawafer,33,3
361,chocolatewafer,60,3
361,chocolatebark,27,3
361,darkchocolate,53,3
361,milkchocolate,78,3
361,pocky,90,3
361,toblerone,72,3
361,lindtlindorchocolatetruffle,72,3
361,twix,90,3
361,caramel,27,3
361,peanutmms,57,3
361,brownie,71,3
361,frostedbrownie,65,3
361,lemoncake,59,3
362,orange,99,3
362,plum,100,3
362,blackberry,99,3
362,peach,100,3
362,cherry,100,3
362,raspberry,100,3
362,apple,95,3
362,grape,99,3
362,goldendeliciousapple,27,3
362,honeydewmelon,2,3
362,kiwi,99,3
362,greenbellpepper,88,3
362,carrot,92,3
362,peanuts,66,3
362,almonds,91,3
362,baguette,99,3
362,slicedloafbread,2,3
362,boulebread,81,3
362,ryebread,80,3
362,deliturkey,51,3
362,chickentenders,2,3
362,meatballs,93,3
362,gouda,6,3
362,swisscheese,70,3
362,potatochips,3,3
362,tortillachips,2,3
362,doritos,3,3
362,ritzcracker,9,3
362,saltinecracker,15,3
362,wheatthins,2,3
362,eggrolls,3,3
362,frenchfries,8,3
362,butteredpopcorn,16,3
362,triscuits,1,3
362,wavylays,12,3
362,chocolateicecreamcone,75,3
362,strawberryicecreamcone,55,3
362,vanillasoftservecone,24,3
362,nutrigrainbar,2,3
362,churro,65,3
362,twistdonut,28,3
362,tuilecookie,59,3
362,madeleine,65,3
362,oatmealraisincookie,7,3
362,thumprintcookie,4,3
362,sugarcookie,10,3
362,vanillawafer,2,3
362,chocolatewafer,1,3
362,chocolatebark,13,3
362,darkchocolate,79,3
362,milkchocolate,68,3
362,pocky,55,3
362,toblerone,3,3
362,lindtlindorchocolatetruffle,34,3
362,twix,6,3
362,caramel,60,3
362,peanutmms,63,3
362,brownie,36,3
362,frostedbrownie,51,3
362,lemoncake,2,3
363,orange,30,3
363,plum,92,3
363,blackberry,91,3
363,peach,92,3
363,cherry,95,3
363,raspberry,85,3
363,apple,31,3
363,grape,95,3
363,goldendeliciousapple,32,3
363,honeydewmelon,94,3
363,kiwi,92,3
363,greenbellpepper,11,3
363,carrot,32,3
363,peanuts,54,3
363,almonds,77,3
363,baguette,54,3
363,slicedloafbread,9,3
363,boulebread,33,3
363,ryebread,33,3
363,deliturkey,52,3
363,chickentenders,63,3
363,meatballs,59,3
363,gouda,67,3
363,swisscheese,67,3
363,potatochips,17,3
363,tortillachips,60,3
363,doritos,41,3
363,ritzcracker,24,3
363,saltinecracker,12,3
363,wheatthins,30,3
363,eggrolls,62,3
363,frenchfries,60,3
363,butteredpopcorn,23,3
363,triscuits,56,3
363,wavylays,13,3
363,chocolateicecreamcone,58,3
363,strawberryicecreamcone,53,3
363,vanillasoftservecone,12,3
363,nutrigrainbar,63,3
363,churro,50,3
363,twistdonut,16,3
363,tuilecookie,50,3
363,madeleine,16,3
363,oatmealraisincookie,61,3
363,thumprintcookie,54,3
363,sugarcookie,42,3
363,vanillawafer,21,3
363,chocolatewafer,26,3
363,chocolatebark,65,3
363,darkchocolate,63,3
363,milkchocolate,72,3
363,pocky,58,3
363,toblerone,63,3
363,lindtlindorchocolatetruffle,68,3
363,twix,58,3
363,caramel,50,3
363,peanutmms,67,3
363,brownie,54,3
363,frostedbrownie,60,3
363,lemoncake,56,3
364,orange,68,3
364,plum,62,3
364,blackberry,57,3
364,peach,66,3
364,cherry,56,3
364,raspberry,58,3
364,apple,59,3
364,grape,56,3
364,goldendeliciousapple,57,3
364,honeydewmelon,57,3
364,kiwi,66,3
364,greenbellpepper,45,3
364,carrot,47,3
364,peanuts,59,3
364,almonds,64,3
364,baguette,56,3
364,slicedloafbread,47,3
364,boulebread,54,3
364,ryebread,58,3
364,deliturkey,55,3
364,chickentenders,68,3
364,meatballs,67,3
364,gouda,55,3
364,swisscheese,63,3
364,potatochips,59,3
364,tortillachips,63,3
364,doritos,50,3
364,ritzcracker,56,3
364,saltinecracker,56,3
364,wheatthins,57,3
364,eggrolls,72,3
364,frenchfries,61,3
364,butteredpopcorn,51,3
364,triscuits,51,3
364,wavylays,56,3
364,chocolateicecreamcone,59,3
364,strawberryicecreamcone,53,3
364,vanillasoftservecone,54,3
364,nutrigrainbar,62,3
364,churro,67,3
364,twistdonut,57,3
364,tuilecookie,53,3
364,madeleine,57,3
364,oatmealraisincookie,54,3
364,thumprintcookie,58,3
364,sugarcookie,55,3
364,vanillawafer,57,3
364,chocolatewafer,56,3
364,chocolatebark,57,3
364,darkchocolate,59,3
364,milkchocolate,53,3
364,pocky,60,3
364,toblerone,59,3
364,lindtlindorchocolatetruffle,58,3
364,twix,58,3
364,caramel,44,3
364,peanutmms,55,3
364,brownie,61,3
364,frostedbrownie,59,3
364,lemoncake,52,3
365,orange,63,3
365,plum,63,3
365,blackberry,70,3
365,peach,13,3
365,cherry,65,3
365,raspberry,66,3
365,apple,20,3
365,grape,67,3
365,goldendeliciousapple,14,3
365,honeydewmelon,22,3
365,kiwi,22,3
365,greenbellpepper,60,3
365,carrot,8,3
365,peanuts,51,3
365,almonds,65,3
365,baguette,18,3
365,slicedloafbread,13,3
365,boulebread,10,3
365,ryebread,11,3
365,deliturkey,36,3
365,chickentenders,44,3
365,meatballs,28,3
365,gouda,12,3
365,swisscheese,73,3
365,potatochips,65,3
365,tortillachips,41,3
365,doritos,63,3
365,ritzcracker,34,3
365,saltinecracker,16,3
365,wheatthins,22,3
365,eggrolls,29,3
365,frenchfries,63,3
365,butteredpopcorn,31,3
365,triscuits,6,3
365,wavylays,65,3
365,chocolateicecreamcone,69,3
365,strawberryicecreamcone,73,3
365,vanillasoftservecone,63,3
365,nutrigrainbar,15,3
365,churro,22,3
365,twistdonut,17,3
365,tuilecookie,8,3
365,madeleine,40,3
365,oatmealraisincookie,28,3
365,thumprintcookie,49,3
365,sugarcookie,48,3
365,vanillawafer,59,3
365,chocolatewafer,78,3
365,chocolatebark,71,3
365,darkchocolate,64,3
365,milkchocolate,62,3
365,pocky,15,3
365,toblerone,23,3
365,lindtlindorchocolatetruffle,31,3
365,twix,80,3
365,caramel,50,3
365,peanutmms,68,3
365,brownie,78,3
365,frostedbrownie,89,3
365,lemoncake,82,3
366,orange,51,3
366,plum,1,3
366,blackberry,12,3
366,peach,7,3
366,cherry,40,3
366,raspberry,3,3
366,apple,47,3
366,grape,15,3
366,goldendeliciousapple,48,3
366,honeydewmelon,1,3
366,kiwi,1,3
366,greenbellpepper,1,3
366,carrot,1,3
366,peanuts,72,3
366,almonds,66,3
366,baguette,61,3
366,slicedloafbread,52,3
366,boulebread,58,3
366,ryebread,64,3
366,deliturkey,59,3
366,chickentenders,74,3
366,meatballs,71,3
366,gouda,58,3
366,swisscheese,56,3
366,potatochips,88,3
366,tortillachips,82,3
366,doritos,79,3
366,ritzcracker,69,3
366,saltinecracker,78,3
366,wheatthins,61,3
366,eggrolls,100,3
366,frenchfries,85,3
366,butteredpopcorn,58,3
366,triscuits,30,3
366,wavylays,74,3
366,chocolateicecreamcone,57,3
366,strawberryicecreamcone,60,3
366,vanillasoftservecone,57,3
366,nutrigrainbar,56,3
366,churro,72,3
366,twistdonut,68,3
366,tuilecookie,68,3
366,madeleine,72,3
366,oatmealraisincookie,65,3
366,thumprintcookie,86,3
366,sugarcookie,72,3
366,vanillawafer,58,3
366,chocolatewafer,53,3
366,chocolatebark,62,3
366,darkchocolate,56,3
366,milkchocolate,53,3
366,pocky,58,3
366,toblerone,56,3
366,lindtlindorchocolatetruffle,57,3
366,twix,54,3
366,caramel,55,3
366,peanutmms,45,3
366,brownie,56,3
366,frostedbrownie,53,3
366,lemoncake,71,3
367,orange,87,3
367,plum,72,3
367,blackberry,60,3
367,peach,64,3
367,cherry,99,3
367,raspberry,99,3
367,apple,73,3
367,grape,97,3
367,goldendeliciousapple,69,3
367,honeydewmelon,71,3
367,kiwi,73,3
367,greenbellpepper,1,3
367,carrot,61,3
367,peanuts,81,3
367,almonds,91,3
367,baguette,62,3
367,slicedloafbread,5,3
367,boulebread,58,3
367,ryebread,64,3
367,deliturkey,2,3
367,chickentenders,3,3
367,meatballs,3,3
367,gouda,31,3
367,swisscheese,65,3
367,potatochips,1,3
367,tortillachips,56,3
367,doritos,53,3
367,ritzcracker,52,3
367,saltinecracker,53,3
367,wheatthins,61,3
367,eggrolls,2,3
367,frenchfries,3,3
367,butteredpopcorn,32,3
367,triscuits,59,3
367,wavylays,1,3
367,chocolateicecreamcone,35,3
367,strawberryicecreamcone,37,3
367,vanillasoftservecone,41,3
367,nutrigrainbar,63,3
367,churro,3,3
367,twistdonut,26,3
367,tuilecookie,74,3
367,madeleine,3,3
367,oatmealraisincookie,88,3
367,thumprintcookie,64,3
367,sugarcookie,71,3
367,vanillawafer,65,3
367,chocolatewafer,65,3
367,chocolatebark,67,3
367,darkchocolate,99,3
367,milkchocolate,70,3
367,pocky,61,3
367,toblerone,69,3
367,lindtlindorchocolatetruffle,60,3
367,twix,55,3
367,caramel,42,3
367,peanutmms,87,3
367,brownie,46,3
367,frostedbrownie,41,3
367,lemoncake,24,3
401,orange,76,3
401,plum,49,3
401,blackberry,55,3
401,peach,49,3
401,cherry,61,3
401,raspberry,65,3
401,apple,59,3
401,grape,53,3
401,goldendeliciousapple,62,3
401,honeydewmelon,68,3
401,kiwi,62,3
401,greenbellpepper,8,3
401,carrot,11,3
401,peanuts,49,3
401,almonds,84,3
401,baguette,68,3
401,slicedloafbread,50,3
401,boulebread,63,3
401,ryebread,64,3
401,deliturkey,67,3
401,chickentenders,52,3
401,meatballs,40,3
401,gouda,2,3
401,swisscheese,2,3
401,potatochips,12,3
401,tortillachips,9,3
401,doritos,9,3
401,ritzcracker,9,3
401,saltinecracker,14,3
401,wheatthins,17,3
401,eggrolls,2,3
401,frenchfries,50,3
401,butteredpopcorn,17,3
401,triscuits,3,3
401,wavylays,11,3
401,chocolateicecreamcone,57,3
401,strawberryicecreamcone,64,3
401,vanillasoftservecone,54,3
401,nutrigrainbar,2,3
401,churro,48,3
401,twistdonut,51,3
401,tuilecookie,50,3
401,madeleine,48,3
401,oatmealraisincookie,5,3
401,thumprintcookie,12,3
401,sugarcookie,43,3
401,vanillawafer,10,3
401,chocolatewafer,6,3
401,chocolatebark,78,3
401,darkchocolate,66,3
401,milkchocolate,48,3
401,pocky,18,3
401,toblerone,52,3
401,lindtlindorchocolatetruffle,50,3
401,twix,52,3
401,caramel,9,3
401,peanutmms,28,3
401,brownie,66,3
401,frostedbrownie,59,3
401,lemoncake,10,3
402,orange,73,3
402,plum,87,3
402,blackberry,89,3
402,peach,84,3
402,cherry,99,3
402,raspberry,100,3
402,apple,83,3
402,grape,77,3
402,goldendeliciousapple,93,3
402,honeydewmelon,2,3
402,kiwi,51,3
402,greenbellpepper,53,3
402,carrot,69,3
402,peanuts,80,3
402,almonds,89,3
402,baguette,91,3
402,slicedloafbread,8,3
402,boulebread,71,3
402,ryebread,67,3
402,deliturkey,88,3
402,chickentenders,93,3
402,meatballs,82,3
402,gouda,38,3
402,swisscheese,76,3
402,potatochips,60,3
402,tortillachips,80,3
402,doritos,91,3
402,ritzcracker,54,3
402,saltinecracker,67,3
402,wheatthins,57,3
402,eggrolls,32,3
402,frenchfries,82,3
402,butteredpopcorn,78,3
402,triscuits,59,3
402,wavylays,92,3
402,chocolateicecreamcone,19,3
402,strawberryicecreamcone,39,3
402,vanillasoftservecone,44,3
402,nutrigrainbar,26,3
402,churro,99,3
402,twistdonut,95,3
402,tuilecookie,48,3
402,madeleine,21,3
402,oatmealraisincookie,20,3
402,thumprintcookie,2,3
402,sugarcookie,9,3
402,vanillawafer,13,3
402,chocolatewafer,2,3
402,chocolatebark,20,3
402,darkchocolate,2,3
402,milkchocolate,2,3
402,pocky,46,3
402,toblerone,1,3
402,lindtlindorchocolatetruffle,10,3
402,twix,74,3
402,caramel,2,3
402,peanutmms,4,3
402,brownie,11,3
402,frostedbrownie,15,3
402,lemoncake,14,3
403,orange,37,3
403,plum,3,3
403,blackberry,55,3
403,peach,4,3
403,cherry,1,3
403,raspberry,4,3
403,apple,53,3
403,grape,60,3
403,goldendeliciousapple,6,3
403,honeydewmelon,3,3
403,kiwi,87,3
403,greenbellpepper,77,3
403,carrot,6,3
403,peanuts,72,3
403,almonds,70,3
403,baguette,36,3
403,slicedloafbread,35,3
403,boulebread,36,3
403,ryebread,22,3
403,deliturkey,57,3
403,chickentenders,78,3
403,meatballs,52,3
403,gouda,47,3
403,swisscheese,51,3
403,potatochips,56,3
403,tortillachips,47,3
403,doritos,53,3
403,ritzcracker,27,3
403,saltinecracker,15,3
403,wheatthins,36,3
403,eggrolls,3,3
403,frenchfries,81,3
403,butteredpopcorn,61,3
403,triscuits,6,3
403,wavylays,51,3
403,chocolateicecreamcone,100,3
403,strawberryicecreamcone,96,3
403,vanillasoftservecone,92,3
403,nutrigrainbar,9,3
403,churro,83,3
403,twistdonut,67,3
403,tuilecookie,62,3
403,madeleine,53,3
403,oatmealraisincookie,86,3
403,thumprintcookie,70,3
403,sugarcookie,75,3
403,vanillawafer,60,3
403,chocolatewafer,90,3
403,chocolatebark,81,3
403,darkchocolate,85,3
403,milkchocolate,88,3
403,pocky,86,3
403,toblerone,80,3
403,lindtlindorchocolatetruffle,91,3
403,twix,88,3
403,caramel,39,3
403,peanutmms,87,3
403,brownie,98,3
403,frostedbrownie,97,3
403,lemoncake,94,3
404,orange,79,3
404,plum,78,3
404,blackberry,79,3
404,peach,88,3
404,cherry,26,3
404,raspberry,85,3
404,apple,54,3
404,grape,27,3
404,goldendeliciousapple,89,3
404,honeydewmelon,100,3
404,kiwi,92,3
404,greenbellpepper,99,3
404,carrot,25,3
404,peanuts,24,3
404,almonds,43,3
404,baguette,84,3
404,slicedloafbread,77,3
404,boulebread,98,3
404,ryebread,31,3
404,deliturkey,76,3
404,chickentenders,100,3
404,meatballs,97,3
404,gouda,74,3
404,swisscheese,97,3
404,potatochips,100,3
404,tortillachips,79,3
404,doritos,100,3
404,ritzcracker,62,3
404,saltinecracker,20,3
404,wheatthins,39,3
404,eggrolls,90,3
404,frenchfries,77,3
404,butteredpopcorn,96,3
404,triscuits,1,3
404,wavylays,70,3
404,chocolateicecreamcone,16,3
404,strawberryicecreamcone,1,3
404,vanillasoftservecone,83,3
404,nutrigrainbar,11,3
404,churro,100,3
404,twistdonut,88,3
404,tuilecookie,43,3
404,madeleine,90,3
404,oatmealraisincookie,1,3
404,thumprintcookie,1,3
404,sugarcookie,73,3
404,vanillawafer,83,3
404,chocolatewafer,69,3
404,chocolatebark,88,3
404,darkchocolate,21,3
404,milkchocolate,62,3
404,pocky,53,3
404,toblerone,61,3
404,lindtlindorchocolatetruffle,18,3
404,twix,49,3
404,caramel,23,3
404,peanutmms,67,3
404,brownie,1,3
404,frostedbrownie,14,3
404,lemoncake,10,3
405,orange,69,3
405,plum,89,3
405,blackberry,38,3
405,peach,96,3
405,cherry,97,3
405,raspberry,54,3
405,apple,54,3
405,grape,84,3
405,goldendeliciousapple,70,3
405,honeydewmelon,76,3
405,kiwi,60,3
405,greenbellpepper,2,3
405,carrot,6,3
405,peanuts,96,3
405,almonds,81,3
405,baguette,44,3
405,slicedloafbread,28,3
405,boulebread,37,3
405,ryebread,9,3
405,deliturkey,85,3
405,chickentenders,53,3
405,meatballs,78,3
405,gouda,2,3
405,swisscheese,2,3
405,potatochips,57,3
405,tortillachips,81,3
405,doritos,97,3
405,ritzcracker,33,3
405,saltinecracker,37,3
405,wheatthins,23,3
405,eggrolls,96,3
405,frenchfries,30,3
405,butteredpopcorn,65,3
405,triscuits,11,3
405,wavylays,52,3
405,chocolateicecreamcone,59,3
405,strawberryicecreamcone,87,3
405,vanillasoftservecone,76,3
405,nutrigrainbar,10,3
405,churro,4,3
405,twistdonut,84,3
405,tuilecookie,34,3
405,madeleine,39,3
405,oatmealraisincookie,99,3
405,thumprintcookie,58,3
405,sugarcookie,50,3
405,vanillawafer,77,3
405,chocolatewafer,99,3
405,chocolatebark,54,3
405,darkchocolate,39,3
405,milkchocolate,41,3
405,pocky,58,3
405,toblerone,36,3
405,lindtlindorchocolatetruffle,42,3
405,twix,67,3
405,caramel,89,3
405,peanutmms,100,3
405,brownie,65,3
405,frostedbrownie,61,3
405,lemoncake,39,3
406,orange,98,3
406,plum,99,3
406,blackberry,100,3
406,peach,100,3
406,cherry,99,3
406,raspberry,99,3
406,apple,99,3
406,grape,100,3
406,goldendeliciousapple,99,3
406,honeydewmelon,100,3
406,kiwi,96,3
406,greenbellpepper,77,3
406,carrot,97,3
406,peanuts,94,3
406,almonds,99,3
406,baguette,39,3
406,slicedloafbread,23,3
406,boulebread,48,3
406,ryebread,44,3
406,deliturkey,58,3
406,chickentenders,38,3
406,meatballs,50,3
406,gouda,1,3
406,swisscheese,85,3
406,potatochips,2,3
406,tortillachips,12,3
406,doritos,1,3
406,ritzcracker,4,3
406,saltinecracker,8,3
406,wheatthins,4,3
406,eggrolls,3,3
406,frenchfries,1,3
406,butteredpopcorn,7,3
406,triscuits,1,3
406,wavylays,2,3
406,chocolateicecreamcone,2,3
406,strawberryicecreamcone,2,3
406,vanillasoftservecone,3,3
406,nutrigrainbar,18,3
406,churro,2,3
406,twistdonut,5,3
406,tuilecookie,2,3
406,madeleine,2,3
406,oatmealraisincookie,1,3
406,thumprintcookie,1,3
406,sugarcookie,1,3
406,vanillawafer,4,3
406,chocolatewafer,1,3
406,chocolatebark,1,3
406,darkchocolate,2,3
406,milkchocolate,1,3
406,pocky,1,3
406,toblerone,1,3
406,lindtlindorchocolatetruffle,4,3
406,twix,2,3
406,caramel,1,3
406,peanutmms,2,3
406,brownie,1,3
406,frostedbrownie,2,3
406,lemoncake,2,3
407,orange,77,3
407,plum,2,3
407,blackberry,61,3
407,peach,1,3
407,cherry,1,3
407,raspberry,92,3
407,apple,1,3
407,grape,88,3
407,goldendeliciousapple,2,3
407,honeydewmelon,81,3
407,kiwi,89,3
407,greenbellpepper,2,3
407,carrot,1,3
407,peanuts,83,3
407,almonds,87,3
407,baguette,16,3
407,slicedloafbread,6,3
407,boulebread,4,3
407,ryebread,6,3
407,deliturkey,24,3
407,chickentenders,12,3
407,meatballs,65,3
407,gouda,1,3
407,swisscheese,1,3
407,potatochips,91,3
407,tortillachips,88,3
407,doritos,93,3
407,ritzcracker,84,3
407,saltinecracker,79,3
407,wheatthins,90,3
407,eggrolls,27,3
407,frenchfries,70,3
407,butteredpopcorn,95,3
407,triscuits,99,3
407,wavylays,80,3
407,chocolateicecreamcone,2,3
407,strawberryicecreamcone,1,3
407,vanillasoftservecone,1,3
407,nutrigrainbar,69,3
407,churro,29,3
407,twistdonut,27,3
407,tuilecookie,90,3
407,madeleine,73,3
407,oatmealraisincookie,87,3
407,thumprintcookie,79,3
407,sugarcookie,81,3
407,vanillawafer,51,3
407,chocolatewafer,64,3
407,chocolatebark,26,3
407,darkchocolate,23,3
407,milkchocolate,28,3
407,pocky,100,3
407,toblerone,38,3
407,lindtlindorchocolatetruffle,63,3
407,twix,66,3
407,caramel,1,3
407,peanutmms,66,3
407,brownie,31,3
407,frostedbrownie,18,3
407,lemoncake,11,3
408,orange,60,3
408,plum,5,3
408,blackberry,37,3
408,peach,13,3
408,cherry,61,3
408,raspberry,44,3
408,apple,7,3
408,grape,58,3
408,goldendeliciousapple,5,3
408,honeydewmelon,40,3
408,kiwi,54,3
408,greenbellpepper,2,3
408,carrot,3,3
408,peanuts,3,3
408,almonds,43,3
408,baguette,89,3
408,slicedloafbread,96,3
408,boulebread,95,3
408,ryebread,64,3
408,deliturkey,26,3
408,chickentenders,61,3
408,meatballs,66,3
408,gouda,4,3
408,swisscheese,7,3
408,potatochips,28,3
408,tortillachips,2,3
408,doritos,3,3
408,ritzcracker,2,3
408,saltinecracker,33,3
408,wheatthins,13,3
408,eggrolls,2,3
408,frenchfries,5,3
408,butteredpopcorn,60,3
408,triscuits,69,3
408,wavylays,9,3
408,chocolateicecreamcone,96,3
408,strawberryicecreamcone,62,3
408,vanillasoftservecone,67,3
408,nutrigrainbar,49,3
408,churro,61,3
408,twistdonut,11,3
408,tuilecookie,67,3
408,madeleine,7,3
408,oatmealraisincookie,5,3
408,thumprintcookie,14,3
408,sugarcookie,5,3
408,vanillawafer,30,3
408,chocolatewafer,62,3
408,chocolatebark,98,3
408,darkchocolate,58,3
408,milkchocolate,7,3
408,pocky,65,3
408,toblerone,57,3
408,lindtlindorchocolatetruffle,60,3
408,twix,97,3
408,caramel,82,3
408,peanutmms,18,3
408,brownie,64,3
408,frostedbrownie,74,3
408,lemoncake,24,3
409,orange,85,3
409,plum,70,3
409,blackberry,50,3
409,peach,50,3
409,cherry,13,3
409,raspberry,63,3
409,apple,48,3
409,grape,51,3
409,goldendeliciousapple,61,3
409,honeydewmelon,35,3
409,kiwi,87,3
409,greenbellpepper,1,3
409,carrot,53,3
409,peanuts,51,3
409,almonds,57,3
409,baguette,1,3
409,slicedloafbread,1,3
409,boulebread,1,3
409,ryebread,1,3
409,deliturkey,100,3
409,chickentenders,50,3
409,meatballs,48,3
409,gouda,100,3
409,swisscheese,100,3
409,potatochips,21,3
409,tortillachips,52,3
409,doritos,47,3
409,ritzcracker,1,3
409,saltinecracker,49,3
409,wheatthins,34,3
409,eggrolls,18,3
409,frenchfries,25,3
409,butteredpopcorn,34,3
409,triscuits,48,3
409,wavylays,24,3
409,chocolateicecreamcone,1,3
409,strawberryicecreamcone,1,3
409,vanillasoftservecone,1,3
409,nutrigrainbar,49,3
409,churro,1,3
409,twistdonut,1,3
409,tuilecookie,1,3
409,madeleine,49,3
409,oatmealraisincookie,1,3
409,thumprintcookie,1,3
409,sugarcookie,2,3
409,vanillawafer,3,3
409,chocolatewafer,3,3
409,chocolatebark,1,3
409,darkchocolate,1,3
409,milkchocolate,1,3
409,pocky,30,3
409,toblerone,12,3
409,lindtlindorchocolatetruffle,1,3
409,twix,1,3
409,caramel,35,3
409,peanutmms,10,3
409,brownie,18,3
409,frostedbrownie,2,3
409,lemoncake,1,3
410,orange,100,3
410,plum,53,3
410,blackberry,100,3
410,peach,59,3
410,cherry,54,3
410,raspberry,95,3
410,apple,89,3
410,grape,100,3
410,goldendeliciousapple,86,3
410,honeydewmelon,53,3
410,kiwi,71,3
410,greenbellpepper,67,3
410,carrot,81,3
410,peanuts,1,3
410,almonds,55,3
410,baguette,52,3
410,slicedloafbread,31,3
410,boulebread,49,3
410,ryebread,50,3
410,deliturkey,1,3
410,chickentenders,1,3
410,meatballs,1,3
410,gouda,28,3
410,swisscheese,67,3
410,potatochips,60,3
410,tortillachips,35,3
410,doritos,58,3
410,ritzcracker,38,3
410,saltinecracker,45,3
410,wheatthins,50,3
410,eggrolls,1,3
410,frenchfries,14,3
410,butteredpopcorn,86,3
410,triscuits,28,3
410,wavylays,36,3
410,chocolateicecreamcone,1,3
410,strawberryicecreamcone,1,3
410,vanillasoftservecone,1,3
410,nutrigrainbar,84,3
410,churro,1,3
410,twistdonut,1,3
410,tuilecookie,27,3
410,madeleine,1,3
410,oatmealraisincookie,31,3
410,thumprintcookie,8,3
410,sugarcookie,1,3
410,vanillawafer,62,3
410,chocolatewafer,28,3
410,chocolatebark,73,3
410,darkchocolate,90,3
410,milkchocolate,16,3
410,pocky,33,3
410,toblerone,2,3
410,lindtlindorchocolatetruffle,84,3
410,twix,9,3
410,caramel,63,3
410,peanutmms,19,3
410,brownie,1,3
410,frostedbrownie,1,3
410,lemoncake,1,3
411,orange,100,3
411,plum,100,3
411,blackberry,98,3
411,peach,100,3
411,cherry,100,3
411,raspberry,100,3
411,apple,100,3
411,grape,94,3
411,goldendeliciousapple,100,3
411,honeydewmelon,91,3
411,kiwi,97,3
411,greenbellpepper,5,3
411,carrot,100,3
411,peanuts,98,3
411,almonds,100,3
411,baguette,82,3
411,slicedloafbread,86,3
411,boulebread,84,3
411,ryebread,78,3
411,deliturkey,93,3
411,chickentenders,92,3
411,meatballs,8,3
411,gouda,92,3
411,swisscheese,96,3
411,potatochips,80,3
411,tortillachips,78,3
411,doritos,78,3
411,ritzcracker,89,3
411,saltinecracker,94,3
411,wheatthins,90,3
411,eggrolls,28,3
411,frenchfries,100,3
411,butteredpopcorn,98,3
411,triscuits,91,3
411,wavylays,83,3
411,chocolateicecreamcone,100,3
411,strawberryicecreamcone,100,3
411,vanillasoftservecone,100,3
411,nutrigrainbar,70,3
411,churro,80,3
411,twistdonut,100,3
411,tuilecookie,53,3
411,madeleine,61,3
411,oatmealraisincookie,89,3
411,thumprintcookie,74,3
411,sugarcookie,69,3
411,vanillawafer,78,3
411,chocolatewafer,91,3
411,chocolatebark,100,3
411,darkchocolate,86,3
411,milkchocolate,100,3
411,pocky,8,3
411,toblerone,100,3
411,lindtlindorchocolatetruffle,92,3
411,twix,100,3
411,caramel,90,3
411,peanutmms,100,3
411,brownie,100,3
411,frostedbrownie,100,3
411,lemoncake,100,3
412,orange,81,3
412,plum,61,3
412,blackberry,90,3
412,peach,73,3
412,cherry,67,3
412,raspberry,80,3
412,apple,61,3
412,grape,65,3
412,goldendeliciousapple,43,3
412,honeydewmelon,33,3
412,kiwi,74,3
412,greenbellpepper,61,3
412,carrot,67,3
412,peanuts,57,3
412,almonds,93,3
412,baguette,35,3
412,slicedloafbread,24,3
412,boulebread,30,3
412,ryebread,30,3
412,deliturkey,70,3
412,chickentenders,56,3
412,meatballs,36,3
412,gouda,83,3
412,swisscheese,75,3
412,potatochips,40,3
412,tortillachips,60,3
412,doritos,64,3
412,ritzcracker,61,3
412,saltinecracker,42,3
412,wheatthins,57,3
412,eggrolls,72,3
412,frenchfries,65,3
412,butteredpopcorn,30,3
412,triscuits,72,3
412,wavylays,65,3
412,chocolateicecreamcone,80,3
412,strawberryicecreamcone,67,3
412,vanillasoftservecone,61,3
412,nutrigrainbar,69,3
412,churro,36,3
412,twistdonut,35,3
412,tuilecookie,54,3
412,madeleine,28,3
412,oatmealraisincookie,58,3
412,thumprintcookie,37,3
412,sugarcookie,33,3
412,vanillawafer,52,3
412,chocolatewafer,77,3
412,chocolatebark,81,3
412,darkchocolate,85,3
412,milkchocolate,74,3
412,pocky,64,3
412,toblerone,70,3
412,lindtlindorchocolatetruffle,90,3
412,twix,70,3
412,caramel,61,3
412,peanutmms,76,3
412,brownie,56,3
412,frostedbrownie,57,3
412,lemoncake,40,3
413,orange,75,3
413,plum,82,3
413,blackberry,71,3
413,peach,82,3
413,cherry,58,3
413,raspberry,66,3
413,apple,80,3
413,grape,77,3
413,goldendeliciousapple,68,3
413,honeydewmelon,57,3
413,kiwi,67,3
413,greenbellpepper,32,3
413,carrot,65,3
413,peanuts,62,3
413,almonds,58,3
413,baguette,67,3
413,slicedloafbread,52,3
413,boulebread,65,3
413,ryebread,46,3
413,deliturkey,41,3
413,chickentenders,28,3
413,meatballs,21,3
413,gouda,35,3
413,swisscheese,45,3
413,potatochips,48,3
413,tortillachips,50,3
413,doritos,55,3
413,ritzcracker,45,3
413,saltinecracker,49,3
413,wheatthins,39,3
413,eggrolls,35,3
413,frenchfries,24,3
413,butteredpopcorn,36,3
413,triscuits,35,3
413,wavylays,58,3
413,chocolateicecreamcone,75,3
413,strawberryicecreamcone,69,3
413,vanillasoftservecone,75,3
413,nutrigrainbar,51,3
413,churro,49,3
413,twistdonut,77,3
413,tuilecookie,50,3
413,madeleine,42,3
413,oatmealraisincookie,61,3
413,thumprintcookie,78,3
413,sugarcookie,70,3
413,vanillawafer,67,3
413,chocolatewafer,67,3
413,chocolatebark,81,3
413,darkchocolate,68,3
413,milkchocolate,76,3
413,pocky,64,3
413,toblerone,63,3
413,lindtlindorchocolatetruffle,71,3
413,twix,79,3
413,caramel,54,3
413,peanutmms,85,3
413,brownie,72,3
413,frostedbrownie,59,3
413,lemoncake,56,3
414,orange,60,3
414,plum,79,3
414,blackberry,66,3
414,peach,65,3
414,cherry,58,3
414,raspberry,77,3
414,apple,69,3
414,grape,69,3
414,goldendeliciousapple,60,3
414,honeydewmelon,2,3
414,kiwi,69,3
414,greenbellpepper,48,3
414,carrot,36,3
414,peanuts,21,3
414,almonds,60,3
414,baguette,23,3
414,slicedloafbread,24,3
414,boulebread,30,3
414,ryebread,38,3
414,deliturkey,31,3
414,chickentenders,29,3
414,meatballs,33,3
414,gouda,38,3
414,swisscheese,39,3
414,potatochips,11,3
414,tortillachips,11,3
414,doritos,35,3
414,ritzcracker,30,3
414,saltinecracker,18,3
414,wheatthins,5,3
414,eggrolls,9,3
414,frenchfries,11,3
414,butteredpopcorn,20,3
414,triscuits,8,3
414,wavylays,17,3
414,chocolateicecreamcone,70,3
414,strawberryicecreamcone,81,3
414,vanillasoftservecone,67,3
414,nutrigrainbar,19,3
414,churro,26,3
414,twistdonut,56,3
414,tuilecookie,6,3
414,madeleine,3,3
414,oatmealraisincookie,39,3
414,thumprintcookie,26,3
414,sugarcookie,22,3
414,vanillawafer,66,3
414,chocolatewafer,71,3
414,chocolatebark,100,3
414,darkchocolate,76,3
414,milkchocolate,88,3
414,pocky,69,3
414,toblerone,86,3
414,lindtlindorchocolatetruffle,53,3
414,twix,73,3
414,caramel,64,3
414,peanutmms,64,3
414,brownie,93,3
414,frostedbrownie,86,3
414,lemoncake,18,3
415,orange,73,3
415,plum,46,3
415,blackberry,76,3
415,peach,49,3
415,cherry,64,3
415,raspberry,66,3
415,apple,87,3
415,grape,75,3
415,goldendeliciousapple,75,3
415,honeydewmelon,1,3
415,kiwi,62,3
415,greenbellpepper,41,3
415,carrot,43,3
415,peanuts,56,3
415,almonds,63,3
415,baguette,25,3
415,slicedloafbread,9,3
415,boulebread,48,3
415,ryebread,85,3
415,deliturkey,54,3
415,chickentenders,37,3
415,meatballs,30,3
415,gouda,56,3
415,swisscheese,54,3
415,potatochips,11,3
415,tortillachips,49,3
415,doritos,20,3
415,ritzcracker,17,3
415,saltinecracker,8,3
415,wheatthins,23,3
415,eggrolls,22,3
415,frenchfries,2,3
415,butteredpopcorn,20,3
415,triscuits,44,3
415,wavylays,8,3
415,chocolateicecreamcone,93,3
415,strawberryicecreamcone,88,3
415,vanillasoftservecone,47,3
415,nutrigrainbar,36,3
415,churro,35,3
415,twistdonut,34,3
415,tuilecookie,18,3
415,madeleine,44,3
415,oatmealraisincookie,99,3
415,thumprintcookie,30,3
415,sugarcookie,51,3
415,vanillawafer,23,3
415,chocolatewafer,36,3
415,chocolatebark,44,3
415,darkchocolate,60,3
415,milkchocolate,40,3
415,pocky,43,3
415,toblerone,46,3
415,lindtlindorchocolatetruffle,66,3
415,twix,85,3
415,caramel,24,3
415,peanutmms,33,3
415,brownie,66,3
415,frostedbrownie,48,3
415,lemoncake,31,3
416,orange,81,3
416,plum,10,3
416,blackberry,79,3
416,peach,10,3
416,cherry,65,3
416,raspberry,63,3
416,apple,16,3
416,grape,73,3
416,goldendeliciousapple,12,3
416,honeydewmelon,8,3
416,kiwi,6,3
416,greenbellpepper,2,3
416,carrot,16,3
416,peanuts,74,3
416,almonds,75,3
416,baguette,29,3
416,slicedloafbread,47,3
416,boulebread,32,3
416,ryebread,31,3
416,deliturkey,67,3
416,chickentenders,17,3
416,meatballs,29,3
416,gouda,23,3
416,swisscheese,21,3
416,potatochips,89,3
416,tortillachips,91,3
416,doritos,83,3
416,ritzcracker,65,3
416,saltinecracker,40,3
416,wheatthins,66,3
416,eggrolls,50,3
416,frenchfries,23,3
416,butteredpopcorn,39,3
416,triscuits,79,3
416,wavylays,90,3
416,chocolateicecreamcone,19,3
416,strawberryicecreamcone,14,3
416,vanillasoftservecone,37,3
416,nutrigrainbar,79,3
416,churro,28,3
416,twistdonut,25,3
416,tuilecookie,35,3
416,madeleine,31,3
416,oatmealraisincookie,64,3
416,thumprintcookie,39,3
416,sugarcookie,33,3
416,vanillawafer,84,3
416,chocolatewafer,38,3
416,chocolatebark,31,3
416,darkchocolate,55,3
416,milkchocolate,70,3
416,pocky,7,3
416,toblerone,68,3
416,lindtlindorchocolatetruffle,60,3
416,twix,69,3
416,caramel,72,3
416,peanutmms,36,3
416,brownie,32,3
416,frostedbrownie,22,3
416,lemoncake,33,3
417,orange,78,3
417,plum,50,3
417,blackberry,63,3
417,peach,54,3
417,cherry,64,3
417,raspberry,64,3
417,apple,68,3
417,grape,68,3
417,goldendeliciousapple,76,3
417,honeydewmelon,21,3
417,kiwi,58,3
417,greenbellpepper,14,3
417,carrot,63,3
417,peanuts,62,3
417,almonds,82,3
417,baguette,39,3
417,slicedloafbread,22,3
417,boulebread,33,3
417,ryebread,34,3
417,deliturkey,54,3
417,chickentenders,63,3
417,meatballs,35,3
417,gouda,22,3
417,swisscheese,71,3
417,potatochips,61,3
417,tortillachips,76,3
417,doritos,70,3
417,ritzcracker,38,3
417,saltinecracker,33,3
417,wheatthins,42,3
417,eggrolls,34,3
417,frenchfries,57,3
417,butteredpopcorn,44,3
417,triscuits,35,3
417,wavylays,61,3
417,chocolateicecreamcone,65,3
417,strawberryicecreamcone,62,3
417,vanillasoftservecone,61,3
417,nutrigrainbar,42,3
417,churro,62,3
417,twistdonut,56,3
417,tuilecookie,61,3
417,madeleine,53,3
417,oatmealraisincookie,49,3
417,thumprintcookie,48,3
417,sugarcookie,39,3
417,vanillawafer,59,3
417,chocolatewafer,59,3
417,chocolatebark,60,3
417,darkchocolate,60,3
417,milkchocolate,67,3
417,pocky,59,3
417,toblerone,65,3
417,lindtlindorchocolatetruffle,56,3
417,twix,71,3
417,caramel,69,3
417,peanutmms,66,3
417,brownie,57,3
417,frostedbrownie,68,3
417,lemoncake,36,3
418,orange,100,3
418,plum,1,3
418,blackberry,100,3
418,peach,99,3
418,cherry,100,3
418,raspberry,99,3
418,apple,49,3
418,grape,99,3
418,goldendeliciousapple,50,3
418,honeydewmelon,3,3
418,kiwi,1,3
418,greenbellpepper,1,3
418,carrot,2,3
418,peanuts,49,3
418,almonds,100,3
418,baguette,49,3
418,slicedloafbread,1,3
418,boulebread,1,3
418,ryebread,2,3
418,deliturkey,1,3
418,chickentenders,1,3
418,meatballs,48,3
418,gouda,100,3
418,swisscheese,98,3
418,potatochips,1,3
418,tortillachips,1,3
418,doritos,2,3
418,ritzcracker,1,3
418,saltinecracker,1,3
418,wheatthins,1,3
418,eggrolls,48,3
418,frenchfries,99,3
418,butteredpopcorn,1,3
418,triscuits,1,3
418,wavylays,3,3
418,chocolateicecreamcone,100,3
418,strawberryicecreamcone,49,3
418,vanillasoftservecone,100,3
418,nutrigrainbar,1,3
418,churro,100,3
418,twistdonut,52,3
418,tuilecookie,1,3
418,madeleine,1,3
418,oatmealraisincookie,49,3
418,thumprintcookie,1,3
418,sugarcookie,1,3
418,vanillawafer,1,3
418,chocolatewafer,1,3
418,chocolatebark,52,3
418,darkchocolate,100,3
418,milkchocolate,100,3
418,pocky,1,3
418,toblerone,51,3
418,lindtlindorchocolatetruffle,100,3
418,twix,2,3
418,caramel,100,3
418,peanutmms,51,3
418,brownie,98,3
418,frostedbrownie,100,3
418,lemoncake,100,3
419,orange,95,3
419,plum,69,3
419,blackberry,89,3
419,peach,20,3
419,cherry,98,3
419,raspberry,83,3
419,apple,25,3
419,grape,85,3
419,goldendeliciousapple,33,3
419,honeydewmelon,14,3
419,kiwi,70,3
419,greenbellpepper,17,3
419,carrot,22,3
419,peanuts,77,3
419,almonds,68,3
419,baguette,47,3
419,slicedloafbread,38,3
419,boulebread,32,3
419,ryebread,16,3
419,deliturkey,23,3
419,chickentenders,44,3
419,meatballs,8,3
419,gouda,54,3
419,swisscheese,64,3
419,potatochips,41,3
419,tortillachips,68,3
419,doritos,65,3
419,ritzcracker,9,3
419,saltinecracker,22,3
419,wheatthins,14,3
419,eggrolls,5,3
419,frenchfries,54,3
419,butteredpopcorn,94,3
419,triscuits,1,3
419,wavylays,65,3
419,chocolateicecreamcone,72,3
419,strawberryicecreamcone,71,3
419,vanillasoftservecone,88,3
419,nutrigrainbar,3,3
419,churro,61,3
419,twistdonut,84,3
419,tuilecookie,67,3
419,madeleine,56,3
419,oatmealraisincookie,20,3
419,thumprintcookie,43,3
419,sugarcookie,90,3
419,vanillawafer,35,3
419,chocolatewafer,83,3
419,chocolatebark,71,3
419,darkchocolate,63,3
419,milkchocolate,79,3
419,pocky,79,3
419,toblerone,76,3
419,lindtlindorchocolatetruffle,66,3
419,twix,82,3
419,caramel,71,3
419,peanutmms,87,3
419,brownie,85,3
419,frostedbrownie,80,3
419,lemoncake,8,3
420,orange,97,3
420,plum,79,3
420,blackberry,82,3
420,peach,83,3
420,cherry,65,3
420,raspberry,77,3
420,apple,81,3
420,grape,73,3
420,goldendeliciousapple,79,3
420,honeydewmelon,1,3
420,kiwi,86,3
420,greenbellpepper,2,3
420,carrot,68,3
420,peanuts,2,3
420,almonds,3,3
420,baguette,57,3
420,slicedloafbread,47,3
420,boulebread,58,3
420,ryebread,50,3
420,deliturkey,97,3
420,chickentenders,89,3
420,meatballs,56,3
420,gouda,48,3
420,swisscheese,98,3
420,potatochips,59,3
420,tortillachips,32,3
420,doritos,43,3
420,ritzcracker,41,3
420,saltinecracker,3,3
420,wheatthins,29,3
420,eggrolls,98,3
420,frenchfries,97,3
420,butteredpopcorn,2,3
420,triscuits,2,3
420,wavylays,48,3
420,chocolateicecreamcone,98,3
420,strawberryicecreamcone,98,3
420,vanillasoftservecone,99,3
420,nutrigrainbar,47,3
420,churro,63,3
420,twistdonut,63,3
420,tuilecookie,62,3
420,madeleine,37,3
420,oatmealraisincookie,98,3
420,thumprintcookie,98,3
420,sugarcookie,99,3
420,vanillawafer,97,3
420,chocolatewafer,99,3
420,chocolatebark,98,3
420,darkchocolate,98,3
420,milkchocolate,99,3
420,pocky,98,3
420,toblerone,98,3
420,lindtlindorchocolatetruffle,98,3
420,twix,100,3
420,caramel,98,3
420,peanutmms,99,3
420,brownie,100,3
420,frostedbrownie,99,3
420,lemoncake,100,3
421,orange,87,3
421,plum,100,3
421,blackberry,99,3
421,peach,99,3
421,cherry,99,3
421,raspberry,99,3
421,apple,81,3
421,grape,100,3
421,goldendeliciousapple,64,3
421,honeydewmelon,84,3
421,kiwi,34,3
421,greenbellpepper,28,3
421,carrot,20,3
421,peanuts,79,3
421,almonds,79,3
421,baguette,48,3
421,slicedloafbread,22,3
421,boulebread,77,3
421,ryebread,80,3
421,deliturkey,49,3
421,chickentenders,52,3
421,meatballs,24,3
421,gouda,79,3
421,swisscheese,81,3
421,potatochips,52,3
421,tortillachips,51,3
421,doritos,51,3
421,ritzcracker,50,3
421,saltinecracker,50,3
421,wheatthins,49,3
421,eggrolls,20,3
421,frenchfries,31,3
421,butteredpopcorn,52,3
421,triscuits,48,3
421,wavylays,50,3
421,chocolateicecreamcone,74,3
421,strawberryicecreamcone,30,3
421,vanillasoftservecone,21,3
421,nutrigrainbar,19,3
421,churro,21,3
421,twistdonut,22,3
421,tuilecookie,19,3
421,madeleine,17,3
421,oatmealraisincookie,27,3
421,thumprintcookie,22,3
421,sugarcookie,22,3
421,vanillawafer,31,3
421,chocolatewafer,30,3
421,chocolatebark,62,3
421,darkchocolate,72,3
421,milkchocolate,75,3
421,pocky,14,3
421,toblerone,71,3
421,lindtlindorchocolatetruffle,78,3
421,twix,66,3
421,caramel,19,3
421,peanutmms,28,3
421,brownie,57,3
421,frostedbrownie,50,3
421,lemoncake,29,3
422,orange,69,3
422,plum,75,3
422,blackberry,77,3
422,peach,75,3
422,cherry,82,3
422,raspberry,63,3
422,apple,81,3
422,grape,77,3
422,goldendeliciousapple,68,3
422,honeydewmelon,66,3
422,kiwi,63,3
422,greenbellpepper,60,3
422,carrot,32,3
422,peanuts,72,3
422,almonds,84,3
422,baguette,46,3
422,slicedloafbread,33,3
422,boulebread,40,3
422,ryebread,39,3
422,deliturkey,82,3
422,chickentenders,82,3
422,meatballs,72,3
422,gouda,56,3
422,swisscheese,83,3
422,potatochips,77,3
422,tortillachips,60,3
422,doritos,66,3
422,ritzcracker,59,3
422,saltinecracker,54,3
422,wheatthins,65,3
422,eggrolls,72,3
422,frenchfries,87,3
422,butteredpopcorn,66,3
422,triscuits,34,3
422,wavylays,72,3
422,chocolateicecreamcone,79,3
422,strawberryicecreamcone,83,3
422,vanillasoftservecone,78,3
422,nutrigrainbar,62,3
422,churro,42,3
422,twistdonut,30,3
422,tuilecookie,70,3
422,madeleine,47,3
422,oatmealraisincookie,65,3
422,thumprintcookie,60,3
422,sugarcookie,52,3
422,vanillawafer,54,3
422,chocolatewafer,77,3
422,chocolatebark,68,3
422,darkchocolate,84,3
422,milkchocolate,79,3
422,pocky,64,3
422,toblerone,82,3
422,lindtlindorchocolatetruffle,79,3
422,twix,71,3
422,caramel,56,3
422,peanutmms,84,3
422,brownie,82,3
422,frostedbrownie,74,3
422,lemoncake,82,3
423,orange,68,3
423,plum,36,3
423,blackberry,67,3
423,peach,1,3
423,cherry,13,3
423,raspberry,91,3
423,apple,9,3
423,grape,18,3
423,goldendeliciousapple,9,3
423,honeydewmelon,12,3
423,kiwi,27,3
423,greenbellpepper,1,3
423,carrot,1,3
423,peanuts,18,3
423,almonds,55,3
423,baguette,100,3
423,slicedloafbread,71,3
423,boulebread,99,3
423,ryebread,81,3
423,deliturkey,33,3
423,chickentenders,31,3
423,meatballs,38,3
423,gouda,18,3
423,swisscheese,36,3
423,potatochips,56,3
423,tortillachips,26,3
423,doritos,21,3
423,ritzcracker,38,3
423,saltinecracker,34,3
423,wheatthins,22,3
423,eggrolls,31,3
423,frenchfries,83,3
423,butteredpopcorn,59,3
423,triscuits,27,3
423,wavylays,31,3
423,chocolateicecreamcone,99,3
423,strawberryicecreamcone,99,3
423,vanillasoftservecone,96,3
423,nutrigrainbar,24,3
423,churro,7,3
423,twistdonut,1,3
423,tuilecookie,28,3
423,madeleine,37,3
423,oatmealraisincookie,94,3
423,thumprintcookie,38,3
423,sugarcookie,52,3
423,vanillawafer,1,3
423,chocolatewafer,1,3
423,chocolatebark,58,3
423,darkchocolate,38,3
423,milkchocolate,16,3
423,pocky,30,3
423,toblerone,1,3
423,lindtlindorchocolatetruffle,12,3
423,twix,22,3
423,caramel,24,3
423,peanutmms,28,3
423,brownie,79,3
423,frostedbrownie,74,3
423,lemoncake,52,3
424,orange,84,3
424,plum,52,3
424,blackberry,74,3
424,peach,63,3
424,cherry,63,3
424,raspberry,71,3
424,apple,95,3
424,grape,75,3
424,goldendeliciousapple,40,3
424,honeydewmelon,42,3
424,kiwi,63,3
424,greenbellpepper,4,3
424,carrot,50,3
424,peanuts,65,3
424,almonds,69,3
424,baguette,30,3
424,slicedloafbread,6,3
424,boulebread,79,3
424,ryebread,64,3
424,deliturkey,20,3
424,chickentenders,74,3
424,meatballs,64,3
424,gouda,91,3
424,swisscheese,83,3
424,potatochips,18,3
424,tortillachips,17,3
424,doritos,23,3
424,ritzcracker,41,3
424,saltinecracker,59,3
424,wheatthins,19,3
424,eggrolls,63,3
424,frenchfries,10,3
424,butteredpopcorn,45,3
424,triscuits,25,3
424,wavylays,22,3
424,chocolateicecreamcone,59,3
424,strawberryicecreamcone,54,3
424,vanillasoftservecone,53,3
424,nutrigrainbar,32,3
424,churro,42,3
424,twistdonut,63,3
424,tuilecookie,44,3
424,madeleine,61,3
424,oatmealraisincookie,38,3
424,thumprintcookie,57,3
424,sugarcookie,30,3
424,vanillawafer,77,3
424,chocolatewafer,77,3
424,chocolatebark,87,3
424,darkchocolate,80,3
424,milkchocolate,72,3
424,pocky,4,3
424,toblerone,74,3
424,lindtlindorchocolatetruffle,89,3
424,twix,78,3
424,caramel,92,3
424,peanutmms,37,3
424,brownie,86,3
424,frostedbrownie,89,3
424,lemoncake,80,3
425,orange,100,3
425,plum,98,3
425,blackberry,99,3
425,peach,99,3
425,cherry,93,3
425,raspberry,98,3
425,apple,98,3
425,grape,98,3
425,goldendeliciousapple,99,3
425,honeydewmelon,100,3
425,kiwi,99,3
425,greenbellpepper,98,3
425,carrot,100,3
425,peanuts,90,3
425,almonds,100,3
425,baguette,6,3
425,slicedloafbread,2,3
425,boulebread,46,3
425,ryebread,55,3
425,deliturkey,4,3
425,chickentenders,3,3
425,meatballs,5,3
425,gouda,87,3
425,swisscheese,80,3
425,potatochips,6,3
425,tortillachips,3,3
425,doritos,3,3
425,ritzcracker,3,3
425,saltinecracker,5,3
425,wheatthins,52,3
425,eggrolls,4,3
425,frenchfries,3,3
425,butteredpopcorn,1,3
425,triscuits,2,3
425,wavylays,1,3
425,chocolateicecreamcone,47,3
425,strawberryicecreamcone,1,3
425,vanillasoftservecone,4,3
425,nutrigrainbar,78,3
425,churro,5,3
425,twistdonut,4,3
425,tuilecookie,5,3
425,madeleine,9,3
425,oatmealraisincookie,4,3
425,thumprintcookie,1,3
425,sugarcookie,2,3
425,vanillawafer,2,3
425,chocolatewafer,2,3
425,chocolatebark,1,3
425,darkchocolate,5,3
425,milkchocolate,7,3
425,pocky,5,3
425,toblerone,4,3
425,lindtlindorchocolatetruffle,2,3
425,twix,1,3
425,caramel,1,3
425,peanutmms,3,3
425,brownie,3,3
425,frostedbrownie,86,3
425,lemoncake,3,3
426,orange,62,3
426,plum,5,3
426,blackberry,37,3
426,peach,63,3
426,cherry,63,3
426,raspberry,52,3
426,apple,98,3
426,grape,77,3
426,goldendeliciousapple,94,3
426,honeydewmelon,6,3
426,kiwi,17,3
426,greenbellpepper,4,3
426,carrot,71,3
426,peanuts,71,3
426,almonds,71,3
426,baguette,15,3
426,slicedloafbread,24,3
426,boulebread,10,3
426,ryebread,24,3
426,deliturkey,17,3
426,chickentenders,67,3
426,meatballs,14,3
426,gouda,10,3
426,swisscheese,53,3
426,potatochips,32,3
426,tortillachips,29,3
426,doritos,43,3
426,ritzcracker,33,3
426,saltinecracker,15,3
426,wheatthins,31,3
426,eggrolls,18,3
426,frenchfries,41,3
426,butteredpopcorn,25,3
426,triscuits,11,3
426,wavylays,38,3
426,chocolateicecreamcone,28,3
426,strawberryicecreamcone,20,3
426,vanillasoftservecone,28,3
426,nutrigrainbar,19,3
426,churro,13,3
426,twistdonut,40,3
426,tuilecookie,12,3
426,madeleine,26,3
426,oatmealraisincookie,76,3
426,thumprintcookie,24,3
426,sugarcookie,30,3
426,vanillawafer,11,3
426,chocolatewafer,8,3
426,chocolatebark,13,3
426,darkchocolate,37,3
426,milkchocolate,21,3
426,pocky,6,3
426,toblerone,30,3
426,lindtlindorchocolatetruffle,50,3
426,twix,8,3
426,caramel,10,3
426,peanutmms,28,3
426,brownie,56,3
426,frostedbrownie,75,3
426,lemoncake,78,3
427,orange,50,3
427,plum,1,3
427,blackberry,76,3
427,peach,5,3
427,cherry,7,3
427,raspberry,96,3
427,apple,66,3
427,grape,51,3
427,goldendeliciousapple,94,3
427,honeydewmelon,11,3
427,kiwi,34,3
427,greenbellpepper,74,3
427,carrot,80,3
427,peanuts,6,3
427,almonds,34,3
427,baguette,73,3
427,slicedloafbread,72,3
427,boulebread,73,3
427,ryebread,68,3
427,deliturkey,3,3
427,chickentenders,93,3
427,meatballs,2,3
427,gouda,22,3
427,swisscheese,89,3
427,potatochips,96,3
427,tortillachips,92,3
427,doritos,83,3
427,ritzcracker,7,3
427,saltinecracker,16,3
427,wheatthins,23,3
427,eggrolls,11,3
427,frenchfries,100,3
427,butteredpopcorn,14,3
427,triscuits,17,3
427,wavylays,89,3
427,chocolateicecreamcone,63,3
427,strawberryicecreamcone,60,3
427,vanillasoftservecone,74,3
427,nutrigrainbar,3,3
427,churro,4,3
427,twistdonut,22,3
427,tuilecookie,13,3
427,madeleine,7,3
427,oatmealraisincookie,23,3
427,thumprintcookie,11,3
427,sugarcookie,72,3
427,vanillawafer,8,3
427,chocolatewafer,24,3
427,chocolatebark,5,3
427,darkchocolate,19,3
427,milkchocolate,25,3
427,pocky,3,3
427,toblerone,15,3
427,lindtlindorchocolatetruffle,61,3
427,twix,54,3
427,caramel,9,3
427,peanutmms,90,3
427,brownie,75,3
427,frostedbrownie,85,3
427,lemoncake,9,3
428,orange,96,3
428,plum,45,3
428,blackberry,36,3
428,peach,38,3
428,cherry,40,3
428,raspberry,44,3
428,apple,90,3
428,grape,82,3
428,goldendeliciousapple,93,3
428,honeydewmelon,17,3
428,kiwi,34,3
428,greenbellpepper,1,3
428,carrot,87,3
428,peanuts,33,3
428,almonds,47,3
428,baguette,42,3
428,slicedloafbread,25,3
428,boulebread,31,3
428,ryebread,32,3
428,deliturkey,1,3
428,chickentenders,1,3
428,meatballs,1,3
428,gouda,37,3
428,swisscheese,43,3
428,potatochips,90,3
428,tortillachips,82,3
428,doritos,79,3
428,ritzcracker,51,3
428,saltinecracker,52,3
428,wheatthins,51,3
428,eggrolls,1,3
428,frenchfries,80,3
428,butteredpopcorn,96,3
428,triscuits,36,3
428,wavylays,80,3
428,chocolateicecreamcone,42,3
428,strawberryicecreamcone,37,3
428,vanillasoftservecone,31,3
428,nutrigrainbar,51,3
428,churro,53,3
428,twistdonut,48,3
428,tuilecookie,39,3
428,madeleine,44,3
428,oatmealraisincookie,60,3
428,thumprintcookie,46,3
428,sugarcookie,59,3
428,vanillawafer,43,3
428,chocolatewafer,54,3
428,chocolatebark,57,3
428,darkchocolate,55,3
428,milkchocolate,57,3
428,pocky,50,3
428,toblerone,66,3
428,lindtlindorchocolatetruffle,43,3
428,twix,70,3
428,caramel,40,3
428,peanutmms,82,3
428,brownie,50,3
428,frostedbrownie,49,3
428,lemoncake,42,3
429,orange,51,3
429,plum,85,3
429,blackberry,47,3
429,peach,51,3
429,cherry,100,3
429,raspberry,43,3
429,apple,39,3
429,grape,71,3
429,goldendeliciousapple,34,3
429,honeydewmelon,41,3
429,kiwi,44,3
429,greenbellpepper,1,3
429,carrot,15,3
429,peanuts,27,3
429,almonds,39,3
429,baguette,33,3
429,slicedloafbread,35,3
429,boulebread,35,3
429,ryebread,22,3
429,deliturkey,9,3
429,chickentenders,46,3
429,meatballs,36,3
429,gouda,82,3
429,swisscheese,80,3
429,potatochips,41,3
429,tortillachips,24,3
429,doritos,44,3
429,ritzcracker,1,3
429,saltinecracker,8,3
429,wheatthins,1,3
429,eggrolls,53,3
429,frenchfries,53,3
429,butteredpopcorn,49,3
429,triscuits,1,3
429,wavylays,28,3
429,chocolateicecreamcone,22,3
429,strawberryicecreamcone,38,3
429,vanillasoftservecone,100,3
429,nutrigrainbar,37,3
429,churro,69,3
429,twistdonut,30,3
429,tuilecookie,21,3
429,madeleine,37,3
429,oatmealraisincookie,60,3
429,thumprintcookie,13,3
429,sugarcookie,22,3
429,vanillawafer,1,3
429,chocolatewafer,1,3
429,chocolatebark,38,3
429,darkchocolate,49,3
429,milkchocolate,39,3
429,pocky,14,3
429,toblerone,51,3
429,lindtlindorchocolatetruffle,29,3
429,twix,19,3
429,caramel,45,3
429,peanutmms,50,3
429,brownie,82,3
429,frostedbrownie,81,3
429,lemoncake,40,3
430,orange,77,3
430,plum,82,3
430,blackberry,51,3
430,peach,90,3
430,cherry,1,3
430,raspberry,60,3
430,apple,81,3
430,grape,100,3
430,goldendeliciousapple,100,3
430,honeydewmelon,78,3
430,kiwi,82,3
430,greenbellpepper,78,3
430,carrot,1,3
430,peanuts,72,3
430,almonds,78,3
430,baguette,4,3
430,slicedloafbread,30,3
430,boulebread,14,3
430,ryebread,3,3
430,deliturkey,89,3
430,chickentenders,76,3
430,meatballs,82,3
430,gouda,83,3
430,swisscheese,78,3
430,potatochips,73,3
430,tortillachips,66,3
430,doritos,94,3
430,ritzcracker,67,3
430,saltinecracker,24,3
430,wheatthins,19,3
430,eggrolls,62,3
430,frenchfries,90,3
430,butteredpopcorn,47,3
430,triscuits,35,3
430,wavylays,88,3
430,chocolateicecreamcone,1,3
430,strawberryicecreamcone,100,3
430,vanillasoftservecone,100,3
430,nutrigrainbar,59,3
430,churro,79,3
430,twistdonut,97,3
430,tuilecookie,68,3
430,madeleine,48,3
430,oatmealraisincookie,27,3
430,thumprintcookie,54,3
430,sugarcookie,78,3
430,vanillawafer,53,3
430,chocolatewafer,74,3
430,chocolatebark,15,3
430,darkchocolate,28,3
430,milkchocolate,70,3
430,pocky,27,3
430,toblerone,90,3
430,lindtlindorchocolatetruffle,42,3
430,twix,100,3
430,caramel,43,3
430,peanutmms,80,3
430,brownie,100,3
430,frostedbrownie,100,3
430,lemoncake,89,3
431,orange,74,3
431,plum,68,3
431,blackberry,12,3
431,peach,69,3
431,cherry,96,3
431,raspberry,79,3
431,apple,74,3
431,grape,76,3
431,goldendeliciousapple,66,3
431,honeydewmelon,73,3
431,kiwi,68,3
431,greenbellpepper,19,3
431,carrot,21,3
431,peanuts,60,3
431,almonds,30,3
431,baguette,14,3
431,slicedloafbread,9,3
431,boulebread,20,3
431,ryebread,11,3
431,deliturkey,80,3
431,chickentenders,70,3
431,meatballs,78,3
431,gouda,76,3
431,swisscheese,80,3
431,potatochips,63,3
431,tortillachips,19,3
431,doritos,60,3
431,ritzcracker,59,3
431,saltinecracker,30,3
431,wheatthins,24,3
431,eggrolls,67,3
431,frenchfries,40,3
431,butteredpopcorn,20,3
431,triscuits,16,3
431,wavylays,65,3
431,chocolateicecreamcone,37,3
431,strawberryicecreamcone,54,3
431,vanillasoftservecone,60,3
431,nutrigrainbar,29,3
431,churro,20,3
431,twistdonut,5,3
431,tuilecookie,19,3
431,madeleine,64,3
431,oatmealraisincookie,61,3
431,thumprintcookie,23,3
431,sugarcookie,75,3
431,vanillawafer,16,3
431,chocolatewafer,12,3
431,chocolatebark,41,3
431,darkchocolate,70,3
431,milkchocolate,37,3
431,pocky,18,3
431,toblerone,13,3
431,lindtlindorchocolatetruffle,31,3
431,twix,9,3
431,caramel,10,3
431,peanutmms,11,3
431,brownie,61,3
431,frostedbrownie,73,3
431,lemoncake,78,3
432,orange,83,3
432,plum,2,3
432,blackberry,80,3
432,peach,1,3
432,cherry,77,3
432,raspberry,77,3
432,apple,2,3
432,grape,88,3
432,goldendeliciousapple,2,3
432,honeydewmelon,3,3
432,kiwi,15,3
432,greenbellpepper,13,3
432,carrot,9,3
432,peanuts,2,3
432,almonds,2,3
432,baguette,19,3
432,slicedloafbread,24,3
432,boulebread,2,3
432,ryebread,3,3
432,deliturkey,64,3
432,chickentenders,67,3
432,meatballs,3,3
432,gouda,56,3
432,swisscheese,98,3
432,potatochips,49,3
432,tortillachips,49,3
432,doritos,55,3
432,ritzcracker,48,3
432,saltinecracker,55,3
432,wheatthins,51,3
432,eggrolls,99,3
432,frenchfries,47,3
432,butteredpopcorn,80,3
432,triscuits,23,3
432,wavylays,48,3
432,chocolateicecreamcone,63,3
432,strawberryicecreamcone,71,3
432,vanillasoftservecone,62,3
432,nutrigrainbar,44,3
432,churro,23,3
432,twistdonut,49,3
432,tuilecookie,1,3
432,madeleine,2,3
432,oatmealraisincookie,2,3
432,thumprintcookie,15,3
432,sugarcookie,48,3
432,vanillawafer,44,3
432,chocolatewafer,51,3
432,chocolatebark,2,3
432,darkchocolate,58,3
432,milkchocolate,82,3
432,pocky,2,3
432,toblerone,58,3
432,lindtlindorchocolatetruffle,57,3
432,twix,50,3
432,caramel,13,3
432,peanutmms,61,3
432,brownie,2,3
432,frostedbrownie,2,3
432,lemoncake,2,3
433,orange,2,3
433,plum,3,3
433,blackberry,2,3
433,peach,1,3
433,cherry,3,3
433,raspberry,2,3
433,apple,3,3
433,grape,3,3
433,goldendeliciousapple,3,3
433,honeydewmelon,3,3
433,kiwi,3,3
433,greenbellpepper,3,3
433,carrot,3,3
433,peanuts,46,3
433,almonds,33,3
433,baguette,52,3
433,slicedloafbread,48,3
433,boulebread,49,3
433,ryebread,45,3
433,deliturkey,24,3
433,chickentenders,19,3
433,meatballs,33,3
433,gouda,48,3
433,swisscheese,34,3
433,potatochips,99,3
433,tortillachips,47,3
433,doritos,69,3
433,ritzcracker,52,3
433,saltinecracker,50,3
433,wheatthins,46,3
433,eggrolls,38,3
433,frenchfries,90,3
433,butteredpopcorn,25,3
433,triscuits,49,3
433,wavylays,100,3
433,chocolateicecreamcone,99,3
433,strawberryicecreamcone,83,3
433,vanillasoftservecone,81,3
433,nutrigrainbar,22,3
433,churro,98,3
433,twistdonut,50,3
433,tuilecookie,34,3
433,madeleine,85,3
433,oatmealraisincookie,77,3
433,thumprintcookie,46,3
433,sugarcookie,88,3
433,vanillawafer,77,3
433,chocolatewafer,98,3
433,chocolatebark,79,3
433,darkchocolate,67,3
433,milkchocolate,73,3
433,pocky,55,3
433,toblerone,65,3
433,lindtlindorchocolatetruffle,76,3
433,twix,98,3
433,caramel,79,3
433,peanutmms,100,3
433,brownie,39,3
433,frostedbrownie,99,3
433,lemoncake,40,3
434,orange,94,3
434,plum,100,3
434,blackberry,80,3
434,peach,90,3
434,cherry,77,3
434,raspberry,98,3
434,apple,97,3
434,grape,99,3
434,goldendeliciousapple,99,3
434,honeydewmelon,69,3
434,kiwi,82,3
434,greenbellpepper,6,3
434,carrot,94,3
434,peanuts,98,3
434,almonds,76,3
434,baguette,78,3
434,slicedloafbread,63,3
434,boulebread,91,3
434,ryebread,69,3
434,deliturkey,64,3
434,chickentenders,71,3
434,meatballs,45,3
434,gouda,88,3
434,swisscheese,93,3
434,potatochips,78,3
434,tortillachips,71,3
434,doritos,81,3
434,ritzcracker,77,3
434,saltinecracker,87,3
434,wheatthins,59,3
434,eggrolls,89,3
434,frenchfries,87,3
434,butteredpopcorn,91,3
434,triscuits,76,3
434,wavylays,85,3
434,chocolateicecreamcone,46,3
434,strawberryicecreamcone,87,3
434,vanillasoftservecone,56,3
434,nutrigrainbar,92,3
434,churro,41,3
434,twistdonut,82,3
434,tuilecookie,93,3
434,madeleine,90,3
434,oatmealraisincookie,92,3
434,thumprintcookie,70,3
434,sugarcookie,53,3
434,vanillawafer,71,3
434,chocolatewafer,45,3
434,chocolatebark,82,3
434,darkchocolate,91,3
434,milkchocolate,86,3
434,pocky,82,3
434,toblerone,87,3
434,lindtlindorchocolatetruffle,65,3
434,twix,64,3
434,caramel,74,3
434,peanutmms,43,3
434,brownie,21,3
434,frostedbrownie,33,3
434,lemoncake,25,3
435,orange,72,3
435,plum,57,3
435,blackberry,66,3
435,peach,60,3
435,cherry,68,3
435,raspberry,73,3
435,apple,59,3
435,grape,93,3
435,goldendeliciousapple,63,3
435,honeydewmelon,90,3
435,kiwi,63,3
435,greenbellpepper,3,3
435,carrot,37,3
435,peanuts,73,3
435,almonds,58,3
435,baguette,12,3
435,slicedloafbread,23,3
435,boulebread,23,3
435,ryebread,25,3
435,deliturkey,35,3
435,chickentenders,59,3
435,meatballs,43,3
435,gouda,60,3
435,swisscheese,62,3
435,potatochips,75,3
435,tortillachips,65,3
435,doritos,72,3
435,ritzcracker,22,3
435,saltinecracker,14,3
435,wheatthins,16,3
435,eggrolls,41,3
435,frenchfries,82,3
435,butteredpopcorn,78,3
435,triscuits,21,3
435,wavylays,78,3
435,chocolateicecreamcone,100,3
435,strawberryicecreamcone,91,3
435,vanillasoftservecone,96,3
435,nutrigrainbar,56,3
435,churro,88,3
435,twistdonut,98,3
435,tuilecookie,21,3
435,madeleine,65,3
435,oatmealraisincookie,85,3
435,thumprintcookie,55,3
435,sugarcookie,71,3
435,vanillawafer,33,3
435,chocolatewafer,82,3
435,chocolatebark,64,3
435,darkchocolate,99,3
435,milkchocolate,99,3
435,pocky,21,3
435,toblerone,78,3
435,lindtlindorchocolatetruffle,99,3
435,twix,99,3
435,caramel,75,3
435,peanutmms,99,3
435,brownie,99,3
435,frostedbrownie,98,3
435,lemoncake,95,3
436,orange,99,3
436,plum,26,3
436,blackberry,39,3
436,peach,33,3
436,cherry,64,3
436,raspberry,52,3
436,apple,31,3
436,grape,97,3
436,goldendeliciousapple,19,3
436,honeydewmelon,1,3
436,kiwi,45,3
436,greenbellpepper,11,3
436,carrot,1,3
436,peanuts,70,3
436,almonds,20,3
436,baguette,9,3
436,slicedloafbread,32,3
436,boulebread,12,3
436,ryebread,38,3
436,deliturkey,17,3
436,chickentenders,17,3
436,meatballs,9,3
436,gouda,19,3
436,swisscheese,23,3
436,potatochips,89,3
436,tortillachips,69,3
436,doritos,78,3
436,ritzcracker,30,3
436,saltinecracker,28,3
436,wheatthins,24,3
436,eggrolls,7,3
436,frenchfries,90,3
436,butteredpopcorn,39,3
436,triscuits,7,3
436,wavylays,86,3
436,chocolateicecreamcone,90,3
436,strawberryicecreamcone,99,3
436,vanillasoftservecone,98,3
436,nutrigrainbar,66,3
436,churro,15,3
436,twistdonut,13,3
436,tuilecookie,24,3
436,madeleine,15,3
436,oatmealraisincookie,57,3
436,thumprintcookie,76,3
436,sugarcookie,75,3
436,vanillawafer,77,3
436,chocolatewafer,99,3
436,chocolatebark,24,3
436,darkchocolate,99,3
436,milkchocolate,98,3
436,pocky,35,3
436,toblerone,98,3
436,lindtlindorchocolatetruffle,99,3
436,twix,100,3
436,caramel,11,3
436,peanutmms,99,3
436,brownie,99,3
436,frostedbrownie,97,3
436,lemoncake,83,3
437,orange,2,3
437,plum,3,3
437,blackberry,3,3
437,peach,2,3
437,cherry,2,3
437,raspberry,3,3
437,apple,1,3
437,grape,3,3
437,goldendeliciousapple,2,3
437,honeydewmelon,1,3
437,kiwi,2,3
437,greenbellpepper,3,3
437,carrot,2,3
437,peanuts,97,3
437,almonds,2,3
437,baguette,53,3
437,slicedloafbread,52,3
437,boulebread,51,3
437,ryebread,47,3
437,deliturkey,97,3
437,chickentenders,98,3
437,meatballs,99,3
437,gouda,49,3
437,swisscheese,99,3
437,potatochips,100,3
437,tortillachips,99,3
437,doritos,99,3
437,ritzcracker,97,3
437,saltinecracker,98,3
437,wheatthins,51,3
437,eggrolls,99,3
437,frenchfries,99,3
437,butteredpopcorn,1,3
437,triscuits,2,3
437,wavylays,53,3
437,chocolateicecreamcone,3,3
437,strawberryicecreamcone,52,3
437,vanillasoftservecone,99,3
437,nutrigrainbar,2,3
437,churro,98,3
437,twistdonut,55,3
437,tuilecookie,96,3
437,madeleine,53,3
437,oatmealraisincookie,3,3
437,thumprintcookie,2,3
437,sugarcookie,98,3
437,vanillawafer,99,3
437,chocolatewafer,98,3
437,chocolatebark,3,3
437,darkchocolate,2,3
437,milkchocolate,3,3
437,pocky,1,3
437,toblerone,3,3
437,lindtlindorchocolatetruffle,2,3
437,twix,3,3
437,caramel,3,3
437,peanutmms,4,3
437,brownie,50,3
437,frostedbrownie,51,3
437,lemoncake,4,3
438,orange,93,3
438,plum,92,3
438,blackberry,96,3
438,peach,94,3
438,cherry,96,3
438,raspberry,97,3
438,apple,92,3
438,grape,94,3
438,goldendeliciousapple,96,3
438,honeydewmelon,52,3
438,kiwi,94,3
438,greenbellpepper,79,3
438,carrot,49,3
438,peanuts,47,3
438,almonds,92,3
438,baguette,99,3
438,slicedloafbread,68,3
438,boulebread,96,3
438,ryebread,95,3
438,deliturkey,97,3
438,chickentenders,98,3
438,meatballs,89,3
438,gouda,92,3
438,swisscheese,96,3
438,potatochips,97,3
438,tortillachips,93,3
438,doritos,98,3
438,ritzcracker,95,3
438,saltinecracker,70,3
438,wheatthins,86,3
438,eggrolls,29,3
438,frenchfries,96,3
438,butteredpopcorn,96,3
438,triscuits,98,3
438,wavylays,96,3
438,chocolateicecreamcone,84,3
438,strawberryicecreamcone,23,3
438,vanillasoftservecone,7,3
438,nutrigrainbar,7,3
438,churro,20,3
438,twistdonut,93,3
438,tuilecookie,49,3
438,madeleine,91,3
438,oatmealraisincookie,46,3
438,thumprintcookie,58,3
438,sugarcookie,47,3
438,vanillawafer,52,3
438,chocolatewafer,73,3
438,chocolatebark,42,3
438,darkchocolate,70,3
438,milkchocolate,72,3
438,pocky,32,3
438,toblerone,78,3
438,lindtlindorchocolatetruffle,50,3
438,twix,74,3
438,caramel,53,3
438,peanutmms,90,3
438,brownie,81,3
438,frostedbrownie,93,3
438,lemoncake,97,3
439,orange,100,3
439,plum,1,3
439,blackberry,75,3
439,peach,1,3
439,cherry,86,3
439,raspberry,78,3
439,apple,100,3
439,grape,100,3
439,goldendeliciousapple,100,3
439,honeydewmelon,42,3
439,kiwi,75,3
439,greenbellpepper,100,3
439,carrot,86,3
439,peanuts,68,3
439,almonds,61,3
439,baguette,1,3
439,slicedloafbread,1,3
439,boulebread,1,3
439,ryebread,1,3
439,deliturkey,100,3
439,chickentenders,100,3
439,meatballs,65,3
439,gouda,100,3
439,swisscheese,100,3
439,potatochips,56,3
439,tortillachips,51,3
439,doritos,65,3
439,ritzcracker,33,3
439,saltinecracker,1,3
439,wheatthins,48,3
439,eggrolls,99,3
439,frenchfries,61,3
439,butteredpopcorn,80,3
439,triscuits,50,3
439,wavylays,65,3
439,chocolateicecreamcone,54,3
439,strawberryicecreamcone,66,3
439,vanillasoftservecone,60,3
439,nutrigrainbar,65,3
439,churro,43,3
439,twistdonut,37,3
439,tuilecookie,37,3
439,madeleine,51,3
439,oatmealraisincookie,68,3
439,thumprintcookie,27,3
439,sugarcookie,48,3
439,vanillawafer,70,3
439,chocolatewafer,66,3
439,chocolatebark,100,3
439,darkchocolate,39,3
439,milkchocolate,61,3
439,pocky,35,3
439,toblerone,60,3
439,lindtlindorchocolatetruffle,42,3
439,twix,63,3
439,caramel,2,3
439,peanutmms,65,3
439,brownie,63,3
439,frostedbrownie,82,3
439,lemoncake,27,3
440,orange,84,3
440,plum,55,3
440,blackberry,19,3
440,peach,69,3
440,cherry,22,3
440,raspberry,48,3
440,apple,75,3
440,grape,82,3
440,goldendeliciousapple,77,3
440,honeydewmelon,11,3
440,kiwi,97,3
440,greenbellpepper,4,3
440,carrot,11,3
440,peanuts,15,3
440,almonds,77,3
440,baguette,43,3
440,slicedloafbread,25,3
440,boulebread,47,3
440,ryebread,51,3
440,deliturkey,18,3
440,chickentenders,31,3
440,meatballs,35,3
440,gouda,14,3
440,swisscheese,22,3
440,potatochips,75,3
440,tortillachips,63,3
440,doritos,39,3
440,ritzcracker,32,3
440,saltinecracker,56,3
440,wheatthins,56,3
440,eggrolls,13,3
440,frenchfries,68,3
440,butteredpopcorn,60,3
440,triscuits,37,3
440,wavylays,45,3
440,chocolateicecreamcone,66,3
440,strawberryicecreamcone,73,3
440,vanillasoftservecone,85,3
440,nutrigrainbar,8,3
440,churro,16,3
440,twistdonut,73,3
440,tuilecookie,11,3
440,madeleine,23,3
440,oatmealraisincookie,37,3
440,thumprintcookie,19,3
440,sugarcookie,74,3
440,vanillawafer,22,3
440,chocolatewafer,37,3
440,chocolatebark,66,3
440,darkchocolate,47,3
440,milkchocolate,69,3
440,pocky,75,3
440,toblerone,25,3
440,lindtlindorchocolatetruffle,41,3
440,twix,88,3
440,caramel,60,3
440,peanutmms,62,3
440,brownie,89,3
440,frostedbrownie,74,3
440,lemoncake,65,3
441,orange,56,3
441,plum,7,3
441,blackberry,54,3
441,peach,1,3
441,cherry,15,3
441,raspberry,63,3
441,apple,74,3
441,grape,62,3
441,goldendeliciousapple,61,3
441,honeydewmelon,50,3
441,kiwi,12,3
441,greenbellpepper,1,3
441,carrot,2,3
441,peanuts,34,3
441,almonds,26,3
441,baguette,13,3
441,slicedloafbread,9,3
441,boulebread,10,3
441,ryebread,7,3
441,deliturkey,40,3
441,chickentenders,64,3
441,meatballs,33,3
441,gouda,47,3
441,swisscheese,47,3
441,potatochips,35,3
441,tortillachips,22,3
441,doritos,45,3
441,ritzcracker,13,3
441,saltinecracker,22,3
441,wheatthins,21,3
441,eggrolls,15,3
441,frenchfries,51,3
441,butteredpopcorn,34,3
441,triscuits,15,3
441,wavylays,34,3
441,chocolateicecreamcone,98,3
441,strawberryicecreamcone,72,3
441,vanillasoftservecone,99,3
441,nutrigrainbar,27,3
441,churro,64,3
441,twistdonut,29,3
441,tuilecookie,15,3
441,madeleine,75,3
441,oatmealraisincookie,68,3
441,thumprintcookie,61,3
441,sugarcookie,73,3
441,vanillawafer,66,3
441,chocolatewafer,95,3
441,chocolatebark,79,3
441,darkchocolate,89,3
441,milkchocolate,93,3
441,pocky,60,3
441,toblerone,91,3
441,lindtlindorchocolatetruffle,96,3
441,twix,98,3
441,caramel,25,3
441,peanutmms,99,3
441,brownie,99,3
441,frostedbrownie,100,3
441,lemoncake,98,3
442,orange,75,3
442,plum,96,3
442,blackberry,46,3
442,peach,93,3
442,cherry,41,3
442,raspberry,20,3
442,apple,89,3
442,grape,91,3
442,goldendeliciousapple,83,3
442,honeydewmelon,98,3
442,kiwi,82,3
442,greenbellpepper,6,3
442,carrot,31,3
442,peanuts,75,3
442,almonds,78,3
442,baguette,23,3
442,slicedloafbread,13,3
442,boulebread,9,3
442,ryebread,17,3
442,deliturkey,58,3
442,chickentenders,82,3
442,meatballs,86,3
442,gouda,18,3
442,swisscheese,21,3
442,potatochips,74,3
442,tortillachips,12,3
442,doritos,59,3
442,ritzcracker,13,3
442,saltinecracker,15,3
442,wheatthins,37,3
442,eggrolls,63,3
442,frenchfries,86,3
442,butteredpopcorn,63,3
442,triscuits,13,3
442,wavylays,95,3
442,chocolateicecreamcone,35,3
442,strawberryicecreamcone,45,3
442,vanillasoftservecone,93,3
442,nutrigrainbar,22,3
442,churro,93,3
442,twistdonut,81,3
442,tuilecookie,56,3
442,madeleine,45,3
442,oatmealraisincookie,72,3
442,thumprintcookie,57,3
442,sugarcookie,58,3
442,vanillawafer,73,3
442,chocolatewafer,65,3
442,chocolatebark,50,3
442,darkchocolate,45,3
442,milkchocolate,52,3
442,pocky,45,3
442,toblerone,21,3
442,lindtlindorchocolatetruffle,24,3
442,twix,67,3
442,caramel,11,3
442,peanutmms,70,3
442,brownie,56,3
442,frostedbrownie,66,3
442,lemoncake,72,3
443,orange,98,3
443,plum,99,3
443,blackberry,99,3
443,peach,99,3
443,cherry,98,3
443,raspberry,98,3
443,apple,98,3
443,grape,98,3
443,goldendeliciousapple,100,3
443,honeydewmelon,99,3
443,kiwi,98,3
443,greenbellpepper,98,3
443,carrot,100,3
443,peanuts,84,3
443,almonds,98,3
443,baguette,81,3
443,slicedloafbread,78,3
443,boulebread,83,3
443,ryebread,91,3
443,deliturkey,80,3
443,chickentenders,14,3
443,meatballs,9,3
443,gouda,82,3
443,swisscheese,81,3
443,potatochips,10,3
443,tortillachips,12,3
443,doritos,15,3
443,ritzcracker,76,3
443,saltinecracker,83,3
443,wheatthins,86,3
443,eggrolls,12,3
443,frenchfries,14,3
443,butteredpopcorn,86,3
443,triscuits,86,3
443,wavylays,8,3
443,chocolateicecreamcone,3,3
443,strawberryicecreamcone,2,3
443,vanillasoftservecone,1,3
443,nutrigrainbar,15,3
443,churro,3,3
443,twistdonut,83,3
443,tuilecookie,1,3
443,madeleine,2,3
443,oatmealraisincookie,3,3
443,thumprintcookie,1,3
443,sugarcookie,2,3
443,vanillawafer,3,3
443,chocolatewafer,2,3
443,chocolatebark,3,3
443,darkchocolate,4,3
443,milkchocolate,2,3
443,pocky,2,3
443,toblerone,2,3
443,lindtlindorchocolatetruffle,3,3
443,twix,2,3
443,caramel,3,3
443,peanutmms,2,3
443,brownie,3,3
443,frostedbrownie,2,3
443,lemoncake,2,3
444,orange,5,3
444,plum,6,3
444,blackberry,7,3
444,peach,6,3
444,cherry,3,3
444,raspberry,4,3
444,apple,3,3
444,grape,4,3
444,goldendeliciousapple,4,3
444,honeydewmelon,5,3
444,kiwi,7,3
444,greenbellpepper,4,3
444,carrot,5,3
444,peanuts,69,3
444,almonds,74,3
444,baguette,5,3
444,slicedloafbread,8,3
444,boulebread,4,3
444,ryebread,5,3
444,deliturkey,7,3
444,chickentenders,57,3
444,meatballs,47,3
444,gouda,4,3
444,swisscheese,3,3
444,potatochips,49,3
444,tortillachips,58,3
444,doritos,68,3
444,ritzcracker,6,3
444,saltinecracker,6,3
444,wheatthins,10,3
444,eggrolls,5,3
444,frenchfries,54,3
444,butteredpopcorn,94,3
444,triscuits,6,3
444,wavylays,34,3
444,chocolateicecreamcone,85,3
444,strawberryicecreamcone,24,3
444,vanillasoftservecone,81,3
444,nutrigrainbar,4,3
444,churro,54,3
444,twistdonut,91,3
444,tuilecookie,7,3
444,madeleine,8,3
444,oatmealraisincookie,5,3
444,thumprintcookie,10,3
444,sugarcookie,14,3
444,vanillawafer,49,3
444,chocolatewafer,34,3
444,chocolatebark,8,3
444,darkchocolate,53,3
444,milkchocolate,59,3
444,pocky,13,3
444,toblerone,38,3
444,lindtlindorchocolatetruffle,63,3
444,twix,8,3
444,caramel,7,3
444,peanutmms,75,3
444,brownie,72,3
444,frostedbrownie,81,3
444,lemoncake,88,3
445,orange,84,3
445,plum,88,3
445,blackberry,91,3
445,peach,87,3
445,cherry,90,3
445,raspberry,92,3
445,apple,88,3
445,grape,90,3
445,goldendeliciousapple,86,3
445,honeydewmelon,88,3
445,kiwi,88,3
445,greenbellpepper,89,3
445,carrot,91,3
445,peanuts,88,3
445,almonds,92,3
445,baguette,23,3
445,slicedloafbread,7,3
445,boulebread,65,3
445,ryebread,57,3
445,deliturkey,13,3
445,chickentenders,6,3
445,meatballs,10,3
445,gouda,12,3
445,swisscheese,72,3
445,potatochips,11,3
445,tortillachips,9,3
445,doritos,10,3
445,ritzcracker,14,3
445,saltinecracker,18,3
445,wheatthins,26,3
445,eggrolls,13,3
445,frenchfries,9,3
445,butteredpopcorn,35,3
445,triscuits,64,3
445,wavylays,16,3
445,chocolateicecreamcone,15,3
445,strawberryicecreamcone,7,3
445,vanillasoftservecone,8,3
445,nutrigrainbar,12,3
445,churro,12,3
445,twistdonut,15,3
445,tuilecookie,10,3
445,madeleine,11,3
445,oatmealraisincookie,10,3
445,thumprintcookie,9,3
445,sugarcookie,11,3
445,vanillawafer,10,3
445,chocolatewafer,7,3
445,chocolatebark,15,3
445,darkchocolate,14,3
445,milkchocolate,16,3
445,pocky,13,3
445,toblerone,10,3
445,lindtlindorchocolatetruffle,11,3
445,twix,11,3
445,caramel,17,3
445,peanutmms,10,3
445,brownie,15,3
445,frostedbrownie,13,3
445,lemoncake,7,3
446,orange,99,3
446,plum,95,3
446,blackberry,99,3
446,peach,91,3
446,cherry,91,3
446,raspberry,94,3
446,apple,93,3
446,grape,91,3
446,goldendeliciousapple,93,3
446,honeydewmelon,78,3
446,kiwi,75,3
446,greenbellpepper,3,3
446,carrot,3,3
446,peanuts,100,3
446,almonds,98,3
446,baguette,2,3
446,slicedloafbread,2,3
446,boulebread,1,3
446,ryebread,56,3
446,deliturkey,8,3
446,chickentenders,2,3
446,meatballs,1,3
446,gouda,97,3
446,swisscheese,97,3
446,potatochips,14,3
446,tortillachips,29,3
446,doritos,26,3
446,ritzcracker,75,3
446,saltinecracker,51,3
446,wheatthins,63,3
446,eggrolls,7,3
446,frenchfries,4,3
446,butteredpopcorn,66,3
446,triscuits,60,3
446,wavylays,17,3
446,chocolateicecreamcone,100,3
446,strawberryicecreamcone,99,3
446,vanillasoftservecone,99,3
446,nutrigrainbar,4,3
446,churro,3,3
446,twistdonut,4,3
446,tuilecookie,4,3
446,madeleine,4,3
446,oatmealraisincookie,34,3
446,thumprintcookie,53,3
446,sugarcookie,2,3
446,vanillawafer,94,3
446,chocolatewafer,86,3
446,chocolatebark,70,3
446,darkchocolate,12,3
446,milkchocolate,19,3
446,pocky,1,3
446,toblerone,4,3
446,lindtlindorchocolatetruffle,10,3
446,twix,13,3
446,caramel,2,3
446,peanutmms,3,3
446,brownie,24,3
446,frostedbrownie,31,3
446,lemoncake,52,3
447,orange,82,3
447,plum,10,3
447,blackberry,14,3
447,peach,4,3
447,cherry,47,3
447,raspberry,31,3
447,apple,80,3
447,grape,81,3
447,goldendeliciousapple,80,3
447,honeydewmelon,20,3
447,kiwi,73,3
447,greenbellpepper,76,3
447,carrot,71,3
447,peanuts,79,3
447,almonds,82,3
447,baguette,18,3
447,slicedloafbread,55,3
447,boulebread,51,3
447,ryebread,44,3
447,deliturkey,77,3
447,chickentenders,50,3
447,meatballs,83,3
447,gouda,35,3
447,swisscheese,67,3
447,potatochips,54,3
447,tortillachips,55,3
447,doritos,54,3
447,ritzcracker,49,3
447,saltinecracker,51,3
447,wheatthins,59,3
447,eggrolls,52,3
447,frenchfries,53,3
447,butteredpopcorn,24,3
447,triscuits,50,3
447,wavylays,57,3
447,chocolateicecreamcone,27,3
447,strawberryicecreamcone,14,3
447,vanillasoftservecone,7,3
447,nutrigrainbar,20,3
447,churro,24,3
447,twistdonut,49,3
447,tuilecookie,22,3
447,madeleine,21,3
447,oatmealraisincookie,30,3
447,thumprintcookie,20,3
447,sugarcookie,18,3
447,vanillawafer,24,3
447,chocolatewafer,24,3
447,chocolatebark,26,3
447,darkchocolate,18,3
447,milkchocolate,20,3
447,pocky,5,3
447,toblerone,24,3
447,lindtlindorchocolatetruffle,29,3
447,twix,19,3
447,caramel,21,3
447,peanutmms,19,3
447,brownie,16,3
447,frostedbrownie,20,3
447,lemoncake,34,3
448,orange,86,3
448,plum,66,3
448,blackberry,68,3
448,peach,88,3
448,cherry,83,3
448,raspberry,95,3
448,apple,92,3
448,grape,92,3
448,goldendeliciousapple,85,3
448,honeydewmelon,14,3
448,kiwi,5,3
448,greenbellpepper,19,3
448,carrot,33,3
448,peanuts,68,3
448,almonds,62,3
448,baguette,63,3
448,slicedloafbread,44,3
448,boulebread,51,3
448,ryebread,57,3
448,deliturkey,36,3
448,chickentenders,99,3
448,meatballs,99,3
448,gouda,22,3
448,swisscheese,27,3
448,potatochips,77,3
448,tortillachips,75,3
448,doritos,99,3
448,ritzcracker,12,3
448,saltinecracker,8,3
448,wheatthins,17,3
448,eggrolls,91,3
448,frenchfries,99,3
448,butteredpopcorn,99,3
448,triscuits,2,3
448,wavylays,99,3
448,chocolateicecreamcone,25,3
448,strawberryicecreamcone,18,3
448,vanillasoftservecone,3,3
448,nutrigrainbar,41,3
448,churro,81,3
448,twistdonut,100,3
448,tuilecookie,32,3
448,madeleine,61,3
448,oatmealraisincookie,73,3
448,thumprintcookie,88,3
448,sugarcookie,61,3
448,vanillawafer,84,3
448,chocolatewafer,99,3
448,chocolatebark,71,3
448,darkchocolate,83,3
448,milkchocolate,89,3
448,pocky,60,3
448,toblerone,38,3
448,lindtlindorchocolatetruffle,100,3
448,twix,89,3
448,caramel,2,3
448,peanutmms,66,3
448,brownie,64,3
448,frostedbrownie,99,3
448,lemoncake,100,3
449,orange,81,3
449,plum,100,3
449,blackberry,97,3
449,peach,99,3
449,cherry,100,3
449,raspberry,100,3
449,apple,100,3
449,grape,100,3
449,goldendeliciousapple,100,3
449,honeydewmelon,98,3
449,kiwi,97,3
449,greenbellpepper,76,3
449,carrot,78,3
449,peanuts,50,3
449,almonds,72,3
449,baguette,48,3
449,slicedloafbread,53,3
449,boulebread,22,3
449,ryebread,45,3
449,deliturkey,1,3
449,chickentenders,21,3
449,meatballs,1,3
449,gouda,51,3
449,swisscheese,51,3
449,potatochips,11,3
449,tortillachips,18,3
449,doritos,1,3
449,ritzcracker,49,3
449,saltinecracker,49,3
449,wheatthins,42,3
449,eggrolls,1,3
449,frenchfries,20,3
449,butteredpopcorn,23,3
449,triscuits,49,3
449,wavylays,14,3
449,chocolateicecreamcone,23,3
449,strawberryicecreamcone,21,3
449,vanillasoftservecone,17,3
449,nutrigrainbar,49,3
449,churro,1,3
449,twistdonut,51,3
449,tuilecookie,1,3
449,madeleine,1,3
449,oatmealraisincookie,2,3
449,thumprintcookie,1,3
449,sugarcookie,10,3
449,vanillawafer,1,3
449,chocolatewafer,1,3
449,chocolatebark,19,3
449,darkchocolate,21,3
449,milkchocolate,21,3
449,pocky,10,3
449,toblerone,18,3
449,lindtlindorchocolatetruffle,19,3
449,twix,15,3
449,caramel,1,3
449,peanutmms,24,3
449,brownie,13,3
449,frostedbrownie,17,3
449,lemoncake,16,3
450,orange,94,3
450,plum,99,3
450,blackberry,98,3
450,peach,96,3
450,cherry,94,3
450,raspberry,97,3
450,apple,98,3
450,grape,96,3
450,goldendeliciousapple,89,3
450,honeydewmelon,96,3
450,kiwi,98,3
450,greenbellpepper,86,3
450,carrot,27,3
450,peanuts,38,3
450,almonds,48,3
450,baguette,72,3
450,slicedloafbread,49,3
450,boulebread,58,3
450,ryebread,75,3
450,deliturkey,87,3
450,chickentenders,98,3
450,meatballs,61,3
450,gouda,87,3
450,swisscheese,82,3
450,potatochips,60,3
450,tortillachips,56,3
450,doritos,52,3
450,ritzcracker,68,3
450,saltinecracker,62,3
450,wheatthins,62,3
450,eggrolls,95,3
450,frenchfries,60,3
450,butteredpopcorn,48,3
450,triscuits,71,3
450,wavylays,44,3
450,chocolateicecreamcone,97,3
450,strawberryicecreamcone,98,3
450,vanillasoftservecone,83,3
450,nutrigrainbar,40,3
450,churro,97,3
450,twistdonut,87,3
450,tuilecookie,32,3
450,madeleine,58,3
450,oatmealraisincookie,69,3
450,thumprintcookie,84,3
450,sugarcookie,83,3
450,vanillawafer,56,3
450,chocolatewafer,82,3
450,chocolatebark,57,3
450,darkchocolate,60,3
450,milkchocolate,55,3
450,pocky,26,3
450,toblerone,84,3
450,lindtlindorchocolatetruffle,93,3
450,twix,96,3
450,caramel,44,3
450,peanutmms,39,3
450,brownie,80,3
450,frostedbrownie,98,3
450,lemoncake,84,3
451,orange,94,3
451,plum,4,3
451,blackberry,25,3
451,peach,5,3
451,cherry,50,3
451,raspberry,24,3
451,apple,90,3
451,grape,42,3
451,goldendeliciousapple,71,3
451,honeydewmelon,12,3
451,kiwi,4,3
451,greenbellpepper,1,3
451,carrot,6,3
451,peanuts,75,3
451,almonds,82,3
451,baguette,1,3
451,slicedloafbread,1,3
451,boulebread,2,3
451,ryebread,4,3
451,deliturkey,73,3
451,chickentenders,58,3
451,meatballs,77,3
451,gouda,63,3
451,swisscheese,66,3
451,potatochips,85,3
451,tortillachips,36,3
451,doritos,70,3
451,ritzcracker,3,3
451,saltinecracker,1,3
451,wheatthins,3,3
451,eggrolls,81,3
451,frenchfries,72,3
451,butteredpopcorn,59,3
451,triscuits,31,3
451,wavylays,84,3
451,chocolateicecreamcone,83,3
451,strawberryicecreamcone,78,3
451,vanillasoftservecone,89,3
451,nutrigrainbar,84,3
451,churro,70,3
451,twistdonut,77,3
451,tuilecookie,38,3
451,madeleine,28,3
451,oatmealraisincookie,88,3
451,thumprintcookie,95,3
451,sugarcookie,55,3
451,vanillawafer,34,3
451,chocolatewafer,44,3
451,chocolatebark,86,3
451,darkchocolate,1,3
451,milkchocolate,100,3
451,pocky,26,3
451,toblerone,88,3
451,lindtlindorchocolatetruffle,49,3
451,twix,100,3
451,caramel,78,3
451,peanutmms,97,3
451,brownie,90,3
451,frostedbrownie,86,3
451,lemoncake,84,3
452,orange,12,3
452,plum,96,3
452,blackberry,99,3
452,peach,88,3
452,cherry,99,3
452,raspberry,99,3
452,apple,16,3
452,grape,78,3
452,goldendeliciousapple,16,3
452,honeydewmelon,12,3
452,kiwi,98,3
452,greenbellpepper,70,3
452,carrot,11,3
452,peanuts,23,3
452,almonds,53,3
452,baguette,91,3
452,slicedloafbread,68,3
452,boulebread,94,3
452,ryebread,89,3
452,deliturkey,57,3
452,chickentenders,21,3
452,meatballs,75,3
452,gouda,99,3
452,swisscheese,99,3
452,potatochips,80,3
452,tortillachips,74,3
452,doritos,83,3
452,ritzcracker,59,3
452,saltinecracker,65,3
452,wheatthins,63,3
452,eggrolls,94,3
452,frenchfries,99,3
452,butteredpopcorn,12,3
452,triscuits,72,3
452,wavylays,86,3
452,chocolateicecreamcone,51,3
452,strawberryicecreamcone,49,3
452,vanillasoftservecone,47,3
452,nutrigrainbar,3,3
452,churro,98,3
452,twistdonut,70,3
452,tuilecookie,58,3
452,madeleine,75,3
452,oatmealraisincookie,81,3
452,thumprintcookie,62,3
452,sugarcookie,59,3
452,vanillawafer,69,3
452,chocolatewafer,77,3
452,chocolatebark,89,3
452,darkchocolate,97,3
452,milkchocolate,99,3
452,pocky,87,3
452,toblerone,99,3
452,lindtlindorchocolatetruffle,97,3
452,twix,81,3
452,caramel,93,3
452,peanutmms,73,3
452,brownie,92,3
452,frostedbrownie,98,3
452,lemoncake,96,3
453,orange,71,3
453,plum,21,3
453,blackberry,98,3
453,peach,22,3
453,cherry,27,3
453,raspberry,96,3
453,apple,76,3
453,grape,79,3
453,goldendeliciousapple,71,3
453,honeydewmelon,85,3
453,kiwi,6,3
453,greenbellpepper,82,3
453,carrot,51,3
453,peanuts,93,3
453,almonds,94,3
453,baguette,6,3
453,slicedloafbread,8,3
453,boulebread,7,3
453,ryebread,7,3
453,deliturkey,54,3
453,chickentenders,23,3
453,meatballs,68,3
453,gouda,94,3
453,swisscheese,93,3
453,potatochips,22,3
453,tortillachips,19,3
453,doritos,23,3
453,ritzcracker,8,3
453,saltinecracker,9,3
453,wheatthins,10,3
453,eggrolls,12,3
453,frenchfries,20,3
453,butteredpopcorn,44,3
453,triscuits,45,3
453,wavylays,24,3
453,chocolateicecreamcone,13,3
453,strawberryicecreamcone,9,3
453,vanillasoftservecone,11,3
453,nutrigrainbar,6,3
453,churro,8,3
453,twistdonut,6,3
453,tuilecookie,9,3
453,madeleine,4,3
453,oatmealraisincookie,9,3
453,thumprintcookie,6,3
453,sugarcookie,7,3
453,vanillawafer,8,3
453,chocolatewafer,6,3
453,chocolatebark,5,3
453,darkchocolate,38,3
453,milkchocolate,31,3
453,pocky,5,3
453,toblerone,39,3
453,lindtlindorchocolatetruffle,36,3
453,twix,6,3
453,caramel,6,3
453,peanutmms,8,3
453,brownie,10,3
453,frostedbrownie,13,3
453,lemoncake,6,3
454,orange,3,3
454,plum,3,3
454,blackberry,71,3
454,peach,3,3
454,cherry,1,3
454,raspberry,76,3
454,apple,83,3
454,grape,74,3
454,goldendeliciousapple,93,3
454,honeydewmelon,1,3
454,kiwi,1,3
454,greenbellpepper,1,3
454,carrot,59,3
454,peanuts,50,3
454,almonds,4,3
454,baguette,46,3
454,slicedloafbread,62,3
454,boulebread,46,3
454,ryebread,49,3
454,deliturkey,75,3
454,chickentenders,95,3
454,meatballs,48,3
454,gouda,48,3
454,swisscheese,98,3
454,potatochips,49,3
454,tortillachips,50,3
454,doritos,100,3
454,ritzcracker,63,3
454,saltinecracker,63,3
454,wheatthins,72,3
454,eggrolls,1,3
454,frenchfries,100,3
454,butteredpopcorn,2,3
454,triscuits,14,3
454,wavylays,93,3
454,chocolateicecreamcone,1,3
454,strawberryicecreamcone,1,3
454,vanillasoftservecone,99,3
454,nutrigrainbar,10,3
454,churro,25,3
454,twistdonut,30,3
454,tuilecookie,3,3
454,madeleine,11,3
454,oatmealraisincookie,1,3
454,thumprintcookie,5,3
454,sugarcookie,1,3
454,vanillawafer,22,3
454,chocolatewafer,55,3
454,chocolatebark,4,3
454,darkchocolate,1,3
454,milkchocolate,7,3
454,pocky,5,3
454,toblerone,7,3
454,lindtlindorchocolatetruffle,2,3
454,twix,3,3
454,caramel,1,3
454,peanutmms,4,3
454,brownie,3,3
454,frostedbrownie,2,3
454,lemoncake,1,3
455,orange,2,3
455,plum,2,3
455,blackberry,3,3
455,peach,2,3
455,cherry,4,3
455,raspberry,4,3
455,apple,2,3
455,grape,2,3
455,goldendeliciousapple,2,3
455,honeydewmelon,2,3
455,kiwi,2,3
455,greenbellpepper,2,3
455,carrot,2,3
455,peanuts,2,3
455,almonds,5,3
455,baguette,42,3
455,slicedloafbread,42,3
455,boulebread,9,3
455,ryebread,25,3
455,deliturkey,13,3
455,chickentenders,86,3
455,meatballs,80,3
455,gouda,53,3
455,swisscheese,63,3
455,potatochips,74,3
455,tortillachips,81,3
455,doritos,65,3
455,ritzcracker,50,3
455,saltinecracker,43,3
455,wheatthins,52,3
455,eggrolls,23,3
455,frenchfries,90,3
455,butteredpopcorn,34,3
455,triscuits,46,3
455,wavylays,74,3
455,chocolateicecreamcone,99,3
455,strawberryicecreamcone,99,3
455,vanillasoftservecone,99,3
455,nutrigrainbar,63,3
455,churro,68,3
455,twistdonut,75,3
455,tuilecookie,41,3
455,madeleine,73,3
455,oatmealraisincookie,88,3
455,thumprintcookie,71,3
455,sugarcookie,71,3
455,vanillawafer,73,3
455,chocolatewafer,75,3
455,chocolatebark,27,3
455,darkchocolate,76,3
455,milkchocolate,90,3
455,pocky,27,3
455,toblerone,90,3
455,lindtlindorchocolatetruffle,84,3
455,twix,78,3
455,caramel,29,3
455,peanutmms,85,3
455,brownie,79,3
455,frostedbrownie,91,3
455,lemoncake,93,3
456,orange,96,3
456,plum,21,3
456,blackberry,21,3
456,peach,30,3
456,cherry,33,3
456,raspberry,32,3
456,apple,81,3
456,grape,75,3
456,goldendeliciousapple,85,3
456,honeydewmelon,40,3
456,kiwi,39,3
456,greenbellpepper,28,3
456,carrot,25,3
456,peanuts,70,3
456,almonds,62,3
456,baguette,47,3
456,slicedloafbread,51,3
456,boulebread,53,3
456,ryebread,46,3
456,deliturkey,82,3
456,chickentenders,98,3
456,meatballs,57,3
456,gouda,67,3
456,swisscheese,84,3
456,potatochips,89,3
456,tortillachips,66,3
456,doritos,78,3
456,ritzcracker,53,3
456,saltinecracker,30,3
456,wheatthins,53,3
456,eggrolls,83,3
456,frenchfries,80,3
456,butteredpopcorn,79,3
456,triscuits,47,3
456,wavylays,73,3
456,chocolateicecreamcone,92,3
456,strawberryicecreamcone,92,3
456,vanillasoftservecone,83,3
456,nutrigrainbar,31,3
456,churro,78,3
456,twistdonut,83,3
456,tuilecookie,73,3
456,madeleine,80,3
456,oatmealraisincookie,94,3
456,thumprintcookie,68,3
456,sugarcookie,77,3
456,vanillawafer,85,3
456,chocolatewafer,77,3
456,chocolatebark,62,3
456,darkchocolate,64,3
456,milkchocolate,72,3
456,pocky,47,3
456,toblerone,67,3
456,lindtlindorchocolatetruffle,68,3
456,twix,75,3
456,caramel,33,3
456,peanutmms,89,3
456,brownie,73,3
456,frostedbrownie,71,3
456,lemoncake,80,3
457,orange,90,3
457,plum,67,3
457,blackberry,37,3
457,peach,60,3
457,cherry,76,3
457,raspberry,41,3
457,apple,67,3
457,grape,61,3
457,goldendeliciousapple,60,3
457,honeydewmelon,32,3
457,kiwi,20,3
457,greenbellpepper,1,3
457,carrot,73,3
457,peanuts,31,3
457,almonds,84,3
457,baguette,29,3
457,slicedloafbread,16,3
457,boulebread,7,3
457,ryebread,11,3
457,deliturkey,68,3
457,chickentenders,93,3
457,meatballs,89,3
457,gouda,22,3
457,swisscheese,62,3
457,potatochips,28,3
457,tortillachips,43,3
457,doritos,32,3
457,ritzcracker,43,3
457,saltinecracker,25,3
457,wheatthins,22,3
457,eggrolls,62,3
457,frenchfries,33,3
457,butteredpopcorn,22,3
457,triscuits,32,3
457,wavylays,26,3
457,chocolateicecreamcone,91,3
457,strawberryicecreamcone,89,3
457,vanillasoftservecone,83,3
457,nutrigrainbar,66,3
457,churro,62,3
457,twistdonut,30,3
457,tuilecookie,50,3
457,madeleine,80,3
457,oatmealraisincookie,56,3
457,thumprintcookie,51,3
457,sugarcookie,30,3
457,vanillawafer,90,3
457,chocolatewafer,91,3
457,chocolatebark,79,3
457,darkchocolate,94,3
457,milkchocolate,100,3
457,pocky,42,3
457,toblerone,92,3
457,lindtlindorchocolatetruffle,97,3
457,twix,90,3
457,caramel,74,3
457,peanutmms,4,3
457,brownie,95,3
457,frostedbrownie,98,3
457,lemoncake,99,3
458,orange,88,3
458,plum,22,3
458,blackberry,76,3
458,peach,62,3
458,cherry,75,3
458,raspberry,77,3
458,apple,89,3
458,grape,80,3
458,goldendeliciousapple,82,3
458,honeydewmelon,53,3
458,kiwi,45,3
458,greenbellpepper,86,3
458,carrot,81,3
458,peanuts,77,3
458,almonds,65,3
458,baguette,37,3
458,slicedloafbread,10,3
458,boulebread,34,3
458,ryebread,39,3
458,deliturkey,80,3
458,chickentenders,69,3
458,meatballs,46,3
458,gouda,52,3
458,swisscheese,99,3
458,potatochips,57,3
458,tortillachips,59,3
458,doritos,70,3
458,ritzcracker,74,3
458,saltinecracker,58,3
458,wheatthins,51,3
458,eggrolls,57,3
458,frenchfries,64,3
458,butteredpopcorn,38,3
458,triscuits,41,3
458,wavylays,64,3
458,chocolateicecreamcone,72,3
458,strawberryicecreamcone,58,3
458,vanillasoftservecone,78,3
458,nutrigrainbar,47,3
458,churro,36,3
458,twistdonut,37,3
458,tuilecookie,21,3
458,madeleine,37,3
458,oatmealraisincookie,67,3
458,thumprintcookie,65,3
458,sugarcookie,71,3
458,vanillawafer,86,3
458,chocolatewafer,85,3
458,chocolatebark,56,3
458,darkchocolate,77,3
458,milkchocolate,70,3
458,pocky,47,3
458,toblerone,67,3
458,lindtlindorchocolatetruffle,52,3
458,twix,82,3
458,caramel,66,3
458,peanutmms,64,3
458,brownie,73,3
458,frostedbrownie,85,3
458,lemoncake,48,3
459,orange,99,3
459,plum,98,3
459,blackberry,85,3
459,peach,100,3
459,cherry,88,3
459,raspberry,76,3
459,apple,100,3
459,grape,98,3
459,goldendeliciousapple,91,3
459,honeydewmelon,9,3
459,kiwi,5,3
459,greenbellpepper,2,3
459,carrot,93,3
459,peanuts,82,3
459,almonds,89,3
459,baguette,26,3
459,slicedloafbread,8,3
459,boulebread,38,3
459,ryebread,45,3
459,deliturkey,82,3
459,chickentenders,74,3
459,meatballs,2,3
459,gouda,92,3
459,swisscheese,96,3
459,potatochips,1,3
459,tortillachips,5,3
459,doritos,1,3
459,ritzcracker,2,3
459,saltinecracker,2,3
459,wheatthins,6,3
459,eggrolls,48,3
459,frenchfries,3,3
459,butteredpopcorn,12,3
459,triscuits,35,3
459,wavylays,1,3
459,chocolateicecreamcone,33,3
459,strawberryicecreamcone,12,3
459,vanillasoftservecone,2,3
459,nutrigrainbar,49,3
459,churro,2,3
459,twistdonut,3,3
459,tuilecookie,3,3
459,madeleine,36,3
459,oatmealraisincookie,9,3
459,thumprintcookie,6,3
459,sugarcookie,4,3
459,vanillawafer,2,3
459,chocolatewafer,8,3
459,chocolatebark,15,3
459,darkchocolate,32,3
459,milkchocolate,13,3
459,pocky,2,3
459,toblerone,23,3
459,lindtlindorchocolatetruffle,27,3
459,twix,3,3
459,caramel,18,3
459,peanutmms,2,3
459,brownie,12,3
459,frostedbrownie,31,3
459,lemoncake,2,3
460,orange,71,3
460,plum,85,3
460,blackberry,77,3
460,peach,75,3
460,cherry,76,3
460,raspberry,82,3
460,apple,100,3
460,grape,100,3
460,goldendeliciousapple,100,3
460,honeydewmelon,76,3
460,kiwi,67,3
460,greenbellpepper,76,3
460,carrot,100,3
460,peanuts,9,3
460,almonds,4,3
460,baguette,42,3
460,slicedloafbread,22,3
460,boulebread,31,3
460,ryebread,20,3
460,deliturkey,34,3
460,chickentenders,16,3
460,meatballs,3,3
460,gouda,60,3
460,swisscheese,46,3
460,potatochips,37,3
460,tortillachips,15,3
460,doritos,19,3
460,ritzcracker,49,3
460,saltinecracker,54,3
460,wheatthins,40,3
460,eggrolls,7,3
460,frenchfries,11,3
460,butteredpopcorn,51,3
460,triscuits,1,3
460,wavylays,41,3
460,chocolateicecreamcone,60,3
460,strawberryicecreamcone,39,3
460,vanillasoftservecone,67,3
460,nutrigrainbar,1,3
460,churro,9,3
460,twistdonut,24,3
460,tuilecookie,2,3
460,madeleine,36,3
460,oatmealraisincookie,57,3
460,thumprintcookie,61,3
460,sugarcookie,77,3
460,vanillawafer,2,3
460,chocolatewafer,1,3
460,chocolatebark,68,3
460,darkchocolate,69,3
460,milkchocolate,60,3
460,pocky,1,3
460,toblerone,63,3
460,lindtlindorchocolatetruffle,55,3
460,twix,52,3
460,caramel,64,3
460,peanutmms,65,3
460,brownie,50,3
460,frostedbrownie,65,3
460,lemoncake,56,3
461,orange,99,3
461,plum,100,3
461,blackberry,51,3
461,peach,98,3
461,cherry,92,3
461,raspberry,35,3
461,apple,99,3
461,grape,98,3
461,goldendeliciousapple,99,3
461,honeydewmelon,99,3
461,kiwi,92,3
461,greenbellpepper,39,3
461,carrot,51,3
461,peanuts,99,3
461,almonds,97,3
461,baguette,35,3
461,slicedloafbread,19,3
461,boulebread,93,3
461,ryebread,83,3
461,deliturkey,100,3
461,chickentenders,97,3
461,meatballs,50,3
461,gouda,52,3
461,swisscheese,91,3
461,potatochips,34,3
461,tortillachips,1,3
461,doritos,86,3
461,ritzcracker,97,3
461,saltinecracker,50,3
461,wheatthins,64,3
461,eggrolls,92,3
461,frenchfries,92,3
461,butteredpopcorn,53,3
461,triscuits,51,3
461,wavylays,71,3
461,chocolateicecreamcone,99,3
461,strawberryicecreamcone,99,3
461,vanillasoftservecone,100,3
461,nutrigrainbar,99,3
461,churro,94,3
461,twistdonut,3,3
461,tuilecookie,52,3
461,madeleine,63,3
461,oatmealraisincookie,87,3
461,thumprintcookie,24,3
461,sugarcookie,20,3
461,vanillawafer,100,3
461,chocolatewafer,77,3
461,chocolatebark,98,3
461,darkchocolate,93,3
461,milkchocolate,3,3
461,pocky,99,3
461,toblerone,82,3
461,lindtlindorchocolatetruffle,99,3
461,twix,31,3
461,caramel,50,3
461,peanutmms,100,3
461,brownie,100,3
461,frostedbrownie,94,3
461,lemoncake,99,3
462,orange,61,3
462,plum,6,3
462,blackberry,57,3
462,peach,6,3
462,cherry,8,3
462,raspberry,64,3
462,apple,98,3
462,grape,94,3
462,goldendeliciousapple,60,3
462,honeydewmelon,30,3
462,kiwi,20,3
462,greenbellpepper,10,3
462,carrot,6,3
462,peanuts,68,3
462,almonds,91,3
462,baguette,56,3
462,slicedloafbread,41,3
462,boulebread,42,3
462,ryebread,44,3
462,deliturkey,92,3
462,chickentenders,41,3
462,meatballs,7,3
462,gouda,98,3
462,swisscheese,96,3
462,potatochips,59,3
462,tortillachips,55,3
462,doritos,61,3
462,ritzcracker,53,3
462,saltinecracker,52,3
462,wheatthins,58,3
462,eggrolls,30,3
462,frenchfries,58,3
462,butteredpopcorn,73,3
462,triscuits,62,3
462,wavylays,62,3
462,chocolateicecreamcone,16,3
462,strawberryicecreamcone,23,3
462,vanillasoftservecone,11,3
462,nutrigrainbar,53,3
462,churro,10,3
462,twistdonut,6,3
462,tuilecookie,35,3
462,madeleine,35,3
462,oatmealraisincookie,31,3
462,thumprintcookie,43,3
462,sugarcookie,60,3
462,vanillawafer,12,3
462,chocolatewafer,50,3
462,chocolatebark,29,3
462,darkchocolate,17,3
462,milkchocolate,28,3
462,pocky,10,3
462,toblerone,20,3
462,lindtlindorchocolatetruffle,3,3
462,twix,25,3
462,caramel,4,3
462,peanutmms,55,3
462,brownie,13,3
462,frostedbrownie,38,3
462,lemoncake,5,3
463,orange,72,3
463,plum,36,3
463,blackberry,40,3
463,peach,33,3
463,cherry,11,3
463,raspberry,60,3
463,apple,46,3
463,grape,35,3
463,goldendeliciousapple,51,3
463,honeydewmelon,32,3
463,kiwi,63,3
463,greenbellpepper,6,3
463,carrot,14,3
463,peanuts,48,3
463,almonds,52,3
463,baguette,56,3
463,slicedloafbread,17,3
463,boulebread,56,3
463,ryebread,55,3
463,deliturkey,50,3
463,chickentenders,79,3
463,meatballs,74,3
463,gouda,50,3
463,swisscheese,51,3
463,potatochips,68,3
463,tortillachips,44,3
463,doritos,64,3
463,ritzcracker,96,3
463,saltinecracker,56,3
463,wheatthins,47,3
463,eggrolls,20,3
463,frenchfries,64,3
463,butteredpopcorn,58,3
463,triscuits,38,3
463,wavylays,75,3
463,chocolateicecreamcone,37,3
463,strawberryicecreamcone,87,3
463,vanillasoftservecone,87,3
463,nutrigrainbar,35,3
463,churro,81,3
463,twistdonut,85,3
463,tuilecookie,20,3
463,madeleine,12,3
463,oatmealraisincookie,41,3
463,thumprintcookie,50,3
463,sugarcookie,41,3
463,vanillawafer,31,3
463,chocolatewafer,4,3
463,chocolatebark,46,3
463,darkchocolate,24,3
463,milkchocolate,17,3
463,pocky,64,3
463,toblerone,25,3
463,lindtlindorchocolatetruffle,1,3
463,twix,55,3
463,caramel,22,3
463,peanutmms,62,3
463,brownie,28,3
463,frostedbrownie,38,3
463,lemoncake,80,3
464,orange,56,3
464,plum,54,3
464,blackberry,56,3
464,peach,60,3
464,cherry,59,3
464,raspberry,59,3
464,apple,30,3
464,grape,61,3
464,goldendeliciousapple,23,3
464,honeydewmelon,9,3
464,kiwi,59,3
464,greenbellpepper,25,3
464,carrot,38,3
464,peanuts,53,3
464,almonds,51,3
464,baguette,51,3
464,slicedloafbread,54,3
464,boulebread,51,3
464,ryebread,52,3
464,deliturkey,56,3
464,chickentenders,52,3
464,meatballs,50,3
464,gouda,54,3
464,swisscheese,51,3
464,potatochips,54,3
464,tortillachips,47,3
464,doritos,52,3
464,ritzcracker,53,3
464,saltinecracker,55,3
464,wheatthins,58,3
464,eggrolls,54,3
464,frenchfries,51,3
464,butteredpopcorn,53,3
464,triscuits,46,3
464,wavylays,49,3
464,chocolateicecreamcone,74,3
464,strawberryicecreamcone,68,3
464,vanillasoftservecone,50,3
464,nutrigrainbar,28,3
464,churro,60,3
464,twistdonut,62,3
464,tuilecookie,53,3
464,madeleine,51,3
464,oatmealraisincookie,37,3
464,thumprintcookie,57,3
464,sugarcookie,60,3
464,vanillawafer,59,3
464,chocolatewafer,60,3
464,chocolatebark,58,3
464,darkchocolate,56,3
464,milkchocolate,55,3
464,pocky,50,3
464,toblerone,63,3
464,lindtlindorchocolatetruffle,51,3
464,twix,74,3
464,caramel,58,3
464,peanutmms,50,3
464,brownie,56,3
464,frostedbrownie,57,3
464,lemoncake,51,3
465,orange,100,3
465,plum,100,3
465,blackberry,100,3
465,peach,100,3
465,cherry,100,3
465,raspberry,100,3
465,apple,100,3
465,grape,100,3
465,goldendeliciousapple,83,3
465,honeydewmelon,100,3
465,kiwi,100,3
465,greenbellpepper,29,3
465,carrot,77,3
465,peanuts,84,3
465,almonds,100,3
465,baguette,73,3
465,slicedloafbread,1,3
465,boulebread,74,3
465,ryebread,100,3
465,deliturkey,73,3
465,chickentenders,1,3
465,meatballs,1,3
465,gouda,100,3
465,swisscheese,54,3
465,potatochips,1,3
465,tortillachips,1,3
465,doritos,50,3
465,ritzcracker,1,3
465,saltinecracker,28,3
465,wheatthins,66,3
465,eggrolls,1,3
465,frenchfries,1,3
465,butteredpopcorn,1,3
465,triscuits,1,3
465,wavylays,63,3
465,chocolateicecreamcone,1,3
465,strawberryicecreamcone,1,3
465,vanillasoftservecone,1,3
465,nutrigrainbar,54,3
465,churro,1,3
465,twistdonut,11,3
465,tuilecookie,1,3
465,madeleine,1,3
465,oatmealraisincookie,1,3
465,thumprintcookie,1,3
465,sugarcookie,6,3
465,vanillawafer,10,3
465,chocolatewafer,1,3
465,chocolatebark,7,3
465,darkchocolate,1,3
465,milkchocolate,1,3
465,pocky,51,3
465,toblerone,1,3
465,lindtlindorchocolatetruffle,1,3
465,twix,15,3
465,caramel,1,3
465,peanutmms,1,3
465,brownie,1,3
465,frostedbrownie,1,3
465,lemoncake,1,3
466,orange,8,3
466,plum,4,3
466,blackberry,10,3
466,peach,2,3
466,cherry,2,3
466,raspberry,13,3
466,apple,2,3
466,grape,8,3
466,goldendeliciousapple,3,3
466,honeydewmelon,7,3
466,kiwi,9,3
466,greenbellpepper,2,3
466,carrot,2,3
466,peanuts,34,3
466,almonds,65,3
466,baguette,54,3
466,slicedloafbread,30,3
466,boulebread,50,3
466,ryebread,43,3
466,deliturkey,2,3
466,chickentenders,1,3
466,meatballs,2,3
466,gouda,2,3
466,swisscheese,2,3
466,potatochips,29,3
466,tortillachips,27,3
466,doritos,38,3
466,ritzcracker,31,3
466,saltinecracker,20,3
466,wheatthins,34,3
466,eggrolls,3,3
466,frenchfries,88,3
466,butteredpopcorn,70,3
466,triscuits,12,3
466,wavylays,26,3
466,chocolateicecreamcone,81,3
466,strawberryicecreamcone,3,3
466,vanillasoftservecone,48,3
466,nutrigrainbar,8,3
466,churro,4,3
466,twistdonut,79,3
466,tuilecookie,3,3
466,madeleine,3,3
466,oatmealraisincookie,45,3
466,thumprintcookie,3,3
466,sugarcookie,3,3
466,vanillawafer,23,3
466,chocolatewafer,78,3
466,chocolatebark,21,3
466,darkchocolate,51,3
466,milkchocolate,56,3
466,pocky,14,3
466,toblerone,60,3
466,lindtlindorchocolatetruffle,69,3
466,twix,83,3
466,caramel,57,3
466,peanutmms,80,3
466,brownie,64,3
466,frostedbrownie,59,3
466,lemoncake,3,3
467,orange,66,3
467,plum,70,3
467,blackberry,60,3
467,peach,71,3
467,cherry,97,3
467,raspberry,41,3
467,apple,65,3
467,grape,98,3
467,goldendeliciousapple,68,3
467,honeydewmelon,1,3
467,kiwi,83,3
467,greenbellpepper,1,3
467,carrot,3,3
467,peanuts,50,3
467,almonds,48,3
467,baguette,69,3
467,slicedloafbread,59,3
467,boulebread,29,3
467,ryebread,46,3
467,deliturkey,2,3
467,chickentenders,17,3
467,meatballs,7,3
467,gouda,22,3
467,swisscheese,24,3
467,potatochips,66,3
467,tortillachips,27,3
467,doritos,66,3
467,ritzcracker,49,3
467,saltinecracker,35,3
467,wheatthins,28,3
467,eggrolls,12,3
467,frenchfries,94,3
467,butteredpopcorn,8,3
467,triscuits,30,3
467,wavylays,76,3
467,chocolateicecreamcone,72,3
467,strawberryicecreamcone,66,3
467,vanillasoftservecone,66,3
467,nutrigrainbar,15,3
467,churro,6,3
467,twistdonut,3,3
467,tuilecookie,7,3
467,madeleine,11,3
467,oatmealraisincookie,98,3
467,thumprintcookie,63,3
467,sugarcookie,81,3
467,vanillawafer,67,3
467,chocolatewafer,75,3
467,chocolatebark,93,3
467,darkchocolate,70,3
467,milkchocolate,88,3
467,pocky,8,3
467,toblerone,19,3
467,lindtlindorchocolatetruffle,20,3
467,twix,89,3
467,caramel,6,3
467,peanutmms,98,3
467,brownie,82,3
467,frostedbrownie,87,3
467,lemoncake,3,3
468,orange,83,3
468,plum,82,3
468,blackberry,88,3
468,peach,86,3
468,cherry,89,3
468,raspberry,86,3
468,apple,93,3
468,grape,94,3
468,goldendeliciousapple,89,3
468,honeydewmelon,85,3
468,kiwi,84,3
468,greenbellpepper,93,3
468,carrot,90,3
468,peanuts,55,3
468,almonds,92,3
468,baguette,57,3
468,slicedloafbread,50,3
468,boulebread,55,3
468,ryebread,55,3
468,deliturkey,65,3
468,chickentenders,66,3
468,meatballs,74,3
468,gouda,69,3
468,swisscheese,58,3
468,potatochips,46,3
468,tortillachips,47,3
468,doritos,25,3
468,ritzcracker,11,3
468,saltinecracker,49,3
468,wheatthins,40,3
468,eggrolls,76,3
468,frenchfries,40,3
468,butteredpopcorn,97,3
468,triscuits,33,3
468,wavylays,41,3
468,chocolateicecreamcone,8,3
468,strawberryicecreamcone,9,3
468,vanillasoftservecone,1,3
468,nutrigrainbar,48,3
468,churro,22,3
468,twistdonut,38,3
468,tuilecookie,64,3
468,madeleine,50,3
468,oatmealraisincookie,53,3
468,thumprintcookie,36,3
468,sugarcookie,11,3
468,vanillawafer,24,3
468,chocolatewafer,13,3
468,chocolatebark,8,3
468,darkchocolate,29,3
468,milkchocolate,9,3
468,pocky,40,3
468,toblerone,19,3
468,lindtlindorchocolatetruffle,22,3
468,twix,17,3
468,caramel,6,3
468,peanutmms,31,3
468,brownie,20,3
468,frostedbrownie,7,3
468,lemoncake,20,3
469,orange,99,3
469,plum,100,3
469,blackberry,99,3
469,peach,99,3
469,cherry,99,3
469,raspberry,98,3
469,apple,99,3
469,grape,99,3
469,goldendeliciousapple,99,3
469,honeydewmelon,86,3
469,kiwi,86,3
469,greenbellpepper,59,3
469,carrot,82,3
469,peanuts,99,3
469,almonds,99,3
469,baguette,69,3
469,slicedloafbread,72,3
469,boulebread,69,3
469,ryebread,69,3
469,deliturkey,90,3
469,chickentenders,78,3
469,meatballs,95,3
469,gouda,76,3
469,swisscheese,88,3
469,potatochips,54,3
469,tortillachips,70,3
469,doritos,69,3
469,ritzcracker,68,3
469,saltinecracker,70,3
469,wheatthins,75,3
469,eggrolls,88,3
469,frenchfries,56,3
469,butteredpopcorn,58,3
469,triscuits,82,3
469,wavylays,56,3
469,chocolateicecreamcone,99,3
469,strawberryicecreamcone,99,3
469,vanillasoftservecone,99,3
469,nutrigrainbar,86,3
469,churro,73,3
469,twistdonut,71,3
469,tuilecookie,57,3
469,madeleine,73,3
469,oatmealraisincookie,93,3
469,thumprintcookie,77,3
469,sugarcookie,89,3
469,vanillawafer,72,3
469,chocolatewafer,75,3
469,chocolatebark,68,3
469,darkchocolate,92,3
469,milkchocolate,91,3
469,pocky,57,3
469,toblerone,88,3
469,lindtlindorchocolatetruffle,83,3
469,twix,68,3
469,caramel,56,3
469,peanutmms,99,3
469,brownie,65,3
469,frostedbrownie,60,3
469,lemoncake,60,3
