subject_id,item_name,rating
s1,orange,99.0
s1,apricot,30.0
s1,banana,95.0
s1,plum,53.0
s1,pineapple,69.0
s1,pear,76.0
s1,blackberry,49.0
s1,blueberry,2.0
s1,cantaloupe,1.0
s1,peach,77.0
s1,cherry,81.0
s1,mandarinorange,86.0
s1,raspberry,99.0
s1,apple,100.0
s1,grape,73.0
s1,nectarine,100.0
s1,greenapple,98.0
s1,greengrapes,64.0
s1,strawberry,99.0
s1,goldendeliciousapple,51.0
s1,honeydewmelon,1.0
s1,watermelon,99.0
s1,kiwi,92.0
s1,greenbellpepper,65.0
s1,carrot,65.0
s1,lettuce,60.0
s1,iceberglettuce,74.0
s1,peanuts,76.0
s1,almonds,72.0
s1,bread,50.0
s1,baguette,49.0
s1,slicedloafbread,100.0
s1,roll,24.0
s1,boulebread,51.0
s1,pretzel,92.0
s1,ryebread,51.0
s1,croissant,98.0
s1,deliturkey,77.0
s1,chickentenders,100.0
s1,meatballs,51.0
s1,gouda,60.0
s1,cheddarcheese,50.0
s1,swisscheese,88.0
s1,barbequechips,100.0
s1,potatochips,95.0
s1,tortillachips,84.0
s1,doritos,78.0
s1,ritzcracker,75.0
s1,saltinecracker,71.0
s1,wheatthins,73.0
s1,eggrolls,98.0
s1,frenchfries,96.0
s1,curlyfries,67.0
s1,popcorn,40.0
s1,butteredpopcorn,80.0
s1,triscuits,50.0
s1,pringles,98.0
s1,wavylays,77.0
s1,chocolateicecreamcone,76.0
s1,popsicle,70.0
s1,haagendazsicecreambar,100.0
s1,strawberryicecreamcone,71.0
s1,vanillasoftservecone,100.0
s1,blueberrymuffin,28.0
s1,banananutmuffin,26.0
s1,lemonpoppyseedmuffin,36.0
s1,nutrigrainbar,21.0
s1,grahamcracker,70.0
s1,churro,100.0
s1,twistdonut,99.0
s1,chocolatechipcookie,78.0
s1,tuilecookie,82.0
s1,madeleine,100.0
s1,oatmealraisincookie,30.0
s1,petitécolier,51.0
s1,thumprintcookie,51.0
s1,sugarcookie,79.0
s1,vanillawafer,56.0
s1,chocolatewafer,67.0
s1,stroopwafel,54.0
s1,chocolatebark,41.0
s1,darkchocolate,67.0
s1,ferrerorocher,100.0
s1,kitkat,100.0
s1,milkchocolate,64.0
s1,pocky,99.0
s1,toblerone,52.0
s1,lindtlindorchocolatetruffle,57.0
s1,twix,1.0
s1,caramel,79.0
s1,gumdrops,97.0
s1,lolipop,69.0
s1,mms,88.0
s1,peanutmms,100.0
s1,brioche,50.0
s1,brownie,80.0
s1,frostedbrownie,48.0
s1,raisinspicecake,19.0
s1,fruitcake,26.0
s1,lemoncake,51.0
s2,orange,93.0
s2,apricot,71.0
s2,banana,88.0
s2,plum,94.0
s2,pineapple,98.0
s2,pear,96.0
s2,blackberry,94.0
s2,blueberry,93.0
s2,cantaloupe,53.0
s2,peach,98.0
s2,cherry,97.0
s2,mandarinorange,96.0
s2,raspberry,87.0
s2,apple,95.0
s2,grape,96.0
s2,nectarine,97.0
s2,greenapple,97.0
s2,greengrapes,97.0
s2,strawberry,94.0
s2,goldendeliciousapple,91.0
s2,honeydewmelon,56.0
s2,watermelon,95.0
s2,kiwi,96.0
s2,greenbellpepper,91.0
s2,carrot,89.0
s2,lettuce,64.0
s2,iceberglettuce,71.0
s2,peanuts,56.0
s2,almonds,58.0
s2,bread,80.0
s2,baguette,85.0
s2,slicedloafbread,64.0
s2,roll,58.0
s2,boulebread,74.0
s2,pretzel,73.0
s2,ryebread,82.0
s2,croissant,88.0
s2,deliturkey,79.0
s2,chickentenders,71.0
s2,meatballs,56.0
s2,gouda,80.0
s2,cheddarcheese,96.0
s2,swisscheese,97.0
s2,barbequechips,62.0
s2,potatochips,64.0
s2,tortillachips,62.0
s2,doritos,53.0
s2,ritzcracker,54.0
s2,saltinecracker,59.0
s2,wheatthins,59.0
s2,eggrolls,93.0
s2,frenchfries,92.0
s2,curlyfries,89.0
s2,popcorn,56.0
s2,butteredpopcorn,54.0
s2,triscuits,47.0
s2,pringles,63.0
s2,wavylays,62.0
s2,chocolateicecreamcone,58.0
s2,popsicle,78.0
s2,haagendazsicecreambar,56.0
s2,strawberryicecreamcone,50.0
s2,vanillasoftservecone,53.0
s2,blueberrymuffin,62.0
s2,banananutmuffin,53.0
s2,lemonpoppyseedmuffin,50.0
s2,nutrigrainbar,46.0
s2,grahamcracker,55.0
s2,churro,86.0
s2,twistdonut,61.0
s2,chocolatechipcookie,94.0
s2,tuilecookie,56.0
s2,madeleine,57.0
s2,oatmealraisincookie,62.0
s2,petitécolier,57.0
s2,thumprintcookie,51.0
s2,sugarcookie,55.0
s2,vanillawafer,51.0
s2,chocolatewafer,55.0
s2,stroopwafel,96.0
s2,chocolatebark,63.0
s2,darkchocolate,84.0
s2,ferrerorocher,96.0
s2,kitkat,83.0
s2,milkchocolate,82.0
s2,pocky,61.0
s2,toblerone,89.0
s2,lindtlindorchocolatetruffle,76.0
s2,twix,76.0
s2,caramel,54.0
s2,gumdrops,45.0
s2,lolipop,53.0
s2,mms,85.0
s2,peanutmms,80.0
s2,brioche,71.0
s2,brownie,66.0
s2,frostedbrownie,65.0
s2,raisinspicecake,47.0
s2,fruitcake,50.0
s2,lemoncake,56.0
s3,orange,89.0
s3,apricot,74.0
s3,banana,89.0
s3,plum,86.0
s3,pineapple,79.0
s3,pear,86.0
s3,blackberry,85.0
s3,blueberry,84.0
s3,cantaloupe,91.0
s3,peach,85.0
s3,cherry,85.0
s3,mandarinorange,92.0
s3,raspberry,85.0
s3,apple,88.0
s3,grape,91.0
s3,nectarine,83.0
s3,greenapple,98.0
s3,greengrapes,89.0
s3,strawberry,94.0
s3,goldendeliciousapple,93.0
s3,honeydewmelon,77.0
s3,watermelon,84.0
s3,kiwi,86.0
s3,greenbellpepper,68.0
s3,carrot,94.0
s3,lettuce,81.0
s3,iceberglettuce,93.0
s3,peanuts,82.0
s3,almonds,91.0
s3,bread,78.0
s3,baguette,80.0
s3,slicedloafbread,80.0
s3,roll,82.0
s3,boulebread,74.0
s3,pretzel,74.0
s3,ryebread,70.0
s3,croissant,78.0
s3,deliturkey,73.0
s3,chickentenders,78.0
s3,meatballs,79.0
s3,gouda,74.0
s3,cheddarcheese,78.0
s3,swisscheese,78.0
s3,barbequechips,83.0
s3,potatochips,83.0
s3,tortillachips,64.0
s3,doritos,74.0
s3,ritzcracker,85.0
s3,saltinecracker,76.0
s3,wheatthins,83.0
s3,eggrolls,90.0
s3,frenchfries,87.0
s3,curlyfries,78.0
s3,popcorn,84.0
s3,butteredpopcorn,80.0
s3,triscuits,73.0
s3,pringles,80.0
s3,wavylays,76.0
s3,chocolateicecreamcone,82.0
s3,popsicle,82.0
s3,haagendazsicecreambar,75.0
s3,strawberryicecreamcone,81.0
s3,vanillasoftservecone,88.0
s3,blueberrymuffin,77.0
s3,banananutmuffin,70.0
s3,lemonpoppyseedmuffin,75.0
s3,nutrigrainbar,71.0
s3,grahamcracker,82.0
s3,churro,70.0
s3,twistdonut,76.0
s3,chocolatechipcookie,81.0
s3,tuilecookie,82.0
s3,madeleine,76.0
s3,oatmealraisincookie,78.0
s3,petitécolier,72.0
s3,thumprintcookie,84.0
s3,sugarcookie,85.0
s3,vanillawafer,82.0
s3,chocolatewafer,74.0
s3,stroopwafel,73.0
s3,chocolatebark,67.0
s3,darkchocolate,82.0
s3,ferrerorocher,82.0
s3,kitkat,76.0
s3,milkchocolate,66.0
s3,pocky,50.0
s3,toblerone,74.0
s3,lindtlindorchocolatetruffle,84.0
s3,twix,80.0
s3,caramel,72.0
s3,gumdrops,81.0
s3,lolipop,78.0
s3,mms,84.0
s3,peanutmms,81.0
s3,brioche,80.0
s3,brownie,72.0
s3,frostedbrownie,84.0
s3,raisinspicecake,85.0
s3,fruitcake,80.0
s3,lemoncake,86.0
s4,orange,5.0
s4,apricot,65.0
s4,banana,81.0
s4,plum,62.0
s4,pineapple,64.0
s4,pear,37.0
s4,blackberry,72.0
s4,blueberry,73.0
s4,cantaloupe,66.0
s4,peach,73.0
s4,cherry,68.0
s4,mandarinorange,10.0
s4,raspberry,80.0
s4,apple,77.0
s4,grape,70.0
s4,nectarine,76.0
s4,greenapple,78.0
s4,greengrapes,65.0
s4,strawberry,66.0
s4,goldendeliciousapple,55.0
s4,honeydewmelon,69.0
s4,watermelon,1.0
s4,kiwi,64.0
s4,greenbellpepper,6.0
s4,carrot,70.0
s4,lettuce,52.0
s4,iceberglettuce,40.0
s4,peanuts,45.0
s4,almonds,51.0
s4,bread,14.0
s4,baguette,38.0
s4,slicedloafbread,24.0
s4,roll,31.0
s4,boulebread,36.0
s4,pretzel,57.0
s4,ryebread,34.0
s4,croissant,51.0
s4,deliturkey,64.0
s4,chickentenders,65.0
s4,meatballs,13.0
s4,gouda,26.0
s4,cheddarcheese,73.0
s4,swisscheese,8.0
s4,barbequechips,21.0
s4,potatochips,26.0
s4,tortillachips,33.0
s4,doritos,16.0
s4,ritzcracker,39.0
s4,saltinecracker,37.0
s4,wheatthins,22.0
s4,eggrolls,43.0
s4,frenchfries,62.0
s4,curlyfries,42.0
s4,popcorn,49.0
s4,butteredpopcorn,19.0
s4,triscuits,9.0
s4,pringles,49.0
s4,wavylays,4.0
s4,chocolateicecreamcone,32.0
s4,popsicle,19.0
s4,haagendazsicecreambar,50.0
s4,strawberryicecreamcone,50.0
s4,vanillasoftservecone,40.0
s4,blueberrymuffin,47.0
s4,banananutmuffin,24.0
s4,lemonpoppyseedmuffin,17.0
s4,nutrigrainbar,50.0
s4,grahamcracker,26.0
s4,churro,36.0
s4,twistdonut,50.0
s4,chocolatechipcookie,52.0
s4,tuilecookie,37.0
s4,madeleine,34.0
s4,oatmealraisincookie,50.0
s4,petitécolier,55.0
s4,thumprintcookie,20.0
s4,sugarcookie,37.0
s4,vanillawafer,42.0
s4,chocolatewafer,78.0
s4,stroopwafel,51.0
s4,chocolatebark,59.0
s4,darkchocolate,80.0
s4,ferrerorocher,60.0
s4,kitkat,55.0
s4,milkchocolate,83.0
s4,pocky,50.0
s4,toblerone,74.0
s4,lindtlindorchocolatetruffle,66.0
s4,twix,55.0
s4,caramel,66.0
s4,gumdrops,9.0
s4,lolipop,4.0
s4,mms,42.0
s4,peanutmms,40.0
s4,brioche,27.0
s4,brownie,76.0
s4,frostedbrownie,71.0
s4,raisinspicecake,13.0
s4,fruitcake,24.0
s4,lemoncake,10.0
s5,orange,90.0
s5,apricot,50.0
s5,banana,52.0
s5,plum,59.0
s5,pineapple,72.0
s5,pear,79.0
s5,blackberry,50.0
s5,blueberry,86.0
s5,cantaloupe,78.0
s5,peach,79.0
s5,cherry,69.0
s5,mandarinorange,83.0
s5,raspberry,42.0
s5,apple,73.0
s5,grape,75.0
s5,nectarine,72.0
s5,greenapple,27.0
s5,greengrapes,88.0
s5,strawberry,61.0
s5,goldendeliciousapple,64.0
s5,honeydewmelon,38.0
s5,watermelon,79.0
s5,kiwi,42.0
s5,greenbellpepper,33.0
s5,carrot,63.0
s5,lettuce,61.0
s5,iceberglettuce,50.0
s5,peanuts,52.0
s5,almonds,59.0
s5,bread,72.0
s5,baguette,59.0
s5,slicedloafbread,67.0
s5,roll,64.0
s5,boulebread,80.0
s5,pretzel,88.0
s5,ryebread,72.0
s5,croissant,85.0
s5,deliturkey,100.0
s5,chickentenders,100.0
s5,meatballs,51.0
s5,gouda,88.0
s5,cheddarcheese,100.0
s5,swisscheese,100.0
s5,barbequechips,86.0
s5,potatochips,97.0
s5,tortillachips,25.0
s5,doritos,81.0
s5,ritzcracker,51.0
s5,saltinecracker,50.0
s5,wheatthins,76.0
s5,eggrolls,99.0
s5,frenchfries,79.0
s5,curlyfries,85.0
s5,popcorn,93.0
s5,butteredpopcorn,98.0
s5,triscuits,71.0
s5,pringles,88.0
s5,wavylays,100.0
s5,chocolateicecreamcone,61.0
s5,popsicle,83.0
s5,haagendazsicecreambar,94.0
s5,strawberryicecreamcone,67.0
s5,vanillasoftservecone,99.0
s5,blueberrymuffin,63.0
s5,banananutmuffin,88.0
s5,lemonpoppyseedmuffin,79.0
s5,nutrigrainbar,61.0
s5,grahamcracker,53.0
s5,churro,3.0
s5,twistdonut,9.0
s5,chocolatechipcookie,52.0
s5,tuilecookie,14.0
s5,madeleine,59.0
s5,oatmealraisincookie,52.0
s5,petitécolier,50.0
s5,thumprintcookie,51.0
s5,sugarcookie,36.0
s5,vanillawafer,51.0
s5,chocolatewafer,66.0
s5,stroopwafel,33.0
s5,chocolatebark,61.0
s5,darkchocolate,75.0
s5,ferrerorocher,87.0
s5,kitkat,50.0
s5,milkchocolate,43.0
s5,pocky,61.0
s5,toblerone,19.0
s5,lindtlindorchocolatetruffle,37.0
s5,twix,16.0
s5,caramel,57.0
s5,gumdrops,1.0
s5,lolipop,3.0
s5,mms,16.0
s5,peanutmms,24.0
s5,brioche,64.0
s5,brownie,51.0
s5,frostedbrownie,44.0
s5,raisinspicecake,23.0
s5,fruitcake,72.0
s5,lemoncake,70.0
s6,orange,70.0
s6,apricot,33.0
s6,banana,1.0
s6,plum,100.0
s6,pineapple,1.0
s6,pear,28.0
s6,blackberry,100.0
s6,blueberry,1.0
s6,cantaloupe,1.0
s6,peach,22.0
s6,cherry,81.0
s6,mandarinorange,68.0
s6,raspberry,100.0
s6,apple,93.0
s6,grape,70.0
s6,nectarine,22.0
s6,greenapple,91.0
s6,greengrapes,62.0
s6,strawberry,100.0
s6,goldendeliciousapple,100.0
s6,honeydewmelon,1.0
s6,watermelon,1.0
s6,kiwi,100.0
s6,greenbellpepper,28.0
s6,carrot,50.0
s6,lettuce,25.0
s6,iceberglettuce,26.0
s6,peanuts,50.0
s6,almonds,70.0
s6,bread,50.0
s6,baguette,30.0
s6,slicedloafbread,75.0
s6,roll,30.0
s6,boulebread,26.0
s6,pretzel,51.0
s6,ryebread,26.0
s6,croissant,76.0
s6,deliturkey,50.0
s6,chickentenders,100.0
s6,meatballs,85.0
s6,gouda,19.0
s6,cheddarcheese,36.0
s6,swisscheese,50.0
s6,barbequechips,69.0
s6,potatochips,22.0
s6,tortillachips,27.0
s6,doritos,64.0
s6,ritzcracker,19.0
s6,saltinecracker,25.0
s6,wheatthins,19.0
s6,eggrolls,100.0
s6,frenchfries,87.0
s6,curlyfries,100.0
s6,popcorn,50.0
s6,butteredpopcorn,51.0
s6,triscuits,50.0
s6,pringles,20.0
s6,wavylays,24.0
s6,chocolateicecreamcone,100.0
s6,popsicle,21.0
s6,haagendazsicecreambar,100.0
s6,strawberryicecreamcone,100.0
s6,vanillasoftservecone,100.0
s6,blueberrymuffin,1.0
s6,banananutmuffin,29.0
s6,lemonpoppyseedmuffin,1.0
s6,nutrigrainbar,1.0
s6,grahamcracker,23.0
s6,churro,50.0
s6,twistdonut,50.0
s6,chocolatechipcookie,76.0
s6,tuilecookie,51.0
s6,madeleine,50.0
s6,oatmealraisincookie,1.0
s6,petitécolier,100.0
s6,thumprintcookie,25.0
s6,sugarcookie,70.0
s6,vanillawafer,100.0
s6,chocolatewafer,100.0
s6,stroopwafel,100.0
s6,chocolatebark,100.0
s6,darkchocolate,1.0
s6,ferrerorocher,100.0
s6,kitkat,100.0
s6,milkchocolate,63.0
s6,pocky,75.0
s6,toblerone,88.0
s6,lindtlindorchocolatetruffle,26.0
s6,twix,66.0
s6,caramel,64.0
s6,gumdrops,28.0
s6,lolipop,81.0
s6,mms,23.0
s6,peanutmms,25.0
s6,brioche,100.0
s6,brownie,50.0
s6,frostedbrownie,50.0
s6,raisinspicecake,1.0
s6,fruitcake,100.0
s6,lemoncake,1.0
s7,orange,49.0
s7,apricot,7.0
s7,banana,95.0
s7,plum,1.0
s7,pineapple,29.0
s7,pear,82.0
s7,blackberry,69.0
s7,blueberry,99.0
s7,cantaloupe,100.0
s7,peach,6.0
s7,cherry,2.0
s7,mandarinorange,100.0
s7,raspberry,100.0
s7,apple,52.0
s7,grape,84.0
s7,nectarine,12.0
s7,greenapple,28.0
s7,greengrapes,42.0
s7,strawberry,22.0
s7,goldendeliciousapple,33.0
s7,honeydewmelon,99.0
s7,watermelon,100.0
s7,kiwi,100.0
s7,greenbellpepper,1.0
s7,carrot,83.0
s7,lettuce,82.0
s7,iceberglettuce,99.0
s7,peanuts,78.0
s7,almonds,100.0
s7,bread,27.0
s7,baguette,100.0
s7,slicedloafbread,79.0
s7,roll,21.0
s7,boulebread,98.0
s7,pretzel,58.0
s7,ryebread,88.0
s7,croissant,98.0
s7,deliturkey,1.0
s7,chickentenders,39.0
s7,meatballs,1.0
s7,gouda,90.0
s7,cheddarcheese,89.0
s7,swisscheese,96.0
s7,barbequechips,100.0
s7,potatochips,81.0
s7,tortillachips,31.0
s7,doritos,100.0
s7,ritzcracker,27.0
s7,saltinecracker,100.0
s7,wheatthins,94.0
s7,eggrolls,75.0
s7,frenchfries,100.0
s7,curlyfries,75.0
s7,popcorn,100.0
s7,butteredpopcorn,100.0
s7,triscuits,1.0
s7,pringles,89.0
s7,wavylays,95.0
s7,chocolateicecreamcone,30.0
s7,popsicle,23.0
s7,haagendazsicecreambar,49.0
s7,strawberryicecreamcone,10.0
s7,vanillasoftservecone,8.0
s7,blueberrymuffin,1.0
s7,banananutmuffin,10.0
s7,lemonpoppyseedmuffin,17.0
s7,nutrigrainbar,28.0
s7,grahamcracker,7.0
s7,churro,54.0
s7,twistdonut,1.0
s7,chocolatechipcookie,54.0
s7,tuilecookie,50.0
s7,madeleine,21.0
s7,oatmealraisincookie,3.0
s7,petitécolier,68.0
s7,thumprintcookie,1.0
s7,sugarcookie,28.0
s7,vanillawafer,20.0
s7,chocolatewafer,70.0
s7,stroopwafel,2.0
s7,chocolatebark,72.0
s7,darkchocolate,49.0
s7,ferrerorocher,66.0
s7,kitkat,78.0
s7,milkchocolate,60.0
s7,pocky,78.0
s7,toblerone,82.0
s7,lindtlindorchocolatetruffle,33.0
s7,twix,64.0
s7,caramel,27.0
s7,gumdrops,1.0
s7,lolipop,2.0
s7,mms,46.0
s7,peanutmms,51.0
s7,brioche,56.0
s7,brownie,30.0
s7,frostedbrownie,51.0
s7,raisinspicecake,1.0
s7,fruitcake,2.0
s7,lemoncake,1.0
s8,orange,57.0
s8,apricot,88.0
s8,banana,57.0
s8,plum,96.0
s8,pineapple,93.0
s8,pear,96.0
s8,blackberry,100.0
s8,blueberry,98.0
s8,cantaloupe,100.0
s8,peach,97.0
s8,cherry,100.0
s8,mandarinorange,100.0
s8,raspberry,100.0
s8,apple,94.0
s8,grape,93.0
s8,nectarine,95.0
s8,greenapple,100.0
s8,greengrapes,90.0
s8,strawberry,100.0
s8,goldendeliciousapple,100.0
s8,honeydewmelon,96.0
s8,watermelon,100.0
s8,kiwi,99.0
s8,greenbellpepper,58.0
s8,carrot,37.0
s8,lettuce,3.0
s8,iceberglettuce,1.0
s8,peanuts,79.0
s8,almonds,65.0
s8,bread,39.0
s8,baguette,39.0
s8,slicedloafbread,39.0
s8,roll,38.0
s8,boulebread,28.0
s8,pretzel,72.0
s8,ryebread,41.0
s8,croissant,69.0
s8,deliturkey,68.0
s8,chickentenders,100.0
s8,meatballs,55.0
s8,gouda,98.0
s8,cheddarcheese,79.0
s8,swisscheese,84.0
s8,barbequechips,100.0
s8,potatochips,100.0
s8,tortillachips,98.0
s8,doritos,100.0
s8,ritzcracker,76.0
s8,saltinecracker,65.0
s8,wheatthins,58.0
s8,eggrolls,56.0
s8,frenchfries,71.0
s8,curlyfries,96.0
s8,popcorn,94.0
s8,butteredpopcorn,96.0
s8,triscuits,55.0
s8,pringles,97.0
s8,wavylays,100.0
s8,chocolateicecreamcone,79.0
s8,popsicle,86.0
s8,haagendazsicecreambar,100.0
s8,strawberryicecreamcone,64.0
s8,vanillasoftservecone,81.0
s8,blueberrymuffin,94.0
s8,banananutmuffin,97.0
s8,lemonpoppyseedmuffin,80.0
s8,nutrigrainbar,76.0
s8,grahamcracker,74.0
s8,churro,83.0
s8,twistdonut,50.0
s8,chocolatechipcookie,92.0
s8,tuilecookie,93.0
s8,madeleine,88.0
s8,oatmealraisincookie,58.0
s8,petitécolier,95.0
s8,thumprintcookie,61.0
s8,sugarcookie,94.0
s8,vanillawafer,78.0
s8,chocolatewafer,60.0
s8,stroopwafel,100.0
s8,chocolatebark,72.0
s8,darkchocolate,51.0
s8,ferrerorocher,100.0
s8,kitkat,55.0
s8,milkchocolate,70.0
s8,pocky,97.0
s8,toblerone,60.0
s8,lindtlindorchocolatetruffle,69.0
s8,twix,98.0
s8,caramel,81.0
s8,gumdrops,100.0
s8,lolipop,51.0
s8,mms,65.0
s8,peanutmms,94.0
s8,brioche,7.0
s8,brownie,93.0
s8,frostedbrownie,82.0
s8,raisinspicecake,72.0
s8,fruitcake,60.0
s8,lemoncake,74.0
s9,orange,74.0
s9,apricot,32.0
s9,banana,72.0
s9,plum,51.0
s9,pineapple,51.0
s9,pear,64.0
s9,blackberry,51.0
s9,blueberry,58.0
s9,cantaloupe,51.0
s9,peach,70.0
s9,cherry,85.0
s9,mandarinorange,100.0
s9,raspberry,52.0
s9,apple,100.0
s9,grape,68.0
s9,nectarine,63.0
s9,greenapple,94.0
s9,greengrapes,87.0
s9,strawberry,27.0
s9,goldendeliciousapple,100.0
s9,honeydewmelon,26.0
s9,watermelon,84.0
s9,kiwi,5.0
s9,greenbellpepper,1.0
s9,carrot,27.0
s9,lettuce,21.0
s9,iceberglettuce,21.0
s9,peanuts,83.0
s9,almonds,47.0
s9,bread,1.0
s9,baguette,60.0
s9,slicedloafbread,51.0
s9,roll,54.0
s9,boulebread,59.0
s9,pretzel,51.0
s9,ryebread,51.0
s9,croissant,42.0
s9,deliturkey,67.0
s9,chickentenders,51.0
s9,meatballs,50.0
s9,gouda,70.0
s9,cheddarcheese,22.0
s9,swisscheese,69.0
s9,barbequechips,66.0
s9,potatochips,51.0
s9,tortillachips,62.0
s9,doritos,48.0
s9,ritzcracker,38.0
s9,saltinecracker,52.0
s9,wheatthins,59.0
s9,eggrolls,52.0
s9,frenchfries,27.0
s9,curlyfries,6.0
s9,popcorn,1.0
s9,butteredpopcorn,23.0
s9,triscuits,25.0
s9,pringles,50.0
s9,wavylays,58.0
s9,chocolateicecreamcone,27.0
s9,popsicle,19.0
s9,haagendazsicecreambar,52.0
s9,strawberryicecreamcone,18.0
s9,vanillasoftservecone,28.0
s9,blueberrymuffin,49.0
s9,banananutmuffin,65.0
s9,lemonpoppyseedmuffin,72.0
s9,nutrigrainbar,8.0
s9,grahamcracker,1.0
s9,churro,51.0
s9,twistdonut,66.0
s9,chocolatechipcookie,50.0
s9,tuilecookie,47.0
s9,madeleine,1.0
s9,oatmealraisincookie,42.0
s9,petitécolier,98.0
s9,thumprintcookie,54.0
s9,sugarcookie,63.0
s9,vanillawafer,48.0
s9,chocolatewafer,35.0
s9,stroopwafel,3.0
s9,chocolatebark,60.0
s9,darkchocolate,1.0
s9,ferrerorocher,4.0
s9,kitkat,74.0
s9,milkchocolate,59.0
s9,pocky,19.0
s9,toblerone,51.0
s9,lindtlindorchocolatetruffle,27.0
s9,twix,37.0
s9,caramel,7.0
s9,gumdrops,13.0
s9,lolipop,4.0
s9,mms,1.0
s9,peanutmms,22.0
s9,brioche,62.0
s9,brownie,19.0
s9,frostedbrownie,50.0
s9,raisinspicecake,47.0
s9,fruitcake,51.0
s9,lemoncake,33.0
s10,orange,92.0
s10,apricot,43.0
s10,banana,100.0
s10,plum,58.0
s10,pineapple,99.0
s10,pear,50.0
s10,blackberry,64.0
s10,blueberry,63.0
s10,cantaloupe,75.0
s10,peach,50.0
s10,cherry,59.0
s10,mandarinorange,99.0
s10,raspberry,72.0
s10,apple,56.0
s10,grape,51.0
s10,nectarine,50.0
s10,greenapple,42.0
s10,greengrapes,56.0
s10,strawberry,70.0
s10,goldendeliciousapple,51.0
s10,honeydewmelon,51.0
s10,watermelon,61.0
s10,kiwi,1.0
s10,greenbellpepper,88.0
s10,carrot,60.0
s10,lettuce,88.0
s10,iceberglettuce,81.0
s10,peanuts,96.0
s10,almonds,65.0
s10,bread,31.0
s10,baguette,99.0
s10,slicedloafbread,57.0
s10,roll,66.0
s10,boulebread,82.0
s10,pretzel,50.0
s10,ryebread,66.0
s10,croissant,75.0
s10,deliturkey,100.0
s10,chickentenders,99.0
s10,meatballs,100.0
s10,gouda,11.0
s10,cheddarcheese,100.0
s10,swisscheese,1.0
s10,barbequechips,65.0
s10,potatochips,61.0
s10,tortillachips,70.0
s10,doritos,68.0
s10,ritzcracker,25.0
s10,saltinecracker,69.0
s10,wheatthins,99.0
s10,eggrolls,100.0
s10,frenchfries,79.0
s10,curlyfries,78.0
s10,popcorn,99.0
s10,butteredpopcorn,99.0
s10,triscuits,11.0
s10,pringles,61.0
s10,wavylays,17.0
s10,chocolateicecreamcone,80.0
s10,popsicle,19.0
s10,haagendazsicecreambar,62.0
s10,strawberryicecreamcone,82.0
s10,vanillasoftservecone,60.0
s10,blueberrymuffin,69.0
s10,banananutmuffin,43.0
s10,lemonpoppyseedmuffin,70.0
s10,nutrigrainbar,1.0
s10,grahamcracker,28.0
s10,churro,12.0
s10,twistdonut,60.0
s10,chocolatechipcookie,58.0
s10,tuilecookie,9.0
s10,madeleine,50.0
s10,oatmealraisincookie,7.0
s10,petitécolier,16.0
s10,thumprintcookie,60.0
s10,sugarcookie,8.0
s10,vanillawafer,2.0
s10,chocolatewafer,1.0
s10,stroopwafel,68.0
s10,chocolatebark,34.0
s10,darkchocolate,49.0
s10,ferrerorocher,99.0
s10,kitkat,69.0
s10,milkchocolate,72.0
s10,pocky,14.0
s10,toblerone,54.0
s10,lindtlindorchocolatetruffle,70.0
s10,twix,61.0
s10,caramel,99.0
s10,gumdrops,1.0
s10,lolipop,1.0
s10,mms,54.0
s10,peanutmms,57.0
s10,brioche,75.0
s10,brownie,63.0
s10,frostedbrownie,56.0
s10,raisinspicecake,1.0
s10,fruitcake,6.0
s10,lemoncake,29.0
s11,orange,39.0
s11,apricot,15.0
s11,banana,96.0
s11,plum,50.0
s11,pineapple,53.0
s11,pear,31.0
s11,blackberry,32.0
s11,blueberry,81.0
s11,cantaloupe,86.0
s11,peach,39.0
s11,cherry,86.0
s11,mandarinorange,21.0
s11,raspberry,91.0
s11,apple,89.0
s11,grape,54.0
s11,nectarine,86.0
s11,greenapple,100.0
s11,greengrapes,8.0
s11,strawberry,87.0
s11,goldendeliciousapple,74.0
s11,honeydewmelon,41.0
s11,watermelon,23.0
s11,kiwi,21.0
s11,greenbellpepper,12.0
s11,carrot,19.0
s11,lettuce,22.0
s11,iceberglettuce,16.0
s11,peanuts,85.0
s11,almonds,51.0
s11,bread,81.0
s11,baguette,70.0
s11,slicedloafbread,78.0
s11,roll,93.0
s11,boulebread,92.0
s11,pretzel,73.0
s11,ryebread,90.0
s11,croissant,86.0
s11,deliturkey,92.0
s11,chickentenders,78.0
s11,meatballs,63.0
s11,gouda,70.0
s11,cheddarcheese,40.0
s11,swisscheese,55.0
s11,barbequechips,97.0
s11,potatochips,95.0
s11,tortillachips,81.0
s11,doritos,85.0
s11,ritzcracker,95.0
s11,saltinecracker,94.0
s11,wheatthins,99.0
s11,eggrolls,86.0
s11,frenchfries,100.0
s11,curlyfries,94.0
s11,popcorn,92.0
s11,butteredpopcorn,86.0
s11,triscuits,79.0
s11,pringles,93.0
s11,wavylays,90.0
s11,chocolateicecreamcone,94.0
s11,popsicle,81.0
s11,haagendazsicecreambar,84.0
s11,strawberryicecreamcone,100.0
s11,vanillasoftservecone,90.0
s11,blueberrymuffin,91.0
s11,banananutmuffin,82.0
s11,lemonpoppyseedmuffin,96.0
s11,nutrigrainbar,86.0
s11,grahamcracker,95.0
s11,churro,89.0
s11,twistdonut,100.0
s11,chocolatechipcookie,94.0
s11,tuilecookie,89.0
s11,madeleine,83.0
s11,oatmealraisincookie,75.0
s11,petitécolier,93.0
s11,thumprintcookie,83.0
s11,sugarcookie,86.0
s11,vanillawafer,100.0
s11,chocolatewafer,87.0
s11,stroopwafel,80.0
s11,chocolatebark,100.0
s11,darkchocolate,100.0
s11,ferrerorocher,81.0
s11,kitkat,100.0
s11,milkchocolate,100.0
s11,pocky,87.0
s11,toblerone,99.0
s11,lindtlindorchocolatetruffle,93.0
s11,twix,100.0
s11,caramel,87.0
s11,gumdrops,90.0
s11,lolipop,87.0
s11,mms,84.0
s11,peanutmms,72.0
s11,brioche,81.0
s11,brownie,89.0
s11,frostedbrownie,99.0
s11,raisinspicecake,90.0
s11,fruitcake,88.0
s11,lemoncake,90.0
s12,orange,71.0
s12,apricot,66.0
s12,banana,84.0
s12,plum,58.0
s12,pineapple,57.0
s12,pear,52.0
s12,blackberry,55.0
s12,blueberry,52.0
s12,cantaloupe,62.0
s12,peach,62.0
s12,cherry,74.0
s12,mandarinorange,75.0
s12,raspberry,73.0
s12,apple,60.0
s12,grape,34.0
s12,nectarine,75.0
s12,greenapple,62.0
s12,greengrapes,40.0
s12,strawberry,61.0
s12,goldendeliciousapple,74.0
s12,honeydewmelon,43.0
s12,watermelon,66.0
s12,kiwi,55.0
s12,greenbellpepper,58.0
s12,carrot,10.0
s12,lettuce,10.0
s12,iceberglettuce,4.0
s12,peanuts,61.0
s12,almonds,65.0
s12,bread,8.0
s12,baguette,39.0
s12,slicedloafbread,16.0
s12,roll,44.0
s12,boulebread,21.0
s12,pretzel,71.0
s12,ryebread,18.0
s12,croissant,67.0
s12,deliturkey,52.0
s12,chickentenders,68.0
s12,meatballs,53.0
s12,gouda,73.0
s12,cheddarcheese,86.0
s12,swisscheese,74.0
s12,barbequechips,65.0
s12,potatochips,58.0
s12,tortillachips,60.0
s12,doritos,63.0
s12,ritzcracker,53.0
s12,saltinecracker,51.0
s12,wheatthins,52.0
s12,eggrolls,51.0
s12,frenchfries,61.0
s12,curlyfries,87.0
s12,popcorn,79.0
s12,butteredpopcorn,81.0
s12,triscuits,74.0
s12,pringles,58.0
s12,wavylays,65.0
s12,chocolateicecreamcone,69.0
s12,popsicle,91.0
s12,haagendazsicecreambar,68.0
s12,strawberryicecreamcone,74.0
s12,vanillasoftservecone,67.0
s12,blueberrymuffin,75.0
s12,banananutmuffin,65.0
s12,lemonpoppyseedmuffin,72.0
s12,nutrigrainbar,67.0
s12,grahamcracker,57.0
s12,churro,61.0
s12,twistdonut,53.0
s12,chocolatechipcookie,78.0
s12,tuilecookie,51.0
s12,madeleine,50.0
s12,oatmealraisincookie,71.0
s12,petitécolier,70.0
s12,thumprintcookie,77.0
s12,sugarcookie,56.0
s12,vanillawafer,75.0
s12,chocolatewafer,89.0
s12,stroopwafel,39.0
s12,chocolatebark,59.0
s12,darkchocolate,57.0
s12,ferrerorocher,67.0
s12,kitkat,67.0
s12,milkchocolate,70.0
s12,pocky,56.0
s12,toblerone,67.0
s12,lindtlindorchocolatetruffle,62.0
s12,twix,75.0
s12,caramel,64.0
s12,gumdrops,52.0
s12,lolipop,42.0
s12,mms,55.0
s12,peanutmms,53.0
s12,brioche,66.0
s12,brownie,57.0
s12,frostedbrownie,63.0
s12,raisinspicecake,51.0
s12,fruitcake,51.0
s12,lemoncake,66.0
s13,orange,97.0
s13,apricot,39.0
s13,banana,82.0
s13,plum,99.0
s13,pineapple,97.0
s13,pear,94.0
s13,blackberry,60.0
s13,blueberry,95.0
s13,cantaloupe,92.0
s13,peach,87.0
s13,cherry,97.0
s13,mandarinorange,94.0
s13,raspberry,49.0
s13,apple,66.0
s13,grape,93.0
s13,nectarine,97.0
s13,greenapple,98.0
s13,greengrapes,99.0
s13,strawberry,97.0
s13,goldendeliciousapple,70.0
s13,honeydewmelon,95.0
s13,watermelon,84.0
s13,kiwi,96.0
s13,greenbellpepper,2.0
s13,carrot,51.0
s13,lettuce,51.0
s13,iceberglettuce,6.0
s13,peanuts,8.0
s13,almonds,77.0
s13,bread,4.0
s13,baguette,10.0
s13,slicedloafbread,55.0
s13,roll,5.0
s13,boulebread,8.0
s13,pretzel,18.0
s13,ryebread,23.0
s13,croissant,30.0
s13,deliturkey,89.0
s13,chickentenders,90.0
s13,meatballs,49.0
s13,gouda,28.0
s13,cheddarcheese,15.0
s13,swisscheese,49.0
s13,barbequechips,66.0
s13,potatochips,70.0
s13,tortillachips,33.0
s13,doritos,77.0
s13,ritzcracker,19.0
s13,saltinecracker,8.0
s13,wheatthins,6.0
s13,eggrolls,84.0
s13,frenchfries,49.0
s13,curlyfries,81.0
s13,popcorn,82.0
s13,butteredpopcorn,68.0
s13,triscuits,3.0
s13,pringles,78.0
s13,wavylays,50.0
s13,chocolateicecreamcone,74.0
s13,popsicle,67.0
s13,haagendazsicecreambar,82.0
s13,strawberryicecreamcone,88.0
s13,vanillasoftservecone,84.0
s13,blueberrymuffin,82.0
s13,banananutmuffin,5.0
s13,lemonpoppyseedmuffin,7.0
s13,nutrigrainbar,20.0
s13,grahamcracker,19.0
s13,churro,25.0
s13,twistdonut,36.0
s13,chocolatechipcookie,50.0
s13,tuilecookie,11.0
s13,madeleine,51.0
s13,oatmealraisincookie,67.0
s13,petitécolier,17.0
s13,thumprintcookie,8.0
s13,sugarcookie,8.0
s13,vanillawafer,16.0
s13,chocolatewafer,11.0
s13,stroopwafel,31.0
s13,chocolatebark,10.0
s13,darkchocolate,12.0
s13,ferrerorocher,65.0
s13,kitkat,81.0
s13,milkchocolate,64.0
s13,pocky,49.0
s13,toblerone,22.0
s13,lindtlindorchocolatetruffle,21.0
s13,twix,62.0
s13,caramel,16.0
s13,gumdrops,96.0
s13,lolipop,32.0
s13,mms,26.0
s13,peanutmms,29.0
s13,brioche,3.0
s13,brownie,63.0
s13,frostedbrownie,57.0
s13,raisinspicecake,6.0
s13,fruitcake,7.0
s13,lemoncake,31.0
s14,orange,33.0
s14,apricot,50.0
s14,banana,23.0
s14,plum,69.0
s14,pineapple,51.0
s14,pear,63.0
s14,blackberry,54.0
s14,blueberry,52.0
s14,cantaloupe,1.0
s14,peach,60.0
s14,cherry,50.0
s14,mandarinorange,50.0
s14,raspberry,49.0
s14,apple,52.0
s14,grape,69.0
s14,nectarine,65.0
s14,greenapple,50.0
s14,greengrapes,74.0
s14,strawberry,59.0
s14,goldendeliciousapple,29.0
s14,honeydewmelon,13.0
s14,watermelon,81.0
s14,kiwi,80.0
s14,greenbellpepper,35.0
s14,carrot,49.0
s14,lettuce,2.0
s14,iceberglettuce,1.0
s14,peanuts,58.0
s14,almonds,57.0
s14,bread,22.0
s14,baguette,82.0
s14,slicedloafbread,24.0
s14,roll,13.0
s14,boulebread,25.0
s14,pretzel,100.0
s14,ryebread,20.0
s14,croissant,52.0
s14,deliturkey,83.0
s14,chickentenders,99.0
s14,meatballs,89.0
s14,gouda,81.0
s14,cheddarcheese,99.0
s14,swisscheese,90.0
s14,barbequechips,99.0
s14,potatochips,99.0
s14,tortillachips,90.0
s14,doritos,95.0
s14,ritzcracker,51.0
s14,saltinecracker,53.0
s14,wheatthins,99.0
s14,eggrolls,98.0
s14,frenchfries,98.0
s14,curlyfries,99.0
s14,popcorn,82.0
s14,butteredpopcorn,79.0
s14,triscuits,15.0
s14,pringles,100.0
s14,wavylays,99.0
s14,chocolateicecreamcone,75.0
s14,popsicle,68.0
s14,haagendazsicecreambar,93.0
s14,strawberryicecreamcone,79.0
s14,vanillasoftservecone,90.0
s14,blueberrymuffin,61.0
s14,banananutmuffin,33.0
s14,lemonpoppyseedmuffin,29.0
s14,nutrigrainbar,51.0
s14,grahamcracker,50.0
s14,churro,26.0
s14,twistdonut,18.0
s14,chocolatechipcookie,35.0
s14,tuilecookie,51.0
s14,madeleine,30.0
s14,oatmealraisincookie,50.0
s14,petitécolier,21.0
s14,thumprintcookie,56.0
s14,sugarcookie,69.0
s14,vanillawafer,87.0
s14,chocolatewafer,49.0
s14,stroopwafel,35.0
s14,chocolatebark,18.0
s14,darkchocolate,17.0
s14,ferrerorocher,25.0
s14,kitkat,14.0
s14,milkchocolate,19.0
s14,pocky,30.0
s14,toblerone,16.0
s14,lindtlindorchocolatetruffle,31.0
s14,twix,50.0
s14,caramel,50.0
s14,gumdrops,3.0
s14,lolipop,28.0
s14,mms,43.0
s14,peanutmms,34.0
s14,brioche,32.0
s14,brownie,26.0
s14,frostedbrownie,33.0
s14,raisinspicecake,2.0
s14,fruitcake,13.0
s14,lemoncake,25.0
s15,orange,59.0
s15,apricot,83.0
s15,banana,91.0
s15,plum,89.0
s15,pineapple,97.0
s15,pear,86.0
s15,blackberry,96.0
s15,blueberry,79.0
s15,cantaloupe,98.0
s15,peach,93.0
s15,cherry,91.0
s15,mandarinorange,90.0
s15,raspberry,89.0
s15,apple,94.0
s15,grape,95.0
s15,nectarine,95.0
s15,greenapple,89.0
s15,greengrapes,92.0
s15,strawberry,87.0
s15,goldendeliciousapple,86.0
s15,honeydewmelon,90.0
s15,watermelon,59.0
s15,kiwi,93.0
s15,greenbellpepper,88.0
s15,carrot,53.0
s15,lettuce,81.0
s15,iceberglettuce,55.0
s15,peanuts,91.0
s15,almonds,92.0
s15,bread,88.0
s15,baguette,90.0
s15,slicedloafbread,95.0
s15,roll,97.0
s15,boulebread,84.0
s15,pretzel,93.0
s15,ryebread,92.0
s15,croissant,97.0
s15,deliturkey,67.0
s15,chickentenders,91.0
s15,meatballs,93.0
s15,gouda,87.0
s15,cheddarcheese,92.0
s15,swisscheese,90.0
s15,barbequechips,80.0
s15,potatochips,86.0
s15,tortillachips,95.0
s15,doritos,97.0
s15,ritzcracker,87.0
s15,saltinecracker,93.0
s15,wheatthins,94.0
s15,eggrolls,90.0
s15,frenchfries,83.0
s15,curlyfries,94.0
s15,popcorn,83.0
s15,butteredpopcorn,75.0
s15,triscuits,92.0
s15,pringles,95.0
s15,wavylays,76.0
s15,chocolateicecreamcone,77.0
s15,popsicle,93.0
s15,haagendazsicecreambar,95.0
s15,strawberryicecreamcone,89.0
s15,vanillasoftservecone,96.0
s15,blueberrymuffin,90.0
s15,banananutmuffin,87.0
s15,lemonpoppyseedmuffin,81.0
s15,nutrigrainbar,92.0
s15,grahamcracker,91.0
s15,churro,96.0
s15,twistdonut,86.0
s15,chocolatechipcookie,91.0
s15,tuilecookie,95.0
s15,madeleine,97.0
s15,oatmealraisincookie,93.0
s15,petitécolier,98.0
s15,thumprintcookie,83.0
s15,sugarcookie,84.0
s15,vanillawafer,92.0
s15,chocolatewafer,98.0
s15,stroopwafel,62.0
s15,chocolatebark,98.0
s15,darkchocolate,91.0
s15,ferrerorocher,98.0
s15,kitkat,92.0
s15,milkchocolate,90.0
s15,pocky,84.0
s15,toblerone,92.0
s15,lindtlindorchocolatetruffle,83.0
s15,twix,92.0
s15,caramel,80.0
s15,gumdrops,91.0
s15,lolipop,75.0
s15,mms,94.0
s15,peanutmms,93.0
s15,brioche,94.0
s15,brownie,92.0
s15,frostedbrownie,90.0
s15,raisinspicecake,87.0
s15,fruitcake,89.0
s15,lemoncake,88.0
s16,orange,99.0
s16,apricot,50.0
s16,banana,100.0
s16,plum,50.0
s16,pineapple,99.0
s16,pear,1.0
s16,blackberry,50.0
s16,blueberry,51.0
s16,cantaloupe,99.0
s16,peach,51.0
s16,cherry,51.0
s16,mandarinorange,51.0
s16,raspberry,51.0
s16,apple,99.0
s16,grape,99.0
s16,nectarine,51.0
s16,greenapple,99.0
s16,greengrapes,99.0
s16,strawberry,99.0
s16,goldendeliciousapple,100.0
s16,honeydewmelon,98.0
s16,watermelon,99.0
s16,kiwi,51.0
s16,greenbellpepper,98.0
s16,carrot,100.0
s16,lettuce,99.0
s16,iceberglettuce,86.0
s16,peanuts,99.0
s16,almonds,98.0
s16,bread,20.0
s16,baguette,100.0
s16,slicedloafbread,99.0
s16,roll,2.0
s16,boulebread,80.0
s16,pretzel,53.0
s16,ryebread,15.0
s16,croissant,99.0
s16,deliturkey,95.0
s16,chickentenders,83.0
s16,meatballs,98.0
s16,gouda,99.0
s16,cheddarcheese,99.0
s16,swisscheese,97.0
s16,barbequechips,98.0
s16,potatochips,99.0
s16,tortillachips,99.0
s16,doritos,99.0
s16,ritzcracker,77.0
s16,saltinecracker,51.0
s16,wheatthins,99.0
s16,eggrolls,99.0
s16,frenchfries,99.0
s16,curlyfries,99.0
s16,popcorn,97.0
s16,butteredpopcorn,99.0
s16,triscuits,1.0
s16,pringles,99.0
s16,wavylays,100.0
s16,chocolateicecreamcone,51.0
s16,popsicle,72.0
s16,haagendazsicecreambar,98.0
s16,strawberryicecreamcone,100.0
s16,vanillasoftservecone,99.0
s16,blueberrymuffin,50.0
s16,banananutmuffin,50.0
s16,lemonpoppyseedmuffin,51.0
s16,nutrigrainbar,52.0
s16,grahamcracker,51.0
s16,churro,100.0
s16,twistdonut,50.0
s16,chocolatechipcookie,51.0
s16,tuilecookie,51.0
s16,madeleine,99.0
s16,oatmealraisincookie,1.0
s16,petitécolier,99.0
s16,thumprintcookie,50.0
s16,sugarcookie,50.0
s16,vanillawafer,99.0
s16,chocolatewafer,99.0
s16,stroopwafel,51.0
s16,chocolatebark,1.0
s16,darkchocolate,51.0
s16,ferrerorocher,25.0
s16,kitkat,50.0
s16,milkchocolate,51.0
s16,pocky,100.0
s16,toblerone,50.0
s16,lindtlindorchocolatetruffle,51.0
s16,twix,51.0
s16,caramel,51.0
s16,gumdrops,51.0
s16,lolipop,51.0
s16,mms,60.0
s16,peanutmms,60.0
s16,brioche,98.0
s16,brownie,51.0
s16,frostedbrownie,99.0
s16,raisinspicecake,1.0
s16,fruitcake,2.0
s16,lemoncake,99.0
s17,orange,87.0
s17,apricot,18.0
s17,banana,26.0
s17,plum,50.0
s17,pineapple,37.0
s17,pear,37.0
s17,blackberry,6.0
s17,blueberry,82.0
s17,cantaloupe,4.0
s17,peach,14.0
s17,cherry,51.0
s17,mandarinorange,80.0
s17,raspberry,6.0
s17,apple,9.0
s17,grape,100.0
s17,nectarine,41.0
s17,greenapple,57.0
s17,greengrapes,100.0
s17,strawberry,99.0
s17,goldendeliciousapple,22.0
s17,honeydewmelon,1.0
s17,watermelon,49.0
s17,kiwi,50.0
s17,greenbellpepper,38.0
s17,carrot,51.0
s17,lettuce,19.0
s17,iceberglettuce,78.0
s17,peanuts,72.0
s17,almonds,51.0
s17,bread,14.0
s17,baguette,1.0
s17,slicedloafbread,11.0
s17,roll,3.0
s17,boulebread,3.0
s17,pretzel,10.0
s17,ryebread,4.0
s17,croissant,17.0
s17,deliturkey,1.0
s17,chickentenders,1.0
s17,meatballs,1.0
s17,gouda,12.0
s17,cheddarcheese,50.0
s17,swisscheese,40.0
s17,barbequechips,100.0
s17,potatochips,68.0
s17,tortillachips,40.0
s17,doritos,63.0
s17,ritzcracker,37.0
s17,saltinecracker,1.0
s17,wheatthins,7.0
s17,eggrolls,95.0
s17,frenchfries,79.0
s17,curlyfries,77.0
s17,popcorn,88.0
s17,butteredpopcorn,87.0
s17,triscuits,13.0
s17,pringles,71.0
s17,wavylays,74.0
s17,chocolateicecreamcone,20.0
s17,popsicle,3.0
s17,haagendazsicecreambar,83.0
s17,strawberryicecreamcone,25.0
s17,vanillasoftservecone,50.0
s17,blueberrymuffin,26.0
s17,banananutmuffin,32.0
s17,lemonpoppyseedmuffin,9.0
s17,nutrigrainbar,37.0
s17,grahamcracker,43.0
s17,churro,14.0
s17,twistdonut,2.0
s17,chocolatechipcookie,49.0
s17,tuilecookie,61.0
s17,madeleine,4.0
s17,oatmealraisincookie,39.0
s17,petitécolier,58.0
s17,thumprintcookie,2.0
s17,sugarcookie,40.0
s17,vanillawafer,8.0
s17,chocolatewafer,8.0
s17,stroopwafel,17.0
s17,chocolatebark,4.0
s17,darkchocolate,17.0
s17,ferrerorocher,77.0
s17,kitkat,58.0
s17,milkchocolate,23.0
s17,pocky,38.0
s17,toblerone,51.0
s17,lindtlindorchocolatetruffle,91.0
s17,twix,100.0
s17,caramel,36.0
s17,gumdrops,1.0
s17,lolipop,2.0
s17,mms,49.0
s17,peanutmms,63.0
s17,brioche,8.0
s17,brownie,50.0
s17,frostedbrownie,87.0
s17,raisinspicecake,7.0
s17,fruitcake,61.0
s17,lemoncake,100.0
s18,orange,34.0
s18,apricot,25.0
s18,banana,99.0
s18,plum,13.0
s18,pineapple,60.0
s18,pear,99.0
s18,blackberry,18.0
s18,blueberry,100.0
s18,cantaloupe,94.0
s18,peach,81.0
s18,cherry,36.0
s18,mandarinorange,52.0
s18,raspberry,100.0
s18,apple,43.0
s18,grape,51.0
s18,nectarine,34.0
s18,greenapple,50.0
s18,greengrapes,61.0
s18,strawberry,50.0
s18,goldendeliciousapple,50.0
s18,honeydewmelon,99.0
s18,watermelon,50.0
s18,kiwi,96.0
s18,greenbellpepper,2.0
s18,carrot,68.0
s18,lettuce,21.0
s18,iceberglettuce,32.0
s18,peanuts,29.0
s18,almonds,100.0
s18,bread,50.0
s18,baguette,94.0
s18,slicedloafbread,39.0
s18,roll,50.0
s18,boulebread,32.0
s18,pretzel,50.0
s18,ryebread,36.0
s18,croissant,48.0
s18,deliturkey,29.0
s18,chickentenders,99.0
s18,meatballs,51.0
s18,gouda,2.0
s18,cheddarcheese,99.0
s18,swisscheese,11.0
s18,barbequechips,62.0
s18,potatochips,30.0
s18,tortillachips,50.0
s18,doritos,99.0
s18,ritzcracker,2.0
s18,saltinecracker,2.0
s18,wheatthins,62.0
s18,eggrolls,97.0
s18,frenchfries,75.0
s18,curlyfries,99.0
s18,popcorn,77.0
s18,butteredpopcorn,78.0
s18,triscuits,50.0
s18,pringles,88.0
s18,wavylays,44.0
s18,chocolateicecreamcone,50.0
s18,popsicle,49.0
s18,haagendazsicecreambar,5.0
s18,strawberryicecreamcone,38.0
s18,vanillasoftservecone,66.0
s18,blueberrymuffin,51.0
s18,banananutmuffin,13.0
s18,lemonpoppyseedmuffin,97.0
s18,nutrigrainbar,31.0
s18,grahamcracker,72.0
s18,churro,99.0
s18,twistdonut,21.0
s18,chocolatechipcookie,27.0
s18,tuilecookie,2.0
s18,madeleine,90.0
s18,oatmealraisincookie,82.0
s18,petitécolier,64.0
s18,thumprintcookie,61.0
s18,sugarcookie,19.0
s18,vanillawafer,51.0
s18,chocolatewafer,24.0
s18,stroopwafel,15.0
s18,chocolatebark,34.0
s18,darkchocolate,10.0
s18,ferrerorocher,79.0
s18,kitkat,51.0
s18,milkchocolate,23.0
s18,pocky,15.0
s18,toblerone,51.0
s18,lindtlindorchocolatetruffle,38.0
s18,twix,60.0
s18,caramel,99.0
s18,gumdrops,9.0
s18,lolipop,28.0
s18,mms,24.0
s18,peanutmms,32.0
s18,brioche,51.0
s18,brownie,2.0
s18,frostedbrownie,2.0
s18,raisinspicecake,2.0
s18,fruitcake,2.0
s18,lemoncake,35.0
s19,orange,58.0
s19,apricot,31.0
s19,banana,67.0
s19,plum,67.0
s19,pineapple,21.0
s19,pear,51.0
s19,blackberry,62.0
s19,blueberry,23.0
s19,cantaloupe,30.0
s19,peach,64.0
s19,cherry,61.0
s19,mandarinorange,59.0
s19,raspberry,60.0
s19,apple,65.0
s19,grape,61.0
s19,nectarine,58.0
s19,greenapple,72.0
s19,greengrapes,58.0
s19,strawberry,82.0
s19,goldendeliciousapple,65.0
s19,honeydewmelon,22.0
s19,watermelon,57.0
s19,kiwi,52.0
s19,greenbellpepper,62.0
s19,carrot,58.0
s19,lettuce,32.0
s19,iceberglettuce,25.0
s19,peanuts,32.0
s19,almonds,26.0
s19,bread,51.0
s19,baguette,57.0
s19,slicedloafbread,33.0
s19,roll,70.0
s19,boulebread,56.0
s19,pretzel,20.0
s19,ryebread,61.0
s19,croissant,69.0
s19,deliturkey,59.0
s19,chickentenders,82.0
s19,meatballs,34.0
s19,gouda,35.0
s19,cheddarcheese,60.0
s19,swisscheese,50.0
s19,barbequechips,97.0
s19,potatochips,95.0
s19,tortillachips,94.0
s19,doritos,77.0
s19,ritzcracker,15.0
s19,saltinecracker,10.0
s19,wheatthins,3.0
s19,eggrolls,22.0
s19,frenchfries,68.0
s19,curlyfries,62.0
s19,popcorn,64.0
s19,butteredpopcorn,50.0
s19,triscuits,61.0
s19,pringles,94.0
s19,wavylays,86.0
s19,chocolateicecreamcone,90.0
s19,popsicle,75.0
s19,haagendazsicecreambar,83.0
s19,strawberryicecreamcone,70.0
s19,vanillasoftservecone,81.0
s19,blueberrymuffin,22.0
s19,banananutmuffin,20.0
s19,lemonpoppyseedmuffin,51.0
s19,nutrigrainbar,21.0
s19,grahamcracker,32.0
s19,churro,29.0
s19,twistdonut,35.0
s19,chocolatechipcookie,60.0
s19,tuilecookie,26.0
s19,madeleine,11.0
s19,oatmealraisincookie,29.0
s19,petitécolier,62.0
s19,thumprintcookie,28.0
s19,sugarcookie,29.0
s19,vanillawafer,19.0
s19,chocolatewafer,36.0
s19,stroopwafel,60.0
s19,chocolatebark,32.0
s19,darkchocolate,36.0
s19,ferrerorocher,22.0
s19,kitkat,60.0
s19,milkchocolate,59.0
s19,pocky,83.0
s19,toblerone,27.0
s19,lindtlindorchocolatetruffle,8.0
s19,twix,26.0
s19,caramel,33.0
s19,gumdrops,32.0
s19,lolipop,32.0
s19,mms,11.0
s19,peanutmms,30.0
s19,brioche,59.0
s19,brownie,23.0
s19,frostedbrownie,15.0
s19,raisinspicecake,17.0
s19,fruitcake,37.0
s19,lemoncake,29.0
s20,orange,98.0
s20,apricot,50.0
s20,banana,96.0
s20,plum,74.0
s20,pineapple,76.0
s20,pear,74.0
s20,blackberry,79.0
s20,blueberry,65.0
s20,cantaloupe,99.0
s20,peach,69.0
s20,cherry,70.0
s20,mandarinorange,99.0
s20,raspberry,69.0
s20,apple,82.0
s20,grape,85.0
s20,nectarine,68.0
s20,greenapple,84.0
s20,greengrapes,90.0
s20,strawberry,86.0
s20,goldendeliciousapple,50.0
s20,honeydewmelon,99.0
s20,watermelon,99.0
s20,kiwi,61.0
s20,greenbellpepper,31.0
s20,carrot,19.0
s20,lettuce,2.0
s20,iceberglettuce,2.0
s20,peanuts,51.0
s20,almonds,81.0
s20,bread,22.0
s20,baguette,7.0
s20,slicedloafbread,22.0
s20,roll,64.0
s20,boulebread,34.0
s20,pretzel,1.0
s20,ryebread,70.0
s20,croissant,60.0
s20,deliturkey,1.0
s20,chickentenders,1.0
s20,meatballs,3.0
s20,gouda,63.0
s20,cheddarcheese,98.0
s20,swisscheese,82.0
s20,barbequechips,68.0
s20,potatochips,48.0
s20,tortillachips,27.0
s20,doritos,63.0
s20,ritzcracker,64.0
s20,saltinecracker,51.0
s20,wheatthins,67.0
s20,eggrolls,98.0
s20,frenchfries,80.0
s20,curlyfries,63.0
s20,popcorn,22.0
s20,butteredpopcorn,95.0
s20,triscuits,99.0
s20,pringles,98.0
s20,wavylays,50.0
s20,chocolateicecreamcone,50.0
s20,popsicle,22.0
s20,haagendazsicecreambar,73.0
s20,strawberryicecreamcone,40.0
s20,vanillasoftservecone,72.0
s20,blueberrymuffin,27.0
s20,banananutmuffin,28.0
s20,lemonpoppyseedmuffin,62.0
s20,nutrigrainbar,2.0
s20,grahamcracker,51.0
s20,churro,99.0
s20,twistdonut,99.0
s20,chocolatechipcookie,51.0
s20,tuilecookie,52.0
s20,madeleine,53.0
s20,oatmealraisincookie,99.0
s20,petitécolier,49.0
s20,thumprintcookie,31.0
s20,sugarcookie,33.0
s20,vanillawafer,51.0
s20,chocolatewafer,49.0
s20,stroopwafel,1.0
s20,chocolatebark,76.0
s20,darkchocolate,98.0
s20,ferrerorocher,100.0
s20,kitkat,71.0
s20,milkchocolate,99.0
s20,pocky,50.0
s20,toblerone,99.0
s20,lindtlindorchocolatetruffle,75.0
s20,twix,24.0
s20,caramel,50.0
s20,gumdrops,32.0
s20,lolipop,3.0
s20,mms,77.0
s20,peanutmms,58.0
s20,brioche,99.0
s20,brownie,82.0
s20,frostedbrownie,64.0
s20,raisinspicecake,2.0
s20,fruitcake,1.0
s20,lemoncake,8.0
s21,orange,84.0
s21,apricot,17.0
s21,banana,85.0
s21,plum,9.0
s21,pineapple,50.0
s21,pear,51.0
s21,blackberry,37.0
s21,blueberry,51.0
s21,cantaloupe,66.0
s21,peach,17.0
s21,cherry,50.0
s21,mandarinorange,67.0
s21,raspberry,43.0
s21,apple,85.0
s21,grape,59.0
s21,nectarine,18.0
s21,greenapple,67.0
s21,greengrapes,63.0
s21,strawberry,69.0
s21,goldendeliciousapple,63.0
s21,honeydewmelon,51.0
s21,watermelon,50.0
s21,kiwi,60.0
s21,greenbellpepper,2.0
s21,carrot,35.0
s21,lettuce,25.0
s21,iceberglettuce,29.0
s21,peanuts,72.0
s21,almonds,88.0
s21,bread,24.0
s21,baguette,35.0
s21,slicedloafbread,40.0
s21,roll,25.0
s21,boulebread,31.0
s21,pretzel,60.0
s21,ryebread,24.0
s21,croissant,50.0
s21,deliturkey,39.0
s21,chickentenders,79.0
s21,meatballs,61.0
s21,gouda,64.0
s21,cheddarcheese,71.0
s21,swisscheese,68.0
s21,barbequechips,92.0
s21,potatochips,88.0
s21,tortillachips,67.0
s21,doritos,77.0
s21,ritzcracker,63.0
s21,saltinecracker,62.0
s21,wheatthins,52.0
s21,eggrolls,51.0
s21,frenchfries,77.0
s21,curlyfries,82.0
s21,popcorn,63.0
s21,butteredpopcorn,61.0
s21,triscuits,59.0
s21,pringles,71.0
s21,wavylays,78.0
s21,chocolateicecreamcone,86.0
s21,popsicle,50.0
s21,haagendazsicecreambar,85.0
s21,strawberryicecreamcone,84.0
s21,vanillasoftservecone,90.0
s21,blueberrymuffin,65.0
s21,banananutmuffin,50.0
s21,lemonpoppyseedmuffin,37.0
s21,nutrigrainbar,65.0
s21,grahamcracker,67.0
s21,churro,72.0
s21,twistdonut,75.0
s21,chocolatechipcookie,86.0
s21,tuilecookie,67.0
s21,madeleine,40.0
s21,oatmealraisincookie,82.0
s21,petitécolier,85.0
s21,thumprintcookie,50.0
s21,sugarcookie,81.0
s21,vanillawafer,74.0
s21,chocolatewafer,79.0
s21,stroopwafel,67.0
s21,chocolatebark,67.0
s21,darkchocolate,82.0
s21,ferrerorocher,81.0
s21,kitkat,82.0
s21,milkchocolate,86.0
s21,pocky,73.0
s21,toblerone,76.0
s21,lindtlindorchocolatetruffle,81.0
s21,twix,72.0
s21,caramel,51.0
s21,gumdrops,65.0
s21,lolipop,40.0
s21,mms,83.0
s21,peanutmms,83.0
s21,brioche,37.0
s21,brownie,78.0
s21,frostedbrownie,73.0
s21,raisinspicecake,39.0
s21,fruitcake,34.0
s21,lemoncake,65.0
s22,orange,94.0
s22,apricot,96.0
s22,banana,96.0
s22,plum,95.0
s22,pineapple,100.0
s22,pear,99.0
s22,blackberry,97.0
s22,blueberry,99.0
s22,cantaloupe,94.0
s22,peach,94.0
s22,cherry,95.0
s22,mandarinorange,98.0
s22,raspberry,97.0
s22,apple,92.0
s22,grape,99.0
s22,nectarine,95.0
s22,greenapple,93.0
s22,greengrapes,98.0
s22,strawberry,96.0
s22,goldendeliciousapple,95.0
s22,honeydewmelon,96.0
s22,watermelon,99.0
s22,kiwi,97.0
s22,greenbellpepper,97.0
s22,carrot,74.0
s22,lettuce,99.0
s22,iceberglettuce,86.0
s22,peanuts,90.0
s22,almonds,89.0
s22,bread,100.0
s22,baguette,97.0
s22,slicedloafbread,89.0
s22,roll,95.0
s22,boulebread,98.0
s22,pretzel,94.0
s22,ryebread,94.0
s22,croissant,96.0
s22,deliturkey,91.0
s22,chickentenders,99.0
s22,meatballs,98.0
s22,gouda,94.0
s22,cheddarcheese,98.0
s22,swisscheese,89.0
s22,barbequechips,96.0
s22,potatochips,91.0
s22,tortillachips,99.0
s22,doritos,98.0
s22,ritzcracker,88.0
s22,saltinecracker,72.0
s22,wheatthins,87.0
s22,eggrolls,97.0
s22,frenchfries,84.0
s22,curlyfries,97.0
s22,popcorn,83.0
s22,butteredpopcorn,92.0
s22,triscuits,99.0
s22,pringles,97.0
s22,wavylays,87.0
s22,chocolateicecreamcone,98.0
s22,popsicle,96.0
s22,haagendazsicecreambar,99.0
s22,strawberryicecreamcone,97.0
s22,vanillasoftservecone,94.0
s22,blueberrymuffin,95.0
s22,banananutmuffin,94.0
s22,lemonpoppyseedmuffin,96.0
s22,nutrigrainbar,93.0
s22,grahamcracker,96.0
s22,churro,87.0
s22,twistdonut,98.0
s22,chocolatechipcookie,97.0
s22,tuilecookie,92.0
s22,madeleine,96.0
s22,oatmealraisincookie,98.0
s22,petitécolier,84.0
s22,thumprintcookie,93.0
s22,sugarcookie,94.0
s22,vanillawafer,93.0
s22,chocolatewafer,88.0
s22,stroopwafel,92.0
s22,chocolatebark,98.0
s22,darkchocolate,89.0
s22,ferrerorocher,99.0
s22,kitkat,94.0
s22,milkchocolate,100.0
s22,pocky,89.0
s22,toblerone,97.0
s22,lindtlindorchocolatetruffle,93.0
s22,twix,76.0
s22,caramel,90.0
s22,gumdrops,92.0
s22,lolipop,96.0
s22,mms,95.0
s22,peanutmms,97.0
s22,brioche,96.0
s22,brownie,95.0
s22,frostedbrownie,100.0
s22,raisinspicecake,94.0
s22,fruitcake,95.0
s22,lemoncake,85.0
s23,orange,96.0
s23,apricot,90.0
s23,banana,95.0
s23,plum,98.0
s23,pineapple,93.0
s23,pear,93.0
s23,blackberry,95.0
s23,blueberry,96.0
s23,cantaloupe,87.0
s23,peach,86.0
s23,cherry,97.0
s23,mandarinorange,94.0
s23,raspberry,94.0
s23,apple,91.0
s23,grape,96.0
s23,nectarine,97.0
s23,greenapple,100.0
s23,greengrapes,92.0
s23,strawberry,93.0
s23,goldendeliciousapple,91.0
s23,honeydewmelon,83.0
s23,watermelon,92.0
s23,kiwi,95.0
s23,greenbellpepper,88.0
s23,carrot,96.0
s23,lettuce,96.0
s23,iceberglettuce,100.0
s23,peanuts,83.0
s23,almonds,97.0
s23,bread,87.0
s23,baguette,89.0
s23,slicedloafbread,90.0
s23,roll,89.0
s23,boulebread,91.0
s23,pretzel,95.0
s23,ryebread,95.0
s23,croissant,87.0
s23,deliturkey,98.0
s23,chickentenders,90.0
s23,meatballs,93.0
s23,gouda,96.0
s23,cheddarcheese,93.0
s23,swisscheese,95.0
s23,barbequechips,99.0
s23,potatochips,97.0
s23,tortillachips,95.0
s23,doritos,91.0
s23,ritzcracker,90.0
s23,saltinecracker,81.0
s23,wheatthins,91.0
s23,eggrolls,87.0
s23,frenchfries,89.0
s23,curlyfries,96.0
s23,popcorn,96.0
s23,butteredpopcorn,92.0
s23,triscuits,91.0
s23,pringles,86.0
s23,wavylays,92.0
s23,chocolateicecreamcone,87.0
s23,popsicle,95.0
s23,haagendazsicecreambar,92.0
s23,strawberryicecreamcone,89.0
s23,vanillasoftservecone,94.0
s23,blueberrymuffin,93.0
s23,banananutmuffin,98.0
s23,lemonpoppyseedmuffin,85.0
s23,nutrigrainbar,94.0
s23,grahamcracker,93.0
s23,churro,100.0
s23,twistdonut,85.0
s23,chocolatechipcookie,99.0
s23,tuilecookie,98.0
s23,madeleine,86.0
s23,oatmealraisincookie,96.0
s23,petitécolier,96.0
s23,thumprintcookie,85.0
s23,sugarcookie,93.0
s23,vanillawafer,87.0
s23,chocolatewafer,93.0
s23,stroopwafel,89.0
s23,chocolatebark,96.0
s23,darkchocolate,87.0
s23,ferrerorocher,86.0
s23,kitkat,92.0
s23,milkchocolate,96.0
s23,pocky,96.0
s23,toblerone,91.0
s23,lindtlindorchocolatetruffle,96.0
s23,twix,96.0
s23,caramel,100.0
s23,gumdrops,95.0
s23,lolipop,93.0
s23,mms,89.0
s23,peanutmms,84.0
s23,brioche,95.0
s23,brownie,87.0
s23,frostedbrownie,90.0
s23,raisinspicecake,90.0
s23,fruitcake,95.0
s23,lemoncake,97.0
s24,orange,56.0
s24,apricot,56.0
s24,banana,69.0
s24,plum,56.0
s24,pineapple,7.0
s24,pear,34.0
s24,blackberry,1.0
s24,blueberry,1.0
s24,cantaloupe,59.0
s24,peach,58.0
s24,cherry,63.0
s24,mandarinorange,60.0
s24,raspberry,1.0
s24,apple,58.0
s24,grape,33.0
s24,nectarine,60.0
s24,greenapple,38.0
s24,greengrapes,65.0
s24,strawberry,11.0
s24,goldendeliciousapple,13.0
s24,honeydewmelon,60.0
s24,watermelon,59.0
s24,kiwi,1.0
s24,greenbellpepper,1.0
s24,carrot,51.0
s24,lettuce,9.0
s24,iceberglettuce,7.0
s24,peanuts,78.0
s24,almonds,56.0
s24,bread,1.0
s24,baguette,83.0
s24,slicedloafbread,60.0
s24,roll,11.0
s24,boulebread,68.0
s24,pretzel,67.0
s24,ryebread,43.0
s24,croissant,100.0
s24,deliturkey,67.0
s24,chickentenders,83.0
s24,meatballs,91.0
s24,gouda,44.0
s24,cheddarcheese,59.0
s24,swisscheese,59.0
s24,barbequechips,97.0
s24,potatochips,90.0
s24,tortillachips,100.0
s24,doritos,100.0
s24,ritzcracker,64.0
s24,saltinecracker,10.0
s24,wheatthins,69.0
s24,eggrolls,100.0
s24,frenchfries,100.0
s24,curlyfries,100.0
s24,popcorn,51.0
s24,butteredpopcorn,72.0
s24,triscuits,1.0
s24,pringles,90.0
s24,wavylays,100.0
s24,chocolateicecreamcone,100.0
s24,popsicle,75.0
s24,haagendazsicecreambar,100.0
s24,strawberryicecreamcone,44.0
s24,vanillasoftservecone,100.0
s24,blueberrymuffin,55.0
s24,banananutmuffin,71.0
s24,lemonpoppyseedmuffin,56.0
s24,nutrigrainbar,60.0
s24,grahamcracker,1.0
s24,churro,29.0
s24,twistdonut,69.0
s24,chocolatechipcookie,63.0
s24,tuilecookie,26.0
s24,madeleine,50.0
s24,oatmealraisincookie,64.0
s24,petitécolier,96.0
s24,thumprintcookie,42.0
s24,sugarcookie,50.0
s24,vanillawafer,60.0
s24,chocolatewafer,75.0
s24,stroopwafel,61.0
s24,chocolatebark,85.0
s24,darkchocolate,18.0
s24,ferrerorocher,100.0
s24,kitkat,100.0
s24,milkchocolate,100.0
s24,pocky,51.0
s24,toblerone,92.0
s24,lindtlindorchocolatetruffle,69.0
s24,twix,100.0
s24,caramel,60.0
s24,gumdrops,13.0
s24,lolipop,15.0
s24,mms,16.0
s24,peanutmms,27.0
s24,brioche,92.0
s24,brownie,60.0
s24,frostedbrownie,87.0
s24,raisinspicecake,41.0
s24,fruitcake,37.0
s24,lemoncake,39.0
s25,orange,90.0
s25,apricot,56.0
s25,banana,100.0
s25,plum,37.0
s25,pineapple,92.0
s25,pear,91.0
s25,blackberry,31.0
s25,blueberry,40.0
s25,cantaloupe,36.0
s25,peach,38.0
s25,cherry,89.0
s25,mandarinorange,32.0
s25,raspberry,94.0
s25,apple,95.0
s25,grape,44.0
s25,nectarine,100.0
s25,greenapple,87.0
s25,greengrapes,41.0
s25,strawberry,100.0
s25,goldendeliciousapple,99.0
s25,honeydewmelon,25.0
s25,watermelon,55.0
s25,kiwi,46.0
s25,greenbellpepper,11.0
s25,carrot,89.0
s25,lettuce,45.0
s25,iceberglettuce,22.0
s25,peanuts,64.0
s25,almonds,84.0
s25,bread,89.0
s25,baguette,96.0
s25,slicedloafbread,100.0
s25,roll,85.0
s25,boulebread,87.0
s25,pretzel,84.0
s25,ryebread,86.0
s25,croissant,92.0
s25,deliturkey,35.0
s25,chickentenders,89.0
s25,meatballs,90.0
s25,gouda,91.0
s25,cheddarcheese,93.0
s25,swisscheese,91.0
s25,barbequechips,85.0
s25,potatochips,100.0
s25,tortillachips,89.0
s25,doritos,91.0
s25,ritzcracker,95.0
s25,saltinecracker,91.0
s25,wheatthins,100.0
s25,eggrolls,97.0
s25,frenchfries,95.0
s25,curlyfries,97.0
s25,popcorn,93.0
s25,butteredpopcorn,100.0
s25,triscuits,85.0
s25,pringles,90.0
s25,wavylays,92.0
s25,chocolateicecreamcone,98.0
s25,popsicle,83.0
s25,haagendazsicecreambar,93.0
s25,strawberryicecreamcone,91.0
s25,vanillasoftservecone,100.0
s25,blueberrymuffin,95.0
s25,banananutmuffin,100.0
s25,lemonpoppyseedmuffin,97.0
s25,nutrigrainbar,100.0
s25,grahamcracker,94.0
s25,churro,97.0
s25,twistdonut,100.0
s25,chocolatechipcookie,100.0
s25,tuilecookie,98.0
s25,madeleine,91.0
s25,oatmealraisincookie,91.0
s25,petitécolier,95.0
s25,thumprintcookie,89.0
s25,sugarcookie,96.0
s25,vanillawafer,100.0
s25,chocolatewafer,100.0
s25,stroopwafel,96.0
s25,chocolatebark,86.0
s25,darkchocolate,87.0
s25,ferrerorocher,80.0
s25,kitkat,86.0
s25,milkchocolate,99.0
s25,pocky,93.0
s25,toblerone,100.0
s25,lindtlindorchocolatetruffle,86.0
s25,twix,91.0
s25,caramel,84.0
s25,gumdrops,85.0
s25,lolipop,95.0
s25,mms,93.0
s25,peanutmms,88.0
s25,brioche,96.0
s25,brownie,89.0
s25,frostedbrownie,89.0
s25,raisinspicecake,93.0
s25,fruitcake,92.0
s25,lemoncake,95.0
s26,orange,97.0
s26,apricot,93.0
s26,banana,100.0
s26,plum,82.0
s26,pineapple,100.0
s26,pear,21.0
s26,blackberry,89.0
s26,blueberry,87.0
s26,cantaloupe,1.0
s26,peach,87.0
s26,cherry,96.0
s26,mandarinorange,99.0
s26,raspberry,90.0
s26,apple,85.0
s26,grape,99.0
s26,nectarine,89.0
s26,greenapple,51.0
s26,greengrapes,76.0
s26,strawberry,100.0
s26,goldendeliciousapple,52.0
s26,honeydewmelon,27.0
s26,watermelon,99.0
s26,kiwi,84.0
s26,greenbellpepper,2.0
s26,carrot,61.0
s26,lettuce,69.0
s26,iceberglettuce,28.0
s26,peanuts,49.0
s26,almonds,1.0
s26,bread,71.0
s26,baguette,14.0
s26,slicedloafbread,2.0
s26,roll,11.0
s26,boulebread,27.0
s26,pretzel,99.0
s26,ryebread,80.0
s26,croissant,99.0
s26,deliturkey,38.0
s26,chickentenders,83.0
s26,meatballs,98.0
s26,gouda,97.0
s26,cheddarcheese,81.0
s26,swisscheese,82.0
s26,barbequechips,48.0
s26,potatochips,53.0
s26,tortillachips,91.0
s26,doritos,97.0
s26,ritzcracker,51.0
s26,saltinecracker,28.0
s26,wheatthins,88.0
s26,eggrolls,85.0
s26,frenchfries,90.0
s26,curlyfries,99.0
s26,popcorn,5.0
s26,butteredpopcorn,6.0
s26,triscuits,21.0
s26,pringles,98.0
s26,wavylays,38.0
s26,chocolateicecreamcone,100.0
s26,popsicle,44.0
s26,haagendazsicecreambar,100.0
s26,strawberryicecreamcone,99.0
s26,vanillasoftservecone,98.0
s26,blueberrymuffin,49.0
s26,banananutmuffin,18.0
s26,lemonpoppyseedmuffin,70.0
s26,nutrigrainbar,15.0
s26,grahamcracker,96.0
s26,churro,100.0
s26,twistdonut,99.0
s26,chocolatechipcookie,100.0
s26,tuilecookie,83.0
s26,madeleine,100.0
s26,oatmealraisincookie,51.0
s26,petitécolier,27.0
s26,thumprintcookie,39.0
s26,sugarcookie,81.0
s26,vanillawafer,99.0
s26,chocolatewafer,99.0
s26,stroopwafel,35.0
s26,chocolatebark,25.0
s26,darkchocolate,2.0
s26,ferrerorocher,100.0
s26,kitkat,100.0
s26,milkchocolate,82.0
s26,pocky,92.0
s26,toblerone,45.0
s26,lindtlindorchocolatetruffle,97.0
s26,twix,99.0
s26,caramel,12.0
s26,gumdrops,1.0
s26,lolipop,2.0
s26,mms,83.0
s26,peanutmms,99.0
s26,brioche,57.0
s26,brownie,68.0
s26,frostedbrownie,100.0
s26,raisinspicecake,2.0
s26,fruitcake,3.0
s26,lemoncake,100.0
s27,orange,84.0
s27,apricot,3.0
s27,banana,70.0
s27,plum,24.0
s27,pineapple,61.0
s27,pear,70.0
s27,blackberry,23.0
s27,blueberry,13.0
s27,cantaloupe,33.0
s27,peach,13.0
s27,cherry,71.0
s27,mandarinorange,81.0
s27,raspberry,17.0
s27,apple,57.0
s27,grape,75.0
s27,nectarine,49.0
s27,greenapple,85.0
s27,greengrapes,67.0
s27,strawberry,84.0
s27,goldendeliciousapple,63.0
s27,honeydewmelon,3.0
s27,watermelon,71.0
s27,kiwi,34.0
s27,greenbellpepper,50.0
s27,carrot,13.0
s27,lettuce,15.0
s27,iceberglettuce,49.0
s27,peanuts,14.0
s27,almonds,50.0
s27,bread,50.0
s27,baguette,50.0
s27,slicedloafbread,16.0
s27,roll,16.0
s27,boulebread,51.0
s27,pretzel,64.0
s27,ryebread,50.0
s27,croissant,50.0
s27,deliturkey,25.0
s27,chickentenders,75.0
s27,meatballs,11.0
s27,gouda,17.0
s27,cheddarcheese,22.0
s27,swisscheese,51.0
s27,barbequechips,50.0
s27,potatochips,63.0
s27,tortillachips,19.0
s27,doritos,19.0
s27,ritzcracker,50.0
s27,saltinecracker,5.0
s27,wheatthins,5.0
s27,eggrolls,72.0
s27,frenchfries,49.0
s27,curlyfries,60.0
s27,popcorn,50.0
s27,butteredpopcorn,37.0
s27,triscuits,19.0
s27,pringles,35.0
s27,wavylays,77.0
s27,chocolateicecreamcone,77.0
s27,popsicle,60.0
s27,haagendazsicecreambar,73.0
s27,strawberryicecreamcone,64.0
s27,vanillasoftservecone,50.0
s27,blueberrymuffin,33.0
s27,banananutmuffin,50.0
s27,lemonpoppyseedmuffin,83.0
s27,nutrigrainbar,36.0
s27,grahamcracker,50.0
s27,churro,60.0
s27,twistdonut,50.0
s27,chocolatechipcookie,71.0
s27,tuilecookie,50.0
s27,madeleine,19.0
s27,oatmealraisincookie,77.0
s27,petitécolier,50.0
s27,thumprintcookie,43.0
s27,sugarcookie,50.0
s27,vanillawafer,51.0
s27,chocolatewafer,56.0
s27,stroopwafel,53.0
s27,chocolatebark,26.0
s27,darkchocolate,91.0
s27,ferrerorocher,65.0
s27,kitkat,90.0
s27,milkchocolate,94.0
s27,pocky,49.0
s27,toblerone,24.0
s27,lindtlindorchocolatetruffle,56.0
s27,twix,80.0
s27,caramel,50.0
s27,gumdrops,7.0
s27,lolipop,11.0
s27,mms,63.0
s27,peanutmms,69.0
s27,brioche,25.0
s27,brownie,67.0
s27,frostedbrownie,80.0
s27,raisinspicecake,2.0
s27,fruitcake,16.0
s27,lemoncake,75.0
s28,orange,67.0
s28,apricot,50.0
s28,banana,49.0
s28,plum,84.0
s28,pineapple,66.0
s28,pear,51.0
s28,blackberry,17.0
s28,blueberry,51.0
s28,cantaloupe,7.0
s28,peach,82.0
s28,cherry,17.0
s28,mandarinorange,83.0
s28,raspberry,50.0
s28,apple,50.0
s28,grape,60.0
s28,nectarine,86.0
s28,greenapple,37.0
s28,greengrapes,55.0
s28,strawberry,99.0
s28,goldendeliciousapple,51.0
s28,honeydewmelon,3.0
s28,watermelon,38.0
s28,kiwi,5.0
s28,greenbellpepper,9.0
s28,carrot,70.0
s28,lettuce,3.0
s28,iceberglettuce,16.0
s28,peanuts,53.0
s28,almonds,2.0
s28,bread,6.0
s28,baguette,5.0
s28,slicedloafbread,10.0
s28,roll,9.0
s28,boulebread,7.0
s28,pretzel,49.0
s28,ryebread,3.0
s28,croissant,9.0
s28,deliturkey,50.0
s28,chickentenders,62.0
s28,meatballs,23.0
s28,gouda,46.0
s28,cheddarcheese,49.0
s28,swisscheese,51.0
s28,barbequechips,60.0
s28,potatochips,62.0
s28,tortillachips,62.0
s28,doritos,50.0
s28,ritzcracker,51.0
s28,saltinecracker,48.0
s28,wheatthins,52.0
s28,eggrolls,66.0
s28,frenchfries,53.0
s28,curlyfries,52.0
s28,popcorn,56.0
s28,butteredpopcorn,49.0
s28,triscuits,58.0
s28,pringles,50.0
s28,wavylays,50.0
s28,chocolateicecreamcone,76.0
s28,popsicle,50.0
s28,haagendazsicecreambar,74.0
s28,strawberryicecreamcone,60.0
s28,vanillasoftservecone,67.0
s28,blueberrymuffin,59.0
s28,banananutmuffin,50.0
s28,lemonpoppyseedmuffin,25.0
s28,nutrigrainbar,18.0
s28,grahamcracker,51.0
s28,churro,51.0
s28,twistdonut,46.0
s28,chocolatechipcookie,76.0
s28,tuilecookie,14.0
s28,madeleine,50.0
s28,oatmealraisincookie,83.0
s28,petitécolier,17.0
s28,thumprintcookie,22.0
s28,sugarcookie,20.0
s28,vanillawafer,19.0
s28,chocolatewafer,18.0
s28,stroopwafel,13.0
s28,chocolatebark,27.0
s28,darkchocolate,30.0
s28,ferrerorocher,19.0
s28,kitkat,27.0
s28,milkchocolate,22.0
s28,pocky,11.0
s28,toblerone,34.0
s28,lindtlindorchocolatetruffle,23.0
s28,twix,74.0
s28,caramel,19.0
s28,gumdrops,30.0
s28,lolipop,14.0
s28,mms,50.0
s28,peanutmms,63.0
s28,brioche,4.0
s28,brownie,50.0
s28,frostedbrownie,18.0
s28,raisinspicecake,17.0
s28,fruitcake,13.0
s28,lemoncake,23.0
s29,orange,65.0
s29,apricot,50.0
s29,banana,100.0
s29,plum,56.0
s29,pineapple,62.0
s29,pear,50.0
s29,blackberry,79.0
s29,blueberry,99.0
s29,cantaloupe,2.0
s29,peach,53.0
s29,cherry,82.0
s29,mandarinorange,50.0
s29,raspberry,85.0
s29,apple,51.0
s29,grape,57.0
s29,nectarine,53.0
s29,greenapple,50.0
s29,greengrapes,55.0
s29,strawberry,73.0
s29,goldendeliciousapple,47.0
s29,honeydewmelon,54.0
s29,watermelon,97.0
s29,kiwi,50.0
s29,greenbellpepper,51.0
s29,carrot,50.0
s29,lettuce,50.0
s29,iceberglettuce,50.0
s29,peanuts,37.0
s29,almonds,35.0
s29,bread,39.0
s29,baguette,57.0
s29,slicedloafbread,60.0
s29,roll,21.0
s29,boulebread,49.0
s29,pretzel,12.0
s29,ryebread,51.0
s29,croissant,85.0
s29,deliturkey,23.0
s29,chickentenders,34.0
s29,meatballs,18.0
s29,gouda,15.0
s29,cheddarcheese,63.0
s29,swisscheese,56.0
s29,barbequechips,20.0
s29,potatochips,23.0
s29,tortillachips,82.0
s29,doritos,32.0
s29,ritzcracker,61.0
s29,saltinecracker,52.0
s29,wheatthins,50.0
s29,eggrolls,24.0
s29,frenchfries,38.0
s29,curlyfries,32.0
s29,popcorn,51.0
s29,butteredpopcorn,51.0
s29,triscuits,39.0
s29,pringles,28.0
s29,wavylays,22.0
s29,chocolateicecreamcone,79.0
s29,popsicle,50.0
s29,haagendazsicecreambar,88.0
s29,strawberryicecreamcone,42.0
s29,vanillasoftservecone,52.0
s29,blueberrymuffin,45.0
s29,banananutmuffin,45.0
s29,lemonpoppyseedmuffin,50.0
s29,nutrigrainbar,2.0
s29,grahamcracker,50.0
s29,churro,17.0
s29,twistdonut,13.0
s29,chocolatechipcookie,51.0
s29,tuilecookie,1.0
s29,madeleine,51.0
s29,oatmealraisincookie,85.0
s29,petitécolier,50.0
s29,thumprintcookie,43.0
s29,sugarcookie,49.0
s29,vanillawafer,12.0
s29,chocolatewafer,18.0
s29,stroopwafel,57.0
s29,chocolatebark,31.0
s29,darkchocolate,98.0
s29,ferrerorocher,3.0
s29,kitkat,70.0
s29,milkchocolate,97.0
s29,pocky,61.0
s29,toblerone,100.0
s29,lindtlindorchocolatetruffle,3.0
s29,twix,85.0
s29,caramel,39.0
s29,gumdrops,20.0
s29,lolipop,8.0
s29,mms,71.0
s29,peanutmms,75.0
s29,brioche,70.0
s29,brownie,64.0
s29,frostedbrownie,56.0
s29,raisinspicecake,22.0
s29,fruitcake,40.0
s29,lemoncake,2.0
s30,orange,60.0
s30,apricot,20.0
s30,banana,68.0
s30,plum,24.0
s30,pineapple,60.0
s30,pear,38.0
s30,blackberry,79.0
s30,blueberry,65.0
s30,cantaloupe,24.0
s30,peach,23.0
s30,cherry,25.0
s30,mandarinorange,79.0
s30,raspberry,79.0
s30,apple,65.0
s30,grape,67.0
s30,nectarine,45.0
s30,greenapple,70.0
s30,greengrapes,79.0
s30,strawberry,66.0
s30,goldendeliciousapple,66.0
s30,honeydewmelon,35.0
s30,watermelon,62.0
s30,kiwi,79.0
s30,greenbellpepper,51.0
s30,carrot,41.0
s30,lettuce,49.0
s30,iceberglettuce,28.0
s30,peanuts,63.0
s30,almonds,78.0
s30,bread,13.0
s30,baguette,30.0
s30,slicedloafbread,40.0
s30,roll,39.0
s30,boulebread,31.0
s30,pretzel,93.0
s30,ryebread,36.0
s30,croissant,39.0
s30,deliturkey,40.0
s30,chickentenders,66.0
s30,meatballs,40.0
s30,gouda,29.0
s30,cheddarcheese,64.0
s30,swisscheese,26.0
s30,barbequechips,57.0
s30,potatochips,57.0
s30,tortillachips,31.0
s30,doritos,52.0
s30,ritzcracker,60.0
s30,saltinecracker,38.0
s30,wheatthins,25.0
s30,eggrolls,32.0
s30,frenchfries,61.0
s30,curlyfries,60.0
s30,popcorn,64.0
s30,butteredpopcorn,74.0
s30,triscuits,23.0
s30,pringles,58.0
s30,wavylays,46.0
s30,chocolateicecreamcone,55.0
s30,popsicle,25.0
s30,haagendazsicecreambar,78.0
s30,strawberryicecreamcone,38.0
s30,vanillasoftservecone,42.0
s30,blueberrymuffin,79.0
s30,banananutmuffin,69.0
s30,lemonpoppyseedmuffin,78.0
s30,nutrigrainbar,14.0
s30,grahamcracker,53.0
s30,churro,66.0
s30,twistdonut,56.0
s30,chocolatechipcookie,67.0
s30,tuilecookie,64.0
s30,madeleine,54.0
s30,oatmealraisincookie,70.0
s30,petitécolier,41.0
s30,thumprintcookie,41.0
s30,sugarcookie,69.0
s30,vanillawafer,61.0
s30,chocolatewafer,57.0
s30,stroopwafel,56.0
s30,chocolatebark,55.0
s30,darkchocolate,57.0
s30,ferrerorocher,94.0
s30,kitkat,85.0
s30,milkchocolate,50.0
s30,pocky,88.0
s30,toblerone,37.0
s30,lindtlindorchocolatetruffle,27.0
s30,twix,81.0
s30,caramel,15.0
s30,gumdrops,4.0
s30,lolipop,3.0
s30,mms,56.0
s30,peanutmms,66.0
s30,brioche,42.0
s30,brownie,65.0
s30,frostedbrownie,24.0
s30,raisinspicecake,5.0
s30,fruitcake,32.0
s30,lemoncake,28.0
s31,orange,98.0
s31,apricot,32.0
s31,banana,99.0
s31,plum,35.0
s31,pineapple,99.0
s31,pear,50.0
s31,blackberry,72.0
s31,blueberry,85.0
s31,cantaloupe,29.0
s31,peach,62.0
s31,cherry,99.0
s31,mandarinorange,73.0
s31,raspberry,33.0
s31,apple,100.0
s31,grape,93.0
s31,nectarine,100.0
s31,greenapple,100.0
s31,greengrapes,99.0
s31,strawberry,9.0
s31,goldendeliciousapple,99.0
s31,honeydewmelon,1.0
s31,watermelon,2.0
s31,kiwi,43.0
s31,greenbellpepper,5.0
s31,carrot,15.0
s31,lettuce,32.0
s31,iceberglettuce,65.0
s31,peanuts,99.0
s31,almonds,54.0
s31,bread,82.0
s31,baguette,58.0
s31,slicedloafbread,75.0
s31,roll,86.0
s31,boulebread,90.0
s31,pretzel,84.0
s31,ryebread,98.0
s31,croissant,100.0
s31,deliturkey,7.0
s31,chickentenders,95.0
s31,meatballs,95.0
s31,gouda,51.0
s31,cheddarcheese,98.0
s31,swisscheese,35.0
s31,barbequechips,98.0
s31,potatochips,99.0
s31,tortillachips,100.0
s31,doritos,100.0
s31,ritzcracker,99.0
s31,saltinecracker,96.0
s31,wheatthins,99.0
s31,eggrolls,83.0
s31,frenchfries,99.0
s31,curlyfries,83.0
s31,popcorn,22.0
s31,butteredpopcorn,98.0
s31,triscuits,86.0
s31,pringles,94.0
s31,wavylays,98.0
s31,chocolateicecreamcone,66.0
s31,popsicle,6.0
s31,haagendazsicecreambar,75.0
s31,strawberryicecreamcone,67.0
s31,vanillasoftservecone,61.0
s31,blueberrymuffin,90.0
s31,banananutmuffin,75.0
s31,lemonpoppyseedmuffin,84.0
s31,nutrigrainbar,81.0
s31,grahamcracker,92.0
s31,churro,69.0
s31,twistdonut,76.0
s31,chocolatechipcookie,93.0
s31,tuilecookie,98.0
s31,madeleine,99.0
s31,oatmealraisincookie,82.0
s31,petitécolier,69.0
s31,thumprintcookie,50.0
s31,sugarcookie,51.0
s31,vanillawafer,97.0
s31,chocolatewafer,74.0
s31,stroopwafel,60.0
s31,chocolatebark,61.0
s31,darkchocolate,70.0
s31,ferrerorocher,30.0
s31,kitkat,27.0
s31,milkchocolate,72.0
s31,pocky,5.0
s31,toblerone,49.0
s31,lindtlindorchocolatetruffle,82.0
s31,twix,84.0
s31,caramel,53.0
s31,gumdrops,29.0
s31,lolipop,9.0
s31,mms,4.0
s31,peanutmms,4.0
s31,brioche,90.0
s31,brownie,99.0
s31,frostedbrownie,87.0
s31,raisinspicecake,100.0
s31,fruitcake,96.0
s31,lemoncake,99.0
s32,orange,65.0
s32,apricot,64.0
s32,banana,32.0
s32,plum,49.0
s32,pineapple,78.0
s32,pear,50.0
s32,blackberry,68.0
s32,blueberry,78.0
s32,cantaloupe,100.0
s32,peach,50.0
s32,cherry,50.0
s32,mandarinorange,51.0
s32,raspberry,100.0
s32,apple,78.0
s32,grape,92.0
s32,nectarine,39.0
s32,greenapple,60.0
s32,greengrapes,87.0
s32,strawberry,100.0
s32,goldendeliciousapple,65.0
s32,honeydewmelon,100.0
s32,watermelon,70.0
s32,kiwi,92.0
s32,greenbellpepper,26.0
s32,carrot,86.0
s32,lettuce,66.0
s32,iceberglettuce,67.0
s32,peanuts,72.0
s32,almonds,25.0
s32,bread,9.0
s32,baguette,19.0
s32,slicedloafbread,2.0
s32,roll,2.0
s32,boulebread,9.0
s32,pretzel,60.0
s32,ryebread,4.0
s32,croissant,15.0
s32,deliturkey,70.0
s32,chickentenders,39.0
s32,meatballs,16.0
s32,gouda,1.0
s32,cheddarcheese,22.0
s32,swisscheese,32.0
s32,barbequechips,57.0
s32,potatochips,5.0
s32,tortillachips,2.0
s32,doritos,2.0
s32,ritzcracker,15.0
s32,saltinecracker,7.0
s32,wheatthins,19.0
s32,eggrolls,34.0
s32,frenchfries,61.0
s32,curlyfries,67.0
s32,popcorn,59.0
s32,butteredpopcorn,18.0
s32,triscuits,2.0
s32,pringles,29.0
s32,wavylays,13.0
s32,chocolateicecreamcone,76.0
s32,popsicle,8.0
s32,haagendazsicecreambar,49.0
s32,strawberryicecreamcone,51.0
s32,vanillasoftservecone,28.0
s32,blueberrymuffin,37.0
s32,banananutmuffin,11.0
s32,lemonpoppyseedmuffin,1.0
s32,nutrigrainbar,16.0
s32,grahamcracker,1.0
s32,churro,22.0
s32,twistdonut,13.0
s32,chocolatechipcookie,62.0
s32,tuilecookie,14.0
s32,madeleine,2.0
s32,oatmealraisincookie,50.0
s32,petitécolier,63.0
s32,thumprintcookie,24.0
s32,sugarcookie,9.0
s32,vanillawafer,71.0
s32,chocolatewafer,100.0
s32,stroopwafel,63.0
s32,chocolatebark,69.0
s32,darkchocolate,50.0
s32,ferrerorocher,75.0
s32,kitkat,77.0
s32,milkchocolate,81.0
s32,pocky,29.0
s32,toblerone,25.0
s32,lindtlindorchocolatetruffle,69.0
s32,twix,36.0
s32,caramel,2.0
s32,gumdrops,5.0
s32,lolipop,18.0
s32,mms,78.0
s32,peanutmms,80.0
s32,brioche,8.0
s32,brownie,75.0
s32,frostedbrownie,65.0
s32,raisinspicecake,2.0
s32,fruitcake,2.0
s32,lemoncake,7.0
s33,orange,71.0
s33,apricot,36.0
s33,banana,72.0
s33,plum,31.0
s33,pineapple,69.0
s33,pear,70.0
s33,blackberry,30.0
s33,blueberry,58.0
s33,cantaloupe,66.0
s33,peach,33.0
s33,cherry,59.0
s33,mandarinorange,68.0
s33,raspberry,64.0
s33,apple,87.0
s33,grape,72.0
s33,nectarine,52.0
s33,greenapple,91.0
s33,greengrapes,79.0
s33,strawberry,71.0
s33,goldendeliciousapple,75.0
s33,honeydewmelon,37.0
s33,watermelon,66.0
s33,kiwi,39.0
s33,greenbellpepper,29.0
s33,carrot,61.0
s33,lettuce,61.0
s33,iceberglettuce,35.0
s33,peanuts,66.0
s33,almonds,66.0
s33,bread,64.0
s33,baguette,69.0
s33,slicedloafbread,71.0
s33,roll,69.0
s33,boulebread,65.0
s33,pretzel,64.0
s33,ryebread,62.0
s33,croissant,71.0
s33,deliturkey,59.0
s33,chickentenders,78.0
s33,meatballs,61.0
s33,gouda,66.0
s33,cheddarcheese,65.0
s33,swisscheese,70.0
s33,barbequechips,71.0
s33,potatochips,34.0
s33,tortillachips,63.0
s33,doritos,70.0
s33,ritzcracker,69.0
s33,saltinecracker,64.0
s33,wheatthins,67.0
s33,eggrolls,69.0
s33,frenchfries,63.0
s33,curlyfries,56.0
s33,popcorn,77.0
s33,butteredpopcorn,67.0
s33,triscuits,57.0
s33,pringles,68.0
s33,wavylays,70.0
s33,chocolateicecreamcone,74.0
s33,popsicle,63.0
s33,haagendazsicecreambar,75.0
s33,strawberryicecreamcone,67.0
s33,vanillasoftservecone,69.0
s33,blueberrymuffin,79.0
s33,banananutmuffin,71.0
s33,lemonpoppyseedmuffin,66.0
s33,nutrigrainbar,66.0
s33,grahamcracker,62.0
s33,churro,58.0
s33,twistdonut,72.0
s33,chocolatechipcookie,70.0
s33,tuilecookie,68.0
s33,madeleine,67.0
s33,oatmealraisincookie,67.0
s33,petitécolier,68.0
s33,thumprintcookie,67.0
s33,sugarcookie,50.0
s33,vanillawafer,71.0
s33,chocolatewafer,66.0
s33,stroopwafel,50.0
s33,chocolatebark,74.0
s33,darkchocolate,73.0
s33,ferrerorocher,65.0
s33,kitkat,70.0
s33,milkchocolate,63.0
s33,pocky,73.0
s33,toblerone,68.0
s33,lindtlindorchocolatetruffle,60.0
s33,twix,74.0
s33,caramel,71.0
s33,gumdrops,39.0
s33,lolipop,34.0
s33,mms,74.0
s33,peanutmms,70.0
s33,brioche,70.0
s33,brownie,72.0
s33,frostedbrownie,80.0
s33,raisinspicecake,70.0
s33,fruitcake,72.0
s33,lemoncake,71.0
s34,orange,100.0
s34,apricot,2.0
s34,banana,99.0
s34,plum,100.0
s34,pineapple,99.0
s34,pear,100.0
s34,blackberry,100.0
s34,blueberry,99.0
s34,cantaloupe,96.0
s34,peach,51.0
s34,cherry,100.0
s34,mandarinorange,100.0
s34,raspberry,86.0
s34,apple,100.0
s34,grape,100.0
s34,nectarine,51.0
s34,greenapple,100.0
s34,greengrapes,100.0
s34,strawberry,100.0
s34,goldendeliciousapple,100.0
s34,honeydewmelon,100.0
s34,watermelon,100.0
s34,kiwi,100.0
s34,greenbellpepper,2.0
s34,carrot,20.0
s34,lettuce,4.0
s34,iceberglettuce,2.0
s34,peanuts,16.0
s34,almonds,1.0
s34,bread,50.0
s34,baguette,41.0
s34,slicedloafbread,51.0
s34,roll,50.0
s34,boulebread,100.0
s34,pretzel,98.0
s34,ryebread,99.0
s34,croissant,1.0
s34,deliturkey,2.0
s34,chickentenders,1.0
s34,meatballs,1.0
s34,gouda,50.0
s34,cheddarcheese,50.0
s34,swisscheese,50.0
s34,barbequechips,1.0
s34,potatochips,2.0
s34,tortillachips,100.0
s34,doritos,53.0
s34,ritzcracker,51.0
s34,saltinecracker,1.0
s34,wheatthins,1.0
s34,eggrolls,51.0
s34,frenchfries,1.0
s34,curlyfries,1.0
s34,popcorn,2.0
s34,butteredpopcorn,50.0
s34,triscuits,100.0
s34,pringles,1.0
s34,wavylays,2.0
s34,chocolateicecreamcone,97.0
s34,popsicle,99.0
s34,haagendazsicecreambar,49.0
s34,strawberryicecreamcone,100.0
s34,vanillasoftservecone,100.0
s34,blueberrymuffin,52.0
s34,banananutmuffin,3.0
s34,lemonpoppyseedmuffin,14.0
s34,nutrigrainbar,99.0
s34,grahamcracker,1.0
s34,churro,1.0
s34,twistdonut,47.0
s34,chocolatechipcookie,98.0
s34,tuilecookie,1.0
s34,madeleine,21.0
s34,oatmealraisincookie,100.0
s34,petitécolier,100.0
s34,thumprintcookie,99.0
s34,sugarcookie,50.0
s34,vanillawafer,51.0
s34,chocolatewafer,98.0
s34,stroopwafel,51.0
s34,chocolatebark,100.0
s34,darkchocolate,99.0
s34,ferrerorocher,100.0
s34,kitkat,99.0
s34,milkchocolate,96.0
s34,pocky,100.0
s34,toblerone,91.0
s34,lindtlindorchocolatetruffle,99.0
s34,twix,99.0
s34,caramel,1.0
s34,gumdrops,1.0
s34,lolipop,1.0
s34,mms,49.0
s34,peanutmms,50.0
s34,brioche,76.0
s34,brownie,100.0
s34,frostedbrownie,100.0
s34,raisinspicecake,1.0
s34,fruitcake,26.0
s34,lemoncake,49.0
s35,orange,31.0
s35,apricot,40.0
s35,banana,93.0
s35,plum,22.0
s35,pineapple,39.0
s35,pear,61.0
s35,blackberry,17.0
s35,blueberry,55.0
s35,cantaloupe,36.0
s35,peach,47.0
s35,cherry,61.0
s35,mandarinorange,26.0
s35,raspberry,53.0
s35,apple,53.0
s35,grape,51.0
s35,nectarine,19.0
s35,greenapple,50.0
s35,greengrapes,51.0
s35,strawberry,62.0
s35,goldendeliciousapple,36.0
s35,honeydewmelon,26.0
s35,watermelon,39.0
s35,kiwi,51.0
s35,greenbellpepper,4.0
s35,carrot,40.0
s35,lettuce,27.0
s35,iceberglettuce,26.0
s35,peanuts,79.0
s35,almonds,65.0
s35,bread,50.0
s35,baguette,75.0
s35,slicedloafbread,45.0
s35,roll,6.0
s35,boulebread,70.0
s35,pretzel,51.0
s35,ryebread,66.0
s35,croissant,64.0
s35,deliturkey,67.0
s35,chickentenders,100.0
s35,meatballs,72.0
s35,gouda,68.0
s35,cheddarcheese,94.0
s35,swisscheese,88.0
s35,barbequechips,55.0
s35,potatochips,91.0
s35,tortillachips,65.0
s35,doritos,56.0
s35,ritzcracker,80.0
s35,saltinecracker,68.0
s35,wheatthins,76.0
s35,eggrolls,19.0
s35,frenchfries,31.0
s35,curlyfries,25.0
s35,popcorn,78.0
s35,butteredpopcorn,51.0
s35,triscuits,3.0
s35,pringles,87.0
s35,wavylays,83.0
s35,chocolateicecreamcone,90.0
s35,popsicle,54.0
s35,haagendazsicecreambar,100.0
s35,strawberryicecreamcone,86.0
s35,vanillasoftservecone,94.0
s35,blueberrymuffin,89.0
s35,banananutmuffin,51.0
s35,lemonpoppyseedmuffin,69.0
s35,nutrigrainbar,50.0
s35,grahamcracker,22.0
s35,churro,13.0
s35,twistdonut,51.0
s35,chocolatechipcookie,100.0
s35,tuilecookie,13.0
s35,madeleine,70.0
s35,oatmealraisincookie,62.0
s35,petitécolier,94.0
s35,thumprintcookie,84.0
s35,sugarcookie,51.0
s35,vanillawafer,63.0
s35,chocolatewafer,72.0
s35,stroopwafel,22.0
s35,chocolatebark,23.0
s35,darkchocolate,100.0
s35,ferrerorocher,91.0
s35,kitkat,98.0
s35,milkchocolate,95.0
s35,pocky,51.0
s35,toblerone,89.0
s35,lindtlindorchocolatetruffle,100.0
s35,twix,100.0
s35,caramel,76.0
s35,gumdrops,50.0
s35,lolipop,44.0
s35,mms,100.0
s35,peanutmms,98.0
s35,brioche,50.0
s35,brownie,97.0
s35,frostedbrownie,100.0
s35,raisinspicecake,23.0
s35,fruitcake,31.0
s35,lemoncake,76.0
s36,orange,61.0
s36,apricot,50.0
s36,banana,93.0
s36,plum,31.0
s36,pineapple,70.0
s36,pear,37.0
s36,blackberry,34.0
s36,blueberry,70.0
s36,cantaloupe,50.0
s36,peach,39.0
s36,cherry,24.0
s36,mandarinorange,58.0
s36,raspberry,54.0
s36,apple,88.0
s36,grape,90.0
s36,nectarine,43.0
s36,greenapple,77.0
s36,greengrapes,90.0
s36,strawberry,86.0
s36,goldendeliciousapple,74.0
s36,honeydewmelon,51.0
s36,watermelon,76.0
s36,kiwi,20.0
s36,greenbellpepper,19.0
s36,carrot,92.0
s36,lettuce,70.0
s36,iceberglettuce,66.0
s36,peanuts,75.0
s36,almonds,60.0
s36,bread,80.0
s36,baguette,88.0
s36,slicedloafbread,98.0
s36,roll,83.0
s36,boulebread,80.0
s36,pretzel,100.0
s36,ryebread,99.0
s36,croissant,72.0
s36,deliturkey,100.0
s36,chickentenders,100.0
s36,meatballs,89.0
s36,gouda,52.0
s36,cheddarcheese,100.0
s36,swisscheese,88.0
s36,barbequechips,50.0
s36,potatochips,88.0
s36,tortillachips,94.0
s36,doritos,79.0
s36,ritzcracker,94.0
s36,saltinecracker,91.0
s36,wheatthins,90.0
s36,eggrolls,79.0
s36,frenchfries,100.0
s36,curlyfries,91.0
s36,popcorn,96.0
s36,butteredpopcorn,59.0
s36,triscuits,72.0
s36,pringles,79.0
s36,wavylays,56.0
s36,chocolateicecreamcone,91.0
s36,popsicle,66.0
s36,haagendazsicecreambar,100.0
s36,strawberryicecreamcone,91.0
s36,vanillasoftservecone,98.0
s36,blueberrymuffin,97.0
s36,banananutmuffin,92.0
s36,lemonpoppyseedmuffin,66.0
s36,nutrigrainbar,89.0
s36,grahamcracker,99.0
s36,churro,77.0
s36,twistdonut,60.0
s36,chocolatechipcookie,94.0
s36,tuilecookie,51.0
s36,madeleine,26.0
s36,oatmealraisincookie,55.0
s36,petitécolier,62.0
s36,thumprintcookie,6.0
s36,sugarcookie,73.0
s36,vanillawafer,31.0
s36,chocolatewafer,58.0
s36,stroopwafel,39.0
s36,chocolatebark,91.0
s36,darkchocolate,100.0
s36,ferrerorocher,50.0
s36,kitkat,64.0
s36,milkchocolate,96.0
s36,pocky,50.0
s36,toblerone,95.0
s36,lindtlindorchocolatetruffle,51.0
s36,twix,77.0
s36,caramel,50.0
s36,gumdrops,16.0
s36,lolipop,36.0
s36,mms,58.0
s36,peanutmms,67.0
s36,brioche,69.0
s36,brownie,100.0
s36,frostedbrownie,99.0
s36,raisinspicecake,61.0
s36,fruitcake,56.0
s36,lemoncake,62.0
s37,orange,51.0
s37,apricot,12.0
s37,banana,80.0
s37,plum,73.0
s37,pineapple,100.0
s37,pear,50.0
s37,blackberry,84.0
s37,blueberry,100.0
s37,cantaloupe,30.0
s37,peach,59.0
s37,cherry,78.0
s37,mandarinorange,82.0
s37,raspberry,88.0
s37,apple,1.0
s37,grape,73.0
s37,nectarine,51.0
s37,greenapple,20.0
s37,greengrapes,23.0
s37,strawberry,100.0
s37,goldendeliciousapple,21.0
s37,honeydewmelon,15.0
s37,watermelon,20.0
s37,kiwi,94.0
s37,greenbellpepper,50.0
s37,carrot,50.0
s37,lettuce,14.0
s37,iceberglettuce,1.0
s37,peanuts,14.0
s37,almonds,10.0
s37,bread,72.0
s37,baguette,81.0
s37,slicedloafbread,1.0
s37,roll,50.0
s37,boulebread,100.0
s37,pretzel,100.0
s37,ryebread,80.0
s37,croissant,50.0
s37,deliturkey,59.0
s37,chickentenders,100.0
s37,meatballs,100.0
s37,gouda,89.0
s37,cheddarcheese,99.0
s37,swisscheese,29.0
s37,barbequechips,16.0
s37,potatochips,19.0
s37,tortillachips,83.0
s37,doritos,7.0
s37,ritzcracker,94.0
s37,saltinecracker,50.0
s37,wheatthins,24.0
s37,eggrolls,77.0
s37,frenchfries,100.0
s37,curlyfries,87.0
s37,popcorn,34.0
s37,butteredpopcorn,55.0
s37,triscuits,76.0
s37,pringles,1.0
s37,wavylays,31.0
s37,chocolateicecreamcone,93.0
s37,popsicle,83.0
s37,haagendazsicecreambar,100.0
s37,strawberryicecreamcone,99.0
s37,vanillasoftservecone,51.0
s37,blueberrymuffin,97.0
s37,banananutmuffin,89.0
s37,lemonpoppyseedmuffin,96.0
s37,nutrigrainbar,66.0
s37,grahamcracker,60.0
s37,churro,100.0
s37,twistdonut,100.0
s37,chocolatechipcookie,96.0
s37,tuilecookie,51.0
s37,madeleine,52.0
s37,oatmealraisincookie,85.0
s37,petitécolier,90.0
s37,thumprintcookie,51.0
s37,sugarcookie,54.0
s37,vanillawafer,8.0
s37,chocolatewafer,38.0
s37,stroopwafel,68.0
s37,chocolatebark,100.0
s37,darkchocolate,91.0
s37,ferrerorocher,100.0
s37,kitkat,30.0
s37,milkchocolate,90.0
s37,pocky,100.0
s37,toblerone,94.0
s37,lindtlindorchocolatetruffle,96.0
s37,twix,100.0
s37,caramel,99.0
s37,gumdrops,50.0
s37,lolipop,3.0
s37,mms,87.0
s37,peanutmms,81.0
s37,brioche,93.0
s37,brownie,97.0
s37,frostedbrownie,96.0
s37,raisinspicecake,27.0
s37,fruitcake,50.0
s37,lemoncake,76.0
s38,orange,62.0
s38,apricot,59.0
s38,banana,83.0
s38,plum,82.0
s38,pineapple,68.0
s38,pear,75.0
s38,blackberry,80.0
s38,blueberry,68.0
s38,cantaloupe,67.0
s38,peach,71.0
s38,cherry,59.0
s38,mandarinorange,62.0
s38,raspberry,69.0
s38,apple,65.0
s38,grape,58.0
s38,nectarine,63.0
s38,greenapple,75.0
s38,greengrapes,80.0
s38,strawberry,59.0
s38,goldendeliciousapple,54.0
s38,honeydewmelon,85.0
s38,watermelon,65.0
s38,kiwi,63.0
s38,greenbellpepper,67.0
s38,carrot,66.0
s38,lettuce,62.0
s38,iceberglettuce,69.0
s38,peanuts,94.0
s38,almonds,81.0
s38,bread,41.0
s38,baguette,93.0
s38,slicedloafbread,67.0
s38,roll,63.0
s38,boulebread,65.0
s38,pretzel,69.0
s38,ryebread,72.0
s38,croissant,68.0
s38,deliturkey,70.0
s38,chickentenders,74.0
s38,meatballs,68.0
s38,gouda,66.0
s38,cheddarcheese,73.0
s38,swisscheese,80.0
s38,barbequechips,63.0
s38,potatochips,71.0
s38,tortillachips,68.0
s38,doritos,68.0
s38,ritzcracker,85.0
s38,saltinecracker,69.0
s38,wheatthins,65.0
s38,eggrolls,56.0
s38,frenchfries,82.0
s38,curlyfries,64.0
s38,popcorn,61.0
s38,butteredpopcorn,66.0
s38,triscuits,65.0
s38,pringles,60.0
s38,wavylays,67.0
s38,chocolateicecreamcone,49.0
s38,popsicle,89.0
s38,haagendazsicecreambar,84.0
s38,strawberryicecreamcone,70.0
s38,vanillasoftservecone,71.0
s38,blueberrymuffin,59.0
s38,banananutmuffin,80.0
s38,lemonpoppyseedmuffin,85.0
s38,nutrigrainbar,61.0
s38,grahamcracker,89.0
s38,churro,53.0
s38,twistdonut,88.0
s38,chocolatechipcookie,38.0
s38,tuilecookie,60.0
s38,madeleine,74.0
s38,oatmealraisincookie,69.0
s38,petitécolier,67.0
s38,thumprintcookie,45.0
s38,sugarcookie,70.0
s38,vanillawafer,59.0
s38,chocolatewafer,80.0
s38,stroopwafel,73.0
s38,chocolatebark,67.0
s38,darkchocolate,54.0
s38,ferrerorocher,71.0
s38,kitkat,40.0
s38,milkchocolate,73.0
s38,pocky,63.0
s38,toblerone,72.0
s38,lindtlindorchocolatetruffle,59.0
s38,twix,58.0
s38,caramel,56.0
s38,gumdrops,50.0
s38,lolipop,63.0
s38,mms,76.0
s38,peanutmms,60.0
s38,brioche,60.0
s38,brownie,76.0
s38,frostedbrownie,60.0
s38,raisinspicecake,63.0
s38,fruitcake,98.0
s38,lemoncake,70.0
s39,orange,71.0
s39,apricot,58.0
s39,banana,60.0
s39,plum,82.0
s39,pineapple,65.0
s39,pear,52.0
s39,blackberry,72.0
s39,blueberry,77.0
s39,cantaloupe,56.0
s39,peach,76.0
s39,cherry,64.0
s39,mandarinorange,90.0
s39,raspberry,73.0
s39,apple,89.0
s39,grape,97.0
s39,nectarine,88.0
s39,greenapple,72.0
s39,greengrapes,83.0
s39,strawberry,85.0
s39,goldendeliciousapple,60.0
s39,honeydewmelon,48.0
s39,watermelon,86.0
s39,kiwi,45.0
s39,greenbellpepper,1.0
s39,carrot,2.0
s39,lettuce,2.0
s39,iceberglettuce,1.0
s39,peanuts,33.0
s39,almonds,53.0
s39,bread,24.0
s39,baguette,44.0
s39,slicedloafbread,35.0
s39,roll,32.0
s39,boulebread,38.0
s39,pretzel,74.0
s39,ryebread,36.0
s39,croissant,53.0
s39,deliturkey,54.0
s39,chickentenders,62.0
s39,meatballs,37.0
s39,gouda,17.0
s39,cheddarcheese,28.0
s39,swisscheese,7.0
s39,barbequechips,71.0
s39,potatochips,77.0
s39,tortillachips,48.0
s39,doritos,55.0
s39,ritzcracker,59.0
s39,saltinecracker,62.0
s39,wheatthins,53.0
s39,eggrolls,45.0
s39,frenchfries,71.0
s39,curlyfries,67.0
s39,popcorn,64.0
s39,butteredpopcorn,58.0
s39,triscuits,37.0
s39,pringles,75.0
s39,wavylays,68.0
s39,chocolateicecreamcone,86.0
s39,popsicle,56.0
s39,haagendazsicecreambar,75.0
s39,strawberryicecreamcone,66.0
s39,vanillasoftservecone,58.0
s39,blueberrymuffin,59.0
s39,banananutmuffin,51.0
s39,lemonpoppyseedmuffin,53.0
s39,nutrigrainbar,63.0
s39,grahamcracker,52.0
s39,churro,42.0
s39,twistdonut,56.0
s39,chocolatechipcookie,69.0
s39,tuilecookie,68.0
s39,madeleine,36.0
s39,oatmealraisincookie,54.0
s39,petitécolier,83.0
s39,thumprintcookie,69.0
s39,sugarcookie,42.0
s39,vanillawafer,53.0
s39,chocolatewafer,58.0
s39,stroopwafel,53.0
s39,chocolatebark,73.0
s39,darkchocolate,87.0
s39,ferrerorocher,55.0
s39,kitkat,84.0
s39,milkchocolate,96.0
s39,pocky,94.0
s39,toblerone,67.0
s39,lindtlindorchocolatetruffle,95.0
s39,twix,91.0
s39,caramel,53.0
s39,gumdrops,71.0
s39,lolipop,50.0
s39,mms,66.0
s39,peanutmms,70.0
s39,brioche,36.0
s39,brownie,91.0
s39,frostedbrownie,98.0
s39,raisinspicecake,28.0
s39,fruitcake,51.0
s39,lemoncake,44.0
s40,orange,48.0
s40,apricot,54.0
s40,banana,75.0
s40,plum,43.0
s40,pineapple,6.0
s40,pear,30.0
s40,blackberry,49.0
s40,blueberry,55.0
s40,cantaloupe,12.0
s40,peach,48.0
s40,cherry,47.0
s40,mandarinorange,23.0
s40,raspberry,51.0
s40,apple,36.0
s40,grape,72.0
s40,nectarine,48.0
s40,greenapple,29.0
s40,greengrapes,60.0
s40,strawberry,43.0
s40,goldendeliciousapple,26.0
s40,honeydewmelon,12.0
s40,watermelon,61.0
s40,kiwi,12.0
s40,greenbellpepper,1.0
s40,carrot,26.0
s40,lettuce,32.0
s40,iceberglettuce,7.0
s40,peanuts,64.0
s40,almonds,54.0
s40,bread,46.0
s40,baguette,43.0
s40,slicedloafbread,43.0
s40,roll,49.0
s40,boulebread,49.0
s40,pretzel,54.0
s40,ryebread,45.0
s40,croissant,67.0
s40,deliturkey,1.0
s40,chickentenders,1.0
s40,meatballs,1.0
s40,gouda,49.0
s40,cheddarcheese,58.0
s40,swisscheese,53.0
s40,barbequechips,26.0
s40,potatochips,50.0
s40,tortillachips,57.0
s40,doritos,49.0
s40,ritzcracker,46.0
s40,saltinecracker,44.0
s40,wheatthins,50.0
s40,eggrolls,49.0
s40,frenchfries,56.0
s40,curlyfries,53.0
s40,popcorn,50.0
s40,butteredpopcorn,38.0
s40,triscuits,48.0
s40,pringles,51.0
s40,wavylays,50.0
s40,chocolateicecreamcone,64.0
s40,popsicle,50.0
s40,haagendazsicecreambar,55.0
s40,strawberryicecreamcone,52.0
s40,vanillasoftservecone,58.0
s40,blueberrymuffin,49.0
s40,banananutmuffin,47.0
s40,lemonpoppyseedmuffin,46.0
s40,nutrigrainbar,50.0
s40,grahamcracker,48.0
s40,churro,55.0
s40,twistdonut,50.0
s40,chocolatechipcookie,81.0
s40,tuilecookie,50.0
s40,madeleine,51.0
s40,oatmealraisincookie,50.0
s40,petitécolier,49.0
s40,thumprintcookie,49.0
s40,sugarcookie,43.0
s40,vanillawafer,25.0
s40,chocolatewafer,29.0
s40,stroopwafel,41.0
s40,chocolatebark,58.0
s40,darkchocolate,57.0
s40,ferrerorocher,73.0
s40,kitkat,55.0
s40,milkchocolate,56.0
s40,pocky,71.0
s40,toblerone,53.0
s40,lindtlindorchocolatetruffle,58.0
s40,twix,49.0
s40,caramel,1.0
s40,gumdrops,48.0
s40,lolipop,50.0
s40,mms,77.0
s40,peanutmms,76.0
s40,brioche,48.0
s40,brownie,57.0
s40,frostedbrownie,54.0
s40,raisinspicecake,44.0
s40,fruitcake,47.0
s40,lemoncake,42.0
s41,orange,79.0
s41,apricot,50.0
s41,banana,84.0
s41,plum,73.0
s41,pineapple,1.0
s41,pear,61.0
s41,blackberry,69.0
s41,blueberry,89.0
s41,cantaloupe,67.0
s41,peach,62.0
s41,cherry,89.0
s41,mandarinorange,96.0
s41,raspberry,71.0
s41,apple,54.0
s41,grape,80.0
s41,nectarine,54.0
s41,greenapple,52.0
s41,greengrapes,74.0
s41,strawberry,99.0
s41,goldendeliciousapple,29.0
s41,honeydewmelon,50.0
s41,watermelon,1.0
s41,kiwi,100.0
s41,greenbellpepper,44.0
s41,carrot,15.0
s41,lettuce,32.0
s41,iceberglettuce,50.0
s41,peanuts,72.0
s41,almonds,75.0
s41,bread,27.0
s41,baguette,58.0
s41,slicedloafbread,28.0
s41,roll,51.0
s41,boulebread,51.0
s41,pretzel,55.0
s41,ryebread,34.0
s41,croissant,60.0
s41,deliturkey,71.0
s41,chickentenders,79.0
s41,meatballs,67.0
s41,gouda,50.0
s41,cheddarcheese,80.0
s41,swisscheese,90.0
s41,barbequechips,86.0
s41,potatochips,83.0
s41,tortillachips,60.0
s41,doritos,82.0
s41,ritzcracker,56.0
s41,saltinecracker,45.0
s41,wheatthins,59.0
s41,eggrolls,81.0
s41,frenchfries,66.0
s41,curlyfries,17.0
s41,popcorn,54.0
s41,butteredpopcorn,58.0
s41,triscuits,34.0
s41,pringles,30.0
s41,wavylays,68.0
s41,chocolateicecreamcone,97.0
s41,popsicle,58.0
s41,haagendazsicecreambar,95.0
s41,strawberryicecreamcone,69.0
s41,vanillasoftservecone,56.0
s41,blueberrymuffin,66.0
s41,banananutmuffin,54.0
s41,lemonpoppyseedmuffin,56.0
s41,nutrigrainbar,45.0
s41,grahamcracker,22.0
s41,churro,51.0
s41,twistdonut,57.0
s41,chocolatechipcookie,74.0
s41,tuilecookie,50.0
s41,madeleine,50.0
s41,oatmealraisincookie,83.0
s41,petitécolier,92.0
s41,thumprintcookie,41.0
s41,sugarcookie,30.0
s41,vanillawafer,44.0
s41,chocolatewafer,54.0
s41,stroopwafel,26.0
s41,chocolatebark,62.0
s41,darkchocolate,82.0
s41,ferrerorocher,100.0
s41,kitkat,97.0
s41,milkchocolate,77.0
s41,pocky,50.0
s41,toblerone,84.0
s41,lindtlindorchocolatetruffle,56.0
s41,twix,74.0
s41,caramel,7.0
s41,gumdrops,10.0
s41,lolipop,6.0
s41,mms,93.0
s41,peanutmms,96.0
s41,brioche,55.0
s41,brownie,86.0
s41,frostedbrownie,81.0
s41,raisinspicecake,2.0
s41,fruitcake,50.0
s41,lemoncake,13.0
s42,orange,80.0
s42,apricot,50.0
s42,banana,88.0
s42,plum,82.0
s42,pineapple,85.0
s42,pear,69.0
s42,blackberry,51.0
s42,blueberry,51.0
s42,cantaloupe,21.0
s42,peach,93.0
s42,cherry,94.0
s42,mandarinorange,99.0
s42,raspberry,49.0
s42,apple,73.0
s42,grape,97.0
s42,nectarine,73.0
s42,greenapple,51.0
s42,greengrapes,99.0
s42,strawberry,81.0
s42,goldendeliciousapple,49.0
s42,honeydewmelon,25.0
s42,watermelon,78.0
s42,kiwi,51.0
s42,greenbellpepper,52.0
s42,carrot,52.0
s42,lettuce,11.0
s42,iceberglettuce,29.0
s42,peanuts,51.0
s42,almonds,49.0
s42,bread,28.0
s42,baguette,97.0
s42,slicedloafbread,99.0
s42,roll,20.0
s42,boulebread,16.0
s42,pretzel,50.0
s42,ryebread,50.0
s42,croissant,99.0
s42,deliturkey,28.0
s42,chickentenders,82.0
s42,meatballs,62.0
s42,gouda,55.0
s42,cheddarcheese,79.0
s42,swisscheese,65.0
s42,barbequechips,77.0
s42,potatochips,86.0
s42,tortillachips,82.0
s42,doritos,51.0
s42,ritzcracker,77.0
s42,saltinecracker,50.0
s42,wheatthins,50.0
s42,eggrolls,19.0
s42,frenchfries,100.0
s42,curlyfries,99.0
s42,popcorn,77.0
s42,butteredpopcorn,27.0
s42,triscuits,15.0
s42,pringles,75.0
s42,wavylays,83.0
s42,chocolateicecreamcone,16.0
s42,popsicle,6.0
s42,haagendazsicecreambar,12.0
s42,strawberryicecreamcone,50.0
s42,vanillasoftservecone,50.0
s42,blueberrymuffin,82.0
s42,banananutmuffin,50.0
s42,lemonpoppyseedmuffin,65.0
s42,nutrigrainbar,90.0
s42,grahamcracker,66.0
s42,churro,50.0
s42,twistdonut,64.0
s42,chocolatechipcookie,50.0
s42,tuilecookie,50.0
s42,madeleine,80.0
s42,oatmealraisincookie,50.0
s42,petitécolier,51.0
s42,thumprintcookie,18.0
s42,sugarcookie,17.0
s42,vanillawafer,27.0
s42,chocolatewafer,57.0
s42,stroopwafel,50.0
s42,chocolatebark,28.0
s42,darkchocolate,26.0
s42,ferrerorocher,50.0
s42,kitkat,65.0
s42,milkchocolate,30.0
s42,pocky,80.0
s42,toblerone,50.0
s42,lindtlindorchocolatetruffle,23.0
s42,twix,51.0
s42,caramel,39.0
s42,gumdrops,1.0
s42,lolipop,10.0
s42,mms,66.0
s42,peanutmms,77.0
s42,brioche,51.0
s42,brownie,60.0
s42,frostedbrownie,58.0
s42,raisinspicecake,4.0
s42,fruitcake,15.0
s42,lemoncake,15.0
s43,orange,98.0
s43,apricot,99.0
s43,banana,51.0
s43,plum,98.0
s43,pineapple,98.0
s43,pear,98.0
s43,blackberry,98.0
s43,blueberry,99.0
s43,cantaloupe,99.0
s43,peach,99.0
s43,cherry,98.0
s43,mandarinorange,98.0
s43,raspberry,98.0
s43,apple,98.0
s43,grape,97.0
s43,nectarine,77.0
s43,greenapple,58.0
s43,greengrapes,99.0
s43,strawberry,84.0
s43,goldendeliciousapple,76.0
s43,honeydewmelon,99.0
s43,watermelon,89.0
s43,kiwi,100.0
s43,greenbellpepper,98.0
s43,carrot,27.0
s43,lettuce,99.0
s43,iceberglettuce,99.0
s43,peanuts,53.0
s43,almonds,90.0
s43,bread,100.0
s43,baguette,69.0
s43,slicedloafbread,49.0
s43,roll,4.0
s43,boulebread,95.0
s43,pretzel,50.0
s43,ryebread,99.0
s43,croissant,50.0
s43,deliturkey,87.0
s43,chickentenders,84.0
s43,meatballs,78.0
s43,gouda,99.0
s43,cheddarcheese,97.0
s43,swisscheese,70.0
s43,barbequechips,37.0
s43,potatochips,84.0
s43,tortillachips,10.0
s43,doritos,6.0
s43,ritzcracker,27.0
s43,saltinecracker,95.0
s43,wheatthins,39.0
s43,eggrolls,40.0
s43,frenchfries,98.0
s43,curlyfries,99.0
s43,popcorn,79.0
s43,butteredpopcorn,11.0
s43,triscuits,2.0
s43,pringles,39.0
s43,wavylays,98.0
s43,chocolateicecreamcone,90.0
s43,popsicle,68.0
s43,haagendazsicecreambar,61.0
s43,strawberryicecreamcone,69.0
s43,vanillasoftservecone,85.0
s43,blueberrymuffin,1.0
s43,banananutmuffin,2.0
s43,lemonpoppyseedmuffin,22.0
s43,nutrigrainbar,18.0
s43,grahamcracker,5.0
s43,churro,72.0
s43,twistdonut,66.0
s43,chocolatechipcookie,17.0
s43,tuilecookie,3.0
s43,madeleine,68.0
s43,oatmealraisincookie,7.0
s43,petitécolier,55.0
s43,thumprintcookie,5.0
s43,sugarcookie,3.0
s43,vanillawafer,87.0
s43,chocolatewafer,3.0
s43,stroopwafel,7.0
s43,chocolatebark,2.0
s43,darkchocolate,10.0
s43,ferrerorocher,12.0
s43,kitkat,52.0
s43,milkchocolate,56.0
s43,pocky,73.0
s43,toblerone,16.0
s43,lindtlindorchocolatetruffle,10.0
s43,twix,4.0
s43,caramel,19.0
s43,gumdrops,3.0
s43,lolipop,94.0
s43,mms,5.0
s43,peanutmms,51.0
s43,brioche,60.0
s43,brownie,5.0
s43,frostedbrownie,16.0
s43,raisinspicecake,61.0
s43,fruitcake,12.0
s43,lemoncake,9.0
s44,orange,66.0
s44,apricot,51.0
s44,banana,55.0
s44,plum,50.0
s44,pineapple,67.0
s44,pear,62.0
s44,blackberry,65.0
s44,blueberry,68.0
s44,cantaloupe,2.0
s44,peach,35.0
s44,cherry,7.0
s44,mandarinorange,68.0
s44,raspberry,76.0
s44,apple,39.0
s44,grape,64.0
s44,nectarine,41.0
s44,greenapple,42.0
s44,greengrapes,62.0
s44,strawberry,74.0
s44,goldendeliciousapple,43.0
s44,honeydewmelon,7.0
s44,watermelon,37.0
s44,kiwi,16.0
s44,greenbellpepper,14.0
s44,carrot,23.0
s44,lettuce,16.0
s44,iceberglettuce,14.0
s44,peanuts,50.0
s44,almonds,50.0
s44,bread,61.0
s44,baguette,50.0
s44,slicedloafbread,63.0
s44,roll,66.0
s44,boulebread,63.0
s44,pretzel,51.0
s44,ryebread,65.0
s44,croissant,60.0
s44,deliturkey,63.0
s44,chickentenders,89.0
s44,meatballs,37.0
s44,gouda,63.0
s44,cheddarcheese,94.0
s44,swisscheese,84.0
s44,barbequechips,40.0
s44,potatochips,42.0
s44,tortillachips,37.0
s44,doritos,51.0
s44,ritzcracker,65.0
s44,saltinecracker,73.0
s44,wheatthins,81.0
s44,eggrolls,29.0
s44,frenchfries,50.0
s44,curlyfries,22.0
s44,popcorn,50.0
s44,butteredpopcorn,51.0
s44,triscuits,50.0
s44,pringles,59.0
s44,wavylays,40.0
s44,chocolateicecreamcone,75.0
s44,popsicle,51.0
s44,haagendazsicecreambar,72.0
s44,strawberryicecreamcone,69.0
s44,vanillasoftservecone,72.0
s44,blueberrymuffin,67.0
s44,banananutmuffin,66.0
s44,lemonpoppyseedmuffin,57.0
s44,nutrigrainbar,76.0
s44,grahamcracker,69.0
s44,churro,67.0
s44,twistdonut,58.0
s44,chocolatechipcookie,74.0
s44,tuilecookie,51.0
s44,madeleine,51.0
s44,oatmealraisincookie,51.0
s44,petitécolier,69.0
s44,thumprintcookie,74.0
s44,sugarcookie,70.0
s44,vanillawafer,69.0
s44,chocolatewafer,76.0
s44,stroopwafel,64.0
s44,chocolatebark,64.0
s44,darkchocolate,75.0
s44,ferrerorocher,57.0
s44,kitkat,72.0
s44,milkchocolate,75.0
s44,pocky,65.0
s44,toblerone,73.0
s44,lindtlindorchocolatetruffle,66.0
s44,twix,74.0
s44,caramel,76.0
s44,gumdrops,25.0
s44,lolipop,20.0
s44,mms,57.0
s44,peanutmms,58.0
s44,brioche,63.0
s44,brownie,73.0
s44,frostedbrownie,66.0
s44,raisinspicecake,51.0
s44,fruitcake,60.0
s44,lemoncake,64.0
s45,orange,77.0
s45,apricot,100.0
s45,banana,100.0
s45,plum,1.0
s45,pineapple,1.0
s45,pear,26.0
s45,blackberry,22.0
s45,blueberry,17.0
s45,cantaloupe,50.0
s45,peach,100.0
s45,cherry,80.0
s45,mandarinorange,60.0
s45,raspberry,31.0
s45,apple,55.0
s45,grape,100.0
s45,nectarine,60.0
s45,greenapple,57.0
s45,greengrapes,79.0
s45,strawberry,61.0
s45,goldendeliciousapple,50.0
s45,honeydewmelon,89.0
s45,watermelon,84.0
s45,kiwi,1.0
s45,greenbellpepper,1.0
s45,carrot,13.0
s45,lettuce,19.0
s45,iceberglettuce,1.0
s45,peanuts,51.0
s45,almonds,100.0
s45,bread,60.0
s45,baguette,91.0
s45,slicedloafbread,79.0
s45,roll,51.0
s45,boulebread,61.0
s45,pretzel,100.0
s45,ryebread,67.0
s45,croissant,80.0
s45,deliturkey,88.0
s45,chickentenders,99.0
s45,meatballs,100.0
s45,gouda,90.0
s45,cheddarcheese,89.0
s45,swisscheese,93.0
s45,barbequechips,80.0
s45,potatochips,66.0
s45,tortillachips,93.0
s45,doritos,78.0
s45,ritzcracker,93.0
s45,saltinecracker,79.0
s45,wheatthins,78.0
s45,eggrolls,79.0
s45,frenchfries,76.0
s45,curlyfries,93.0
s45,popcorn,100.0
s45,butteredpopcorn,77.0
s45,triscuits,21.0
s45,pringles,87.0
s45,wavylays,91.0
s45,chocolateicecreamcone,93.0
s45,popsicle,23.0
s45,haagendazsicecreambar,37.0
s45,strawberryicecreamcone,100.0
s45,vanillasoftservecone,100.0
s45,blueberrymuffin,100.0
s45,banananutmuffin,51.0
s45,lemonpoppyseedmuffin,47.0
s45,nutrigrainbar,50.0
s45,grahamcracker,50.0
s45,churro,51.0
s45,twistdonut,51.0
s45,chocolatechipcookie,100.0
s45,tuilecookie,51.0
s45,madeleine,50.0
s45,oatmealraisincookie,100.0
s45,petitécolier,50.0
s45,thumprintcookie,1.0
s45,sugarcookie,51.0
s45,vanillawafer,35.0
s45,chocolatewafer,11.0
s45,stroopwafel,71.0
s45,chocolatebark,23.0
s45,darkchocolate,51.0
s45,ferrerorocher,54.0
s45,kitkat,100.0
s45,milkchocolate,100.0
s45,pocky,27.0
s45,toblerone,19.0
s45,lindtlindorchocolatetruffle,50.0
s45,twix,59.0
s45,caramel,51.0
s45,gumdrops,1.0
s45,lolipop,14.0
s45,mms,80.0
s45,peanutmms,63.0
s45,brioche,81.0
s45,brownie,94.0
s45,frostedbrownie,95.0
s45,raisinspicecake,50.0
s45,fruitcake,80.0
s45,lemoncake,63.0
s46,orange,89.0
s46,apricot,26.0
s46,banana,96.0
s46,plum,99.0
s46,pineapple,88.0
s46,pear,98.0
s46,blackberry,37.0
s46,blueberry,80.0
s46,cantaloupe,32.0
s46,peach,99.0
s46,cherry,2.0
s46,mandarinorange,99.0
s46,raspberry,59.0
s46,apple,91.0
s46,grape,70.0
s46,nectarine,83.0
s46,greenapple,89.0
s46,greengrapes,61.0
s46,strawberry,99.0
s46,goldendeliciousapple,34.0
s46,honeydewmelon,48.0
s46,watermelon,91.0
s46,kiwi,4.0
s46,greenbellpepper,77.0
s46,carrot,62.0
s46,lettuce,34.0
s46,iceberglettuce,50.0
s46,peanuts,58.0
s46,almonds,62.0
s46,bread,35.0
s46,baguette,40.0
s46,slicedloafbread,36.0
s46,roll,25.0
s46,boulebread,36.0
s46,pretzel,36.0
s46,ryebread,14.0
s46,croissant,66.0
s46,deliturkey,98.0
s46,chickentenders,76.0
s46,meatballs,65.0
s46,gouda,7.0
s46,cheddarcheese,100.0
s46,swisscheese,63.0
s46,barbequechips,70.0
s46,potatochips,79.0
s46,tortillachips,54.0
s46,doritos,91.0
s46,ritzcracker,81.0
s46,saltinecracker,41.0
s46,wheatthins,75.0
s46,eggrolls,88.0
s46,frenchfries,64.0
s46,curlyfries,65.0
s46,popcorn,2.0
s46,butteredpopcorn,1.0
s46,triscuits,60.0
s46,pringles,75.0
s46,wavylays,82.0
s46,chocolateicecreamcone,66.0
s46,popsicle,10.0
s46,haagendazsicecreambar,59.0
s46,strawberryicecreamcone,95.0
s46,vanillasoftservecone,50.0
s46,blueberrymuffin,92.0
s46,banananutmuffin,84.0
s46,lemonpoppyseedmuffin,40.0
s46,nutrigrainbar,44.0
s46,grahamcracker,99.0
s46,churro,63.0
s46,twistdonut,32.0
s46,chocolatechipcookie,61.0
s46,tuilecookie,26.0
s46,madeleine,68.0
s46,oatmealraisincookie,95.0
s46,petitécolier,80.0
s46,thumprintcookie,36.0
s46,sugarcookie,64.0
s46,vanillawafer,49.0
s46,chocolatewafer,60.0
s46,stroopwafel,39.0
s46,chocolatebark,17.0
s46,darkchocolate,25.0
s46,ferrerorocher,40.0
s46,kitkat,50.0
s46,milkchocolate,65.0
s46,pocky,26.0
s46,toblerone,18.0
s46,lindtlindorchocolatetruffle,23.0
s46,twix,2.0
s46,caramel,1.0
s46,gumdrops,1.0
s46,lolipop,3.0
s46,mms,64.0
s46,peanutmms,69.0
s46,brioche,58.0
s46,brownie,40.0
s46,frostedbrownie,35.0
s46,raisinspicecake,3.0
s46,fruitcake,70.0
s46,lemoncake,70.0
s47,orange,52.0
s47,apricot,20.0
s47,banana,79.0
s47,plum,24.0
s47,pineapple,41.0
s47,pear,23.0
s47,blackberry,36.0
s47,blueberry,36.0
s47,cantaloupe,36.0
s47,peach,20.0
s47,cherry,35.0
s47,mandarinorange,30.0
s47,raspberry,39.0
s47,apple,93.0
s47,grape,30.0
s47,nectarine,42.0
s47,greenapple,41.0
s47,greengrapes,20.0
s47,strawberry,65.0
s47,goldendeliciousapple,49.0
s47,honeydewmelon,14.0
s47,watermelon,75.0
s47,kiwi,81.0
s47,greenbellpepper,74.0
s47,carrot,40.0
s47,lettuce,42.0
s47,iceberglettuce,14.0
s47,peanuts,50.0
s47,almonds,34.0
s47,bread,39.0
s47,baguette,35.0
s47,slicedloafbread,7.0
s47,roll,51.0
s47,boulebread,34.0
s47,pretzel,44.0
s47,ryebread,41.0
s47,croissant,50.0
s47,deliturkey,43.0
s47,chickentenders,42.0
s47,meatballs,66.0
s47,gouda,50.0
s47,cheddarcheese,90.0
s47,swisscheese,42.0
s47,barbequechips,6.0
s47,potatochips,38.0
s47,tortillachips,4.0
s47,doritos,3.0
s47,ritzcracker,35.0
s47,saltinecracker,49.0
s47,wheatthins,76.0
s47,eggrolls,18.0
s47,frenchfries,44.0
s47,curlyfries,44.0
s47,popcorn,100.0
s47,butteredpopcorn,1.0
s47,triscuits,60.0
s47,pringles,7.0
s47,wavylays,26.0
s47,chocolateicecreamcone,56.0
s47,popsicle,65.0
s47,haagendazsicecreambar,66.0
s47,strawberryicecreamcone,58.0
s47,vanillasoftservecone,38.0
s47,blueberrymuffin,64.0
s47,banananutmuffin,42.0
s47,lemonpoppyseedmuffin,57.0
s47,nutrigrainbar,23.0
s47,grahamcracker,63.0
s47,churro,28.0
s47,twistdonut,51.0
s47,chocolatechipcookie,90.0
s47,tuilecookie,51.0
s47,madeleine,59.0
s47,oatmealraisincookie,82.0
s47,petitécolier,78.0
s47,thumprintcookie,58.0
s47,sugarcookie,37.0
s47,vanillawafer,50.0
s47,chocolatewafer,7.0
s47,stroopwafel,50.0
s47,chocolatebark,90.0
s47,darkchocolate,100.0
s47,ferrerorocher,99.0
s47,kitkat,78.0
s47,milkchocolate,100.0
s47,pocky,50.0
s47,toblerone,100.0
s47,lindtlindorchocolatetruffle,99.0
s47,twix,55.0
s47,caramel,26.0
s47,gumdrops,3.0
s47,lolipop,2.0
s47,mms,60.0
s47,peanutmms,63.0
s47,brioche,62.0
s47,brownie,88.0
s47,frostedbrownie,90.0
s47,raisinspicecake,15.0
s47,fruitcake,41.0
s47,lemoncake,37.0
s48,orange,35.0
s48,apricot,36.0
s48,banana,80.0
s48,plum,32.0
s48,pineapple,78.0
s48,pear,64.0
s48,blackberry,99.0
s48,blueberry,50.0
s48,cantaloupe,67.0
s48,peach,43.0
s48,cherry,74.0
s48,mandarinorange,28.0
s48,raspberry,96.0
s48,apple,38.0
s48,grape,41.0
s48,nectarine,43.0
s48,greenapple,27.0
s48,greengrapes,90.0
s48,strawberry,96.0
s48,goldendeliciousapple,35.0
s48,honeydewmelon,59.0
s48,watermelon,51.0
s48,kiwi,33.0
s48,greenbellpepper,7.0
s48,carrot,23.0
s48,lettuce,35.0
s48,iceberglettuce,26.0
s48,peanuts,75.0
s48,almonds,90.0
s48,bread,19.0
s48,baguette,19.0
s48,slicedloafbread,27.0
s48,roll,14.0
s48,boulebread,3.0
s48,pretzel,64.0
s48,ryebread,17.0
s48,croissant,35.0
s48,deliturkey,9.0
s48,chickentenders,1.0
s48,meatballs,21.0
s48,gouda,14.0
s48,cheddarcheese,8.0
s48,swisscheese,20.0
s48,barbequechips,94.0
s48,potatochips,78.0
s48,tortillachips,61.0
s48,doritos,68.0
s48,ritzcracker,28.0
s48,saltinecracker,34.0
s48,wheatthins,37.0
s48,eggrolls,66.0
s48,frenchfries,90.0
s48,curlyfries,21.0
s48,popcorn,39.0
s48,butteredpopcorn,34.0
s48,triscuits,25.0
s48,pringles,73.0
s48,wavylays,85.0
s48,chocolateicecreamcone,21.0
s48,popsicle,2.0
s48,haagendazsicecreambar,2.0
s48,strawberryicecreamcone,3.0
s48,vanillasoftservecone,1.0
s48,blueberrymuffin,66.0
s48,banananutmuffin,66.0
s48,lemonpoppyseedmuffin,65.0
s48,nutrigrainbar,23.0
s48,grahamcracker,14.0
s48,churro,31.0
s48,twistdonut,44.0
s48,chocolatechipcookie,35.0
s48,tuilecookie,62.0
s48,madeleine,36.0
s48,oatmealraisincookie,29.0
s48,petitécolier,20.0
s48,thumprintcookie,8.0
s48,sugarcookie,15.0
s48,vanillawafer,20.0
s48,chocolatewafer,37.0
s48,stroopwafel,16.0
s48,chocolatebark,43.0
s48,darkchocolate,35.0
s48,ferrerorocher,59.0
s48,kitkat,67.0
s48,milkchocolate,55.0
s48,pocky,68.0
s48,toblerone,77.0
s48,lindtlindorchocolatetruffle,32.0
s48,twix,75.0
s48,caramel,69.0
s48,gumdrops,23.0
s48,lolipop,2.0
s48,mms,89.0
s48,peanutmms,97.0
s48,brioche,62.0
s48,brownie,36.0
s48,frostedbrownie,62.0
s48,raisinspicecake,37.0
s48,fruitcake,8.0
s48,lemoncake,60.0
s49,orange,94.0
s49,apricot,98.0
s49,banana,99.0
s49,plum,98.0
s49,pineapple,99.0
s49,pear,95.0
s49,blackberry,100.0
s49,blueberry,99.0
s49,cantaloupe,4.0
s49,peach,99.0
s49,cherry,90.0
s49,mandarinorange,98.0
s49,raspberry,98.0
s49,apple,81.0
s49,grape,99.0
s49,nectarine,99.0
s49,greenapple,99.0
s49,greengrapes,97.0
s49,strawberry,96.0
s49,goldendeliciousapple,93.0
s49,honeydewmelon,11.0
s49,watermelon,82.0
s49,kiwi,94.0
s49,greenbellpepper,99.0
s49,carrot,98.0
s49,lettuce,97.0
s49,iceberglettuce,94.0
s49,peanuts,89.0
s49,almonds,87.0
s49,bread,13.0
s49,baguette,12.0
s49,slicedloafbread,23.0
s49,roll,26.0
s49,boulebread,33.0
s49,pretzel,24.0
s49,ryebread,9.0
s49,croissant,69.0
s49,deliturkey,36.0
s49,chickentenders,89.0
s49,meatballs,83.0
s49,gouda,31.0
s49,cheddarcheese,96.0
s49,swisscheese,76.0
s49,barbequechips,99.0
s49,potatochips,96.0
s49,tortillachips,85.0
s49,doritos,99.0
s49,ritzcracker,93.0
s49,saltinecracker,90.0
s49,wheatthins,77.0
s49,eggrolls,88.0
s49,frenchfries,98.0
s49,curlyfries,61.0
s49,popcorn,90.0
s49,butteredpopcorn,98.0
s49,triscuits,74.0
s49,pringles,92.0
s49,wavylays,95.0
s49,chocolateicecreamcone,72.0
s49,popsicle,83.0
s49,haagendazsicecreambar,32.0
s49,strawberryicecreamcone,65.0
s49,vanillasoftservecone,68.0
s49,blueberrymuffin,17.0
s49,banananutmuffin,22.0
s49,lemonpoppyseedmuffin,12.0
s49,nutrigrainbar,34.0
s49,grahamcracker,62.0
s49,churro,37.0
s49,twistdonut,23.0
s49,chocolatechipcookie,40.0
s49,tuilecookie,22.0
s49,madeleine,40.0
s49,oatmealraisincookie,22.0
s49,petitécolier,26.0
s49,thumprintcookie,29.0
s49,sugarcookie,33.0
s49,vanillawafer,83.0
s49,chocolatewafer,82.0
s49,stroopwafel,94.0
s49,chocolatebark,20.0
s49,darkchocolate,67.0
s49,ferrerorocher,76.0
s49,kitkat,51.0
s49,milkchocolate,67.0
s49,pocky,16.0
s49,toblerone,71.0
s49,lindtlindorchocolatetruffle,67.0
s49,twix,18.0
s49,caramel,24.0
s49,gumdrops,84.0
s49,lolipop,5.0
s49,mms,44.0
s49,peanutmms,99.0
s49,brioche,82.0
s49,brownie,84.0
s49,frostedbrownie,98.0
s49,raisinspicecake,22.0
s49,fruitcake,33.0
s49,lemoncake,30.0
s50,orange,99.0
s50,apricot,19.0
s50,banana,99.0
s50,plum,20.0
s50,pineapple,99.0
s50,pear,97.0
s50,blackberry,77.0
s50,blueberry,9.0
s50,cantaloupe,11.0
s50,peach,96.0
s50,cherry,48.0
s50,mandarinorange,98.0
s50,raspberry,92.0
s50,apple,100.0
s50,grape,61.0
s50,nectarine,97.0
s50,greenapple,99.0
s50,greengrapes,46.0
s50,strawberry,98.0
s50,goldendeliciousapple,99.0
s50,honeydewmelon,4.0
s50,watermelon,95.0
s50,kiwi,14.0
s50,greenbellpepper,3.0
s50,carrot,98.0
s50,lettuce,10.0
s50,iceberglettuce,8.0
s50,peanuts,24.0
s50,almonds,26.0
s50,bread,49.0
s50,baguette,13.0
s50,slicedloafbread,98.0
s50,roll,98.0
s50,boulebread,97.0
s50,pretzel,11.0
s50,ryebread,97.0
s50,croissant,98.0
s50,deliturkey,5.0
s50,chickentenders,10.0
s50,meatballs,96.0
s50,gouda,99.0
s50,cheddarcheese,99.0
s50,swisscheese,90.0
s50,barbequechips,72.0
s50,potatochips,9.0
s50,tortillachips,11.0
s50,doritos,7.0
s50,ritzcracker,95.0
s50,saltinecracker,90.0
s50,wheatthins,98.0
s50,eggrolls,99.0
s50,frenchfries,94.0
s50,curlyfries,4.0
s50,popcorn,3.0
s50,butteredpopcorn,3.0
s50,triscuits,91.0
s50,pringles,17.0
s50,wavylays,95.0
s50,chocolateicecreamcone,97.0
s50,popsicle,4.0
s50,haagendazsicecreambar,98.0
s50,strawberryicecreamcone,99.0
s50,vanillasoftservecone,99.0
s50,blueberrymuffin,29.0
s50,banananutmuffin,97.0
s50,lemonpoppyseedmuffin,98.0
s50,nutrigrainbar,96.0
s50,grahamcracker,94.0
s50,churro,46.0
s50,twistdonut,16.0
s50,chocolatechipcookie,98.0
s50,tuilecookie,94.0
s50,madeleine,95.0
s50,oatmealraisincookie,5.0
s50,petitécolier,97.0
s50,thumprintcookie,96.0
s50,sugarcookie,97.0
s50,vanillawafer,98.0
s50,chocolatewafer,98.0
s50,stroopwafel,98.0
s50,chocolatebark,8.0
s50,darkchocolate,91.0
s50,ferrerorocher,91.0
s50,kitkat,98.0
s50,milkchocolate,98.0
s50,pocky,8.0
s50,toblerone,93.0
s50,lindtlindorchocolatetruffle,69.0
s50,twix,99.0
s50,caramel,96.0
s50,gumdrops,2.0
s50,lolipop,5.0
s50,mms,4.0
s50,peanutmms,4.0
s50,brioche,99.0
s50,brownie,97.0
s50,frostedbrownie,89.0
s50,raisinspicecake,99.0
s50,fruitcake,98.0
s50,lemoncake,100.0
s51,orange,84.0
s51,apricot,51.0
s51,banana,94.0
s51,plum,29.0
s51,pineapple,70.0
s51,pear,50.0
s51,blackberry,34.0
s51,blueberry,99.0
s51,cantaloupe,7.0
s51,peach,76.0
s51,cherry,87.0
s51,mandarinorange,93.0
s51,raspberry,17.0
s51,apple,89.0
s51,grape,89.0
s51,nectarine,89.0
s51,greenapple,78.0
s51,greengrapes,85.0
s51,strawberry,91.0
s51,goldendeliciousapple,69.0
s51,honeydewmelon,8.0
s51,watermelon,89.0
s51,kiwi,29.0
s51,greenbellpepper,50.0
s51,carrot,89.0
s51,lettuce,33.0
s51,iceberglettuce,62.0
s51,peanuts,76.0
s51,almonds,42.0
s51,bread,1.0
s51,baguette,16.0
s51,slicedloafbread,75.0
s51,roll,7.0
s51,boulebread,2.0
s51,pretzel,43.0
s51,ryebread,9.0
s51,croissant,51.0
s51,deliturkey,15.0
s51,chickentenders,84.0
s51,meatballs,42.0
s51,gouda,18.0
s51,cheddarcheese,51.0
s51,swisscheese,28.0
s51,barbequechips,57.0
s51,potatochips,77.0
s51,tortillachips,55.0
s51,doritos,81.0
s51,ritzcracker,67.0
s51,saltinecracker,44.0
s51,wheatthins,55.0
s51,eggrolls,42.0
s51,frenchfries,99.0
s51,curlyfries,73.0
s51,popcorn,24.0
s51,butteredpopcorn,44.0
s51,triscuits,31.0
s51,pringles,62.0
s51,wavylays,80.0
s51,chocolateicecreamcone,54.0
s51,popsicle,58.0
s51,haagendazsicecreambar,100.0
s51,strawberryicecreamcone,25.0
s51,vanillasoftservecone,77.0
s51,blueberrymuffin,58.0
s51,banananutmuffin,21.0
s51,lemonpoppyseedmuffin,42.0
s51,nutrigrainbar,40.0
s51,grahamcracker,39.0
s51,churro,37.0
s51,twistdonut,42.0
s51,chocolatechipcookie,89.0
s51,tuilecookie,77.0
s51,madeleine,78.0
s51,oatmealraisincookie,36.0
s51,petitécolier,90.0
s51,thumprintcookie,42.0
s51,sugarcookie,77.0
s51,vanillawafer,97.0
s51,chocolatewafer,67.0
s51,stroopwafel,51.0
s51,chocolatebark,85.0
s51,darkchocolate,32.0
s51,ferrerorocher,100.0
s51,kitkat,99.0
s51,milkchocolate,100.0
s51,pocky,99.0
s51,toblerone,92.0
s51,lindtlindorchocolatetruffle,31.0
s51,twix,99.0
s51,caramel,97.0
s51,gumdrops,18.0
s51,lolipop,26.0
s51,mms,100.0
s51,peanutmms,99.0
s51,brioche,27.0
s51,brownie,84.0
s51,frostedbrownie,89.0
s51,raisinspicecake,22.0
s51,fruitcake,23.0
s51,lemoncake,92.0
s52,orange,75.0
s52,apricot,49.0
s52,banana,99.0
s52,plum,94.0
s52,pineapple,98.0
s52,pear,58.0
s52,blackberry,33.0
s52,blueberry,26.0
s52,cantaloupe,27.0
s52,peach,30.0
s52,cherry,58.0
s52,mandarinorange,99.0
s52,raspberry,86.0
s52,apple,98.0
s52,grape,91.0
s52,nectarine,66.0
s52,greenapple,92.0
s52,greengrapes,22.0
s52,strawberry,96.0
s52,goldendeliciousapple,78.0
s52,honeydewmelon,31.0
s52,watermelon,85.0
s52,kiwi,47.0
s52,greenbellpepper,98.0
s52,carrot,88.0
s52,lettuce,25.0
s52,iceberglettuce,20.0
s52,peanuts,83.0
s52,almonds,95.0
s52,bread,40.0
s52,baguette,82.0
s52,slicedloafbread,81.0
s52,roll,73.0
s52,boulebread,33.0
s52,pretzel,72.0
s52,ryebread,77.0
s52,croissant,83.0
s52,deliturkey,37.0
s52,chickentenders,93.0
s52,meatballs,45.0
s52,gouda,30.0
s52,cheddarcheese,27.0
s52,swisscheese,34.0
s52,barbequechips,66.0
s52,potatochips,97.0
s52,tortillachips,92.0
s52,doritos,72.0
s52,ritzcracker,74.0
s52,saltinecracker,81.0
s52,wheatthins,74.0
s52,eggrolls,98.0
s52,frenchfries,98.0
s52,curlyfries,36.0
s52,popcorn,73.0
s52,butteredpopcorn,64.0
s52,triscuits,74.0
s52,pringles,72.0
s52,wavylays,78.0
s52,chocolateicecreamcone,84.0
s52,popsicle,69.0
s52,haagendazsicecreambar,22.0
s52,strawberryicecreamcone,96.0
s52,vanillasoftservecone,64.0
s52,blueberrymuffin,48.0
s52,banananutmuffin,93.0
s52,lemonpoppyseedmuffin,80.0
s52,nutrigrainbar,57.0
s52,grahamcracker,93.0
s52,churro,44.0
s52,twistdonut,85.0
s52,chocolatechipcookie,74.0
s52,tuilecookie,75.0
s52,madeleine,72.0
s52,oatmealraisincookie,23.0
s52,petitécolier,33.0
s52,thumprintcookie,72.0
s52,sugarcookie,79.0
s52,vanillawafer,81.0
s52,chocolatewafer,99.0
s52,stroopwafel,87.0
s52,chocolatebark,17.0
s52,darkchocolate,28.0
s52,ferrerorocher,27.0
s52,kitkat,96.0
s52,milkchocolate,85.0
s52,pocky,16.0
s52,toblerone,73.0
s52,lindtlindorchocolatetruffle,59.0
s52,twix,75.0
s52,caramel,33.0
s52,gumdrops,42.0
s52,lolipop,58.0
s52,mms,31.0
s52,peanutmms,70.0
s52,brioche,99.0
s52,brownie,82.0
s52,frostedbrownie,85.0
s52,raisinspicecake,72.0
s52,fruitcake,87.0
s52,lemoncake,79.0
s53,orange,100.0
s53,apricot,41.0
s53,banana,94.0
s53,plum,59.0
s53,pineapple,78.0
s53,pear,54.0
s53,blackberry,37.0
s53,blueberry,50.0
s53,cantaloupe,21.0
s53,peach,53.0
s53,cherry,69.0
s53,mandarinorange,99.0
s53,raspberry,83.0
s53,apple,66.0
s53,grape,93.0
s53,nectarine,62.0
s53,greenapple,96.0
s53,greengrapes,90.0
s53,strawberry,73.0
s53,goldendeliciousapple,89.0
s53,honeydewmelon,14.0
s53,watermelon,100.0
s53,kiwi,33.0
s53,greenbellpepper,9.0
s53,carrot,66.0
s53,lettuce,20.0
s53,iceberglettuce,6.0
s53,peanuts,100.0
s53,almonds,12.0
s53,bread,9.0
s53,baguette,16.0
s53,slicedloafbread,21.0
s53,roll,19.0
s53,boulebread,24.0
s53,pretzel,41.0
s53,ryebread,26.0
s53,croissant,67.0
s53,deliturkey,13.0
s53,chickentenders,74.0
s53,meatballs,50.0
s53,gouda,30.0
s53,cheddarcheese,50.0
s53,swisscheese,50.0
s53,barbequechips,76.0
s53,potatochips,68.0
s53,tortillachips,62.0
s53,doritos,67.0
s53,ritzcracker,90.0
s53,saltinecracker,50.0
s53,wheatthins,57.0
s53,eggrolls,73.0
s53,frenchfries,82.0
s53,curlyfries,90.0
s53,popcorn,32.0
s53,butteredpopcorn,43.0
s53,triscuits,26.0
s53,pringles,72.0
s53,wavylays,68.0
s53,chocolateicecreamcone,51.0
s53,popsicle,23.0
s53,haagendazsicecreambar,26.0
s53,strawberryicecreamcone,32.0
s53,vanillasoftservecone,62.0
s53,blueberrymuffin,50.0
s53,banananutmuffin,70.0
s53,lemonpoppyseedmuffin,30.0
s53,nutrigrainbar,49.0
s53,grahamcracker,74.0
s53,churro,54.0
s53,twistdonut,27.0
s53,chocolatechipcookie,95.0
s53,tuilecookie,81.0
s53,madeleine,50.0
s53,oatmealraisincookie,30.0
s53,petitécolier,84.0
s53,thumprintcookie,37.0
s53,sugarcookie,70.0
s53,vanillawafer,57.0
s53,chocolatewafer,74.0
s53,stroopwafel,42.0
s53,chocolatebark,52.0
s53,darkchocolate,79.0
s53,ferrerorocher,63.0
s53,kitkat,63.0
s53,milkchocolate,35.0
s53,pocky,61.0
s53,toblerone,51.0
s53,lindtlindorchocolatetruffle,54.0
s53,twix,82.0
s53,caramel,32.0
s53,gumdrops,2.0
s53,lolipop,1.0
s53,mms,52.0
s53,peanutmms,50.0
s53,brioche,15.0
s53,brownie,93.0
s53,frostedbrownie,90.0
s53,raisinspicecake,1.0
s53,fruitcake,15.0
s53,lemoncake,11.0
s54,orange,45.0
s54,apricot,65.0
s54,banana,45.0
s54,plum,45.0
s54,pineapple,65.0
s54,pear,60.0
s54,blackberry,51.0
s54,blueberry,64.0
s54,cantaloupe,51.0
s54,peach,43.0
s54,cherry,41.0
s54,mandarinorange,47.0
s54,raspberry,35.0
s54,apple,53.0
s54,grape,64.0
s54,nectarine,53.0
s54,greenapple,41.0
s54,greengrapes,31.0
s54,strawberry,38.0
s54,goldendeliciousapple,44.0
s54,honeydewmelon,46.0
s54,watermelon,49.0
s54,kiwi,52.0
s54,greenbellpepper,51.0
s54,carrot,35.0
s54,lettuce,49.0
s54,iceberglettuce,62.0
s54,peanuts,72.0
s54,almonds,54.0
s54,bread,54.0
s54,baguette,45.0
s54,slicedloafbread,45.0
s54,roll,47.0
s54,boulebread,53.0
s54,pretzel,65.0
s54,ryebread,62.0
s54,croissant,68.0
s54,deliturkey,70.0
s54,chickentenders,56.0
s54,meatballs,40.0
s54,gouda,42.0
s54,cheddarcheese,40.0
s54,swisscheese,69.0
s54,barbequechips,73.0
s54,potatochips,65.0
s54,tortillachips,55.0
s54,doritos,28.0
s54,ritzcracker,62.0
s54,saltinecracker,47.0
s54,wheatthins,49.0
s54,eggrolls,48.0
s54,frenchfries,69.0
s54,curlyfries,64.0
s54,popcorn,54.0
s54,butteredpopcorn,63.0
s54,triscuits,52.0
s54,pringles,42.0
s54,wavylays,51.0
s54,chocolateicecreamcone,67.0
s54,popsicle,41.0
s54,haagendazsicecreambar,40.0
s54,strawberryicecreamcone,64.0
s54,vanillasoftservecone,50.0
s54,blueberrymuffin,60.0
s54,banananutmuffin,58.0
s54,lemonpoppyseedmuffin,58.0
s54,nutrigrainbar,60.0
s54,grahamcracker,53.0
s54,churro,62.0
s54,twistdonut,69.0
s54,chocolatechipcookie,61.0
s54,tuilecookie,50.0
s54,madeleine,62.0
s54,oatmealraisincookie,48.0
s54,petitécolier,59.0
s54,thumprintcookie,67.0
s54,sugarcookie,56.0
s54,vanillawafer,49.0
s54,chocolatewafer,66.0
s54,stroopwafel,39.0
s54,chocolatebark,47.0
s54,darkchocolate,72.0
s54,ferrerorocher,59.0
s54,kitkat,66.0
s54,milkchocolate,42.0
s54,pocky,50.0
s54,toblerone,45.0
s54,lindtlindorchocolatetruffle,40.0
s54,twix,64.0
s54,caramel,44.0
s54,gumdrops,45.0
s54,lolipop,61.0
s54,mms,43.0
s54,peanutmms,68.0
s54,brioche,58.0
s54,brownie,43.0
s54,frostedbrownie,71.0
s54,raisinspicecake,48.0
s54,fruitcake,40.0
s54,lemoncake,64.0
s55,orange,85.0
s55,apricot,75.0
s55,banana,94.0
s55,plum,61.0
s55,pineapple,55.0
s55,pear,82.0
s55,blackberry,68.0
s55,blueberry,96.0
s55,cantaloupe,44.0
s55,peach,80.0
s55,cherry,84.0
s55,mandarinorange,80.0
s55,raspberry,55.0
s55,apple,61.0
s55,grape,83.0
s55,nectarine,57.0
s55,greenapple,70.0
s55,greengrapes,62.0
s55,strawberry,72.0
s55,goldendeliciousapple,75.0
s55,honeydewmelon,47.0
s55,watermelon,53.0
s55,kiwi,76.0
s55,greenbellpepper,44.0
s55,carrot,73.0
s55,lettuce,32.0
s55,iceberglettuce,43.0
s55,peanuts,57.0
s55,almonds,64.0
s55,bread,55.0
s55,baguette,83.0
s55,slicedloafbread,70.0
s55,roll,83.0
s55,boulebread,66.0
s55,pretzel,63.0
s55,ryebread,52.0
s55,croissant,81.0
s55,deliturkey,97.0
s55,chickentenders,89.0
s55,meatballs,74.0
s55,gouda,65.0
s55,cheddarcheese,94.0
s55,swisscheese,62.0
s55,barbequechips,81.0
s55,potatochips,80.0
s55,tortillachips,74.0
s55,doritos,81.0
s55,ritzcracker,93.0
s55,saltinecracker,59.0
s55,wheatthins,65.0
s55,eggrolls,79.0
s55,frenchfries,74.0
s55,curlyfries,53.0
s55,popcorn,63.0
s55,butteredpopcorn,70.0
s55,triscuits,83.0
s55,pringles,59.0
s55,wavylays,89.0
s55,chocolateicecreamcone,79.0
s55,popsicle,89.0
s55,haagendazsicecreambar,90.0
s55,strawberryicecreamcone,62.0
s55,vanillasoftservecone,71.0
s55,blueberrymuffin,96.0
s55,banananutmuffin,88.0
s55,lemonpoppyseedmuffin,63.0
s55,nutrigrainbar,52.0
s55,grahamcracker,85.0
s55,churro,72.0
s55,twistdonut,72.0
s55,chocolatechipcookie,69.0
s55,tuilecookie,71.0
s55,madeleine,96.0
s55,oatmealraisincookie,89.0
s55,petitécolier,74.0
s55,thumprintcookie,85.0
s55,sugarcookie,95.0
s55,vanillawafer,81.0
s55,chocolatewafer,82.0
s55,stroopwafel,76.0
s55,chocolatebark,81.0
s55,darkchocolate,44.0
s55,ferrerorocher,63.0
s55,kitkat,72.0
s55,milkchocolate,73.0
s55,pocky,96.0
s55,toblerone,72.0
s55,lindtlindorchocolatetruffle,65.0
s55,twix,78.0
s55,caramel,61.0
s55,gumdrops,70.0
s55,lolipop,83.0
s55,mms,64.0
s55,peanutmms,72.0
s55,brioche,72.0
s55,brownie,80.0
s55,frostedbrownie,66.0
s55,raisinspicecake,63.0
s55,fruitcake,76.0
s55,lemoncake,73.0
s56,orange,40.0
s56,apricot,67.0
s56,banana,24.0
s56,plum,56.0
s56,pineapple,60.0
s56,pear,29.0
s56,blackberry,11.0
s56,blueberry,23.0
s56,cantaloupe,7.0
s56,peach,78.0
s56,cherry,82.0
s56,mandarinorange,56.0
s56,raspberry,58.0
s56,apple,16.0
s56,grape,76.0
s56,nectarine,70.0
s56,greenapple,13.0
s56,greengrapes,81.0
s56,strawberry,82.0
s56,goldendeliciousapple,22.0
s56,honeydewmelon,16.0
s56,watermelon,78.0
s56,kiwi,9.0
s56,greenbellpepper,20.0
s56,carrot,19.0
s56,lettuce,14.0
s56,iceberglettuce,13.0
s56,peanuts,12.0
s56,almonds,30.0
s56,bread,20.0
s56,baguette,25.0
s56,slicedloafbread,35.0
s56,roll,7.0
s56,boulebread,41.0
s56,pretzel,73.0
s56,ryebread,28.0
s56,croissant,56.0
s56,deliturkey,24.0
s56,chickentenders,81.0
s56,meatballs,59.0
s56,gouda,16.0
s56,cheddarcheese,20.0
s56,swisscheese,23.0
s56,barbequechips,54.0
s56,potatochips,55.0
s56,tortillachips,43.0
s56,doritos,55.0
s56,ritzcracker,6.0
s56,saltinecracker,16.0
s56,wheatthins,31.0
s56,eggrolls,77.0
s56,frenchfries,55.0
s56,curlyfries,12.0
s56,popcorn,67.0
s56,butteredpopcorn,57.0
s56,triscuits,13.0
s56,pringles,11.0
s56,wavylays,39.0
s56,chocolateicecreamcone,82.0
s56,popsicle,4.0
s56,haagendazsicecreambar,72.0
s56,strawberryicecreamcone,91.0
s56,vanillasoftservecone,84.0
s56,blueberrymuffin,6.0
s56,banananutmuffin,8.0
s56,lemonpoppyseedmuffin,10.0
s56,nutrigrainbar,21.0
s56,grahamcracker,19.0
s56,churro,27.0
s56,twistdonut,33.0
s56,chocolatechipcookie,94.0
s56,tuilecookie,37.0
s56,madeleine,13.0
s56,oatmealraisincookie,15.0
s56,petitécolier,11.0
s56,thumprintcookie,8.0
s56,sugarcookie,37.0
s56,vanillawafer,75.0
s56,chocolatewafer,71.0
s56,stroopwafel,35.0
s56,chocolatebark,11.0
s56,darkchocolate,77.0
s56,ferrerorocher,11.0
s56,kitkat,78.0
s56,milkchocolate,71.0
s56,pocky,17.0
s56,toblerone,14.0
s56,lindtlindorchocolatetruffle,76.0
s56,twix,35.0
s56,caramel,44.0
s56,gumdrops,11.0
s56,lolipop,31.0
s56,mms,92.0
s56,peanutmms,91.0
s56,brioche,20.0
s56,brownie,90.0
s56,frostedbrownie,72.0
s56,raisinspicecake,12.0
s56,fruitcake,30.0
s56,lemoncake,72.0
s57,orange,68.0
s57,apricot,61.0
s57,banana,49.0
s57,plum,61.0
s57,pineapple,95.0
s57,pear,74.0
s57,blackberry,85.0
s57,blueberry,88.0
s57,cantaloupe,58.0
s57,peach,83.0
s57,cherry,78.0
s57,mandarinorange,70.0
s57,raspberry,99.0
s57,apple,24.0
s57,grape,83.0
s57,nectarine,65.0
s57,greenapple,70.0
s57,greengrapes,84.0
s57,strawberry,88.0
s57,goldendeliciousapple,10.0
s57,honeydewmelon,58.0
s57,watermelon,87.0
s57,kiwi,86.0
s57,greenbellpepper,1.0
s57,carrot,58.0
s57,lettuce,48.0
s57,iceberglettuce,41.0
s57,peanuts,65.0
s57,almonds,73.0
s57,bread,51.0
s57,baguette,63.0
s57,slicedloafbread,38.0
s57,roll,38.0
s57,boulebread,66.0
s57,pretzel,76.0
s57,ryebread,61.0
s57,croissant,52.0
s57,deliturkey,8.0
s57,chickentenders,99.0
s57,meatballs,52.0
s57,gouda,47.0
s57,cheddarcheese,92.0
s57,swisscheese,53.0
s57,barbequechips,70.0
s57,potatochips,99.0
s57,tortillachips,60.0
s57,doritos,39.0
s57,ritzcracker,68.0
s57,saltinecracker,72.0
s57,wheatthins,47.0
s57,eggrolls,59.0
s57,frenchfries,90.0
s57,curlyfries,84.0
s57,popcorn,74.0
s57,butteredpopcorn,67.0
s57,triscuits,67.0
s57,pringles,42.0
s57,wavylays,96.0
s57,chocolateicecreamcone,23.0
s57,popsicle,73.0
s57,haagendazsicecreambar,40.0
s57,strawberryicecreamcone,39.0
s57,vanillasoftservecone,49.0
s57,blueberrymuffin,51.0
s57,banananutmuffin,14.0
s57,lemonpoppyseedmuffin,35.0
s57,nutrigrainbar,49.0
s57,grahamcracker,17.0
s57,churro,19.0
s57,twistdonut,35.0
s57,chocolatechipcookie,35.0
s57,tuilecookie,6.0
s57,madeleine,1.0
s57,oatmealraisincookie,7.0
s57,petitécolier,11.0
s57,thumprintcookie,7.0
s57,sugarcookie,16.0
s57,vanillawafer,14.0
s57,chocolatewafer,44.0
s57,stroopwafel,40.0
s57,chocolatebark,24.0
s57,darkchocolate,50.0
s57,ferrerorocher,36.0
s57,kitkat,29.0
s57,milkchocolate,38.0
s57,pocky,40.0
s57,toblerone,52.0
s57,lindtlindorchocolatetruffle,23.0
s57,twix,38.0
s57,caramel,4.0
s57,gumdrops,2.0
s57,lolipop,47.0
s57,mms,48.0
s57,peanutmms,63.0
s57,brioche,64.0
s57,brownie,40.0
s57,frostedbrownie,12.0
s57,raisinspicecake,1.0
s57,fruitcake,7.0
s57,lemoncake,28.0
s58,orange,78.0
s58,apricot,79.0
s58,banana,60.0
s58,plum,82.0
s58,pineapple,76.0
s58,pear,80.0
s58,blackberry,83.0
s58,blueberry,71.0
s58,cantaloupe,78.0
s58,peach,81.0
s58,cherry,78.0
s58,mandarinorange,75.0
s58,raspberry,80.0
s58,apple,76.0
s58,grape,72.0
s58,nectarine,83.0
s58,greenapple,40.0
s58,greengrapes,39.0
s58,strawberry,95.0
s58,goldendeliciousapple,66.0
s58,honeydewmelon,71.0
s58,watermelon,99.0
s58,kiwi,67.0
s58,greenbellpepper,53.0
s58,carrot,59.0
s58,lettuce,49.0
s58,iceberglettuce,50.0
s58,peanuts,49.0
s58,almonds,67.0
s58,bread,66.0
s58,baguette,95.0
s58,slicedloafbread,21.0
s58,roll,75.0
s58,boulebread,92.0
s58,pretzel,89.0
s58,ryebread,70.0
s58,croissant,100.0
s58,deliturkey,99.0
s58,chickentenders,62.0
s58,meatballs,17.0
s58,gouda,2.0
s58,cheddarcheese,1.0
s58,swisscheese,1.0
s58,barbequechips,37.0
s58,potatochips,62.0
s58,tortillachips,88.0
s58,doritos,59.0
s58,ritzcracker,81.0
s58,saltinecracker,73.0
s58,wheatthins,79.0
s58,eggrolls,66.0
s58,frenchfries,55.0
s58,curlyfries,5.0
s58,popcorn,78.0
s58,butteredpopcorn,66.0
s58,triscuits,100.0
s58,pringles,50.0
s58,wavylays,23.0
s58,chocolateicecreamcone,58.0
s58,popsicle,7.0
s58,haagendazsicecreambar,57.0
s58,strawberryicecreamcone,4.0
s58,vanillasoftservecone,11.0
s58,blueberrymuffin,44.0
s58,banananutmuffin,10.0
s58,lemonpoppyseedmuffin,6.0
s58,nutrigrainbar,51.0
s58,grahamcracker,53.0
s58,churro,23.0
s58,twistdonut,20.0
s58,chocolatechipcookie,87.0
s58,tuilecookie,57.0
s58,madeleine,99.0
s58,oatmealraisincookie,88.0
s58,petitécolier,79.0
s58,thumprintcookie,20.0
s58,sugarcookie,73.0
s58,vanillawafer,27.0
s58,chocolatewafer,41.0
s58,stroopwafel,64.0
s58,chocolatebark,57.0
s58,darkchocolate,99.0
s58,ferrerorocher,30.0
s58,kitkat,99.0
s58,milkchocolate,99.0
s58,pocky,20.0
s58,toblerone,66.0
s58,lindtlindorchocolatetruffle,100.0
s58,twix,99.0
s58,caramel,83.0
s58,gumdrops,2.0
s58,lolipop,2.0
s58,mms,100.0
s58,peanutmms,100.0
s58,brioche,100.0
s58,brownie,92.0
s58,frostedbrownie,100.0
s58,raisinspicecake,2.0
s58,fruitcake,2.0
s58,lemoncake,5.0
s59,orange,91.0
s59,apricot,97.0
s59,banana,94.0
s59,plum,95.0
s59,pineapple,98.0
s59,pear,99.0
s59,blackberry,96.0
s59,blueberry,99.0
s59,cantaloupe,100.0
s59,peach,95.0
s59,cherry,99.0
s59,mandarinorange,95.0
s59,raspberry,88.0
s59,apple,97.0
s59,grape,98.0
s59,nectarine,86.0
s59,greenapple,81.0
s59,greengrapes,83.0
s59,strawberry,99.0
s59,goldendeliciousapple,83.0
s59,honeydewmelon,95.0
s59,watermelon,97.0
s59,kiwi,92.0
s59,greenbellpepper,2.0
s59,carrot,84.0
s59,lettuce,90.0
s59,iceberglettuce,78.0
s59,peanuts,83.0
s59,almonds,95.0
s59,bread,50.0
s59,baguette,87.0
s59,slicedloafbread,58.0
s59,roll,50.0
s59,boulebread,50.0
s59,pretzel,19.0
s59,ryebread,51.0
s59,croissant,76.0
s59,deliturkey,37.0
s59,chickentenders,62.0
s59,meatballs,20.0
s59,gouda,51.0
s59,cheddarcheese,69.0
s59,swisscheese,64.0
s59,barbequechips,23.0
s59,potatochips,33.0
s59,tortillachips,62.0
s59,doritos,44.0
s59,ritzcracker,27.0
s59,saltinecracker,50.0
s59,wheatthins,50.0
s59,eggrolls,19.0
s59,frenchfries,33.0
s59,curlyfries,9.0
s59,popcorn,83.0
s59,butteredpopcorn,23.0
s59,triscuits,9.0
s59,pringles,10.0
s59,wavylays,23.0
s59,chocolateicecreamcone,61.0
s59,popsicle,68.0
s59,haagendazsicecreambar,50.0
s59,strawberryicecreamcone,51.0
s59,vanillasoftservecone,50.0
s59,blueberrymuffin,35.0
s59,banananutmuffin,50.0
s59,lemonpoppyseedmuffin,50.0
s59,nutrigrainbar,52.0
s59,grahamcracker,51.0
s59,churro,50.0
s59,twistdonut,60.0
s59,chocolatechipcookie,50.0
s59,tuilecookie,37.0
s59,madeleine,33.0
s59,oatmealraisincookie,61.0
s59,petitécolier,36.0
s59,thumprintcookie,35.0
s59,sugarcookie,50.0
s59,vanillawafer,21.0
s59,chocolatewafer,19.0
s59,stroopwafel,50.0
s59,chocolatebark,33.0
s59,darkchocolate,50.0
s59,ferrerorocher,88.0
s59,kitkat,35.0
s59,milkchocolate,51.0
s59,pocky,76.0
s59,toblerone,50.0
s59,lindtlindorchocolatetruffle,51.0
s59,twix,24.0
s59,caramel,25.0
s59,gumdrops,9.0
s59,lolipop,2.0
s59,mms,9.0
s59,peanutmms,4.0
s59,brioche,58.0
s59,brownie,35.0
s59,frostedbrownie,50.0
s59,raisinspicecake,31.0
s59,fruitcake,51.0
s59,lemoncake,11.0
s60,orange,87.0
s60,apricot,96.0
s60,banana,85.0
s60,plum,77.0
s60,pineapple,100.0
s60,pear,75.0
s60,blackberry,97.0
s60,blueberry,95.0
s60,cantaloupe,91.0
s60,peach,93.0
s60,cherry,50.0
s60,mandarinorange,99.0
s60,raspberry,97.0
s60,apple,53.0
s60,grape,50.0
s60,nectarine,93.0
s60,greenapple,83.0
s60,greengrapes,97.0
s60,strawberry,96.0
s60,goldendeliciousapple,44.0
s60,honeydewmelon,27.0
s60,watermelon,84.0
s60,kiwi,98.0
s60,greenbellpepper,94.0
s60,carrot,63.0
s60,lettuce,26.0
s60,iceberglettuce,14.0
s60,peanuts,20.0
s60,almonds,44.0
s60,bread,11.0
s60,baguette,27.0
s60,slicedloafbread,40.0
s60,roll,31.0
s60,boulebread,3.0
s60,pretzel,65.0
s60,ryebread,13.0
s60,croissant,54.0
s60,deliturkey,56.0
s60,chickentenders,99.0
s60,meatballs,20.0
s60,gouda,49.0
s60,cheddarcheese,87.0
s60,swisscheese,82.0
s60,barbequechips,50.0
s60,potatochips,68.0
s60,tortillachips,43.0
s60,doritos,52.0
s60,ritzcracker,45.0
s60,saltinecracker,26.0
s60,wheatthins,11.0
s60,eggrolls,99.0
s60,frenchfries,97.0
s60,curlyfries,98.0
s60,popcorn,22.0
s60,butteredpopcorn,33.0
s60,triscuits,47.0
s60,pringles,27.0
s60,wavylays,56.0
s60,chocolateicecreamcone,51.0
s60,popsicle,19.0
s60,haagendazsicecreambar,30.0
s60,strawberryicecreamcone,69.0
s60,vanillasoftservecone,20.0
s60,blueberrymuffin,61.0
s60,banananutmuffin,51.0
s60,lemonpoppyseedmuffin,5.0
s60,nutrigrainbar,2.0
s60,grahamcracker,17.0
s60,churro,70.0
s60,twistdonut,98.0
s60,chocolatechipcookie,75.0
s60,tuilecookie,2.0
s60,madeleine,48.0
s60,oatmealraisincookie,51.0
s60,petitécolier,15.0
s60,thumprintcookie,5.0
s60,sugarcookie,3.0
s60,vanillawafer,1.0
s60,chocolatewafer,18.0
s60,stroopwafel,3.0
s60,chocolatebark,5.0
s60,darkchocolate,5.0
s60,ferrerorocher,39.0
s60,kitkat,27.0
s60,milkchocolate,31.0
s60,pocky,5.0
s60,toblerone,2.0
s60,lindtlindorchocolatetruffle,13.0
s60,twix,40.0
s60,caramel,12.0
s60,gumdrops,3.0
s60,lolipop,2.0
s60,mms,41.0
s60,peanutmms,37.0
s60,brioche,15.0
s60,brownie,99.0
s60,frostedbrownie,80.0
s60,raisinspicecake,20.0
s60,fruitcake,19.0
s60,lemoncake,19.0
s61,orange,29.0
s61,apricot,54.0
s61,banana,23.0
s61,plum,58.0
s61,pineapple,100.0
s61,pear,68.0
s61,blackberry,91.0
s61,blueberry,79.0
s61,cantaloupe,76.0
s61,peach,85.0
s61,cherry,96.0
s61,mandarinorange,31.0
s61,raspberry,98.0
s61,apple,64.0
s61,grape,36.0
s61,nectarine,47.0
s61,greenapple,45.0
s61,greengrapes,34.0
s61,strawberry,96.0
s61,goldendeliciousapple,74.0
s61,honeydewmelon,89.0
s61,watermelon,47.0
s61,kiwi,86.0
s61,greenbellpepper,51.0
s61,carrot,61.0
s61,lettuce,26.0
s61,iceberglettuce,13.0
s61,peanuts,46.0
s61,almonds,48.0
s61,bread,50.0
s61,baguette,33.0
s61,slicedloafbread,3.0
s61,roll,50.0
s61,boulebread,15.0
s61,pretzel,23.0
s61,ryebread,46.0
s61,croissant,50.0
s61,deliturkey,1.0
s61,chickentenders,1.0
s61,meatballs,1.0
s61,gouda,77.0
s61,cheddarcheese,78.0
s61,swisscheese,83.0
s61,barbequechips,31.0
s61,potatochips,28.0
s61,tortillachips,70.0
s61,doritos,28.0
s61,ritzcracker,58.0
s61,saltinecracker,42.0
s61,wheatthins,60.0
s61,eggrolls,57.0
s61,frenchfries,50.0
s61,curlyfries,57.0
s61,popcorn,47.0
s61,butteredpopcorn,36.0
s61,triscuits,57.0
s61,pringles,29.0
s61,wavylays,50.0
s61,chocolateicecreamcone,30.0
s61,popsicle,16.0
s61,haagendazsicecreambar,24.0
s61,strawberryicecreamcone,37.0
s61,vanillasoftservecone,31.0
s61,blueberrymuffin,47.0
s61,banananutmuffin,63.0
s61,lemonpoppyseedmuffin,69.0
s61,nutrigrainbar,26.0
s61,grahamcracker,1.0
s61,churro,27.0
s61,twistdonut,24.0
s61,chocolatechipcookie,64.0
s61,tuilecookie,31.0
s61,madeleine,14.0
s61,oatmealraisincookie,38.0
s61,petitécolier,49.0
s61,thumprintcookie,27.0
s61,sugarcookie,55.0
s61,vanillawafer,17.0
s61,chocolatewafer,32.0
s61,stroopwafel,59.0
s61,chocolatebark,34.0
s61,darkchocolate,56.0
s61,ferrerorocher,32.0
s61,kitkat,30.0
s61,milkchocolate,46.0
s61,pocky,39.0
s61,toblerone,30.0
s61,lindtlindorchocolatetruffle,68.0
s61,twix,47.0
s61,caramel,15.0
s61,gumdrops,17.0
s61,lolipop,7.0
s61,mms,54.0
s61,peanutmms,66.0
s61,brioche,55.0
s61,brownie,59.0
s61,frostedbrownie,66.0
s61,raisinspicecake,35.0
s61,fruitcake,5.0
s61,lemoncake,26.0
s62,orange,88.0
s62,apricot,64.0
s62,banana,67.0
s62,plum,69.0
s62,pineapple,89.0
s62,pear,87.0
s62,blackberry,50.0
s62,blueberry,63.0
s62,cantaloupe,1.0
s62,peach,72.0
s62,cherry,72.0
s62,mandarinorange,86.0
s62,raspberry,61.0
s62,apple,70.0
s62,grape,67.0
s62,nectarine,84.0
s62,greenapple,82.0
s62,greengrapes,80.0
s62,strawberry,71.0
s62,goldendeliciousapple,53.0
s62,honeydewmelon,18.0
s62,watermelon,80.0
s62,kiwi,84.0
s62,greenbellpepper,28.0
s62,carrot,1.0
s62,lettuce,1.0
s62,iceberglettuce,1.0
s62,peanuts,1.0
s62,almonds,24.0
s62,bread,1.0
s62,baguette,50.0
s62,slicedloafbread,15.0
s62,roll,35.0
s62,boulebread,12.0
s62,pretzel,43.0
s62,ryebread,37.0
s62,croissant,34.0
s62,deliturkey,25.0
s62,chickentenders,68.0
s62,meatballs,50.0
s62,gouda,50.0
s62,cheddarcheese,69.0
s62,swisscheese,51.0
s62,barbequechips,100.0
s62,potatochips,100.0
s62,tortillachips,51.0
s62,doritos,75.0
s62,ritzcracker,91.0
s62,saltinecracker,63.0
s62,wheatthins,38.0
s62,eggrolls,75.0
s62,frenchfries,93.0
s62,curlyfries,78.0
s62,popcorn,52.0
s62,butteredpopcorn,74.0
s62,triscuits,54.0
s62,pringles,100.0
s62,wavylays,100.0
s62,chocolateicecreamcone,56.0
s62,popsicle,56.0
s62,haagendazsicecreambar,94.0
s62,strawberryicecreamcone,49.0
s62,vanillasoftservecone,84.0
s62,blueberrymuffin,65.0
s62,banananutmuffin,51.0
s62,lemonpoppyseedmuffin,51.0
s62,nutrigrainbar,50.0
s62,grahamcracker,51.0
s62,churro,53.0
s62,twistdonut,52.0
s62,chocolatechipcookie,82.0
s62,tuilecookie,79.0
s62,madeleine,49.0
s62,oatmealraisincookie,59.0
s62,petitécolier,68.0
s62,thumprintcookie,60.0
s62,sugarcookie,58.0
s62,vanillawafer,90.0
s62,chocolatewafer,95.0
s62,stroopwafel,90.0
s62,chocolatebark,70.0
s62,darkchocolate,74.0
s62,ferrerorocher,90.0
s62,kitkat,100.0
s62,milkchocolate,84.0
s62,pocky,77.0
s62,toblerone,82.0
s62,lindtlindorchocolatetruffle,82.0
s62,twix,100.0
s62,caramel,32.0
s62,gumdrops,51.0
s62,lolipop,16.0
s62,mms,59.0
s62,peanutmms,60.0
s62,brioche,40.0
s62,brownie,77.0
s62,frostedbrownie,64.0
s62,raisinspicecake,51.0
s62,fruitcake,51.0
s62,lemoncake,62.0
s63,orange,78.0
s63,apricot,14.0
s63,banana,82.0
s63,plum,15.0
s63,pineapple,71.0
s63,pear,23.0
s63,blackberry,43.0
s63,blueberry,33.0
s63,cantaloupe,61.0
s63,peach,10.0
s63,cherry,16.0
s63,mandarinorange,94.0
s63,raspberry,35.0
s63,apple,40.0
s63,grape,71.0
s63,nectarine,23.0
s63,greenapple,58.0
s63,greengrapes,76.0
s63,strawberry,37.0
s63,goldendeliciousapple,27.0
s63,honeydewmelon,18.0
s63,watermelon,64.0
s63,kiwi,37.0
s63,greenbellpepper,15.0
s63,carrot,69.0
s63,lettuce,22.0
s63,iceberglettuce,76.0
s63,peanuts,71.0
s63,almonds,95.0
s63,bread,69.0
s63,baguette,73.0
s63,slicedloafbread,33.0
s63,roll,65.0
s63,boulebread,64.0
s63,pretzel,58.0
s63,ryebread,60.0
s63,croissant,99.0
s63,deliturkey,64.0
s63,chickentenders,99.0
s63,meatballs,69.0
s63,gouda,21.0
s63,cheddarcheese,59.0
s63,swisscheese,51.0
s63,barbequechips,99.0
s63,potatochips,99.0
s63,tortillachips,91.0
s63,doritos,99.0
s63,ritzcracker,41.0
s63,saltinecracker,64.0
s63,wheatthins,58.0
s63,eggrolls,94.0
s63,frenchfries,97.0
s63,curlyfries,97.0
s63,popcorn,99.0
s63,butteredpopcorn,93.0
s63,triscuits,62.0
s63,pringles,98.0
s63,wavylays,97.0
s63,chocolateicecreamcone,71.0
s63,popsicle,70.0
s63,haagendazsicecreambar,78.0
s63,strawberryicecreamcone,81.0
s63,vanillasoftservecone,81.0
s63,blueberrymuffin,65.0
s63,banananutmuffin,61.0
s63,lemonpoppyseedmuffin,14.0
s63,nutrigrainbar,74.0
s63,grahamcracker,64.0
s63,churro,57.0
s63,twistdonut,38.0
s63,chocolatechipcookie,91.0
s63,tuilecookie,61.0
s63,madeleine,50.0
s63,oatmealraisincookie,68.0
s63,petitécolier,77.0
s63,thumprintcookie,10.0
s63,sugarcookie,50.0
s63,vanillawafer,95.0
s63,chocolatewafer,97.0
s63,stroopwafel,62.0
s63,chocolatebark,74.0
s63,darkchocolate,97.0
s63,ferrerorocher,95.0
s63,kitkat,99.0
s63,milkchocolate,96.0
s63,pocky,27.0
s63,toblerone,84.0
s63,lindtlindorchocolatetruffle,17.0
s63,twix,50.0
s63,caramel,27.0
s63,gumdrops,2.0
s63,lolipop,2.0
s63,mms,24.0
s63,peanutmms,16.0
s63,brioche,53.0
s63,brownie,99.0
s63,frostedbrownie,96.0
s63,raisinspicecake,10.0
s63,fruitcake,51.0
s63,lemoncake,55.0
s64,orange,57.0
s64,apricot,21.0
s64,banana,1.0
s64,plum,74.0
s64,pineapple,96.0
s64,pear,57.0
s64,blackberry,90.0
s64,blueberry,99.0
s64,cantaloupe,88.0
s64,peach,79.0
s64,cherry,81.0
s64,mandarinorange,36.0
s64,raspberry,93.0
s64,apple,67.0
s64,grape,67.0
s64,nectarine,83.0
s64,greenapple,61.0
s64,greengrapes,72.0
s64,strawberry,94.0
s64,goldendeliciousapple,60.0
s64,honeydewmelon,99.0
s64,watermelon,86.0
s64,kiwi,81.0
s64,greenbellpepper,1.0
s64,carrot,66.0
s64,lettuce,66.0
s64,iceberglettuce,58.0
s64,peanuts,1.0
s64,almonds,1.0
s64,bread,71.0
s64,baguette,51.0
s64,slicedloafbread,49.0
s64,roll,50.0
s64,boulebread,62.0
s64,pretzel,66.0
s64,ryebread,59.0
s64,croissant,60.0
s64,deliturkey,1.0
s64,chickentenders,100.0
s64,meatballs,58.0
s64,gouda,76.0
s64,cheddarcheese,63.0
s64,swisscheese,62.0
s64,barbequechips,1.0
s64,potatochips,1.0
s64,tortillachips,1.0
s64,doritos,1.0
s64,ritzcracker,1.0
s64,saltinecracker,51.0
s64,wheatthins,24.0
s64,eggrolls,90.0
s64,frenchfries,84.0
s64,curlyfries,83.0
s64,popcorn,17.0
s64,butteredpopcorn,1.0
s64,triscuits,1.0
s64,pringles,72.0
s64,wavylays,1.0
s64,chocolateicecreamcone,4.0
s64,popsicle,1.0
s64,haagendazsicecreambar,23.0
s64,strawberryicecreamcone,26.0
s64,vanillasoftservecone,43.0
s64,blueberrymuffin,21.0
s64,banananutmuffin,1.0
s64,lemonpoppyseedmuffin,59.0
s64,nutrigrainbar,7.0
s64,grahamcracker,2.0
s64,churro,100.0
s64,twistdonut,56.0
s64,chocolatechipcookie,70.0
s64,tuilecookie,13.0
s64,madeleine,35.0
s64,oatmealraisincookie,23.0
s64,petitécolier,50.0
s64,thumprintcookie,1.0
s64,sugarcookie,1.0
s64,vanillawafer,1.0
s64,chocolatewafer,1.0
s64,stroopwafel,51.0
s64,chocolatebark,1.0
s64,darkchocolate,65.0
s64,ferrerorocher,52.0
s64,kitkat,18.0
s64,milkchocolate,21.0
s64,pocky,27.0
s64,toblerone,1.0
s64,lindtlindorchocolatetruffle,57.0
s64,twix,18.0
s64,caramel,1.0
s64,gumdrops,1.0
s64,lolipop,1.0
s64,mms,52.0
s64,peanutmms,26.0
s64,brioche,63.0
s64,brownie,51.0
s64,frostedbrownie,1.0
s64,raisinspicecake,2.0
s64,fruitcake,1.0
s64,lemoncake,1.0
s65,orange,42.0
s65,apricot,63.0
s65,banana,43.0
s65,plum,97.0
s65,pineapple,82.0
s65,pear,65.0
s65,blackberry,97.0
s65,blueberry,82.0
s65,cantaloupe,97.0
s65,peach,76.0
s65,cherry,89.0
s65,mandarinorange,76.0
s65,raspberry,98.0
s65,apple,62.0
s65,grape,63.0
s65,nectarine,54.0
s65,greenapple,60.0
s65,greengrapes,70.0
s65,strawberry,96.0
s65,goldendeliciousapple,70.0
s65,honeydewmelon,87.0
s65,watermelon,90.0
s65,kiwi,99.0
s65,greenbellpepper,61.0
s65,carrot,52.0
s65,lettuce,58.0
s65,iceberglettuce,2.0
s65,peanuts,68.0
s65,almonds,85.0
s65,bread,60.0
s65,baguette,64.0
s65,slicedloafbread,29.0
s65,roll,71.0
s65,boulebread,72.0
s65,pretzel,81.0
s65,ryebread,67.0
s65,croissant,56.0
s65,deliturkey,49.0
s65,chickentenders,78.0
s65,meatballs,6.0
s65,gouda,90.0
s65,cheddarcheese,84.0
s65,swisscheese,71.0
s65,barbequechips,25.0
s65,potatochips,50.0
s65,tortillachips,31.0
s65,doritos,39.0
s65,ritzcracker,27.0
s65,saltinecracker,31.0
s65,wheatthins,60.0
s65,eggrolls,66.0
s65,frenchfries,63.0
s65,curlyfries,59.0
s65,popcorn,88.0
s65,butteredpopcorn,2.0
s65,triscuits,59.0
s65,pringles,33.0
s65,wavylays,37.0
s65,chocolateicecreamcone,91.0
s65,popsicle,36.0
s65,haagendazsicecreambar,32.0
s65,strawberryicecreamcone,39.0
s65,vanillasoftservecone,61.0
s65,blueberrymuffin,49.0
s65,banananutmuffin,28.0
s65,lemonpoppyseedmuffin,3.0
s65,nutrigrainbar,1.0
s65,grahamcracker,27.0
s65,churro,3.0
s65,twistdonut,23.0
s65,chocolatechipcookie,64.0
s65,tuilecookie,10.0
s65,madeleine,3.0
s65,oatmealraisincookie,7.0
s65,petitécolier,58.0
s65,thumprintcookie,44.0
s65,sugarcookie,11.0
s65,vanillawafer,2.0
s65,chocolatewafer,14.0
s65,stroopwafel,2.0
s65,chocolatebark,25.0
s65,darkchocolate,43.0
s65,ferrerorocher,24.0
s65,kitkat,69.0
s65,milkchocolate,36.0
s65,pocky,2.0
s65,toblerone,50.0
s65,lindtlindorchocolatetruffle,50.0
s65,twix,50.0
s65,caramel,3.0
s65,gumdrops,1.0
s65,lolipop,24.0
s65,mms,60.0
s65,peanutmms,78.0
s65,brioche,71.0
s65,brownie,59.0
s65,frostedbrownie,62.0
s65,raisinspicecake,5.0
s65,fruitcake,15.0
s65,lemoncake,17.0
s66,orange,76.0
s66,apricot,50.0
s66,banana,89.0
s66,plum,71.0
s66,pineapple,87.0
s66,pear,74.0
s66,blackberry,77.0
s66,blueberry,91.0
s66,cantaloupe,99.0
s66,peach,81.0
s66,cherry,86.0
s66,mandarinorange,88.0
s66,raspberry,90.0
s66,apple,85.0
s66,grape,82.0
s66,nectarine,74.0
s66,greenapple,76.0
s66,greengrapes,82.0
s66,strawberry,79.0
s66,goldendeliciousapple,51.0
s66,honeydewmelon,20.0
s66,watermelon,100.0
s66,kiwi,13.0
s66,greenbellpepper,19.0
s66,carrot,49.0
s66,lettuce,91.0
s66,iceberglettuce,81.0
s66,peanuts,50.0
s66,almonds,30.0
s66,bread,19.0
s66,baguette,9.0
s66,slicedloafbread,50.0
s66,roll,14.0
s66,boulebread,20.0
s66,pretzel,74.0
s66,ryebread,71.0
s66,croissant,19.0
s66,deliturkey,17.0
s66,chickentenders,22.0
s66,meatballs,10.0
s66,gouda,68.0
s66,cheddarcheese,99.0
s66,swisscheese,100.0
s66,barbequechips,13.0
s66,potatochips,66.0
s66,tortillachips,15.0
s66,doritos,13.0
s66,ritzcracker,13.0
s66,saltinecracker,14.0
s66,wheatthins,15.0
s66,eggrolls,15.0
s66,frenchfries,74.0
s66,curlyfries,79.0
s66,popcorn,12.0
s66,butteredpopcorn,8.0
s66,triscuits,10.0
s66,pringles,15.0
s66,wavylays,66.0
s66,chocolateicecreamcone,8.0
s66,popsicle,18.0
s66,haagendazsicecreambar,50.0
s66,strawberryicecreamcone,16.0
s66,vanillasoftservecone,84.0
s66,blueberrymuffin,69.0
s66,banananutmuffin,16.0
s66,lemonpoppyseedmuffin,11.0
s66,nutrigrainbar,21.0
s66,grahamcracker,18.0
s66,churro,77.0
s66,twistdonut,11.0
s66,chocolatechipcookie,62.0
s66,tuilecookie,16.0
s66,madeleine,9.0
s66,oatmealraisincookie,70.0
s66,petitécolier,15.0
s66,thumprintcookie,28.0
s66,sugarcookie,16.0
s66,vanillawafer,13.0
s66,chocolatewafer,23.0
s66,stroopwafel,21.0
s66,chocolatebark,20.0
s66,darkchocolate,15.0
s66,ferrerorocher,11.0
s66,kitkat,16.0
s66,milkchocolate,15.0
s66,pocky,15.0
s66,toblerone,18.0
s66,lindtlindorchocolatetruffle,14.0
s66,twix,49.0
s66,caramel,17.0
s66,gumdrops,12.0
s66,lolipop,14.0
s66,mms,25.0
s66,peanutmms,50.0
s66,brioche,6.0
s66,brownie,15.0
s66,frostedbrownie,13.0
s66,raisinspicecake,11.0
s66,fruitcake,29.0
s66,lemoncake,8.0
s67,orange,60.0
s67,apricot,89.0
s67,banana,69.0
s67,plum,83.0
s67,pineapple,99.0
s67,pear,98.0
s67,blackberry,99.0
s67,blueberry,98.0
s67,cantaloupe,100.0
s67,peach,100.0
s67,cherry,79.0
s67,mandarinorange,95.0
s67,raspberry,99.0
s67,apple,63.0
s67,grape,63.0
s67,nectarine,99.0
s67,greenapple,70.0
s67,greengrapes,79.0
s67,strawberry,93.0
s67,goldendeliciousapple,24.0
s67,honeydewmelon,87.0
s67,watermelon,78.0
s67,kiwi,99.0
s67,greenbellpepper,65.0
s67,carrot,94.0
s67,lettuce,64.0
s67,iceberglettuce,50.0
s67,peanuts,30.0
s67,almonds,72.0
s67,bread,22.0
s67,baguette,61.0
s67,slicedloafbread,73.0
s67,roll,44.0
s67,boulebread,63.0
s67,pretzel,39.0
s67,ryebread,63.0
s67,croissant,91.0
s67,deliturkey,27.0
s67,chickentenders,2.0
s67,meatballs,21.0
s67,gouda,3.0
s67,cheddarcheese,56.0
s67,swisscheese,39.0
s67,barbequechips,29.0
s67,potatochips,63.0
s67,tortillachips,21.0
s67,doritos,33.0
s67,ritzcracker,34.0
s67,saltinecracker,26.0
s67,wheatthins,46.0
s67,eggrolls,2.0
s67,frenchfries,72.0
s67,curlyfries,62.0
s67,popcorn,99.0
s67,butteredpopcorn,9.0
s67,triscuits,60.0
s67,pringles,5.0
s67,wavylays,34.0
s67,chocolateicecreamcone,95.0
s67,popsicle,27.0
s67,haagendazsicecreambar,64.0
s67,strawberryicecreamcone,13.0
s67,vanillasoftservecone,36.0
s67,blueberrymuffin,58.0
s67,banananutmuffin,43.0
s67,lemonpoppyseedmuffin,76.0
s67,nutrigrainbar,54.0
s67,grahamcracker,33.0
s67,churro,37.0
s67,twistdonut,29.0
s67,chocolatechipcookie,79.0
s67,tuilecookie,18.0
s67,madeleine,24.0
s67,oatmealraisincookie,60.0
s67,petitécolier,25.0
s67,thumprintcookie,20.0
s67,sugarcookie,24.0
s67,vanillawafer,2.0
s67,chocolatewafer,1.0
s67,stroopwafel,70.0
s67,chocolatebark,57.0
s67,darkchocolate,74.0
s67,ferrerorocher,11.0
s67,kitkat,5.0
s67,milkchocolate,60.0
s67,pocky,33.0
s67,toblerone,59.0
s67,lindtlindorchocolatetruffle,70.0
s67,twix,61.0
s67,caramel,59.0
s67,gumdrops,2.0
s67,lolipop,1.0
s67,mms,20.0
s67,peanutmms,22.0
s67,brioche,79.0
s67,brownie,87.0
s67,frostedbrownie,60.0
s67,raisinspicecake,9.0
s67,fruitcake,32.0
s67,lemoncake,14.0
s68,orange,70.0
s68,apricot,69.0
s68,banana,61.0
s68,plum,63.0
s68,pineapple,62.0
s68,pear,75.0
s68,blackberry,71.0
s68,blueberry,80.0
s68,cantaloupe,75.0
s68,peach,74.0
s68,cherry,58.0
s68,mandarinorange,67.0
s68,raspberry,73.0
s68,apple,79.0
s68,grape,73.0
s68,nectarine,73.0
s68,greenapple,74.0
s68,greengrapes,78.0
s68,strawberry,81.0
s68,goldendeliciousapple,75.0
s68,honeydewmelon,60.0
s68,watermelon,74.0
s68,kiwi,55.0
s68,greenbellpepper,75.0
s68,carrot,69.0
s68,lettuce,48.0
s68,iceberglettuce,43.0
s68,peanuts,72.0
s68,almonds,73.0
s68,bread,55.0
s68,baguette,88.0
s68,slicedloafbread,86.0
s68,roll,64.0
s68,boulebread,69.0
s68,pretzel,69.0
s68,ryebread,70.0
s68,croissant,79.0
s68,deliturkey,83.0
s68,chickentenders,85.0
s68,meatballs,49.0
s68,gouda,70.0
s68,cheddarcheese,75.0
s68,swisscheese,80.0
s68,barbequechips,75.0
s68,potatochips,70.0
s68,tortillachips,67.0
s68,doritos,77.0
s68,ritzcracker,70.0
s68,saltinecracker,65.0
s68,wheatthins,60.0
s68,eggrolls,74.0
s68,frenchfries,64.0
s68,curlyfries,77.0
s68,popcorn,63.0
s68,butteredpopcorn,47.0
s68,triscuits,62.0
s68,pringles,78.0
s68,wavylays,69.0
s68,chocolateicecreamcone,42.0
s68,popsicle,38.0
s68,haagendazsicecreambar,56.0
s68,strawberryicecreamcone,41.0
s68,vanillasoftservecone,48.0
s68,blueberrymuffin,66.0
s68,banananutmuffin,67.0
s68,lemonpoppyseedmuffin,69.0
s68,nutrigrainbar,66.0
s68,grahamcracker,60.0
s68,churro,47.0
s68,twistdonut,50.0
s68,chocolatechipcookie,78.0
s68,tuilecookie,63.0
s68,madeleine,59.0
s68,oatmealraisincookie,16.0
s68,petitécolier,74.0
s68,thumprintcookie,59.0
s68,sugarcookie,67.0
s68,vanillawafer,48.0
s68,chocolatewafer,36.0
s68,stroopwafel,71.0
s68,chocolatebark,54.0
s68,darkchocolate,62.0
s68,ferrerorocher,64.0
s68,kitkat,72.0
s68,milkchocolate,72.0
s68,pocky,64.0
s68,toblerone,58.0
s68,lindtlindorchocolatetruffle,59.0
s68,twix,74.0
s68,caramel,23.0
s68,gumdrops,37.0
s68,lolipop,33.0
s68,mms,66.0
s68,peanutmms,69.0
s68,brioche,66.0
s68,brownie,50.0
s68,frostedbrownie,60.0
s68,raisinspicecake,35.0
s68,fruitcake,39.0
s68,lemoncake,41.0
s69,orange,79.0
s69,apricot,78.0
s69,banana,51.0
s69,plum,76.0
s69,pineapple,56.0
s69,pear,94.0
s69,blackberry,53.0
s69,blueberry,99.0
s69,cantaloupe,77.0
s69,peach,90.0
s69,cherry,90.0
s69,mandarinorange,84.0
s69,raspberry,80.0
s69,apple,75.0
s69,grape,90.0
s69,nectarine,95.0
s69,greenapple,78.0
s69,greengrapes,100.0
s69,strawberry,77.0
s69,goldendeliciousapple,82.0
s69,honeydewmelon,59.0
s69,watermelon,88.0
s69,kiwi,1.0
s69,greenbellpepper,90.0
s69,carrot,64.0
s69,lettuce,99.0
s69,iceberglettuce,52.0
s69,peanuts,85.0
s69,almonds,89.0
s69,bread,50.0
s69,baguette,35.0
s69,slicedloafbread,39.0
s69,roll,47.0
s69,boulebread,51.0
s69,pretzel,51.0
s69,ryebread,51.0
s69,croissant,55.0
s69,deliturkey,1.0
s69,chickentenders,2.0
s69,meatballs,2.0
s69,gouda,51.0
s69,cheddarcheese,51.0
s69,swisscheese,80.0
s69,barbequechips,37.0
s69,potatochips,51.0
s69,tortillachips,49.0
s69,doritos,23.0
s69,ritzcracker,22.0
s69,saltinecracker,43.0
s69,wheatthins,40.0
s69,eggrolls,50.0
s69,frenchfries,46.0
s69,curlyfries,48.0
s69,popcorn,66.0
s69,butteredpopcorn,44.0
s69,triscuits,2.0
s69,pringles,52.0
s69,wavylays,51.0
s69,chocolateicecreamcone,45.0
s69,popsicle,43.0
s69,haagendazsicecreambar,38.0
s69,strawberryicecreamcone,43.0
s69,vanillasoftservecone,26.0
s69,blueberrymuffin,42.0
s69,banananutmuffin,34.0
s69,lemonpoppyseedmuffin,51.0
s69,nutrigrainbar,2.0
s69,grahamcracker,12.0
s69,churro,51.0
s69,twistdonut,49.0
s69,chocolatechipcookie,50.0
s69,tuilecookie,28.0
s69,madeleine,41.0
s69,oatmealraisincookie,2.0
s69,petitécolier,51.0
s69,thumprintcookie,57.0
s69,sugarcookie,10.0
s69,vanillawafer,34.0
s69,chocolatewafer,61.0
s69,stroopwafel,9.0
s69,chocolatebark,51.0
s69,darkchocolate,87.0
s69,ferrerorocher,51.0
s69,kitkat,56.0
s69,milkchocolate,46.0
s69,pocky,45.0
s69,toblerone,55.0
s69,lindtlindorchocolatetruffle,42.0
s69,twix,55.0
s69,caramel,45.0
s69,gumdrops,1.0
s69,lolipop,1.0
s69,mms,53.0
s69,peanutmms,58.0
s69,brioche,34.0
s69,brownie,32.0
s69,frostedbrownie,31.0
s69,raisinspicecake,2.0
s69,fruitcake,2.0
s69,lemoncake,50.0
s70,orange,77.0
s70,apricot,97.0
s70,banana,100.0
s70,plum,98.0
s70,pineapple,98.0
s70,pear,100.0
s70,blackberry,99.0
s70,blueberry,99.0
s70,cantaloupe,38.0
s70,peach,100.0
s70,cherry,98.0
s70,mandarinorange,94.0
s70,raspberry,99.0
s70,apple,100.0
s70,grape,100.0
s70,nectarine,97.0
s70,greenapple,100.0
s70,greengrapes,100.0
s70,strawberry,100.0
s70,goldendeliciousapple,80.0
s70,honeydewmelon,21.0
s70,watermelon,100.0
s70,kiwi,99.0
s70,greenbellpepper,84.0
s70,carrot,74.0
s70,lettuce,79.0
s70,iceberglettuce,59.0
s70,peanuts,54.0
s70,almonds,94.0
s70,bread,23.0
s70,baguette,68.0
s70,slicedloafbread,50.0
s70,roll,83.0
s70,boulebread,68.0
s70,pretzel,20.0
s70,ryebread,74.0
s70,croissant,21.0
s70,deliturkey,80.0
s70,chickentenders,99.0
s70,meatballs,28.0
s70,gouda,49.0
s70,cheddarcheese,26.0
s70,swisscheese,80.0
s70,barbequechips,80.0
s70,potatochips,80.0
s70,tortillachips,51.0
s70,doritos,64.0
s70,ritzcracker,27.0
s70,saltinecracker,50.0
s70,wheatthins,48.0
s70,eggrolls,52.0
s70,frenchfries,96.0
s70,curlyfries,34.0
s70,popcorn,51.0
s70,butteredpopcorn,51.0
s70,triscuits,50.0
s70,pringles,65.0
s70,wavylays,70.0
s70,chocolateicecreamcone,30.0
s70,popsicle,73.0
s70,haagendazsicecreambar,81.0
s70,strawberryicecreamcone,83.0
s70,vanillasoftservecone,83.0
s70,blueberrymuffin,23.0
s70,banananutmuffin,26.0
s70,lemonpoppyseedmuffin,30.0
s70,nutrigrainbar,28.0
s70,grahamcracker,50.0
s70,churro,19.0
s70,twistdonut,20.0
s70,chocolatechipcookie,50.0
s70,tuilecookie,34.0
s70,madeleine,29.0
s70,oatmealraisincookie,51.0
s70,petitécolier,20.0
s70,thumprintcookie,25.0
s70,sugarcookie,17.0
s70,vanillawafer,52.0
s70,chocolatewafer,29.0
s70,stroopwafel,73.0
s70,chocolatebark,23.0
s70,darkchocolate,1.0
s70,ferrerorocher,33.0
s70,kitkat,21.0
s70,milkchocolate,25.0
s70,pocky,49.0
s70,toblerone,38.0
s70,lindtlindorchocolatetruffle,13.0
s70,twix,28.0
s70,caramel,23.0
s70,gumdrops,20.0
s70,lolipop,52.0
s70,mms,18.0
s70,peanutmms,25.0
s70,brioche,17.0
s70,brownie,22.0
s70,frostedbrownie,50.0
s70,raisinspicecake,23.0
s70,fruitcake,23.0
s70,lemoncake,49.0
s71,orange,40.0
s71,apricot,2.0
s71,banana,60.0
s71,plum,1.0
s71,pineapple,63.0
s71,pear,49.0
s71,blackberry,30.0
s71,blueberry,63.0
s71,cantaloupe,58.0
s71,peach,36.0
s71,cherry,3.0
s71,mandarinorange,62.0
s71,raspberry,66.0
s71,apple,49.0
s71,grape,20.0
s71,nectarine,50.0
s71,greenapple,51.0
s71,greengrapes,84.0
s71,strawberry,68.0
s71,goldendeliciousapple,59.0
s71,honeydewmelon,40.0
s71,watermelon,77.0
s71,kiwi,49.0
s71,greenbellpepper,3.0
s71,carrot,49.0
s71,lettuce,32.0
s71,iceberglettuce,62.0
s71,peanuts,2.0
s71,almonds,18.0
s71,bread,10.0
s71,baguette,73.0
s71,slicedloafbread,50.0
s71,roll,2.0
s71,boulebread,51.0
s71,pretzel,67.0
s71,ryebread,61.0
s71,croissant,14.0
s71,deliturkey,99.0
s71,chickentenders,99.0
s71,meatballs,49.0
s71,gouda,50.0
s71,cheddarcheese,58.0
s71,swisscheese,17.0
s71,barbequechips,50.0
s71,potatochips,60.0
s71,tortillachips,61.0
s71,doritos,65.0
s71,ritzcracker,24.0
s71,saltinecracker,41.0
s71,wheatthins,70.0
s71,eggrolls,18.0
s71,frenchfries,16.0
s71,curlyfries,17.0
s71,popcorn,72.0
s71,butteredpopcorn,88.0
s71,triscuits,82.0
s71,pringles,50.0
s71,wavylays,12.0
s71,chocolateicecreamcone,1.0
s71,popsicle,2.0
s71,haagendazsicecreambar,51.0
s71,strawberryicecreamcone,1.0
s71,vanillasoftservecone,5.0
s71,blueberrymuffin,97.0
s71,banananutmuffin,68.0
s71,lemonpoppyseedmuffin,56.0
s71,nutrigrainbar,83.0
s71,grahamcracker,54.0
s71,churro,11.0
s71,twistdonut,1.0
s71,chocolatechipcookie,50.0
s71,tuilecookie,2.0
s71,madeleine,51.0
s71,oatmealraisincookie,35.0
s71,petitécolier,30.0
s71,thumprintcookie,34.0
s71,sugarcookie,7.0
s71,vanillawafer,50.0
s71,chocolatewafer,57.0
s71,stroopwafel,1.0
s71,chocolatebark,18.0
s71,darkchocolate,1.0
s71,ferrerorocher,30.0
s71,kitkat,70.0
s71,milkchocolate,1.0
s71,pocky,11.0
s71,toblerone,3.0
s71,lindtlindorchocolatetruffle,30.0
s71,twix,1.0
s71,caramel,16.0
s71,gumdrops,1.0
s71,lolipop,1.0
s71,mms,14.0
s71,peanutmms,18.0
s71,brioche,16.0
s71,brownie,32.0
s71,frostedbrownie,15.0
s71,raisinspicecake,51.0
s71,fruitcake,50.0
s71,lemoncake,1.0
s72,orange,83.0
s72,apricot,75.0
s72,banana,77.0
s72,plum,84.0
s72,pineapple,85.0
s72,pear,83.0
s72,blackberry,88.0
s72,blueberry,88.0
s72,cantaloupe,89.0
s72,peach,74.0
s72,cherry,75.0
s72,mandarinorange,82.0
s72,raspberry,91.0
s72,apple,91.0
s72,grape,79.0
s72,nectarine,73.0
s72,greenapple,85.0
s72,greengrapes,96.0
s72,strawberry,99.0
s72,goldendeliciousapple,85.0
s72,honeydewmelon,85.0
s72,watermelon,82.0
s72,kiwi,58.0
s72,greenbellpepper,6.0
s72,carrot,70.0
s72,lettuce,85.0
s72,iceberglettuce,97.0
s72,peanuts,74.0
s72,almonds,79.0
s72,bread,30.0
s72,baguette,81.0
s72,slicedloafbread,76.0
s72,roll,38.0
s72,boulebread,66.0
s72,pretzel,81.0
s72,ryebread,61.0
s72,croissant,63.0
s72,deliturkey,86.0
s72,chickentenders,59.0
s72,meatballs,58.0
s72,gouda,15.0
s72,cheddarcheese,21.0
s72,swisscheese,26.0
s72,barbequechips,79.0
s72,potatochips,76.0
s72,tortillachips,83.0
s72,doritos,90.0
s72,ritzcracker,61.0
s72,saltinecracker,29.0
s72,wheatthins,23.0
s72,eggrolls,33.0
s72,frenchfries,84.0
s72,curlyfries,66.0
s72,popcorn,90.0
s72,butteredpopcorn,66.0
s72,triscuits,65.0
s72,pringles,83.0
s72,wavylays,92.0
s72,chocolateicecreamcone,24.0
s72,popsicle,27.0
s72,haagendazsicecreambar,36.0
s72,strawberryicecreamcone,19.0
s72,vanillasoftservecone,4.0
s72,blueberrymuffin,39.0
s72,banananutmuffin,31.0
s72,lemonpoppyseedmuffin,30.0
s72,nutrigrainbar,65.0
s72,grahamcracker,18.0
s72,churro,37.0
s72,twistdonut,44.0
s72,chocolatechipcookie,40.0
s72,tuilecookie,45.0
s72,madeleine,71.0
s72,oatmealraisincookie,35.0
s72,petitécolier,9.0
s72,thumprintcookie,10.0
s72,sugarcookie,48.0
s72,vanillawafer,32.0
s72,chocolatewafer,25.0
s72,stroopwafel,30.0
s72,chocolatebark,15.0
s72,darkchocolate,32.0
s72,ferrerorocher,26.0
s72,kitkat,22.0
s72,milkchocolate,25.0
s72,pocky,54.0
s72,toblerone,7.0
s72,lindtlindorchocolatetruffle,85.0
s72,twix,32.0
s72,caramel,22.0
s72,gumdrops,9.0
s72,lolipop,21.0
s72,mms,11.0
s72,peanutmms,3.0
s72,brioche,43.0
s72,brownie,78.0
s72,frostedbrownie,8.0
s72,raisinspicecake,23.0
s72,fruitcake,31.0
s72,lemoncake,24.0
s73,orange,39.0
s73,apricot,68.0
s73,banana,100.0
s73,plum,53.0
s73,pineapple,87.0
s73,pear,65.0
s73,blackberry,70.0
s73,blueberry,85.0
s73,cantaloupe,40.0
s73,peach,44.0
s73,cherry,83.0
s73,mandarinorange,18.0
s73,raspberry,71.0
s73,apple,78.0
s73,grape,77.0
s73,nectarine,74.0
s73,greenapple,95.0
s73,greengrapes,73.0
s73,strawberry,88.0
s73,goldendeliciousapple,98.0
s73,honeydewmelon,42.0
s73,watermelon,57.0
s73,kiwi,51.0
s73,greenbellpepper,25.0
s73,carrot,30.0
s73,lettuce,53.0
s73,iceberglettuce,17.0
s73,peanuts,65.0
s73,almonds,56.0
s73,bread,58.0
s73,baguette,52.0
s73,slicedloafbread,59.0
s73,roll,58.0
s73,boulebread,28.0
s73,pretzel,23.0
s73,ryebread,43.0
s73,croissant,44.0
s73,deliturkey,62.0
s73,chickentenders,73.0
s73,meatballs,52.0
s73,gouda,49.0
s73,cheddarcheese,53.0
s73,swisscheese,67.0
s73,barbequechips,71.0
s73,potatochips,56.0
s73,tortillachips,68.0
s73,doritos,52.0
s73,ritzcracker,52.0
s73,saltinecracker,49.0
s73,wheatthins,63.0
s73,eggrolls,66.0
s73,frenchfries,37.0
s73,curlyfries,32.0
s73,popcorn,99.0
s73,butteredpopcorn,55.0
s73,triscuits,54.0
s73,pringles,62.0
s73,wavylays,79.0
s73,chocolateicecreamcone,73.0
s73,popsicle,68.0
s73,haagendazsicecreambar,65.0
s73,strawberryicecreamcone,61.0
s73,vanillasoftservecone,67.0
s73,blueberrymuffin,71.0
s73,banananutmuffin,64.0
s73,lemonpoppyseedmuffin,69.0
s73,nutrigrainbar,62.0
s73,grahamcracker,51.0
s73,churro,53.0
s73,twistdonut,54.0
s73,chocolatechipcookie,100.0
s73,tuilecookie,61.0
s73,madeleine,71.0
s73,oatmealraisincookie,98.0
s73,petitécolier,65.0
s73,thumprintcookie,68.0
s73,sugarcookie,63.0
s73,vanillawafer,53.0
s73,chocolatewafer,87.0
s73,stroopwafel,19.0
s73,chocolatebark,37.0
s73,darkchocolate,99.0
s73,ferrerorocher,67.0
s73,kitkat,100.0
s73,milkchocolate,100.0
s73,pocky,5.0
s73,toblerone,69.0
s73,lindtlindorchocolatetruffle,81.0
s73,twix,96.0
s73,caramel,80.0
s73,gumdrops,80.0
s73,lolipop,41.0
s73,mms,29.0
s73,peanutmms,38.0
s73,brioche,34.0
s73,brownie,56.0
s73,frostedbrownie,95.0
s73,raisinspicecake,32.0
s73,fruitcake,22.0
s73,lemoncake,78.0
s74,orange,100.0
s74,apricot,100.0
s74,banana,100.0
s74,plum,99.0
s74,pineapple,100.0
s74,pear,100.0
s74,blackberry,100.0
s74,blueberry,100.0
s74,cantaloupe,100.0
s74,peach,100.0
s74,cherry,100.0
s74,mandarinorange,100.0
s74,raspberry,100.0
s74,apple,100.0
s74,grape,100.0
s74,nectarine,77.0
s74,greenapple,100.0
s74,greengrapes,100.0
s74,strawberry,100.0
s74,goldendeliciousapple,79.0
s74,honeydewmelon,91.0
s74,watermelon,100.0
s74,kiwi,100.0
s74,greenbellpepper,70.0
s74,carrot,77.0
s74,lettuce,84.0
s74,iceberglettuce,51.0
s74,peanuts,87.0
s74,almonds,100.0
s74,bread,67.0
s74,baguette,90.0
s74,slicedloafbread,2.0
s74,roll,69.0
s74,boulebread,71.0
s74,pretzel,99.0
s74,ryebread,75.0
s74,croissant,89.0
s74,deliturkey,1.0
s74,chickentenders,1.0
s74,meatballs,1.0
s74,gouda,1.0
s74,cheddarcheese,19.0
s74,swisscheese,8.0
s74,barbequechips,50.0
s74,potatochips,64.0
s74,tortillachips,72.0
s74,doritos,37.0
s74,ritzcracker,67.0
s74,saltinecracker,72.0
s74,wheatthins,89.0
s74,eggrolls,78.0
s74,frenchfries,85.0
s74,curlyfries,100.0
s74,popcorn,91.0
s74,butteredpopcorn,72.0
s74,triscuits,91.0
s74,pringles,77.0
s74,wavylays,65.0
s74,chocolateicecreamcone,31.0
s74,popsicle,1.0
s74,haagendazsicecreambar,30.0
s74,strawberryicecreamcone,100.0
s74,vanillasoftservecone,97.0
s74,blueberrymuffin,76.0
s74,banananutmuffin,62.0
s74,lemonpoppyseedmuffin,1.0
s74,nutrigrainbar,69.0
s74,grahamcracker,70.0
s74,churro,79.0
s74,twistdonut,74.0
s74,chocolatechipcookie,71.0
s74,tuilecookie,69.0
s74,madeleine,61.0
s74,oatmealraisincookie,43.0
s74,petitécolier,82.0
s74,thumprintcookie,15.0
s74,sugarcookie,24.0
s74,vanillawafer,30.0
s74,chocolatewafer,52.0
s74,stroopwafel,80.0
s74,chocolatebark,100.0
s74,darkchocolate,54.0
s74,ferrerorocher,100.0
s74,kitkat,62.0
s74,milkchocolate,54.0
s74,pocky,78.0
s74,toblerone,61.0
s74,lindtlindorchocolatetruffle,62.0
s74,twix,50.0
s74,caramel,1.0
s74,gumdrops,1.0
s74,lolipop,1.0
s74,mms,74.0
s74,peanutmms,60.0
s74,brioche,62.0
s74,brownie,50.0
s74,frostedbrownie,41.0
s74,raisinspicecake,25.0
s74,fruitcake,59.0
s74,lemoncake,1.0
s75,orange,88.0
s75,apricot,91.0
s75,banana,91.0
s75,plum,86.0
s75,pineapple,97.0
s75,pear,89.0
s75,blackberry,90.0
s75,blueberry,99.0
s75,cantaloupe,45.0
s75,peach,88.0
s75,cherry,91.0
s75,mandarinorange,88.0
s75,raspberry,95.0
s75,apple,93.0
s75,grape,26.0
s75,nectarine,87.0
s75,greenapple,86.0
s75,greengrapes,92.0
s75,strawberry,81.0
s75,goldendeliciousapple,91.0
s75,honeydewmelon,78.0
s75,watermelon,92.0
s75,kiwi,33.0
s75,greenbellpepper,83.0
s75,carrot,75.0
s75,lettuce,76.0
s75,iceberglettuce,90.0
s75,peanuts,90.0
s75,almonds,98.0
s75,bread,88.0
s75,baguette,89.0
s75,slicedloafbread,91.0
s75,roll,90.0
s75,boulebread,36.0
s75,pretzel,79.0
s75,ryebread,95.0
s75,croissant,82.0
s75,deliturkey,93.0
s75,chickentenders,87.0
s75,meatballs,35.0
s75,gouda,91.0
s75,cheddarcheese,91.0
s75,swisscheese,92.0
s75,barbequechips,78.0
s75,potatochips,77.0
s75,tortillachips,90.0
s75,doritos,71.0
s75,ritzcracker,88.0
s75,saltinecracker,93.0
s75,wheatthins,71.0
s75,eggrolls,97.0
s75,frenchfries,88.0
s75,curlyfries,87.0
s75,popcorn,71.0
s75,butteredpopcorn,89.0
s75,triscuits,97.0
s75,pringles,95.0
s75,wavylays,89.0
s75,chocolateicecreamcone,88.0
s75,popsicle,92.0
s75,haagendazsicecreambar,52.0
s75,strawberryicecreamcone,89.0
s75,vanillasoftservecone,92.0
s75,blueberrymuffin,89.0
s75,banananutmuffin,90.0
s75,lemonpoppyseedmuffin,91.0
s75,nutrigrainbar,95.0
s75,grahamcracker,93.0
s75,churro,89.0
s75,twistdonut,87.0
s75,chocolatechipcookie,84.0
s75,tuilecookie,94.0
s75,madeleine,91.0
s75,oatmealraisincookie,93.0
s75,petitécolier,88.0
s75,thumprintcookie,90.0
s75,sugarcookie,85.0
s75,vanillawafer,85.0
s75,chocolatewafer,87.0
s75,stroopwafel,86.0
s75,chocolatebark,80.0
s75,darkchocolate,88.0
s75,ferrerorocher,92.0
s75,kitkat,92.0
s75,milkchocolate,86.0
s75,pocky,85.0
s75,toblerone,90.0
s75,lindtlindorchocolatetruffle,83.0
s75,twix,85.0
s75,caramel,90.0
s75,gumdrops,30.0
s75,lolipop,93.0
s75,mms,41.0
s75,peanutmms,31.0
s75,brioche,88.0
s75,brownie,93.0
s75,frostedbrownie,80.0
s75,raisinspicecake,93.0
s75,fruitcake,88.0
s75,lemoncake,80.0
s76,orange,95.0
s76,apricot,63.0
s76,banana,82.0
s76,plum,66.0
s76,pineapple,95.0
s76,pear,92.0
s76,blackberry,97.0
s76,blueberry,93.0
s76,cantaloupe,36.0
s76,peach,73.0
s76,cherry,91.0
s76,mandarinorange,99.0
s76,raspberry,95.0
s76,apple,96.0
s76,grape,83.0
s76,nectarine,89.0
s76,greenapple,74.0
s76,greengrapes,89.0
s76,strawberry,98.0
s76,goldendeliciousapple,90.0
s76,honeydewmelon,52.0
s76,watermelon,93.0
s76,kiwi,75.0
s76,greenbellpepper,41.0
s76,carrot,67.0
s76,lettuce,59.0
s76,iceberglettuce,22.0
s76,peanuts,76.0
s76,almonds,74.0
s76,bread,22.0
s76,baguette,24.0
s76,slicedloafbread,14.0
s76,roll,22.0
s76,boulebread,39.0
s76,pretzel,14.0
s76,ryebread,20.0
s76,croissant,34.0
s76,deliturkey,82.0
s76,chickentenders,63.0
s76,meatballs,22.0
s76,gouda,35.0
s76,cheddarcheese,50.0
s76,swisscheese,51.0
s76,barbequechips,33.0
s76,potatochips,37.0
s76,tortillachips,36.0
s76,doritos,43.0
s76,ritzcracker,31.0
s76,saltinecracker,32.0
s76,wheatthins,35.0
s76,eggrolls,61.0
s76,frenchfries,51.0
s76,curlyfries,51.0
s76,popcorn,15.0
s76,butteredpopcorn,16.0
s76,triscuits,50.0
s76,pringles,29.0
s76,wavylays,49.0
s76,chocolateicecreamcone,6.0
s76,popsicle,5.0
s76,haagendazsicecreambar,50.0
s76,strawberryicecreamcone,22.0
s76,vanillasoftservecone,7.0
s76,blueberrymuffin,50.0
s76,banananutmuffin,42.0
s76,lemonpoppyseedmuffin,36.0
s76,nutrigrainbar,49.0
s76,grahamcracker,20.0
s76,churro,21.0
s76,twistdonut,18.0
s76,chocolatechipcookie,38.0
s76,tuilecookie,72.0
s76,madeleine,27.0
s76,oatmealraisincookie,41.0
s76,petitécolier,27.0
s76,thumprintcookie,20.0
s76,sugarcookie,29.0
s76,vanillawafer,15.0
s76,chocolatewafer,24.0
s76,stroopwafel,17.0
s76,chocolatebark,57.0
s76,darkchocolate,25.0
s76,ferrerorocher,66.0
s76,kitkat,64.0
s76,milkchocolate,43.0
s76,pocky,25.0
s76,toblerone,22.0
s76,lindtlindorchocolatetruffle,21.0
s76,twix,66.0
s76,caramel,12.0
s76,gumdrops,7.0
s76,lolipop,9.0
s76,mms,51.0
s76,peanutmms,38.0
s76,brioche,22.0
s76,brownie,52.0
s76,frostedbrownie,34.0
s76,raisinspicecake,29.0
s76,fruitcake,32.0
s76,lemoncake,8.0
s77,orange,97.0
s77,apricot,59.0
s77,banana,54.0
s77,plum,69.0
s77,pineapple,80.0
s77,pear,75.0
s77,blackberry,82.0
s77,blueberry,83.0
s77,cantaloupe,95.0
s77,peach,82.0
s77,cherry,83.0
s77,mandarinorange,86.0
s77,raspberry,95.0
s77,apple,83.0
s77,grape,88.0
s77,nectarine,38.0
s77,greenapple,78.0
s77,greengrapes,77.0
s77,strawberry,96.0
s77,goldendeliciousapple,86.0
s77,honeydewmelon,93.0
s77,watermelon,94.0
s77,kiwi,84.0
s77,greenbellpepper,27.0
s77,carrot,50.0
s77,lettuce,17.0
s77,iceberglettuce,15.0
s77,peanuts,73.0
s77,almonds,75.0
s77,bread,48.0
s77,baguette,59.0
s77,slicedloafbread,22.0
s77,roll,52.0
s77,boulebread,51.0
s77,pretzel,72.0
s77,ryebread,58.0
s77,croissant,72.0
s77,deliturkey,63.0
s77,chickentenders,70.0
s77,meatballs,66.0
s77,gouda,60.0
s77,cheddarcheese,80.0
s77,swisscheese,52.0
s77,barbequechips,83.0
s77,potatochips,84.0
s77,tortillachips,70.0
s77,doritos,70.0
s77,ritzcracker,26.0
s77,saltinecracker,56.0
s77,wheatthins,53.0
s77,eggrolls,55.0
s77,frenchfries,83.0
s77,curlyfries,73.0
s77,popcorn,73.0
s77,butteredpopcorn,67.0
s77,triscuits,52.0
s77,pringles,60.0
s77,wavylays,86.0
s77,chocolateicecreamcone,82.0
s77,popsicle,83.0
s77,haagendazsicecreambar,88.0
s77,strawberryicecreamcone,67.0
s77,vanillasoftservecone,83.0
s77,blueberrymuffin,39.0
s77,banananutmuffin,8.0
s77,lemonpoppyseedmuffin,15.0
s77,nutrigrainbar,34.0
s77,grahamcracker,74.0
s77,churro,59.0
s77,twistdonut,65.0
s77,chocolatechipcookie,70.0
s77,tuilecookie,62.0
s77,madeleine,17.0
s77,oatmealraisincookie,69.0
s77,petitécolier,72.0
s77,thumprintcookie,53.0
s77,sugarcookie,21.0
s77,vanillawafer,86.0
s77,chocolatewafer,89.0
s77,stroopwafel,53.0
s77,chocolatebark,80.0
s77,darkchocolate,76.0
s77,ferrerorocher,83.0
s77,kitkat,77.0
s77,milkchocolate,83.0
s77,pocky,24.0
s77,toblerone,82.0
s77,lindtlindorchocolatetruffle,84.0
s77,twix,87.0
s77,caramel,64.0
s77,gumdrops,46.0
s77,lolipop,36.0
s77,mms,63.0
s77,peanutmms,80.0
s77,brioche,41.0
s77,brownie,79.0
s77,frostedbrownie,73.0
s77,raisinspicecake,15.0
s77,fruitcake,12.0
s77,lemoncake,32.0
s78,orange,53.0
s78,apricot,3.0
s78,banana,99.0
s78,plum,11.0
s78,pineapple,33.0
s78,pear,23.0
s78,blackberry,51.0
s78,blueberry,50.0
s78,cantaloupe,28.0
s78,peach,5.0
s78,cherry,42.0
s78,mandarinorange,76.0
s78,raspberry,50.0
s78,apple,29.0
s78,grape,9.0
s78,nectarine,3.0
s78,greenapple,64.0
s78,greengrapes,31.0
s78,strawberry,50.0
s78,goldendeliciousapple,5.0
s78,honeydewmelon,97.0
s78,watermelon,66.0
s78,kiwi,9.0
s78,greenbellpepper,3.0
s78,carrot,7.0
s78,lettuce,3.0
s78,iceberglettuce,4.0
s78,peanuts,52.0
s78,almonds,26.0
s78,bread,3.0
s78,baguette,54.0
s78,slicedloafbread,61.0
s78,roll,8.0
s78,boulebread,3.0
s78,pretzel,72.0
s78,ryebread,6.0
s78,croissant,62.0
s78,deliturkey,50.0
s78,chickentenders,90.0
s78,meatballs,50.0
s78,gouda,59.0
s78,cheddarcheese,98.0
s78,swisscheese,99.0
s78,barbequechips,49.0
s78,potatochips,64.0
s78,tortillachips,36.0
s78,doritos,52.0
s78,ritzcracker,49.0
s78,saltinecracker,33.0
s78,wheatthins,21.0
s78,eggrolls,31.0
s78,frenchfries,5.0
s78,curlyfries,97.0
s78,popcorn,50.0
s78,butteredpopcorn,66.0
s78,triscuits,97.0
s78,pringles,52.0
s78,wavylays,50.0
s78,chocolateicecreamcone,64.0
s78,popsicle,80.0
s78,haagendazsicecreambar,94.0
s78,strawberryicecreamcone,50.0
s78,vanillasoftservecone,98.0
s78,blueberrymuffin,51.0
s78,banananutmuffin,51.0
s78,lemonpoppyseedmuffin,59.0
s78,nutrigrainbar,4.0
s78,grahamcracker,52.0
s78,churro,52.0
s78,twistdonut,65.0
s78,chocolatechipcookie,72.0
s78,tuilecookie,49.0
s78,madeleine,32.0
s78,oatmealraisincookie,4.0
s78,petitécolier,99.0
s78,thumprintcookie,34.0
s78,sugarcookie,65.0
s78,vanillawafer,51.0
s78,chocolatewafer,98.0
s78,stroopwafel,50.0
s78,chocolatebark,4.0
s78,darkchocolate,99.0
s78,ferrerorocher,51.0
s78,kitkat,99.0
s78,milkchocolate,5.0
s78,pocky,7.0
s78,toblerone,97.0
s78,lindtlindorchocolatetruffle,52.0
s78,twix,99.0
s78,caramel,96.0
s78,gumdrops,18.0
s78,lolipop,4.0
s78,mms,98.0
s78,peanutmms,82.0
s78,brioche,64.0
s78,brownie,98.0
s78,frostedbrownie,98.0
s78,raisinspicecake,52.0
s78,fruitcake,63.0
s78,lemoncake,65.0
s79,orange,68.0
s79,apricot,62.0
s79,banana,52.0
s79,plum,65.0
s79,pineapple,66.0
s79,pear,65.0
s79,blackberry,59.0
s79,blueberry,64.0
s79,cantaloupe,60.0
s79,peach,64.0
s79,cherry,68.0
s79,mandarinorange,67.0
s79,raspberry,64.0
s79,apple,65.0
s79,grape,66.0
s79,nectarine,60.0
s79,greenapple,64.0
s79,greengrapes,63.0
s79,strawberry,70.0
s79,goldendeliciousapple,72.0
s79,honeydewmelon,56.0
s79,watermelon,66.0
s79,kiwi,49.0
s79,greenbellpepper,39.0
s79,carrot,50.0
s79,lettuce,28.0
s79,iceberglettuce,14.0
s79,peanuts,54.0
s79,almonds,50.0
s79,bread,33.0
s79,baguette,34.0
s79,slicedloafbread,37.0
s79,roll,32.0
s79,boulebread,50.0
s79,pretzel,42.0
s79,ryebread,36.0
s79,croissant,40.0
s79,deliturkey,20.0
s79,chickentenders,25.0
s79,meatballs,30.0
s79,gouda,49.0
s79,cheddarcheese,52.0
s79,swisscheese,48.0
s79,barbequechips,37.0
s79,potatochips,29.0
s79,tortillachips,37.0
s79,doritos,28.0
s79,ritzcracker,44.0
s79,saltinecracker,35.0
s79,wheatthins,40.0
s79,eggrolls,39.0
s79,frenchfries,34.0
s79,curlyfries,23.0
s79,popcorn,32.0
s79,butteredpopcorn,27.0
s79,triscuits,30.0
s79,pringles,21.0
s79,wavylays,29.0
s79,chocolateicecreamcone,29.0
s79,popsicle,26.0
s79,haagendazsicecreambar,50.0
s79,strawberryicecreamcone,31.0
s79,vanillasoftservecone,29.0
s79,blueberrymuffin,46.0
s79,banananutmuffin,32.0
s79,lemonpoppyseedmuffin,36.0
s79,nutrigrainbar,33.0
s79,grahamcracker,39.0
s79,churro,23.0
s79,twistdonut,27.0
s79,chocolatechipcookie,27.0
s79,tuilecookie,38.0
s79,madeleine,30.0
s79,oatmealraisincookie,34.0
s79,petitécolier,47.0
s79,thumprintcookie,51.0
s79,sugarcookie,28.0
s79,vanillawafer,36.0
s79,chocolatewafer,41.0
s79,stroopwafel,40.0
s79,chocolatebark,29.0
s79,darkchocolate,52.0
s79,ferrerorocher,39.0
s79,kitkat,51.0
s79,milkchocolate,37.0
s79,pocky,53.0
s79,toblerone,30.0
s79,lindtlindorchocolatetruffle,41.0
s79,twix,45.0
s79,caramel,42.0
s79,gumdrops,7.0
s79,lolipop,36.0
s79,mms,17.0
s79,peanutmms,31.0
s79,brioche,44.0
s79,brownie,24.0
s79,frostedbrownie,38.0
s79,raisinspicecake,37.0
s79,fruitcake,25.0
s79,lemoncake,35.0
s80,orange,50.0
s80,apricot,29.0
s80,banana,68.0
s80,plum,39.0
s80,pineapple,70.0
s80,pear,62.0
s80,blackberry,16.0
s80,blueberry,20.0
s80,cantaloupe,42.0
s80,peach,17.0
s80,cherry,61.0
s80,mandarinorange,80.0
s80,raspberry,29.0
s80,apple,51.0
s80,grape,94.0
s80,nectarine,44.0
s80,greenapple,30.0
s80,greengrapes,96.0
s80,strawberry,77.0
s80,goldendeliciousapple,33.0
s80,honeydewmelon,64.0
s80,watermelon,96.0
s80,kiwi,27.0
s80,greenbellpepper,2.0
s80,carrot,16.0
s80,lettuce,5.0
s80,iceberglettuce,7.0
s80,peanuts,9.0
s80,almonds,37.0
s80,bread,6.0
s80,baguette,23.0
s80,slicedloafbread,19.0
s80,roll,6.0
s80,boulebread,12.0
s80,pretzel,37.0
s80,ryebread,28.0
s80,croissant,64.0
s80,deliturkey,16.0
s80,chickentenders,68.0
s80,meatballs,21.0
s80,gouda,18.0
s80,cheddarcheese,24.0
s80,swisscheese,33.0
s80,barbequechips,58.0
s80,potatochips,63.0
s80,tortillachips,53.0
s80,doritos,68.0
s80,ritzcracker,14.0
s80,saltinecracker,21.0
s80,wheatthins,12.0
s80,eggrolls,76.0
s80,frenchfries,73.0
s80,curlyfries,87.0
s80,popcorn,63.0
s80,butteredpopcorn,32.0
s80,triscuits,3.0
s80,pringles,70.0
s80,wavylays,66.0
s80,chocolateicecreamcone,67.0
s80,popsicle,1.0
s80,haagendazsicecreambar,61.0
s80,strawberryicecreamcone,56.0
s80,vanillasoftservecone,78.0
s80,blueberrymuffin,17.0
s80,banananutmuffin,7.0
s80,lemonpoppyseedmuffin,20.0
s80,nutrigrainbar,10.0
s80,grahamcracker,6.0
s80,churro,19.0
s80,twistdonut,27.0
s80,chocolatechipcookie,72.0
s80,tuilecookie,59.0
s80,madeleine,24.0
s80,oatmealraisincookie,10.0
s80,petitécolier,59.0
s80,thumprintcookie,49.0
s80,sugarcookie,68.0
s80,vanillawafer,25.0
s80,chocolatewafer,33.0
s80,stroopwafel,68.0
s80,chocolatebark,25.0
s80,darkchocolate,38.0
s80,ferrerorocher,49.0
s80,kitkat,52.0
s80,milkchocolate,58.0
s80,pocky,89.0
s80,toblerone,69.0
s80,lindtlindorchocolatetruffle,35.0
s80,twix,74.0
s80,caramel,13.0
s80,gumdrops,4.0
s80,lolipop,9.0
s80,mms,32.0
s80,peanutmms,14.0
s80,brioche,67.0
s80,brownie,22.0
s80,frostedbrownie,25.0
s80,raisinspicecake,7.0
s80,fruitcake,15.0
s80,lemoncake,12.0
s81,orange,58.0
s81,apricot,47.0
s81,banana,73.0
s81,plum,56.0
s81,pineapple,17.0
s81,pear,59.0
s81,blackberry,59.0
s81,blueberry,72.0
s81,cantaloupe,66.0
s81,peach,58.0
s81,cherry,62.0
s81,mandarinorange,70.0
s81,raspberry,74.0
s81,apple,70.0
s81,grape,79.0
s81,nectarine,63.0
s81,greenapple,39.0
s81,greengrapes,59.0
s81,strawberry,89.0
s81,goldendeliciousapple,40.0
s81,honeydewmelon,12.0
s81,watermelon,24.0
s81,kiwi,57.0
s81,greenbellpepper,68.0
s81,carrot,61.0
s81,lettuce,10.0
s81,iceberglettuce,14.0
s81,peanuts,20.0
s81,almonds,6.0
s81,bread,50.0
s81,baguette,52.0
s81,slicedloafbread,52.0
s81,roll,28.0
s81,boulebread,58.0
s81,pretzel,25.0
s81,ryebread,36.0
s81,croissant,62.0
s81,deliturkey,17.0
s81,chickentenders,77.0
s81,meatballs,50.0
s81,gouda,67.0
s81,cheddarcheese,65.0
s81,swisscheese,77.0
s81,barbequechips,2.0
s81,potatochips,30.0
s81,tortillachips,2.0
s81,doritos,1.0
s81,ritzcracker,21.0
s81,saltinecracker,14.0
s81,wheatthins,2.0
s81,eggrolls,61.0
s81,frenchfries,21.0
s81,curlyfries,20.0
s81,popcorn,13.0
s81,butteredpopcorn,59.0
s81,triscuits,3.0
s81,pringles,9.0
s81,wavylays,3.0
s81,chocolateicecreamcone,69.0
s81,popsicle,22.0
s81,haagendazsicecreambar,83.0
s81,strawberryicecreamcone,69.0
s81,vanillasoftservecone,92.0
s81,blueberrymuffin,74.0
s81,banananutmuffin,71.0
s81,lemonpoppyseedmuffin,69.0
s81,nutrigrainbar,5.0
s81,grahamcracker,31.0
s81,churro,26.0
s81,twistdonut,62.0
s81,chocolatechipcookie,56.0
s81,tuilecookie,35.0
s81,madeleine,17.0
s81,oatmealraisincookie,49.0
s81,petitécolier,36.0
s81,thumprintcookie,58.0
s81,sugarcookie,60.0
s81,vanillawafer,69.0
s81,chocolatewafer,74.0
s81,stroopwafel,42.0
s81,chocolatebark,70.0
s81,darkchocolate,74.0
s81,ferrerorocher,72.0
s81,kitkat,60.0
s81,milkchocolate,66.0
s81,pocky,30.0
s81,toblerone,46.0
s81,lindtlindorchocolatetruffle,68.0
s81,twix,75.0
s81,caramel,51.0
s81,gumdrops,37.0
s81,lolipop,1.0
s81,mms,63.0
s81,peanutmms,33.0
s81,brioche,69.0
s81,brownie,67.0
s81,frostedbrownie,75.0
s81,raisinspicecake,50.0
s81,fruitcake,44.0
s81,lemoncake,60.0
s82,orange,93.0
s82,apricot,50.0
s82,banana,32.0
s82,plum,94.0
s82,pineapple,100.0
s82,pear,1.0
s82,blackberry,33.0
s82,blueberry,1.0
s82,cantaloupe,85.0
s82,peach,59.0
s82,cherry,50.0
s82,mandarinorange,87.0
s82,raspberry,63.0
s82,apple,100.0
s82,grape,100.0
s82,nectarine,67.0
s82,greenapple,96.0
s82,greengrapes,100.0
s82,strawberry,86.0
s82,goldendeliciousapple,28.0
s82,honeydewmelon,79.0
s82,watermelon,80.0
s82,kiwi,76.0
s82,greenbellpepper,11.0
s82,carrot,60.0
s82,lettuce,63.0
s82,iceberglettuce,60.0
s82,peanuts,95.0
s82,almonds,100.0
s82,bread,39.0
s82,baguette,37.0
s82,slicedloafbread,38.0
s82,roll,36.0
s82,boulebread,67.0
s82,pretzel,1.0
s82,ryebread,64.0
s82,croissant,76.0
s82,deliturkey,1.0
s82,chickentenders,1.0
s82,meatballs,1.0
s82,gouda,12.0
s82,cheddarcheese,73.0
s82,swisscheese,21.0
s82,barbequechips,63.0
s82,potatochips,65.0
s82,tortillachips,1.0
s82,doritos,56.0
s82,ritzcracker,67.0
s82,saltinecracker,24.0
s82,wheatthins,31.0
s82,eggrolls,57.0
s82,frenchfries,36.0
s82,curlyfries,23.0
s82,popcorn,100.0
s82,butteredpopcorn,58.0
s82,triscuits,1.0
s82,pringles,87.0
s82,wavylays,65.0
s82,chocolateicecreamcone,65.0
s82,popsicle,93.0
s82,haagendazsicecreambar,60.0
s82,strawberryicecreamcone,61.0
s82,vanillasoftservecone,71.0
s82,blueberrymuffin,68.0
s82,banananutmuffin,50.0
s82,lemonpoppyseedmuffin,69.0
s82,nutrigrainbar,67.0
s82,grahamcracker,14.0
s82,churro,56.0
s82,twistdonut,58.0
s82,chocolatechipcookie,64.0
s82,tuilecookie,51.0
s82,madeleine,72.0
s82,oatmealraisincookie,1.0
s82,petitécolier,72.0
s82,thumprintcookie,1.0
s82,sugarcookie,67.0
s82,vanillawafer,35.0
s82,chocolatewafer,61.0
s82,stroopwafel,73.0
s82,chocolatebark,82.0
s82,darkchocolate,70.0
s82,ferrerorocher,82.0
s82,kitkat,88.0
s82,milkchocolate,69.0
s82,pocky,95.0
s82,toblerone,76.0
s82,lindtlindorchocolatetruffle,70.0
s82,twix,71.0
s82,caramel,1.0
s82,gumdrops,1.0
s82,lolipop,1.0
s82,mms,62.0
s82,peanutmms,100.0
s82,brioche,68.0
s82,brownie,62.0
s82,frostedbrownie,56.0
s82,raisinspicecake,1.0
s82,fruitcake,1.0
s82,lemoncake,28.0
s83,orange,77.0
s83,apricot,40.0
s83,banana,88.0
s83,plum,66.0
s83,pineapple,66.0
s83,pear,18.0
s83,blackberry,76.0
s83,blueberry,92.0
s83,cantaloupe,76.0
s83,peach,86.0
s83,cherry,72.0
s83,mandarinorange,79.0
s83,raspberry,55.0
s83,apple,11.0
s83,grape,91.0
s83,nectarine,80.0
s83,greenapple,15.0
s83,greengrapes,90.0
s83,strawberry,95.0
s83,goldendeliciousapple,20.0
s83,honeydewmelon,77.0
s83,watermelon,59.0
s83,kiwi,57.0
s83,greenbellpepper,32.0
s83,carrot,43.0
s83,lettuce,12.0
s83,iceberglettuce,7.0
s83,peanuts,50.0
s83,almonds,8.0
s83,bread,59.0
s83,baguette,89.0
s83,slicedloafbread,78.0
s83,roll,74.0
s83,boulebread,91.0
s83,pretzel,59.0
s83,ryebread,77.0
s83,croissant,23.0
s83,deliturkey,79.0
s83,chickentenders,83.0
s83,meatballs,75.0
s83,gouda,2.0
s83,cheddarcheese,2.0
s83,swisscheese,1.0
s83,barbequechips,62.0
s83,potatochips,98.0
s83,tortillachips,91.0
s83,doritos,2.0
s83,ritzcracker,91.0
s83,saltinecracker,59.0
s83,wheatthins,43.0
s83,eggrolls,74.0
s83,frenchfries,96.0
s83,curlyfries,88.0
s83,popcorn,78.0
s83,butteredpopcorn,64.0
s83,triscuits,22.0
s83,pringles,86.0
s83,wavylays,92.0
s83,chocolateicecreamcone,15.0
s83,popsicle,22.0
s83,haagendazsicecreambar,65.0
s83,strawberryicecreamcone,33.0
s83,vanillasoftservecone,59.0
s83,blueberrymuffin,8.0
s83,banananutmuffin,23.0
s83,lemonpoppyseedmuffin,22.0
s83,nutrigrainbar,4.0
s83,grahamcracker,9.0
s83,churro,41.0
s83,twistdonut,33.0
s83,chocolatechipcookie,13.0
s83,tuilecookie,27.0
s83,madeleine,6.0
s83,oatmealraisincookie,36.0
s83,petitécolier,4.0
s83,thumprintcookie,4.0
s83,sugarcookie,10.0
s83,vanillawafer,14.0
s83,chocolatewafer,12.0
s83,stroopwafel,29.0
s83,chocolatebark,15.0
s83,darkchocolate,10.0
s83,ferrerorocher,37.0
s83,kitkat,13.0
s83,milkchocolate,14.0
s83,pocky,51.0
s83,toblerone,6.0
s83,lindtlindorchocolatetruffle,7.0
s83,twix,4.0
s83,caramel,14.0
s83,gumdrops,4.0
s83,lolipop,2.0
s83,mms,38.0
s83,peanutmms,34.0
s83,brioche,66.0
s83,brownie,4.0
s83,frostedbrownie,2.0
s83,raisinspicecake,26.0
s83,fruitcake,24.0
s83,lemoncake,9.0
s84,orange,38.0
s84,apricot,71.0
s84,banana,85.0
s84,plum,66.0
s84,pineapple,60.0
s84,pear,83.0
s84,blackberry,70.0
s84,blueberry,71.0
s84,cantaloupe,77.0
s84,peach,57.0
s84,cherry,66.0
s84,mandarinorange,55.0
s84,raspberry,67.0
s84,apple,74.0
s84,grape,78.0
s84,nectarine,78.0
s84,greenapple,74.0
s84,greengrapes,71.0
s84,strawberry,84.0
s84,goldendeliciousapple,74.0
s84,honeydewmelon,61.0
s84,watermelon,66.0
s84,kiwi,56.0
s84,greenbellpepper,5.0
s84,carrot,77.0
s84,lettuce,61.0
s84,iceberglettuce,31.0
s84,peanuts,87.0
s84,almonds,1.0
s84,bread,42.0
s84,baguette,35.0
s84,slicedloafbread,35.0
s84,roll,51.0
s84,boulebread,21.0
s84,pretzel,40.0
s84,ryebread,40.0
s84,croissant,48.0
s84,deliturkey,60.0
s84,chickentenders,54.0
s84,meatballs,23.0
s84,gouda,51.0
s84,cheddarcheese,61.0
s84,swisscheese,46.0
s84,barbequechips,31.0
s84,potatochips,31.0
s84,tortillachips,43.0
s84,doritos,56.0
s84,ritzcracker,50.0
s84,saltinecracker,73.0
s84,wheatthins,71.0
s84,eggrolls,59.0
s84,frenchfries,37.0
s84,curlyfries,50.0
s84,popcorn,60.0
s84,butteredpopcorn,36.0
s84,triscuits,67.0
s84,pringles,74.0
s84,wavylays,38.0
s84,chocolateicecreamcone,50.0
s84,popsicle,29.0
s84,haagendazsicecreambar,22.0
s84,strawberryicecreamcone,19.0
s84,vanillasoftservecone,2.0
s84,blueberrymuffin,90.0
s84,banananutmuffin,84.0
s84,lemonpoppyseedmuffin,69.0
s84,nutrigrainbar,3.0
s84,grahamcracker,81.0
s84,churro,47.0
s84,twistdonut,27.0
s84,chocolatechipcookie,29.0
s84,tuilecookie,38.0
s84,madeleine,18.0
s84,oatmealraisincookie,58.0
s84,petitécolier,30.0
s84,thumprintcookie,35.0
s84,sugarcookie,50.0
s84,vanillawafer,1.0
s84,chocolatewafer,35.0
s84,stroopwafel,25.0
s84,chocolatebark,50.0
s84,darkchocolate,22.0
s84,ferrerorocher,15.0
s84,kitkat,42.0
s84,milkchocolate,5.0
s84,pocky,50.0
s84,toblerone,42.0
s84,lindtlindorchocolatetruffle,46.0
s84,twix,31.0
s84,caramel,19.0
s84,gumdrops,2.0
s84,lolipop,46.0
s84,mms,28.0
s84,peanutmms,19.0
s84,brioche,32.0
s84,brownie,41.0
s84,frostedbrownie,18.0
s84,raisinspicecake,1.0
s84,fruitcake,19.0
s84,lemoncake,5.0
s85,orange,89.0
s85,apricot,80.0
s85,banana,85.0
s85,plum,90.0
s85,pineapple,88.0
s85,pear,70.0
s85,blackberry,89.0
s85,blueberry,91.0
s85,cantaloupe,78.0
s85,peach,89.0
s85,cherry,76.0
s85,mandarinorange,74.0
s85,raspberry,98.0
s85,apple,37.0
s85,grape,88.0
s85,nectarine,78.0
s85,greenapple,64.0
s85,greengrapes,91.0
s85,strawberry,90.0
s85,goldendeliciousapple,67.0
s85,honeydewmelon,74.0
s85,watermelon,92.0
s85,kiwi,50.0
s85,greenbellpepper,49.0
s85,carrot,51.0
s85,lettuce,77.0
s85,iceberglettuce,34.0
s85,peanuts,20.0
s85,almonds,82.0
s85,bread,33.0
s85,baguette,65.0
s85,slicedloafbread,50.0
s85,roll,49.0
s85,boulebread,62.0
s85,pretzel,34.0
s85,ryebread,50.0
s85,croissant,89.0
s85,deliturkey,50.0
s85,chickentenders,94.0
s85,meatballs,29.0
s85,gouda,50.0
s85,cheddarcheese,70.0
s85,swisscheese,28.0
s85,barbequechips,79.0
s85,potatochips,68.0
s85,tortillachips,66.0
s85,doritos,81.0
s85,ritzcracker,50.0
s85,saltinecracker,50.0
s85,wheatthins,51.0
s85,eggrolls,63.0
s85,frenchfries,95.0
s85,curlyfries,94.0
s85,popcorn,80.0
s85,butteredpopcorn,82.0
s85,triscuits,50.0
s85,pringles,71.0
s85,wavylays,58.0
s85,chocolateicecreamcone,65.0
s85,popsicle,74.0
s85,haagendazsicecreambar,84.0
s85,strawberryicecreamcone,78.0
s85,vanillasoftservecone,62.0
s85,blueberrymuffin,86.0
s85,banananutmuffin,76.0
s85,lemonpoppyseedmuffin,60.0
s85,nutrigrainbar,52.0
s85,grahamcracker,50.0
s85,churro,78.0
s85,twistdonut,58.0
s85,chocolatechipcookie,62.0
s85,tuilecookie,50.0
s85,madeleine,50.0
s85,oatmealraisincookie,73.0
s85,petitécolier,51.0
s85,thumprintcookie,50.0
s85,sugarcookie,50.0
s85,vanillawafer,36.0
s85,chocolatewafer,37.0
s85,stroopwafel,36.0
s85,chocolatebark,37.0
s85,darkchocolate,74.0
s85,ferrerorocher,39.0
s85,kitkat,72.0
s85,milkchocolate,88.0
s85,pocky,50.0
s85,toblerone,50.0
s85,lindtlindorchocolatetruffle,58.0
s85,twix,80.0
s85,caramel,40.0
s85,gumdrops,28.0
s85,lolipop,35.0
s85,mms,62.0
s85,peanutmms,62.0
s85,brioche,50.0
s85,brownie,83.0
s85,frostedbrownie,77.0
s85,raisinspicecake,27.0
s85,fruitcake,58.0
s85,lemoncake,61.0
s86,orange,53.0
s86,apricot,57.0
s86,banana,84.0
s86,plum,94.0
s86,pineapple,94.0
s86,pear,87.0
s86,blackberry,98.0
s86,blueberry,89.0
s86,cantaloupe,59.0
s86,peach,99.0
s86,cherry,99.0
s86,mandarinorange,80.0
s86,raspberry,99.0
s86,apple,51.0
s86,grape,74.0
s86,nectarine,99.0
s86,greenapple,99.0
s86,greengrapes,97.0
s86,strawberry,99.0
s86,goldendeliciousapple,58.0
s86,honeydewmelon,28.0
s86,watermelon,74.0
s86,kiwi,98.0
s86,greenbellpepper,5.0
s86,carrot,47.0
s86,lettuce,9.0
s86,iceberglettuce,11.0
s86,peanuts,63.0
s86,almonds,95.0
s86,bread,49.0
s86,baguette,49.0
s86,slicedloafbread,56.0
s86,roll,21.0
s86,boulebread,50.0
s86,pretzel,99.0
s86,ryebread,41.0
s86,croissant,86.0
s86,deliturkey,1.0
s86,chickentenders,78.0
s86,meatballs,81.0
s86,gouda,50.0
s86,cheddarcheese,57.0
s86,swisscheese,36.0
s86,barbequechips,13.0
s86,potatochips,93.0
s86,tortillachips,33.0
s86,doritos,34.0
s86,ritzcracker,57.0
s86,saltinecracker,34.0
s86,wheatthins,41.0
s86,eggrolls,50.0
s86,frenchfries,73.0
s86,curlyfries,4.0
s86,popcorn,29.0
s86,butteredpopcorn,81.0
s86,triscuits,61.0
s86,pringles,49.0
s86,wavylays,74.0
s86,chocolateicecreamcone,90.0
s86,popsicle,96.0
s86,haagendazsicecreambar,24.0
s86,strawberryicecreamcone,99.0
s86,vanillasoftservecone,98.0
s86,blueberrymuffin,99.0
s86,banananutmuffin,57.0
s86,lemonpoppyseedmuffin,80.0
s86,nutrigrainbar,33.0
s86,grahamcracker,41.0
s86,churro,89.0
s86,twistdonut,57.0
s86,chocolatechipcookie,20.0
s86,tuilecookie,50.0
s86,madeleine,37.0
s86,oatmealraisincookie,78.0
s86,petitécolier,32.0
s86,thumprintcookie,11.0
s86,sugarcookie,38.0
s86,vanillawafer,28.0
s86,chocolatewafer,22.0
s86,stroopwafel,5.0
s86,chocolatebark,39.0
s86,darkchocolate,28.0
s86,ferrerorocher,27.0
s86,kitkat,26.0
s86,milkchocolate,27.0
s86,pocky,26.0
s86,toblerone,5.0
s86,lindtlindorchocolatetruffle,35.0
s86,twix,11.0
s86,caramel,88.0
s86,gumdrops,15.0
s86,lolipop,12.0
s86,mms,42.0
s86,peanutmms,37.0
s86,brioche,50.0
s86,brownie,29.0
s86,frostedbrownie,32.0
s86,raisinspicecake,8.0
s86,fruitcake,3.0
s86,lemoncake,25.0
s87,orange,84.0
s87,apricot,50.0
s87,banana,100.0
s87,plum,74.0
s87,pineapple,99.0
s87,pear,88.0
s87,blackberry,52.0
s87,blueberry,77.0
s87,cantaloupe,1.0
s87,peach,79.0
s87,cherry,97.0
s87,mandarinorange,92.0
s87,raspberry,86.0
s87,apple,74.0
s87,grape,100.0
s87,nectarine,100.0
s87,greenapple,90.0
s87,greengrapes,100.0
s87,strawberry,100.0
s87,goldendeliciousapple,55.0
s87,honeydewmelon,1.0
s87,watermelon,100.0
s87,kiwi,89.0
s87,greenbellpepper,85.0
s87,carrot,62.0
s87,lettuce,44.0
s87,iceberglettuce,49.0
s87,peanuts,1.0
s87,almonds,100.0
s87,bread,1.0
s87,baguette,39.0
s87,slicedloafbread,19.0
s87,roll,21.0
s87,boulebread,27.0
s87,pretzel,63.0
s87,ryebread,50.0
s87,croissant,57.0
s87,deliturkey,63.0
s87,chickentenders,96.0
s87,meatballs,4.0
s87,gouda,21.0
s87,cheddarcheese,86.0
s87,swisscheese,82.0
s87,barbequechips,77.0
s87,potatochips,84.0
s87,tortillachips,86.0
s87,doritos,82.0
s87,ritzcracker,100.0
s87,saltinecracker,57.0
s87,wheatthins,90.0
s87,eggrolls,93.0
s87,frenchfries,76.0
s87,curlyfries,87.0
s87,popcorn,77.0
s87,butteredpopcorn,1.0
s87,triscuits,86.0
s87,pringles,89.0
s87,wavylays,71.0
s87,chocolateicecreamcone,41.0
s87,popsicle,14.0
s87,haagendazsicecreambar,42.0
s87,strawberryicecreamcone,71.0
s87,vanillasoftservecone,59.0
s87,blueberrymuffin,1.0
s87,banananutmuffin,55.0
s87,lemonpoppyseedmuffin,8.0
s87,nutrigrainbar,78.0
s87,grahamcracker,51.0
s87,churro,23.0
s87,twistdonut,60.0
s87,chocolatechipcookie,65.0
s87,tuilecookie,14.0
s87,madeleine,20.0
s87,oatmealraisincookie,54.0
s87,petitécolier,55.0
s87,thumprintcookie,50.0
s87,sugarcookie,10.0
s87,vanillawafer,56.0
s87,chocolatewafer,69.0
s87,stroopwafel,20.0
s87,chocolatebark,1.0
s87,darkchocolate,70.0
s87,ferrerorocher,68.0
s87,kitkat,70.0
s87,milkchocolate,41.0
s87,pocky,58.0
s87,toblerone,72.0
s87,lindtlindorchocolatetruffle,40.0
s87,twix,29.0
s87,caramel,12.0
s87,gumdrops,38.0
s87,lolipop,1.0
s87,mms,64.0
s87,peanutmms,62.0
s87,brioche,61.0
s87,brownie,57.0
s87,frostedbrownie,7.0
s87,raisinspicecake,1.0
s87,fruitcake,62.0
s87,lemoncake,38.0
s88,orange,29.0
s88,apricot,50.0
s88,banana,57.0
s88,plum,63.0
s88,pineapple,91.0
s88,pear,50.0
s88,blackberry,68.0
s88,blueberry,61.0
s88,cantaloupe,4.0
s88,peach,63.0
s88,cherry,45.0
s88,mandarinorange,91.0
s88,raspberry,85.0
s88,apple,50.0
s88,grape,59.0
s88,nectarine,77.0
s88,greenapple,62.0
s88,greengrapes,65.0
s88,strawberry,79.0
s88,goldendeliciousapple,49.0
s88,honeydewmelon,3.0
s88,watermelon,9.0
s88,kiwi,98.0
s88,greenbellpepper,26.0
s88,carrot,60.0
s88,lettuce,50.0
s88,iceberglettuce,12.0
s88,peanuts,43.0
s88,almonds,55.0
s88,bread,57.0
s88,baguette,68.0
s88,slicedloafbread,50.0
s88,roll,42.0
s88,boulebread,67.0
s88,pretzel,83.0
s88,ryebread,49.0
s88,croissant,67.0
s88,deliturkey,50.0
s88,chickentenders,98.0
s88,meatballs,51.0
s88,gouda,49.0
s88,cheddarcheese,77.0
s88,swisscheese,43.0
s88,barbequechips,47.0
s88,potatochips,46.0
s88,tortillachips,27.0
s88,doritos,42.0
s88,ritzcracker,50.0
s88,saltinecracker,27.0
s88,wheatthins,50.0
s88,eggrolls,61.0
s88,frenchfries,60.0
s88,curlyfries,74.0
s88,popcorn,51.0
s88,butteredpopcorn,39.0
s88,triscuits,2.0
s88,pringles,56.0
s88,wavylays,41.0
s88,chocolateicecreamcone,53.0
s88,popsicle,33.0
s88,haagendazsicecreambar,49.0
s88,strawberryicecreamcone,50.0
s88,vanillasoftservecone,70.0
s88,blueberrymuffin,45.0
s88,banananutmuffin,45.0
s88,lemonpoppyseedmuffin,57.0
s88,nutrigrainbar,16.0
s88,grahamcracker,38.0
s88,churro,67.0
s88,twistdonut,59.0
s88,chocolatechipcookie,56.0
s88,tuilecookie,50.0
s88,madeleine,34.0
s88,oatmealraisincookie,50.0
s88,petitécolier,43.0
s88,thumprintcookie,40.0
s88,sugarcookie,54.0
s88,vanillawafer,35.0
s88,chocolatewafer,43.0
s88,stroopwafel,48.0
s88,chocolatebark,73.0
s88,darkchocolate,70.0
s88,ferrerorocher,49.0
s88,kitkat,64.0
s88,milkchocolate,61.0
s88,pocky,47.0
s88,toblerone,65.0
s88,lindtlindorchocolatetruffle,52.0
s88,twix,59.0
s88,caramel,49.0
s88,gumdrops,17.0
s88,lolipop,1.0
s88,mms,39.0
s88,peanutmms,49.0
s88,brioche,63.0
s88,brownie,42.0
s88,frostedbrownie,45.0
s88,raisinspicecake,26.0
s88,fruitcake,43.0
s88,lemoncake,23.0
s89,orange,88.0
s89,apricot,76.0
s89,banana,85.0
s89,plum,79.0
s89,pineapple,80.0
s89,pear,92.0
s89,blackberry,85.0
s89,blueberry,75.0
s89,cantaloupe,87.0
s89,peach,87.0
s89,cherry,81.0
s89,mandarinorange,80.0
s89,raspberry,83.0
s89,apple,77.0
s89,grape,91.0
s89,nectarine,86.0
s89,greenapple,84.0
s89,greengrapes,88.0
s89,strawberry,82.0
s89,goldendeliciousapple,91.0
s89,honeydewmelon,55.0
s89,watermelon,96.0
s89,kiwi,86.0
s89,greenbellpepper,15.0
s89,carrot,37.0
s89,lettuce,10.0
s89,iceberglettuce,16.0
s89,peanuts,34.0
s89,almonds,41.0
s89,bread,33.0
s89,baguette,27.0
s89,slicedloafbread,57.0
s89,roll,55.0
s89,boulebread,60.0
s89,pretzel,53.0
s89,ryebread,50.0
s89,croissant,52.0
s89,deliturkey,64.0
s89,chickentenders,91.0
s89,meatballs,87.0
s89,gouda,39.0
s89,cheddarcheese,60.0
s89,swisscheese,53.0
s89,barbequechips,71.0
s89,potatochips,62.0
s89,tortillachips,60.0
s89,doritos,64.0
s89,ritzcracker,50.0
s89,saltinecracker,43.0
s89,wheatthins,59.0
s89,eggrolls,48.0
s89,frenchfries,93.0
s89,curlyfries,73.0
s89,popcorn,64.0
s89,butteredpopcorn,81.0
s89,triscuits,34.0
s89,pringles,80.0
s89,wavylays,77.0
s89,chocolateicecreamcone,91.0
s89,popsicle,58.0
s89,haagendazsicecreambar,83.0
s89,strawberryicecreamcone,86.0
s89,vanillasoftservecone,96.0
s89,blueberrymuffin,75.0
s89,banananutmuffin,21.0
s89,lemonpoppyseedmuffin,14.0
s89,nutrigrainbar,74.0
s89,grahamcracker,33.0
s89,churro,26.0
s89,twistdonut,57.0
s89,chocolatechipcookie,74.0
s89,tuilecookie,74.0
s89,madeleine,93.0
s89,oatmealraisincookie,76.0
s89,petitécolier,67.0
s89,thumprintcookie,75.0
s89,sugarcookie,86.0
s89,vanillawafer,87.0
s89,chocolatewafer,83.0
s89,stroopwafel,65.0
s89,chocolatebark,71.0
s89,darkchocolate,76.0
s89,ferrerorocher,70.0
s89,kitkat,84.0
s89,milkchocolate,85.0
s89,pocky,28.0
s89,toblerone,88.0
s89,lindtlindorchocolatetruffle,75.0
s89,twix,78.0
s89,caramel,84.0
s89,gumdrops,88.0
s89,lolipop,61.0
s89,mms,79.0
s89,peanutmms,95.0
s89,brioche,69.0
s89,brownie,70.0
s89,frostedbrownie,72.0
s89,raisinspicecake,58.0
s89,fruitcake,26.0
s89,lemoncake,78.0
s90,orange,95.0
s90,apricot,50.0
s90,banana,99.0
s90,plum,62.0
s90,pineapple,99.0
s90,pear,69.0
s90,blackberry,67.0
s90,blueberry,85.0
s90,cantaloupe,57.0
s90,peach,40.0
s90,cherry,76.0
s90,mandarinorange,97.0
s90,raspberry,57.0
s90,apple,97.0
s90,grape,99.0
s90,nectarine,67.0
s90,greenapple,99.0
s90,greengrapes,99.0
s90,strawberry,84.0
s90,goldendeliciousapple,69.0
s90,honeydewmelon,38.0
s90,watermelon,99.0
s90,kiwi,71.0
s90,greenbellpepper,7.0
s90,carrot,89.0
s90,lettuce,20.0
s90,iceberglettuce,13.0
s90,peanuts,89.0
s90,almonds,80.0
s90,bread,58.0
s90,baguette,58.0
s90,slicedloafbread,50.0
s90,roll,61.0
s90,boulebread,56.0
s90,pretzel,56.0
s90,ryebread,54.0
s90,croissant,77.0
s90,deliturkey,65.0
s90,chickentenders,99.0
s90,meatballs,92.0
s90,gouda,50.0
s90,cheddarcheese,71.0
s90,swisscheese,77.0
s90,barbequechips,2.0
s90,potatochips,5.0
s90,tortillachips,3.0
s90,doritos,4.0
s90,ritzcracker,33.0
s90,saltinecracker,26.0
s90,wheatthins,23.0
s90,eggrolls,100.0
s90,frenchfries,8.0
s90,curlyfries,6.0
s90,popcorn,73.0
s90,butteredpopcorn,37.0
s90,triscuits,6.0
s90,pringles,1.0
s90,wavylays,2.0
s90,chocolateicecreamcone,43.0
s90,popsicle,2.0
s90,haagendazsicecreambar,59.0
s90,strawberryicecreamcone,5.0
s90,vanillasoftservecone,41.0
s90,blueberrymuffin,59.0
s90,banananutmuffin,61.0
s90,lemonpoppyseedmuffin,31.0
s90,nutrigrainbar,83.0
s90,grahamcracker,36.0
s90,churro,15.0
s90,twistdonut,44.0
s90,chocolatechipcookie,64.0
s90,tuilecookie,50.0
s90,madeleine,49.0
s90,oatmealraisincookie,70.0
s90,petitécolier,40.0
s90,thumprintcookie,28.0
s90,sugarcookie,30.0
s90,vanillawafer,46.0
s90,chocolatewafer,72.0
s90,stroopwafel,39.0
s90,chocolatebark,12.0
s90,darkchocolate,16.0
s90,ferrerorocher,59.0
s90,kitkat,88.0
s90,milkchocolate,10.0
s90,pocky,72.0
s90,toblerone,1.0
s90,lindtlindorchocolatetruffle,9.0
s90,twix,100.0
s90,caramel,4.0
s90,gumdrops,1.0
s90,lolipop,1.0
s90,mms,58.0
s90,peanutmms,70.0
s90,brioche,67.0
s90,brownie,37.0
s90,frostedbrownie,43.0
s90,raisinspicecake,69.0
s90,fruitcake,59.0
s90,lemoncake,43.0
s91,orange,17.0
s91,apricot,33.0
s91,banana,93.0
s91,plum,14.0
s91,pineapple,83.0
s91,pear,50.0
s91,blackberry,79.0
s91,blueberry,100.0
s91,cantaloupe,49.0
s91,peach,60.0
s91,cherry,100.0
s91,mandarinorange,26.0
s91,raspberry,93.0
s91,apple,99.0
s91,grape,91.0
s91,nectarine,50.0
s91,greenapple,50.0
s91,greengrapes,1.0
s91,strawberry,100.0
s91,goldendeliciousapple,100.0
s91,honeydewmelon,51.0
s91,watermelon,65.0
s91,kiwi,46.0
s91,greenbellpepper,1.0
s91,carrot,21.0
s91,lettuce,49.0
s91,iceberglettuce,3.0
s91,peanuts,89.0
s91,almonds,99.0
s91,bread,78.0
s91,baguette,100.0
s91,slicedloafbread,97.0
s91,roll,86.0
s91,boulebread,95.0
s91,pretzel,100.0
s91,ryebread,94.0
s91,croissant,75.0
s91,deliturkey,1.0
s91,chickentenders,100.0
s91,meatballs,9.0
s91,gouda,1.0
s91,cheddarcheese,76.0
s91,swisscheese,76.0
s91,barbequechips,24.0
s91,potatochips,3.0
s91,tortillachips,3.0
s91,doritos,50.0
s91,ritzcracker,50.0
s91,saltinecracker,50.0
s91,wheatthins,50.0
s91,eggrolls,50.0
s91,frenchfries,92.0
s91,curlyfries,82.0
s91,popcorn,100.0
s91,butteredpopcorn,94.0
s91,triscuits,96.0
s91,pringles,1.0
s91,wavylays,1.0
s91,chocolateicecreamcone,89.0
s91,popsicle,1.0
s91,haagendazsicecreambar,77.0
s91,strawberryicecreamcone,78.0
s91,vanillasoftservecone,99.0
s91,blueberrymuffin,99.0
s91,banananutmuffin,98.0
s91,lemonpoppyseedmuffin,2.0
s91,nutrigrainbar,70.0
s91,grahamcracker,51.0
s91,churro,6.0
s91,twistdonut,94.0
s91,chocolatechipcookie,100.0
s91,tuilecookie,30.0
s91,madeleine,11.0
s91,oatmealraisincookie,100.0
s91,petitécolier,77.0
s91,thumprintcookie,75.0
s91,sugarcookie,100.0
s91,vanillawafer,99.0
s91,chocolatewafer,98.0
s91,stroopwafel,24.0
s91,chocolatebark,74.0
s91,darkchocolate,97.0
s91,ferrerorocher,85.0
s91,kitkat,100.0
s91,milkchocolate,97.0
s91,pocky,100.0
s91,toblerone,74.0
s91,lindtlindorchocolatetruffle,100.0
s91,twix,96.0
s91,caramel,1.0
s91,gumdrops,2.0
s91,lolipop,1.0
s91,mms,100.0
s91,peanutmms,100.0
s91,brioche,100.0
s91,brownie,100.0
s91,frostedbrownie,100.0
s91,raisinspicecake,79.0
s91,fruitcake,88.0
s91,lemoncake,99.0
s92,orange,37.0
s92,apricot,96.0
s92,banana,90.0
s92,plum,96.0
s92,pineapple,51.0
s92,pear,26.0
s92,blackberry,74.0
s92,blueberry,76.0
s92,cantaloupe,4.0
s92,peach,94.0
s92,cherry,96.0
s92,mandarinorange,85.0
s92,raspberry,80.0
s92,apple,78.0
s92,grape,92.0
s92,nectarine,87.0
s92,greenapple,87.0
s92,greengrapes,78.0
s92,strawberry,79.0
s92,goldendeliciousapple,51.0
s92,honeydewmelon,6.0
s92,watermelon,93.0
s92,kiwi,35.0
s92,greenbellpepper,6.0
s92,carrot,69.0
s92,lettuce,69.0
s92,iceberglettuce,73.0
s92,peanuts,78.0
s92,almonds,75.0
s92,bread,81.0
s92,baguette,63.0
s92,slicedloafbread,30.0
s92,roll,74.0
s92,boulebread,71.0
s92,pretzel,52.0
s92,ryebread,78.0
s92,croissant,23.0
s92,deliturkey,51.0
s92,chickentenders,95.0
s92,meatballs,51.0
s92,gouda,81.0
s92,cheddarcheese,91.0
s92,swisscheese,65.0
s92,barbequechips,63.0
s92,potatochips,77.0
s92,tortillachips,50.0
s92,doritos,63.0
s92,ritzcracker,92.0
s92,saltinecracker,68.0
s92,wheatthins,89.0
s92,eggrolls,95.0
s92,frenchfries,43.0
s92,curlyfries,66.0
s92,popcorn,71.0
s92,butteredpopcorn,50.0
s92,triscuits,25.0
s92,pringles,29.0
s92,wavylays,91.0
s92,chocolateicecreamcone,80.0
s92,popsicle,10.0
s92,haagendazsicecreambar,82.0
s92,strawberryicecreamcone,11.0
s92,vanillasoftservecone,33.0
s92,blueberrymuffin,33.0
s92,banananutmuffin,11.0
s92,lemonpoppyseedmuffin,27.0
s92,nutrigrainbar,4.0
s92,grahamcracker,12.0
s92,churro,50.0
s92,twistdonut,36.0
s92,chocolatechipcookie,96.0
s92,tuilecookie,11.0
s92,madeleine,25.0
s92,oatmealraisincookie,51.0
s92,petitécolier,22.0
s92,thumprintcookie,30.0
s92,sugarcookie,26.0
s92,vanillawafer,9.0
s92,chocolatewafer,42.0
s92,stroopwafel,35.0
s92,chocolatebark,50.0
s92,darkchocolate,99.0
s92,ferrerorocher,19.0
s92,kitkat,70.0
s92,milkchocolate,67.0
s92,pocky,29.0
s92,toblerone,25.0
s92,lindtlindorchocolatetruffle,78.0
s92,twix,90.0
s92,caramel,31.0
s92,gumdrops,8.0
s92,lolipop,7.0
s92,mms,67.0
s92,peanutmms,70.0
s92,brioche,50.0
s92,brownie,62.0
s92,frostedbrownie,68.0
s92,raisinspicecake,13.0
s92,fruitcake,33.0
s92,lemoncake,26.0
s93,orange,85.0
s93,apricot,98.0
s93,banana,16.0
s93,plum,97.0
s93,pineapple,99.0
s93,pear,99.0
s93,blackberry,100.0
s93,blueberry,100.0
s93,cantaloupe,77.0
s93,peach,89.0
s93,cherry,100.0
s93,mandarinorange,94.0
s93,raspberry,99.0
s93,apple,91.0
s93,grape,98.0
s93,nectarine,99.0
s93,greenapple,100.0
s93,greengrapes,96.0
s93,strawberry,100.0
s93,goldendeliciousapple,90.0
s93,honeydewmelon,79.0
s93,watermelon,52.0
s93,kiwi,70.0
s93,greenbellpepper,19.0
s93,carrot,62.0
s93,lettuce,69.0
s93,iceberglettuce,79.0
s93,peanuts,92.0
s93,almonds,100.0
s93,bread,63.0
s93,baguette,58.0
s93,slicedloafbread,50.0
s93,roll,62.0
s93,boulebread,72.0
s93,pretzel,73.0
s93,ryebread,60.0
s93,croissant,60.0
s93,deliturkey,91.0
s93,chickentenders,67.0
s93,meatballs,50.0
s93,gouda,92.0
s93,cheddarcheese,97.0
s93,swisscheese,96.0
s93,barbequechips,79.0
s93,potatochips,67.0
s93,tortillachips,71.0
s93,doritos,54.0
s93,ritzcracker,22.0
s93,saltinecracker,50.0
s93,wheatthins,43.0
s93,eggrolls,47.0
s93,frenchfries,70.0
s93,curlyfries,88.0
s93,popcorn,89.0
s93,butteredpopcorn,13.0
s93,triscuits,81.0
s93,pringles,47.0
s93,wavylays,70.0
s93,chocolateicecreamcone,96.0
s93,popsicle,62.0
s93,haagendazsicecreambar,82.0
s93,strawberryicecreamcone,75.0
s93,vanillasoftservecone,92.0
s93,blueberrymuffin,44.0
s93,banananutmuffin,39.0
s93,lemonpoppyseedmuffin,58.0
s93,nutrigrainbar,24.0
s93,grahamcracker,60.0
s93,churro,44.0
s93,twistdonut,8.0
s93,chocolatechipcookie,69.0
s93,tuilecookie,64.0
s93,madeleine,77.0
s93,oatmealraisincookie,45.0
s93,petitécolier,95.0
s93,thumprintcookie,82.0
s93,sugarcookie,52.0
s93,vanillawafer,56.0
s93,chocolatewafer,56.0
s93,stroopwafel,15.0
s93,chocolatebark,86.0
s93,darkchocolate,99.0
s93,ferrerorocher,43.0
s93,kitkat,58.0
s93,milkchocolate,97.0
s93,pocky,76.0
s93,toblerone,67.0
s93,lindtlindorchocolatetruffle,85.0
s93,twix,61.0
s93,caramel,61.0
s93,gumdrops,16.0
s93,lolipop,25.0
s93,mms,51.0
s93,peanutmms,58.0
s93,brioche,51.0
s93,brownie,98.0
s93,frostedbrownie,97.0
s93,raisinspicecake,18.0
s93,fruitcake,50.0
s93,lemoncake,44.0
s94,orange,19.0
s94,apricot,38.0
s94,banana,55.0
s94,plum,31.0
s94,pineapple,23.0
s94,pear,21.0
s94,blackberry,19.0
s94,blueberry,22.0
s94,cantaloupe,34.0
s94,peach,24.0
s94,cherry,22.0
s94,mandarinorange,14.0
s94,raspberry,16.0
s94,apple,15.0
s94,grape,22.0
s94,nectarine,29.0
s94,greenapple,26.0
s94,greengrapes,23.0
s94,strawberry,20.0
s94,goldendeliciousapple,35.0
s94,honeydewmelon,52.0
s94,watermelon,16.0
s94,kiwi,55.0
s94,greenbellpepper,11.0
s94,carrot,24.0
s94,lettuce,18.0
s94,iceberglettuce,14.0
s94,peanuts,28.0
s94,almonds,19.0
s94,bread,49.0
s94,baguette,50.0
s94,slicedloafbread,63.0
s94,roll,22.0
s94,boulebread,48.0
s94,pretzel,19.0
s94,ryebread,28.0
s94,croissant,93.0
s94,deliturkey,59.0
s94,chickentenders,98.0
s94,meatballs,67.0
s94,gouda,46.0
s94,cheddarcheese,60.0
s94,swisscheese,56.0
s94,barbequechips,76.0
s94,potatochips,72.0
s94,tortillachips,37.0
s94,doritos,66.0
s94,ritzcracker,37.0
s94,saltinecracker,25.0
s94,wheatthins,41.0
s94,eggrolls,31.0
s94,frenchfries,77.0
s94,curlyfries,87.0
s94,popcorn,62.0
s94,butteredpopcorn,71.0
s94,triscuits,29.0
s94,pringles,31.0
s94,wavylays,78.0
s94,chocolateicecreamcone,71.0
s94,popsicle,48.0
s94,haagendazsicecreambar,50.0
s94,strawberryicecreamcone,50.0
s94,vanillasoftservecone,66.0
s94,blueberrymuffin,51.0
s94,banananutmuffin,25.0
s94,lemonpoppyseedmuffin,21.0
s94,nutrigrainbar,26.0
s94,grahamcracker,22.0
s94,churro,68.0
s94,twistdonut,51.0
s94,chocolatechipcookie,73.0
s94,tuilecookie,19.0
s94,madeleine,25.0
s94,oatmealraisincookie,24.0
s94,petitécolier,43.0
s94,thumprintcookie,16.0
s94,sugarcookie,36.0
s94,vanillawafer,21.0
s94,chocolatewafer,45.0
s94,stroopwafel,29.0
s94,chocolatebark,31.0
s94,darkchocolate,45.0
s94,ferrerorocher,49.0
s94,kitkat,79.0
s94,milkchocolate,74.0
s94,pocky,16.0
s94,toblerone,52.0
s94,lindtlindorchocolatetruffle,65.0
s94,twix,75.0
s94,caramel,30.0
s94,gumdrops,22.0
s94,lolipop,25.0
s94,mms,77.0
s94,peanutmms,80.0
s94,brioche,49.0
s94,brownie,87.0
s94,frostedbrownie,76.0
s94,raisinspicecake,12.0
s94,fruitcake,18.0
s94,lemoncake,49.0
s95,orange,99.0
s95,apricot,58.0
s95,banana,90.0
s95,plum,66.0
s95,pineapple,100.0
s95,pear,55.0
s95,blackberry,62.0
s95,blueberry,47.0
s95,cantaloupe,33.0
s95,peach,61.0
s95,cherry,56.0
s95,mandarinorange,100.0
s95,raspberry,56.0
s95,apple,100.0
s95,grape,100.0
s95,nectarine,66.0
s95,greenapple,99.0
s95,greengrapes,100.0
s95,strawberry,100.0
s95,goldendeliciousapple,70.0
s95,honeydewmelon,47.0
s95,watermelon,1.0
s95,kiwi,51.0
s95,greenbellpepper,51.0
s95,carrot,1.0
s95,lettuce,91.0
s95,iceberglettuce,46.0
s95,peanuts,47.0
s95,almonds,1.0
s95,bread,34.0
s95,baguette,34.0
s95,slicedloafbread,26.0
s95,roll,36.0
s95,boulebread,42.0
s95,pretzel,8.0
s95,ryebread,32.0
s95,croissant,41.0
s95,deliturkey,56.0
s95,chickentenders,24.0
s95,meatballs,43.0
s95,gouda,37.0
s95,cheddarcheese,68.0
s95,swisscheese,70.0
s95,barbequechips,10.0
s95,potatochips,29.0
s95,tortillachips,17.0
s95,doritos,11.0
s95,ritzcracker,26.0
s95,saltinecracker,32.0
s95,wheatthins,44.0
s95,eggrolls,55.0
s95,frenchfries,16.0
s95,curlyfries,25.0
s95,popcorn,25.0
s95,butteredpopcorn,40.0
s95,triscuits,20.0
s95,pringles,11.0
s95,wavylays,24.0
s95,chocolateicecreamcone,1.0
s95,popsicle,1.0
s95,haagendazsicecreambar,10.0
s95,strawberryicecreamcone,17.0
s95,vanillasoftservecone,1.0
s95,blueberrymuffin,33.0
s95,banananutmuffin,41.0
s95,lemonpoppyseedmuffin,13.0
s95,nutrigrainbar,47.0
s95,grahamcracker,27.0
s95,churro,17.0
s95,twistdonut,29.0
s95,chocolatechipcookie,22.0
s95,tuilecookie,20.0
s95,madeleine,36.0
s95,oatmealraisincookie,62.0
s95,petitécolier,29.0
s95,thumprintcookie,24.0
s95,sugarcookie,34.0
s95,vanillawafer,9.0
s95,chocolatewafer,39.0
s95,stroopwafel,39.0
s95,chocolatebark,51.0
s95,darkchocolate,41.0
s95,ferrerorocher,51.0
s95,kitkat,12.0
s95,milkchocolate,30.0
s95,pocky,40.0
s95,toblerone,41.0
s95,lindtlindorchocolatetruffle,28.0
s95,twix,16.0
s95,caramel,51.0
s95,gumdrops,16.0
s95,lolipop,1.0
s95,mms,7.0
s95,peanutmms,8.0
s95,brioche,51.0
s95,brownie,18.0
s95,frostedbrownie,21.0
s95,raisinspicecake,50.0
s95,fruitcake,29.0
s95,lemoncake,10.0
s96,orange,87.0
s96,apricot,93.0
s96,banana,98.0
s96,plum,79.0
s96,pineapple,82.0
s96,pear,69.0
s96,blackberry,93.0
s96,blueberry,73.0
s96,cantaloupe,85.0
s96,peach,91.0
s96,cherry,84.0
s96,mandarinorange,83.0
s96,raspberry,72.0
s96,apple,93.0
s96,grape,96.0
s96,nectarine,68.0
s96,greenapple,84.0
s96,greengrapes,93.0
s96,strawberry,76.0
s96,goldendeliciousapple,84.0
s96,honeydewmelon,66.0
s96,watermelon,89.0
s96,kiwi,24.0
s96,greenbellpepper,76.0
s96,carrot,91.0
s96,lettuce,86.0
s96,iceberglettuce,84.0
s96,peanuts,87.0
s96,almonds,90.0
s96,bread,68.0
s96,baguette,18.0
s96,slicedloafbread,86.0
s96,roll,58.0
s96,boulebread,52.0
s96,pretzel,74.0
s96,ryebread,51.0
s96,croissant,32.0
s96,deliturkey,35.0
s96,chickentenders,85.0
s96,meatballs,73.0
s96,gouda,80.0
s96,cheddarcheese,47.0
s96,swisscheese,32.0
s96,barbequechips,83.0
s96,potatochips,79.0
s96,tortillachips,73.0
s96,doritos,86.0
s96,ritzcracker,75.0
s96,saltinecracker,91.0
s96,wheatthins,93.0
s96,eggrolls,84.0
s96,frenchfries,77.0
s96,curlyfries,76.0
s96,popcorn,89.0
s96,butteredpopcorn,80.0
s96,triscuits,40.0
s96,pringles,87.0
s96,wavylays,84.0
s96,chocolateicecreamcone,87.0
s96,popsicle,31.0
s96,haagendazsicecreambar,94.0
s96,strawberryicecreamcone,92.0
s96,vanillasoftservecone,87.0
s96,blueberrymuffin,76.0
s96,banananutmuffin,77.0
s96,lemonpoppyseedmuffin,84.0
s96,nutrigrainbar,85.0
s96,grahamcracker,69.0
s96,churro,6.0
s96,twistdonut,86.0
s96,chocolatechipcookie,86.0
s96,tuilecookie,80.0
s96,madeleine,75.0
s96,oatmealraisincookie,98.0
s96,petitécolier,90.0
s96,thumprintcookie,76.0
s96,sugarcookie,83.0
s96,vanillawafer,79.0
s96,chocolatewafer,82.0
s96,stroopwafel,83.0
s96,chocolatebark,87.0
s96,darkchocolate,81.0
s96,ferrerorocher,84.0
s96,kitkat,89.0
s96,milkchocolate,97.0
s96,pocky,11.0
s96,toblerone,88.0
s96,lindtlindorchocolatetruffle,64.0
s96,twix,79.0
s96,caramel,72.0
s96,gumdrops,76.0
s96,lolipop,73.0
s96,mms,86.0
s96,peanutmms,80.0
s96,brioche,78.0
s96,brownie,70.0
s96,frostedbrownie,88.0
s96,raisinspicecake,88.0
s96,fruitcake,70.0
s96,lemoncake,81.0
s97,orange,92.0
s97,apricot,90.0
s97,banana,95.0
s97,plum,81.0
s97,pineapple,94.0
s97,pear,81.0
s97,blackberry,90.0
s97,blueberry,93.0
s97,cantaloupe,32.0
s97,peach,93.0
s97,cherry,93.0
s97,mandarinorange,98.0
s97,raspberry,88.0
s97,apple,92.0
s97,grape,73.0
s97,nectarine,92.0
s97,greenapple,93.0
s97,greengrapes,93.0
s97,strawberry,94.0
s97,goldendeliciousapple,86.0
s97,honeydewmelon,26.0
s97,watermelon,90.0
s97,kiwi,18.0
s97,greenbellpepper,88.0
s97,carrot,96.0
s97,lettuce,76.0
s97,iceberglettuce,88.0
s97,peanuts,80.0
s97,almonds,65.0
s97,bread,94.0
s97,baguette,84.0
s97,slicedloafbread,92.0
s97,roll,91.0
s97,boulebread,86.0
s97,pretzel,84.0
s97,ryebread,85.0
s97,croissant,69.0
s97,deliturkey,28.0
s97,chickentenders,93.0
s97,meatballs,81.0
s97,gouda,77.0
s97,cheddarcheese,33.0
s97,swisscheese,86.0
s97,barbequechips,49.0
s97,potatochips,89.0
s97,tortillachips,84.0
s97,doritos,68.0
s97,ritzcracker,89.0
s97,saltinecracker,83.0
s97,wheatthins,85.0
s97,eggrolls,80.0
s97,frenchfries,84.0
s97,curlyfries,70.0
s97,popcorn,94.0
s97,butteredpopcorn,78.0
s97,triscuits,89.0
s97,pringles,91.0
s97,wavylays,92.0
s97,chocolateicecreamcone,96.0
s97,popsicle,69.0
s97,haagendazsicecreambar,85.0
s97,strawberryicecreamcone,85.0
s97,vanillasoftservecone,95.0
s97,blueberrymuffin,92.0
s97,banananutmuffin,52.0
s97,lemonpoppyseedmuffin,85.0
s97,nutrigrainbar,91.0
s97,grahamcracker,88.0
s97,churro,25.0
s97,twistdonut,92.0
s97,chocolatechipcookie,83.0
s97,tuilecookie,83.0
s97,madeleine,50.0
s97,oatmealraisincookie,93.0
s97,petitécolier,94.0
s97,thumprintcookie,91.0
s97,sugarcookie,93.0
s97,vanillawafer,79.0
s97,chocolatewafer,82.0
s97,stroopwafel,94.0
s97,chocolatebark,79.0
s97,darkchocolate,93.0
s97,ferrerorocher,63.0
s97,kitkat,85.0
s97,milkchocolate,82.0
s97,pocky,16.0
s97,toblerone,80.0
s97,lindtlindorchocolatetruffle,73.0
s97,twix,90.0
s97,caramel,95.0
s97,gumdrops,77.0
s97,lolipop,82.0
s97,mms,76.0
s97,peanutmms,88.0
s97,brioche,81.0
s97,brownie,74.0
s97,frostedbrownie,91.0
s97,raisinspicecake,81.0
s97,fruitcake,92.0
s97,lemoncake,87.0
s98,orange,98.0
s98,apricot,99.0
s98,banana,51.0
s98,plum,100.0
s98,pineapple,79.0
s98,pear,100.0
s98,blackberry,99.0
s98,blueberry,99.0
s98,cantaloupe,90.0
s98,peach,100.0
s98,cherry,99.0
s98,mandarinorange,99.0
s98,raspberry,100.0
s98,apple,48.0
s98,grape,99.0
s98,nectarine,99.0
s98,greenapple,20.0
s98,greengrapes,99.0
s98,strawberry,99.0
s98,goldendeliciousapple,67.0
s98,honeydewmelon,12.0
s98,watermelon,50.0
s98,kiwi,25.0
s98,greenbellpepper,17.0
s98,carrot,68.0
s98,lettuce,50.0
s98,iceberglettuce,42.0
s98,peanuts,35.0
s98,almonds,33.0
s98,bread,77.0
s98,baguette,31.0
s98,slicedloafbread,11.0
s98,roll,75.0
s98,boulebread,42.0
s98,pretzel,72.0
s98,ryebread,50.0
s98,croissant,78.0
s98,deliturkey,7.0
s98,chickentenders,68.0
s98,meatballs,21.0
s98,gouda,18.0
s98,cheddarcheese,23.0
s98,swisscheese,6.0
s98,barbequechips,2.0
s98,potatochips,28.0
s98,tortillachips,100.0
s98,doritos,5.0
s98,ritzcracker,99.0
s98,saltinecracker,100.0
s98,wheatthins,80.0
s98,eggrolls,50.0
s98,frenchfries,69.0
s98,curlyfries,25.0
s98,popcorn,6.0
s98,butteredpopcorn,3.0
s98,triscuits,77.0
s98,pringles,42.0
s98,wavylays,39.0
s98,chocolateicecreamcone,50.0
s98,popsicle,1.0
s98,haagendazsicecreambar,46.0
s98,strawberryicecreamcone,76.0
s98,vanillasoftservecone,16.0
s98,blueberrymuffin,54.0
s98,banananutmuffin,96.0
s98,lemonpoppyseedmuffin,74.0
s98,nutrigrainbar,1.0
s98,grahamcracker,99.0
s98,churro,51.0
s98,twistdonut,41.0
s98,chocolatechipcookie,71.0
s98,tuilecookie,50.0
s98,madeleine,74.0
s98,oatmealraisincookie,32.0
s98,petitécolier,93.0
s98,thumprintcookie,1.0
s98,sugarcookie,99.0
s98,vanillawafer,52.0
s98,chocolatewafer,79.0
s98,stroopwafel,98.0
s98,chocolatebark,64.0
s98,darkchocolate,90.0
s98,ferrerorocher,95.0
s98,kitkat,79.0
s98,milkchocolate,84.0
s98,pocky,100.0
s98,toblerone,73.0
s98,lindtlindorchocolatetruffle,78.0
s98,twix,51.0
s98,caramel,2.0
s98,gumdrops,1.0
s98,lolipop,1.0
s98,mms,2.0
s98,peanutmms,3.0
s98,brioche,25.0
s98,brownie,42.0
s98,frostedbrownie,32.0
s98,raisinspicecake,2.0
s98,fruitcake,2.0
s98,lemoncake,26.0
s99,orange,63.0
s99,apricot,59.0
s99,banana,56.0
s99,plum,58.0
s99,pineapple,3.0
s99,pear,3.0
s99,blackberry,50.0
s99,blueberry,77.0
s99,cantaloupe,57.0
s99,peach,59.0
s99,cherry,90.0
s99,mandarinorange,62.0
s99,raspberry,2.0
s99,apple,4.0
s99,grape,70.0
s99,nectarine,60.0
s99,greenapple,95.0
s99,greengrapes,58.0
s99,strawberry,83.0
s99,goldendeliciousapple,50.0
s99,honeydewmelon,52.0
s99,watermelon,74.0
s99,kiwi,89.0
s99,greenbellpepper,63.0
s99,carrot,68.0
s99,lettuce,34.0
s99,iceberglettuce,50.0
s99,peanuts,59.0
s99,almonds,66.0
s99,bread,50.0
s99,baguette,50.0
s99,slicedloafbread,52.0
s99,roll,51.0
s99,boulebread,50.0
s99,pretzel,72.0
s99,ryebread,50.0
s99,croissant,51.0
s99,deliturkey,83.0
s99,chickentenders,82.0
s99,meatballs,50.0
s99,gouda,51.0
s99,cheddarcheese,99.0
s99,swisscheese,70.0
s99,barbequechips,74.0
s99,potatochips,82.0
s99,tortillachips,90.0
s99,doritos,86.0
s99,ritzcracker,50.0
s99,saltinecracker,50.0
s99,wheatthins,49.0
s99,eggrolls,50.0
s99,frenchfries,84.0
s99,curlyfries,91.0
s99,popcorn,61.0
s99,butteredpopcorn,70.0
s99,triscuits,80.0
s99,pringles,91.0
s99,wavylays,84.0
s99,chocolateicecreamcone,96.0
s99,popsicle,88.0
s99,haagendazsicecreambar,91.0
s99,strawberryicecreamcone,93.0
s99,vanillasoftservecone,98.0
s99,blueberrymuffin,66.0
s99,banananutmuffin,52.0
s99,lemonpoppyseedmuffin,16.0
s99,nutrigrainbar,28.0
s99,grahamcracker,51.0
s99,churro,52.0
s99,twistdonut,52.0
s99,chocolatechipcookie,89.0
s99,tuilecookie,52.0
s99,madeleine,50.0
s99,oatmealraisincookie,87.0
s99,petitécolier,80.0
s99,thumprintcookie,50.0
s99,sugarcookie,49.0
s99,vanillawafer,90.0
s99,chocolatewafer,96.0
s99,stroopwafel,52.0
s99,chocolatebark,49.0
s99,darkchocolate,88.0
s99,ferrerorocher,95.0
s99,kitkat,94.0
s99,milkchocolate,97.0
s99,pocky,79.0
s99,toblerone,89.0
s99,lindtlindorchocolatetruffle,69.0
s99,twix,90.0
s99,caramel,95.0
s99,gumdrops,49.0
s99,lolipop,25.0
s99,mms,95.0
s99,peanutmms,95.0
s99,brioche,50.0
s99,brownie,87.0
s99,frostedbrownie,94.0
s99,raisinspicecake,9.0
s99,fruitcake,49.0
s99,lemoncake,8.0
s100,orange,49.0
s100,apricot,96.0
s100,banana,97.0
s100,plum,99.0
s100,pineapple,61.0
s100,pear,81.0
s100,blackberry,99.0
s100,blueberry,99.0
s100,cantaloupe,100.0
s100,peach,100.0
s100,cherry,99.0
s100,mandarinorange,99.0
s100,raspberry,93.0
s100,apple,50.0
s100,grape,90.0
s100,nectarine,100.0
s100,greenapple,46.0
s100,greengrapes,91.0
s100,strawberry,99.0
s100,goldendeliciousapple,86.0
s100,honeydewmelon,82.0
s100,watermelon,99.0
s100,kiwi,99.0
s100,greenbellpepper,2.0
s100,carrot,51.0
s100,lettuce,60.0
s100,iceberglettuce,63.0
s100,peanuts,8.0
s100,almonds,88.0
s100,bread,5.0
s100,baguette,41.0
s100,slicedloafbread,7.0
s100,roll,42.0
s100,boulebread,5.0
s100,pretzel,12.0
s100,ryebread,5.0
s100,croissant,40.0
s100,deliturkey,92.0
s100,chickentenders,61.0
s100,meatballs,2.0
s100,gouda,31.0
s100,cheddarcheese,14.0
s100,swisscheese,100.0
s100,barbequechips,59.0
s100,potatochips,91.0
s100,tortillachips,6.0
s100,doritos,6.0
s100,ritzcracker,50.0
s100,saltinecracker,50.0
s100,wheatthins,5.0
s100,eggrolls,51.0
s100,frenchfries,32.0
s100,curlyfries,21.0
s100,popcorn,95.0
s100,butteredpopcorn,69.0
s100,triscuits,2.0
s100,pringles,72.0
s100,wavylays,91.0
s100,chocolateicecreamcone,100.0
s100,popsicle,92.0
s100,haagendazsicecreambar,100.0
s100,strawberryicecreamcone,89.0
s100,vanillasoftservecone,91.0
s100,blueberrymuffin,90.0
s100,banananutmuffin,2.0
s100,lemonpoppyseedmuffin,50.0
s100,nutrigrainbar,13.0
s100,grahamcracker,10.0
s100,churro,2.0
s100,twistdonut,50.0
s100,chocolatechipcookie,99.0
s100,tuilecookie,2.0
s100,madeleine,7.0
s100,oatmealraisincookie,21.0
s100,petitécolier,12.0
s100,thumprintcookie,5.0
s100,sugarcookie,10.0
s100,vanillawafer,58.0
s100,chocolatewafer,89.0
s100,stroopwafel,51.0
s100,chocolatebark,98.0
s100,darkchocolate,32.0
s100,ferrerorocher,21.0
s100,kitkat,49.0
s100,milkchocolate,50.0
s100,pocky,49.0
s100,toblerone,10.0
s100,lindtlindorchocolatetruffle,40.0
s100,twix,49.0
s100,caramel,91.0
s100,gumdrops,81.0
s100,lolipop,12.0
s100,mms,50.0
s100,peanutmms,90.0
s100,brioche,50.0
s100,brownie,51.0
s100,frostedbrownie,65.0
s100,raisinspicecake,2.0
s100,fruitcake,50.0
s100,lemoncake,85.0
s101,orange,2.0
s101,apricot,2.0
s101,banana,78.0
s101,plum,2.0
s101,pineapple,99.0
s101,pear,2.0
s101,blackberry,50.0
s101,blueberry,24.0
s101,cantaloupe,58.0
s101,peach,2.0
s101,cherry,2.0
s101,mandarinorange,65.0
s101,raspberry,50.0
s101,apple,37.0
s101,grape,42.0
s101,nectarine,2.0
s101,greenapple,87.0
s101,greengrapes,59.0
s101,strawberry,99.0
s101,goldendeliciousapple,51.0
s101,honeydewmelon,99.0
s101,watermelon,3.0
s101,kiwi,2.0
s101,greenbellpepper,100.0
s101,carrot,71.0
s101,lettuce,34.0
s101,iceberglettuce,21.0
s101,peanuts,65.0
s101,almonds,75.0
s101,bread,66.0
s101,baguette,65.0
s101,slicedloafbread,51.0
s101,roll,69.0
s101,boulebread,51.0
s101,pretzel,99.0
s101,ryebread,66.0
s101,croissant,78.0
s101,deliturkey,78.0
s101,chickentenders,100.0
s101,meatballs,99.0
s101,gouda,66.0
s101,cheddarcheese,78.0
s101,swisscheese,99.0
s101,barbequechips,81.0
s101,potatochips,59.0
s101,tortillachips,60.0
s101,doritos,67.0
s101,ritzcracker,51.0
s101,saltinecracker,50.0
s101,wheatthins,51.0
s101,eggrolls,99.0
s101,frenchfries,81.0
s101,curlyfries,77.0
s101,popcorn,68.0
s101,butteredpopcorn,75.0
s101,triscuits,70.0
s101,pringles,49.0
s101,wavylays,77.0
s101,chocolateicecreamcone,8.0
s101,popsicle,51.0
s101,haagendazsicecreambar,50.0
s101,strawberryicecreamcone,50.0
s101,vanillasoftservecone,79.0
s101,blueberrymuffin,51.0
s101,banananutmuffin,50.0
s101,lemonpoppyseedmuffin,65.0
s101,nutrigrainbar,50.0
s101,grahamcracker,49.0
s101,churro,50.0
s101,twistdonut,64.0
s101,chocolatechipcookie,39.0
s101,tuilecookie,50.0
s101,madeleine,49.0
s101,oatmealraisincookie,37.0
s101,petitécolier,39.0
s101,thumprintcookie,13.0
s101,sugarcookie,39.0
s101,vanillawafer,66.0
s101,chocolatewafer,32.0
s101,stroopwafel,33.0
s101,chocolatebark,50.0
s101,darkchocolate,51.0
s101,ferrerorocher,35.0
s101,kitkat,66.0
s101,milkchocolate,50.0
s101,pocky,36.0
s101,toblerone,42.0
s101,lindtlindorchocolatetruffle,30.0
s101,twix,57.0
s101,caramel,99.0
s101,gumdrops,22.0
s101,lolipop,2.0
s101,mms,50.0
s101,peanutmms,51.0
s101,brioche,57.0
s101,brownie,73.0
s101,frostedbrownie,68.0
s101,raisinspicecake,20.0
s101,fruitcake,50.0
s101,lemoncake,61.0
s102,orange,93.0
s102,apricot,71.0
s102,banana,93.0
s102,plum,89.0
s102,pineapple,94.0
s102,pear,92.0
s102,blackberry,92.0
s102,blueberry,94.0
s102,cantaloupe,67.0
s102,peach,92.0
s102,cherry,94.0
s102,mandarinorange,97.0
s102,raspberry,94.0
s102,apple,86.0
s102,grape,89.0
s102,nectarine,91.0
s102,greenapple,95.0
s102,greengrapes,92.0
s102,strawberry,90.0
s102,goldendeliciousapple,95.0
s102,honeydewmelon,82.0
s102,watermelon,97.0
s102,kiwi,32.0
s102,greenbellpepper,86.0
s102,carrot,96.0
s102,lettuce,84.0
s102,iceberglettuce,70.0
s102,peanuts,91.0
s102,almonds,70.0
s102,bread,96.0
s102,baguette,79.0
s102,slicedloafbread,91.0
s102,roll,95.0
s102,boulebread,92.0
s102,pretzel,93.0
s102,ryebread,94.0
s102,croissant,97.0
s102,deliturkey,29.0
s102,chickentenders,88.0
s102,meatballs,92.0
s102,gouda,65.0
s102,cheddarcheese,7.0
s102,swisscheese,72.0
s102,barbequechips,69.0
s102,potatochips,87.0
s102,tortillachips,82.0
s102,doritos,34.0
s102,ritzcracker,96.0
s102,saltinecracker,91.0
s102,wheatthins,95.0
s102,eggrolls,98.0
s102,frenchfries,94.0
s102,curlyfries,93.0
s102,popcorn,93.0
s102,butteredpopcorn,78.0
s102,triscuits,92.0
s102,pringles,36.0
s102,wavylays,93.0
s102,chocolateicecreamcone,93.0
s102,popsicle,28.0
s102,haagendazsicecreambar,92.0
s102,strawberryicecreamcone,94.0
s102,vanillasoftservecone,96.0
s102,blueberrymuffin,49.0
s102,banananutmuffin,94.0
s102,lemonpoppyseedmuffin,93.0
s102,nutrigrainbar,87.0
s102,grahamcracker,86.0
s102,churro,85.0
s102,twistdonut,94.0
s102,chocolatechipcookie,95.0
s102,tuilecookie,33.0
s102,madeleine,94.0
s102,oatmealraisincookie,93.0
s102,petitécolier,95.0
s102,thumprintcookie,86.0
s102,sugarcookie,97.0
s102,vanillawafer,93.0
s102,chocolatewafer,94.0
s102,stroopwafel,98.0
s102,chocolatebark,87.0
s102,darkchocolate,93.0
s102,ferrerorocher,70.0
s102,kitkat,94.0
s102,milkchocolate,93.0
s102,pocky,51.0
s102,toblerone,95.0
s102,lindtlindorchocolatetruffle,91.0
s102,twix,88.0
s102,caramel,68.0
s102,gumdrops,85.0
s102,lolipop,89.0
s102,mms,76.0
s102,peanutmms,92.0
s102,brioche,90.0
s102,brownie,90.0
s102,frostedbrownie,83.0
s102,raisinspicecake,92.0
s102,fruitcake,89.0
s102,lemoncake,90.0
s103,orange,99.0
s103,apricot,99.0
s103,banana,34.0
s103,plum,100.0
s103,pineapple,88.0
s103,pear,100.0
s103,blackberry,100.0
s103,blueberry,100.0
s103,cantaloupe,100.0
s103,peach,99.0
s103,cherry,96.0
s103,mandarinorange,99.0
s103,raspberry,100.0
s103,apple,100.0
s103,grape,100.0
s103,nectarine,100.0
s103,greenapple,100.0
s103,greengrapes,96.0
s103,strawberry,86.0
s103,goldendeliciousapple,95.0
s103,honeydewmelon,100.0
s103,watermelon,100.0
s103,kiwi,92.0
s103,greenbellpepper,93.0
s103,carrot,100.0
s103,lettuce,16.0
s103,iceberglettuce,1.0
s103,peanuts,100.0
s103,almonds,100.0
s103,bread,23.0
s103,baguette,64.0
s103,slicedloafbread,64.0
s103,roll,1.0
s103,boulebread,6.0
s103,pretzel,44.0
s103,ryebread,52.0
s103,croissant,80.0
s103,deliturkey,35.0
s103,chickentenders,77.0
s103,meatballs,1.0
s103,gouda,1.0
s103,cheddarcheese,1.0
s103,swisscheese,1.0
s103,barbequechips,70.0
s103,potatochips,56.0
s103,tortillachips,64.0
s103,doritos,62.0
s103,ritzcracker,61.0
s103,saltinecracker,46.0
s103,wheatthins,59.0
s103,eggrolls,77.0
s103,frenchfries,72.0
s103,curlyfries,91.0
s103,popcorn,76.0
s103,butteredpopcorn,18.0
s103,triscuits,28.0
s103,pringles,56.0
s103,wavylays,29.0
s103,chocolateicecreamcone,33.0
s103,popsicle,75.0
s103,haagendazsicecreambar,18.0
s103,strawberryicecreamcone,27.0
s103,vanillasoftservecone,22.0
s103,blueberrymuffin,25.0
s103,banananutmuffin,1.0
s103,lemonpoppyseedmuffin,1.0
s103,nutrigrainbar,6.0
s103,grahamcracker,16.0
s103,churro,76.0
s103,twistdonut,19.0
s103,chocolatechipcookie,51.0
s103,tuilecookie,27.0
s103,madeleine,4.0
s103,oatmealraisincookie,65.0
s103,petitécolier,21.0
s103,thumprintcookie,14.0
s103,sugarcookie,13.0
s103,vanillawafer,28.0
s103,chocolatewafer,63.0
s103,stroopwafel,22.0
s103,chocolatebark,17.0
s103,darkchocolate,43.0
s103,ferrerorocher,3.0
s103,kitkat,1.0
s103,milkchocolate,1.0
s103,pocky,66.0
s103,toblerone,1.0
s103,lindtlindorchocolatetruffle,18.0
s103,twix,1.0
s103,caramel,5.0
s103,gumdrops,5.0
s103,lolipop,8.0
s103,mms,32.0
s103,peanutmms,19.0
s103,brioche,61.0
s103,brownie,100.0
s103,frostedbrownie,91.0
s103,raisinspicecake,13.0
s103,fruitcake,1.0
s103,lemoncake,8.0
s104,orange,87.0
s104,apricot,1.0
s104,banana,100.0
s104,plum,1.0
s104,pineapple,1.0
s104,pear,100.0
s104,blackberry,51.0
s104,blueberry,57.0
s104,cantaloupe,1.0
s104,peach,1.0
s104,cherry,50.0
s104,mandarinorange,78.0
s104,raspberry,25.0
s104,apple,100.0
s104,grape,65.0
s104,nectarine,50.0
s104,greenapple,82.0
s104,greengrapes,89.0
s104,strawberry,33.0
s104,goldendeliciousapple,93.0
s104,honeydewmelon,1.0
s104,watermelon,1.0
s104,kiwi,1.0
s104,greenbellpepper,100.0
s104,carrot,50.0
s104,lettuce,66.0
s104,iceberglettuce,65.0
s104,peanuts,88.0
s104,almonds,75.0
s104,bread,54.0
s104,baguette,51.0
s104,slicedloafbread,77.0
s104,roll,51.0
s104,boulebread,53.0
s104,pretzel,91.0
s104,ryebread,52.0
s104,croissant,51.0
s104,deliturkey,69.0
s104,chickentenders,100.0
s104,meatballs,48.0
s104,gouda,19.0
s104,cheddarcheese,100.0
s104,swisscheese,100.0
s104,barbequechips,89.0
s104,potatochips,100.0
s104,tortillachips,80.0
s104,doritos,100.0
s104,ritzcracker,100.0
s104,saltinecracker,57.0
s104,wheatthins,53.0
s104,eggrolls,82.0
s104,frenchfries,92.0
s104,curlyfries,91.0
s104,popcorn,100.0
s104,butteredpopcorn,70.0
s104,triscuits,50.0
s104,pringles,92.0
s104,wavylays,71.0
s104,chocolateicecreamcone,100.0
s104,popsicle,50.0
s104,haagendazsicecreambar,54.0
s104,strawberryicecreamcone,100.0
s104,vanillasoftservecone,100.0
s104,blueberrymuffin,96.0
s104,banananutmuffin,88.0
s104,lemonpoppyseedmuffin,93.0
s104,nutrigrainbar,51.0
s104,grahamcracker,67.0
s104,churro,50.0
s104,twistdonut,56.0
s104,chocolatechipcookie,70.0
s104,tuilecookie,16.0
s104,madeleine,62.0
s104,oatmealraisincookie,100.0
s104,petitécolier,100.0
s104,thumprintcookie,100.0
s104,sugarcookie,100.0
s104,vanillawafer,100.0
s104,chocolatewafer,100.0
s104,stroopwafel,60.0
s104,chocolatebark,50.0
s104,darkchocolate,100.0
s104,ferrerorocher,78.0
s104,kitkat,100.0
s104,milkchocolate,97.0
s104,pocky,50.0
s104,toblerone,100.0
s104,lindtlindorchocolatetruffle,64.0
s104,twix,100.0
s104,caramel,50.0
s104,gumdrops,1.0
s104,lolipop,51.0
s104,mms,100.0
s104,peanutmms,100.0
s104,brioche,100.0
s104,brownie,88.0
s104,frostedbrownie,91.0
s104,raisinspicecake,49.0
s104,fruitcake,84.0
s104,lemoncake,82.0
s105,orange,75.0
s105,apricot,67.0
s105,banana,80.0
s105,plum,73.0
s105,pineapple,76.0
s105,pear,73.0
s105,blackberry,60.0
s105,blueberry,63.0
s105,cantaloupe,68.0
s105,peach,67.0
s105,cherry,61.0
s105,mandarinorange,72.0
s105,raspberry,50.0
s105,apple,77.0
s105,grape,62.0
s105,nectarine,73.0
s105,greenapple,77.0
s105,greengrapes,78.0
s105,strawberry,71.0
s105,goldendeliciousapple,72.0
s105,honeydewmelon,71.0
s105,watermelon,68.0
s105,kiwi,61.0
s105,greenbellpepper,14.0
s105,carrot,50.0
s105,lettuce,49.0
s105,iceberglettuce,51.0
s105,peanuts,80.0
s105,almonds,72.0
s105,bread,48.0
s105,baguette,51.0
s105,slicedloafbread,50.0
s105,roll,50.0
s105,boulebread,50.0
s105,pretzel,62.0
s105,ryebread,51.0
s105,croissant,59.0
s105,deliturkey,73.0
s105,chickentenders,98.0
s105,meatballs,49.0
s105,gouda,60.0
s105,cheddarcheese,61.0
s105,swisscheese,60.0
s105,barbequechips,66.0
s105,potatochips,74.0
s105,tortillachips,23.0
s105,doritos,20.0
s105,ritzcracker,51.0
s105,saltinecracker,48.0
s105,wheatthins,50.0
s105,eggrolls,49.0
s105,frenchfries,78.0
s105,curlyfries,67.0
s105,popcorn,50.0
s105,butteredpopcorn,69.0
s105,triscuits,49.0
s105,pringles,77.0
s105,wavylays,70.0
s105,chocolateicecreamcone,78.0
s105,popsicle,50.0
s105,haagendazsicecreambar,93.0
s105,strawberryicecreamcone,68.0
s105,vanillasoftservecone,70.0
s105,blueberrymuffin,68.0
s105,banananutmuffin,57.0
s105,lemonpoppyseedmuffin,59.0
s105,nutrigrainbar,60.0
s105,grahamcracker,50.0
s105,churro,70.0
s105,twistdonut,50.0
s105,chocolatechipcookie,74.0
s105,tuilecookie,51.0
s105,madeleine,49.0
s105,oatmealraisincookie,69.0
s105,petitécolier,99.0
s105,thumprintcookie,50.0
s105,sugarcookie,62.0
s105,vanillawafer,60.0
s105,chocolatewafer,56.0
s105,stroopwafel,58.0
s105,chocolatebark,98.0
s105,darkchocolate,98.0
s105,ferrerorocher,98.0
s105,kitkat,99.0
s105,milkchocolate,99.0
s105,pocky,57.0
s105,toblerone,100.0
s105,lindtlindorchocolatetruffle,99.0
s105,twix,95.0
s105,caramel,67.0
s105,gumdrops,74.0
s105,lolipop,50.0
s105,mms,93.0
s105,peanutmms,97.0
s105,brioche,50.0
s105,brownie,60.0
s105,frostedbrownie,65.0
s105,raisinspicecake,51.0
s105,fruitcake,51.0
s105,lemoncake,64.0
s106,orange,76.0
s106,apricot,74.0
s106,banana,80.0
s106,plum,64.0
s106,pineapple,80.0
s106,pear,82.0
s106,blackberry,63.0
s106,blueberry,68.0
s106,cantaloupe,81.0
s106,peach,73.0
s106,cherry,65.0
s106,mandarinorange,76.0
s106,raspberry,69.0
s106,apple,75.0
s106,grape,67.0
s106,nectarine,73.0
s106,greenapple,76.0
s106,greengrapes,77.0
s106,strawberry,72.0
s106,goldendeliciousapple,73.0
s106,honeydewmelon,75.0
s106,watermelon,77.0
s106,kiwi,67.0
s106,greenbellpepper,7.0
s106,carrot,25.0
s106,lettuce,50.0
s106,iceberglettuce,50.0
s106,peanuts,71.0
s106,almonds,77.0
s106,bread,51.0
s106,baguette,52.0
s106,slicedloafbread,51.0
s106,roll,51.0
s106,boulebread,50.0
s106,pretzel,50.0
s106,ryebread,52.0
s106,croissant,51.0
s106,deliturkey,66.0
s106,chickentenders,100.0
s106,meatballs,60.0
s106,gouda,58.0
s106,cheddarcheese,64.0
s106,swisscheese,63.0
s106,barbequechips,79.0
s106,potatochips,76.0
s106,tortillachips,12.0
s106,doritos,9.0
s106,ritzcracker,51.0
s106,saltinecracker,51.0
s106,wheatthins,50.0
s106,eggrolls,50.0
s106,frenchfries,78.0
s106,curlyfries,72.0
s106,popcorn,51.0
s106,butteredpopcorn,70.0
s106,triscuits,51.0
s106,pringles,79.0
s106,wavylays,76.0
s106,chocolateicecreamcone,77.0
s106,popsicle,49.0
s106,haagendazsicecreambar,99.0
s106,strawberryicecreamcone,76.0
s106,vanillasoftservecone,72.0
s106,blueberrymuffin,74.0
s106,banananutmuffin,69.0
s106,lemonpoppyseedmuffin,65.0
s106,nutrigrainbar,52.0
s106,grahamcracker,51.0
s106,churro,69.0
s106,twistdonut,68.0
s106,chocolatechipcookie,75.0
s106,tuilecookie,50.0
s106,madeleine,67.0
s106,oatmealraisincookie,72.0
s106,petitécolier,100.0
s106,thumprintcookie,62.0
s106,sugarcookie,71.0
s106,vanillawafer,69.0
s106,chocolatewafer,67.0
s106,stroopwafel,59.0
s106,chocolatebark,99.0
s106,darkchocolate,99.0
s106,ferrerorocher,99.0
s106,kitkat,99.0
s106,milkchocolate,98.0
s106,pocky,68.0
s106,toblerone,99.0
s106,lindtlindorchocolatetruffle,98.0
s106,twix,100.0
s106,caramel,64.0
s106,gumdrops,98.0
s106,lolipop,24.0
s106,mms,99.0
s106,peanutmms,99.0
s106,brioche,52.0
s106,brownie,68.0
s106,frostedbrownie,63.0
s106,raisinspicecake,52.0
s106,fruitcake,51.0
s106,lemoncake,60.0
s107,orange,57.0
s107,apricot,91.0
s107,banana,60.0
s107,plum,86.0
s107,pineapple,95.0
s107,pear,71.0
s107,blackberry,66.0
s107,blueberry,78.0
s107,cantaloupe,78.0
s107,peach,94.0
s107,cherry,90.0
s107,mandarinorange,73.0
s107,raspberry,88.0
s107,apple,82.0
s107,grape,74.0
s107,nectarine,92.0
s107,greenapple,88.0
s107,greengrapes,85.0
s107,strawberry,92.0
s107,goldendeliciousapple,72.0
s107,honeydewmelon,64.0
s107,watermelon,79.0
s107,kiwi,95.0
s107,greenbellpepper,15.0
s107,carrot,7.0
s107,lettuce,30.0
s107,iceberglettuce,14.0
s107,peanuts,24.0
s107,almonds,15.0
s107,bread,28.0
s107,baguette,63.0
s107,slicedloafbread,18.0
s107,roll,27.0
s107,boulebread,31.0
s107,pretzel,59.0
s107,ryebread,40.0
s107,croissant,63.0
s107,deliturkey,17.0
s107,chickentenders,36.0
s107,meatballs,43.0
s107,gouda,56.0
s107,cheddarcheese,22.0
s107,swisscheese,21.0
s107,barbequechips,34.0
s107,potatochips,35.0
s107,tortillachips,29.0
s107,doritos,18.0
s107,ritzcracker,21.0
s107,saltinecracker,34.0
s107,wheatthins,26.0
s107,eggrolls,37.0
s107,frenchfries,31.0
s107,curlyfries,28.0
s107,popcorn,32.0
s107,butteredpopcorn,28.0
s107,triscuits,26.0
s107,pringles,35.0
s107,wavylays,36.0
s107,chocolateicecreamcone,20.0
s107,popsicle,13.0
s107,haagendazsicecreambar,64.0
s107,strawberryicecreamcone,24.0
s107,vanillasoftservecone,82.0
s107,blueberrymuffin,60.0
s107,banananutmuffin,21.0
s107,lemonpoppyseedmuffin,32.0
s107,nutrigrainbar,7.0
s107,grahamcracker,15.0
s107,churro,67.0
s107,twistdonut,70.0
s107,chocolatechipcookie,39.0
s107,tuilecookie,16.0
s107,madeleine,65.0
s107,oatmealraisincookie,36.0
s107,petitécolier,60.0
s107,thumprintcookie,15.0
s107,sugarcookie,30.0
s107,vanillawafer,68.0
s107,chocolatewafer,11.0
s107,stroopwafel,66.0
s107,chocolatebark,10.0
s107,darkchocolate,7.0
s107,ferrerorocher,82.0
s107,kitkat,43.0
s107,milkchocolate,10.0
s107,pocky,16.0
s107,toblerone,35.0
s107,lindtlindorchocolatetruffle,16.0
s107,twix,19.0
s107,caramel,10.0
s107,gumdrops,12.0
s107,lolipop,15.0
s107,mms,11.0
s107,peanutmms,11.0
s107,brioche,59.0
s107,brownie,12.0
s107,frostedbrownie,8.0
s107,raisinspicecake,18.0
s107,fruitcake,27.0
s107,lemoncake,57.0
