subject_id,item_name,rating,timepoint
s2,orange,87.0,1
s2,plum,51.0,1
s2,blackberry,72.0,1
s2,peach,67.0,1
s2,cherry,73.0,1
s2,raspberry,71.0,1
s2,apple,52.0,1
s2,grape,92.0,1
s2,goldendeliciousapple,52.0,1
s2,honeydewmelon,61.0,1
s2,kiwi,79.0,1
s2,greenbellpepper,3.0,1
s2,carrot,61.0,1
s2,peanuts,97.0,1
s2,almonds,99.0,1
s2,baguette,21.0,1
s2,slicedloafbread,54.0,1
s2,boulebread,59.0,1
s2,ryebread,82.0,1
s2,deliturkey,73.0,1
s2,chickentenders,99.0,1
s2,meatballs,56.0,1
s2,gouda,23.0,1
s2,swisscheese,9.0,1
s2,potatochips,99.0,1
s2,tortillachips,98.0,1
s2,doritos,97.0,1
s2,ritzcracker,65.0,1
s2,saltinecracker,69.0,1
s2,wheatthins,99.0,1
s2,eggrolls,93.0,1
s2,frenchfries,97.0,1
s2,butteredpopcorn,99.0,1
s2,triscuits,97.0,1
s2,wavylays,34.0,1
s2,chocolateicecreamcone,65.0,1
s2,strawberryicecreamcone,63.0,1
s2,vanillasoftservecone,97.0,1
s2,nutrigrainbar,97.0,1
s2,churro,53.0,1
s2,twistdonut,94.0,1
s2,tuilecookie,37.0,1
s2,madeleine,88.0,1
s2,oatmealraisincookie,99.0,1
s2,thumprintcookie,98.0,1
s2,sugarcookie,89.0,1
s2,vanillawafer,93.0,1
s2,chocolatewafer,97.0,1
s2,chocolatebark,99.0,1
s2,darkchocolate,97.0,1
s2,milkchocolate,98.0,1
s2,pocky,94.0,1
s2,toblerone,97.0,1
s2,lindtlindorchocolatetruffle,97.0,1
s2,twix,99.0,1
s2,caramel,51.0,1
s2,peanutmms,98.0,1
s2,brownie,59.0,1
s2,frostedbrownie,59.0,1
s2,lemoncake,21.0,1
s2,orange,99.0,2
s2,plum,96.0,2
s2,blackberry,87.0,2
s2,peach,100.0,2
s2,cherry,94.0,2
s2,raspberry,94.0,2
s2,apple,81.0,2
s2,grape,92.0,2
s2,goldendeliciousapple,88.0,2
s2,honeydewmelon,92.0,2
s2,kiwi,100.0,2
s2,greenbellpepper,11.0,2
s2,carrot,75.0,2
s2,peanuts,94.0,2
s2,almonds,90.0,2
s2,baguette,65.0,2
s2,slicedloafbread,69.0,2
s2,boulebread,65.0,2
s2,ryebread,71.0,2
s2,deliturkey,84.0,2
s2,chickentenders,90.0,2
s2,meatballs,51.0,2
s2,gouda,61.0,2
s2,swisscheese,49.0,2
s2,potatochips,66.0,2
s2,tortillachips,19.0,2
s2,doritos,57.0,2
s2,ritzcracker,20.0,2
s2,saltinecracker,9.0,2
s2,wheatthins,71.0,2
s2,eggrolls,19.0,2
s2,frenchfries,12.0,2
s2,butteredpopcorn,18.0,2
s2,triscuits,50.0,2
s2,wavylays,1.0,2
s2,chocolateicecreamcone,20.0,2
s2,strawberryicecreamcone,10.0,2
s2,vanillasoftservecone,17.0,2
s2,nutrigrainbar,35.0,2
s2,churro,33.0,2
s2,twistdonut,24.0,2
s2,tuilecookie,19.0,2
s2,madeleine,1.0,2
s2,oatmealraisincookie,84.0,2
s2,thumprintcookie,23.0,2
s2,sugarcookie,73.0,2
s2,vanillawafer,65.0,2
s2,chocolatewafer,31.0,2
s2,chocolatebark,65.0,2
s2,darkchocolate,72.0,2
s2,milkchocolate,6.0,2
s2,pocky,20.0,2
s2,toblerone,21.0,2
s2,lindtlindorchocolatetruffle,37.0,2
s2,twix,62.0,2
s2,caramel,5.0,2
s2,peanutmms,24.0,2
s2,brownie,16.0,2
s2,frostedbrownie,11.0,2
s2,lemoncake,18.0,2
s3,orange,67.0,1
s3,plum,52.0,1
s3,blackberry,51.0,1
s3,peach,50.0,1
s3,cherry,69.0,1
s3,raspberry,46.0,1
s3,apple,93.0,1
s3,grape,55.0,1
s3,goldendeliciousapple,98.0,1
s3,honeydewmelon,41.0,1
s3,kiwi,50.0,1
s3,greenbellpepper,75.0,1
s3,carrot,51.0,1
s3,peanuts,45.0,1
s3,almonds,51.0,1
s3,baguette,51.0,1
s3,slicedloafbread,42.0,1
s3,boulebread,49.0,1
s3,ryebread,63.0,1
s3,deliturkey,56.0,1
s3,chickentenders,88.0,1
s3,meatballs,37.0,1
s3,gouda,77.0,1
s3,swisscheese,67.0,1
s3,potatochips,80.0,1
s3,tortillachips,43.0,1
s3,doritos,71.0,1
s3,ritzcracker,64.0,1
s3,saltinecracker,50.0,1
s3,wheatthins,50.0,1
s3,eggrolls,41.0,1
s3,frenchfries,74.0,1
s3,butteredpopcorn,38.0,1
s3,triscuits,50.0,1
s3,wavylays,100.0,1
s3,chocolateicecreamcone,84.0,1
s3,strawberryicecreamcone,51.0,1
s3,vanillasoftservecone,40.0,1
s3,nutrigrainbar,83.0,1
s3,churro,60.0,1
s3,twistdonut,92.0,1
s3,tuilecookie,82.0,1
s3,madeleine,34.0,1
s3,oatmealraisincookie,100.0,1
s3,thumprintcookie,50.0,1
s3,sugarcookie,51.0,1
s3,vanillawafer,66.0,1
s3,chocolatewafer,69.0,1
s3,chocolatebark,55.0,1
s3,darkchocolate,71.0,1
s3,milkchocolate,77.0,1
s3,pocky,39.0,1
s3,toblerone,71.0,1
s3,lindtlindorchocolatetruffle,58.0,1
s3,twix,73.0,1
s3,caramel,69.0,1
s3,peanutmms,100.0,1
s3,brownie,100.0,1
s3,frostedbrownie,100.0,1
s3,lemoncake,52.0,1
s3,orange,62.0,2
s3,plum,50.0,2
s3,blackberry,34.0,2
s3,peach,50.0,2
s3,cherry,51.0,2
s3,raspberry,30.0,2
s3,apple,73.0,2
s3,grape,61.0,2
s3,goldendeliciousapple,82.0,2
s3,honeydewmelon,51.0,2
s3,kiwi,54.0,2
s3,greenbellpepper,71.0,2
s3,carrot,60.0,2
s3,peanuts,25.0,2
s3,almonds,40.0,2
s3,baguette,63.0,2
s3,slicedloafbread,68.0,2
s3,boulebread,52.0,2
s3,ryebread,37.0,2
s3,deliturkey,51.0,2
s3,chickentenders,43.0,2
s3,meatballs,37.0,2
s3,gouda,36.0,2
s3,swisscheese,50.0,2
s3,potatochips,92.0,2
s3,tortillachips,40.0,2
s3,doritos,43.0,2
s3,ritzcracker,75.0,2
s3,saltinecracker,51.0,2
s3,wheatthins,45.0,2
s3,eggrolls,50.0,2
s3,frenchfries,34.0,2
s3,butteredpopcorn,40.0,2
s3,triscuits,36.0,2
s3,wavylays,63.0,2
s3,chocolateicecreamcone,49.0,2
s3,strawberryicecreamcone,25.0,2
s3,vanillasoftservecone,28.0,2
s3,nutrigrainbar,88.0,2
s3,churro,35.0,2
s3,twistdonut,67.0,2
s3,tuilecookie,51.0,2
s3,madeleine,35.0,2
s3,oatmealraisincookie,65.0,2
s3,thumprintcookie,23.0,2
s3,sugarcookie,32.0,2
s3,vanillawafer,32.0,2
s3,chocolatewafer,68.0,2
s3,chocolatebark,40.0,2
s3,darkchocolate,50.0,2
s3,milkchocolate,72.0,2
s3,pocky,32.0,2
s3,toblerone,39.0,2
s3,lindtlindorchocolatetruffle,66.0,2
s3,twix,69.0,2
s3,caramel,58.0,2
s3,peanutmms,51.0,2
s3,brownie,93.0,2
s3,frostedbrownie,96.0,2
s3,lemoncake,36.0,2
s4,orange,95.0,1
s4,plum,96.0,1
s4,blackberry,91.0,1
s4,peach,97.0,1
s4,cherry,100.0,1
s4,raspberry,97.0,1
s4,apple,96.0,1
s4,grape,100.0,1
s4,goldendeliciousapple,92.0,1
s4,honeydewmelon,1.0,1
s4,kiwi,98.0,1
s4,greenbellpepper,42.0,1
s4,carrot,68.0,1
s4,peanuts,75.0,1
s4,almonds,91.0,1
s4,baguette,75.0,1
s4,slicedloafbread,42.0,1
s4,boulebread,42.0,1
s4,ryebread,35.0,1
s4,deliturkey,52.0,1
s4,chickentenders,8.0,1
s4,meatballs,19.0,1
s4,gouda,19.0,1
s4,swisscheese,63.0,1
s4,potatochips,68.0,1
s4,tortillachips,90.0,1
s4,doritos,62.0,1
s4,ritzcracker,89.0,1
s4,saltinecracker,76.0,1
s4,wheatthins,86.0,1
s4,eggrolls,9.0,1
s4,frenchfries,17.0,1
s4,butteredpopcorn,69.0,1
s4,triscuits,60.0,1
s4,wavylays,29.0,1
s4,chocolateicecreamcone,19.0,1
s4,strawberryicecreamcone,31.0,1
s4,vanillasoftservecone,14.0,1
s4,nutrigrainbar,90.0,1
s4,churro,21.0,1
s4,twistdonut,13.0,1
s4,tuilecookie,96.0,1
s4,madeleine,68.0,1
s4,oatmealraisincookie,77.0,1
s4,thumprintcookie,59.0,1
s4,sugarcookie,59.0,1
s4,vanillawafer,10.0,1
s4,chocolatewafer,9.0,1
s4,chocolatebark,90.0,1
s4,darkchocolate,83.0,1
s4,milkchocolate,70.0,1
s4,pocky,86.0,1
s4,toblerone,59.0,1
s4,lindtlindorchocolatetruffle,73.0,1
s4,twix,11.0,1
s4,caramel,16.0,1
s4,peanutmms,15.0,1
s4,brownie,27.0,1
s4,frostedbrownie,27.0,1
s4,lemoncake,17.0,1
s4,orange,96.0,2
s4,plum,98.0,2
s4,blackberry,97.0,2
s4,peach,97.0,2
s4,cherry,96.0,2
s4,raspberry,98.0,2
s4,apple,98.0,2
s4,grape,98.0,2
s4,goldendeliciousapple,95.0,2
s4,honeydewmelon,6.0,2
s4,kiwi,95.0,2
s4,greenbellpepper,43.0,2
s4,carrot,40.0,2
s4,peanuts,90.0,2
s4,almonds,94.0,2
s4,baguette,57.0,2
s4,slicedloafbread,41.0,2
s4,boulebread,41.0,2
s4,ryebread,35.0,2
s4,deliturkey,17.0,2
s4,chickentenders,8.0,2
s4,meatballs,7.0,2
s4,gouda,58.0,2
s4,swisscheese,65.0,2
s4,potatochips,31.0,2
s4,tortillachips,62.0,2
s4,doritos,23.0,2
s4,ritzcracker,68.0,2
s4,saltinecracker,89.0,2
s4,wheatthins,79.0,2
s4,eggrolls,8.0,2
s4,frenchfries,16.0,2
s4,butteredpopcorn,89.0,2
s4,triscuits,54.0,2
s4,wavylays,61.0,2
s4,chocolateicecreamcone,16.0,2
s4,strawberryicecreamcone,13.0,2
s4,vanillasoftservecone,15.0,2
s4,nutrigrainbar,93.0,2
s4,churro,8.0,2
s4,twistdonut,6.0,2
s4,tuilecookie,58.0,2
s4,madeleine,37.0,2
s4,oatmealraisincookie,25.0,2
s4,thumprintcookie,57.0,2
s4,sugarcookie,51.0,2
s4,vanillawafer,14.0,2
s4,chocolatewafer,12.0,2
s4,chocolatebark,88.0,2
s4,darkchocolate,90.0,2
s4,milkchocolate,80.0,2
s4,pocky,79.0,2
s4,toblerone,33.0,2
s4,lindtlindorchocolatetruffle,67.0,2
s4,twix,17.0,2
s4,caramel,19.0,2
s4,peanutmms,36.0,2
s4,brownie,27.0,2
s4,frostedbrownie,17.0,2
s4,lemoncake,24.0,2
s5,orange,63.0,1
s5,plum,72.0,1
s5,blackberry,77.0,1
s5,peach,84.0,1
s5,cherry,88.0,1
s5,raspberry,64.0,1
s5,apple,99.0,1
s5,grape,93.0,1
s5,goldendeliciousapple,87.0,1
s5,honeydewmelon,84.0,1
s5,kiwi,74.0,1
s5,greenbellpepper,89.0,1
s5,carrot,92.0,1
s5,peanuts,41.0,1
s5,almonds,68.0,1
s5,baguette,8.0,1
s5,slicedloafbread,40.0,1
s5,boulebread,95.0,1
s5,ryebread,92.0,1
s5,deliturkey,6.0,1
s5,chickentenders,4.0,1
s5,meatballs,7.0,1
s5,gouda,16.0,1
s5,swisscheese,8.0,1
s5,potatochips,8.0,1
s5,tortillachips,6.0,1
s5,doritos,7.0,1
s5,ritzcracker,64.0,1
s5,saltinecracker,93.0,1
s5,wheatthins,92.0,1
s5,eggrolls,12.0,1
s5,frenchfries,6.0,1
s5,butteredpopcorn,4.0,1
s5,triscuits,70.0,1
s5,wavylays,6.0,1
s5,chocolateicecreamcone,6.0,1
s5,strawberryicecreamcone,37.0,1
s5,vanillasoftservecone,9.0,1
s5,nutrigrainbar,9.0,1
s5,churro,6.0,1
s5,twistdonut,7.0,1
s5,tuilecookie,13.0,1
s5,madeleine,7.0,1
s5,oatmealraisincookie,33.0,1
s5,thumprintcookie,13.0,1
s5,sugarcookie,11.0,1
s5,vanillawafer,34.0,1
s5,chocolatewafer,12.0,1
s5,chocolatebark,67.0,1
s5,darkchocolate,63.0,1
s5,milkchocolate,75.0,1
s5,pocky,61.0,1
s5,toblerone,64.0,1
s5,lindtlindorchocolatetruffle,57.0,1
s5,twix,64.0,1
s5,caramel,8.0,1
s5,peanutmms,32.0,1
s5,brownie,11.0,1
s5,frostedbrownie,4.0,1
s5,lemoncake,3.0,1
s5,orange,79.0,2
s5,plum,90.0,2
s5,blackberry,83.0,2
s5,peach,95.0,2
s5,cherry,99.0,2
s5,raspberry,28.0,2
s5,apple,99.0,2
s5,grape,99.0,2
s5,goldendeliciousapple,99.0,2
s5,honeydewmelon,99.0,2
s5,kiwi,84.0,2
s5,greenbellpepper,99.0,2
s5,carrot,99.0,2
s5,peanuts,60.0,2
s5,almonds,80.0,2
s5,baguette,2.0,2
s5,slicedloafbread,73.0,2
s5,boulebread,67.0,2
s5,ryebread,92.0,2
s5,deliturkey,2.0,2
s5,chickentenders,2.0,2
s5,meatballs,2.0,2
s5,gouda,65.0,2
s5,swisscheese,60.0,2
s5,potatochips,2.0,2
s5,tortillachips,2.0,2
s5,doritos,13.0,2
s5,ritzcracker,85.0,2
s5,saltinecracker,88.0,2
s5,wheatthins,86.0,2
s5,eggrolls,2.0,2
s5,frenchfries,2.0,2
s5,butteredpopcorn,2.0,2
s5,triscuits,97.0,2
s5,wavylays,3.0,2
s5,chocolateicecreamcone,83.0,2
s5,strawberryicecreamcone,57.0,2
s5,vanillasoftservecone,62.0,2
s5,nutrigrainbar,2.0,2
s5,churro,2.0,2
s5,twistdonut,2.0,2
s5,tuilecookie,2.0,2
s5,madeleine,2.0,2
s5,oatmealraisincookie,58.0,2
s5,thumprintcookie,3.0,2
s5,sugarcookie,20.0,2
s5,vanillawafer,63.0,2
s5,chocolatewafer,79.0,2
s5,chocolatebark,92.0,2
s5,darkchocolate,99.0,2
s5,milkchocolate,99.0,2
s5,pocky,72.0,2
s5,toblerone,76.0,2
s5,lindtlindorchocolatetruffle,99.0,2
s5,twix,95.0,2
s5,caramel,79.0,2
s5,peanutmms,62.0,2
s5,brownie,2.0,2
s5,frostedbrownie,2.0,2
s5,lemoncake,2.0,2
s7,orange,67.0,1
s7,plum,41.0,1
s7,blackberry,44.0,1
s7,peach,71.0,1
s7,cherry,51.0,1
s7,raspberry,57.0,1
s7,apple,58.0,1
s7,grape,82.0,1
s7,goldendeliciousapple,56.0,1
s7,honeydewmelon,63.0,1
s7,kiwi,64.0,1
s7,greenbellpepper,66.0,1
s7,carrot,54.0,1
s7,peanuts,41.0,1
s7,almonds,54.0,1
s7,baguette,52.0,1
s7,slicedloafbread,52.0,1
s7,boulebread,57.0,1
s7,ryebread,68.0,1
s7,deliturkey,71.0,1
s7,chickentenders,65.0,1
s7,meatballs,70.0,1
s7,gouda,74.0,1
s7,swisscheese,57.0,1
s7,potatochips,66.0,1
s7,tortillachips,55.0,1
s7,doritos,73.0,1
s7,ritzcracker,89.0,1
s7,saltinecracker,69.0,1
s7,wheatthins,63.0,1
s7,eggrolls,61.0,1
s7,frenchfries,58.0,1
s7,butteredpopcorn,70.0,1
s7,triscuits,11.0,1
s7,wavylays,60.0,1
s7,chocolateicecreamcone,56.0,1
s7,strawberryicecreamcone,56.0,1
s7,vanillasoftservecone,56.0,1
s7,nutrigrainbar,61.0,1
s7,churro,76.0,1
s7,twistdonut,56.0,1
s7,tuilecookie,71.0,1
s7,madeleine,57.0,1
s7,oatmealraisincookie,57.0,1
s7,thumprintcookie,55.0,1
s7,sugarcookie,69.0,1
s7,vanillawafer,72.0,1
s7,chocolatewafer,67.0,1
s7,chocolatebark,41.0,1
s7,darkchocolate,74.0,1
s7,milkchocolate,64.0,1
s7,pocky,70.0,1
s7,toblerone,70.0,1
s7,lindtlindorchocolatetruffle,67.0,1
s7,twix,73.0,1
s7,caramel,54.0,1
s7,peanutmms,66.0,1
s7,brownie,59.0,1
s7,frostedbrownie,61.0,1
s7,lemoncake,69.0,1
s7,orange,53.0,2
s7,plum,64.0,2
s7,blackberry,66.0,2
s7,peach,51.0,2
s7,cherry,48.0,2
s7,raspberry,51.0,2
s7,apple,51.0,2
s7,grape,52.0,2
s7,goldendeliciousapple,46.0,2
s7,honeydewmelon,33.0,2
s7,kiwi,58.0,2
s7,greenbellpepper,52.0,2
s7,carrot,50.0,2
s7,peanuts,61.0,2
s7,almonds,62.0,2
s7,baguette,67.0,2
s7,slicedloafbread,45.0,2
s7,boulebread,50.0,2
s7,ryebread,50.0,2
s7,deliturkey,49.0,2
s7,chickentenders,50.0,2
s7,meatballs,55.0,2
s7,gouda,51.0,2
s7,swisscheese,54.0,2
s7,potatochips,49.0,2
s7,tortillachips,50.0,2
s7,doritos,51.0,2
s7,ritzcracker,51.0,2
s7,saltinecracker,46.0,2
s7,wheatthins,50.0,2
s7,eggrolls,48.0,2
s7,frenchfries,45.0,2
s7,butteredpopcorn,52.0,2
s7,triscuits,58.0,2
s7,wavylays,51.0,2
s7,chocolateicecreamcone,51.0,2
s7,strawberryicecreamcone,58.0,2
s7,vanillasoftservecone,49.0,2
s7,nutrigrainbar,65.0,2
s7,churro,49.0,2
s7,twistdonut,51.0,2
s7,tuilecookie,50.0,2
s7,madeleine,56.0,2
s7,oatmealraisincookie,51.0,2
s7,thumprintcookie,49.0,2
s7,sugarcookie,66.0,2
s7,vanillawafer,49.0,2
s7,chocolatewafer,53.0,2
s7,chocolatebark,51.0,2
s7,darkchocolate,46.0,2
s7,milkchocolate,51.0,2
s7,pocky,51.0,2
s7,toblerone,51.0,2
s7,lindtlindorchocolatetruffle,50.0,2
s7,twix,63.0,2
s7,caramel,51.0,2
s7,peanutmms,51.0,2
s7,brownie,50.0,2
s7,frostedbrownie,50.0,2
s7,lemoncake,51.0,2
s8,orange,17.0,1
s8,plum,2.0,1
s8,blackberry,30.0,1
s8,peach,1.0,1
s8,cherry,6.0,1
s8,raspberry,5.0,1
s8,apple,51.0,1
s8,grape,2.0,1
s8,goldendeliciousapple,34.0,1
s8,honeydewmelon,1.0,1
s8,kiwi,1.0,1
s8,greenbellpepper,9.0,1
s8,carrot,1.0,1
s8,peanuts,30.0,1
s8,almonds,31.0,1
s8,baguette,99.0,1
s8,slicedloafbread,67.0,1
s8,boulebread,99.0,1
s8,ryebread,99.0,1
s8,deliturkey,99.0,1
s8,chickentenders,99.0,1
s8,meatballs,100.0,1
s8,gouda,77.0,1
s8,swisscheese,97.0,1
s8,potatochips,70.0,1
s8,tortillachips,67.0,1
s8,doritos,45.0,1
s8,ritzcracker,85.0,1
s8,saltinecracker,98.0,1
s8,wheatthins,83.0,1
s8,eggrolls,74.0,1
s8,frenchfries,68.0,1
s8,butteredpopcorn,85.0,1
s8,triscuits,64.0,1
s8,wavylays,63.0,1
s8,chocolateicecreamcone,52.0,1
s8,strawberryicecreamcone,2.0,1
s8,vanillasoftservecone,32.0,1
s8,nutrigrainbar,2.0,1
s8,churro,90.0,1
s8,twistdonut,63.0,1
s8,tuilecookie,48.0,1
s8,madeleine,51.0,1
s8,oatmealraisincookie,24.0,1
s8,thumprintcookie,2.0,1
s8,sugarcookie,57.0,1
s8,vanillawafer,41.0,1
s8,chocolatewafer,46.0,1
s8,chocolatebark,15.0,1
s8,darkchocolate,39.0,1
s8,milkchocolate,29.0,1
s8,pocky,45.0,1
s8,toblerone,38.0,1
s8,lindtlindorchocolatetruffle,27.0,1
s8,twix,2.0,1
s8,caramel,29.0,1
s8,peanutmms,36.0,1
s8,brownie,57.0,1
s8,frostedbrownie,48.0,1
s8,lemoncake,50.0,1
s8,orange,53.0,2
s8,plum,2.0,2
s8,blackberry,17.0,2
s8,peach,1.0,2
s8,cherry,7.0,2
s8,raspberry,13.0,2
s8,apple,41.0,2
s8,grape,9.0,2
s8,goldendeliciousapple,15.0,2
s8,honeydewmelon,2.0,2
s8,kiwi,3.0,2
s8,greenbellpepper,32.0,2
s8,carrot,1.0,2
s8,peanuts,47.0,2
s8,almonds,57.0,2
s8,baguette,100.0,2
s8,slicedloafbread,72.0,2
s8,boulebread,100.0,2
s8,ryebread,92.0,2
s8,deliturkey,100.0,2
s8,chickentenders,100.0,2
s8,meatballs,100.0,2
s8,gouda,71.0,2
s8,swisscheese,96.0,2
s8,potatochips,69.0,2
s8,tortillachips,67.0,2
s8,doritos,63.0,2
s8,ritzcracker,90.0,2
s8,saltinecracker,87.0,2
s8,wheatthins,71.0,2
s8,eggrolls,99.0,2
s8,frenchfries,81.0,2
s8,butteredpopcorn,71.0,2
s8,triscuits,71.0,2
s8,wavylays,81.0,2
s8,chocolateicecreamcone,43.0,2
s8,strawberryicecreamcone,21.0,2
s8,vanillasoftservecone,44.0,2
s8,nutrigrainbar,12.0,2
s8,churro,97.0,2
s8,twistdonut,74.0,2
s8,tuilecookie,59.0,2
s8,madeleine,70.0,2
s8,oatmealraisincookie,24.0,2
s8,thumprintcookie,1.0,2
s8,sugarcookie,59.0,2
s8,vanillawafer,54.0,2
s8,chocolatewafer,36.0,2
s8,chocolatebark,2.0,2
s8,darkchocolate,32.0,2
s8,milkchocolate,27.0,2
s8,pocky,38.0,2
s8,toblerone,27.0,2
s8,lindtlindorchocolatetruffle,2.0,2
s8,twix,8.0,2
s8,caramel,13.0,2
s8,peanutmms,38.0,2
s8,brownie,67.0,2
s8,frostedbrownie,27.0,2
s8,lemoncake,43.0,2
s9,orange,99.0,1
s9,plum,31.0,1
s9,blackberry,9.0,1
s9,peach,49.0,1
s9,cherry,11.0,1
s9,raspberry,50.0,1
s9,apple,71.0,1
s9,grape,80.0,1
s9,goldendeliciousapple,72.0,1
s9,honeydewmelon,50.0,1
s9,kiwi,50.0,1
s9,greenbellpepper,4.0,1
s9,carrot,28.0,1
s9,peanuts,20.0,1
s9,almonds,50.0,1
s9,baguette,99.0,1
s9,slicedloafbread,100.0,1
s9,boulebread,9.0,1
s9,ryebread,51.0,1
s9,deliturkey,99.0,1
s9,chickentenders,100.0,1
s9,meatballs,86.0,1
s9,gouda,50.0,1
s9,swisscheese,99.0,1
s9,potatochips,50.0,1
s9,tortillachips,51.0,1
s9,doritos,50.0,1
s9,ritzcracker,71.0,1
s9,saltinecracker,50.0,1
s9,wheatthins,51.0,1
s9,eggrolls,82.0,1
s9,frenchfries,50.0,1
s9,butteredpopcorn,16.0,1
s9,triscuits,24.0,1
s9,wavylays,50.0,1
s9,chocolateicecreamcone,97.0,1
s9,strawberryicecreamcone,93.0,1
s9,vanillasoftservecone,100.0,1
s9,nutrigrainbar,17.0,1
s9,churro,50.0,1
s9,twistdonut,92.0,1
s9,tuilecookie,50.0,1
s9,madeleine,50.0,1
s9,oatmealraisincookie,16.0,1
s9,thumprintcookie,50.0,1
s9,sugarcookie,51.0,1
s9,vanillawafer,86.0,1
s9,chocolatewafer,81.0,1
s9,chocolatebark,50.0,1
s9,darkchocolate,71.0,1
s9,milkchocolate,99.0,1
s9,pocky,13.0,1
s9,toblerone,51.0,1
s9,lindtlindorchocolatetruffle,91.0,1
s9,twix,99.0,1
s9,caramel,81.0,1
s9,peanutmms,16.0,1
s9,brownie,99.0,1
s9,frostedbrownie,100.0,1
s9,lemoncake,94.0,1
s9,orange,92.0,2
s9,plum,34.0,2
s9,blackberry,59.0,2
s9,peach,38.0,2
s9,cherry,60.0,2
s9,raspberry,59.0,2
s9,apple,78.0,2
s9,grape,94.0,2
s9,goldendeliciousapple,92.0,2
s9,honeydewmelon,6.0,2
s9,kiwi,28.0,2
s9,greenbellpepper,10.0,2
s9,carrot,28.0,2
s9,peanuts,35.0,2
s9,almonds,37.0,2
s9,baguette,66.0,2
s9,slicedloafbread,96.0,2
s9,boulebread,36.0,2
s9,ryebread,55.0,2
s9,deliturkey,87.0,2
s9,chickentenders,93.0,2
s9,meatballs,74.0,2
s9,gouda,72.0,2
s9,swisscheese,85.0,2
s9,potatochips,48.0,2
s9,tortillachips,43.0,2
s9,doritos,32.0,2
s9,ritzcracker,50.0,2
s9,saltinecracker,74.0,2
s9,wheatthins,63.0,2
s9,eggrolls,74.0,2
s9,frenchfries,60.0,2
s9,butteredpopcorn,32.0,2
s9,triscuits,50.0,2
s9,wavylays,47.0,2
s9,chocolateicecreamcone,72.0,2
s9,strawberryicecreamcone,94.0,2
s9,vanillasoftservecone,78.0,2
s9,nutrigrainbar,66.0,2
s9,churro,42.0,2
s9,twistdonut,46.0,2
s9,tuilecookie,43.0,2
s9,madeleine,60.0,2
s9,oatmealraisincookie,50.0,2
s9,thumprintcookie,51.0,2
s9,sugarcookie,58.0,2
s9,vanillawafer,73.0,2
s9,chocolatewafer,66.0,2
s9,chocolatebark,44.0,2
s9,darkchocolate,64.0,2
s9,milkchocolate,68.0,2
s9,pocky,18.0,2
s9,toblerone,43.0,2
s9,lindtlindorchocolatetruffle,50.0,2
s9,twix,74.0,2
s9,caramel,51.0,2
s9,peanutmms,25.0,2
s9,brownie,81.0,2
s9,frostedbrownie,83.0,2
s9,lemoncake,64.0,2
s10,orange,79.0,1
s10,plum,64.0,1
s10,blackberry,100.0,1
s10,peach,72.0,1
s10,cherry,99.0,1
s10,raspberry,81.0,1
s10,apple,99.0,1
s10,grape,85.0,1
s10,goldendeliciousapple,52.0,1
s10,honeydewmelon,99.0,1
s10,kiwi,99.0,1
s10,greenbellpepper,99.0,1
s10,carrot,98.0,1
s10,peanuts,99.0,1
s10,almonds,99.0,1
s10,baguette,71.0,1
s10,slicedloafbread,99.0,1
s10,boulebread,90.0,1
s10,ryebread,2.0,1
s10,deliturkey,2.0,1
s10,chickentenders,99.0,1
s10,meatballs,51.0,1
s10,gouda,50.0,1
s10,swisscheese,99.0,1
s10,potatochips,50.0,1
s10,tortillachips,79.0,1
s10,doritos,77.0,1
s10,ritzcracker,98.0,1
s10,saltinecracker,76.0,1
s10,wheatthins,99.0,1
s10,eggrolls,99.0,1
s10,frenchfries,99.0,1
s10,butteredpopcorn,99.0,1
s10,triscuits,50.0,1
s10,wavylays,76.0,1
s10,chocolateicecreamcone,1.0,1
s10,strawberryicecreamcone,99.0,1
s10,vanillasoftservecone,99.0,1
s10,nutrigrainbar,51.0,1
s10,churro,99.0,1
s10,twistdonut,77.0,1
s10,tuilecookie,51.0,1
s10,madeleine,50.0,1
s10,oatmealraisincookie,51.0,1
s10,thumprintcookie,50.0,1
s10,sugarcookie,2.0,1
s10,vanillawafer,99.0,1
s10,chocolatewafer,2.0,1
s10,chocolatebark,1.0,1
s10,darkchocolate,1.0,1
s10,milkchocolate,100.0,1
s10,pocky,100.0,1
s10,toblerone,75.0,1
s10,lindtlindorchocolatetruffle,51.0,1
s10,twix,51.0,1
s10,caramel,98.0,1
s10,peanutmms,99.0,1
s10,brownie,64.0,1
s10,frostedbrownie,66.0,1
s10,lemoncake,79.0,1
s10,orange,69.0,2
s10,plum,57.0,2
s10,blackberry,89.0,2
s10,peach,71.0,2
s10,cherry,99.0,2
s10,raspberry,90.0,2
s10,apple,85.0,2
s10,grape,66.0,2
s10,goldendeliciousapple,92.0,2
s10,honeydewmelon,67.0,2
s10,kiwi,61.0,2
s10,greenbellpepper,99.0,2
s10,carrot,60.0,2
s10,peanuts,90.0,2
s10,almonds,64.0,2
s10,baguette,84.0,2
s10,slicedloafbread,96.0,2
s10,boulebread,64.0,2
s10,ryebread,23.0,2
s10,deliturkey,34.0,2
s10,chickentenders,70.0,2
s10,meatballs,20.0,2
s10,gouda,50.0,2
s10,swisscheese,67.0,2
s10,potatochips,70.0,2
s10,tortillachips,66.0,2
s10,doritos,69.0,2
s10,ritzcracker,65.0,2
s10,saltinecracker,74.0,2
s10,wheatthins,62.0,2
s10,eggrolls,98.0,2
s10,frenchfries,74.0,2
s10,butteredpopcorn,59.0,2
s10,triscuits,50.0,2
s10,wavylays,73.0,2
s10,chocolateicecreamcone,1.0,2
s10,strawberryicecreamcone,82.0,2
s10,vanillasoftservecone,72.0,2
s10,nutrigrainbar,82.0,2
s10,churro,29.0,2
s10,twistdonut,79.0,2
s10,tuilecookie,35.0,2
s10,madeleine,31.0,2
s10,oatmealraisincookie,69.0,2
s10,thumprintcookie,65.0,2
s10,sugarcookie,25.0,2
s10,vanillawafer,76.0,2
s10,chocolatewafer,2.0,2
s10,chocolatebark,36.0,2
s10,darkchocolate,21.0,2
s10,milkchocolate,84.0,2
s10,pocky,22.0,2
s10,toblerone,88.0,2
s10,lindtlindorchocolatetruffle,28.0,2
s10,twix,58.0,2
s10,caramel,86.0,2
s10,peanutmms,68.0,2
s10,brownie,73.0,2
s10,frostedbrownie,76.0,2
s10,lemoncake,52.0,2
s11,orange,89.0,1
s11,plum,27.0,1
s11,blackberry,96.0,1
s11,peach,87.0,1
s11,cherry,91.0,1
s11,raspberry,100.0,1
s11,apple,80.0,1
s11,grape,74.0,1
s11,goldendeliciousapple,65.0,1
s11,honeydewmelon,74.0,1
s11,kiwi,59.0,1
s11,greenbellpepper,59.0,1
s11,carrot,37.0,1
s11,peanuts,85.0,1
s11,almonds,89.0,1
s11,baguette,86.0,1
s11,slicedloafbread,51.0,1
s11,boulebread,57.0,1
s11,ryebread,60.0,1
s11,deliturkey,5.0,1
s11,chickentenders,79.0,1
s11,meatballs,25.0,1
s11,gouda,1.0,1
s11,swisscheese,3.0,1
s11,potatochips,83.0,1
s11,tortillachips,20.0,1
s11,doritos,75.0,1
s11,ritzcracker,29.0,1
s11,saltinecracker,66.0,1
s11,wheatthins,78.0,1
s11,eggrolls,42.0,1
s11,frenchfries,74.0,1
s11,butteredpopcorn,94.0,1
s11,triscuits,80.0,1
s11,wavylays,84.0,1
s11,chocolateicecreamcone,57.0,1
s11,strawberryicecreamcone,24.0,1
s11,vanillasoftservecone,25.0,1
s11,nutrigrainbar,37.0,1
s11,churro,33.0,1
s11,twistdonut,68.0,1
s11,tuilecookie,83.0,1
s11,madeleine,70.0,1
s11,oatmealraisincookie,83.0,1
s11,thumprintcookie,10.0,1
s11,sugarcookie,8.0,1
s11,vanillawafer,24.0,1
s11,chocolatewafer,58.0,1
s11,chocolatebark,36.0,1
s11,darkchocolate,62.0,1
s11,milkchocolate,57.0,1
s11,pocky,35.0,1
s11,toblerone,65.0,1
s11,lindtlindorchocolatetruffle,62.0,1
s11,twix,61.0,1
s11,caramel,2.0,1
s11,peanutmms,74.0,1
s11,brownie,22.0,1
s11,frostedbrownie,24.0,1
s11,lemoncake,6.0,1
s11,orange,81.0,2
s11,plum,83.0,2
s11,blackberry,89.0,2
s11,peach,91.0,2
s11,cherry,91.0,2
s11,raspberry,93.0,2
s11,apple,80.0,2
s11,grape,68.0,2
s11,goldendeliciousapple,75.0,2
s11,honeydewmelon,71.0,2
s11,kiwi,77.0,2
s11,greenbellpepper,21.0,2
s11,carrot,10.0,2
s11,peanuts,66.0,2
s11,almonds,79.0,2
s11,baguette,62.0,2
s11,slicedloafbread,18.0,2
s11,boulebread,23.0,2
s11,ryebread,26.0,2
s11,deliturkey,50.0,2
s11,chickentenders,33.0,2
s11,meatballs,25.0,2
s11,gouda,7.0,2
s11,swisscheese,10.0,2
s11,potatochips,66.0,2
s11,tortillachips,71.0,2
s11,doritos,63.0,2
s11,ritzcracker,31.0,2
s11,saltinecracker,35.0,2
s11,wheatthins,81.0,2
s11,eggrolls,19.0,2
s11,frenchfries,51.0,2
s11,butteredpopcorn,81.0,2
s11,triscuits,62.0,2
s11,wavylays,69.0,2
s11,chocolateicecreamcone,10.0,2
s11,strawberryicecreamcone,15.0,2
s11,vanillasoftservecone,30.0,2
s11,nutrigrainbar,31.0,2
s11,churro,39.0,2
s11,twistdonut,62.0,2
s11,tuilecookie,25.0,2
s11,madeleine,28.0,2
s11,oatmealraisincookie,63.0,2
s11,thumprintcookie,16.0,2
s11,sugarcookie,63.0,2
s11,vanillawafer,31.0,2
s11,chocolatewafer,26.0,2
s11,chocolatebark,12.0,2
s11,darkchocolate,21.0,2
s11,milkchocolate,15.0,2
s11,pocky,67.0,2
s11,toblerone,8.0,2
s11,lindtlindorchocolatetruffle,28.0,2
s11,twix,20.0,2
s11,caramel,13.0,2
s11,peanutmms,51.0,2
s11,brownie,11.0,2
s11,frostedbrownie,17.0,2
s11,lemoncake,18.0,2
s12,orange,50.0,1
s12,plum,2.0,1
s12,blackberry,63.0,1
s12,peach,73.0,1
s12,cherry,50.0,1
s12,raspberry,51.0,1
s12,apple,96.0,1
s12,grape,49.0,1
s12,goldendeliciousapple,66.0,1
s12,honeydewmelon,10.0,1
s12,kiwi,2.0,1
s12,greenbellpepper,36.0,1
s12,carrot,51.0,1
s12,peanuts,51.0,1
s12,almonds,50.0,1
s12,baguette,24.0,1
s12,slicedloafbread,75.0,1
s12,boulebread,51.0,1
s12,ryebread,49.0,1
s12,deliturkey,4.0,1
s12,chickentenders,29.0,1
s12,meatballs,26.0,1
s12,gouda,19.0,1
s12,swisscheese,29.0,1
s12,potatochips,65.0,1
s12,tortillachips,28.0,1
s12,doritos,19.0,1
s12,ritzcracker,50.0,1
s12,saltinecracker,50.0,1
s12,wheatthins,27.0,1
s12,eggrolls,43.0,1
s12,frenchfries,49.0,1
s12,butteredpopcorn,51.0,1
s12,triscuits,83.0,1
s12,wavylays,70.0,1
s12,chocolateicecreamcone,31.0,1
s12,strawberryicecreamcone,32.0,1
s12,vanillasoftservecone,65.0,1
s12,nutrigrainbar,1.0,1
s12,churro,28.0,1
s12,twistdonut,20.0,1
s12,tuilecookie,51.0,1
s12,madeleine,35.0,1
s12,oatmealraisincookie,63.0,1
s12,thumprintcookie,39.0,1
s12,sugarcookie,79.0,1
s12,vanillawafer,32.0,1
s12,chocolatewafer,23.0,1
s12,chocolatebark,50.0,1
s12,darkchocolate,99.0,1
s12,milkchocolate,53.0,1
s12,pocky,28.0,1
s12,toblerone,2.0,1
s12,lindtlindorchocolatetruffle,29.0,1
s12,twix,79.0,1
s12,caramel,2.0,1
s12,peanutmms,51.0,1
s12,brownie,99.0,1
s12,frostedbrownie,100.0,1
s12,lemoncake,35.0,1
s12,orange,80.0,2
s12,plum,7.0,2
s12,blackberry,51.0,2
s12,peach,75.0,2
s12,cherry,20.0,2
s12,raspberry,72.0,2
s12,apple,100.0,2
s12,grape,41.0,2
s12,goldendeliciousapple,96.0,2
s12,honeydewmelon,2.0,2
s12,kiwi,22.0,2
s12,greenbellpepper,27.0,2
s12,carrot,75.0,2
s12,peanuts,61.0,2
s12,almonds,69.0,2
s12,baguette,18.0,2
s12,slicedloafbread,32.0,2
s12,boulebread,41.0,2
s12,ryebread,50.0,2
s12,deliturkey,1.0,2
s12,chickentenders,25.0,2
s12,meatballs,6.0,2
s12,gouda,10.0,2
s12,swisscheese,26.0,2
s12,potatochips,58.0,2
s12,tortillachips,32.0,2
s12,doritos,1.0,2
s12,ritzcracker,50.0,2
s12,saltinecracker,50.0,2
s12,wheatthins,50.0,2
s12,eggrolls,24.0,2
s12,frenchfries,23.0,2
s12,butteredpopcorn,43.0,2
s12,triscuits,51.0,2
s12,wavylays,40.0,2
s12,chocolateicecreamcone,50.0,2
s12,strawberryicecreamcone,61.0,2
s12,vanillasoftservecone,50.0,2
s12,nutrigrainbar,2.0,2
s12,churro,22.0,2
s12,twistdonut,3.0,2
s12,tuilecookie,22.0,2
s12,madeleine,31.0,2
s12,oatmealraisincookie,76.0,2
s12,thumprintcookie,51.0,2
s12,sugarcookie,41.0,2
s12,vanillawafer,22.0,2
s12,chocolatewafer,3.0,2
s12,chocolatebark,22.0,2
s12,darkchocolate,99.0,2
s12,milkchocolate,59.0,2
s12,pocky,5.0,2
s12,toblerone,1.0,2
s12,lindtlindorchocolatetruffle,23.0,2
s12,twix,62.0,2
s12,caramel,2.0,2
s12,peanutmms,62.0,2
s12,brownie,53.0,2
s12,frostedbrownie,72.0,2
s12,lemoncake,61.0,2
s13,orange,26.0,1
s13,plum,21.0,1
s13,blackberry,1.0,1
s13,peach,1.0,1
s13,cherry,19.0,1
s13,raspberry,1.0,1
s13,apple,37.0,1
s13,grape,70.0,1
s13,goldendeliciousapple,23.0,1
s13,honeydewmelon,2.0,1
s13,kiwi,57.0,1
s13,greenbellpepper,52.0,1
s13,carrot,22.0,1
s13,peanuts,49.0,1
s13,almonds,2.0,1
s13,baguette,50.0,1
s13,slicedloafbread,68.0,1
s13,boulebread,51.0,1
s13,ryebread,40.0,1
s13,deliturkey,65.0,1
s13,chickentenders,100.0,1
s13,meatballs,62.0,1
s13,gouda,29.0,1
s13,swisscheese,23.0,1
s13,potatochips,84.0,1
s13,tortillachips,29.0,1
s13,doritos,36.0,1
s13,ritzcracker,40.0,1
s13,saltinecracker,42.0,1
s13,wheatthins,49.0,1
s13,eggrolls,2.0,1
s13,frenchfries,63.0,1
s13,butteredpopcorn,30.0,1
s13,triscuits,1.0,1
s13,wavylays,100.0,1
s13,chocolateicecreamcone,50.0,1
s13,strawberryicecreamcone,2.0,1
s13,vanillasoftservecone,100.0,1
s13,nutrigrainbar,63.0,1
s13,churro,74.0,1
s13,twistdonut,79.0,1
s13,tuilecookie,2.0,1
s13,madeleine,25.0,1
s13,oatmealraisincookie,72.0,1
s13,thumprintcookie,17.0,1
s13,sugarcookie,28.0,1
s13,vanillawafer,91.0,1
s13,chocolatewafer,33.0,1
s13,chocolatebark,54.0,1
s13,darkchocolate,100.0,1
s13,milkchocolate,99.0,1
s13,pocky,57.0,1
s13,toblerone,16.0,1
s13,lindtlindorchocolatetruffle,70.0,1
s13,twix,35.0,1
s13,caramel,1.0,1
s13,peanutmms,80.0,1
s13,brownie,51.0,1
s13,frostedbrownie,65.0,1
s13,lemoncake,60.0,1
s13,orange,37.0,2
s13,plum,19.0,2
s13,blackberry,9.0,2
s13,peach,13.0,2
s13,cherry,29.0,2
s13,raspberry,1.0,2
s13,apple,34.0,2
s13,grape,81.0,2
s13,goldendeliciousapple,31.0,2
s13,honeydewmelon,25.0,2
s13,kiwi,59.0,2
s13,greenbellpepper,88.0,2
s13,carrot,63.0,2
s13,peanuts,39.0,2
s13,almonds,1.0,2
s13,baguette,38.0,2
s13,slicedloafbread,43.0,2
s13,boulebread,40.0,2
s13,ryebread,41.0,2
s13,deliturkey,38.0,2
s13,chickentenders,100.0,2
s13,meatballs,81.0,2
s13,gouda,31.0,2
s13,swisscheese,38.0,2
s13,potatochips,89.0,2
s13,tortillachips,29.0,2
s13,doritos,29.0,2
s13,ritzcracker,28.0,2
s13,saltinecracker,30.0,2
s13,wheatthins,23.0,2
s13,eggrolls,1.0,2
s13,frenchfries,90.0,2
s13,butteredpopcorn,28.0,2
s13,triscuits,34.0,2
s13,wavylays,75.0,2
s13,chocolateicecreamcone,54.0,2
s13,strawberryicecreamcone,37.0,2
s13,vanillasoftservecone,100.0,2
s13,nutrigrainbar,55.0,2
s13,churro,56.0,2
s13,twistdonut,70.0,2
s13,tuilecookie,31.0,2
s13,madeleine,27.0,2
s13,oatmealraisincookie,56.0,2
s13,thumprintcookie,34.0,2
s13,sugarcookie,33.0,2
s13,vanillawafer,100.0,2
s13,chocolatewafer,62.0,2
s13,chocolatebark,39.0,2
s13,darkchocolate,84.0,2
s13,milkchocolate,74.0,2
s13,pocky,35.0,2
s13,toblerone,1.0,2
s13,lindtlindorchocolatetruffle,66.0,2
s13,twix,29.0,2
s13,caramel,1.0,2
s13,peanutmms,72.0,2
s13,brownie,56.0,2
s13,frostedbrownie,88.0,2
s13,lemoncake,55.0,2
s14,orange,100.0,1
s14,plum,100.0,1
s14,blackberry,98.0,1
s14,peach,89.0,1
s14,cherry,96.0,1
s14,raspberry,76.0,1
s14,apple,97.0,1
s14,grape,74.0,1
s14,goldendeliciousapple,99.0,1
s14,honeydewmelon,74.0,1
s14,kiwi,91.0,1
s14,greenbellpepper,48.0,1
s14,carrot,98.0,1
s14,peanuts,38.0,1
s14,almonds,96.0,1
s14,baguette,65.0,1
s14,slicedloafbread,28.0,1
s14,boulebread,52.0,1
s14,ryebread,84.0,1
s14,deliturkey,21.0,1
s14,chickentenders,37.0,1
s14,meatballs,33.0,1
s14,gouda,38.0,1
s14,swisscheese,95.0,1
s14,potatochips,57.0,1
s14,tortillachips,68.0,1
s14,doritos,68.0,1
s14,ritzcracker,68.0,1
s14,saltinecracker,62.0,1
s14,wheatthins,39.0,1
s14,eggrolls,24.0,1
s14,frenchfries,62.0,1
s14,butteredpopcorn,45.0,1
s14,triscuits,65.0,1
s14,wavylays,50.0,1
s14,chocolateicecreamcone,71.0,1
s14,strawberryicecreamcone,63.0,1
s14,vanillasoftservecone,83.0,1
s14,nutrigrainbar,27.0,1
s14,churro,29.0,1
s14,twistdonut,35.0,1
s14,tuilecookie,25.0,1
s14,madeleine,39.0,1
s14,oatmealraisincookie,64.0,1
s14,thumprintcookie,72.0,1
s14,sugarcookie,49.0,1
s14,vanillawafer,30.0,1
s14,chocolatewafer,18.0,1
s14,chocolatebark,84.0,1
s14,darkchocolate,64.0,1
s14,milkchocolate,67.0,1
s14,pocky,7.0,1
s14,toblerone,100.0,1
s14,lindtlindorchocolatetruffle,37.0,1
s14,twix,71.0,1
s14,caramel,24.0,1
s14,peanutmms,74.0,1
s14,brownie,82.0,1
s14,frostedbrownie,69.0,1
s14,lemoncake,49.0,1
s14,orange,82.0,2
s14,plum,86.0,2
s14,blackberry,81.0,2
s14,peach,81.0,2
s14,cherry,87.0,2
s14,raspberry,64.0,2
s14,apple,96.0,2
s14,grape,81.0,2
s14,goldendeliciousapple,96.0,2
s14,honeydewmelon,58.0,2
s14,kiwi,97.0,2
s14,greenbellpepper,74.0,2
s14,carrot,96.0,2
s14,peanuts,64.0,2
s14,almonds,96.0,2
s14,baguette,60.0,2
s14,slicedloafbread,29.0,2
s14,boulebread,72.0,2
s14,ryebread,72.0,2
s14,deliturkey,55.0,2
s14,chickentenders,50.0,2
s14,meatballs,36.0,2
s14,gouda,68.0,2
s14,swisscheese,89.0,2
s14,potatochips,62.0,2
s14,tortillachips,64.0,2
s14,doritos,58.0,2
s14,ritzcracker,45.0,2
s14,saltinecracker,60.0,2
s14,wheatthins,43.0,2
s14,eggrolls,20.0,2
s14,frenchfries,38.0,2
s14,butteredpopcorn,32.0,2
s14,triscuits,70.0,2
s14,wavylays,33.0,2
s14,chocolateicecreamcone,27.0,2
s14,strawberryicecreamcone,21.0,2
s14,vanillasoftservecone,22.0,2
s14,nutrigrainbar,34.0,2
s14,churro,24.0,2
s14,twistdonut,30.0,2
s14,tuilecookie,26.0,2
s14,madeleine,58.0,2
s14,oatmealraisincookie,64.0,2
s14,thumprintcookie,40.0,2
s14,sugarcookie,54.0,2
s14,vanillawafer,33.0,2
s14,chocolatewafer,37.0,2
s14,chocolatebark,73.0,2
s14,darkchocolate,37.0,2
s14,milkchocolate,76.0,2
s14,pocky,16.0,2
s14,toblerone,71.0,2
s14,lindtlindorchocolatetruffle,25.0,2
s14,twix,64.0,2
s14,caramel,33.0,2
s14,peanutmms,14.0,2
s14,brownie,36.0,2
s14,frostedbrownie,37.0,2
s14,lemoncake,32.0,2
s15,orange,38.0,1
s15,plum,32.0,1
s15,blackberry,48.0,1
s15,peach,60.0,1
s15,cherry,22.0,1
s15,raspberry,48.0,1
s15,apple,59.0,1
s15,grape,59.0,1
s15,goldendeliciousapple,39.0,1
s15,honeydewmelon,33.0,1
s15,kiwi,36.0,1
s15,greenbellpepper,8.0,1
s15,carrot,20.0,1
s15,peanuts,8.0,1
s15,almonds,33.0,1
s15,baguette,7.0,1
s15,slicedloafbread,23.0,1
s15,boulebread,15.0,1
s15,ryebread,20.0,1
s15,deliturkey,18.0,1
s15,chickentenders,45.0,1
s15,meatballs,10.0,1
s15,gouda,32.0,1
s15,swisscheese,6.0,1
s15,potatochips,78.0,1
s15,tortillachips,33.0,1
s15,doritos,32.0,1
s15,ritzcracker,27.0,1
s15,saltinecracker,26.0,1
s15,wheatthins,29.0,1
s15,eggrolls,68.0,1
s15,frenchfries,49.0,1
s15,butteredpopcorn,30.0,1
s15,triscuits,28.0,1
s15,wavylays,63.0,1
s15,chocolateicecreamcone,25.0,1
s15,strawberryicecreamcone,25.0,1
s15,vanillasoftservecone,21.0,1
s15,nutrigrainbar,41.0,1
s15,churro,62.0,1
s15,twistdonut,32.0,1
s15,tuilecookie,38.0,1
s15,madeleine,25.0,1
s15,oatmealraisincookie,27.0,1
s15,thumprintcookie,35.0,1
s15,sugarcookie,38.0,1
s15,vanillawafer,62.0,1
s15,chocolatewafer,54.0,1
s15,chocolatebark,37.0,1
s15,darkchocolate,37.0,1
s15,milkchocolate,56.0,1
s15,pocky,69.0,1
s15,toblerone,28.0,1
s15,lindtlindorchocolatetruffle,54.0,1
s15,twix,51.0,1
s15,caramel,20.0,1
s15,peanutmms,61.0,1
s15,brownie,28.0,1
s15,frostedbrownie,34.0,1
s15,lemoncake,32.0,1
s15,orange,61.0,2
s15,plum,59.0,2
s15,blackberry,70.0,2
s15,peach,60.0,2
s15,cherry,44.0,2
s15,raspberry,42.0,2
s15,apple,57.0,2
s15,grape,67.0,2
s15,goldendeliciousapple,40.0,2
s15,honeydewmelon,36.0,2
s15,kiwi,63.0,2
s15,greenbellpepper,10.0,2
s15,carrot,24.0,2
s15,peanuts,43.0,2
s15,almonds,54.0,2
s15,baguette,29.0,2
s15,slicedloafbread,24.0,2
s15,boulebread,24.0,2
s15,ryebread,21.0,2
s15,deliturkey,33.0,2
s15,chickentenders,35.0,2
s15,meatballs,30.0,2
s15,gouda,17.0,2
s15,swisscheese,9.0,2
s15,potatochips,73.0,2
s15,tortillachips,24.0,2
s15,doritos,42.0,2
s15,ritzcracker,31.0,2
s15,saltinecracker,27.0,2
s15,wheatthins,34.0,2
s15,eggrolls,67.0,2
s15,frenchfries,72.0,2
s15,butteredpopcorn,35.0,2
s15,triscuits,28.0,2
s15,wavylays,66.0,2
s15,chocolateicecreamcone,43.0,2
s15,strawberryicecreamcone,41.0,2
s15,vanillasoftservecone,40.0,2
s15,nutrigrainbar,36.0,2
s15,churro,67.0,2
s15,twistdonut,35.0,2
s15,tuilecookie,39.0,2
s15,madeleine,26.0,2
s15,oatmealraisincookie,36.0,2
s15,thumprintcookie,36.0,2
s15,sugarcookie,32.0,2
s15,vanillawafer,62.0,2
s15,chocolatewafer,57.0,2
s15,chocolatebark,41.0,2
s15,darkchocolate,68.0,2
s15,milkchocolate,43.0,2
s15,pocky,69.0,2
s15,toblerone,65.0,2
s15,lindtlindorchocolatetruffle,53.0,2
s15,twix,69.0,2
s15,caramel,29.0,2
s15,peanutmms,43.0,2
s15,brownie,33.0,2
s15,frostedbrownie,27.0,2
s15,lemoncake,29.0,2
s16,orange,86.0,1
s16,plum,93.0,1
s16,blackberry,82.0,1
s16,peach,90.0,1
s16,cherry,97.0,1
s16,raspberry,99.0,1
s16,apple,83.0,1
s16,grape,100.0,1
s16,goldendeliciousapple,61.0,1
s16,honeydewmelon,58.0,1
s16,kiwi,57.0,1
s16,greenbellpepper,29.0,1
s16,carrot,51.0,1
s16,peanuts,89.0,1
s16,almonds,50.0,1
s16,baguette,91.0,1
s16,slicedloafbread,91.0,1
s16,boulebread,96.0,1
s16,ryebread,99.0,1
s16,deliturkey,52.0,1
s16,chickentenders,61.0,1
s16,meatballs,19.0,1
s16,gouda,66.0,1
s16,swisscheese,95.0,1
s16,potatochips,18.0,1
s16,tortillachips,40.0,1
s16,doritos,44.0,1
s16,ritzcracker,46.0,1
s16,saltinecracker,26.0,1
s16,wheatthins,22.0,1
s16,eggrolls,76.0,1
s16,frenchfries,41.0,1
s16,butteredpopcorn,14.0,1
s16,triscuits,64.0,1
s16,wavylays,19.0,1
s16,chocolateicecreamcone,9.0,1
s16,strawberryicecreamcone,8.0,1
s16,vanillasoftservecone,7.0,1
s16,nutrigrainbar,46.0,1
s16,churro,37.0,1
s16,twistdonut,10.0,1
s16,tuilecookie,13.0,1
s16,madeleine,14.0,1
s16,oatmealraisincookie,16.0,1
s16,thumprintcookie,11.0,1
s16,sugarcookie,13.0,1
s16,vanillawafer,6.0,1
s16,chocolatewafer,15.0,1
s16,chocolatebark,10.0,1
s16,darkchocolate,19.0,1
s16,milkchocolate,9.0,1
s16,pocky,18.0,1
s16,toblerone,15.0,1
s16,lindtlindorchocolatetruffle,7.0,1
s16,twix,13.0,1
s16,caramel,2.0,1
s16,peanutmms,23.0,1
s16,brownie,12.0,1
s16,frostedbrownie,13.0,1
s16,lemoncake,6.0,1
s16,orange,100.0,2
s16,plum,100.0,2
s16,blackberry,85.0,2
s16,peach,100.0,2
s16,cherry,100.0,2
s16,raspberry,100.0,2
s16,apple,60.0,2
s16,grape,100.0,2
s16,goldendeliciousapple,60.0,2
s16,honeydewmelon,53.0,2
s16,kiwi,58.0,2
s16,greenbellpepper,3.0,2
s16,carrot,13.0,2
s16,peanuts,29.0,2
s16,almonds,48.0,2
s16,baguette,100.0,2
s16,slicedloafbread,62.0,2
s16,boulebread,95.0,2
s16,ryebread,96.0,2
s16,deliturkey,53.0,2
s16,chickentenders,52.0,2
s16,meatballs,23.0,2
s16,gouda,63.0,2
s16,swisscheese,72.0,2
s16,potatochips,41.0,2
s16,tortillachips,17.0,2
s16,doritos,11.0,2
s16,ritzcracker,55.0,2
s16,saltinecracker,65.0,2
s16,wheatthins,41.0,2
s16,eggrolls,72.0,2
s16,frenchfries,21.0,2
s16,butteredpopcorn,22.0,2
s16,triscuits,55.0,2
s16,wavylays,5.0,2
s16,chocolateicecreamcone,19.0,2
s16,strawberryicecreamcone,4.0,2
s16,vanillasoftservecone,6.0,2
s16,nutrigrainbar,52.0,2
s16,churro,14.0,2
s16,twistdonut,11.0,2
s16,tuilecookie,4.0,2
s16,madeleine,5.0,2
s16,oatmealraisincookie,21.0,2
s16,thumprintcookie,7.0,2
s16,sugarcookie,4.0,2
s16,vanillawafer,3.0,2
s16,chocolatewafer,7.0,2
s16,chocolatebark,3.0,2
s16,darkchocolate,4.0,2
s16,milkchocolate,6.0,2
s16,pocky,4.0,2
s16,toblerone,4.0,2
s16,lindtlindorchocolatetruffle,3.0,2
s16,twix,2.0,2
s16,caramel,1.0,2
s16,peanutmms,4.0,2
s16,brownie,6.0,2
s16,frostedbrownie,6.0,2
s16,lemoncake,1.0,2
s18,orange,82.0,1
s18,plum,59.0,1
s18,blackberry,66.0,1
s18,peach,58.0,1
s18,cherry,89.0,1
s18,raspberry,77.0,1
s18,apple,62.0,1
s18,grape,66.0,1
s18,goldendeliciousapple,60.0,1
s18,honeydewmelon,10.0,1
s18,kiwi,66.0,1
s18,greenbellpepper,5.0,1
s18,carrot,41.0,1
s18,peanuts,43.0,1
s18,almonds,34.0,1
s18,baguette,9.0,1
s18,slicedloafbread,45.0,1
s18,boulebread,9.0,1
s18,ryebread,11.0,1
s18,deliturkey,12.0,1
s18,chickentenders,19.0,1
s18,meatballs,20.0,1
s18,gouda,36.0,1
s18,swisscheese,8.0,1
s18,potatochips,17.0,1
s18,tortillachips,13.0,1
s18,doritos,11.0,1
s18,ritzcracker,54.0,1
s18,saltinecracker,30.0,1
s18,wheatthins,12.0,1
s18,eggrolls,33.0,1
s18,frenchfries,59.0,1
s18,butteredpopcorn,56.0,1
s18,triscuits,8.0,1
s18,wavylays,42.0,1
s18,chocolateicecreamcone,12.0,1
s18,strawberryicecreamcone,39.0,1
s18,vanillasoftservecone,56.0,1
s18,nutrigrainbar,40.0,1
s18,churro,20.0,1
s18,twistdonut,27.0,1
s18,tuilecookie,9.0,1
s18,madeleine,2.0,1
s18,oatmealraisincookie,27.0,1
s18,thumprintcookie,23.0,1
s18,sugarcookie,6.0,1
s18,vanillawafer,6.0,1
s18,chocolatewafer,11.0,1
s18,chocolatebark,18.0,1
s18,darkchocolate,38.0,1
s18,milkchocolate,29.0,1
s18,pocky,5.0,1
s18,toblerone,18.0,1
s18,lindtlindorchocolatetruffle,20.0,1
s18,twix,15.0,1
s18,caramel,16.0,1
s18,peanutmms,40.0,1
s18,brownie,19.0,1
s18,frostedbrownie,43.0,1
s18,lemoncake,16.0,1
s18,orange,75.0,2
s18,plum,75.0,2
s18,blackberry,75.0,2
s18,peach,68.0,2
s18,cherry,88.0,2
s18,raspberry,70.0,2
s18,apple,71.0,2
s18,grape,69.0,2
s18,goldendeliciousapple,64.0,2
s18,honeydewmelon,20.0,2
s18,kiwi,97.0,2
s18,greenbellpepper,2.0,2
s18,carrot,27.0,2
s18,peanuts,71.0,2
s18,almonds,77.0,2
s18,baguette,84.0,2
s18,slicedloafbread,68.0,2
s18,boulebread,52.0,2
s18,ryebread,66.0,2
s18,deliturkey,37.0,2
s18,chickentenders,34.0,2
s18,meatballs,37.0,2
s18,gouda,35.0,2
s18,swisscheese,45.0,2
s18,potatochips,26.0,2
s18,tortillachips,35.0,2
s18,doritos,17.0,2
s18,ritzcracker,100.0,2
s18,saltinecracker,73.0,2
s18,wheatthins,78.0,2
s18,eggrolls,12.0,2
s18,frenchfries,52.0,2
s18,butteredpopcorn,90.0,2
s18,triscuits,74.0,2
s18,wavylays,54.0,2
s18,chocolateicecreamcone,8.0,2
s18,strawberryicecreamcone,18.0,2
s18,vanillasoftservecone,61.0,2
s18,nutrigrainbar,49.0,2
s18,churro,52.0,2
s18,twistdonut,50.0,2
s18,tuilecookie,6.0,2
s18,madeleine,32.0,2
s18,oatmealraisincookie,27.0,2
s18,thumprintcookie,35.0,2
s18,sugarcookie,37.0,2
s18,vanillawafer,52.0,2
s18,chocolatewafer,31.0,2
s18,chocolatebark,37.0,2
s18,darkchocolate,15.0,2
s18,milkchocolate,28.0,2
s18,pocky,3.0,2
s18,toblerone,34.0,2
s18,lindtlindorchocolatetruffle,32.0,2
s18,twix,29.0,2
s18,caramel,4.0,2
s18,peanutmms,35.0,2
s18,brownie,37.0,2
s18,frostedbrownie,23.0,2
s18,lemoncake,43.0,2
s20,orange,67.0,1
s20,plum,67.0,1
s20,blackberry,100.0,1
s20,peach,74.0,1
s20,cherry,100.0,1
s20,raspberry,100.0,1
s20,apple,50.0,1
s20,grape,100.0,1
s20,goldendeliciousapple,50.0,1
s20,honeydewmelon,1.0,1
s20,kiwi,100.0,1
s20,greenbellpepper,50.0,1
s20,carrot,50.0,1
s20,peanuts,69.0,1
s20,almonds,35.0,1
s20,baguette,88.0,1
s20,slicedloafbread,62.0,1
s20,boulebread,100.0,1
s20,ryebread,74.0,1
s20,deliturkey,100.0,1
s20,chickentenders,86.0,1
s20,meatballs,27.0,1
s20,gouda,16.0,1
s20,swisscheese,17.0,1
s20,potatochips,100.0,1
s20,tortillachips,100.0,1
s20,doritos,100.0,1
s20,ritzcracker,30.0,1
s20,saltinecracker,26.0,1
s20,wheatthins,25.0,1
s20,eggrolls,100.0,1
s20,frenchfries,100.0,1
s20,butteredpopcorn,100.0,1
s20,triscuits,33.0,1
s20,wavylays,100.0,1
s20,chocolateicecreamcone,31.0,1
s20,strawberryicecreamcone,1.0,1
s20,vanillasoftservecone,27.0,1
s20,nutrigrainbar,50.0,1
s20,churro,33.0,1
s20,twistdonut,18.0,1
s20,tuilecookie,62.0,1
s20,madeleine,42.0,1
s20,oatmealraisincookie,100.0,1
s20,thumprintcookie,50.0,1
s20,sugarcookie,26.0,1
s20,vanillawafer,27.0,1
s20,chocolatewafer,50.0,1
s20,chocolatebark,57.0,1
s20,darkchocolate,37.0,1
s20,milkchocolate,50.0,1
s20,pocky,50.0,1
s20,toblerone,53.0,1
s20,lindtlindorchocolatetruffle,50.0,1
s20,twix,41.0,1
s20,caramel,80.0,1
s20,peanutmms,50.0,1
s20,brownie,100.0,1
s20,frostedbrownie,100.0,1
s20,lemoncake,50.0,1
s20,orange,72.0,2
s20,plum,70.0,2
s20,blackberry,100.0,2
s20,peach,81.0,2
s20,cherry,100.0,2
s20,raspberry,100.0,2
s20,apple,52.0,2
s20,grape,100.0,2
s20,goldendeliciousapple,50.0,2
s20,honeydewmelon,1.0,2
s20,kiwi,65.0,2
s20,greenbellpepper,57.0,2
s20,carrot,67.0,2
s20,peanuts,60.0,2
s20,almonds,38.0,2
s20,baguette,84.0,2
s20,slicedloafbread,60.0,2
s20,boulebread,73.0,2
s20,ryebread,69.0,2
s20,deliturkey,94.0,2
s20,chickentenders,100.0,2
s20,meatballs,50.0,2
s20,gouda,1.0,2
s20,swisscheese,8.0,2
s20,potatochips,100.0,2
s20,tortillachips,59.0,2
s20,doritos,100.0,2
s20,ritzcracker,28.0,2
s20,saltinecracker,29.0,2
s20,wheatthins,41.0,2
s20,eggrolls,100.0,2
s20,frenchfries,100.0,2
s20,butteredpopcorn,62.0,2
s20,triscuits,29.0,2
s20,wavylays,100.0,2
s20,chocolateicecreamcone,47.0,2
s20,strawberryicecreamcone,1.0,2
s20,vanillasoftservecone,41.0,2
s20,nutrigrainbar,41.0,2
s20,churro,41.0,2
s20,twistdonut,28.0,2
s20,tuilecookie,35.0,2
s20,madeleine,33.0,2
s20,oatmealraisincookie,65.0,2
s20,thumprintcookie,57.0,2
s20,sugarcookie,34.0,2
s20,vanillawafer,50.0,2
s20,chocolatewafer,35.0,2
s20,chocolatebark,55.0,2
s20,darkchocolate,41.0,2
s20,milkchocolate,55.0,2
s20,pocky,42.0,2
s20,toblerone,54.0,2
s20,lindtlindorchocolatetruffle,45.0,2
s20,twix,43.0,2
s20,caramel,58.0,2
s20,peanutmms,54.0,2
s20,brownie,70.0,2
s20,frostedbrownie,100.0,2
s20,lemoncake,45.0,2
s21,orange,31.0,1
s21,plum,64.0,1
s21,blackberry,51.0,1
s21,peach,64.0,1
s21,cherry,98.0,1
s21,raspberry,86.0,1
s21,apple,83.0,1
s21,grape,67.0,1
s21,goldendeliciousapple,91.0,1
s21,honeydewmelon,19.0,1
s21,kiwi,66.0,1
s21,greenbellpepper,98.0,1
s21,carrot,90.0,1
s21,peanuts,61.0,1
s21,almonds,67.0,1
s21,baguette,7.0,1
s21,slicedloafbread,8.0,1
s21,boulebread,9.0,1
s21,ryebread,12.0,1
s21,deliturkey,96.0,1
s21,chickentenders,65.0,1
s21,meatballs,96.0,1
s21,gouda,99.0,1
s21,swisscheese,97.0,1
s21,potatochips,85.0,1
s21,tortillachips,92.0,1
s21,doritos,76.0,1
s21,ritzcracker,84.0,1
s21,saltinecracker,82.0,1
s21,wheatthins,64.0,1
s21,eggrolls,98.0,1
s21,frenchfries,79.0,1
s21,butteredpopcorn,23.0,1
s21,triscuits,63.0,1
s21,wavylays,97.0,1
s21,chocolateicecreamcone,38.0,1
s21,strawberryicecreamcone,11.0,1
s21,vanillasoftservecone,34.0,1
s21,nutrigrainbar,4.0,1
s21,churro,87.0,1
s21,twistdonut,91.0,1
s21,tuilecookie,78.0,1
s21,madeleine,49.0,1
s21,oatmealraisincookie,67.0,1
s21,thumprintcookie,49.0,1
s21,sugarcookie,24.0,1
s21,vanillawafer,10.0,1
s21,chocolatewafer,22.0,1
s21,chocolatebark,73.0,1
s21,darkchocolate,96.0,1
s21,milkchocolate,84.0,1
s21,pocky,49.0,1
s21,toblerone,80.0,1
s21,lindtlindorchocolatetruffle,82.0,1
s21,twix,72.0,1
s21,caramel,63.0,1
s21,peanutmms,29.0,1
s21,brownie,64.0,1
s21,frostedbrownie,90.0,1
s21,lemoncake,12.0,1
s21,orange,26.0,2
s21,plum,79.0,2
s21,blackberry,98.0,2
s21,peach,37.0,2
s21,cherry,73.0,2
s21,raspberry,99.0,2
s21,apple,98.0,2
s21,grape,64.0,2
s21,goldendeliciousapple,98.0,2
s21,honeydewmelon,34.0,2
s21,kiwi,96.0,2
s21,greenbellpepper,95.0,2
s21,carrot,99.0,2
s21,peanuts,62.0,2
s21,almonds,61.0,2
s21,baguette,79.0,2
s21,slicedloafbread,36.0,2
s21,boulebread,44.0,2
s21,ryebread,68.0,2
s21,deliturkey,91.0,2
s21,chickentenders,99.0,2
s21,meatballs,100.0,2
s21,gouda,98.0,2
s21,swisscheese,93.0,2
s21,potatochips,96.0,2
s21,tortillachips,60.0,2
s21,doritos,95.0,2
s21,ritzcracker,83.0,2
s21,saltinecracker,89.0,2
s21,wheatthins,78.0,2
s21,eggrolls,97.0,2
s21,frenchfries,90.0,2
s21,butteredpopcorn,3.0,2
s21,triscuits,63.0,2
s21,wavylays,93.0,2
s21,chocolateicecreamcone,15.0,2
s21,strawberryicecreamcone,6.0,2
s21,vanillasoftservecone,32.0,2
s21,nutrigrainbar,4.0,2
s21,churro,78.0,2
s21,twistdonut,70.0,2
s21,tuilecookie,99.0,2
s21,madeleine,42.0,2
s21,oatmealraisincookie,98.0,2
s21,thumprintcookie,27.0,2
s21,sugarcookie,39.0,2
s21,vanillawafer,6.0,2
s21,chocolatewafer,38.0,2
s21,chocolatebark,88.0,2
s21,darkchocolate,84.0,2
s21,milkchocolate,57.0,2
s21,pocky,8.0,2
s21,toblerone,90.0,2
s21,lindtlindorchocolatetruffle,26.0,2
s21,twix,35.0,2
s21,caramel,22.0,2
s21,peanutmms,34.0,2
s21,brownie,65.0,2
s21,frostedbrownie,66.0,2
s21,lemoncake,2.0,2
s22,orange,81.0,1
s22,plum,92.0,1
s22,blackberry,99.0,1
s22,peach,96.0,1
s22,cherry,77.0,1
s22,raspberry,100.0,1
s22,apple,92.0,1
s22,grape,87.0,1
s22,goldendeliciousapple,97.0,1
s22,honeydewmelon,99.0,1
s22,kiwi,82.0,1
s22,greenbellpepper,45.0,1
s22,carrot,98.0,1
s22,peanuts,89.0,1
s22,almonds,84.0,1
s22,baguette,55.0,1
s22,slicedloafbread,49.0,1
s22,boulebread,56.0,1
s22,ryebread,55.0,1
s22,deliturkey,54.0,1
s22,chickentenders,64.0,1
s22,meatballs,58.0,1
s22,gouda,55.0,1
s22,swisscheese,69.0,1
s22,potatochips,59.0,1
s22,tortillachips,51.0,1
s22,doritos,45.0,1
s22,ritzcracker,76.0,1
s22,saltinecracker,76.0,1
s22,wheatthins,52.0,1
s22,eggrolls,69.0,1
s22,frenchfries,45.0,1
s22,butteredpopcorn,86.0,1
s22,triscuits,14.0,1
s22,wavylays,56.0,1
s22,chocolateicecreamcone,55.0,1
s22,strawberryicecreamcone,59.0,1
s22,vanillasoftservecone,56.0,1
s22,nutrigrainbar,65.0,1
s22,churro,51.0,1
s22,twistdonut,61.0,1
s22,tuilecookie,42.0,1
s22,madeleine,55.0,1
s22,oatmealraisincookie,67.0,1
s22,thumprintcookie,77.0,1
s22,sugarcookie,50.0,1
s22,vanillawafer,42.0,1
s22,chocolatewafer,46.0,1
s22,chocolatebark,51.0,1
s22,darkchocolate,59.0,1
s22,milkchocolate,57.0,1
s22,pocky,75.0,1
s22,toblerone,70.0,1
s22,lindtlindorchocolatetruffle,52.0,1
s22,twix,64.0,1
s22,caramel,73.0,1
s22,peanutmms,36.0,1
s22,brownie,63.0,1
s22,frostedbrownie,78.0,1
s22,lemoncake,55.0,1
s22,orange,73.0,2
s22,plum,100.0,2
s22,blackberry,100.0,2
s22,peach,99.0,2
s22,cherry,51.0,2
s22,raspberry,99.0,2
s22,apple,99.0,2
s22,grape,99.0,2
s22,goldendeliciousapple,99.0,2
s22,honeydewmelon,100.0,2
s22,kiwi,99.0,2
s22,greenbellpepper,50.0,2
s22,carrot,91.0,2
s22,peanuts,95.0,2
s22,almonds,94.0,2
s22,baguette,51.0,2
s22,slicedloafbread,51.0,2
s22,boulebread,51.0,2
s22,ryebread,51.0,2
s22,deliturkey,51.0,2
s22,chickentenders,51.0,2
s22,meatballs,50.0,2
s22,gouda,50.0,2
s22,swisscheese,50.0,2
s22,potatochips,50.0,2
s22,tortillachips,51.0,2
s22,doritos,53.0,2
s22,ritzcracker,50.0,2
s22,saltinecracker,50.0,2
s22,wheatthins,50.0,2
s22,eggrolls,85.0,2
s22,frenchfries,51.0,2
s22,butteredpopcorn,93.0,2
s22,triscuits,21.0,2
s22,wavylays,51.0,2
s22,chocolateicecreamcone,50.0,2
s22,strawberryicecreamcone,50.0,2
s22,vanillasoftservecone,51.0,2
s22,nutrigrainbar,92.0,2
s22,churro,50.0,2
s22,twistdonut,50.0,2
s22,tuilecookie,51.0,2
s22,madeleine,51.0,2
s22,oatmealraisincookie,51.0,2
s22,thumprintcookie,52.0,2
s22,sugarcookie,51.0,2
s22,vanillawafer,51.0,2
s22,chocolatewafer,50.0,2
s22,chocolatebark,50.0,2
s22,darkchocolate,50.0,2
s22,milkchocolate,51.0,2
s22,pocky,51.0,2
s22,toblerone,51.0,2
s22,lindtlindorchocolatetruffle,51.0,2
s22,twix,50.0,2
s22,caramel,51.0,2
s22,peanutmms,51.0,2
s22,brownie,50.0,2
s22,frostedbrownie,51.0,2
s22,lemoncake,50.0,2
s23,orange,30.0,1
s23,plum,10.0,1
s23,blackberry,31.0,1
s23,peach,27.0,1
s23,cherry,54.0,1
s23,raspberry,32.0,1
s23,apple,32.0,1
s23,grape,30.0,1
s23,goldendeliciousapple,52.0,1
s23,honeydewmelon,20.0,1
s23,kiwi,36.0,1
s23,greenbellpepper,2.0,1
s23,carrot,58.0,1
s23,peanuts,72.0,1
s23,almonds,62.0,1
s23,baguette,50.0,1
s23,slicedloafbread,53.0,1
s23,boulebread,52.0,1
s23,ryebread,50.0,1
s23,deliturkey,9.0,1
s23,chickentenders,68.0,1
s23,meatballs,25.0,1
s23,gouda,63.0,1
s23,swisscheese,72.0,1
s23,potatochips,99.0,1
s23,tortillachips,78.0,1
s23,doritos,91.0,1
s23,ritzcracker,29.0,1
s23,saltinecracker,29.0,1
s23,wheatthins,28.0,1
s23,eggrolls,75.0,1
s23,frenchfries,98.0,1
s23,butteredpopcorn,74.0,1
s23,triscuits,35.0,1
s23,wavylays,99.0,1
s23,chocolateicecreamcone,76.0,1
s23,strawberryicecreamcone,54.0,1
s23,vanillasoftservecone,51.0,1
s23,nutrigrainbar,19.0,1
s23,churro,73.0,1
s23,twistdonut,50.0,1
s23,tuilecookie,45.0,1
s23,madeleine,68.0,1
s23,oatmealraisincookie,66.0,1
s23,thumprintcookie,50.0,1
s23,sugarcookie,51.0,1
s23,vanillawafer,52.0,1
s23,chocolatewafer,70.0,1
s23,chocolatebark,79.0,1
s23,darkchocolate,100.0,1
s23,milkchocolate,98.0,1
s23,pocky,36.0,1
s23,toblerone,99.0,1
s23,lindtlindorchocolatetruffle,71.0,1
s23,twix,77.0,1
s23,caramel,72.0,1
s23,peanutmms,80.0,1
s23,brownie,99.0,1
s23,frostedbrownie,88.0,1
s23,lemoncake,50.0,1
s23,orange,40.0,2
s23,plum,12.0,2
s23,blackberry,34.0,2
s23,peach,19.0,2
s23,cherry,51.0,2
s23,raspberry,49.0,2
s23,apple,50.0,2
s23,grape,51.0,2
s23,goldendeliciousapple,53.0,2
s23,honeydewmelon,26.0,2
s23,kiwi,41.0,2
s23,greenbellpepper,15.0,2
s23,carrot,51.0,2
s23,peanuts,55.0,2
s23,almonds,73.0,2
s23,baguette,50.0,2
s23,slicedloafbread,45.0,2
s23,boulebread,51.0,2
s23,ryebread,50.0,2
s23,deliturkey,37.0,2
s23,chickentenders,76.0,2
s23,meatballs,51.0,2
s23,gouda,54.0,2
s23,swisscheese,70.0,2
s23,potatochips,100.0,2
s23,tortillachips,68.0,2
s23,doritos,89.0,2
s23,ritzcracker,32.0,2
s23,saltinecracker,32.0,2
s23,wheatthins,15.0,2
s23,eggrolls,50.0,2
s23,frenchfries,100.0,2
s23,butteredpopcorn,80.0,2
s23,triscuits,31.0,2
s23,wavylays,98.0,2
s23,chocolateicecreamcone,81.0,2
s23,strawberryicecreamcone,85.0,2
s23,vanillasoftservecone,75.0,2
s23,nutrigrainbar,43.0,2
s23,churro,73.0,2
s23,twistdonut,50.0,2
s23,tuilecookie,48.0,2
s23,madeleine,25.0,2
s23,oatmealraisincookie,59.0,2
s23,thumprintcookie,49.0,2
s23,sugarcookie,50.0,2
s23,vanillawafer,56.0,2
s23,chocolatewafer,69.0,2
s23,chocolatebark,70.0,2
s23,darkchocolate,70.0,2
s23,milkchocolate,83.0,2
s23,pocky,26.0,2
s23,toblerone,82.0,2
s23,lindtlindorchocolatetruffle,63.0,2
s23,twix,68.0,2
s23,caramel,71.0,2
s23,peanutmms,81.0,2
s23,brownie,64.0,2
s23,frostedbrownie,83.0,2
s23,lemoncake,51.0,2
s24,orange,33.0,1
s24,plum,16.0,1
s24,blackberry,19.0,1
s24,peach,29.0,1
s24,cherry,42.0,1
s24,raspberry,39.0,1
s24,apple,61.0,1
s24,grape,60.0,1
s24,goldendeliciousapple,50.0,1
s24,honeydewmelon,16.0,1
s24,kiwi,23.0,1
s24,greenbellpepper,99.0,1
s24,carrot,49.0,1
s24,peanuts,55.0,1
s24,almonds,90.0,1
s24,baguette,38.0,1
s24,slicedloafbread,23.0,1
s24,boulebread,44.0,1
s24,ryebread,52.0,1
s24,deliturkey,70.0,1
s24,chickentenders,57.0,1
s24,meatballs,58.0,1
s24,gouda,59.0,1
s24,swisscheese,16.0,1
s24,potatochips,65.0,1
s24,tortillachips,63.0,1
s24,doritos,77.0,1
s24,ritzcracker,32.0,1
s24,saltinecracker,68.0,1
s24,wheatthins,69.0,1
s24,eggrolls,37.0,1
s24,frenchfries,59.0,1
s24,butteredpopcorn,19.0,1
s24,triscuits,36.0,1
s24,wavylays,59.0,1
s24,chocolateicecreamcone,35.0,1
s24,strawberryicecreamcone,41.0,1
s24,vanillasoftservecone,57.0,1
s24,nutrigrainbar,32.0,1
s24,churro,5.0,1
s24,twistdonut,21.0,1
s24,tuilecookie,39.0,1
s24,madeleine,11.0,1
s24,oatmealraisincookie,29.0,1
s24,thumprintcookie,27.0,1
s24,sugarcookie,7.0,1
s24,vanillawafer,61.0,1
s24,chocolatewafer,14.0,1
s24,chocolatebark,59.0,1
s24,darkchocolate,19.0,1
s24,milkchocolate,34.0,1
s24,pocky,30.0,1
s24,toblerone,16.0,1
s24,lindtlindorchocolatetruffle,54.0,1
s24,twix,8.0,1
s24,caramel,33.0,1
s24,peanutmms,58.0,1
s24,brownie,46.0,1
s24,frostedbrownie,45.0,1
s24,lemoncake,12.0,1
s24,orange,45.0,2
s24,plum,58.0,2
s24,blackberry,38.0,2
s24,peach,63.0,2
s24,cherry,37.0,2
s24,raspberry,37.0,2
s24,apple,70.0,2
s24,grape,50.0,2
s24,goldendeliciousapple,67.0,2
s24,honeydewmelon,12.0,2
s24,kiwi,14.0,2
s24,greenbellpepper,83.0,2
s24,carrot,54.0,2
s24,peanuts,42.0,2
s24,almonds,81.0,2
s24,baguette,26.0,2
s24,slicedloafbread,32.0,2
s24,boulebread,22.0,2
s24,ryebread,41.0,2
s24,deliturkey,81.0,2
s24,chickentenders,41.0,2
s24,meatballs,73.0,2
s24,gouda,71.0,2
s24,swisscheese,62.0,2
s24,potatochips,58.0,2
s24,tortillachips,18.0,2
s24,doritos,58.0,2
s24,ritzcracker,53.0,2
s24,saltinecracker,62.0,2
s24,wheatthins,41.0,2
s24,eggrolls,35.0,2
s24,frenchfries,66.0,2
s24,butteredpopcorn,66.0,2
s24,triscuits,24.0,2
s24,wavylays,64.0,2
s24,chocolateicecreamcone,66.0,2
s24,strawberryicecreamcone,55.0,2
s24,vanillasoftservecone,58.0,2
s24,nutrigrainbar,25.0,2
s24,churro,32.0,2
s24,twistdonut,22.0,2
s24,tuilecookie,19.0,2
s24,madeleine,45.0,2
s24,oatmealraisincookie,21.0,2
s24,thumprintcookie,25.0,2
s24,sugarcookie,19.0,2
s24,vanillawafer,19.0,2
s24,chocolatewafer,24.0,2
s24,chocolatebark,61.0,2
s24,darkchocolate,38.0,2
s24,milkchocolate,26.0,2
s24,pocky,21.0,2
s24,toblerone,50.0,2
s24,lindtlindorchocolatetruffle,54.0,2
s24,twix,37.0,2
s24,caramel,23.0,2
s24,peanutmms,37.0,2
s24,brownie,13.0,2
s24,frostedbrownie,37.0,2
s24,lemoncake,5.0,2
s25,orange,77.0,1
s25,plum,100.0,1
s25,blackberry,100.0,1
s25,peach,100.0,1
s25,cherry,87.0,1
s25,raspberry,100.0,1
s25,apple,90.0,1
s25,grape,86.0,1
s25,goldendeliciousapple,58.0,1
s25,honeydewmelon,80.0,1
s25,kiwi,100.0,1
s25,greenbellpepper,50.0,1
s25,carrot,90.0,1
s25,peanuts,100.0,1
s25,almonds,100.0,1
s25,baguette,50.0,1
s25,slicedloafbread,76.0,1
s25,boulebread,83.0,1
s25,ryebread,73.0,1
s25,deliturkey,77.0,1
s25,chickentenders,100.0,1
s25,meatballs,89.0,1
s25,gouda,67.0,1
s25,swisscheese,71.0,1
s25,potatochips,100.0,1
s25,tortillachips,100.0,1
s25,doritos,100.0,1
s25,ritzcracker,60.0,1
s25,saltinecracker,50.0,1
s25,wheatthins,64.0,1
s25,eggrolls,50.0,1
s25,frenchfries,100.0,1
s25,butteredpopcorn,68.0,1
s25,triscuits,39.0,1
s25,wavylays,100.0,1
s25,chocolateicecreamcone,68.0,1
s25,strawberryicecreamcone,72.0,1
s25,vanillasoftservecone,65.0,1
s25,nutrigrainbar,40.0,1
s25,churro,46.0,1
s25,twistdonut,50.0,1
s25,tuilecookie,50.0,1
s25,madeleine,35.0,1
s25,oatmealraisincookie,61.0,1
s25,thumprintcookie,50.0,1
s25,sugarcookie,50.0,1
s25,vanillawafer,62.0,1
s25,chocolatewafer,63.0,1
s25,chocolatebark,62.0,1
s25,darkchocolate,50.0,1
s25,milkchocolate,51.0,1
s25,pocky,30.0,1
s25,toblerone,50.0,1
s25,lindtlindorchocolatetruffle,51.0,1
s25,twix,61.0,1
s25,caramel,51.0,1
s25,peanutmms,76.0,1
s25,brownie,50.0,1
s25,frostedbrownie,50.0,1
s25,lemoncake,50.0,1
s25,orange,96.0,2
s25,plum,100.0,2
s25,blackberry,100.0,2
s25,peach,100.0,2
s25,cherry,94.0,2
s25,raspberry,100.0,2
s25,apple,84.0,2
s25,grape,100.0,2
s25,goldendeliciousapple,36.0,2
s25,honeydewmelon,62.0,2
s25,kiwi,80.0,2
s25,greenbellpepper,50.0,2
s25,carrot,78.0,2
s25,peanuts,100.0,2
s25,almonds,100.0,2
s25,baguette,51.0,2
s25,slicedloafbread,51.0,2
s25,boulebread,50.0,2
s25,ryebread,50.0,2
s25,deliturkey,82.0,2
s25,chickentenders,100.0,2
s25,meatballs,89.0,2
s25,gouda,85.0,2
s25,swisscheese,85.0,2
s25,potatochips,100.0,2
s25,tortillachips,70.0,2
s25,doritos,100.0,2
s25,ritzcracker,65.0,2
s25,saltinecracker,51.0,2
s25,wheatthins,51.0,2
s25,eggrolls,38.0,2
s25,frenchfries,100.0,2
s25,butteredpopcorn,56.0,2
s25,triscuits,50.0,2
s25,wavylays,100.0,2
s25,chocolateicecreamcone,51.0,2
s25,strawberryicecreamcone,50.0,2
s25,vanillasoftservecone,50.0,2
s25,nutrigrainbar,50.0,2
s25,churro,50.0,2
s25,twistdonut,33.0,2
s25,tuilecookie,34.0,2
s25,madeleine,23.0,2
s25,oatmealraisincookie,61.0,2
s25,thumprintcookie,50.0,2
s25,sugarcookie,50.0,2
s25,vanillawafer,78.0,2
s25,chocolatewafer,65.0,2
s25,chocolatebark,68.0,2
s25,darkchocolate,34.0,2
s25,milkchocolate,28.0,2
s25,pocky,21.0,2
s25,toblerone,31.0,2
s25,lindtlindorchocolatetruffle,34.0,2
s25,twix,67.0,2
s25,caramel,33.0,2
s25,peanutmms,100.0,2
s25,brownie,73.0,2
s25,frostedbrownie,68.0,2
s25,lemoncake,50.0,2
s26,orange,91.0,1
s26,plum,77.0,1
s26,blackberry,77.0,1
s26,peach,93.0,1
s26,cherry,85.0,1
s26,raspberry,80.0,1
s26,apple,87.0,1
s26,grape,78.0,1
s26,goldendeliciousapple,73.0,1
s26,honeydewmelon,79.0,1
s26,kiwi,59.0,1
s26,greenbellpepper,58.0,1
s26,carrot,69.0,1
s26,peanuts,77.0,1
s26,almonds,72.0,1
s26,baguette,100.0,1
s26,slicedloafbread,54.0,1
s26,boulebread,88.0,1
s26,ryebread,72.0,1
s26,deliturkey,56.0,1
s26,chickentenders,81.0,1
s26,meatballs,74.0,1
s26,gouda,99.0,1
s26,swisscheese,94.0,1
s26,potatochips,88.0,1
s26,tortillachips,78.0,1
s26,doritos,77.0,1
s26,ritzcracker,53.0,1
s26,saltinecracker,37.0,1
s26,wheatthins,49.0,1
s26,eggrolls,85.0,1
s26,frenchfries,75.0,1
s26,butteredpopcorn,74.0,1
s26,triscuits,73.0,1
s26,wavylays,75.0,1
s26,chocolateicecreamcone,74.0,1
s26,strawberryicecreamcone,66.0,1
s26,vanillasoftservecone,71.0,1
s26,nutrigrainbar,75.0,1
s26,churro,63.0,1
s26,twistdonut,73.0,1
s26,tuilecookie,55.0,1
s26,madeleine,72.0,1
s26,oatmealraisincookie,71.0,1
s26,thumprintcookie,52.0,1
s26,sugarcookie,51.0,1
s26,vanillawafer,64.0,1
s26,chocolatewafer,59.0,1
s26,chocolatebark,64.0,1
s26,darkchocolate,76.0,1
s26,milkchocolate,76.0,1
s26,pocky,63.0,1
s26,toblerone,70.0,1
s26,lindtlindorchocolatetruffle,68.0,1
s26,twix,74.0,1
s26,caramel,70.0,1
s26,peanutmms,58.0,1
s26,brownie,84.0,1
s26,frostedbrownie,79.0,1
s26,lemoncake,65.0,1
s26,orange,85.0,2
s26,plum,67.0,2
s26,blackberry,70.0,2
s26,peach,100.0,2
s26,cherry,85.0,2
s26,raspberry,94.0,2
s26,apple,84.0,2
s26,grape,96.0,2
s26,goldendeliciousapple,68.0,2
s26,honeydewmelon,96.0,2
s26,kiwi,97.0,2
s26,greenbellpepper,64.0,2
s26,carrot,83.0,2
s26,peanuts,64.0,2
s26,almonds,77.0,2
s26,baguette,95.0,2
s26,slicedloafbread,44.0,2
s26,boulebread,75.0,2
s26,ryebread,72.0,2
s26,deliturkey,60.0,2
s26,chickentenders,78.0,2
s26,meatballs,87.0,2
s26,gouda,80.0,2
s26,swisscheese,86.0,2
s26,potatochips,72.0,2
s26,tortillachips,72.0,2
s26,doritos,89.0,2
s26,ritzcracker,79.0,2
s26,saltinecracker,64.0,2
s26,wheatthins,74.0,2
s26,eggrolls,80.0,2
s26,frenchfries,62.0,2
s26,butteredpopcorn,97.0,2
s26,triscuits,65.0,2
s26,wavylays,78.0,2
s26,chocolateicecreamcone,80.0,2
s26,strawberryicecreamcone,55.0,2
s26,vanillasoftservecone,83.0,2
s26,nutrigrainbar,83.0,2
s26,churro,65.0,2
s26,twistdonut,76.0,2
s26,tuilecookie,38.0,2
s26,madeleine,30.0,2
s26,oatmealraisincookie,60.0,2
s26,thumprintcookie,35.0,2
s26,sugarcookie,61.0,2
s26,vanillawafer,63.0,2
s26,chocolatewafer,77.0,2
s26,chocolatebark,64.0,2
s26,darkchocolate,63.0,2
s26,milkchocolate,69.0,2
s26,pocky,75.0,2
s26,toblerone,82.0,2
s26,lindtlindorchocolatetruffle,63.0,2
s26,twix,80.0,2
s26,caramel,40.0,2
s26,peanutmms,47.0,2
s26,brownie,73.0,2
s26,frostedbrownie,64.0,2
s26,lemoncake,58.0,2
s29,orange,35.0,1
s29,plum,11.0,1
s29,blackberry,19.0,1
s29,peach,17.0,1
s29,cherry,29.0,1
s29,raspberry,54.0,1
s29,apple,74.0,1
s29,grape,50.0,1
s29,goldendeliciousapple,68.0,1
s29,honeydewmelon,98.0,1
s29,kiwi,25.0,1
s29,greenbellpepper,52.0,1
s29,carrot,55.0,1
s29,peanuts,54.0,1
s29,almonds,52.0,1
s29,baguette,61.0,1
s29,slicedloafbread,50.0,1
s29,boulebread,41.0,1
s29,ryebread,52.0,1
s29,deliturkey,89.0,1
s29,chickentenders,99.0,1
s29,meatballs,62.0,1
s29,gouda,57.0,1
s29,swisscheese,58.0,1
s29,potatochips,94.0,1
s29,tortillachips,70.0,1
s29,doritos,87.0,1
s29,ritzcracker,62.0,1
s29,saltinecracker,51.0,1
s29,wheatthins,46.0,1
s29,eggrolls,69.0,1
s29,frenchfries,99.0,1
s29,butteredpopcorn,83.0,1
s29,triscuits,21.0,1
s29,wavylays,91.0,1
s29,chocolateicecreamcone,99.0,1
s29,strawberryicecreamcone,55.0,1
s29,vanillasoftservecone,65.0,1
s29,nutrigrainbar,79.0,1
s29,churro,29.0,1
s29,twistdonut,57.0,1
s29,tuilecookie,33.0,1
s29,madeleine,50.0,1
s29,oatmealraisincookie,70.0,1
s29,thumprintcookie,46.0,1
s29,sugarcookie,63.0,1
s29,vanillawafer,47.0,1
s29,chocolatewafer,53.0,1
s29,chocolatebark,75.0,1
s29,darkchocolate,97.0,1
s29,milkchocolate,98.0,1
s29,pocky,55.0,1
s29,toblerone,93.0,1
s29,lindtlindorchocolatetruffle,54.0,1
s29,twix,91.0,1
s29,caramel,40.0,1
s29,peanutmms,49.0,1
s29,brownie,90.0,1
s29,frostedbrownie,89.0,1
s29,lemoncake,78.0,1
s29,orange,39.0,2
s29,plum,30.0,2
s29,blackberry,28.0,2
s29,peach,16.0,2
s29,cherry,31.0,2
s29,raspberry,20.0,2
s29,apple,72.0,2
s29,grape,64.0,2
s29,goldendeliciousapple,63.0,2
s29,honeydewmelon,86.0,2
s29,kiwi,38.0,2
s29,greenbellpepper,92.0,2
s29,carrot,75.0,2
s29,peanuts,51.0,2
s29,almonds,72.0,2
s29,baguette,58.0,2
s29,slicedloafbread,38.0,2
s29,boulebread,21.0,2
s29,ryebread,44.0,2
s29,deliturkey,76.0,2
s29,chickentenders,99.0,2
s29,meatballs,64.0,2
s29,gouda,48.0,2
s29,swisscheese,50.0,2
s29,potatochips,95.0,2
s29,tortillachips,50.0,2
s29,doritos,64.0,2
s29,ritzcracker,36.0,2
s29,saltinecracker,33.0,2
s29,wheatthins,26.0,2
s29,eggrolls,51.0,2
s29,frenchfries,99.0,2
s29,butteredpopcorn,74.0,2
s29,triscuits,21.0,2
s29,wavylays,86.0,2
s29,chocolateicecreamcone,91.0,2
s29,strawberryicecreamcone,95.0,2
s29,vanillasoftservecone,87.0,2
s29,nutrigrainbar,63.0,2
s29,churro,28.0,2
s29,twistdonut,22.0,2
s29,tuilecookie,21.0,2
s29,madeleine,33.0,2
s29,oatmealraisincookie,63.0,2
s29,thumprintcookie,20.0,2
s29,sugarcookie,34.0,2
s29,vanillawafer,41.0,2
s29,chocolatewafer,31.0,2
s29,chocolatebark,84.0,2
s29,darkchocolate,89.0,2
s29,milkchocolate,90.0,2
s29,pocky,58.0,2
s29,toblerone,99.0,2
s29,lindtlindorchocolatetruffle,75.0,2
s29,twix,99.0,2
s29,caramel,38.0,2
s29,peanutmms,48.0,2
s29,brownie,97.0,2
s29,frostedbrownie,95.0,2
s29,lemoncake,54.0,2
s30,orange,84.0,1
s30,plum,50.0,1
s30,blackberry,92.0,1
s30,peach,82.0,1
s30,cherry,97.0,1
s30,raspberry,94.0,1
s30,apple,2.0,1
s30,grape,97.0,1
s30,goldendeliciousapple,2.0,1
s30,honeydewmelon,93.0,1
s30,kiwi,91.0,1
s30,greenbellpepper,54.0,1
s30,carrot,91.0,1
s30,peanuts,63.0,1
s30,almonds,71.0,1
s30,baguette,86.0,1
s30,slicedloafbread,24.0,1
s30,boulebread,30.0,1
s30,ryebread,50.0,1
s30,deliturkey,24.0,1
s30,chickentenders,67.0,1
s30,meatballs,50.0,1
s30,gouda,76.0,1
s30,swisscheese,91.0,1
s30,potatochips,26.0,1
s30,tortillachips,26.0,1
s30,doritos,34.0,1
s30,ritzcracker,23.0,1
s30,saltinecracker,26.0,1
s30,wheatthins,10.0,1
s30,eggrolls,61.0,1
s30,frenchfries,56.0,1
s30,butteredpopcorn,20.0,1
s30,triscuits,5.0,1
s30,wavylays,19.0,1
s30,chocolateicecreamcone,26.0,1
s30,strawberryicecreamcone,52.0,1
s30,vanillasoftservecone,29.0,1
s30,nutrigrainbar,12.0,1
s30,churro,12.0,1
s30,twistdonut,22.0,1
s30,tuilecookie,17.0,1
s30,madeleine,28.0,1
s30,oatmealraisincookie,28.0,1
s30,thumprintcookie,22.0,1
s30,sugarcookie,15.0,1
s30,vanillawafer,8.0,1
s30,chocolatewafer,7.0,1
s30,chocolatebark,29.0,1
s30,darkchocolate,9.0,1
s30,milkchocolate,23.0,1
s30,pocky,28.0,1
s30,toblerone,31.0,1
s30,lindtlindorchocolatetruffle,22.0,1
s30,twix,33.0,1
s30,caramel,66.0,1
s30,peanutmms,18.0,1
s30,brownie,33.0,1
s30,frostedbrownie,36.0,1
s30,lemoncake,17.0,1
s30,orange,94.0,2
s30,plum,92.0,2
s30,blackberry,97.0,2
s30,peach,93.0,2
s30,cherry,100.0,2
s30,raspberry,97.0,2
s30,apple,1.0,2
s30,grape,99.0,2
s30,goldendeliciousapple,2.0,2
s30,honeydewmelon,99.0,2
s30,kiwi,97.0,2
s30,greenbellpepper,76.0,2
s30,carrot,95.0,2
s30,peanuts,71.0,2
s30,almonds,72.0,2
s30,baguette,59.0,2
s30,slicedloafbread,37.0,2
s30,boulebread,48.0,2
s30,ryebread,54.0,2
s30,deliturkey,38.0,2
s30,chickentenders,71.0,2
s30,meatballs,66.0,2
s30,gouda,70.0,2
s30,swisscheese,78.0,2
s30,potatochips,33.0,2
s30,tortillachips,28.0,2
s30,doritos,36.0,2
s30,ritzcracker,24.0,2
s30,saltinecracker,24.0,2
s30,wheatthins,33.0,2
s30,eggrolls,64.0,2
s30,frenchfries,43.0,2
s30,butteredpopcorn,29.0,2
s30,triscuits,27.0,2
s30,wavylays,30.0,2
s30,chocolateicecreamcone,25.0,2
s30,strawberryicecreamcone,32.0,2
s30,vanillasoftservecone,33.0,2
s30,nutrigrainbar,33.0,2
s30,churro,28.0,2
s30,twistdonut,28.0,2
s30,tuilecookie,30.0,2
s30,madeleine,31.0,2
s30,oatmealraisincookie,26.0,2
s30,thumprintcookie,22.0,2
s30,sugarcookie,20.0,2
s30,vanillawafer,23.0,2
s30,chocolatewafer,10.0,2
s30,chocolatebark,28.0,2
s30,darkchocolate,30.0,2
s30,milkchocolate,37.0,2
s30,pocky,29.0,2
s30,toblerone,36.0,2
s30,lindtlindorchocolatetruffle,25.0,2
s30,twix,27.0,2
s30,caramel,32.0,2
s30,peanutmms,20.0,2
s30,brownie,37.0,2
s30,frostedbrownie,38.0,2
s30,lemoncake,23.0,2
s31,orange,43.0,1
s31,plum,27.0,1
s31,blackberry,16.0,1
s31,peach,28.0,1
s31,cherry,6.0,1
s31,raspberry,22.0,1
s31,apple,42.0,1
s31,grape,52.0,1
s31,goldendeliciousapple,29.0,1
s31,honeydewmelon,17.0,1
s31,kiwi,24.0,1
s31,greenbellpepper,5.0,1
s31,carrot,48.0,1
s31,peanuts,34.0,1
s31,almonds,7.0,1
s31,baguette,17.0,1
s31,slicedloafbread,48.0,1
s31,boulebread,50.0,1
s31,ryebread,50.0,1
s31,deliturkey,51.0,1
s31,chickentenders,65.0,1
s31,meatballs,40.0,1
s31,gouda,25.0,1
s31,swisscheese,45.0,1
s31,potatochips,69.0,1
s31,tortillachips,76.0,1
s31,doritos,89.0,1
s31,ritzcracker,62.0,1
s31,saltinecracker,52.0,1
s31,wheatthins,54.0,1
s31,eggrolls,38.0,1
s31,frenchfries,58.0,1
s31,butteredpopcorn,47.0,1
s31,triscuits,55.0,1
s31,wavylays,88.0,1
s31,chocolateicecreamcone,46.0,1
s31,strawberryicecreamcone,86.0,1
s31,vanillasoftservecone,90.0,1
s31,nutrigrainbar,70.0,1
s31,churro,54.0,1
s31,twistdonut,50.0,1
s31,tuilecookie,48.0,1
s31,madeleine,44.0,1
s31,oatmealraisincookie,13.0,1
s31,thumprintcookie,55.0,1
s31,sugarcookie,87.0,1
s31,vanillawafer,45.0,1
s31,chocolatewafer,63.0,1
s31,chocolatebark,33.0,1
s31,darkchocolate,66.0,1
s31,milkchocolate,55.0,1
s31,pocky,32.0,1
s31,toblerone,55.0,1
s31,lindtlindorchocolatetruffle,34.0,1
s31,twix,74.0,1
s31,caramel,41.0,1
s31,peanutmms,54.0,1
s31,brownie,72.0,1
s31,frostedbrownie,63.0,1
s31,lemoncake,42.0,1
s31,orange,39.0,2
s31,plum,37.0,2
s31,blackberry,21.0,2
s31,peach,37.0,2
s31,cherry,23.0,2
s31,raspberry,32.0,2
s31,apple,48.0,2
s31,grape,54.0,2
s31,goldendeliciousapple,46.0,2
s31,honeydewmelon,33.0,2
s31,kiwi,34.0,2
s31,greenbellpepper,22.0,2
s31,carrot,35.0,2
s31,peanuts,39.0,2
s31,almonds,10.0,2
s31,baguette,39.0,2
s31,slicedloafbread,54.0,2
s31,boulebread,54.0,2
s31,ryebread,52.0,2
s31,deliturkey,53.0,2
s31,chickentenders,70.0,2
s31,meatballs,43.0,2
s31,gouda,35.0,2
s31,swisscheese,35.0,2
s31,potatochips,81.0,2
s31,tortillachips,63.0,2
s31,doritos,77.0,2
s31,ritzcracker,69.0,2
s31,saltinecracker,61.0,2
s31,wheatthins,59.0,2
s31,eggrolls,44.0,2
s31,frenchfries,69.0,2
s31,butteredpopcorn,55.0,2
s31,triscuits,63.0,2
s31,wavylays,71.0,2
s31,chocolateicecreamcone,52.0,2
s31,strawberryicecreamcone,71.0,2
s31,vanillasoftservecone,85.0,2
s31,nutrigrainbar,67.0,2
s31,churro,44.0,2
s31,twistdonut,63.0,2
s31,tuilecookie,40.0,2
s31,madeleine,51.0,2
s31,oatmealraisincookie,35.0,2
s31,thumprintcookie,60.0,2
s31,sugarcookie,76.0,2
s31,vanillawafer,56.0,2
s31,chocolatewafer,54.0,2
s31,chocolatebark,47.0,2
s31,darkchocolate,53.0,2
s31,milkchocolate,63.0,2
s31,pocky,50.0,2
s31,toblerone,55.0,2
s31,lindtlindorchocolatetruffle,58.0,2
s31,twix,74.0,2
s31,caramel,43.0,2
s31,peanutmms,67.0,2
s31,brownie,63.0,2
s31,frostedbrownie,58.0,2
s31,lemoncake,54.0,2
s33,orange,100.0,1
s33,plum,94.0,1
s33,blackberry,83.0,1
s33,peach,98.0,1
s33,cherry,99.0,1
s33,raspberry,94.0,1
s33,apple,99.0,1
s33,grape,99.0,1
s33,goldendeliciousapple,99.0,1
s33,honeydewmelon,1.0,1
s33,kiwi,85.0,1
s33,greenbellpepper,26.0,1
s33,carrot,70.0,1
s33,peanuts,92.0,1
s33,almonds,99.0,1
s33,baguette,51.0,1
s33,slicedloafbread,1.0,1
s33,boulebread,51.0,1
s33,ryebread,51.0,1
s33,deliturkey,50.0,1
s33,chickentenders,20.0,1
s33,meatballs,9.0,1
s33,gouda,87.0,1
s33,swisscheese,76.0,1
s33,potatochips,44.0,1
s33,tortillachips,73.0,1
s33,doritos,61.0,1
s33,ritzcracker,80.0,1
s33,saltinecracker,79.0,1
s33,wheatthins,78.0,1
s33,eggrolls,32.0,1
s33,frenchfries,80.0,1
s33,butteredpopcorn,34.0,1
s33,triscuits,83.0,1
s33,wavylays,66.0,1
s33,chocolateicecreamcone,1.0,1
s33,strawberryicecreamcone,25.0,1
s33,vanillasoftservecone,22.0,1
s33,nutrigrainbar,50.0,1
s33,churro,82.0,1
s33,twistdonut,24.0,1
s33,tuilecookie,2.0,1
s33,madeleine,26.0,1
s33,oatmealraisincookie,67.0,1
s33,thumprintcookie,50.0,1
s33,sugarcookie,57.0,1
s33,vanillawafer,21.0,1
s33,chocolatewafer,25.0,1
s33,chocolatebark,49.0,1
s33,darkchocolate,53.0,1
s33,milkchocolate,18.0,1
s33,pocky,99.0,1
s33,toblerone,50.0,1
s33,lindtlindorchocolatetruffle,51.0,1
s33,twix,35.0,1
s33,caramel,13.0,1
s33,peanutmms,59.0,1
s33,brownie,57.0,1
s33,frostedbrownie,60.0,1
s33,lemoncake,33.0,1
s33,orange,99.0,2
s33,plum,97.0,2
s33,blackberry,93.0,2
s33,peach,99.0,2
s33,cherry,99.0,2
s33,raspberry,99.0,2
s33,apple,99.0,2
s33,grape,99.0,2
s33,goldendeliciousapple,100.0,2
s33,honeydewmelon,1.0,2
s33,kiwi,99.0,2
s33,greenbellpepper,19.0,2
s33,carrot,81.0,2
s33,peanuts,89.0,2
s33,almonds,99.0,2
s33,baguette,49.0,2
s33,slicedloafbread,51.0,2
s33,boulebread,50.0,2
s33,ryebread,50.0,2
s33,deliturkey,33.0,2
s33,chickentenders,12.0,2
s33,meatballs,5.0,2
s33,gouda,80.0,2
s33,swisscheese,86.0,2
s33,potatochips,68.0,2
s33,tortillachips,62.0,2
s33,doritos,66.0,2
s33,ritzcracker,42.0,2
s33,saltinecracker,61.0,2
s33,wheatthins,87.0,2
s33,eggrolls,5.0,2
s33,frenchfries,19.0,2
s33,butteredpopcorn,31.0,2
s33,triscuits,35.0,2
s33,wavylays,72.0,2
s33,chocolateicecreamcone,5.0,2
s33,strawberryicecreamcone,27.0,2
s33,vanillasoftservecone,53.0,2
s33,nutrigrainbar,50.0,2
s33,churro,96.0,2
s33,twistdonut,50.0,2
s33,tuilecookie,7.0,2
s33,madeleine,9.0,2
s33,oatmealraisincookie,86.0,2
s33,thumprintcookie,35.0,2
s33,sugarcookie,36.0,2
s33,vanillawafer,16.0,2
s33,chocolatewafer,43.0,2
s33,chocolatebark,7.0,2
s33,darkchocolate,48.0,2
s33,milkchocolate,36.0,2
s33,pocky,99.0,2
s33,toblerone,36.0,2
s33,lindtlindorchocolatetruffle,52.0,2
s33,twix,22.0,2
s33,caramel,44.0,2
s33,peanutmms,42.0,2
s33,brownie,35.0,2
s33,frostedbrownie,50.0,2
s33,lemoncake,25.0,2
s34,orange,1.0,1
s34,plum,1.0,1
s34,blackberry,17.0,1
s34,peach,1.0,1
s34,cherry,1.0,1
s34,raspberry,11.0,1
s34,apple,1.0,1
s34,grape,10.0,1
s34,goldendeliciousapple,1.0,1
s34,honeydewmelon,20.0,1
s34,kiwi,12.0,1
s34,greenbellpepper,1.0,1
s34,carrot,1.0,1
s34,peanuts,37.0,1
s34,almonds,25.0,1
s34,baguette,1.0,1
s34,slicedloafbread,1.0,1
s34,boulebread,1.0,1
s34,ryebread,1.0,1
s34,deliturkey,50.0,1
s34,chickentenders,100.0,1
s34,meatballs,100.0,1
s34,gouda,62.0,1
s34,swisscheese,59.0,1
s34,potatochips,80.0,1
s34,tortillachips,92.0,1
s34,doritos,90.0,1
s34,ritzcracker,4.0,1
s34,saltinecracker,1.0,1
s34,wheatthins,16.0,1
s34,eggrolls,100.0,1
s34,frenchfries,100.0,1
s34,butteredpopcorn,38.0,1
s34,triscuits,1.0,1
s34,wavylays,92.0,1
s34,chocolateicecreamcone,73.0,1
s34,strawberryicecreamcone,70.0,1
s34,vanillasoftservecone,74.0,1
s34,nutrigrainbar,1.0,1
s34,churro,50.0,1
s34,twistdonut,1.0,1
s34,tuilecookie,7.0,1
s34,madeleine,32.0,1
s34,oatmealraisincookie,38.0,1
s34,thumprintcookie,1.0,1
s34,sugarcookie,14.0,1
s34,vanillawafer,12.0,1
s34,chocolatewafer,13.0,1
s34,chocolatebark,50.0,1
s34,darkchocolate,65.0,1
s34,milkchocolate,68.0,1
s34,pocky,36.0,1
s34,toblerone,42.0,1
s34,lindtlindorchocolatetruffle,40.0,1
s34,twix,69.0,1
s34,caramel,39.0,1
s34,peanutmms,65.0,1
s34,brownie,59.0,1
s34,frostedbrownie,63.0,1
s34,lemoncake,60.0,1
s34,orange,1.0,2
s34,plum,1.0,2
s34,blackberry,9.0,2
s34,peach,1.0,2
s34,cherry,1.0,2
s34,raspberry,14.0,2
s34,apple,1.0,2
s34,grape,21.0,2
s34,goldendeliciousapple,1.0,2
s34,honeydewmelon,5.0,2
s34,kiwi,1.0,2
s34,greenbellpepper,1.0,2
s34,carrot,1.0,2
s34,peanuts,28.0,2
s34,almonds,21.0,2
s34,baguette,4.0,2
s34,slicedloafbread,1.0,2
s34,boulebread,1.0,2
s34,ryebread,1.0,2
s34,deliturkey,32.0,2
s34,chickentenders,100.0,2
s34,meatballs,100.0,2
s34,gouda,66.0,2
s34,swisscheese,66.0,2
s34,potatochips,71.0,2
s34,tortillachips,84.0,2
s34,doritos,100.0,2
s34,ritzcracker,1.0,2
s34,saltinecracker,1.0,2
s34,wheatthins,1.0,2
s34,eggrolls,100.0,2
s34,frenchfries,100.0,2
s34,butteredpopcorn,11.0,2
s34,triscuits,1.0,2
s34,wavylays,86.0,2
s34,chocolateicecreamcone,81.0,2
s34,strawberryicecreamcone,85.0,2
s34,vanillasoftservecone,80.0,2
s34,nutrigrainbar,1.0,2
s34,churro,39.0,2
s34,twistdonut,10.0,2
s34,tuilecookie,8.0,2
s34,madeleine,50.0,2
s34,oatmealraisincookie,10.0,2
s34,thumprintcookie,1.0,2
s34,sugarcookie,1.0,2
s34,vanillawafer,13.0,2
s34,chocolatewafer,11.0,2
s34,chocolatebark,17.0,2
s34,darkchocolate,71.0,2
s34,milkchocolate,65.0,2
s34,pocky,51.0,2
s34,toblerone,50.0,2
s34,lindtlindorchocolatetruffle,60.0,2
s34,twix,79.0,2
s34,caramel,34.0,2
s34,peanutmms,69.0,2
s34,brownie,68.0,2
s34,frostedbrownie,71.0,2
s34,lemoncake,66.0,2
s35,orange,3.0,1
s35,plum,2.0,1
s35,blackberry,1.0,1
s35,peach,88.0,1
s35,cherry,1.0,1
s35,raspberry,1.0,1
s35,apple,1.0,1
s35,grape,7.0,1
s35,goldendeliciousapple,33.0,1
s35,honeydewmelon,93.0,1
s35,kiwi,3.0,1
s35,greenbellpepper,2.0,1
s35,carrot,1.0,1
s35,peanuts,50.0,1
s35,almonds,10.0,1
s35,baguette,17.0,1
s35,slicedloafbread,18.0,1
s35,boulebread,24.0,1
s35,ryebread,2.0,1
s35,deliturkey,1.0,1
s35,chickentenders,51.0,1
s35,meatballs,7.0,1
s35,gouda,100.0,1
s35,swisscheese,100.0,1
s35,potatochips,20.0,1
s35,tortillachips,12.0,1
s35,doritos,18.0,1
s35,ritzcracker,61.0,1
s35,saltinecracker,64.0,1
s35,wheatthins,9.0,1
s35,eggrolls,88.0,1
s35,frenchfries,68.0,1
s35,butteredpopcorn,11.0,1
s35,triscuits,1.0,1
s35,wavylays,77.0,1
s35,chocolateicecreamcone,86.0,1
s35,strawberryicecreamcone,92.0,1
s35,vanillasoftservecone,82.0,1
s35,nutrigrainbar,1.0,1
s35,churro,22.0,1
s35,twistdonut,71.0,1
s35,tuilecookie,50.0,1
s35,madeleine,51.0,1
s35,oatmealraisincookie,11.0,1
s35,thumprintcookie,8.0,1
s35,sugarcookie,11.0,1
s35,vanillawafer,70.0,1
s35,chocolatewafer,70.0,1
s35,chocolatebark,2.0,1
s35,darkchocolate,87.0,1
s35,milkchocolate,77.0,1
s35,pocky,1.0,1
s35,toblerone,31.0,1
s35,lindtlindorchocolatetruffle,86.0,1
s35,twix,61.0,1
s35,caramel,50.0,1
s35,peanutmms,7.0,1
s35,brownie,71.0,1
s35,frostedbrownie,74.0,1
s35,lemoncake,31.0,1
s35,orange,5.0,2
s35,plum,1.0,2
s35,blackberry,1.0,2
s35,peach,57.0,2
s35,cherry,75.0,2
s35,raspberry,12.0,2
s35,apple,6.0,2
s35,grape,68.0,2
s35,goldendeliciousapple,1.0,2
s35,honeydewmelon,100.0,2
s35,kiwi,3.0,2
s35,greenbellpepper,1.0,2
s35,carrot,2.0,2
s35,peanuts,63.0,2
s35,almonds,32.0,2
s35,baguette,58.0,2
s35,slicedloafbread,51.0,2
s35,boulebread,31.0,2
s35,ryebread,4.0,2
s35,deliturkey,78.0,2
s35,chickentenders,92.0,2
s35,meatballs,50.0,2
s35,gouda,100.0,2
s35,swisscheese,100.0,2
s35,potatochips,5.0,2
s35,tortillachips,40.0,2
s35,doritos,77.0,2
s35,ritzcracker,47.0,2
s35,saltinecracker,71.0,2
s35,wheatthins,67.0,2
s35,eggrolls,74.0,2
s35,frenchfries,59.0,2
s35,butteredpopcorn,1.0,2
s35,triscuits,34.0,2
s35,wavylays,57.0,2
s35,chocolateicecreamcone,75.0,2
s35,strawberryicecreamcone,80.0,2
s35,vanillasoftservecone,74.0,2
s35,nutrigrainbar,18.0,2
s35,churro,24.0,2
s35,twistdonut,28.0,2
s35,tuilecookie,27.0,2
s35,madeleine,31.0,2
s35,oatmealraisincookie,47.0,2
s35,thumprintcookie,22.0,2
s35,sugarcookie,2.0,2
s35,vanillawafer,59.0,2
s35,chocolatewafer,60.0,2
s35,chocolatebark,16.0,2
s35,darkchocolate,90.0,2
s35,milkchocolate,99.0,2
s35,pocky,12.0,2
s35,toblerone,36.0,2
s35,lindtlindorchocolatetruffle,78.0,2
s35,twix,11.0,2
s35,caramel,1.0,2
s35,peanutmms,1.0,2
s35,brownie,54.0,2
s35,frostedbrownie,39.0,2
s35,lemoncake,10.0,2
s36,orange,50.0,1
s36,plum,18.0,1
s36,blackberry,78.0,1
s36,peach,27.0,1
s36,cherry,19.0,1
s36,raspberry,70.0,1
s36,apple,18.0,1
s36,grape,76.0,1
s36,goldendeliciousapple,12.0,1
s36,honeydewmelon,7.0,1
s36,kiwi,26.0,1
s36,greenbellpepper,63.0,1
s36,carrot,15.0,1
s36,peanuts,4.0,1
s36,almonds,2.0,1
s36,baguette,10.0,1
s36,slicedloafbread,16.0,1
s36,boulebread,9.0,1
s36,ryebread,14.0,1
s36,deliturkey,19.0,1
s36,chickentenders,72.0,1
s36,meatballs,69.0,1
s36,gouda,14.0,1
s36,swisscheese,11.0,1
s36,potatochips,62.0,1
s36,tortillachips,20.0,1
s36,doritos,75.0,1
s36,ritzcracker,24.0,1
s36,saltinecracker,22.0,1
s36,wheatthins,10.0,1
s36,eggrolls,77.0,1
s36,frenchfries,69.0,1
s36,butteredpopcorn,29.0,1
s36,triscuits,2.0,1
s36,wavylays,26.0,1
s36,chocolateicecreamcone,72.0,1
s36,strawberryicecreamcone,13.0,1
s36,vanillasoftservecone,68.0,1
s36,nutrigrainbar,30.0,1
s36,churro,30.0,1
s36,twistdonut,13.0,1
s36,tuilecookie,23.0,1
s36,madeleine,20.0,1
s36,oatmealraisincookie,58.0,1
s36,thumprintcookie,21.0,1
s36,sugarcookie,51.0,1
s36,vanillawafer,17.0,1
s36,chocolatewafer,18.0,1
s36,chocolatebark,1.0,1
s36,darkchocolate,93.0,1
s36,milkchocolate,87.0,1
s36,pocky,50.0,1
s36,toblerone,76.0,1
s36,lindtlindorchocolatetruffle,97.0,1
s36,twix,86.0,1
s36,caramel,15.0,1
s36,peanutmms,18.0,1
s36,brownie,89.0,1
s36,frostedbrownie,85.0,1
s36,lemoncake,67.0,1
s36,orange,63.0,2
s36,plum,60.0,2
s36,blackberry,96.0,2
s36,peach,60.0,2
s36,cherry,29.0,2
s36,raspberry,97.0,2
s36,apple,67.0,2
s36,grape,98.0,2
s36,goldendeliciousapple,23.0,2
s36,honeydewmelon,4.0,2
s36,kiwi,64.0,2
s36,greenbellpepper,61.0,2
s36,carrot,21.0,2
s36,peanuts,4.0,2
s36,almonds,2.0,2
s36,baguette,9.0,2
s36,slicedloafbread,57.0,2
s36,boulebread,13.0,2
s36,ryebread,31.0,2
s36,deliturkey,67.0,2
s36,chickentenders,80.0,2
s36,meatballs,60.0,2
s36,gouda,16.0,2
s36,swisscheese,16.0,2
s36,potatochips,61.0,2
s36,tortillachips,14.0,2
s36,doritos,72.0,2
s36,ritzcracker,28.0,2
s36,saltinecracker,26.0,2
s36,wheatthins,25.0,2
s36,eggrolls,81.0,2
s36,frenchfries,76.0,2
s36,butteredpopcorn,51.0,2
s36,triscuits,3.0,2
s36,wavylays,30.0,2
s36,chocolateicecreamcone,67.0,2
s36,strawberryicecreamcone,16.0,2
s36,vanillasoftservecone,66.0,2
s36,nutrigrainbar,52.0,2
s36,churro,58.0,2
s36,twistdonut,23.0,2
s36,tuilecookie,49.0,2
s36,madeleine,64.0,2
s36,oatmealraisincookie,50.0,2
s36,thumprintcookie,53.0,2
s36,sugarcookie,50.0,2
s36,vanillawafer,14.0,2
s36,chocolatewafer,22.0,2
s36,chocolatebark,1.0,2
s36,darkchocolate,61.0,2
s36,milkchocolate,86.0,2
s36,pocky,61.0,2
s36,toblerone,70.0,2
s36,lindtlindorchocolatetruffle,99.0,2
s36,twix,97.0,2
s36,caramel,34.0,2
s36,peanutmms,24.0,2
s36,brownie,85.0,2
s36,frostedbrownie,98.0,2
s36,lemoncake,68.0,2
s39,orange,95.0,1
s39,plum,84.0,1
s39,blackberry,76.0,1
s39,peach,91.0,1
s39,cherry,96.0,1
s39,raspberry,99.0,1
s39,apple,74.0,1
s39,grape,97.0,1
s39,goldendeliciousapple,77.0,1
s39,honeydewmelon,18.0,1
s39,kiwi,75.0,1
s39,greenbellpepper,32.0,1
s39,carrot,50.0,1
s39,peanuts,17.0,1
s39,almonds,62.0,1
s39,baguette,73.0,1
s39,slicedloafbread,10.0,1
s39,boulebread,63.0,1
s39,ryebread,61.0,1
s39,deliturkey,53.0,1
s39,chickentenders,87.0,1
s39,meatballs,16.0,1
s39,gouda,45.0,1
s39,swisscheese,85.0,1
s39,potatochips,38.0,1
s39,tortillachips,64.0,1
s39,doritos,57.0,1
s39,ritzcracker,12.0,1
s39,saltinecracker,11.0,1
s39,wheatthins,21.0,1
s39,eggrolls,69.0,1
s39,frenchfries,60.0,1
s39,butteredpopcorn,57.0,1
s39,triscuits,9.0,1
s39,wavylays,35.0,1
s39,chocolateicecreamcone,97.0,1
s39,strawberryicecreamcone,98.0,1
s39,vanillasoftservecone,96.0,1
s39,nutrigrainbar,51.0,1
s39,churro,11.0,1
s39,twistdonut,95.0,1
s39,tuilecookie,34.0,1
s39,madeleine,8.0,1
s39,oatmealraisincookie,22.0,1
s39,thumprintcookie,24.0,1
s39,sugarcookie,49.0,1
s39,vanillawafer,71.0,1
s39,chocolatewafer,91.0,1
s39,chocolatebark,69.0,1
s39,darkchocolate,69.0,1
s39,milkchocolate,96.0,1
s39,pocky,4.0,1
s39,toblerone,95.0,1
s39,lindtlindorchocolatetruffle,95.0,1
s39,twix,82.0,1
s39,caramel,71.0,1
s39,peanutmms,63.0,1
s39,brownie,81.0,1
s39,frostedbrownie,93.0,1
s39,lemoncake,26.0,1
s39,orange,89.0,2
s39,plum,90.0,2
s39,blackberry,88.0,2
s39,peach,91.0,2
s39,cherry,97.0,2
s39,raspberry,97.0,2
s39,apple,83.0,2
s39,grape,100.0,2
s39,goldendeliciousapple,92.0,2
s39,honeydewmelon,21.0,2
s39,kiwi,80.0,2
s39,greenbellpepper,9.0,2
s39,carrot,51.0,2
s39,peanuts,37.0,2
s39,almonds,91.0,2
s39,baguette,54.0,2
s39,slicedloafbread,4.0,2
s39,boulebread,49.0,2
s39,ryebread,30.0,2
s39,deliturkey,44.0,2
s39,chickentenders,36.0,2
s39,meatballs,3.0,2
s39,gouda,24.0,2
s39,swisscheese,42.0,2
s39,potatochips,63.0,2
s39,tortillachips,49.0,2
s39,doritos,50.0,2
s39,ritzcracker,12.0,2
s39,saltinecracker,26.0,2
s39,wheatthins,20.0,2
s39,eggrolls,79.0,2
s39,frenchfries,41.0,2
s39,butteredpopcorn,61.0,2
s39,triscuits,12.0,2
s39,wavylays,28.0,2
s39,chocolateicecreamcone,85.0,2
s39,strawberryicecreamcone,92.0,2
s39,vanillasoftservecone,89.0,2
s39,nutrigrainbar,28.0,2
s39,churro,23.0,2
s39,twistdonut,49.0,2
s39,tuilecookie,6.0,2
s39,madeleine,2.0,2
s39,oatmealraisincookie,22.0,2
s39,thumprintcookie,24.0,2
s39,sugarcookie,24.0,2
s39,vanillawafer,39.0,2
s39,chocolatewafer,69.0,2
s39,chocolatebark,89.0,2
s39,darkchocolate,85.0,2
s39,milkchocolate,75.0,2
s39,pocky,5.0,2
s39,toblerone,95.0,2
s39,lindtlindorchocolatetruffle,97.0,2
s39,twix,83.0,2
s39,caramel,14.0,2
s39,peanutmms,82.0,2
s39,brownie,77.0,2
s39,frostedbrownie,56.0,2
s39,lemoncake,49.0,2
s40,orange,73.0,1
s40,plum,51.0,1
s40,blackberry,69.0,1
s40,peach,75.0,1
s40,cherry,71.0,1
s40,raspberry,90.0,1
s40,apple,75.0,1
s40,grape,71.0,1
s40,goldendeliciousapple,82.0,1
s40,honeydewmelon,74.0,1
s40,kiwi,75.0,1
s40,greenbellpepper,8.0,1
s40,carrot,42.0,1
s40,peanuts,51.0,1
s40,almonds,50.0,1
s40,baguette,52.0,1
s40,slicedloafbread,35.0,1
s40,boulebread,46.0,1
s40,ryebread,40.0,1
s40,deliturkey,50.0,1
s40,chickentenders,50.0,1
s40,meatballs,19.0,1
s40,gouda,56.0,1
s40,swisscheese,82.0,1
s40,potatochips,64.0,1
s40,tortillachips,56.0,1
s40,doritos,51.0,1
s40,ritzcracker,34.0,1
s40,saltinecracker,37.0,1
s40,wheatthins,29.0,1
s40,eggrolls,45.0,1
s40,frenchfries,34.0,1
s40,butteredpopcorn,45.0,1
s40,triscuits,76.0,1
s40,wavylays,60.0,1
s40,chocolateicecreamcone,39.0,1
s40,strawberryicecreamcone,40.0,1
s40,vanillasoftservecone,33.0,1
s40,nutrigrainbar,72.0,1
s40,churro,31.0,1
s40,twistdonut,26.0,1
s40,tuilecookie,49.0,1
s40,madeleine,29.0,1
s40,oatmealraisincookie,64.0,1
s40,thumprintcookie,61.0,1
s40,sugarcookie,15.0,1
s40,vanillawafer,73.0,1
s40,chocolatewafer,58.0,1
s40,chocolatebark,43.0,1
s40,darkchocolate,50.0,1
s40,milkchocolate,73.0,1
s40,pocky,57.0,1
s40,toblerone,56.0,1
s40,lindtlindorchocolatetruffle,49.0,1
s40,twix,45.0,1
s40,caramel,25.0,1
s40,peanutmms,63.0,1
s40,brownie,41.0,1
s40,frostedbrownie,53.0,1
s40,lemoncake,59.0,1
s40,orange,72.0,2
s40,plum,64.0,2
s40,blackberry,75.0,2
s40,peach,56.0,2
s40,cherry,95.0,2
s40,raspberry,99.0,2
s40,apple,96.0,2
s40,grape,83.0,2
s40,goldendeliciousapple,39.0,2
s40,honeydewmelon,87.0,2
s40,kiwi,73.0,2
s40,greenbellpepper,1.0,2
s40,carrot,61.0,2
s40,peanuts,51.0,2
s40,almonds,60.0,2
s40,baguette,36.0,2
s40,slicedloafbread,26.0,2
s40,boulebread,4.0,2
s40,ryebread,8.0,2
s40,deliturkey,60.0,2
s40,chickentenders,65.0,2
s40,meatballs,26.0,2
s40,gouda,65.0,2
s40,swisscheese,91.0,2
s40,potatochips,70.0,2
s40,tortillachips,60.0,2
s40,doritos,50.0,2
s40,ritzcracker,50.0,2
s40,saltinecracker,46.0,2
s40,wheatthins,55.0,2
s40,eggrolls,14.0,2
s40,frenchfries,44.0,2
s40,butteredpopcorn,54.0,2
s40,triscuits,80.0,2
s40,wavylays,73.0,2
s40,chocolateicecreamcone,18.0,2
s40,strawberryicecreamcone,3.0,2
s40,vanillasoftservecone,13.0,2
s40,nutrigrainbar,82.0,2
s40,churro,31.0,2
s40,twistdonut,51.0,2
s40,tuilecookie,43.0,2
s40,madeleine,50.0,2
s40,oatmealraisincookie,64.0,2
s40,thumprintcookie,43.0,2
s40,sugarcookie,44.0,2
s40,vanillawafer,80.0,2
s40,chocolatewafer,63.0,2
s40,chocolatebark,36.0,2
s40,darkchocolate,72.0,2
s40,milkchocolate,91.0,2
s40,pocky,50.0,2
s40,toblerone,60.0,2
s40,lindtlindorchocolatetruffle,39.0,2
s40,twix,51.0,2
s40,caramel,34.0,2
s40,peanutmms,69.0,2
s40,brownie,21.0,2
s40,frostedbrownie,40.0,2
s40,lemoncake,8.0,2
s41,orange,100.0,1
s41,plum,12.0,1
s41,blackberry,21.0,1
s41,peach,7.0,1
s41,cherry,80.0,1
s41,raspberry,2.0,1
s41,apple,7.0,1
s41,grape,90.0,1
s41,goldendeliciousapple,26.0,1
s41,honeydewmelon,1.0,1
s41,kiwi,17.0,1
s41,greenbellpepper,2.0,1
s41,carrot,2.0,1
s41,peanuts,80.0,1
s41,almonds,91.0,1
s41,baguette,100.0,1
s41,slicedloafbread,61.0,1
s41,boulebread,99.0,1
s41,ryebread,100.0,1
s41,deliturkey,1.0,1
s41,chickentenders,99.0,1
s41,meatballs,9.0,1
s41,gouda,86.0,1
s41,swisscheese,100.0,1
s41,potatochips,99.0,1
s41,tortillachips,20.0,1
s41,doritos,85.0,1
s41,ritzcracker,66.0,1
s41,saltinecracker,12.0,1
s41,wheatthins,30.0,1
s41,eggrolls,78.0,1
s41,frenchfries,99.0,1
s41,butteredpopcorn,10.0,1
s41,triscuits,15.0,1
s41,wavylays,99.0,1
s41,chocolateicecreamcone,5.0,1
s41,strawberryicecreamcone,1.0,1
s41,vanillasoftservecone,8.0,1
s41,nutrigrainbar,1.0,1
s41,churro,67.0,1
s41,twistdonut,51.0,1
s41,tuilecookie,50.0,1
s41,madeleine,57.0,1
s41,oatmealraisincookie,28.0,1
s41,thumprintcookie,67.0,1
s41,sugarcookie,50.0,1
s41,vanillawafer,81.0,1
s41,chocolatewafer,80.0,1
s41,chocolatebark,2.0,1
s41,darkchocolate,1.0,1
s41,milkchocolate,2.0,1
s41,pocky,50.0,1
s41,toblerone,1.0,1
s41,lindtlindorchocolatetruffle,2.0,1
s41,twix,14.0,1
s41,caramel,2.0,1
s41,peanutmms,11.0,1
s41,brownie,57.0,1
s41,frostedbrownie,1.0,1
s41,lemoncake,64.0,1
s41,orange,100.0,2
s41,plum,21.0,2
s41,blackberry,79.0,2
s41,peach,11.0,2
s41,cherry,95.0,2
s41,raspberry,31.0,2
s41,apple,1.0,2
s41,grape,88.0,2
s41,goldendeliciousapple,20.0,2
s41,honeydewmelon,10.0,2
s41,kiwi,1.0,2
s41,greenbellpepper,1.0,2
s41,carrot,51.0,2
s41,peanuts,100.0,2
s41,almonds,100.0,2
s41,baguette,100.0,2
s41,slicedloafbread,8.0,2
s41,boulebread,100.0,2
s41,ryebread,67.0,2
s41,deliturkey,11.0,2
s41,chickentenders,100.0,2
s41,meatballs,50.0,2
s41,gouda,100.0,2
s41,swisscheese,100.0,2
s41,potatochips,59.0,2
s41,tortillachips,29.0,2
s41,doritos,64.0,2
s41,ritzcracker,17.0,2
s41,saltinecracker,1.0,2
s41,wheatthins,1.0,2
s41,eggrolls,72.0,2
s41,frenchfries,32.0,2
s41,butteredpopcorn,8.0,2
s41,triscuits,1.0,2
s41,wavylays,63.0,2
s41,chocolateicecreamcone,1.0,2
s41,strawberryicecreamcone,1.0,2
s41,vanillasoftservecone,12.0,2
s41,nutrigrainbar,1.0,2
s41,churro,66.0,2
s41,twistdonut,38.0,2
s41,tuilecookie,50.0,2
s41,madeleine,39.0,2
s41,oatmealraisincookie,24.0,2
s41,thumprintcookie,61.0,2
s41,sugarcookie,9.0,2
s41,vanillawafer,67.0,2
s41,chocolatewafer,57.0,2
s41,chocolatebark,1.0,2
s41,darkchocolate,19.0,2
s41,milkchocolate,1.0,2
s41,pocky,23.0,2
s41,toblerone,1.0,2
s41,lindtlindorchocolatetruffle,1.0,2
s41,twix,1.0,2
s41,caramel,1.0,2
s41,peanutmms,3.0,2
s41,brownie,1.0,2
s41,frostedbrownie,1.0,2
s41,lemoncake,10.0,2
s43,orange,98.0,1
s43,plum,62.0,1
s43,blackberry,80.0,1
s43,peach,84.0,1
s43,cherry,79.0,1
s43,raspberry,94.0,1
s43,apple,66.0,1
s43,grape,90.0,1
s43,goldendeliciousapple,45.0,1
s43,honeydewmelon,75.0,1
s43,kiwi,68.0,1
s43,greenbellpepper,29.0,1
s43,carrot,78.0,1
s43,peanuts,72.0,1
s43,almonds,59.0,1
s43,baguette,61.0,1
s43,slicedloafbread,68.0,1
s43,boulebread,56.0,1
s43,ryebread,49.0,1
s43,deliturkey,78.0,1
s43,chickentenders,60.0,1
s43,meatballs,37.0,1
s43,gouda,53.0,1
s43,swisscheese,51.0,1
s43,potatochips,43.0,1
s43,tortillachips,28.0,1
s43,doritos,47.0,1
s43,ritzcracker,41.0,1
s43,saltinecracker,30.0,1
s43,wheatthins,39.0,1
s43,eggrolls,47.0,1
s43,frenchfries,26.0,1
s43,butteredpopcorn,28.0,1
s43,triscuits,15.0,1
s43,wavylays,40.0,1
s43,chocolateicecreamcone,56.0,1
s43,strawberryicecreamcone,53.0,1
s43,vanillasoftservecone,51.0,1
s43,nutrigrainbar,66.0,1
s43,churro,42.0,1
s43,twistdonut,38.0,1
s43,tuilecookie,14.0,1
s43,madeleine,37.0,1
s43,oatmealraisincookie,46.0,1
s43,thumprintcookie,32.0,1
s43,sugarcookie,46.0,1
s43,vanillawafer,57.0,1
s43,chocolatewafer,60.0,1
s43,chocolatebark,13.0,1
s43,darkchocolate,17.0,1
s43,milkchocolate,62.0,1
s43,pocky,20.0,1
s43,toblerone,33.0,1
s43,lindtlindorchocolatetruffle,4.0,1
s43,twix,54.0,1
s43,caramel,10.0,1
s43,peanutmms,54.0,1
s43,brownie,29.0,1
s43,frostedbrownie,39.0,1
s43,lemoncake,33.0,1
s43,orange,97.0,2
s43,plum,75.0,2
s43,blackberry,91.0,2
s43,peach,84.0,2
s43,cherry,91.0,2
s43,raspberry,94.0,2
s43,apple,62.0,2
s43,grape,83.0,2
s43,goldendeliciousapple,49.0,2
s43,honeydewmelon,81.0,2
s43,kiwi,82.0,2
s43,greenbellpepper,20.0,2
s43,carrot,80.0,2
s43,peanuts,55.0,2
s43,almonds,66.0,2
s43,baguette,58.0,2
s43,slicedloafbread,58.0,2
s43,boulebread,58.0,2
s43,ryebread,54.0,2
s43,deliturkey,80.0,2
s43,chickentenders,66.0,2
s43,meatballs,52.0,2
s43,gouda,71.0,2
s43,swisscheese,63.0,2
s43,potatochips,51.0,2
s43,tortillachips,34.0,2
s43,doritos,31.0,2
s43,ritzcracker,42.0,2
s43,saltinecracker,38.0,2
s43,wheatthins,48.0,2
s43,eggrolls,60.0,2
s43,frenchfries,31.0,2
s43,butteredpopcorn,30.0,2
s43,triscuits,38.0,2
s43,wavylays,21.0,2
s43,chocolateicecreamcone,51.0,2
s43,strawberryicecreamcone,53.0,2
s43,vanillasoftservecone,63.0,2
s43,nutrigrainbar,59.0,2
s43,churro,62.0,2
s43,twistdonut,52.0,2
s43,tuilecookie,5.0,2
s43,madeleine,43.0,2
s43,oatmealraisincookie,51.0,2
s43,thumprintcookie,41.0,2
s43,sugarcookie,43.0,2
s43,vanillawafer,65.0,2
s43,chocolatewafer,55.0,2
s43,chocolatebark,31.0,2
s43,darkchocolate,17.0,2
s43,milkchocolate,69.0,2
s43,pocky,36.0,2
s43,toblerone,35.0,2
s43,lindtlindorchocolatetruffle,16.0,2
s43,twix,47.0,2
s43,caramel,25.0,2
s43,peanutmms,53.0,2
s43,brownie,48.0,2
s43,frostedbrownie,54.0,2
s43,lemoncake,33.0,2
s47,orange,100.0,1
s47,plum,84.0,1
s47,blackberry,100.0,1
s47,peach,100.0,1
s47,cherry,100.0,1
s47,raspberry,100.0,1
s47,apple,100.0,1
s47,grape,82.0,1
s47,goldendeliciousapple,82.0,1
s47,honeydewmelon,35.0,1
s47,kiwi,100.0,1
s47,greenbellpepper,87.0,1
s47,carrot,93.0,1
s47,peanuts,100.0,1
s47,almonds,100.0,1
s47,baguette,85.0,1
s47,slicedloafbread,1.0,1
s47,boulebread,94.0,1
s47,ryebread,71.0,1
s47,deliturkey,1.0,1
s47,chickentenders,57.0,1
s47,meatballs,27.0,1
s47,gouda,86.0,1
s47,swisscheese,83.0,1
s47,potatochips,65.0,1
s47,tortillachips,54.0,1
s47,doritos,44.0,1
s47,ritzcracker,40.0,1
s47,saltinecracker,50.0,1
s47,wheatthins,56.0,1
s47,eggrolls,56.0,1
s47,frenchfries,57.0,1
s47,butteredpopcorn,14.0,1
s47,triscuits,64.0,1
s47,wavylays,75.0,1
s47,chocolateicecreamcone,29.0,1
s47,strawberryicecreamcone,65.0,1
s47,vanillasoftservecone,44.0,1
s47,nutrigrainbar,1.0,1
s47,churro,1.0,1
s47,twistdonut,16.0,1
s47,tuilecookie,12.0,1
s47,madeleine,20.0,1
s47,oatmealraisincookie,36.0,1
s47,thumprintcookie,28.0,1
s47,sugarcookie,17.0,1
s47,vanillawafer,1.0,1
s47,chocolatewafer,1.0,1
s47,chocolatebark,59.0,1
s47,darkchocolate,56.0,1
s47,milkchocolate,46.0,1
s47,pocky,36.0,1
s47,toblerone,57.0,1
s47,lindtlindorchocolatetruffle,58.0,1
s47,twix,36.0,1
s47,caramel,39.0,1
s47,peanutmms,49.0,1
s47,brownie,32.0,1
s47,frostedbrownie,60.0,1
s47,lemoncake,25.0,1
s47,orange,100.0,2
s47,plum,85.0,2
s47,blackberry,100.0,2
s47,peach,100.0,2
s47,cherry,100.0,2
s47,raspberry,100.0,2
s47,apple,100.0,2
s47,grape,100.0,2
s47,goldendeliciousapple,87.0,2
s47,honeydewmelon,64.0,2
s47,kiwi,100.0,2
s47,greenbellpepper,83.0,2
s47,carrot,88.0,2
s47,peanuts,77.0,2
s47,almonds,100.0,2
s47,baguette,81.0,2
s47,slicedloafbread,1.0,2
s47,boulebread,87.0,2
s47,ryebread,79.0,2
s47,deliturkey,1.0,2
s47,chickentenders,37.0,2
s47,meatballs,51.0,2
s47,gouda,80.0,2
s47,swisscheese,82.0,2
s47,potatochips,59.0,2
s47,tortillachips,63.0,2
s47,doritos,57.0,2
s47,ritzcracker,44.0,2
s47,saltinecracker,56.0,2
s47,wheatthins,42.0,2
s47,eggrolls,58.0,2
s47,frenchfries,28.0,2
s47,butteredpopcorn,1.0,2
s47,triscuits,69.0,2
s47,wavylays,40.0,2
s47,chocolateicecreamcone,37.0,2
s47,strawberryicecreamcone,40.0,2
s47,vanillasoftservecone,38.0,2
s47,nutrigrainbar,1.0,2
s47,churro,1.0,2
s47,twistdonut,1.0,2
s47,tuilecookie,1.0,2
s47,madeleine,12.0,2
s47,oatmealraisincookie,41.0,2
s47,thumprintcookie,1.0,2
s47,sugarcookie,14.0,2
s47,vanillawafer,1.0,2
s47,chocolatewafer,1.0,2
s47,chocolatebark,60.0,2
s47,darkchocolate,38.0,2
s47,milkchocolate,41.0,2
s47,pocky,10.0,2
s47,toblerone,39.0,2
s47,lindtlindorchocolatetruffle,55.0,2
s47,twix,16.0,2
s47,caramel,1.0,2
s47,peanutmms,37.0,2
s47,brownie,41.0,2
s47,frostedbrownie,37.0,2
s47,lemoncake,12.0,2
s48,orange,74.0,1
s48,plum,66.0,1
s48,blackberry,85.0,1
s48,peach,86.0,1
s48,cherry,29.0,1
s48,raspberry,61.0,1
s48,apple,96.0,1
s48,grape,75.0,1
s48,goldendeliciousapple,65.0,1
s48,honeydewmelon,1.0,1
s48,kiwi,22.0,1
s48,greenbellpepper,2.0,1
s48,carrot,64.0,1
s48,peanuts,13.0,1
s48,almonds,2.0,1
s48,baguette,99.0,1
s48,slicedloafbread,34.0,1
s48,boulebread,81.0,1
s48,ryebread,85.0,1
s48,deliturkey,96.0,1
s48,chickentenders,91.0,1
s48,meatballs,83.0,1
s48,gouda,32.0,1
s48,swisscheese,41.0,1
s48,potatochips,66.0,1
s48,tortillachips,79.0,1
s48,doritos,79.0,1
s48,ritzcracker,92.0,1
s48,saltinecracker,72.0,1
s48,wheatthins,25.0,1
s48,eggrolls,51.0,1
s48,frenchfries,56.0,1
s48,butteredpopcorn,21.0,1
s48,triscuits,3.0,1
s48,wavylays,74.0,1
s48,chocolateicecreamcone,77.0,1
s48,strawberryicecreamcone,66.0,1
s48,vanillasoftservecone,50.0,1
s48,nutrigrainbar,30.0,1
s48,churro,5.0,1
s48,twistdonut,5.0,1
s48,tuilecookie,27.0,1
s48,madeleine,98.0,1
s48,oatmealraisincookie,29.0,1
s48,thumprintcookie,32.0,1
s48,sugarcookie,51.0,1
s48,vanillawafer,47.0,1
s48,chocolatewafer,84.0,1
s48,chocolatebark,11.0,1
s48,darkchocolate,59.0,1
s48,milkchocolate,99.0,1
s48,pocky,93.0,1
s48,toblerone,53.0,1
s48,lindtlindorchocolatetruffle,48.0,1
s48,twix,77.0,1
s48,caramel,53.0,1
s48,peanutmms,51.0,1
s48,brownie,86.0,1
s48,frostedbrownie,78.0,1
s48,lemoncake,51.0,1
s48,orange,79.0,2
s48,plum,59.0,2
s48,blackberry,56.0,2
s48,peach,93.0,2
s48,cherry,32.0,2
s48,raspberry,80.0,2
s48,apple,90.0,2
s48,grape,64.0,2
s48,goldendeliciousapple,78.0,2
s48,honeydewmelon,2.0,2
s48,kiwi,3.0,2
s48,greenbellpepper,21.0,2
s48,carrot,54.0,2
s48,peanuts,1.0,2
s48,almonds,2.0,2
s48,baguette,88.0,2
s48,slicedloafbread,50.0,2
s48,boulebread,79.0,2
s48,ryebread,66.0,2
s48,deliturkey,60.0,2
s48,chickentenders,71.0,2
s48,meatballs,59.0,2
s48,gouda,27.0,2
s48,swisscheese,26.0,2
s48,potatochips,89.0,2
s48,tortillachips,71.0,2
s48,doritos,78.0,2
s48,ritzcracker,98.0,2
s48,saltinecracker,64.0,2
s48,wheatthins,37.0,2
s48,eggrolls,61.0,2
s48,frenchfries,56.0,2
s48,butteredpopcorn,29.0,2
s48,triscuits,33.0,2
s48,wavylays,58.0,2
s48,chocolateicecreamcone,74.0,2
s48,strawberryicecreamcone,52.0,2
s48,vanillasoftservecone,26.0,2
s48,nutrigrainbar,11.0,2
s48,churro,7.0,2
s48,twistdonut,4.0,2
s48,tuilecookie,54.0,2
s48,madeleine,99.0,2
s48,oatmealraisincookie,22.0,2
s48,thumprintcookie,30.0,2
s48,sugarcookie,38.0,2
s48,vanillawafer,61.0,2
s48,chocolatewafer,72.0,2
s48,chocolatebark,24.0,2
s48,darkchocolate,54.0,2
s48,milkchocolate,100.0,2
s48,pocky,98.0,2
s48,toblerone,75.0,2
s48,lindtlindorchocolatetruffle,67.0,2
s48,twix,73.0,2
s48,caramel,47.0,2
s48,peanutmms,20.0,2
s48,brownie,54.0,2
s48,frostedbrownie,67.0,2
s48,lemoncake,43.0,2
s49,orange,100.0,1
s49,plum,50.0,1
s49,blackberry,1.0,1
s49,peach,100.0,1
s49,cherry,100.0,1
s49,raspberry,63.0,1
s49,apple,100.0,1
s49,grape,100.0,1
s49,goldendeliciousapple,22.0,1
s49,honeydewmelon,100.0,1
s49,kiwi,100.0,1
s49,greenbellpepper,70.0,1
s49,carrot,77.0,1
s49,peanuts,50.0,1
s49,almonds,51.0,1
s49,baguette,100.0,1
s49,slicedloafbread,51.0,1
s49,boulebread,100.0,1
s49,ryebread,100.0,1
s49,deliturkey,87.0,1
s49,chickentenders,50.0,1
s49,meatballs,78.0,1
s49,gouda,100.0,1
s49,swisscheese,100.0,1
s49,potatochips,51.0,1
s49,tortillachips,100.0,1
s49,doritos,51.0,1
s49,ritzcracker,50.0,1
s49,saltinecracker,100.0,1
s49,wheatthins,100.0,1
s49,eggrolls,30.0,1
s49,frenchfries,100.0,1
s49,butteredpopcorn,83.0,1
s49,triscuits,80.0,1
s49,wavylays,38.0,1
s49,chocolateicecreamcone,50.0,1
s49,strawberryicecreamcone,100.0,1
s49,vanillasoftservecone,50.0,1
s49,nutrigrainbar,100.0,1
s49,churro,34.0,1
s49,twistdonut,24.0,1
s49,tuilecookie,50.0,1
s49,madeleine,50.0,1
s49,oatmealraisincookie,73.0,1
s49,thumprintcookie,100.0,1
s49,sugarcookie,49.0,1
s49,vanillawafer,50.0,1
s49,chocolatewafer,28.0,1
s49,chocolatebark,100.0,1
s49,darkchocolate,100.0,1
s49,milkchocolate,24.0,1
s49,pocky,100.0,1
s49,toblerone,50.0,1
s49,lindtlindorchocolatetruffle,85.0,1
s49,twix,19.0,1
s49,caramel,49.0,1
s49,peanutmms,51.0,1
s49,brownie,50.0,1
s49,frostedbrownie,69.0,1
s49,lemoncake,15.0,1
s49,orange,99.0,2
s49,plum,86.0,2
s49,blackberry,1.0,2
s49,peach,99.0,2
s49,cherry,99.0,2
s49,raspberry,20.0,2
s49,apple,99.0,2
s49,grape,99.0,2
s49,goldendeliciousapple,14.0,2
s49,honeydewmelon,99.0,2
s49,kiwi,99.0,2
s49,greenbellpepper,82.0,2
s49,carrot,99.0,2
s49,peanuts,51.0,2
s49,almonds,50.0,2
s49,baguette,99.0,2
s49,slicedloafbread,91.0,2
s49,boulebread,100.0,2
s49,ryebread,99.0,2
s49,deliturkey,100.0,2
s49,chickentenders,51.0,2
s49,meatballs,99.0,2
s49,gouda,99.0,2
s49,swisscheese,99.0,2
s49,potatochips,33.0,2
s49,tortillachips,94.0,2
s49,doritos,63.0,2
s49,ritzcracker,99.0,2
s49,saltinecracker,99.0,2
s49,wheatthins,99.0,2
s49,eggrolls,37.0,2
s49,frenchfries,99.0,2
s49,butteredpopcorn,80.0,2
s49,triscuits,72.0,2
s49,wavylays,26.0,2
s49,chocolateicecreamcone,50.0,2
s49,strawberryicecreamcone,99.0,2
s49,vanillasoftservecone,51.0,2
s49,nutrigrainbar,99.0,2
s49,churro,38.0,2
s49,twistdonut,50.0,2
s49,tuilecookie,29.0,2
s49,madeleine,50.0,2
s49,oatmealraisincookie,72.0,2
s49,thumprintcookie,98.0,2
s49,sugarcookie,21.0,2
s49,vanillawafer,28.0,2
s49,chocolatewafer,40.0,2
s49,chocolatebark,99.0,2
s49,darkchocolate,99.0,2
s49,milkchocolate,50.0,2
s49,pocky,99.0,2
s49,toblerone,35.0,2
s49,lindtlindorchocolatetruffle,86.0,2
s49,twix,24.0,2
s49,caramel,50.0,2
s49,peanutmms,69.0,2
s49,brownie,33.0,2
s49,frostedbrownie,27.0,2
s49,lemoncake,26.0,2
s50,orange,96.0,1
s50,plum,66.0,1
s50,blackberry,100.0,1
s50,peach,66.0,1
s50,cherry,100.0,1
s50,raspberry,100.0,1
s50,apple,60.0,1
s50,grape,83.0,1
s50,goldendeliciousapple,66.0,1
s50,honeydewmelon,1.0,1
s50,kiwi,5.0,1
s50,greenbellpepper,8.0,1
s50,carrot,67.0,1
s50,peanuts,13.0,1
s50,almonds,70.0,1
s50,baguette,47.0,1
s50,slicedloafbread,17.0,1
s50,boulebread,32.0,1
s50,ryebread,31.0,1
s50,deliturkey,84.0,1
s50,chickentenders,100.0,1
s50,meatballs,7.0,1
s50,gouda,10.0,1
s50,swisscheese,78.0,1
s50,potatochips,90.0,1
s50,tortillachips,72.0,1
s50,doritos,60.0,1
s50,ritzcracker,5.0,1
s50,saltinecracker,31.0,1
s50,wheatthins,22.0,1
s50,eggrolls,71.0,1
s50,frenchfries,93.0,1
s50,butteredpopcorn,1.0,1
s50,triscuits,87.0,1
s50,wavylays,67.0,1
s50,chocolateicecreamcone,72.0,1
s50,strawberryicecreamcone,85.0,1
s50,vanillasoftservecone,55.0,1
s50,nutrigrainbar,52.0,1
s50,churro,1.0,1
s50,twistdonut,2.0,1
s50,tuilecookie,1.0,1
s50,madeleine,5.0,1
s50,oatmealraisincookie,89.0,1
s50,thumprintcookie,21.0,1
s50,sugarcookie,1.0,1
s50,vanillawafer,28.0,1
s50,chocolatewafer,70.0,1
s50,chocolatebark,68.0,1
s50,darkchocolate,93.0,1
s50,milkchocolate,97.0,1
s50,pocky,1.0,1
s50,toblerone,75.0,1
s50,lindtlindorchocolatetruffle,73.0,1
s50,twix,73.0,1
s50,caramel,1.0,1
s50,peanutmms,95.0,1
s50,brownie,90.0,1
s50,frostedbrownie,83.0,1
s50,lemoncake,4.0,1
s50,orange,100.0,2
s50,plum,23.0,2
s50,blackberry,99.0,2
s50,peach,24.0,2
s50,cherry,100.0,2
s50,raspberry,100.0,2
s50,apple,100.0,2
s50,grape,100.0,2
s50,goldendeliciousapple,90.0,2
s50,honeydewmelon,1.0,2
s50,kiwi,26.0,2
s50,greenbellpepper,38.0,2
s50,carrot,33.0,2
s50,peanuts,33.0,2
s50,almonds,32.0,2
s50,baguette,13.0,2
s50,slicedloafbread,17.0,2
s50,boulebread,22.0,2
s50,ryebread,21.0,2
s50,deliturkey,100.0,2
s50,chickentenders,100.0,2
s50,meatballs,1.0,2
s50,gouda,15.0,2
s50,swisscheese,71.0,2
s50,potatochips,81.0,2
s50,tortillachips,56.0,2
s50,doritos,58.0,2
s50,ritzcracker,51.0,2
s50,saltinecracker,13.0,2
s50,wheatthins,62.0,2
s50,eggrolls,100.0,2
s50,frenchfries,100.0,2
s50,butteredpopcorn,1.0,2
s50,triscuits,63.0,2
s50,wavylays,23.0,2
s50,chocolateicecreamcone,69.0,2
s50,strawberryicecreamcone,72.0,2
s50,vanillasoftservecone,69.0,2
s50,nutrigrainbar,44.0,2
s50,churro,1.0,2
s50,twistdonut,13.0,2
s50,tuilecookie,1.0,2
s50,madeleine,3.0,2
s50,oatmealraisincookie,82.0,2
s50,thumprintcookie,28.0,2
s50,sugarcookie,6.0,2
s50,vanillawafer,55.0,2
s50,chocolatewafer,75.0,2
s50,chocolatebark,76.0,2
s50,darkchocolate,100.0,2
s50,milkchocolate,97.0,2
s50,pocky,56.0,2
s50,toblerone,89.0,2
s50,lindtlindorchocolatetruffle,98.0,2
s50,twix,100.0,2
s50,caramel,1.0,2
s50,peanutmms,81.0,2
s50,brownie,79.0,2
s50,frostedbrownie,70.0,2
s50,lemoncake,7.0,2
s52,orange,82.0,1
s52,plum,20.0,1
s52,blackberry,67.0,1
s52,peach,41.0,1
s52,cherry,28.0,1
s52,raspberry,72.0,1
s52,apple,81.0,1
s52,grape,84.0,1
s52,goldendeliciousapple,71.0,1
s52,honeydewmelon,61.0,1
s52,kiwi,27.0,1
s52,greenbellpepper,1.0,1
s52,carrot,62.0,1
s52,peanuts,29.0,1
s52,almonds,32.0,1
s52,baguette,31.0,1
s52,slicedloafbread,55.0,1
s52,boulebread,34.0,1
s52,ryebread,46.0,1
s52,deliturkey,71.0,1
s52,chickentenders,68.0,1
s52,meatballs,65.0,1
s52,gouda,30.0,1
s52,swisscheese,59.0,1
s52,potatochips,30.0,1
s52,tortillachips,64.0,1
s52,doritos,72.0,1
s52,ritzcracker,29.0,1
s52,saltinecracker,38.0,1
s52,wheatthins,34.0,1
s52,eggrolls,57.0,1
s52,frenchfries,19.0,1
s52,butteredpopcorn,71.0,1
s52,triscuits,23.0,1
s52,wavylays,32.0,1
s52,chocolateicecreamcone,76.0,1
s52,strawberryicecreamcone,78.0,1
s52,vanillasoftservecone,93.0,1
s52,nutrigrainbar,66.0,1
s52,churro,36.0,1
s52,twistdonut,62.0,1
s52,tuilecookie,77.0,1
s52,madeleine,51.0,1
s52,oatmealraisincookie,61.0,1
s52,thumprintcookie,65.0,1
s52,sugarcookie,31.0,1
s52,vanillawafer,76.0,1
s52,chocolatewafer,65.0,1
s52,chocolatebark,77.0,1
s52,darkchocolate,77.0,1
s52,milkchocolate,91.0,1
s52,pocky,100.0,1
s52,toblerone,83.0,1
s52,lindtlindorchocolatetruffle,74.0,1
s52,twix,68.0,1
s52,caramel,80.0,1
s52,peanutmms,83.0,1
s52,brownie,73.0,1
s52,frostedbrownie,78.0,1
s52,lemoncake,31.0,1
s52,orange,76.0,2
s52,plum,50.0,2
s52,blackberry,61.0,2
s52,peach,33.0,2
s52,cherry,50.0,2
s52,raspberry,64.0,2
s52,apple,71.0,2
s52,grape,70.0,2
s52,goldendeliciousapple,63.0,2
s52,honeydewmelon,27.0,2
s52,kiwi,51.0,2
s52,greenbellpepper,1.0,2
s52,carrot,65.0,2
s52,peanuts,40.0,2
s52,almonds,41.0,2
s52,baguette,63.0,2
s52,slicedloafbread,63.0,2
s52,boulebread,35.0,2
s52,ryebread,36.0,2
s52,deliturkey,72.0,2
s52,chickentenders,74.0,2
s52,meatballs,58.0,2
s52,gouda,51.0,2
s52,swisscheese,51.0,2
s52,potatochips,37.0,2
s52,tortillachips,40.0,2
s52,doritos,63.0,2
s52,ritzcracker,37.0,2
s52,saltinecracker,40.0,2
s52,wheatthins,38.0,2
s52,eggrolls,59.0,2
s52,frenchfries,65.0,2
s52,butteredpopcorn,63.0,2
s52,triscuits,31.0,2
s52,wavylays,41.0,2
s52,chocolateicecreamcone,78.0,2
s52,strawberryicecreamcone,68.0,2
s52,vanillasoftservecone,80.0,2
s52,nutrigrainbar,70.0,2
s52,churro,64.0,2
s52,twistdonut,62.0,2
s52,tuilecookie,68.0,2
s52,madeleine,15.0,2
s52,oatmealraisincookie,75.0,2
s52,thumprintcookie,63.0,2
s52,sugarcookie,36.0,2
s52,vanillawafer,61.0,2
s52,chocolatewafer,61.0,2
s52,chocolatebark,72.0,2
s52,darkchocolate,85.0,2
s52,milkchocolate,77.0,2
s52,pocky,100.0,2
s52,toblerone,78.0,2
s52,lindtlindorchocolatetruffle,74.0,2
s52,twix,72.0,2
s52,caramel,72.0,2
s52,peanutmms,76.0,2
s52,brownie,84.0,2
s52,frostedbrownie,83.0,2
s52,lemoncake,64.0,2
s53,orange,1.0,1
s53,plum,17.0,1
s53,blackberry,92.0,1
s53,peach,10.0,1
s53,cherry,1.0,1
s53,raspberry,86.0,1
s53,apple,81.0,1
s53,grape,1.0,1
s53,goldendeliciousapple,51.0,1
s53,honeydewmelon,1.0,1
s53,kiwi,58.0,1
s53,greenbellpepper,1.0,1
s53,carrot,21.0,1
s53,peanuts,47.0,1
s53,almonds,40.0,1
s53,baguette,93.0,1
s53,slicedloafbread,15.0,1
s53,boulebread,100.0,1
s53,ryebread,99.0,1
s53,deliturkey,1.0,1
s53,chickentenders,2.0,1
s53,meatballs,1.0,1
s53,gouda,1.0,1
s53,swisscheese,2.0,1
s53,potatochips,38.0,1
s53,tortillachips,6.0,1
s53,doritos,22.0,1
s53,ritzcracker,5.0,1
s53,saltinecracker,21.0,1
s53,wheatthins,17.0,1
s53,eggrolls,12.0,1
s53,frenchfries,60.0,1
s53,butteredpopcorn,12.0,1
s53,triscuits,7.0,1
s53,wavylays,37.0,1
s53,chocolateicecreamcone,39.0,1
s53,strawberryicecreamcone,59.0,1
s53,vanillasoftservecone,47.0,1
s53,nutrigrainbar,70.0,1
s53,churro,47.0,1
s53,twistdonut,33.0,1
s53,tuilecookie,50.0,1
s53,madeleine,51.0,1
s53,oatmealraisincookie,22.0,1
s53,thumprintcookie,31.0,1
s53,sugarcookie,16.0,1
s53,vanillawafer,50.0,1
s53,chocolatewafer,78.0,1
s53,chocolatebark,14.0,1
s53,darkchocolate,27.0,1
s53,milkchocolate,34.0,1
s53,pocky,50.0,1
s53,toblerone,7.0,1
s53,lindtlindorchocolatetruffle,49.0,1
s53,twix,62.0,1
s53,caramel,16.0,1
s53,peanutmms,39.0,1
s53,brownie,2.0,1
s53,frostedbrownie,2.0,1
s53,lemoncake,1.0,1
s53,orange,2.0,2
s53,plum,13.0,2
s53,blackberry,80.0,2
s53,peach,2.0,2
s53,cherry,2.0,2
s53,raspberry,84.0,2
s53,apple,89.0,2
s53,grape,2.0,2
s53,goldendeliciousapple,68.0,2
s53,honeydewmelon,2.0,2
s53,kiwi,65.0,2
s53,greenbellpepper,1.0,2
s53,carrot,20.0,2
s53,peanuts,25.0,2
s53,almonds,47.0,2
s53,baguette,51.0,2
s53,slicedloafbread,37.0,2
s53,boulebread,52.0,2
s53,ryebread,100.0,2
s53,deliturkey,2.0,2
s53,chickentenders,1.0,2
s53,meatballs,2.0,2
s53,gouda,2.0,2
s53,swisscheese,3.0,2
s53,potatochips,40.0,2
s53,tortillachips,14.0,2
s53,doritos,10.0,2
s53,ritzcracker,38.0,2
s53,saltinecracker,14.0,2
s53,wheatthins,36.0,2
s53,eggrolls,6.0,2
s53,frenchfries,69.0,2
s53,butteredpopcorn,11.0,2
s53,triscuits,5.0,2
s53,wavylays,10.0,2
s53,chocolateicecreamcone,57.0,2
s53,strawberryicecreamcone,25.0,2
s53,vanillasoftservecone,38.0,2
s53,nutrigrainbar,61.0,2
s53,churro,23.0,2
s53,twistdonut,26.0,2
s53,tuilecookie,51.0,2
s53,madeleine,19.0,2
s53,oatmealraisincookie,20.0,2
s53,thumprintcookie,50.0,2
s53,sugarcookie,20.0,2
s53,vanillawafer,45.0,2
s53,chocolatewafer,71.0,2
s53,chocolatebark,33.0,2
s53,darkchocolate,27.0,2
s53,milkchocolate,29.0,2
s53,pocky,61.0,2
s53,toblerone,39.0,2
s53,lindtlindorchocolatetruffle,14.0,2
s53,twix,60.0,2
s53,caramel,21.0,2
s53,peanutmms,52.0,2
s53,brownie,3.0,2
s53,frostedbrownie,1.0,2
s53,lemoncake,2.0,2
s54,orange,98.0,1
s54,plum,98.0,1
s54,blackberry,74.0,1
s54,peach,100.0,1
s54,cherry,51.0,1
s54,raspberry,89.0,1
s54,apple,99.0,1
s54,grape,100.0,1
s54,goldendeliciousapple,100.0,1
s54,honeydewmelon,96.0,1
s54,kiwi,89.0,1
s54,greenbellpepper,93.0,1
s54,carrot,99.0,1
s54,peanuts,50.0,1
s54,almonds,87.0,1
s54,baguette,68.0,1
s54,slicedloafbread,79.0,1
s54,boulebread,67.0,1
s54,ryebread,71.0,1
s54,deliturkey,65.0,1
s54,chickentenders,29.0,1
s54,meatballs,62.0,1
s54,gouda,50.0,1
s54,swisscheese,60.0,1
s54,potatochips,16.0,1
s54,tortillachips,50.0,1
s54,doritos,17.0,1
s54,ritzcracker,33.0,1
s54,saltinecracker,49.0,1
s54,wheatthins,39.0,1
s54,eggrolls,16.0,1
s54,frenchfries,8.0,1
s54,butteredpopcorn,40.0,1
s54,triscuits,40.0,1
s54,wavylays,25.0,1
s54,chocolateicecreamcone,38.0,1
s54,strawberryicecreamcone,5.0,1
s54,vanillasoftservecone,11.0,1
s54,nutrigrainbar,71.0,1
s54,churro,13.0,1
s54,twistdonut,14.0,1
s54,tuilecookie,24.0,1
s54,madeleine,31.0,1
s54,oatmealraisincookie,61.0,1
s54,thumprintcookie,39.0,1
s54,sugarcookie,39.0,1
s54,vanillawafer,60.0,1
s54,chocolatewafer,51.0,1
s54,chocolatebark,22.0,1
s54,darkchocolate,18.0,1
s54,milkchocolate,2.0,1
s54,pocky,35.0,1
s54,toblerone,11.0,1
s54,lindtlindorchocolatetruffle,23.0,1
s54,twix,8.0,1
s54,caramel,35.0,1
s54,peanutmms,25.0,1
s54,brownie,9.0,1
s54,frostedbrownie,2.0,1
s54,lemoncake,3.0,1
s54,orange,99.0,2
s54,plum,96.0,2
s54,blackberry,98.0,2
s54,peach,99.0,2
s54,cherry,91.0,2
s54,raspberry,99.0,2
s54,apple,100.0,2
s54,grape,99.0,2
s54,goldendeliciousapple,99.0,2
s54,honeydewmelon,96.0,2
s54,kiwi,89.0,2
s54,greenbellpepper,99.0,2
s54,carrot,98.0,2
s54,peanuts,50.0,2
s54,almonds,76.0,2
s54,baguette,77.0,2
s54,slicedloafbread,64.0,2
s54,boulebread,75.0,2
s54,ryebread,69.0,2
s54,deliturkey,86.0,2
s54,chickentenders,3.0,2
s54,meatballs,70.0,2
s54,gouda,49.0,2
s54,swisscheese,54.0,2
s54,potatochips,30.0,2
s54,tortillachips,34.0,2
s54,doritos,10.0,2
s54,ritzcracker,43.0,2
s54,saltinecracker,51.0,2
s54,wheatthins,49.0,2
s54,eggrolls,41.0,2
s54,frenchfries,6.0,2
s54,butteredpopcorn,32.0,2
s54,triscuits,44.0,2
s54,wavylays,28.0,2
s54,chocolateicecreamcone,3.0,2
s54,strawberryicecreamcone,2.0,2
s54,vanillasoftservecone,5.0,2
s54,nutrigrainbar,69.0,2
s54,churro,31.0,2
s54,twistdonut,15.0,2
s54,tuilecookie,24.0,2
s54,madeleine,32.0,2
s54,oatmealraisincookie,43.0,2
s54,thumprintcookie,35.0,2
s54,sugarcookie,31.0,2
s54,vanillawafer,35.0,2
s54,chocolatewafer,35.0,2
s54,chocolatebark,6.0,2
s54,darkchocolate,26.0,2
s54,milkchocolate,1.0,2
s54,pocky,32.0,2
s54,toblerone,7.0,2
s54,lindtlindorchocolatetruffle,39.0,2
s54,twix,13.0,2
s54,caramel,2.0,2
s54,peanutmms,2.0,2
s54,brownie,1.0,2
s54,frostedbrownie,3.0,2
s54,lemoncake,2.0,2
s55,orange,69.0,1
s55,plum,70.0,1
s55,blackberry,69.0,1
s55,peach,92.0,1
s55,cherry,72.0,1
s55,raspberry,69.0,1
s55,apple,92.0,1
s55,grape,96.0,1
s55,goldendeliciousapple,68.0,1
s55,honeydewmelon,65.0,1
s55,kiwi,35.0,1
s55,greenbellpepper,33.0,1
s55,carrot,67.0,1
s55,peanuts,35.0,1
s55,almonds,67.0,1
s55,baguette,52.0,1
s55,slicedloafbread,53.0,1
s55,boulebread,62.0,1
s55,ryebread,51.0,1
s55,deliturkey,49.0,1
s55,chickentenders,37.0,1
s55,meatballs,49.0,1
s55,gouda,71.0,1
s55,swisscheese,71.0,1
s55,potatochips,70.0,1
s55,tortillachips,77.0,1
s55,doritos,65.0,1
s55,ritzcracker,36.0,1
s55,saltinecracker,16.0,1
s55,wheatthins,75.0,1
s55,eggrolls,66.0,1
s55,frenchfries,66.0,1
s55,butteredpopcorn,62.0,1
s55,triscuits,29.0,1
s55,wavylays,60.0,1
s55,chocolateicecreamcone,36.0,1
s55,strawberryicecreamcone,30.0,1
s55,vanillasoftservecone,64.0,1
s55,nutrigrainbar,37.0,1
s55,churro,18.0,1
s55,twistdonut,39.0,1
s55,tuilecookie,27.0,1
s55,madeleine,51.0,1
s55,oatmealraisincookie,50.0,1
s55,thumprintcookie,40.0,1
s55,sugarcookie,51.0,1
s55,vanillawafer,50.0,1
s55,chocolatewafer,65.0,1
s55,chocolatebark,52.0,1
s55,darkchocolate,63.0,1
s55,milkchocolate,35.0,1
s55,pocky,77.0,1
s55,toblerone,36.0,1
s55,lindtlindorchocolatetruffle,31.0,1
s55,twix,71.0,1
s55,caramel,25.0,1
s55,peanutmms,24.0,1
s55,brownie,33.0,1
s55,frostedbrownie,61.0,1
s55,lemoncake,14.0,1
s55,orange,72.0,2
s55,plum,82.0,2
s55,blackberry,75.0,2
s55,peach,84.0,2
s55,cherry,66.0,2
s55,raspberry,69.0,2
s55,apple,32.0,2
s55,grape,98.0,2
s55,goldendeliciousapple,70.0,2
s55,honeydewmelon,33.0,2
s55,kiwi,78.0,2
s55,greenbellpepper,60.0,2
s55,carrot,85.0,2
s55,peanuts,55.0,2
s55,almonds,66.0,2
s55,baguette,71.0,2
s55,slicedloafbread,44.0,2
s55,boulebread,63.0,2
s55,ryebread,82.0,2
s55,deliturkey,69.0,2
s55,chickentenders,36.0,2
s55,meatballs,75.0,2
s55,gouda,81.0,2
s55,swisscheese,65.0,2
s55,potatochips,81.0,2
s55,tortillachips,72.0,2
s55,doritos,81.0,2
s55,ritzcracker,35.0,2
s55,saltinecracker,52.0,2
s55,wheatthins,52.0,2
s55,eggrolls,71.0,2
s55,frenchfries,76.0,2
s55,butteredpopcorn,30.0,2
s55,triscuits,34.0,2
s55,wavylays,83.0,2
s55,chocolateicecreamcone,24.0,2
s55,strawberryicecreamcone,10.0,2
s55,vanillasoftservecone,67.0,2
s55,nutrigrainbar,32.0,2
s55,churro,29.0,2
s55,twistdonut,60.0,2
s55,tuilecookie,52.0,2
s55,madeleine,40.0,2
s55,oatmealraisincookie,38.0,2
s55,thumprintcookie,36.0,2
s55,sugarcookie,41.0,2
s55,vanillawafer,53.0,2
s55,chocolatewafer,70.0,2
s55,chocolatebark,38.0,2
s55,darkchocolate,34.0,2
s55,milkchocolate,33.0,2
s55,pocky,72.0,2
s55,toblerone,32.0,2
s55,lindtlindorchocolatetruffle,52.0,2
s55,twix,39.0,2
s55,caramel,34.0,2
s55,peanutmms,8.0,2
s55,brownie,67.0,2
s55,frostedbrownie,33.0,2
s55,lemoncake,7.0,2
s57,orange,65.0,1
s57,plum,59.0,1
s57,blackberry,42.0,1
s57,peach,75.0,1
s57,cherry,57.0,1
s57,raspberry,65.0,1
s57,apple,47.0,1
s57,grape,56.0,1
s57,goldendeliciousapple,58.0,1
s57,honeydewmelon,22.0,1
s57,kiwi,60.0,1
s57,greenbellpepper,12.0,1
s57,carrot,54.0,1
s57,peanuts,49.0,1
s57,almonds,41.0,1
s57,baguette,52.0,1
s57,slicedloafbread,70.0,1
s57,boulebread,49.0,1
s57,ryebread,51.0,1
s57,deliturkey,40.0,1
s57,chickentenders,51.0,1
s57,meatballs,33.0,1
s57,gouda,43.0,1
s57,swisscheese,41.0,1
s57,potatochips,22.0,1
s57,tortillachips,58.0,1
s57,doritos,65.0,1
s57,ritzcracker,57.0,1
s57,saltinecracker,37.0,1
s57,wheatthins,41.0,1
s57,eggrolls,81.0,1
s57,frenchfries,42.0,1
s57,butteredpopcorn,35.0,1
s57,triscuits,53.0,1
s57,wavylays,65.0,1
s57,chocolateicecreamcone,46.0,1
s57,strawberryicecreamcone,54.0,1
s57,vanillasoftservecone,68.0,1
s57,nutrigrainbar,39.0,1
s57,churro,73.0,1
s57,twistdonut,49.0,1
s57,tuilecookie,41.0,1
s57,madeleine,33.0,1
s57,oatmealraisincookie,31.0,1
s57,thumprintcookie,55.0,1
s57,sugarcookie,56.0,1
s57,vanillawafer,74.0,1
s57,chocolatewafer,41.0,1
s57,chocolatebark,32.0,1
s57,darkchocolate,58.0,1
s57,milkchocolate,67.0,1
s57,pocky,24.0,1
s57,toblerone,56.0,1
s57,lindtlindorchocolatetruffle,11.0,1
s57,twix,66.0,1
s57,caramel,61.0,1
s57,peanutmms,65.0,1
s57,brownie,49.0,1
s57,frostedbrownie,61.0,1
s57,lemoncake,33.0,1
s57,orange,36.0,2
s57,plum,40.0,2
s57,blackberry,34.0,2
s57,peach,39.0,2
s57,cherry,39.0,2
s57,raspberry,39.0,2
s57,apple,37.0,2
s57,grape,23.0,2
s57,goldendeliciousapple,36.0,2
s57,honeydewmelon,39.0,2
s57,kiwi,40.0,2
s57,greenbellpepper,39.0,2
s57,carrot,38.0,2
s57,peanuts,31.0,2
s57,almonds,36.0,2
s57,baguette,41.0,2
s57,slicedloafbread,33.0,2
s57,boulebread,32.0,2
s57,ryebread,43.0,2
s57,deliturkey,42.0,2
s57,chickentenders,41.0,2
s57,meatballs,41.0,2
s57,gouda,70.0,2
s57,swisscheese,27.0,2
s57,potatochips,33.0,2
s57,tortillachips,36.0,2
s57,doritos,37.0,2
s57,ritzcracker,37.0,2
s57,saltinecracker,33.0,2
s57,wheatthins,34.0,2
s57,eggrolls,30.0,2
s57,frenchfries,35.0,2
s57,butteredpopcorn,38.0,2
s57,triscuits,36.0,2
s57,wavylays,42.0,2
s57,chocolateicecreamcone,42.0,2
s57,strawberryicecreamcone,39.0,2
s57,vanillasoftservecone,42.0,2
s57,nutrigrainbar,27.0,2
s57,churro,35.0,2
s57,twistdonut,34.0,2
s57,tuilecookie,29.0,2
s57,madeleine,33.0,2
s57,oatmealraisincookie,37.0,2
s57,thumprintcookie,37.0,2
s57,sugarcookie,35.0,2
s57,vanillawafer,39.0,2
s57,chocolatewafer,34.0,2
s57,chocolatebark,34.0,2
s57,darkchocolate,36.0,2
s57,milkchocolate,36.0,2
s57,pocky,32.0,2
s57,toblerone,23.0,2
s57,lindtlindorchocolatetruffle,34.0,2
s57,twix,42.0,2
s57,caramel,37.0,2
s57,peanutmms,35.0,2
s57,brownie,39.0,2
s57,frostedbrownie,40.0,2
s57,lemoncake,35.0,2
s58,orange,51.0,1
s58,plum,63.0,1
s58,blackberry,51.0,1
s58,peach,51.0,1
s58,cherry,51.0,1
s58,raspberry,51.0,1
s58,apple,50.0,1
s58,grape,50.0,1
s58,goldendeliciousapple,50.0,1
s58,honeydewmelon,51.0,1
s58,kiwi,51.0,1
s58,greenbellpepper,51.0,1
s58,carrot,49.0,1
s58,peanuts,50.0,1
s58,almonds,50.0,1
s58,baguette,50.0,1
s58,slicedloafbread,49.0,1
s58,boulebread,49.0,1
s58,ryebread,52.0,1
s58,deliturkey,50.0,1
s58,chickentenders,51.0,1
s58,meatballs,50.0,1
s58,gouda,51.0,1
s58,swisscheese,51.0,1
s58,potatochips,50.0,1
s58,tortillachips,51.0,1
s58,doritos,50.0,1
s58,ritzcracker,50.0,1
s58,saltinecracker,50.0,1
s58,wheatthins,50.0,1
s58,eggrolls,51.0,1
s58,frenchfries,50.0,1
s58,butteredpopcorn,48.0,1
s58,triscuits,52.0,1
s58,wavylays,51.0,1
s58,chocolateicecreamcone,51.0,1
s58,strawberryicecreamcone,49.0,1
s58,vanillasoftservecone,50.0,1
s58,nutrigrainbar,51.0,1
s58,churro,51.0,1
s58,twistdonut,51.0,1
s58,tuilecookie,51.0,1
s58,madeleine,50.0,1
s58,oatmealraisincookie,50.0,1
s58,thumprintcookie,52.0,1
s58,sugarcookie,50.0,1
s58,vanillawafer,51.0,1
s58,chocolatewafer,55.0,1
s58,chocolatebark,51.0,1
s58,darkchocolate,51.0,1
s58,milkchocolate,49.0,1
s58,pocky,55.0,1
s58,toblerone,50.0,1
s58,lindtlindorchocolatetruffle,51.0,1
s58,twix,51.0,1
s58,caramel,52.0,1
s58,peanutmms,50.0,1
s58,brownie,49.0,1
s58,frostedbrownie,53.0,1
s58,lemoncake,51.0,1
s58,orange,50.0,2
s58,plum,49.0,2
s58,blackberry,52.0,2
s58,peach,50.0,2
s58,cherry,51.0,2
s58,raspberry,50.0,2
s58,apple,51.0,2
s58,grape,51.0,2
s58,goldendeliciousapple,49.0,2
s58,honeydewmelon,51.0,2
s58,kiwi,51.0,2
s58,greenbellpepper,52.0,2
s58,carrot,50.0,2
s58,peanuts,51.0,2
s58,almonds,51.0,2
s58,baguette,49.0,2
s58,slicedloafbread,51.0,2
s58,boulebread,51.0,2
s58,ryebread,51.0,2
s58,deliturkey,50.0,2
s58,chickentenders,50.0,2
s58,meatballs,50.0,2
s58,gouda,51.0,2
s58,swisscheese,50.0,2
s58,potatochips,54.0,2
s58,tortillachips,50.0,2
s58,doritos,50.0,2
s58,ritzcracker,53.0,2
s58,saltinecracker,49.0,2
s58,wheatthins,50.0,2
s58,eggrolls,50.0,2
s58,frenchfries,50.0,2
s58,butteredpopcorn,50.0,2
s58,triscuits,51.0,2
s58,wavylays,50.0,2
s58,chocolateicecreamcone,51.0,2
s58,strawberryicecreamcone,50.0,2
s58,vanillasoftservecone,52.0,2
s58,nutrigrainbar,50.0,2
s58,churro,50.0,2
s58,twistdonut,49.0,2
s58,tuilecookie,50.0,2
s58,madeleine,49.0,2
s58,oatmealraisincookie,50.0,2
s58,thumprintcookie,52.0,2
s58,sugarcookie,50.0,2
s58,vanillawafer,50.0,2
s58,chocolatewafer,49.0,2
s58,chocolatebark,50.0,2
s58,darkchocolate,52.0,2
s58,milkchocolate,50.0,2
s58,pocky,51.0,2
s58,toblerone,48.0,2
s58,lindtlindorchocolatetruffle,50.0,2
s58,twix,52.0,2
s58,caramel,50.0,2
s58,peanutmms,50.0,2
s58,brownie,49.0,2
s58,frostedbrownie,51.0,2
s58,lemoncake,52.0,2
s59,orange,83.0,1
s59,plum,88.0,1
s59,blackberry,94.0,1
s59,peach,99.0,1
s59,cherry,99.0,1
s59,raspberry,80.0,1
s59,apple,82.0,1
s59,grape,93.0,1
s59,goldendeliciousapple,49.0,1
s59,honeydewmelon,1.0,1
s59,kiwi,96.0,1
s59,greenbellpepper,64.0,1
s59,carrot,99.0,1
s59,peanuts,1.0,1
s59,almonds,40.0,1
s59,baguette,50.0,1
s59,slicedloafbread,34.0,1
s59,boulebread,90.0,1
s59,ryebread,96.0,1
s59,deliturkey,66.0,1
s59,chickentenders,87.0,1
s59,meatballs,50.0,1
s59,gouda,1.0,1
s59,swisscheese,15.0,1
s59,potatochips,77.0,1
s59,tortillachips,50.0,1
s59,doritos,51.0,1
s59,ritzcracker,48.0,1
s59,saltinecracker,50.0,1
s59,wheatthins,51.0,1
s59,eggrolls,95.0,1
s59,frenchfries,51.0,1
s59,butteredpopcorn,12.0,1
s59,triscuits,23.0,1
s59,wavylays,51.0,1
s59,chocolateicecreamcone,84.0,1
s59,strawberryicecreamcone,52.0,1
s59,vanillasoftservecone,50.0,1
s59,nutrigrainbar,30.0,1
s59,churro,27.0,1
s59,twistdonut,72.0,1
s59,tuilecookie,14.0,1
s59,madeleine,51.0,1
s59,oatmealraisincookie,51.0,1
s59,thumprintcookie,26.0,1
s59,sugarcookie,20.0,1
s59,vanillawafer,13.0,1
s59,chocolatewafer,50.0,1
s59,chocolatebark,10.0,1
s59,darkchocolate,15.0,1
s59,milkchocolate,51.0,1
s59,pocky,9.0,1
s59,toblerone,8.0,1
s59,lindtlindorchocolatetruffle,35.0,1
s59,twix,33.0,1
s59,caramel,9.0,1
s59,peanutmms,48.0,1
s59,brownie,64.0,1
s59,frostedbrownie,51.0,1
s59,lemoncake,58.0,1
s59,orange,88.0,2
s59,plum,87.0,2
s59,blackberry,75.0,2
s59,peach,74.0,2
s59,cherry,97.0,2
s59,raspberry,85.0,2
s59,apple,96.0,2
s59,grape,98.0,2
s59,goldendeliciousapple,80.0,2
s59,honeydewmelon,1.0,2
s59,kiwi,99.0,2
s59,greenbellpepper,70.0,2
s59,carrot,92.0,2
s59,peanuts,1.0,2
s59,almonds,50.0,2
s59,baguette,60.0,2
s59,slicedloafbread,50.0,2
s59,boulebread,12.0,2
s59,ryebread,40.0,2
s59,deliturkey,86.0,2
s59,chickentenders,89.0,2
s59,meatballs,67.0,2
s59,gouda,2.0,2
s59,swisscheese,88.0,2
s59,potatochips,53.0,2
s59,tortillachips,49.0,2
s59,doritos,16.0,2
s59,ritzcracker,50.0,2
s59,saltinecracker,20.0,2
s59,wheatthins,49.0,2
s59,eggrolls,91.0,2
s59,frenchfries,51.0,2
s59,butteredpopcorn,6.0,2
s59,triscuits,42.0,2
s59,wavylays,75.0,2
s59,chocolateicecreamcone,58.0,2
s59,strawberryicecreamcone,75.0,2
s59,vanillasoftservecone,65.0,2
s59,nutrigrainbar,51.0,2
s59,churro,65.0,2
s59,twistdonut,85.0,2
s59,tuilecookie,19.0,2
s59,madeleine,40.0,2
s59,oatmealraisincookie,32.0,2
s59,thumprintcookie,50.0,2
s59,sugarcookie,50.0,2
s59,vanillawafer,23.0,2
s59,chocolatewafer,22.0,2
s59,chocolatebark,15.0,2
s59,darkchocolate,52.0,2
s59,milkchocolate,50.0,2
s59,pocky,8.0,2
s59,toblerone,54.0,2
s59,lindtlindorchocolatetruffle,92.0,2
s59,twix,25.0,2
s59,caramel,35.0,2
s59,peanutmms,81.0,2
s59,brownie,51.0,2
s59,frostedbrownie,50.0,2
s59,lemoncake,58.0,2
s60,orange,85.0,1
s60,plum,94.0,1
s60,blackberry,78.0,1
s60,peach,61.0,1
s60,cherry,67.0,1
s60,raspberry,65.0,1
s60,apple,90.0,1
s60,grape,90.0,1
s60,goldendeliciousapple,90.0,1
s60,honeydewmelon,73.0,1
s60,kiwi,61.0,1
s60,greenbellpepper,100.0,1
s60,carrot,50.0,1
s60,peanuts,99.0,1
s60,almonds,29.0,1
s60,baguette,30.0,1
s60,slicedloafbread,42.0,1
s60,boulebread,43.0,1
s60,ryebread,51.0,1
s60,deliturkey,100.0,1
s60,chickentenders,100.0,1
s60,meatballs,60.0,1
s60,gouda,69.0,1
s60,swisscheese,100.0,1
s60,potatochips,45.0,1
s60,tortillachips,27.0,1
s60,doritos,63.0,1
s60,ritzcracker,26.0,1
s60,saltinecracker,57.0,1
s60,wheatthins,60.0,1
s60,eggrolls,39.0,1
s60,frenchfries,27.0,1
s60,butteredpopcorn,98.0,1
s60,triscuits,57.0,1
s60,wavylays,27.0,1
s60,chocolateicecreamcone,64.0,1
s60,strawberryicecreamcone,66.0,1
s60,vanillasoftservecone,63.0,1
s60,nutrigrainbar,77.0,1
s60,churro,63.0,1
s60,twistdonut,35.0,1
s60,tuilecookie,45.0,1
s60,madeleine,31.0,1
s60,oatmealraisincookie,38.0,1
s60,thumprintcookie,51.0,1
s60,sugarcookie,28.0,1
s60,vanillawafer,52.0,1
s60,chocolatewafer,74.0,1
s60,chocolatebark,63.0,1
s60,darkchocolate,82.0,1
s60,milkchocolate,58.0,1
s60,pocky,23.0,1
s60,toblerone,88.0,1
s60,lindtlindorchocolatetruffle,100.0,1
s60,twix,84.0,1
s60,caramel,76.0,1
s60,peanutmms,65.0,1
s60,brownie,80.0,1
s60,frostedbrownie,77.0,1
s60,lemoncake,71.0,1
s60,orange,71.0,2
s60,plum,68.0,2
s60,blackberry,59.0,2
s60,peach,70.0,2
s60,cherry,37.0,2
s60,raspberry,58.0,2
s60,apple,65.0,2
s60,grape,79.0,2
s60,goldendeliciousapple,84.0,2
s60,honeydewmelon,77.0,2
s60,kiwi,48.0,2
s60,greenbellpepper,82.0,2
s60,carrot,94.0,2
s60,peanuts,95.0,2
s60,almonds,57.0,2
s60,baguette,28.0,2
s60,slicedloafbread,43.0,2
s60,boulebread,34.0,2
s60,ryebread,43.0,2
s60,deliturkey,96.0,2
s60,chickentenders,97.0,2
s60,meatballs,51.0,2
s60,gouda,43.0,2
s60,swisscheese,40.0,2
s60,potatochips,26.0,2
s60,tortillachips,33.0,2
s60,doritos,36.0,2
s60,ritzcracker,52.0,2
s60,saltinecracker,36.0,2
s60,wheatthins,53.0,2
s60,eggrolls,92.0,2
s60,frenchfries,40.0,2
s60,butteredpopcorn,94.0,2
s60,triscuits,43.0,2
s60,wavylays,27.0,2
s60,chocolateicecreamcone,67.0,2
s60,strawberryicecreamcone,57.0,2
s60,vanillasoftservecone,38.0,2
s60,nutrigrainbar,79.0,2
s60,churro,53.0,2
s60,twistdonut,36.0,2
s60,tuilecookie,43.0,2
s60,madeleine,25.0,2
s60,oatmealraisincookie,44.0,2
s60,thumprintcookie,50.0,2
s60,sugarcookie,47.0,2
s60,vanillawafer,48.0,2
s60,chocolatewafer,75.0,2
s60,chocolatebark,35.0,2
s60,darkchocolate,89.0,2
s60,milkchocolate,79.0,2
s60,pocky,36.0,2
s60,toblerone,74.0,2
s60,lindtlindorchocolatetruffle,96.0,2
s60,twix,98.0,2
s60,caramel,35.0,2
s60,peanutmms,70.0,2
s60,brownie,75.0,2
s60,frostedbrownie,86.0,2
s60,lemoncake,61.0,2
s61,orange,95.0,1
s61,plum,90.0,1
s61,blackberry,87.0,1
s61,peach,99.0,1
s61,cherry,91.0,1
s61,raspberry,96.0,1
s61,apple,91.0,1
s61,grape,100.0,1
s61,goldendeliciousapple,82.0,1
s61,honeydewmelon,14.0,1
s61,kiwi,91.0,1
s61,greenbellpepper,50.0,1
s61,carrot,86.0,1
s61,peanuts,62.0,1
s61,almonds,50.0,1
s61,baguette,49.0,1
s61,slicedloafbread,51.0,1
s61,boulebread,50.0,1
s61,ryebread,51.0,1
s61,deliturkey,51.0,1
s61,chickentenders,16.0,1
s61,meatballs,30.0,1
s61,gouda,51.0,1
s61,swisscheese,19.0,1
s61,potatochips,70.0,1
s61,tortillachips,51.0,1
s61,doritos,50.0,1
s61,ritzcracker,49.0,1
s61,saltinecracker,62.0,1
s61,wheatthins,49.0,1
s61,eggrolls,70.0,1
s61,frenchfries,58.0,1
s61,butteredpopcorn,68.0,1
s61,triscuits,52.0,1
s61,wavylays,62.0,1
s61,chocolateicecreamcone,8.0,1
s61,strawberryicecreamcone,12.0,1
s61,vanillasoftservecone,6.0,1
s61,nutrigrainbar,72.0,1
s61,churro,50.0,1
s61,twistdonut,51.0,1
s61,tuilecookie,29.0,1
s61,madeleine,50.0,1
s61,oatmealraisincookie,61.0,1
s61,thumprintcookie,50.0,1
s61,sugarcookie,51.0,1
s61,vanillawafer,51.0,1
s61,chocolatewafer,55.0,1
s61,chocolatebark,23.0,1
s61,darkchocolate,50.0,1
s61,milkchocolate,50.0,1
s61,pocky,28.0,1
s61,toblerone,63.0,1
s61,lindtlindorchocolatetruffle,25.0,1
s61,twix,24.0,1
s61,caramel,13.0,1
s61,peanutmms,51.0,1
s61,brownie,24.0,1
s61,frostedbrownie,50.0,1
s61,lemoncake,25.0,1
s61,orange,97.0,2
s61,plum,88.0,2
s61,blackberry,97.0,2
s61,peach,89.0,2
s61,cherry,89.0,2
s61,raspberry,97.0,2
s61,apple,76.0,2
s61,grape,96.0,2
s61,goldendeliciousapple,76.0,2
s61,honeydewmelon,17.0,2
s61,kiwi,91.0,2
s61,greenbellpepper,51.0,2
s61,carrot,82.0,2
s61,peanuts,68.0,2
s61,almonds,53.0,2
s61,baguette,79.0,2
s61,slicedloafbread,51.0,2
s61,boulebread,80.0,2
s61,ryebread,78.0,2
s61,deliturkey,50.0,2
s61,chickentenders,38.0,2
s61,meatballs,27.0,2
s61,gouda,22.0,2
s61,swisscheese,32.0,2
s61,potatochips,57.0,2
s61,tortillachips,70.0,2
s61,doritos,67.0,2
s61,ritzcracker,51.0,2
s61,saltinecracker,51.0,2
s61,wheatthins,81.0,2
s61,eggrolls,90.0,2
s61,frenchfries,69.0,2
s61,butteredpopcorn,26.0,2
s61,triscuits,52.0,2
s61,wavylays,72.0,2
s61,chocolateicecreamcone,19.0,2
s61,strawberryicecreamcone,17.0,2
s61,vanillasoftservecone,51.0,2
s61,nutrigrainbar,65.0,2
s61,churro,50.0,2
s61,twistdonut,52.0,2
s61,tuilecookie,33.0,2
s61,madeleine,49.0,2
s61,oatmealraisincookie,50.0,2
s61,thumprintcookie,42.0,2
s61,sugarcookie,49.0,2
s61,vanillawafer,49.0,2
s61,chocolatewafer,40.0,2
s61,chocolatebark,20.0,2
s61,darkchocolate,21.0,2
s61,milkchocolate,51.0,2
s61,pocky,68.0,2
s61,toblerone,79.0,2
s61,lindtlindorchocolatetruffle,21.0,2
s61,twix,67.0,2
s61,caramel,50.0,2
s61,peanutmms,37.0,2
s61,brownie,26.0,2
s61,frostedbrownie,28.0,2
s61,lemoncake,48.0,2
s62,orange,77.0,1
s62,plum,56.0,1
s62,blackberry,62.0,1
s62,peach,72.0,1
s62,cherry,92.0,1
s62,raspberry,59.0,1
s62,apple,59.0,1
s62,grape,72.0,1
s62,goldendeliciousapple,56.0,1
s62,honeydewmelon,45.0,1
s62,kiwi,57.0,1
s62,greenbellpepper,10.0,1
s62,carrot,22.0,1
s62,peanuts,69.0,1
s62,almonds,76.0,1
s62,baguette,22.0,1
s62,slicedloafbread,20.0,1
s62,boulebread,60.0,1
s62,ryebread,13.0,1
s62,deliturkey,46.0,1
s62,chickentenders,51.0,1
s62,meatballs,21.0,1
s62,gouda,56.0,1
s62,swisscheese,58.0,1
s62,potatochips,89.0,1
s62,tortillachips,41.0,1
s62,doritos,69.0,1
s62,ritzcracker,60.0,1
s62,saltinecracker,43.0,1
s62,wheatthins,8.0,1
s62,eggrolls,27.0,1
s62,frenchfries,50.0,1
s62,butteredpopcorn,94.0,1
s62,triscuits,1.0,1
s62,wavylays,38.0,1
s62,chocolateicecreamcone,49.0,1
s62,strawberryicecreamcone,66.0,1
s62,vanillasoftservecone,61.0,1
s62,nutrigrainbar,21.0,1
s62,churro,36.0,1
s62,twistdonut,19.0,1
s62,tuilecookie,14.0,1
s62,madeleine,39.0,1
s62,oatmealraisincookie,72.0,1
s62,thumprintcookie,14.0,1
s62,sugarcookie,6.0,1
s62,vanillawafer,12.0,1
s62,chocolatewafer,1.0,1
s62,chocolatebark,16.0,1
s62,darkchocolate,3.0,1
s62,milkchocolate,14.0,1
s62,pocky,8.0,1
s62,toblerone,62.0,1
s62,lindtlindorchocolatetruffle,63.0,1
s62,twix,65.0,1
s62,caramel,77.0,1
s62,peanutmms,74.0,1
s62,brownie,24.0,1
s62,frostedbrownie,23.0,1
s62,lemoncake,10.0,1
s62,orange,78.0,2
s62,plum,59.0,2
s62,blackberry,60.0,2
s62,peach,60.0,2
s62,cherry,94.0,2
s62,raspberry,64.0,2
s62,apple,62.0,2
s62,grape,86.0,2
s62,goldendeliciousapple,56.0,2
s62,honeydewmelon,51.0,2
s62,kiwi,68.0,2
s62,greenbellpepper,4.0,2
s62,carrot,25.0,2
s62,peanuts,60.0,2
s62,almonds,85.0,2
s62,baguette,27.0,2
s62,slicedloafbread,30.0,2
s62,boulebread,31.0,2
s62,ryebread,38.0,2
s62,deliturkey,40.0,2
s62,chickentenders,50.0,2
s62,meatballs,51.0,2
s62,gouda,57.0,2
s62,swisscheese,59.0,2
s62,potatochips,94.0,2
s62,tortillachips,57.0,2
s62,doritos,66.0,2
s62,ritzcracker,58.0,2
s62,saltinecracker,54.0,2
s62,wheatthins,33.0,2
s62,eggrolls,61.0,2
s62,frenchfries,66.0,2
s62,butteredpopcorn,94.0,2
s62,triscuits,11.0,2
s62,wavylays,55.0,2
s62,chocolateicecreamcone,50.0,2
s62,strawberryicecreamcone,65.0,2
s62,vanillasoftservecone,50.0,2
s62,nutrigrainbar,24.0,2
s62,churro,35.0,2
s62,twistdonut,55.0,2
s62,tuilecookie,21.0,2
s62,madeleine,45.0,2
s62,oatmealraisincookie,60.0,2
s62,thumprintcookie,21.0,2
s62,sugarcookie,30.0,2
s62,vanillawafer,22.0,2
s62,chocolatewafer,24.0,2
s62,chocolatebark,25.0,2
s62,darkchocolate,20.0,2
s62,milkchocolate,39.0,2
s62,pocky,22.0,2
s62,toblerone,86.0,2
s62,lindtlindorchocolatetruffle,61.0,2
s62,twix,68.0,2
s62,caramel,100.0,2
s62,peanutmms,81.0,2
s62,brownie,25.0,2
s62,frostedbrownie,22.0,2
s62,lemoncake,25.0,2
s63,orange,80.0,1
s63,plum,36.0,1
s63,blackberry,95.0,1
s63,peach,71.0,1
s63,cherry,84.0,1
s63,raspberry,99.0,1
s63,apple,33.0,1
s63,grape,71.0,1
s63,goldendeliciousapple,66.0,1
s63,honeydewmelon,2.0,1
s63,kiwi,90.0,1
s63,greenbellpepper,39.0,1
s63,carrot,61.0,1
s63,peanuts,41.0,1
s63,almonds,36.0,1
s63,baguette,50.0,1
s63,slicedloafbread,5.0,1
s63,boulebread,5.0,1
s63,ryebread,12.0,1
s63,deliturkey,2.0,1
s63,chickentenders,1.0,1
s63,meatballs,1.0,1
s63,gouda,99.0,1
s63,swisscheese,99.0,1
s63,potatochips,45.0,1
s63,tortillachips,9.0,1
s63,doritos,37.0,1
s63,ritzcracker,22.0,1
s63,saltinecracker,23.0,1
s63,wheatthins,36.0,1
s63,eggrolls,77.0,1
s63,frenchfries,5.0,1
s63,butteredpopcorn,62.0,1
s63,triscuits,24.0,1
s63,wavylays,56.0,1
s63,chocolateicecreamcone,1.0,1
s63,strawberryicecreamcone,38.0,1
s63,vanillasoftservecone,42.0,1
s63,nutrigrainbar,5.0,1
s63,churro,14.0,1
s63,twistdonut,2.0,1
s63,tuilecookie,4.0,1
s63,madeleine,8.0,1
s63,oatmealraisincookie,38.0,1
s63,thumprintcookie,9.0,1
s63,sugarcookie,6.0,1
s63,vanillawafer,8.0,1
s63,chocolatewafer,6.0,1
s63,chocolatebark,5.0,1
s63,darkchocolate,2.0,1
s63,milkchocolate,21.0,1
s63,pocky,2.0,1
s63,toblerone,41.0,1
s63,lindtlindorchocolatetruffle,3.0,1
s63,twix,24.0,1
s63,caramel,4.0,1
s63,peanutmms,6.0,1
s63,brownie,10.0,1
s63,frostedbrownie,2.0,1
s63,lemoncake,26.0,1
s63,orange,75.0,2
s63,plum,60.0,2
s63,blackberry,99.0,2
s63,peach,99.0,2
s63,cherry,94.0,2
s63,raspberry,96.0,2
s63,apple,41.0,2
s63,grape,78.0,2
s63,goldendeliciousapple,77.0,2
s63,honeydewmelon,2.0,2
s63,kiwi,98.0,2
s63,greenbellpepper,32.0,2
s63,carrot,57.0,2
s63,peanuts,42.0,2
s63,almonds,48.0,2
s63,baguette,5.0,2
s63,slicedloafbread,2.0,2
s63,boulebread,2.0,2
s63,ryebread,1.0,2
s63,deliturkey,2.0,2
s63,chickentenders,30.0,2
s63,meatballs,3.0,2
s63,gouda,99.0,2
s63,swisscheese,98.0,2
s63,potatochips,19.0,2
s63,tortillachips,20.0,2
s63,doritos,9.0,2
s63,ritzcracker,14.0,2
s63,saltinecracker,31.0,2
s63,wheatthins,15.0,2
s63,eggrolls,90.0,2
s63,frenchfries,1.0,2
s63,butteredpopcorn,67.0,2
s63,triscuits,24.0,2
s63,wavylays,56.0,2
s63,chocolateicecreamcone,2.0,2
s63,strawberryicecreamcone,61.0,2
s63,vanillasoftservecone,12.0,2
s63,nutrigrainbar,7.0,2
s63,churro,3.0,2
s63,twistdonut,6.0,2
s63,tuilecookie,2.0,2
s63,madeleine,5.0,2
s63,oatmealraisincookie,30.0,2
s63,thumprintcookie,21.0,2
s63,sugarcookie,12.0,2
s63,vanillawafer,13.0,2
s63,chocolatewafer,1.0,2
s63,chocolatebark,8.0,2
s63,darkchocolate,2.0,2
s63,milkchocolate,18.0,2
s63,pocky,15.0,2
s63,toblerone,32.0,2
s63,lindtlindorchocolatetruffle,1.0,2
s63,twix,8.0,2
s63,caramel,3.0,2
s63,peanutmms,7.0,2
s63,brownie,9.0,2
s63,frostedbrownie,2.0,2
s63,lemoncake,13.0,2
s64,orange,98.0,1
s64,plum,64.0,1
s64,blackberry,20.0,1
s64,peach,51.0,1
s64,cherry,75.0,1
s64,raspberry,70.0,1
s64,apple,99.0,1
s64,grape,63.0,1
s64,goldendeliciousapple,67.0,1
s64,honeydewmelon,2.0,1
s64,kiwi,63.0,1
s64,greenbellpepper,88.0,1
s64,carrot,69.0,1
s64,peanuts,91.0,1
s64,almonds,67.0,1
s64,baguette,81.0,1
s64,slicedloafbread,64.0,1
s64,boulebread,63.0,1
s64,ryebread,62.0,1
s64,deliturkey,100.0,1
s64,chickentenders,100.0,1
s64,meatballs,17.0,1
s64,gouda,97.0,1
s64,swisscheese,100.0,1
s64,potatochips,100.0,1
s64,tortillachips,100.0,1
s64,doritos,100.0,1
s64,ritzcracker,93.0,1
s64,saltinecracker,84.0,1
s64,wheatthins,67.0,1
s64,eggrolls,99.0,1
s64,frenchfries,99.0,1
s64,butteredpopcorn,99.0,1
s64,triscuits,92.0,1
s64,wavylays,100.0,1
s64,chocolateicecreamcone,74.0,1
s64,strawberryicecreamcone,18.0,1
s64,vanillasoftservecone,62.0,1
s64,nutrigrainbar,9.0,1
s64,churro,75.0,1
s64,twistdonut,99.0,1
s64,tuilecookie,69.0,1
s64,madeleine,7.0,1
s64,oatmealraisincookie,50.0,1
s64,thumprintcookie,4.0,1
s64,sugarcookie,72.0,1
s64,vanillawafer,75.0,1
s64,chocolatewafer,72.0,1
s64,chocolatebark,16.0,1
s64,darkchocolate,72.0,1
s64,milkchocolate,17.0,1
s64,pocky,6.0,1
s64,toblerone,28.0,1
s64,lindtlindorchocolatetruffle,24.0,1
s64,twix,99.0,1
s64,caramel,2.0,1
s64,peanutmms,77.0,1
s64,brownie,91.0,1
s64,frostedbrownie,63.0,1
s64,lemoncake,6.0,1
s64,orange,65.0,2
s64,plum,42.0,2
s64,blackberry,26.0,2
s64,peach,57.0,2
s64,cherry,50.0,2
s64,raspberry,61.0,2
s64,apple,95.0,2
s64,grape,72.0,2
s64,goldendeliciousapple,57.0,2
s64,honeydewmelon,9.0,2
s64,kiwi,61.0,2
s64,greenbellpepper,91.0,2
s64,carrot,14.0,2
s64,peanuts,81.0,2
s64,almonds,63.0,2
s64,baguette,65.0,2
s64,slicedloafbread,64.0,2
s64,boulebread,58.0,2
s64,ryebread,56.0,2
s64,deliturkey,87.0,2
s64,chickentenders,95.0,2
s64,meatballs,8.0,2
s64,gouda,90.0,2
s64,swisscheese,96.0,2
s64,potatochips,100.0,2
s64,tortillachips,96.0,2
s64,doritos,98.0,2
s64,ritzcracker,66.0,2
s64,saltinecracker,84.0,2
s64,wheatthins,64.0,2
s64,eggrolls,95.0,2
s64,frenchfries,98.0,2
s64,butteredpopcorn,100.0,2
s64,triscuits,68.0,2
s64,wavylays,100.0,2
s64,chocolateicecreamcone,88.0,2
s64,strawberryicecreamcone,9.0,2
s64,vanillasoftservecone,75.0,2
s64,nutrigrainbar,9.0,2
s64,churro,60.0,2
s64,twistdonut,79.0,2
s64,tuilecookie,65.0,2
s64,madeleine,12.0,2
s64,oatmealraisincookie,32.0,2
s64,thumprintcookie,16.0,2
s64,sugarcookie,59.0,2
s64,vanillawafer,79.0,2
s64,chocolatewafer,97.0,2
s64,chocolatebark,24.0,2
s64,darkchocolate,24.0,2
s64,milkchocolate,7.0,2
s64,pocky,40.0,2
s64,toblerone,21.0,2
s64,lindtlindorchocolatetruffle,11.0,2
s64,twix,98.0,2
s64,caramel,6.0,2
s64,peanutmms,6.0,2
s64,brownie,100.0,2
s64,frostedbrownie,92.0,2
s64,lemoncake,7.0,2
s65,orange,80.0,1
s65,plum,99.0,1
s65,blackberry,44.0,1
s65,peach,100.0,1
s65,cherry,2.0,1
s65,raspberry,67.0,1
s65,apple,100.0,1
s65,grape,100.0,1
s65,goldendeliciousapple,100.0,1
s65,honeydewmelon,1.0,1
s65,kiwi,78.0,1
s65,greenbellpepper,1.0,1
s65,carrot,1.0,1
s65,peanuts,1.0,1
s65,almonds,75.0,1
s65,baguette,1.0,1
s65,slicedloafbread,1.0,1
s65,boulebread,1.0,1
s65,ryebread,1.0,1
s65,deliturkey,65.0,1
s65,chickentenders,33.0,1
s65,meatballs,1.0,1
s65,gouda,1.0,1
s65,swisscheese,35.0,1
s65,potatochips,59.0,1
s65,tortillachips,1.0,1
s65,doritos,1.0,1
s65,ritzcracker,63.0,1
s65,saltinecracker,1.0,1
s65,wheatthins,28.0,1
s65,eggrolls,1.0,1
s65,frenchfries,1.0,1
s65,butteredpopcorn,1.0,1
s65,triscuits,1.0,1
s65,wavylays,62.0,1
s65,chocolateicecreamcone,99.0,1
s65,strawberryicecreamcone,98.0,1
s65,vanillasoftservecone,100.0,1
s65,nutrigrainbar,1.0,1
s65,churro,63.0,1
s65,twistdonut,1.0,1
s65,tuilecookie,88.0,1
s65,madeleine,61.0,1
s65,oatmealraisincookie,1.0,1
s65,thumprintcookie,1.0,1
s65,sugarcookie,1.0,1
s65,vanillawafer,66.0,1
s65,chocolatewafer,62.0,1
s65,chocolatebark,62.0,1
s65,darkchocolate,68.0,1
s65,milkchocolate,100.0,1
s65,pocky,100.0,1
s65,toblerone,63.0,1
s65,lindtlindorchocolatetruffle,100.0,1
s65,twix,2.0,1
s65,caramel,1.0,1
s65,peanutmms,100.0,1
s65,brownie,62.0,1
s65,frostedbrownie,1.0,1
s65,lemoncake,1.0,1
s65,orange,60.0,2
s65,plum,100.0,2
s65,blackberry,38.0,2
s65,peach,100.0,2
s65,cherry,1.0,2
s65,raspberry,57.0,2
s65,apple,100.0,2
s65,grape,100.0,2
s65,goldendeliciousapple,100.0,2
s65,honeydewmelon,1.0,2
s65,kiwi,63.0,2
s65,greenbellpepper,1.0,2
s65,carrot,1.0,2
s65,peanuts,1.0,2
s65,almonds,60.0,2
s65,baguette,1.0,2
s65,slicedloafbread,1.0,2
s65,boulebread,1.0,2
s65,ryebread,1.0,2
s65,deliturkey,58.0,2
s65,chickentenders,62.0,2
s65,meatballs,1.0,2
s65,gouda,43.0,2
s65,swisscheese,35.0,2
s65,potatochips,66.0,2
s65,tortillachips,39.0,2
s65,doritos,1.0,2
s65,ritzcracker,60.0,2
s65,saltinecracker,50.0,2
s65,wheatthins,34.0,2
s65,eggrolls,34.0,2
s65,frenchfries,60.0,2
s65,butteredpopcorn,37.0,2
s65,triscuits,1.0,2
s65,wavylays,64.0,2
s65,chocolateicecreamcone,100.0,2
s65,strawberryicecreamcone,100.0,2
s65,vanillasoftservecone,100.0,2
s65,nutrigrainbar,1.0,2
s65,churro,38.0,2
s65,twistdonut,28.0,2
s65,tuilecookie,62.0,2
s65,madeleine,68.0,2
s65,oatmealraisincookie,1.0,2
s65,thumprintcookie,1.0,2
s65,sugarcookie,55.0,2
s65,vanillawafer,67.0,2
s65,chocolatewafer,60.0,2
s65,chocolatebark,67.0,2
s65,darkchocolate,65.0,2
s65,milkchocolate,60.0,2
s65,pocky,100.0,2
s65,toblerone,62.0,2
s65,lindtlindorchocolatetruffle,63.0,2
s65,twix,1.0,2
s65,caramel,1.0,2
s65,peanutmms,100.0,2
s65,brownie,31.0,2
s65,frostedbrownie,24.0,2
s65,lemoncake,1.0,2
s66,orange,63.0,1
s66,plum,82.0,1
s66,blackberry,55.0,1
s66,peach,84.0,1
s66,cherry,100.0,1
s66,raspberry,99.0,1
s66,apple,74.0,1
s66,grape,98.0,1
s66,goldendeliciousapple,64.0,1
s66,honeydewmelon,2.0,1
s66,kiwi,100.0,1
s66,greenbellpepper,9.0,1
s66,carrot,40.0,1
s66,peanuts,59.0,1
s66,almonds,58.0,1
s66,baguette,91.0,1
s66,slicedloafbread,29.0,1
s66,boulebread,63.0,1
s66,ryebread,62.0,1
s66,deliturkey,22.0,1
s66,chickentenders,77.0,1
s66,meatballs,19.0,1
s66,gouda,88.0,1
s66,swisscheese,80.0,1
s66,potatochips,82.0,1
s66,tortillachips,62.0,1
s66,doritos,36.0,1
s66,ritzcracker,76.0,1
s66,saltinecracker,50.0,1
s66,wheatthins,56.0,1
s66,eggrolls,63.0,1
s66,frenchfries,87.0,1
s66,butteredpopcorn,63.0,1
s66,triscuits,67.0,1
s66,wavylays,81.0,1
s66,chocolateicecreamcone,60.0,1
s66,strawberryicecreamcone,80.0,1
s66,vanillasoftservecone,81.0,1
s66,nutrigrainbar,7.0,1
s66,churro,78.0,1
s66,twistdonut,62.0,1
s66,tuilecookie,50.0,1
s66,madeleine,20.0,1
s66,oatmealraisincookie,79.0,1
s66,thumprintcookie,50.0,1
s66,sugarcookie,16.0,1
s66,vanillawafer,15.0,1
s66,chocolatewafer,20.0,1
s66,chocolatebark,60.0,1
s66,darkchocolate,94.0,1
s66,milkchocolate,99.0,1
s66,pocky,35.0,1
s66,toblerone,88.0,1
s66,lindtlindorchocolatetruffle,50.0,1
s66,twix,57.0,1
s66,caramel,22.0,1
s66,peanutmms,19.0,1
s66,brownie,63.0,1
s66,frostedbrownie,68.0,1
s66,lemoncake,23.0,1
s66,orange,60.0,2
s66,plum,63.0,2
s66,blackberry,63.0,2
s66,peach,68.0,2
s66,cherry,98.0,2
s66,raspberry,92.0,2
s66,apple,73.0,2
s66,grape,84.0,2
s66,goldendeliciousapple,60.0,2
s66,honeydewmelon,13.0,2
s66,kiwi,100.0,2
s66,greenbellpepper,19.0,2
s66,carrot,25.0,2
s66,peanuts,62.0,2
s66,almonds,25.0,2
s66,baguette,83.0,2
s66,slicedloafbread,21.0,2
s66,boulebread,77.0,2
s66,ryebread,67.0,2
s66,deliturkey,22.0,2
s66,chickentenders,92.0,2
s66,meatballs,24.0,2
s66,gouda,74.0,2
s66,swisscheese,72.0,2
s66,potatochips,99.0,2
s66,tortillachips,38.0,2
s66,doritos,59.0,2
s66,ritzcracker,74.0,2
s66,saltinecracker,34.0,2
s66,wheatthins,40.0,2
s66,eggrolls,76.0,2
s66,frenchfries,100.0,2
s66,butteredpopcorn,63.0,2
s66,triscuits,50.0,2
s66,wavylays,90.0,2
s66,chocolateicecreamcone,89.0,2
s66,strawberryicecreamcone,68.0,2
s66,vanillasoftservecone,95.0,2
s66,nutrigrainbar,27.0,2
s66,churro,95.0,2
s66,twistdonut,57.0,2
s66,tuilecookie,62.0,2
s66,madeleine,63.0,2
s66,oatmealraisincookie,82.0,2
s66,thumprintcookie,34.0,2
s66,sugarcookie,58.0,2
s66,vanillawafer,17.0,2
s66,chocolatewafer,35.0,2
s66,chocolatebark,95.0,2
s66,darkchocolate,86.0,2
s66,milkchocolate,100.0,2
s66,pocky,37.0,2
s66,toblerone,83.0,2
s66,lindtlindorchocolatetruffle,83.0,2
s66,twix,40.0,2
s66,caramel,33.0,2
s66,peanutmms,1.0,2
s66,brownie,60.0,2
s66,frostedbrownie,79.0,2
s66,lemoncake,40.0,2
s67,orange,98.0,1
s67,plum,50.0,1
s67,blackberry,89.0,1
s67,peach,88.0,1
s67,cherry,20.0,1
s67,raspberry,100.0,1
s67,apple,100.0,1
s67,grape,100.0,1
s67,goldendeliciousapple,80.0,1
s67,honeydewmelon,79.0,1
s67,kiwi,50.0,1
s67,greenbellpepper,28.0,1
s67,carrot,9.0,1
s67,peanuts,17.0,1
s67,almonds,51.0,1
s67,baguette,87.0,1
s67,slicedloafbread,85.0,1
s67,boulebread,89.0,1
s67,ryebread,81.0,1
s67,deliturkey,86.0,1
s67,chickentenders,77.0,1
s67,meatballs,7.0,1
s67,gouda,70.0,1
s67,swisscheese,100.0,1
s67,potatochips,89.0,1
s67,tortillachips,87.0,1
s67,doritos,94.0,1
s67,ritzcracker,89.0,1
s67,saltinecracker,92.0,1
s67,wheatthins,94.0,1
s67,eggrolls,67.0,1
s67,frenchfries,90.0,1
s67,butteredpopcorn,16.0,1
s67,triscuits,50.0,1
s67,wavylays,96.0,1
s67,chocolateicecreamcone,100.0,1
s67,strawberryicecreamcone,86.0,1
s67,vanillasoftservecone,100.0,1
s67,nutrigrainbar,4.0,1
s67,churro,50.0,1
s67,twistdonut,51.0,1
s67,tuilecookie,9.0,1
s67,madeleine,11.0,1
s67,oatmealraisincookie,86.0,1
s67,thumprintcookie,4.0,1
s67,sugarcookie,52.0,1
s67,vanillawafer,78.0,1
s67,chocolatewafer,4.0,1
s67,chocolatebark,51.0,1
s67,darkchocolate,86.0,1
s67,milkchocolate,13.0,1
s67,pocky,51.0,1
s67,toblerone,7.0,1
s67,lindtlindorchocolatetruffle,18.0,1
s67,twix,11.0,1
s67,caramel,5.0,1
s67,peanutmms,7.0,1
s67,brownie,77.0,1
s67,frostedbrownie,82.0,1
s67,lemoncake,78.0,1
s67,orange,100.0,2
s67,plum,88.0,2
s67,blackberry,92.0,2
s67,peach,93.0,2
s67,cherry,67.0,2
s67,raspberry,100.0,2
s67,apple,100.0,2
s67,grape,100.0,2
s67,goldendeliciousapple,100.0,2
s67,honeydewmelon,91.0,2
s67,kiwi,49.0,2
s67,greenbellpepper,18.0,2
s67,carrot,6.0,2
s67,peanuts,85.0,2
s67,almonds,50.0,2
s67,baguette,59.0,2
s67,slicedloafbread,52.0,2
s67,boulebread,74.0,2
s67,ryebread,83.0,2
s67,deliturkey,72.0,2
s67,chickentenders,16.0,2
s67,meatballs,4.0,2
s67,gouda,58.0,2
s67,swisscheese,100.0,2
s67,potatochips,88.0,2
s67,tortillachips,75.0,2
s67,doritos,60.0,2
s67,ritzcracker,85.0,2
s67,saltinecracker,89.0,2
s67,wheatthins,94.0,2
s67,eggrolls,51.0,2
s67,frenchfries,69.0,2
s67,butteredpopcorn,23.0,2
s67,triscuits,85.0,2
s67,wavylays,86.0,2
s67,chocolateicecreamcone,100.0,2
s67,strawberryicecreamcone,93.0,2
s67,vanillasoftservecone,99.0,2
s67,nutrigrainbar,5.0,2
s67,churro,27.0,2
s67,twistdonut,36.0,2
s67,tuilecookie,12.0,2
s67,madeleine,17.0,2
s67,oatmealraisincookie,98.0,2
s67,thumprintcookie,13.0,2
s67,sugarcookie,70.0,2
s67,vanillawafer,51.0,2
s67,chocolatewafer,9.0,2
s67,chocolatebark,50.0,2
s67,darkchocolate,81.0,2
s67,milkchocolate,5.0,2
s67,pocky,21.0,2
s67,toblerone,13.0,2
s67,lindtlindorchocolatetruffle,13.0,2
s67,twix,11.0,2
s67,caramel,4.0,2
s67,peanutmms,6.0,2
s67,brownie,82.0,2
s67,frostedbrownie,91.0,2
s67,lemoncake,69.0,2
s68,orange,87.0,1
s68,plum,58.0,1
s68,blackberry,94.0,1
s68,peach,67.0,1
s68,cherry,20.0,1
s68,raspberry,89.0,1
s68,apple,60.0,1
s68,grape,50.0,1
s68,goldendeliciousapple,71.0,1
s68,honeydewmelon,13.0,1
s68,kiwi,91.0,1
s68,greenbellpepper,11.0,1
s68,carrot,60.0,1
s68,peanuts,59.0,1
s68,almonds,16.0,1
s68,baguette,21.0,1
s68,slicedloafbread,1.0,1
s68,boulebread,11.0,1
s68,ryebread,1.0,1
s68,deliturkey,82.0,1
s68,chickentenders,81.0,1
s68,meatballs,46.0,1
s68,gouda,60.0,1
s68,swisscheese,60.0,1
s68,potatochips,66.0,1
s68,tortillachips,53.0,1
s68,doritos,61.0,1
s68,ritzcracker,43.0,1
s68,saltinecracker,58.0,1
s68,wheatthins,64.0,1
s68,eggrolls,79.0,1
s68,frenchfries,59.0,1
s68,butteredpopcorn,51.0,1
s68,triscuits,1.0,1
s68,wavylays,67.0,1
s68,chocolateicecreamcone,76.0,1
s68,strawberryicecreamcone,7.0,1
s68,vanillasoftservecone,59.0,1
s68,nutrigrainbar,58.0,1
s68,churro,83.0,1
s68,twistdonut,59.0,1
s68,tuilecookie,57.0,1
s68,madeleine,58.0,1
s68,oatmealraisincookie,52.0,1
s68,thumprintcookie,42.0,1
s68,sugarcookie,64.0,1
s68,vanillawafer,60.0,1
s68,chocolatewafer,50.0,1
s68,chocolatebark,88.0,1
s68,darkchocolate,76.0,1
s68,milkchocolate,61.0,1
s68,pocky,43.0,1
s68,toblerone,86.0,1
s68,lindtlindorchocolatetruffle,76.0,1
s68,twix,59.0,1
s68,caramel,63.0,1
s68,peanutmms,71.0,1
s68,brownie,93.0,1
s68,frostedbrownie,74.0,1
s68,lemoncake,59.0,1
s68,orange,86.0,2
s68,plum,65.0,2
s68,blackberry,99.0,2
s68,peach,74.0,2
s68,cherry,61.0,2
s68,raspberry,94.0,2
s68,apple,28.0,2
s68,grape,63.0,2
s68,goldendeliciousapple,72.0,2
s68,honeydewmelon,38.0,2
s68,kiwi,80.0,2
s68,greenbellpepper,5.0,2
s68,carrot,45.0,2
s68,peanuts,72.0,2
s68,almonds,20.0,2
s68,baguette,11.0,2
s68,slicedloafbread,33.0,2
s68,boulebread,49.0,2
s68,ryebread,52.0,2
s68,deliturkey,73.0,2
s68,chickentenders,100.0,2
s68,meatballs,49.0,2
s68,gouda,70.0,2
s68,swisscheese,41.0,2
s68,potatochips,63.0,2
s68,tortillachips,53.0,2
s68,doritos,63.0,2
s68,ritzcracker,52.0,2
s68,saltinecracker,50.0,2
s68,wheatthins,51.0,2
s68,eggrolls,74.0,2
s68,frenchfries,57.0,2
s68,butteredpopcorn,64.0,2
s68,triscuits,28.0,2
s68,wavylays,60.0,2
s68,chocolateicecreamcone,56.0,2
s68,strawberryicecreamcone,52.0,2
s68,vanillasoftservecone,28.0,2
s68,nutrigrainbar,67.0,2
s68,churro,89.0,2
s68,twistdonut,50.0,2
s68,tuilecookie,75.0,2
s68,madeleine,51.0,2
s68,oatmealraisincookie,62.0,2
s68,thumprintcookie,31.0,2
s68,sugarcookie,60.0,2
s68,vanillawafer,58.0,2
s68,chocolatewafer,69.0,2
s68,chocolatebark,97.0,2
s68,darkchocolate,73.0,2
s68,milkchocolate,42.0,2
s68,pocky,51.0,2
s68,toblerone,66.0,2
s68,lindtlindorchocolatetruffle,79.0,2
s68,twix,59.0,2
s68,caramel,58.0,2
s68,peanutmms,42.0,2
s68,brownie,96.0,2
s68,frostedbrownie,76.0,2
s68,lemoncake,62.0,2
s69,orange,66.0,1
s69,plum,51.0,1
s69,blackberry,98.0,1
s69,peach,71.0,1
s69,cherry,50.0,1
s69,raspberry,80.0,1
s69,apple,77.0,1
s69,grape,36.0,1
s69,goldendeliciousapple,51.0,1
s69,honeydewmelon,69.0,1
s69,kiwi,66.0,1
s69,greenbellpepper,88.0,1
s69,carrot,99.0,1
s69,peanuts,96.0,1
s69,almonds,99.0,1
s69,baguette,98.0,1
s69,slicedloafbread,2.0,1
s69,boulebread,77.0,1
s69,ryebread,87.0,1
s69,deliturkey,50.0,1
s69,chickentenders,99.0,1
s69,meatballs,69.0,1
s69,gouda,99.0,1
s69,swisscheese,99.0,1
s69,potatochips,2.0,1
s69,tortillachips,100.0,1
s69,doritos,18.0,1
s69,ritzcracker,69.0,1
s69,saltinecracker,78.0,1
s69,wheatthins,79.0,1
s69,eggrolls,72.0,1
s69,frenchfries,72.0,1
s69,butteredpopcorn,50.0,1
s69,triscuits,73.0,1
s69,wavylays,4.0,1
s69,chocolateicecreamcone,15.0,1
s69,strawberryicecreamcone,2.0,1
s69,vanillasoftservecone,2.0,1
s69,nutrigrainbar,26.0,1
s69,churro,25.0,1
s69,twistdonut,62.0,1
s69,tuilecookie,17.0,1
s69,madeleine,61.0,1
s69,oatmealraisincookie,2.0,1
s69,thumprintcookie,2.0,1
s69,sugarcookie,2.0,1
s69,vanillawafer,35.0,1
s69,chocolatewafer,43.0,1
s69,chocolatebark,17.0,1
s69,darkchocolate,78.0,1
s69,milkchocolate,26.0,1
s69,pocky,49.0,1
s69,toblerone,51.0,1
s69,lindtlindorchocolatetruffle,49.0,1
s69,twix,15.0,1
s69,caramel,2.0,1
s69,peanutmms,51.0,1
s69,brownie,61.0,1
s69,frostedbrownie,71.0,1
s69,lemoncake,2.0,1
s69,orange,65.0,2
s69,plum,69.0,2
s69,blackberry,98.0,2
s69,peach,73.0,2
s69,cherry,65.0,2
s69,raspberry,73.0,2
s69,apple,77.0,2
s69,grape,51.0,2
s69,goldendeliciousapple,70.0,2
s69,honeydewmelon,51.0,2
s69,kiwi,73.0,2
s69,greenbellpepper,81.0,2
s69,carrot,87.0,2
s69,peanuts,90.0,2
s69,almonds,100.0,2
s69,baguette,99.0,2
s69,slicedloafbread,3.0,2
s69,boulebread,98.0,2
s69,ryebread,98.0,2
s69,deliturkey,50.0,2
s69,chickentenders,99.0,2
s69,meatballs,68.0,2
s69,gouda,98.0,2
s69,swisscheese,99.0,2
s69,potatochips,2.0,2
s69,tortillachips,99.0,2
s69,doritos,13.0,2
s69,ritzcracker,74.0,2
s69,saltinecracker,72.0,2
s69,wheatthins,79.0,2
s69,eggrolls,92.0,2
s69,frenchfries,94.0,2
s69,butteredpopcorn,71.0,2
s69,triscuits,76.0,2
s69,wavylays,10.0,2
s69,chocolateicecreamcone,3.0,2
s69,strawberryicecreamcone,1.0,2
s69,vanillasoftservecone,3.0,2
s69,nutrigrainbar,27.0,2
s69,churro,79.0,2
s69,twistdonut,99.0,2
s69,tuilecookie,16.0,2
s69,madeleine,63.0,2
s69,oatmealraisincookie,3.0,2
s69,thumprintcookie,3.0,2
s69,sugarcookie,6.0,2
s69,vanillawafer,18.0,2
s69,chocolatewafer,46.0,2
s69,chocolatebark,59.0,2
s69,darkchocolate,61.0,2
s69,milkchocolate,38.0,2
s69,pocky,55.0,2
s69,toblerone,41.0,2
s69,lindtlindorchocolatetruffle,43.0,2
s69,twix,19.0,2
s69,caramel,13.0,2
s69,peanutmms,50.0,2
s69,brownie,61.0,2
s69,frostedbrownie,72.0,2
s69,lemoncake,2.0,2
s70,orange,97.0,1
s70,plum,93.0,1
s70,blackberry,93.0,1
s70,peach,93.0,1
s70,cherry,93.0,1
s70,raspberry,90.0,1
s70,apple,94.0,1
s70,grape,93.0,1
s70,goldendeliciousapple,97.0,1
s70,honeydewmelon,31.0,1
s70,kiwi,87.0,1
s70,greenbellpepper,43.0,1
s70,carrot,94.0,1
s70,peanuts,92.0,1
s70,almonds,96.0,1
s70,baguette,95.0,1
s70,slicedloafbread,94.0,1
s70,boulebread,91.0,1
s70,ryebread,92.0,1
s70,deliturkey,89.0,1
s70,chickentenders,85.0,1
s70,meatballs,91.0,1
s70,gouda,69.0,1
s70,swisscheese,88.0,1
s70,potatochips,95.0,1
s70,tortillachips,91.0,1
s70,doritos,81.0,1
s70,ritzcracker,91.0,1
s70,saltinecracker,89.0,1
s70,wheatthins,91.0,1
s70,eggrolls,91.0,1
s70,frenchfries,83.0,1
s70,butteredpopcorn,90.0,1
s70,triscuits,94.0,1
s70,wavylays,89.0,1
s70,chocolateicecreamcone,96.0,1
s70,strawberryicecreamcone,94.0,1
s70,vanillasoftservecone,89.0,1
s70,nutrigrainbar,91.0,1
s70,churro,89.0,1
s70,twistdonut,89.0,1
s70,tuilecookie,92.0,1
s70,madeleine,92.0,1
s70,oatmealraisincookie,90.0,1
s70,thumprintcookie,89.0,1
s70,sugarcookie,88.0,1
s70,vanillawafer,94.0,1
s70,chocolatewafer,94.0,1
s70,chocolatebark,92.0,1
s70,darkchocolate,90.0,1
s70,milkchocolate,92.0,1
s70,pocky,93.0,1
s70,toblerone,90.0,1
s70,lindtlindorchocolatetruffle,96.0,1
s70,twix,89.0,1
s70,caramel,93.0,1
s70,peanutmms,87.0,1
s70,brownie,91.0,1
s70,frostedbrownie,91.0,1
s70,lemoncake,91.0,1
s70,orange,90.0,2
s70,plum,93.0,2
s70,blackberry,78.0,2
s70,peach,88.0,2
s70,cherry,81.0,2
s70,raspberry,88.0,2
s70,apple,94.0,2
s70,grape,93.0,2
s70,goldendeliciousapple,88.0,2
s70,honeydewmelon,26.0,2
s70,kiwi,89.0,2
s70,greenbellpepper,53.0,2
s70,carrot,92.0,2
s70,peanuts,90.0,2
s70,almonds,89.0,2
s70,baguette,81.0,2
s70,slicedloafbread,87.0,2
s70,boulebread,87.0,2
s70,ryebread,92.0,2
s70,deliturkey,84.0,2
s70,chickentenders,92.0,2
s70,meatballs,86.0,2
s70,gouda,44.0,2
s70,swisscheese,90.0,2
s70,potatochips,88.0,2
s70,tortillachips,81.0,2
s70,doritos,92.0,2
s70,ritzcracker,80.0,2
s70,saltinecracker,88.0,2
s70,wheatthins,91.0,2
s70,eggrolls,84.0,2
s70,frenchfries,88.0,2
s70,butteredpopcorn,91.0,2
s70,triscuits,90.0,2
s70,wavylays,87.0,2
s70,chocolateicecreamcone,92.0,2
s70,strawberryicecreamcone,86.0,2
s70,vanillasoftservecone,92.0,2
s70,nutrigrainbar,91.0,2
s70,churro,78.0,2
s70,twistdonut,90.0,2
s70,tuilecookie,85.0,2
s70,madeleine,83.0,2
s70,oatmealraisincookie,79.0,2
s70,thumprintcookie,90.0,2
s70,sugarcookie,88.0,2
s70,vanillawafer,85.0,2
s70,chocolatewafer,92.0,2
s70,chocolatebark,85.0,2
s70,darkchocolate,84.0,2
s70,milkchocolate,90.0,2
s70,pocky,88.0,2
s70,toblerone,88.0,2
s70,lindtlindorchocolatetruffle,88.0,2
s70,twix,85.0,2
s70,caramel,93.0,2
s70,peanutmms,87.0,2
s70,brownie,88.0,2
s70,frostedbrownie,90.0,2
s70,lemoncake,88.0,2
s72,orange,61.0,1
s72,plum,31.0,1
s72,blackberry,52.0,1
s72,peach,64.0,1
s72,cherry,49.0,1
s72,raspberry,65.0,1
s72,apple,52.0,1
s72,grape,50.0,1
s72,goldendeliciousapple,10.0,1
s72,honeydewmelon,18.0,1
s72,kiwi,57.0,1
s72,greenbellpepper,13.0,1
s72,carrot,47.0,1
s72,peanuts,29.0,1
s72,almonds,41.0,1
s72,baguette,72.0,1
s72,slicedloafbread,86.0,1
s72,boulebread,58.0,1
s72,ryebread,43.0,1
s72,deliturkey,59.0,1
s72,chickentenders,41.0,1
s72,meatballs,30.0,1
s72,gouda,43.0,1
s72,swisscheese,49.0,1
s72,potatochips,40.0,1
s72,tortillachips,10.0,1
s72,doritos,19.0,1
s72,ritzcracker,59.0,1
s72,saltinecracker,31.0,1
s72,wheatthins,37.0,1
s72,eggrolls,61.0,1
s72,frenchfries,25.0,1
s72,butteredpopcorn,35.0,1
s72,triscuits,22.0,1
s72,wavylays,27.0,1
s72,chocolateicecreamcone,41.0,1
s72,strawberryicecreamcone,40.0,1
s72,vanillasoftservecone,44.0,1
s72,nutrigrainbar,24.0,1
s72,churro,13.0,1
s72,twistdonut,20.0,1
s72,tuilecookie,39.0,1
s72,madeleine,59.0,1
s72,oatmealraisincookie,59.0,1
s72,thumprintcookie,34.0,1
s72,sugarcookie,39.0,1
s72,vanillawafer,63.0,1
s72,chocolatewafer,64.0,1
s72,chocolatebark,80.0,1
s72,darkchocolate,69.0,1
s72,milkchocolate,65.0,1
s72,pocky,61.0,1
s72,toblerone,94.0,1
s72,lindtlindorchocolatetruffle,71.0,1
s72,twix,61.0,1
s72,caramel,69.0,1
s72,peanutmms,61.0,1
s72,brownie,64.0,1
s72,frostedbrownie,36.0,1
s72,lemoncake,35.0,1
s72,orange,69.0,2
s72,plum,59.0,2
s72,blackberry,51.0,2
s72,peach,68.0,2
s72,cherry,68.0,2
s72,raspberry,83.0,2
s72,apple,63.0,2
s72,grape,51.0,2
s72,goldendeliciousapple,22.0,2
s72,honeydewmelon,4.0,2
s72,kiwi,61.0,2
s72,greenbellpepper,20.0,2
s72,carrot,49.0,2
s72,peanuts,40.0,2
s72,almonds,50.0,2
s72,baguette,58.0,2
s72,slicedloafbread,83.0,2
s72,boulebread,66.0,2
s72,ryebread,62.0,2
s72,deliturkey,45.0,2
s72,chickentenders,10.0,2
s72,meatballs,19.0,2
s72,gouda,33.0,2
s72,swisscheese,57.0,2
s72,potatochips,88.0,2
s72,tortillachips,16.0,2
s72,doritos,27.0,2
s72,ritzcracker,43.0,2
s72,saltinecracker,38.0,2
s72,wheatthins,51.0,2
s72,eggrolls,28.0,2
s72,frenchfries,27.0,2
s72,butteredpopcorn,37.0,2
s72,triscuits,48.0,2
s72,wavylays,30.0,2
s72,chocolateicecreamcone,31.0,2
s72,strawberryicecreamcone,15.0,2
s72,vanillasoftservecone,17.0,2
s72,nutrigrainbar,37.0,2
s72,churro,20.0,2
s72,twistdonut,16.0,2
s72,tuilecookie,27.0,2
s72,madeleine,58.0,2
s72,oatmealraisincookie,62.0,2
s72,thumprintcookie,37.0,2
s72,sugarcookie,50.0,2
s72,vanillawafer,58.0,2
s72,chocolatewafer,62.0,2
s72,chocolatebark,29.0,2
s72,darkchocolate,65.0,2
s72,milkchocolate,68.0,2
s72,pocky,60.0,2
s72,toblerone,93.0,2
s72,lindtlindorchocolatetruffle,57.0,2
s72,twix,100.0,2
s72,caramel,60.0,2
s72,peanutmms,68.0,2
s72,brownie,26.0,2
s72,frostedbrownie,30.0,2
s72,lemoncake,36.0,2
s75,orange,97.0,1
s75,plum,99.0,1
s75,blackberry,97.0,1
s75,peach,99.0,1
s75,cherry,88.0,1
s75,raspberry,98.0,1
s75,apple,99.0,1
s75,grape,93.0,1
s75,goldendeliciousapple,94.0,1
s75,honeydewmelon,77.0,1
s75,kiwi,44.0,1
s75,greenbellpepper,52.0,1
s75,carrot,31.0,1
s75,peanuts,17.0,1
s75,almonds,51.0,1
s75,baguette,55.0,1
s75,slicedloafbread,37.0,1
s75,boulebread,97.0,1
s75,ryebread,88.0,1
s75,deliturkey,50.0,1
s75,chickentenders,80.0,1
s75,meatballs,7.0,1
s75,gouda,23.0,1
s75,swisscheese,53.0,1
s75,potatochips,54.0,1
s75,tortillachips,85.0,1
s75,doritos,77.0,1
s75,ritzcracker,79.0,1
s75,saltinecracker,52.0,1
s75,wheatthins,51.0,1
s75,eggrolls,65.0,1
s75,frenchfries,96.0,1
s75,butteredpopcorn,93.0,1
s75,triscuits,70.0,1
s75,wavylays,50.0,1
s75,chocolateicecreamcone,90.0,1
s75,strawberryicecreamcone,93.0,1
s75,vanillasoftservecone,82.0,1
s75,nutrigrainbar,72.0,1
s75,churro,15.0,1
s75,twistdonut,9.0,1
s75,tuilecookie,36.0,1
s75,madeleine,43.0,1
s75,oatmealraisincookie,1.0,1
s75,thumprintcookie,74.0,1
s75,sugarcookie,86.0,1
s75,vanillawafer,88.0,1
s75,chocolatewafer,74.0,1
s75,chocolatebark,5.0,1
s75,darkchocolate,94.0,1
s75,milkchocolate,82.0,1
s75,pocky,10.0,1
s75,toblerone,22.0,1
s75,lindtlindorchocolatetruffle,86.0,1
s75,twix,47.0,1
s75,caramel,83.0,1
s75,peanutmms,90.0,1
s75,brownie,97.0,1
s75,frostedbrownie,96.0,1
s75,lemoncake,89.0,1
s75,orange,96.0,2
s75,plum,100.0,2
s75,blackberry,51.0,2
s75,peach,87.0,2
s75,cherry,82.0,2
s75,raspberry,95.0,2
s75,apple,99.0,2
s75,grape,75.0,2
s75,goldendeliciousapple,73.0,2
s75,honeydewmelon,56.0,2
s75,kiwi,84.0,2
s75,greenbellpepper,51.0,2
s75,carrot,29.0,2
s75,peanuts,14.0,2
s75,almonds,54.0,2
s75,baguette,51.0,2
s75,slicedloafbread,43.0,2
s75,boulebread,51.0,2
s75,ryebread,25.0,2
s75,deliturkey,49.0,2
s75,chickentenders,74.0,2
s75,meatballs,64.0,2
s75,gouda,16.0,2
s75,swisscheese,50.0,2
s75,potatochips,67.0,2
s75,tortillachips,48.0,2
s75,doritos,50.0,2
s75,ritzcracker,51.0,2
s75,saltinecracker,50.0,2
s75,wheatthins,50.0,2
s75,eggrolls,59.0,2
s75,frenchfries,85.0,2
s75,butteredpopcorn,51.0,2
s75,triscuits,36.0,2
s75,wavylays,51.0,2
s75,chocolateicecreamcone,76.0,2
s75,strawberryicecreamcone,83.0,2
s75,vanillasoftservecone,94.0,2
s75,nutrigrainbar,53.0,2
s75,churro,14.0,2
s75,twistdonut,10.0,2
s75,tuilecookie,7.0,2
s75,madeleine,24.0,2
s75,oatmealraisincookie,17.0,2
s75,thumprintcookie,68.0,2
s75,sugarcookie,83.0,2
s75,vanillawafer,77.0,2
s75,chocolatewafer,83.0,2
s75,chocolatebark,12.0,2
s75,darkchocolate,80.0,2
s75,milkchocolate,86.0,2
s75,pocky,4.0,2
s75,toblerone,21.0,2
s75,lindtlindorchocolatetruffle,71.0,2
s75,twix,71.0,2
s75,caramel,77.0,2
s75,peanutmms,78.0,2
s75,brownie,93.0,2
s75,frostedbrownie,92.0,2
s75,lemoncake,90.0,2
s76,orange,50.0,1
s76,plum,100.0,1
s76,blackberry,14.0,1
s76,peach,25.0,1
s76,cherry,10.0,1
s76,raspberry,86.0,1
s76,apple,80.0,1
s76,grape,74.0,1
s76,goldendeliciousapple,42.0,1
s76,honeydewmelon,1.0,1
s76,kiwi,11.0,1
s76,greenbellpepper,3.0,1
s76,carrot,1.0,1
s76,peanuts,39.0,1
s76,almonds,30.0,1
s76,baguette,47.0,1
s76,slicedloafbread,1.0,1
s76,boulebread,6.0,1
s76,ryebread,50.0,1
s76,deliturkey,1.0,1
s76,chickentenders,2.0,1
s76,meatballs,1.0,1
s76,gouda,2.0,1
s76,swisscheese,31.0,1
s76,potatochips,77.0,1
s76,tortillachips,66.0,1
s76,doritos,63.0,1
s76,ritzcracker,55.0,1
s76,saltinecracker,44.0,1
s76,wheatthins,57.0,1
s76,eggrolls,66.0,1
s76,frenchfries,70.0,1
s76,butteredpopcorn,100.0,1
s76,triscuits,32.0,1
s76,wavylays,83.0,1
s76,chocolateicecreamcone,78.0,1
s76,strawberryicecreamcone,97.0,1
s76,vanillasoftservecone,86.0,1
s76,nutrigrainbar,36.0,1
s76,churro,81.0,1
s76,twistdonut,67.0,1
s76,tuilecookie,51.0,1
s76,madeleine,51.0,1
s76,oatmealraisincookie,93.0,1
s76,thumprintcookie,90.0,1
s76,sugarcookie,76.0,1
s76,vanillawafer,83.0,1
s76,chocolatewafer,69.0,1
s76,chocolatebark,99.0,1
s76,darkchocolate,81.0,1
s76,milkchocolate,95.0,1
s76,pocky,62.0,1
s76,toblerone,98.0,1
s76,lindtlindorchocolatetruffle,60.0,1
s76,twix,92.0,1
s76,caramel,55.0,1
s76,peanutmms,98.0,1
s76,brownie,68.0,1
s76,frostedbrownie,98.0,1
s76,lemoncake,98.0,1
s76,orange,66.0,2
s76,plum,100.0,2
s76,blackberry,1.0,2
s76,peach,10.0,2
s76,cherry,25.0,2
s76,raspberry,65.0,2
s76,apple,85.0,2
s76,grape,80.0,2
s76,goldendeliciousapple,5.0,2
s76,honeydewmelon,5.0,2
s76,kiwi,6.0,2
s76,greenbellpepper,1.0,2
s76,carrot,1.0,2
s76,peanuts,11.0,2
s76,almonds,28.0,2
s76,baguette,58.0,2
s76,slicedloafbread,1.0,2
s76,boulebread,42.0,2
s76,ryebread,50.0,2
s76,deliturkey,1.0,2
s76,chickentenders,7.0,2
s76,meatballs,16.0,2
s76,gouda,26.0,2
s76,swisscheese,21.0,2
s76,potatochips,90.0,2
s76,tortillachips,43.0,2
s76,doritos,72.0,2
s76,ritzcracker,54.0,2
s76,saltinecracker,55.0,2
s76,wheatthins,44.0,2
s76,eggrolls,65.0,2
s76,frenchfries,79.0,2
s76,butteredpopcorn,100.0,2
s76,triscuits,13.0,2
s76,wavylays,86.0,2
s76,chocolateicecreamcone,75.0,2
s76,strawberryicecreamcone,76.0,2
s76,vanillasoftservecone,65.0,2
s76,nutrigrainbar,42.0,2
s76,churro,85.0,2
s76,twistdonut,63.0,2
s76,tuilecookie,57.0,2
s76,madeleine,58.0,2
s76,oatmealraisincookie,97.0,2
s76,thumprintcookie,67.0,2
s76,sugarcookie,62.0,2
s76,vanillawafer,73.0,2
s76,chocolatewafer,69.0,2
s76,chocolatebark,72.0,2
s76,darkchocolate,62.0,2
s76,milkchocolate,84.0,2
s76,pocky,61.0,2
s76,toblerone,85.0,2
s76,lindtlindorchocolatetruffle,77.0,2
s76,twix,100.0,2
s76,caramel,30.0,2
s76,peanutmms,91.0,2
s76,brownie,73.0,2
s76,frostedbrownie,80.0,2
s76,lemoncake,90.0,2
s77,orange,64.0,1
s77,plum,4.0,1
s77,blackberry,37.0,1
s77,peach,30.0,1
s77,cherry,67.0,1
s77,raspberry,37.0,1
s77,apple,66.0,1
s77,grape,69.0,1
s77,goldendeliciousapple,29.0,1
s77,honeydewmelon,13.0,1
s77,kiwi,64.0,1
s77,greenbellpepper,2.0,1
s77,carrot,50.0,1
s77,peanuts,78.0,1
s77,almonds,1.0,1
s77,baguette,57.0,1
s77,slicedloafbread,2.0,1
s77,boulebread,61.0,1
s77,ryebread,61.0,1
s77,deliturkey,59.0,1
s77,chickentenders,35.0,1
s77,meatballs,20.0,1
s77,gouda,63.0,1
s77,swisscheese,62.0,1
s77,potatochips,51.0,1
s77,tortillachips,56.0,1
s77,doritos,51.0,1
s77,ritzcracker,2.0,1
s77,saltinecracker,2.0,1
s77,wheatthins,24.0,1
s77,eggrolls,100.0,1
s77,frenchfries,76.0,1
s77,butteredpopcorn,67.0,1
s77,triscuits,2.0,1
s77,wavylays,51.0,1
s77,chocolateicecreamcone,39.0,1
s77,strawberryicecreamcone,50.0,1
s77,vanillasoftservecone,50.0,1
s77,nutrigrainbar,13.0,1
s77,churro,44.0,1
s77,twistdonut,35.0,1
s77,tuilecookie,49.0,1
s77,madeleine,38.0,1
s77,oatmealraisincookie,40.0,1
s77,thumprintcookie,17.0,1
s77,sugarcookie,3.0,1
s77,vanillawafer,2.0,1
s77,chocolatewafer,2.0,1
s77,chocolatebark,33.0,1
s77,darkchocolate,67.0,1
s77,milkchocolate,53.0,1
s77,pocky,32.0,1
s77,toblerone,67.0,1
s77,lindtlindorchocolatetruffle,61.0,1
s77,twix,49.0,1
s77,caramel,4.0,1
s77,peanutmms,50.0,1
s77,brownie,29.0,1
s77,frostedbrownie,30.0,1
s77,lemoncake,33.0,1
s77,orange,47.0,2
s77,plum,9.0,2
s77,blackberry,48.0,2
s77,peach,34.0,2
s77,cherry,66.0,2
s77,raspberry,43.0,2
s77,apple,86.0,2
s77,grape,74.0,2
s77,goldendeliciousapple,40.0,2
s77,honeydewmelon,1.0,2
s77,kiwi,94.0,2
s77,greenbellpepper,1.0,2
s77,carrot,48.0,2
s77,peanuts,81.0,2
s77,almonds,19.0,2
s77,baguette,48.0,2
s77,slicedloafbread,2.0,2
s77,boulebread,74.0,2
s77,ryebread,75.0,2
s77,deliturkey,65.0,2
s77,chickentenders,18.0,2
s77,meatballs,11.0,2
s77,gouda,69.0,2
s77,swisscheese,67.0,2
s77,potatochips,51.0,2
s77,tortillachips,47.0,2
s77,doritos,50.0,2
s77,ritzcracker,3.0,2
s77,saltinecracker,2.0,2
s77,wheatthins,2.0,2
s77,eggrolls,97.0,2
s77,frenchfries,100.0,2
s77,butteredpopcorn,72.0,2
s77,triscuits,1.0,2
s77,wavylays,15.0,2
s77,chocolateicecreamcone,51.0,2
s77,strawberryicecreamcone,74.0,2
s77,vanillasoftservecone,71.0,2
s77,nutrigrainbar,1.0,2
s77,churro,73.0,2
s77,twistdonut,49.0,2
s77,tuilecookie,48.0,2
s77,madeleine,29.0,2
s77,oatmealraisincookie,51.0,2
s77,thumprintcookie,30.0,2
s77,sugarcookie,4.0,2
s77,vanillawafer,1.0,2
s77,chocolatewafer,2.0,2
s77,chocolatebark,18.0,2
s77,darkchocolate,79.0,2
s77,milkchocolate,76.0,2
s77,pocky,23.0,2
s77,toblerone,89.0,2
s77,lindtlindorchocolatetruffle,73.0,2
s77,twix,66.0,2
s77,caramel,38.0,2
s77,peanutmms,74.0,2
s77,brownie,39.0,2
s77,frostedbrownie,34.0,2
s77,lemoncake,20.0,2
s78,orange,72.0,1
s78,plum,25.0,1
s78,blackberry,10.0,1
s78,peach,18.0,1
s78,cherry,13.0,1
s78,raspberry,14.0,1
s78,apple,58.0,1
s78,grape,62.0,1
s78,goldendeliciousapple,29.0,1
s78,honeydewmelon,8.0,1
s78,kiwi,73.0,1
s78,greenbellpepper,3.0,1
s78,carrot,70.0,1
s78,peanuts,16.0,1
s78,almonds,61.0,1
s78,baguette,92.0,1
s78,slicedloafbread,20.0,1
s78,boulebread,12.0,1
s78,ryebread,9.0,1
s78,deliturkey,17.0,1
s78,chickentenders,4.0,1
s78,meatballs,10.0,1
s78,gouda,17.0,1
s78,swisscheese,62.0,1
s78,potatochips,41.0,1
s78,tortillachips,30.0,1
s78,doritos,38.0,1
s78,ritzcracker,34.0,1
s78,saltinecracker,33.0,1
s78,wheatthins,21.0,1
s78,eggrolls,10.0,1
s78,frenchfries,13.0,1
s78,butteredpopcorn,39.0,1
s78,triscuits,4.0,1
s78,wavylays,38.0,1
s78,chocolateicecreamcone,56.0,1
s78,strawberryicecreamcone,64.0,1
s78,vanillasoftservecone,59.0,1
s78,nutrigrainbar,10.0,1
s78,churro,5.0,1
s78,twistdonut,12.0,1
s78,tuilecookie,11.0,1
s78,madeleine,12.0,1
s78,oatmealraisincookie,15.0,1
s78,thumprintcookie,24.0,1
s78,sugarcookie,27.0,1
s78,vanillawafer,42.0,1
s78,chocolatewafer,55.0,1
s78,chocolatebark,15.0,1
s78,darkchocolate,76.0,1
s78,milkchocolate,93.0,1
s78,pocky,66.0,1
s78,toblerone,41.0,1
s78,lindtlindorchocolatetruffle,41.0,1
s78,twix,93.0,1
s78,caramel,31.0,1
s78,peanutmms,95.0,1
s78,brownie,65.0,1
s78,frostedbrownie,62.0,1
s78,lemoncake,24.0,1
s78,orange,74.0,2
s78,plum,15.0,2
s78,blackberry,12.0,2
s78,peach,9.0,2
s78,cherry,11.0,2
s78,raspberry,14.0,2
s78,apple,39.0,2
s78,grape,88.0,2
s78,goldendeliciousapple,21.0,2
s78,honeydewmelon,10.0,2
s78,kiwi,77.0,2
s78,greenbellpepper,2.0,2
s78,carrot,58.0,2
s78,peanuts,49.0,2
s78,almonds,24.0,2
s78,baguette,91.0,2
s78,slicedloafbread,36.0,2
s78,boulebread,11.0,2
s78,ryebread,6.0,2
s78,deliturkey,1.0,2
s78,chickentenders,10.0,2
s78,meatballs,50.0,2
s78,gouda,15.0,2
s78,swisscheese,35.0,2
s78,potatochips,56.0,2
s78,tortillachips,63.0,2
s78,doritos,57.0,2
s78,ritzcracker,55.0,2
s78,saltinecracker,38.0,2
s78,wheatthins,36.0,2
s78,eggrolls,4.0,2
s78,frenchfries,26.0,2
s78,butteredpopcorn,50.0,2
s78,triscuits,10.0,2
s78,wavylays,68.0,2
s78,chocolateicecreamcone,73.0,2
s78,strawberryicecreamcone,83.0,2
s78,vanillasoftservecone,71.0,2
s78,nutrigrainbar,15.0,2
s78,churro,57.0,2
s78,twistdonut,33.0,2
s78,tuilecookie,51.0,2
s78,madeleine,51.0,2
s78,oatmealraisincookie,8.0,2
s78,thumprintcookie,68.0,2
s78,sugarcookie,30.0,2
s78,vanillawafer,87.0,2
s78,chocolatewafer,69.0,2
s78,chocolatebark,44.0,2
s78,darkchocolate,64.0,2
s78,milkchocolate,84.0,2
s78,pocky,96.0,2
s78,toblerone,58.0,2
s78,lindtlindorchocolatetruffle,60.0,2
s78,twix,95.0,2
s78,caramel,50.0,2
s78,peanutmms,93.0,2
s78,brownie,57.0,2
s78,frostedbrownie,89.0,2
s78,lemoncake,63.0,2
s79,orange,26.0,1
s79,plum,75.0,1
s79,blackberry,80.0,1
s79,peach,81.0,1
s79,cherry,79.0,1
s79,raspberry,99.0,1
s79,apple,79.0,1
s79,grape,79.0,1
s79,goldendeliciousapple,81.0,1
s79,honeydewmelon,29.0,1
s79,kiwi,76.0,1
s79,greenbellpepper,90.0,1
s79,carrot,97.0,1
s79,peanuts,18.0,1
s79,almonds,81.0,1
s79,baguette,73.0,1
s79,slicedloafbread,18.0,1
s79,boulebread,77.0,1
s79,ryebread,66.0,1
s79,deliturkey,76.0,1
s79,chickentenders,10.0,1
s79,meatballs,17.0,1
s79,gouda,75.0,1
s79,swisscheese,86.0,1
s79,potatochips,15.0,1
s79,tortillachips,84.0,1
s79,doritos,66.0,1
s79,ritzcracker,30.0,1
s79,saltinecracker,72.0,1
s79,wheatthins,61.0,1
s79,eggrolls,21.0,1
s79,frenchfries,25.0,1
s79,butteredpopcorn,65.0,1
s79,triscuits,56.0,1
s79,wavylays,28.0,1
s79,chocolateicecreamcone,24.0,1
s79,strawberryicecreamcone,19.0,1
s79,vanillasoftservecone,59.0,1
s79,nutrigrainbar,5.0,1
s79,churro,25.0,1
s79,twistdonut,25.0,1
s79,tuilecookie,71.0,1
s79,madeleine,22.0,1
s79,oatmealraisincookie,16.0,1
s79,thumprintcookie,79.0,1
s79,sugarcookie,18.0,1
s79,vanillawafer,70.0,1
s79,chocolatewafer,63.0,1
s79,chocolatebark,61.0,1
s79,darkchocolate,74.0,1
s79,milkchocolate,63.0,1
s79,pocky,82.0,1
s79,toblerone,75.0,1
s79,lindtlindorchocolatetruffle,20.0,1
s79,twix,6.0,1
s79,caramel,11.0,1
s79,peanutmms,29.0,1
s79,brownie,20.0,1
s79,frostedbrownie,23.0,1
s79,lemoncake,17.0,1
s79,orange,84.0,2
s79,plum,89.0,2
s79,blackberry,80.0,2
s79,peach,17.0,2
s79,cherry,83.0,2
s79,raspberry,91.0,2
s79,apple,79.0,2
s79,grape,89.0,2
s79,goldendeliciousapple,82.0,2
s79,honeydewmelon,25.0,2
s79,kiwi,78.0,2
s79,greenbellpepper,84.0,2
s79,carrot,99.0,2
s79,peanuts,3.0,2
s79,almonds,77.0,2
s79,baguette,16.0,2
s79,slicedloafbread,18.0,2
s79,boulebread,49.0,2
s79,ryebread,55.0,2
s79,deliturkey,73.0,2
s79,chickentenders,19.0,2
s79,meatballs,17.0,2
s79,gouda,81.0,2
s79,swisscheese,86.0,2
s79,potatochips,26.0,2
s79,tortillachips,79.0,2
s79,doritos,86.0,2
s79,ritzcracker,12.0,2
s79,saltinecracker,23.0,2
s79,wheatthins,53.0,2
s79,eggrolls,19.0,2
s79,frenchfries,10.0,2
s79,butteredpopcorn,69.0,2
s79,triscuits,68.0,2
s79,wavylays,22.0,2
s79,chocolateicecreamcone,65.0,2
s79,strawberryicecreamcone,16.0,2
s79,vanillasoftservecone,82.0,2
s79,nutrigrainbar,5.0,2
s79,churro,23.0,2
s79,twistdonut,24.0,2
s79,tuilecookie,79.0,2
s79,madeleine,22.0,2
s79,oatmealraisincookie,22.0,2
s79,thumprintcookie,32.0,2
s79,sugarcookie,21.0,2
s79,vanillawafer,15.0,2
s79,chocolatewafer,24.0,2
s79,chocolatebark,27.0,2
s79,darkchocolate,91.0,2
s79,milkchocolate,74.0,2
s79,pocky,78.0,2
s79,toblerone,68.0,2
s79,lindtlindorchocolatetruffle,22.0,2
s79,twix,15.0,2
s79,caramel,8.0,2
s79,peanutmms,27.0,2
s79,brownie,17.0,2
s79,frostedbrownie,18.0,2
s79,lemoncake,10.0,2
s80,orange,100.0,1
s80,plum,20.0,1
s80,blackberry,91.0,1
s80,peach,40.0,1
s80,cherry,82.0,1
s80,raspberry,91.0,1
s80,apple,100.0,1
s80,grape,94.0,1
s80,goldendeliciousapple,100.0,1
s80,honeydewmelon,1.0,1
s80,kiwi,66.0,1
s80,greenbellpepper,1.0,1
s80,carrot,1.0,1
s80,peanuts,37.0,1
s80,almonds,10.0,1
s80,baguette,64.0,1
s80,slicedloafbread,73.0,1
s80,boulebread,64.0,1
s80,ryebread,57.0,1
s80,deliturkey,95.0,1
s80,chickentenders,1.0,1
s80,meatballs,86.0,1
s80,gouda,73.0,1
s80,swisscheese,100.0,1
s80,potatochips,57.0,1
s80,tortillachips,60.0,1
s80,doritos,72.0,1
s80,ritzcracker,64.0,1
s80,saltinecracker,52.0,1
s80,wheatthins,63.0,1
s80,eggrolls,93.0,1
s80,frenchfries,54.0,1
s80,butteredpopcorn,59.0,1
s80,triscuits,40.0,1
s80,wavylays,61.0,1
s80,chocolateicecreamcone,63.0,1
s80,strawberryicecreamcone,82.0,1
s80,vanillasoftservecone,67.0,1
s80,nutrigrainbar,85.0,1
s80,churro,46.0,1
s80,twistdonut,72.0,1
s80,tuilecookie,44.0,1
s80,madeleine,39.0,1
s80,oatmealraisincookie,57.0,1
s80,thumprintcookie,65.0,1
s80,sugarcookie,36.0,1
s80,vanillawafer,88.0,1
s80,chocolatewafer,61.0,1
s80,chocolatebark,78.0,1
s80,darkchocolate,42.0,1
s80,milkchocolate,46.0,1
s80,pocky,84.0,1
s80,toblerone,40.0,1
s80,lindtlindorchocolatetruffle,29.0,1
s80,twix,61.0,1
s80,caramel,16.0,1
s80,peanutmms,45.0,1
s80,brownie,68.0,1
s80,frostedbrownie,62.0,1
s80,lemoncake,61.0,1
s80,orange,100.0,2
s80,plum,23.0,2
s80,blackberry,87.0,2
s80,peach,17.0,2
s80,cherry,91.0,2
s80,raspberry,91.0,2
s80,apple,100.0,2
s80,grape,90.0,2
s80,goldendeliciousapple,100.0,2
s80,honeydewmelon,1.0,2
s80,kiwi,83.0,2
s80,greenbellpepper,1.0,2
s80,carrot,1.0,2
s80,peanuts,24.0,2
s80,almonds,41.0,2
s80,baguette,55.0,2
s80,slicedloafbread,55.0,2
s80,boulebread,54.0,2
s80,ryebread,55.0,2
s80,deliturkey,89.0,2
s80,chickentenders,2.0,2
s80,meatballs,84.0,2
s80,gouda,87.0,2
s80,swisscheese,92.0,2
s80,potatochips,55.0,2
s80,tortillachips,56.0,2
s80,doritos,57.0,2
s80,ritzcracker,54.0,2
s80,saltinecracker,53.0,2
s80,wheatthins,61.0,2
s80,eggrolls,91.0,2
s80,frenchfries,59.0,2
s80,butteredpopcorn,44.0,2
s80,triscuits,46.0,2
s80,wavylays,44.0,2
s80,chocolateicecreamcone,57.0,2
s80,strawberryicecreamcone,79.0,2
s80,vanillasoftservecone,70.0,2
s80,nutrigrainbar,79.0,2
s80,churro,49.0,2
s80,twistdonut,57.0,2
s80,tuilecookie,48.0,2
s80,madeleine,47.0,2
s80,oatmealraisincookie,41.0,2
s80,thumprintcookie,58.0,2
s80,sugarcookie,19.0,2
s80,vanillawafer,65.0,2
s80,chocolatewafer,59.0,2
s80,chocolatebark,70.0,2
s80,darkchocolate,46.0,2
s80,milkchocolate,65.0,2
s80,pocky,76.0,2
s80,toblerone,70.0,2
s80,lindtlindorchocolatetruffle,40.0,2
s80,twix,51.0,2
s80,caramel,45.0,2
s80,peanutmms,45.0,2
s80,brownie,48.0,2
s80,frostedbrownie,65.0,2
s80,lemoncake,34.0,2
s81,orange,49.0,1
s81,plum,52.0,1
s81,blackberry,67.0,1
s81,peach,38.0,1
s81,cherry,62.0,1
s81,raspberry,86.0,1
s81,apple,92.0,1
s81,grape,49.0,1
s81,goldendeliciousapple,32.0,1
s81,honeydewmelon,35.0,1
s81,kiwi,67.0,1
s81,greenbellpepper,19.0,1
s81,carrot,27.0,1
s81,peanuts,4.0,1
s81,almonds,50.0,1
s81,baguette,27.0,1
s81,slicedloafbread,52.0,1
s81,boulebread,52.0,1
s81,ryebread,51.0,1
s81,deliturkey,29.0,1
s81,chickentenders,37.0,1
s81,meatballs,4.0,1
s81,gouda,33.0,1
s81,swisscheese,51.0,1
s81,potatochips,70.0,1
s81,tortillachips,59.0,1
s81,doritos,31.0,1
s81,ritzcracker,48.0,1
s81,saltinecracker,35.0,1
s81,wheatthins,52.0,1
s81,eggrolls,21.0,1
s81,frenchfries,60.0,1
s81,butteredpopcorn,31.0,1
s81,triscuits,41.0,1
s81,wavylays,65.0,1
s81,chocolateicecreamcone,64.0,1
s81,strawberryicecreamcone,50.0,1
s81,vanillasoftservecone,27.0,1
s81,nutrigrainbar,38.0,1
s81,churro,41.0,1
s81,twistdonut,78.0,1
s81,tuilecookie,51.0,1
s81,madeleine,69.0,1
s81,oatmealraisincookie,60.0,1
s81,thumprintcookie,63.0,1
s81,sugarcookie,65.0,1
s81,vanillawafer,53.0,1
s81,chocolatewafer,63.0,1
s81,chocolatebark,51.0,1
s81,darkchocolate,41.0,1
s81,milkchocolate,42.0,1
s81,pocky,91.0,1
s81,toblerone,81.0,1
s81,lindtlindorchocolatetruffle,30.0,1
s81,twix,36.0,1
s81,caramel,31.0,1
s81,peanutmms,29.0,1
s81,brownie,41.0,1
s81,frostedbrownie,31.0,1
s81,lemoncake,32.0,1
s81,orange,71.0,2
s81,plum,64.0,2
s81,blackberry,81.0,2
s81,peach,70.0,2
s81,cherry,63.0,2
s81,raspberry,99.0,2
s81,apple,87.0,2
s81,grape,68.0,2
s81,goldendeliciousapple,50.0,2
s81,honeydewmelon,70.0,2
s81,kiwi,76.0,2
s81,greenbellpepper,14.0,2
s81,carrot,35.0,2
s81,peanuts,2.0,2
s81,almonds,29.0,2
s81,baguette,50.0,2
s81,slicedloafbread,55.0,2
s81,boulebread,55.0,2
s81,ryebread,50.0,2
s81,deliturkey,50.0,2
s81,chickentenders,52.0,2
s81,meatballs,3.0,2
s81,gouda,52.0,2
s81,swisscheese,68.0,2
s81,potatochips,72.0,2
s81,tortillachips,51.0,2
s81,doritos,51.0,2
s81,ritzcracker,50.0,2
s81,saltinecracker,51.0,2
s81,wheatthins,49.0,2
s81,eggrolls,24.0,2
s81,frenchfries,77.0,2
s81,butteredpopcorn,27.0,2
s81,triscuits,49.0,2
s81,wavylays,72.0,2
s81,chocolateicecreamcone,81.0,2
s81,strawberryicecreamcone,50.0,2
s81,vanillasoftservecone,25.0,2
s81,nutrigrainbar,38.0,2
s81,churro,66.0,2
s81,twistdonut,96.0,2
s81,tuilecookie,50.0,2
s81,madeleine,68.0,2
s81,oatmealraisincookie,68.0,2
s81,thumprintcookie,68.0,2
s81,sugarcookie,57.0,2
s81,vanillawafer,58.0,2
s81,chocolatewafer,56.0,2
s81,chocolatebark,52.0,2
s81,darkchocolate,40.0,2
s81,milkchocolate,74.0,2
s81,pocky,94.0,2
s81,toblerone,89.0,2
s81,lindtlindorchocolatetruffle,36.0,2
s81,twix,69.0,2
s81,caramel,43.0,2
s81,peanutmms,3.0,2
s81,brownie,50.0,2
s81,frostedbrownie,53.0,2
s81,lemoncake,69.0,2
s82,orange,99.0,1
s82,plum,50.0,1
s82,blackberry,64.0,1
s82,peach,1.0,1
s82,cherry,99.0,1
s82,raspberry,99.0,1
s82,apple,99.0,1
s82,grape,99.0,1
s82,goldendeliciousapple,50.0,1
s82,honeydewmelon,2.0,1
s82,kiwi,64.0,1
s82,greenbellpepper,99.0,1
s82,carrot,67.0,1
s82,peanuts,65.0,1
s82,almonds,72.0,1
s82,baguette,49.0,1
s82,slicedloafbread,10.0,1
s82,boulebread,50.0,1
s82,ryebread,11.0,1
s82,deliturkey,94.0,1
s82,chickentenders,100.0,1
s82,meatballs,49.0,1
s82,gouda,73.0,1
s82,swisscheese,100.0,1
s82,potatochips,99.0,1
s82,tortillachips,4.0,1
s82,doritos,17.0,1
s82,ritzcracker,49.0,1
s82,saltinecracker,51.0,1
s82,wheatthins,50.0,1
s82,eggrolls,50.0,1
s82,frenchfries,98.0,1
s82,butteredpopcorn,51.0,1
s82,triscuits,49.0,1
s82,wavylays,49.0,1
s82,chocolateicecreamcone,99.0,1
s82,strawberryicecreamcone,87.0,1
s82,vanillasoftservecone,50.0,1
s82,nutrigrainbar,50.0,1
s82,churro,3.0,1
s82,twistdonut,49.0,1
s82,tuilecookie,49.0,1
s82,madeleine,98.0,1
s82,oatmealraisincookie,99.0,1
s82,thumprintcookie,49.0,1
s82,sugarcookie,49.0,1
s82,vanillawafer,2.0,1
s82,chocolatewafer,27.0,1
s82,chocolatebark,50.0,1
s82,darkchocolate,100.0,1
s82,milkchocolate,99.0,1
s82,pocky,47.0,1
s82,toblerone,87.0,1
s82,lindtlindorchocolatetruffle,84.0,1
s82,twix,99.0,1
s82,caramel,74.0,1
s82,peanutmms,100.0,1
s82,brownie,83.0,1
s82,frostedbrownie,74.0,1
s82,lemoncake,17.0,1
s82,orange,97.0,2
s82,plum,51.0,2
s82,blackberry,96.0,2
s82,peach,50.0,2
s82,cherry,88.0,2
s82,raspberry,98.0,2
s82,apple,97.0,2
s82,grape,99.0,2
s82,goldendeliciousapple,83.0,2
s82,honeydewmelon,3.0,2
s82,kiwi,92.0,2
s82,greenbellpepper,98.0,2
s82,carrot,92.0,2
s82,peanuts,85.0,2
s82,almonds,83.0,2
s82,baguette,29.0,2
s82,slicedloafbread,25.0,2
s82,boulebread,30.0,2
s82,ryebread,7.0,2
s82,deliturkey,50.0,2
s82,chickentenders,99.0,2
s82,meatballs,49.0,2
s82,gouda,91.0,2
s82,swisscheese,98.0,2
s82,potatochips,98.0,2
s82,tortillachips,20.0,2
s82,doritos,46.0,2
s82,ritzcracker,51.0,2
s82,saltinecracker,48.0,2
s82,wheatthins,47.0,2
s82,eggrolls,49.0,2
s82,frenchfries,99.0,2
s82,butteredpopcorn,49.0,2
s82,triscuits,29.0,2
s82,wavylays,48.0,2
s82,chocolateicecreamcone,79.0,2
s82,strawberryicecreamcone,92.0,2
s82,vanillasoftservecone,50.0,2
s82,nutrigrainbar,52.0,2
s82,churro,34.0,2
s82,twistdonut,50.0,2
s82,tuilecookie,50.0,2
s82,madeleine,98.0,2
s82,oatmealraisincookie,100.0,2
s82,thumprintcookie,52.0,2
s82,sugarcookie,49.0,2
s82,vanillawafer,49.0,2
s82,chocolatewafer,29.0,2
s82,chocolatebark,48.0,2
s82,darkchocolate,96.0,2
s82,milkchocolate,99.0,2
s82,pocky,33.0,2
s82,toblerone,99.0,2
s82,lindtlindorchocolatetruffle,97.0,2
s82,twix,97.0,2
s82,caramel,81.0,2
s82,peanutmms,98.0,2
s82,brownie,93.0,2
s82,frostedbrownie,98.0,2
s82,lemoncake,52.0,2
s83,orange,33.0,1
s83,plum,27.0,1
s83,blackberry,50.0,1
s83,peach,29.0,1
s83,cherry,60.0,1
s83,raspberry,32.0,1
s83,apple,89.0,1
s83,grape,92.0,1
s83,goldendeliciousapple,64.0,1
s83,honeydewmelon,10.0,1
s83,kiwi,4.0,1
s83,greenbellpepper,62.0,1
s83,carrot,98.0,1
s83,peanuts,77.0,1
s83,almonds,99.0,1
s83,baguette,64.0,1
s83,slicedloafbread,23.0,1
s83,boulebread,62.0,1
s83,ryebread,77.0,1
s83,deliturkey,22.0,1
s83,chickentenders,89.0,1
s83,meatballs,5.0,1
s83,gouda,50.0,1
s83,swisscheese,50.0,1
s83,potatochips,79.0,1
s83,tortillachips,35.0,1
s83,doritos,15.0,1
s83,ritzcracker,86.0,1
s83,saltinecracker,34.0,1
s83,wheatthins,30.0,1
s83,eggrolls,19.0,1
s83,frenchfries,99.0,1
s83,butteredpopcorn,65.0,1
s83,triscuits,1.0,1
s83,wavylays,50.0,1
s83,chocolateicecreamcone,1.0,1
s83,strawberryicecreamcone,1.0,1
s83,vanillasoftservecone,50.0,1
s83,nutrigrainbar,2.0,1
s83,churro,38.0,1
s83,twistdonut,95.0,1
s83,tuilecookie,10.0,1
s83,madeleine,34.0,1
s83,oatmealraisincookie,60.0,1
s83,thumprintcookie,8.0,1
s83,sugarcookie,69.0,1
s83,vanillawafer,72.0,1
s83,chocolatewafer,1.0,1
s83,chocolatebark,39.0,1
s83,darkchocolate,5.0,1
s83,milkchocolate,50.0,1
s83,pocky,11.0,1
s83,toblerone,19.0,1
s83,lindtlindorchocolatetruffle,2.0,1
s83,twix,1.0,1
s83,caramel,29.0,1
s83,peanutmms,1.0,1
s83,brownie,1.0,1
s83,frostedbrownie,1.0,1
s83,lemoncake,12.0,1
s83,orange,64.0,2
s83,plum,38.0,2
s83,blackberry,35.0,2
s83,peach,36.0,2
s83,cherry,70.0,2
s83,raspberry,45.0,2
s83,apple,99.0,2
s83,grape,99.0,2
s83,goldendeliciousapple,99.0,2
s83,honeydewmelon,20.0,2
s83,kiwi,39.0,2
s83,greenbellpepper,50.0,2
s83,carrot,100.0,2
s83,peanuts,77.0,2
s83,almonds,100.0,2
s83,baguette,51.0,2
s83,slicedloafbread,51.0,2
s83,boulebread,66.0,2
s83,ryebread,72.0,2
s83,deliturkey,44.0,2
s83,chickentenders,69.0,2
s83,meatballs,2.0,2
s83,gouda,50.0,2
s83,swisscheese,50.0,2
s83,potatochips,64.0,2
s83,tortillachips,53.0,2
s83,doritos,51.0,2
s83,ritzcracker,68.0,2
s83,saltinecracker,51.0,2
s83,wheatthins,54.0,2
s83,eggrolls,50.0,2
s83,frenchfries,94.0,2
s83,butteredpopcorn,70.0,2
s83,triscuits,5.0,2
s83,wavylays,49.0,2
s83,chocolateicecreamcone,1.0,2
s83,strawberryicecreamcone,2.0,2
s83,vanillasoftservecone,73.0,2
s83,nutrigrainbar,2.0,2
s83,churro,52.0,2
s83,twistdonut,55.0,2
s83,tuilecookie,6.0,2
s83,madeleine,50.0,2
s83,oatmealraisincookie,58.0,2
s83,thumprintcookie,21.0,2
s83,sugarcookie,57.0,2
s83,vanillawafer,71.0,2
s83,chocolatewafer,3.0,2
s83,chocolatebark,38.0,2
s83,darkchocolate,3.0,2
s83,milkchocolate,16.0,2
s83,pocky,10.0,2
s83,toblerone,2.0,2
s83,lindtlindorchocolatetruffle,2.0,2
s83,twix,1.0,2
s83,caramel,21.0,2
s83,peanutmms,4.0,2
s83,brownie,1.0,2
s83,frostedbrownie,2.0,2
s83,lemoncake,65.0,2
s84,orange,79.0,1
s84,plum,81.0,1
s84,blackberry,68.0,1
s84,peach,98.0,1
s84,cherry,90.0,1
s84,raspberry,88.0,1
s84,apple,58.0,1
s84,grape,86.0,1
s84,goldendeliciousapple,79.0,1
s84,honeydewmelon,99.0,1
s84,kiwi,79.0,1
s84,greenbellpepper,99.0,1
s84,carrot,77.0,1
s84,peanuts,63.0,1
s84,almonds,26.0,1
s84,baguette,20.0,1
s84,slicedloafbread,5.0,1
s84,boulebread,13.0,1
s84,ryebread,82.0,1
s84,deliturkey,100.0,1
s84,chickentenders,25.0,1
s84,meatballs,51.0,1
s84,gouda,51.0,1
s84,swisscheese,99.0,1
s84,potatochips,64.0,1
s84,tortillachips,29.0,1
s84,doritos,2.0,1
s84,ritzcracker,14.0,1
s84,saltinecracker,33.0,1
s84,wheatthins,26.0,1
s84,eggrolls,29.0,1
s84,frenchfries,64.0,1
s84,butteredpopcorn,10.0,1
s84,triscuits,62.0,1
s84,wavylays,60.0,1
s84,chocolateicecreamcone,90.0,1
s84,strawberryicecreamcone,84.0,1
s84,vanillasoftservecone,99.0,1
s84,nutrigrainbar,2.0,1
s84,churro,57.0,1
s84,twistdonut,6.0,1
s84,tuilecookie,50.0,1
s84,madeleine,51.0,1
s84,oatmealraisincookie,65.0,1
s84,thumprintcookie,50.0,1
s84,sugarcookie,22.0,1
s84,vanillawafer,28.0,1
s84,chocolatewafer,21.0,1
s84,chocolatebark,22.0,1
s84,darkchocolate,80.0,1
s84,milkchocolate,83.0,1
s84,pocky,50.0,1
s84,toblerone,57.0,1
s84,lindtlindorchocolatetruffle,59.0,1
s84,twix,70.0,1
s84,caramel,86.0,1
s84,peanutmms,60.0,1
s84,brownie,63.0,1
s84,frostedbrownie,75.0,1
s84,lemoncake,62.0,1
s84,orange,99.0,2
s84,plum,79.0,2
s84,blackberry,67.0,2
s84,peach,88.0,2
s84,cherry,80.0,2
s84,raspberry,37.0,2
s84,apple,66.0,2
s84,grape,85.0,2
s84,goldendeliciousapple,61.0,2
s84,honeydewmelon,98.0,2
s84,kiwi,89.0,2
s84,greenbellpepper,83.0,2
s84,carrot,70.0,2
s84,peanuts,61.0,2
s84,almonds,88.0,2
s84,baguette,59.0,2
s84,slicedloafbread,12.0,2
s84,boulebread,22.0,2
s84,ryebread,85.0,2
s84,deliturkey,92.0,2
s84,chickentenders,42.0,2
s84,meatballs,51.0,2
s84,gouda,56.0,2
s84,swisscheese,74.0,2
s84,potatochips,58.0,2
s84,tortillachips,57.0,2
s84,doritos,22.0,2
s84,ritzcracker,25.0,2
s84,saltinecracker,26.0,2
s84,wheatthins,54.0,2
s84,eggrolls,32.0,2
s84,frenchfries,63.0,2
s84,butteredpopcorn,17.0,2
s84,triscuits,57.0,2
s84,wavylays,60.0,2
s84,chocolateicecreamcone,82.0,2
s84,strawberryicecreamcone,80.0,2
s84,vanillasoftservecone,88.0,2
s84,nutrigrainbar,5.0,2
s84,churro,20.0,2
s84,twistdonut,19.0,2
s84,tuilecookie,51.0,2
s84,madeleine,52.0,2
s84,oatmealraisincookie,59.0,2
s84,thumprintcookie,51.0,2
s84,sugarcookie,14.0,2
s84,vanillawafer,25.0,2
s84,chocolatewafer,25.0,2
s84,chocolatebark,57.0,2
s84,darkchocolate,65.0,2
s84,milkchocolate,62.0,2
s84,pocky,52.0,2
s84,toblerone,34.0,2
s84,lindtlindorchocolatetruffle,61.0,2
s84,twix,60.0,2
s84,caramel,65.0,2
s84,peanutmms,67.0,2
s84,brownie,65.0,2
s84,frostedbrownie,62.0,2
s84,lemoncake,75.0,2
s85,orange,95.0,1
s85,plum,94.0,1
s85,blackberry,98.0,1
s85,peach,95.0,1
s85,cherry,83.0,1
s85,raspberry,50.0,1
s85,apple,64.0,1
s85,grape,89.0,1
s85,goldendeliciousapple,63.0,1
s85,honeydewmelon,50.0,1
s85,kiwi,73.0,1
s85,greenbellpepper,66.0,1
s85,carrot,74.0,1
s85,peanuts,50.0,1
s85,almonds,46.0,1
s85,baguette,91.0,1
s85,slicedloafbread,66.0,1
s85,boulebread,86.0,1
s85,ryebread,91.0,1
s85,deliturkey,63.0,1
s85,chickentenders,26.0,1
s85,meatballs,69.0,1
s85,gouda,81.0,1
s85,swisscheese,79.0,1
s85,potatochips,64.0,1
s85,tortillachips,36.0,1
s85,doritos,38.0,1
s85,ritzcracker,32.0,1
s85,saltinecracker,27.0,1
s85,wheatthins,50.0,1
s85,eggrolls,65.0,1
s85,frenchfries,54.0,1
s85,butteredpopcorn,42.0,1
s85,triscuits,51.0,1
s85,wavylays,59.0,1
s85,chocolateicecreamcone,67.0,1
s85,strawberryicecreamcone,71.0,1
s85,vanillasoftservecone,50.0,1
s85,nutrigrainbar,4.0,1
s85,churro,18.0,1
s85,twistdonut,14.0,1
s85,tuilecookie,13.0,1
s85,madeleine,5.0,1
s85,oatmealraisincookie,67.0,1
s85,thumprintcookie,6.0,1
s85,sugarcookie,16.0,1
s85,vanillawafer,5.0,1
s85,chocolatewafer,5.0,1
s85,chocolatebark,63.0,1
s85,darkchocolate,86.0,1
s85,milkchocolate,67.0,1
s85,pocky,7.0,1
s85,toblerone,62.0,1
s85,lindtlindorchocolatetruffle,41.0,1
s85,twix,28.0,1
s85,caramel,22.0,1
s85,peanutmms,65.0,1
s85,brownie,64.0,1
s85,frostedbrownie,72.0,1
s85,lemoncake,40.0,1
s85,orange,88.0,2
s85,plum,94.0,2
s85,blackberry,92.0,2
s85,peach,98.0,2
s85,cherry,96.0,2
s85,raspberry,78.0,2
s85,apple,65.0,2
s85,grape,88.0,2
s85,goldendeliciousapple,67.0,2
s85,honeydewmelon,74.0,2
s85,kiwi,69.0,2
s85,greenbellpepper,60.0,2
s85,carrot,67.0,2
s85,peanuts,50.0,2
s85,almonds,48.0,2
s85,baguette,75.0,2
s85,slicedloafbread,70.0,2
s85,boulebread,95.0,2
s85,ryebread,96.0,2
s85,deliturkey,58.0,2
s85,chickentenders,45.0,2
s85,meatballs,72.0,2
s85,gouda,84.0,2
s85,swisscheese,84.0,2
s85,potatochips,56.0,2
s85,tortillachips,43.0,2
s85,doritos,42.0,2
s85,ritzcracker,46.0,2
s85,saltinecracker,41.0,2
s85,wheatthins,50.0,2
s85,eggrolls,76.0,2
s85,frenchfries,58.0,2
s85,butteredpopcorn,40.0,2
s85,triscuits,51.0,2
s85,wavylays,70.0,2
s85,chocolateicecreamcone,68.0,2
s85,strawberryicecreamcone,82.0,2
s85,vanillasoftservecone,46.0,2
s85,nutrigrainbar,6.0,2
s85,churro,18.0,2
s85,twistdonut,16.0,2
s85,tuilecookie,15.0,2
s85,madeleine,6.0,2
s85,oatmealraisincookie,62.0,2
s85,thumprintcookie,7.0,2
s85,sugarcookie,38.0,2
s85,vanillawafer,8.0,2
s85,chocolatewafer,3.0,2
s85,chocolatebark,55.0,2
s85,darkchocolate,60.0,2
s85,milkchocolate,68.0,2
s85,pocky,7.0,2
s85,toblerone,75.0,2
s85,lindtlindorchocolatetruffle,58.0,2
s85,twix,28.0,2
s85,caramel,4.0,2
s85,peanutmms,77.0,2
s85,brownie,64.0,2
s85,frostedbrownie,80.0,2
s85,lemoncake,25.0,2
s87,orange,75.0,1
s87,plum,1.0,1
s87,blackberry,71.0,1
s87,peach,1.0,1
s87,cherry,1.0,1
s87,raspberry,1.0,1
s87,apple,1.0,1
s87,grape,1.0,1
s87,goldendeliciousapple,1.0,1
s87,honeydewmelon,1.0,1
s87,kiwi,1.0,1
s87,greenbellpepper,96.0,1
s87,carrot,1.0,1
s87,peanuts,1.0,1
s87,almonds,1.0,1
s87,baguette,1.0,1
s87,slicedloafbread,94.0,1
s87,boulebread,1.0,1
s87,ryebread,58.0,1
s87,deliturkey,6.0,1
s87,chickentenders,78.0,1
s87,meatballs,1.0,1
s87,gouda,1.0,1
s87,swisscheese,51.0,1
s87,potatochips,100.0,1
s87,tortillachips,4.0,1
s87,doritos,100.0,1
s87,ritzcracker,11.0,1
s87,saltinecracker,60.0,1
s87,wheatthins,70.0,1
s87,eggrolls,6.0,1
s87,frenchfries,20.0,1
s87,butteredpopcorn,1.0,1
s87,triscuits,51.0,1
s87,wavylays,100.0,1
s87,chocolateicecreamcone,24.0,1
s87,strawberryicecreamcone,25.0,1
s87,vanillasoftservecone,62.0,1
s87,nutrigrainbar,88.0,1
s87,churro,51.0,1
s87,twistdonut,51.0,1
s87,tuilecookie,2.0,1
s87,madeleine,51.0,1
s87,oatmealraisincookie,70.0,1
s87,thumprintcookie,59.0,1
s87,sugarcookie,1.0,1
s87,vanillawafer,10.0,1
s87,chocolatewafer,6.0,1
s87,chocolatebark,1.0,1
s87,darkchocolate,51.0,1
s87,milkchocolate,8.0,1
s87,pocky,12.0,1
s87,toblerone,7.0,1
s87,lindtlindorchocolatetruffle,8.0,1
s87,twix,1.0,1
s87,caramel,1.0,1
s87,peanutmms,1.0,1
s87,brownie,51.0,1
s87,frostedbrownie,16.0,1
s87,lemoncake,69.0,1
s87,orange,88.0,2
s87,plum,1.0,2
s87,blackberry,84.0,2
s87,peach,1.0,2
s87,cherry,1.0,2
s87,raspberry,1.0,2
s87,apple,1.0,2
s87,grape,1.0,2
s87,goldendeliciousapple,1.0,2
s87,honeydewmelon,1.0,2
s87,kiwi,1.0,2
s87,greenbellpepper,100.0,2
s87,carrot,1.0,2
s87,peanuts,1.0,2
s87,almonds,1.0,2
s87,baguette,1.0,2
s87,slicedloafbread,60.0,2
s87,boulebread,1.0,2
s87,ryebread,11.0,2
s87,deliturkey,1.0,2
s87,chickentenders,100.0,2
s87,meatballs,1.0,2
s87,gouda,1.0,2
s87,swisscheese,1.0,2
s87,potatochips,100.0,2
s87,tortillachips,1.0,2
s87,doritos,30.0,2
s87,ritzcracker,42.0,2
s87,saltinecracker,51.0,2
s87,wheatthins,80.0,2
s87,eggrolls,51.0,2
s87,frenchfries,100.0,2
s87,butteredpopcorn,1.0,2
s87,triscuits,7.0,2
s87,wavylays,100.0,2
s87,chocolateicecreamcone,90.0,2
s87,strawberryicecreamcone,1.0,2
s87,vanillasoftservecone,100.0,2
s87,nutrigrainbar,100.0,2
s87,churro,51.0,2
s87,twistdonut,100.0,2
s87,tuilecookie,1.0,2
s87,madeleine,51.0,2
s87,oatmealraisincookie,100.0,2
s87,thumprintcookie,100.0,2
s87,sugarcookie,51.0,2
s87,vanillawafer,86.0,2
s87,chocolatewafer,74.0,2
s87,chocolatebark,1.0,2
s87,darkchocolate,97.0,2
s87,milkchocolate,50.0,2
s87,pocky,34.0,2
s87,toblerone,5.0,2
s87,lindtlindorchocolatetruffle,5.0,2
s87,twix,24.0,2
s87,caramel,1.0,2
s87,peanutmms,1.0,2
s87,brownie,100.0,2
s87,frostedbrownie,100.0,2
s87,lemoncake,100.0,2
s88,orange,99.0,1
s88,plum,100.0,1
s88,blackberry,94.0,1
s88,peach,100.0,1
s88,cherry,100.0,1
s88,raspberry,99.0,1
s88,apple,95.0,1
s88,grape,95.0,1
s88,goldendeliciousapple,91.0,1
s88,honeydewmelon,87.0,1
s88,kiwi,100.0,1
s88,greenbellpepper,11.0,1
s88,carrot,1.0,1
s88,peanuts,55.0,1
s88,almonds,57.0,1
s88,baguette,74.0,1
s88,slicedloafbread,35.0,1
s88,boulebread,54.0,1
s88,ryebread,30.0,1
s88,deliturkey,53.0,1
s88,chickentenders,63.0,1
s88,meatballs,68.0,1
s88,gouda,1.0,1
s88,swisscheese,1.0,1
s88,potatochips,74.0,1
s88,tortillachips,51.0,1
s88,doritos,28.0,1
s88,ritzcracker,60.0,1
s88,saltinecracker,15.0,1
s88,wheatthins,26.0,1
s88,eggrolls,76.0,1
s88,frenchfries,53.0,1
s88,butteredpopcorn,62.0,1
s88,triscuits,19.0,1
s88,wavylays,60.0,1
s88,chocolateicecreamcone,42.0,1
s88,strawberryicecreamcone,4.0,1
s88,vanillasoftservecone,57.0,1
s88,nutrigrainbar,14.0,1
s88,churro,11.0,1
s88,twistdonut,15.0,1
s88,tuilecookie,36.0,1
s88,madeleine,18.0,1
s88,oatmealraisincookie,66.0,1
s88,thumprintcookie,31.0,1
s88,sugarcookie,37.0,1
s88,vanillawafer,6.0,1
s88,chocolatewafer,34.0,1
s88,chocolatebark,62.0,1
s88,darkchocolate,45.0,1
s88,milkchocolate,5.0,1
s88,pocky,45.0,1
s88,toblerone,78.0,1
s88,lindtlindorchocolatetruffle,5.0,1
s88,twix,86.0,1
s88,caramel,7.0,1
s88,peanutmms,49.0,1
s88,brownie,23.0,1
s88,frostedbrownie,31.0,1
s88,lemoncake,4.0,1
s88,orange,100.0,2
s88,plum,100.0,2
s88,blackberry,97.0,2
s88,peach,100.0,2
s88,cherry,99.0,2
s88,raspberry,100.0,2
s88,apple,94.0,2
s88,grape,100.0,2
s88,goldendeliciousapple,88.0,2
s88,honeydewmelon,91.0,2
s88,kiwi,100.0,2
s88,greenbellpepper,1.0,2
s88,carrot,1.0,2
s88,peanuts,52.0,2
s88,almonds,47.0,2
s88,baguette,50.0,2
s88,slicedloafbread,13.0,2
s88,boulebread,51.0,2
s88,ryebread,6.0,2
s88,deliturkey,49.0,2
s88,chickentenders,70.0,2
s88,meatballs,67.0,2
s88,gouda,1.0,2
s88,swisscheese,1.0,2
s88,potatochips,43.0,2
s88,tortillachips,27.0,2
s88,doritos,43.0,2
s88,ritzcracker,91.0,2
s88,saltinecracker,40.0,2
s88,wheatthins,42.0,2
s88,eggrolls,66.0,2
s88,frenchfries,56.0,2
s88,butteredpopcorn,66.0,2
s88,triscuits,24.0,2
s88,wavylays,55.0,2
s88,chocolateicecreamcone,3.0,2
s88,strawberryicecreamcone,1.0,2
s88,vanillasoftservecone,50.0,2
s88,nutrigrainbar,26.0,2
s88,churro,9.0,2
s88,twistdonut,6.0,2
s88,tuilecookie,19.0,2
s88,madeleine,10.0,2
s88,oatmealraisincookie,78.0,2
s88,thumprintcookie,5.0,2
s88,sugarcookie,6.0,2
s88,vanillawafer,2.0,2
s88,chocolatewafer,18.0,2
s88,chocolatebark,40.0,2
s88,darkchocolate,20.0,2
s88,milkchocolate,3.0,2
s88,pocky,55.0,2
s88,toblerone,66.0,2
s88,lindtlindorchocolatetruffle,4.0,2
s88,twix,100.0,2
s88,caramel,4.0,2
s88,peanutmms,24.0,2
s88,brownie,5.0,2
s88,frostedbrownie,4.0,2
s88,lemoncake,1.0,2
s89,orange,57.0,1
s89,plum,64.0,1
s89,blackberry,64.0,1
s89,peach,64.0,1
s89,cherry,67.0,1
s89,raspberry,74.0,1
s89,apple,69.0,1
s89,grape,60.0,1
s89,goldendeliciousapple,87.0,1
s89,honeydewmelon,64.0,1
s89,kiwi,71.0,1
s89,greenbellpepper,48.0,1
s89,carrot,89.0,1
s89,peanuts,49.0,1
s89,almonds,78.0,1
s89,baguette,63.0,1
s89,slicedloafbread,59.0,1
s89,boulebread,33.0,1
s89,ryebread,52.0,1
s89,deliturkey,69.0,1
s89,chickentenders,58.0,1
s89,meatballs,63.0,1
s89,gouda,43.0,1
s89,swisscheese,57.0,1
s89,potatochips,64.0,1
s89,tortillachips,66.0,1
s89,doritos,55.0,1
s89,ritzcracker,71.0,1
s89,saltinecracker,44.0,1
s89,wheatthins,46.0,1
s89,eggrolls,68.0,1
s89,frenchfries,50.0,1
s89,butteredpopcorn,72.0,1
s89,triscuits,59.0,1
s89,wavylays,64.0,1
s89,chocolateicecreamcone,26.0,1
s89,strawberryicecreamcone,72.0,1
s89,vanillasoftservecone,44.0,1
s89,nutrigrainbar,45.0,1
s89,churro,59.0,1
s89,twistdonut,75.0,1
s89,tuilecookie,46.0,1
s89,madeleine,71.0,1
s89,oatmealraisincookie,61.0,1
s89,thumprintcookie,75.0,1
s89,sugarcookie,40.0,1
s89,vanillawafer,71.0,1
s89,chocolatewafer,14.0,1
s89,chocolatebark,73.0,1
s89,darkchocolate,45.0,1
s89,milkchocolate,62.0,1
s89,pocky,42.0,1
s89,toblerone,21.0,1
s89,lindtlindorchocolatetruffle,71.0,1
s89,twix,63.0,1
s89,caramel,51.0,1
s89,peanutmms,28.0,1
s89,brownie,44.0,1
s89,frostedbrownie,37.0,1
s89,lemoncake,61.0,1
s89,orange,87.0,2
s89,plum,62.0,2
s89,blackberry,80.0,2
s89,peach,64.0,2
s89,cherry,69.0,2
s89,raspberry,83.0,2
s89,apple,84.0,2
s89,grape,80.0,2
s89,goldendeliciousapple,78.0,2
s89,honeydewmelon,63.0,2
s89,kiwi,74.0,2
s89,greenbellpepper,62.0,2
s89,carrot,79.0,2
s89,peanuts,51.0,2
s89,almonds,74.0,2
s89,baguette,81.0,2
s89,slicedloafbread,43.0,2
s89,boulebread,41.0,2
s89,ryebread,49.0,2
s89,deliturkey,52.0,2
s89,chickentenders,57.0,2
s89,meatballs,65.0,2
s89,gouda,54.0,2
s89,swisscheese,46.0,2
s89,potatochips,72.0,2
s89,tortillachips,84.0,2
s89,doritos,40.0,2
s89,ritzcracker,35.0,2
s89,saltinecracker,76.0,2
s89,wheatthins,65.0,2
s89,eggrolls,75.0,2
s89,frenchfries,63.0,2
s89,butteredpopcorn,52.0,2
s89,triscuits,42.0,2
s89,wavylays,56.0,2
s89,chocolateicecreamcone,26.0,2
s89,strawberryicecreamcone,38.0,2
s89,vanillasoftservecone,26.0,2
s89,nutrigrainbar,62.0,2
s89,churro,37.0,2
s89,twistdonut,68.0,2
s89,tuilecookie,68.0,2
s89,madeleine,87.0,2
s89,oatmealraisincookie,66.0,2
s89,thumprintcookie,36.0,2
s89,sugarcookie,55.0,2
s89,vanillawafer,69.0,2
s89,chocolatewafer,68.0,2
s89,chocolatebark,71.0,2
s89,darkchocolate,40.0,2
s89,milkchocolate,39.0,2
s89,pocky,74.0,2
s89,toblerone,73.0,2
s89,lindtlindorchocolatetruffle,36.0,2
s89,twix,40.0,2
s89,caramel,64.0,2
s89,peanutmms,65.0,2
s89,brownie,72.0,2
s89,frostedbrownie,62.0,2
s89,lemoncake,62.0,2
s90,orange,80.0,1
s90,plum,78.0,1
s90,blackberry,69.0,1
s90,peach,96.0,1
s90,cherry,97.0,1
s90,raspberry,86.0,1
s90,apple,78.0,1
s90,grape,80.0,1
s90,goldendeliciousapple,61.0,1
s90,honeydewmelon,85.0,1
s90,kiwi,79.0,1
s90,greenbellpepper,22.0,1
s90,carrot,72.0,1
s90,peanuts,67.0,1
s90,almonds,34.0,1
s90,baguette,79.0,1
s90,slicedloafbread,35.0,1
s90,boulebread,64.0,1
s90,ryebread,76.0,1
s90,deliturkey,1.0,1
s90,chickentenders,1.0,1
s90,meatballs,1.0,1
s90,gouda,66.0,1
s90,swisscheese,67.0,1
s90,potatochips,32.0,1
s90,tortillachips,55.0,1
s90,doritos,64.0,1
s90,ritzcracker,64.0,1
s90,saltinecracker,51.0,1
s90,wheatthins,65.0,1
s90,eggrolls,2.0,1
s90,frenchfries,56.0,1
s90,butteredpopcorn,55.0,1
s90,triscuits,13.0,1
s90,wavylays,58.0,1
s90,chocolateicecreamcone,64.0,1
s90,strawberryicecreamcone,41.0,1
s90,vanillasoftservecone,55.0,1
s90,nutrigrainbar,32.0,1
s90,churro,27.0,1
s90,twistdonut,28.0,1
s90,tuilecookie,22.0,1
s90,madeleine,62.0,1
s90,oatmealraisincookie,57.0,1
s90,thumprintcookie,59.0,1
s90,sugarcookie,56.0,1
s90,vanillawafer,41.0,1
s90,chocolatewafer,28.0,1
s90,chocolatebark,23.0,1
s90,darkchocolate,70.0,1
s90,milkchocolate,59.0,1
s90,pocky,39.0,1
s90,toblerone,41.0,1
s90,lindtlindorchocolatetruffle,41.0,1
s90,twix,30.0,1
s90,caramel,34.0,1
s90,peanutmms,38.0,1
s90,brownie,41.0,1
s90,frostedbrownie,34.0,1
s90,lemoncake,8.0,1
s90,orange,90.0,2
s90,plum,88.0,2
s90,blackberry,86.0,2
s90,peach,85.0,2
s90,cherry,92.0,2
s90,raspberry,86.0,2
s90,apple,86.0,2
s90,grape,89.0,2
s90,goldendeliciousapple,80.0,2
s90,honeydewmelon,84.0,2
s90,kiwi,91.0,2
s90,greenbellpepper,1.0,2
s90,carrot,85.0,2
s90,peanuts,75.0,2
s90,almonds,59.0,2
s90,baguette,65.0,2
s90,slicedloafbread,26.0,2
s90,boulebread,82.0,2
s90,ryebread,73.0,2
s90,deliturkey,1.0,2
s90,chickentenders,1.0,2
s90,meatballs,1.0,2
s90,gouda,74.0,2
s90,swisscheese,66.0,2
s90,potatochips,6.0,2
s90,tortillachips,64.0,2
s90,doritos,62.0,2
s90,ritzcracker,57.0,2
s90,saltinecracker,55.0,2
s90,wheatthins,59.0,2
s90,eggrolls,1.0,2
s90,frenchfries,14.0,2
s90,butteredpopcorn,26.0,2
s90,triscuits,25.0,2
s90,wavylays,17.0,2
s90,chocolateicecreamcone,61.0,2
s90,strawberryicecreamcone,63.0,2
s90,vanillasoftservecone,58.0,2
s90,nutrigrainbar,18.0,2
s90,churro,11.0,2
s90,twistdonut,8.0,2
s90,tuilecookie,19.0,2
s90,madeleine,20.0,2
s90,oatmealraisincookie,26.0,2
s90,thumprintcookie,26.0,2
s90,sugarcookie,28.0,2
s90,vanillawafer,20.0,2
s90,chocolatewafer,18.0,2
s90,chocolatebark,32.0,2
s90,darkchocolate,72.0,2
s90,milkchocolate,60.0,2
s90,pocky,22.0,2
s90,toblerone,38.0,2
s90,lindtlindorchocolatetruffle,17.0,2
s90,twix,18.0,2
s90,caramel,24.0,2
s90,peanutmms,40.0,2
s90,brownie,11.0,2
s90,frostedbrownie,27.0,2
s90,lemoncake,15.0,2
s93,orange,83.0,1
s93,plum,74.0,1
s93,blackberry,78.0,1
s93,peach,84.0,1
s93,cherry,79.0,1
s93,raspberry,87.0,1
s93,apple,81.0,1
s93,grape,96.0,1
s93,goldendeliciousapple,64.0,1
s93,honeydewmelon,80.0,1
s93,kiwi,62.0,1
s93,greenbellpepper,78.0,1
s93,carrot,94.0,1
s93,peanuts,58.0,1
s93,almonds,67.0,1
s93,baguette,59.0,1
s93,slicedloafbread,50.0,1
s93,boulebread,35.0,1
s93,ryebread,56.0,1
s93,deliturkey,64.0,1
s93,chickentenders,50.0,1
s93,meatballs,38.0,1
s93,gouda,53.0,1
s93,swisscheese,53.0,1
s93,potatochips,48.0,1
s93,tortillachips,37.0,1
s93,doritos,42.0,1
s93,ritzcracker,42.0,1
s93,saltinecracker,42.0,1
s93,wheatthins,41.0,1
s93,eggrolls,41.0,1
s93,frenchfries,64.0,1
s93,butteredpopcorn,42.0,1
s93,triscuits,36.0,1
s93,wavylays,52.0,1
s93,chocolateicecreamcone,58.0,1
s93,strawberryicecreamcone,55.0,1
s93,vanillasoftservecone,53.0,1
s93,nutrigrainbar,40.0,1
s93,churro,57.0,1
s93,twistdonut,37.0,1
s93,tuilecookie,56.0,1
s93,madeleine,56.0,1
s93,oatmealraisincookie,51.0,1
s93,thumprintcookie,51.0,1
s93,sugarcookie,56.0,1
s93,vanillawafer,44.0,1
s93,chocolatewafer,57.0,1
s93,chocolatebark,51.0,1
s93,darkchocolate,60.0,1
s93,milkchocolate,60.0,1
s93,pocky,64.0,1
s93,toblerone,60.0,1
s93,lindtlindorchocolatetruffle,60.0,1
s93,twix,49.0,1
s93,caramel,52.0,1
s93,peanutmms,28.0,1
s93,brownie,60.0,1
s93,frostedbrownie,66.0,1
s93,lemoncake,53.0,1
s93,orange,91.0,2
s93,plum,77.0,2
s93,blackberry,77.0,2
s93,peach,84.0,2
s93,cherry,83.0,2
s93,raspberry,72.0,2
s93,apple,88.0,2
s93,grape,90.0,2
s93,goldendeliciousapple,91.0,2
s93,honeydewmelon,75.0,2
s93,kiwi,75.0,2
s93,greenbellpepper,72.0,2
s93,carrot,92.0,2
s93,peanuts,49.0,2
s93,almonds,76.0,2
s93,baguette,45.0,2
s93,slicedloafbread,47.0,2
s93,boulebread,58.0,2
s93,ryebread,44.0,2
s93,deliturkey,64.0,2
s93,chickentenders,58.0,2
s93,meatballs,37.0,2
s93,gouda,48.0,2
s93,swisscheese,59.0,2
s93,potatochips,53.0,2
s93,tortillachips,30.0,2
s93,doritos,39.0,2
s93,ritzcracker,32.0,2
s93,saltinecracker,15.0,2
s93,wheatthins,33.0,2
s93,eggrolls,31.0,2
s93,frenchfries,84.0,2
s93,butteredpopcorn,43.0,2
s93,triscuits,29.0,2
s93,wavylays,47.0,2
s93,chocolateicecreamcone,71.0,2
s93,strawberryicecreamcone,60.0,2
s93,vanillasoftservecone,59.0,2
s93,nutrigrainbar,20.0,2
s93,churro,57.0,2
s93,twistdonut,41.0,2
s93,tuilecookie,36.0,2
s93,madeleine,50.0,2
s93,oatmealraisincookie,59.0,2
s93,thumprintcookie,40.0,2
s93,sugarcookie,36.0,2
s93,vanillawafer,10.0,2
s93,chocolatewafer,61.0,2
s93,chocolatebark,46.0,2
s93,darkchocolate,55.0,2
s93,milkchocolate,66.0,2
s93,pocky,65.0,2
s93,toblerone,71.0,2
s93,lindtlindorchocolatetruffle,68.0,2
s93,twix,59.0,2
s93,caramel,65.0,2
s93,peanutmms,50.0,2
s93,brownie,62.0,2
s93,frostedbrownie,72.0,2
s93,lemoncake,61.0,2
