subject_id,item_name,rating
52,100grand,0.98
52,3musketeers,0.99
52,airheadsblueraspberry,1
52,airheadscherry,0.99
52,airheadsgreenapple,0.99
52,almondjoy,0.21
52,babyruth,0.21
52,blowpopcherry,0.98
52,blowpopsourapple,1.47
52,bunchacrunch,0.99
52,butterfinger,1.48
52,cheesepeanutbuttercrackers,1.47
52,cheetoscrunchy,1.49
52,cheetospuffs,0.99
52,cheezitwhitecheddar,1
52,chexmixcheddar,2.5
52,chipsahoy,0.99
52,crunch,0.99
52,doritosnachocheese,1.47
52,doritospicychili,1
52,dots,2
52,dovecaramelmilkchocolate,1.99
52,dovemilkpeanutbutterbites,0.5
52,funyuns,1.28
52,giantsweetarts,0.98
52,gobstoppers,1.48
52,goldfishcheddar,1.49
52,grandmaschocolatechipcookies,1
52,grandmasoatmealraisincookies,0.99
52,gummywormssour,1.49
52,heathbar,0.98
52,hostesschocolatedonuts,1.51
52,hostesscupcakes,1.27
52,juniorcaramels,2
52,juniormints,1.51
52,keeblerfudgestripes,1.49
52,keeblerrainbowcookies,1.49
52,kettlebbqchips,1.13
52,kettlesaltpepperchips,1.99
52,laffytaffysourapple,0.99
52,laysdillpickle,1.01
52,layssourcreamandonion,1
52,lindtmilkchocolate,2
52,mmsmilkchocolate,1.01
52,mmsmint,1.48
52,mmspeanuts,1.22
52,mmspretzel,0.99
52,mentosrainbow,1
52,milkduds,0.99
52,milkyway,0.98
52,milkywaycaramel,1
52,munchiespeanutbutter,1.5
52,nerdsrope,0.98
52,nerdsstrawberrygrape,1
52,oreos,0.99
52,pez,1.01
52,popcornersjalapeno,0.99
52,popcornerskettle,0.99
52,popcornerswhitecheddar,0.98
52,popcornwhitecheddar,0.99
52,pringlescheddar,0.98
52,pringlesoriginal,0.99
53,100grand,1
53,3musketeers,0.5
53,airheadsblueraspberry,0.49
53,airheadscherry,0.51
53,airheadsgreenapple,0.51
53,airheadswatermelon,2.01
53,almondjoy,0.51
53,babyruth,0.5
53,blowpopblueraspberry,1.49
53,blowpopcherry,1
53,blowpopsourapple,2
53,blowpopwatermelon,1.5
53,bunchacrunch,1.98
53,butterfinger,2.01
53,butterfingerbites,1.99
53,caramelapplepops,1.5
53,cheesepeanutbuttercrackers,2.51
53,cheetoscrunchy,2.5
53,cheetospuffs,1.99
53,cheezit,1.75
53,cheezitwhitecheddar,0.99
53,chexmixcheddar,1.5
53,chexmixtraditional,1.49
53,chipsahoy,1.51
53,comboscheddar,0.49
53,crunch,2.01
53,doritoscoolranch,1.99
53,doritosnachocheese,2
53,doritospicychili,1.5
53,dots,0.5
53,dovecaramelmilkchocolate,0.51
53,dovemilkpeanutbutterbites,0.99
53,famousamos,1.49
53,fritos,1
53,fritosbbq,1
53,funyuns,1
53,ghirardellicaramelsquares,2.5
53,ghirardellidarkchocolatesquares,2.49
53,giantsweetarts,1.99
53,gobstoppers,2
53,goldfishcheddar,1.5
53,goobers,2.98
53,grandmaschocolatechipcookies,1.48
53,grandmasoatmealraisincookies,1
53,grandmaspeanutbuttercookies,0.48
53,gummywormssour,1.01
53,heathbar,0.99
53,hostesschocolatedonuts,1.5
53,hostesscupcakes,0.99
53,hostesspowdereddonut,1.53
53,juniorcaramels,1.5
53,keeblerrainbowcookies,1.49
53,kettlebbqchips,1
53,kettlesaltpepperchips,2.5
53,kitkat,1.49
53,kitkatwhitechocolate,1.98
53,laffytaffysourapple,1.5
53,laysclassic,0.99
53,laysdillpickle,2
53,layssourcreamandonion,1.01
53,layssweetsouthernheatbarbecue,1
53,lifesaversgummiessours,2.49
53,lindtdarkchocolate,1.98
53,lindtmilkchocolate,1.5
53,mmsmint,1
53,mmspeanuts,1.99
53,mentosrainbow,1.49
53,mikeikezours,2.5
53,milanocookies,1.49
53,milkyway,2
53,milkywaycaramel,1.47
53,milkywaydark,1.49
53,munchiesjalapenocheddar,1.5
53,munchiesnachocheese,2.52
53,munchiespeanutbutter,0.97
53,nerdsrope,2.5
53,nerdsstrawberrygrape,1.49
53,oreos,0.98
53,oreosgolden,1.5
53,pez,1.51
53,popcornersjalapeno,1.5
53,popcornerskettle,0.5
53,popcornerswhitecheddar,0.51
53,popcornwhitecheddar,2.99
53,pringlescheddar,0.99
53,pringlesoriginal,1.5
53,raisinetsmilkchocolate,0.5
54,100grand,0.5
54,3musketeers,0.49
54,airheadsblueraspberry,0.48
54,airheadsgreenapple,0.45
54,airheadswatermelon,0.99
54,blowpopblueraspberry,0.96
54,blowpopcherry,1.02
54,blowpopsourapple,1.51
54,blowpopwatermelon,0.5
54,bunchacrunch,1.5
54,butterfingerbites,1.48
54,caramelapplepops,1.79
54,cheetoscrunchy,1.49
54,cheetospuffs,0.47
54,cheezit,1.25
54,chexmixcheddar,1.79
54,chexmixtraditional,1
54,chipsahoy,1.51
54,comboscheddar,1.97
54,combospizzeria,1.5
54,crunch,1.76
54,doritoscoolranch,1.81
54,doritosnachocheese,1.94
54,doritospicychili,0.98
54,dots,2
54,dovecaramelmilkchocolate,2
54,dovedarkchocolatebites,0.95
54,dovemilkpeanutbutterbites,1.49
54,famousamos,1.05
54,fritos,0.97
54,fritosbbq,1.49
54,funyuns,1.03
54,ghirardellimilkchocolatesquares,0.97
54,giantsweetarts,1.74
54,gobstoppers,0.51
54,goldfishcheddar,1.88
54,goobers,1.72
54,grandmaschocolatechipcookies,1.48
54,grandmasoatmealraisincookies,1.96
54,gummywormssour,0.56
54,heathbar,1.72
54,hostesschocolatedonuts,1.48
54,hostesscupcakes,1.78
54,hostesspowdereddonut,0.97
54,juniorcaramels,1.04
54,juniormints,1.47
54,keeblerrainbowcookies,0.98
54,kettlebbqchips,1.02
54,kettlejalapenochips,1.52
54,kettlesaltpepperchips,1.96
54,kettlesaltvinegarchips,0.5
54,kitkat,1
54,kitkatwhitechocolate,1.48
54,laffytaffysourapple,0.97
54,laysclassic,0.5
54,laysdillpickle,1.75
54,layssourcreamandonion,1.99
54,layssweetsouthernheatbarbecue,1.49
54,lifesaversgummies,1.82
54,lifesaversgummiessours,1.99
54,lindtmilkchocolate,1.74
54,mmsmilkchocolate,1.49
54,mmsmint,1.49
54,mmspeanuts,1.03
54,mentosrainbow,1.49
54,milanocookies,1.23
54,milkduds,0.98
54,milkyway,0.98
54,milkywaycaramel,0.99
54,milkywaydark,1.25
54,munchiesjalapenocheddar,1
54,munchiespeanutbutter,1.53
54,nerdsrope,0.98
54,nerdsstrawberrygrape,0.73
54,oreos,1.51
54,oreosgolden,1.52
54,pez,1.74
54,popcornersjalapeno,1.49
54,popcornerswhitecheddar,1.27
54,popcornwhitecheddar,1.01
54,pringlescheddar,1.05
54,pringlesoriginal,1
54,pringlessourcreamonion,0.47
54,raisinetsmilkchocolate,1.29
55,100grand,2.48
55,almondjoy,0.99
55,babyruth,0.98
55,blowpopblueraspberry,2.51
55,blowpopwatermelon,1.52
55,bunchacrunch,1.98
55,caramelapplepops,1.49
55,cheetoscrunchy,2
55,cheetospuffs,1.99
55,cheezitwhitecheddar,1.99
55,chexmixcheddar,2.02
55,chexmixtraditional,2.02
55,chipsahoy,2
55,comboscheddar,1.01
55,combospizzeria,0.99
55,crunch,1.5
55,doritoscoolranch,1.99
55,doritosnachocheese,3.01
55,doritospicychili,2
55,dots,1.5
55,dovecaramelmilkchocolate,1.5
55,dovemilkpeanutbutterbites,1.01
55,fritosbbq,1
55,funyuns,1.48
55,ghirardellicaramelsquares,2.49
55,ghirardellidarkchocolatesquares,2.48
55,ghirardellimilkchocolatesquares,2.5
55,giantsweetarts,1.98
55,gobstoppers,1.98
55,goldfishcheddar,1.97
55,goobers,2
55,grandmaschocolatechipcookies,1.49
55,grandmasoatmealraisincookies,1
55,gummywormssour,2.49
55,heathbar,1.97
55,hostesschocolatedonuts,2.01
55,hostesscupcakes,1.49
55,hostesspowdereddonut,1.48
55,juniorcaramels,1.51
55,juniormints,2
55,keeblerrainbowcookies,1.99
55,kettlebbqchips,1.97
55,kettlesaltpepperchips,1.5
55,kettlesaltvinegarchips,2.48
55,kitkat,2.48
55,kitkatwhitechocolate,2.51
55,laffytaffysourapple,2.48
55,layscheesygarlicbread,1.99
55,laysclassic,1.01
55,laysdillpickle,2.02
55,layssourcreamandonion,1.99
55,layssweetsouthernheatbarbecue,2
55,lifesaversgummies,1.97
55,lifesaversgummiessours,1.98
55,lindtdarkchocolate,1.99
55,lindtmilkchocolate,1.99
55,mikeikezours,1.98
55,milanocookies,2.01
55,milkduds,1.5
55,milkyway,2.49
55,milkywaycaramel,1.5
55,milkywaydark,2.01
55,munchiesnachocheese,1.99
55,munchiespeanutbutter,2.48
55,nerdsrope,2.49
55,nerdsstrawberrygrape,1.98
55,oreosgolden,1.99
55,pez,1.99
55,popcornersjalapeno,1.5
55,popcornwhitecheddar,2.5
55,pringlescheddar,2.46
55,pringlesoriginal,1.98
55,raisinetsmilkchocolate,0.99
56,100grand,1.01
56,3musketeers,1.08
56,airheadsblueraspberry,1.41
56,airheadscherry,1.53
56,airheadsgreenapple,1.55
56,almondjoy,0.5
56,babyruth,0.32
56,blowpopblueraspberry,1.08
56,blowpopwatermelon,1.5
56,bunchacrunch,1.22
56,butterfinger,1.43
56,butterfingerbites,1.72
56,caramelapplepops,1.18
56,cheesepeanutbuttercrackers,1.5
56,cheetoscrunchy,2
56,cheetospuffs,1.46
56,cheezit,0.51
56,cheezitwhitecheddar,2.5
56,chexmixcheddar,1.99
56,chexmixtraditional,1.46
56,chipsahoy,1.49
56,comboscheddar,1.51
56,combospizzeria,0.71
56,crunch,1.49
56,doritoscoolranch,1.07
56,doritosnachocheese,0.99
56,doritospicychili,2
56,dots,0.59
56,dovecaramelmilkchocolate,1.14
56,dovemilkpeanutbutterbites,1.5
56,funyuns,2.51
56,ghirardellicaramelsquares,2.06
56,ghirardellidarkchocolatesquares,1.46
56,giantsweetarts,1.95
56,goldfishcheddar,1.54
56,goobers,1.5
56,grandmaschocolatechipcookies,1.5
56,grandmasoatmealraisincookies,0.82
56,grandmaspeanutbuttercookies,0.32
56,gummywormssour,1.99
56,heathbar,1.18
56,hostesschocolatedonuts,1.97
56,hostesscupcakes,1.49
56,hostesspowdereddonut,1.49
56,juniorcaramels,1.22
56,juniormints,1.49
56,keeblerfudgestripes,1.49
56,keeblerrainbowcookies,0.7
56,kettlebbqchips,0.99
56,kettlesaltpepperchips,1.98
56,kitkat,1.33
56,kitkatwhitechocolate,0.7
56,laffytaffysourapple,2
56,layscheesygarlicbread,1.5
56,laysclassic,1.27
56,laysdillpickle,0.83
56,layssourcreamandonion,1.25
56,layssweetsouthernheatbarbecue,1.03
56,lifesaversgummies,1.16
56,lifesaversgummiessours,1.09
56,lindtdarkchocolate,1.5
56,lindtmilkchocolate,1.49
56,mmsmint,1.01
56,mmspretzel,1.29
56,mentosrainbow,1.08
56,mikeikezours,1.95
56,milanocookies,1.18
56,milkduds,0.96
56,milkyway,1.13
56,milkywaycaramel,0.5
56,milkywaydark,1.46
56,munchiesjalapenocheddar,0.96
56,munchiespeanutbutter,1.53
56,nerdsrope,1.5
56,nerdsstrawberrygrape,2.01
56,oreos,1.42
56,oreosgolden,1.14
56,pez,1.48
56,popcornersjalapeno,1.53
56,popcornerskettle,1.6
56,popcornerswhitecheddar,1.5
56,popcornwhitecheddar,1.98
56,pringlessourcreamonion,1.34
56,raisinetsmilkchocolate,0.77
57,100grand,1.62
57,3musketeers,1.52
57,airheadsblueraspberry,1.5
57,airheadscherry,1.5
57,airheadsgreenapple,1.5
57,airheadswatermelon,1.49
57,almondjoy,0.5
57,babyruth,0.5
57,blowpopblueraspberry,1.99
57,blowpopcherry,1.52
57,blowpopsourapple,1.5
57,blowpopwatermelon,1.5
57,bunchacrunch,2.76
57,butterfinger,2.74
57,caramelapplepops,1.85
57,cheesepeanutbuttercrackers,1.48
57,cheetoscrunchy,2
57,cheetospuffs,1.5
57,cheezit,1.01
57,cheezitwhitecheddar,1.48
57,chexmixcheddar,2.26
57,chexmixtraditional,2.51
57,chipsahoy,2
57,comboscheddar,0.99
57,combospizzeria,1.52
57,crunch,2
57,doritosnachocheese,1.99
57,doritospicychili,1.74
57,dots,2.24
57,dovecaramelmilkchocolate,0.99
57,dovedarkchocolatebites,1.5
57,dovemilkpeanutbutterbites,1
57,famousamos,0.57
57,fritos,0.95
57,fritosbbq,1.52
57,funyuns,1.99
57,ghirardellicaramelsquares,1.99
57,ghirardellidarkchocolatesquares,2.01
57,ghirardellimilkchocolatesquares,1.5
57,giantsweetarts,2
57,gobstoppers,1.79
57,goldfishcheddar,1.5
57,goobers,2.49
57,grandmaschocolatechipcookies,1.49
57,grandmasoatmealraisincookies,1.5
57,grandmaspeanutbuttercookies,1.01
57,gummywormssour,1.76
57,heathbar,1.99
57,hostesschocolatedonuts,2.53
57,hostesscupcakes,1.53
57,hostesspowdereddonut,1.49
57,juniorcaramels,1.51
57,keeblerfudgestripes,1.49
57,keeblerrainbowcookies,1.51
57,kettlebbqchips,1.27
57,kettlejalapenochips,0.99
57,kettlesaltpepperchips,0.99
57,kettlesaltvinegarchips,1.49
57,kitkat,1.71
57,kitkatwhitechocolate,1.54
57,laffytaffysourapple,1.76
57,layscheesygarlicbread,0.99
57,laysclassic,1.24
57,laysdillpickle,1.75
57,layssourcreamandonion,2
57,layssweetsouthernheatbarbecue,1.97
57,lifesaversgummies,1.49
57,lifesaversgummiessours,2
57,lindtmilkchocolate,1.96
57,mmsmilkchocolate,1.5
57,mmsmint,1.5
57,mmspeanuts,1.49
57,mmspretzel,1.89
57,mentosrainbow,2.51
57,mikeikezours,2.23
57,milanocookies,1.44
57,milkyway,0.99
57,milkywaycaramel,1.6
57,milkywaydark,1.73
57,munchiespeanutbutter,1.76
57,nerdsrope,1.5
57,nerdsstrawberrygrape,1.49
57,oreos,1.51
57,oreosgolden,2.25
57,pez,1.98
57,popcornerswhitecheddar,1.47
57,popcornwhitecheddar,1.68
57,pringlescheddar,1.5
57,pringlesoriginal,1.47
57,pringlessourcreamonion,1.27
58,100grand,0.99
58,3musketeers,0.55
58,airheadsblueraspberry,0.6
58,airheadscherry,0.47
58,airheadsgreenapple,0.5
58,airheadswatermelon,0.46
58,almondjoy,0.47
58,babyruth,0.5
58,blowpopblueraspberry,1.07
58,blowpopwatermelon,0.41
58,bunchacrunch,1.49
58,butterfinger,0.99
58,butterfingerbites,1.45
58,caramelapplepops,1.47
58,cheetoscrunchy,0.99
58,cheetospuffs,0.98
58,cheezit,0.95
58,cheezitwhitecheddar,1
58,chexmixcheddar,1.46
58,chexmixtraditional,1.44
58,chipsahoy,1.52
58,comboscheddar,0.5
58,combospizzeria,0.5
58,crunch,1.98
58,doritoscoolranch,1.49
58,doritospicychili,2.06
58,dots,0.47
58,dovecaramelmilkchocolate,0.43
58,dovemilkpeanutbutterbites,1.47
58,fritos,1.05
58,fritosbbq,0.53
58,funyuns,0.95
58,ghirardellidarkchocolatesquares,0.99
58,ghirardellimilkchocolatesquares,0.93
58,gobstoppers,1.52
58,goldfishcheddar,2.39
58,goobers,1.99
58,grandmaschocolatechipcookies,0.98
58,grandmasoatmealraisincookies,0.99
58,grandmaspeanutbuttercookies,0.51
58,gummywormssour,1.52
58,heathbar,1.5
58,juniorcaramels,0.98
58,juniormints,1.05
58,keeblerfudgestripes,1.01
58,keeblerrainbowcookies,0.99
58,kettlebbqchips,0.97
58,kettlesaltpepperchips,1.04
58,kettlesaltvinegarchips,0.99
58,kitkat,0.51
58,kitkatwhitechocolate,0.5
58,laffytaffysourapple,0.96
58,laysclassic,1.03
58,laysdillpickle,1.01
58,layssourcreamandonion,2.64
58,layssweetsouthernheatbarbecue,1.92
58,lifesaversgummies,2
58,lifesaversgummiessours,1.98
58,lindtdarkchocolate,1.6
58,lindtmilkchocolate,1.99
58,mmspeanuts,1
58,mmspretzel,1
58,mikeikezours,1.46
58,milanocookies,1
58,milkduds,1
58,milkyway,1.02
58,milkywaycaramel,1.03
58,milkywaydark,0.96
58,munchiespeanutbutter,1.38
58,nerdsrope,1
58,nerdsstrawberrygrape,1.14
58,oreos,0.52
58,oreosgolden,1.02
58,popcornersjalapeno,2.02
58,popcornerskettle,1.09
58,popcornerswhitecheddar,1.01
58,popcornwhitecheddar,0.98
58,pringlescheddar,0.98
58,pringlesoriginal,0.96
59,100grand,1.45
59,3musketeers,1.46
59,airheadsblueraspberry,1.49
59,airheadscherry,1.49
59,airheadsgreenapple,2
59,almondjoy,1.03
59,babyruth,0.51
59,blowpopcherry,1.44
59,blowpopsourapple,1.6
59,blowpopwatermelon,1.49
59,cheesepeanutbuttercrackers,2.44
59,cheetoscrunchy,2.51
59,cheetospuffs,2.47
59,cheezitwhitecheddar,0.97
59,chexmixcheddar,3.53
59,chexmixtraditional,3.56
59,combospizzeria,0.49
59,crunch,3.09
59,dots,1.01
59,dovecaramelmilkchocolate,1.52
59,dovedarkchocolatebites,1.98
59,fritosbbq,0.89
59,funyuns,1.6
59,giantsweetarts,1.93
59,gobstoppers,2.55
59,goldfishcheddar,2.96
59,goobers,2
59,grandmaschocolatechipcookies,1.55
59,grandmasoatmealraisincookies,1.45
59,grandmaspeanutbuttercookies,0.99
59,heathbar,2.98
59,hostesschocolatedonuts,1.98
59,hostesscupcakes,1.46
59,hostesspowdereddonut,1.48
59,juniorcaramels,0.93
59,kettlejalapenochips,2.02
59,kettlesaltpepperchips,2.51
59,kitkat,0.98
59,kitkatwhitechocolate,1.5
59,layscheesygarlicbread,1.04
59,laysclassic,1.04
59,lindtmilkchocolate,3.02
59,mmsmilkchocolate,2.51
59,mmsmint,2
59,mmspretzel,1.59
59,mentosrainbow,3.05
59,milkduds,2.54
59,milkywaycaramel,0.95
59,munchiespeanutbutter,2.96
59,nerdsrope,1.52
59,nerdsstrawberrygrape,1.53
59,oreos,1.99
59,popcornerskettle,3.53
59,popcornerswhitecheddar,2.98
59,popcornwhitecheddar,2.97
59,pringlescheddar,1.95
59,pringlessourcreamonion,0.99
59,raisinetsmilkchocolate,1.43
60,100grand,2
60,3musketeers,0.83
60,airheadsblueraspberry,0.8
60,airheadscherry,0.97
60,airheadsgreenapple,1.01
60,airheadswatermelon,1.47
60,almondjoy,0.5
60,babyruth,0.48
60,blowpopblueraspberry,2
60,blowpopcherry,0.99
60,blowpopsourapple,1.77
60,blowpopwatermelon,1.74
60,bunchacrunch,2.81
60,butterfinger,2.97
60,butterfingerbites,2
60,caramelapplepops,2.99
60,cheesepeanutbuttercrackers,2.99
60,cheetoscrunchy,2.69
60,cheetospuffs,2.5
60,cheezit,2
60,cheezitwhitecheddar,1.76
60,chexmixcheddar,2.77
60,chipsahoy,2.5
60,comboscheddar,2.5
60,combospizzeria,1.5
60,crunch,2.76
60,doritoscoolranch,2
60,doritosnachocheese,2.73
60,doritospicychili,2.78
60,dots,2.48
60,dovecaramelmilkchocolate,2.78
60,famousamos,2
60,fritos,2.98
60,fritosbbq,1.28
60,funyuns,1.52
60,ghirardellicaramelsquares,1.5
60,ghirardellidarkchocolatesquares,1.54
60,ghirardellimilkchocolatesquares,1.29
60,giantsweetarts,2.52
60,gobstoppers,2
60,goldfishcheddar,2.84
60,goobers,2.49
60,grandmaschocolatechipcookies,2.48
60,grandmasoatmealraisincookies,1.5
60,grandmaspeanutbuttercookies,0.55
60,gummywormssour,2.48
60,heathbar,2.81
60,hostesschocolatedonuts,2.75
60,hostesscupcakes,1.5
60,hostesspowdereddonut,1.76
60,juniorcaramels,1.72
60,juniormints,1.78
60,keeblerfudgestripes,1.99
60,keeblerrainbowcookies,1.98
60,kettlebbqchips,1.99
60,kettlejalapenochips,0.83
60,kettlesaltpepperchips,2.47
60,kettlesaltvinegarchips,1.77
60,kitkat,1.5
60,kitkatwhitechocolate,1.75
60,laffytaffysourapple,1.24
60,laysclassic,0.99
60,laysdillpickle,2.5
60,layssourcreamandonion,2.52
60,layssweetsouthernheatbarbecue,2.72
60,lifesaversgummies,2.78
60,lifesaversgummiessours,2.48
60,lindtdarkchocolate,2.51
60,lindtmilkchocolate,1.97
60,mmsmilkchocolate,1.27
60,mmsmint,1.53
60,mmspeanuts,2.03
60,mmspretzel,2.5
60,mentosrainbow,1.75
60,mikeikezours,2.78
60,milanocookies,1.52
60,milkduds,1.74
60,milkyway,1.98
60,milkywaycaramel,1.79
60,milkywaydark,1.75
60,munchiesjalapenocheddar,1.19
60,munchiesnachocheese,3.01
60,munchiespeanutbutter,2.3
60,nerdsrope,1.01
60,nerdsstrawberrygrape,1
60,oreos,1.53
60,oreosgolden,2.68
60,pez,2.77
60,popcornersjalapeno,2.75
60,popcornerskettle,1.99
60,popcornerswhitecheddar,1.51
60,popcornwhitecheddar,3.02
60,pringlescheddar,1.77
60,pringlesoriginal,1.7
60,pringlessourcreamonion,1.49
60,raisinetsmilkchocolate,1.02
62,100grand,1.02
62,3musketeers,0.45
62,airheadsblueraspberry,0.99
62,airheadsgreenapple,0.52
62,airheadswatermelon,1.54
62,babyruth,0.47
62,blowpopblueraspberry,3.04
62,blowpopcherry,1.48
62,blowpopsourapple,3.49
62,blowpopwatermelon,1.02
62,bunchacrunch,1.99
62,butterfinger,2.52
62,butterfingerbites,1.49
62,caramelapplepops,2
62,cheesepeanutbuttercrackers,2.5
62,cheetoscrunchy,3.98
62,cheetospuffs,0.98
62,cheezit,0.95
62,chexmixcheddar,2.51
62,chexmixtraditional,2.44
62,chipsahoy,2.5
62,comboscheddar,0.47
62,combospizzeria,0.5
62,crunch,2.05
62,doritoscoolranch,2.05
62,doritosnachocheese,3
62,doritospicychili,2.53
62,dots,0.43
62,dovecaramelmilkchocolate,0.52
62,dovemilkpeanutbutterbites,1.93
62,famousamos,1.46
62,fritosbbq,0.98
62,funyuns,1.47
62,ghirardellicaramelsquares,3.49
62,ghirardellidarkchocolatesquares,3.52
62,ghirardellimilkchocolatesquares,1.49
62,giantsweetarts,2.01
62,gobstoppers,1.5
62,goldfishcheddar,2.49
62,goobers,2.05
62,grandmaschocolatechipcookies,1.52
62,grandmasoatmealraisincookies,2.02
62,gummywormssour,2.95
62,heathbar,2.48
62,hostesschocolatedonuts,2.44
62,hostesscupcakes,1.97
62,hostesspowdereddonut,2
62,juniorcaramels,1.01
62,juniormints,1.49
62,keeblerfudgestripes,1.5
62,keeblerrainbowcookies,1.49
62,kettlebbqchips,1.04
62,kettlesaltpepperchips,1.01
62,kettlesaltvinegarchips,2.51
62,kitkat,1.5
62,kitkatwhitechocolate,1.42
62,laffytaffysourapple,1.03
62,laysclassic,0.98
62,layssourcreamandonion,0.96
62,layssweetsouthernheatbarbecue,2.43
62,lifesaversgummies,2.65
62,lifesaversgummiessours,2.47
62,lindtdarkchocolate,3.98
62,lindtmilkchocolate,2.01
62,mmsmilkchocolate,0.53
62,mmspeanuts,1.5
62,mmspretzel,1.5
62,mentosrainbow,2.02
62,mikeikezours,1.98
62,milanocookies,2.5
62,milkduds,1.93
62,milkyway,2.96
62,milkywaycaramel,0.98
62,milkywaydark,1.55
62,munchiesnachocheese,3.02
62,munchiespeanutbutter,1.37
62,nerdsstrawberrygrape,1.47
62,oreos,1.48
62,oreosgolden,3.03
62,pez,2.48
62,popcornersjalapeno,2.5
62,popcornwhitecheddar,3.54
62,pringlescheddar,1.02
62,pringlesoriginal,1.99
62,pringlessourcreamonion,1
62,raisinetsmilkchocolate,0.55
64,100grand,2.98
64,3musketeers,2
64,airheadsblueraspberry,1.42
64,airheadscherry,1.47
64,airheadsgreenapple,2.98
64,airheadswatermelon,2.03
64,babyruth,2.47
64,blowpopblueraspberry,2.97
64,blowpopcherry,2.97
64,blowpopsourapple,2
64,blowpopwatermelon,1.01
64,bunchacrunch,3.49
64,butterfinger,3.49
64,butterfingerbites,1.49
64,caramelapplepops,1.98
64,cheesepeanutbuttercrackers,1.51
64,cheetoscrunchy,0.99
64,cheetospuffs,0.99
64,cheezit,1.03
64,cheezitwhitecheddar,1
64,chexmixcheddar,2.51
64,chipsahoy,3.03
64,comboscheddar,0.96
64,combospizzeria,1
64,crunch,1.5
64,doritoscoolranch,1.48
64,doritosnachocheese,3
64,doritospicychili,3.01
64,dots,3
64,dovecaramelmilkchocolate,3.49
64,dovedarkchocolatebites,2
64,dovemilkpeanutbutterbites,1.02
64,fritos,1.49
64,fritosbbq,1.01
64,funyuns,2.5
64,ghirardellicaramelsquares,2.5
64,ghirardellidarkchocolatesquares,2.01
64,ghirardellimilkchocolatesquares,1.94
64,giantsweetarts,1.99
64,gobstoppers,1.55
64,goldfishcheddar,2.99
64,goobers,2.02
64,grandmaschocolatechipcookies,3.49
64,grandmasoatmealraisincookies,3.5
64,grandmaspeanutbuttercookies,2.48
64,gummywormssour,2.99
64,heathbar,2.98
64,hostesschocolatedonuts,3.49
64,hostesscupcakes,3
64,hostesspowdereddonut,3.47
64,juniorcaramels,2.98
64,juniormints,2.99
64,keeblerfudgestripes,3.02
64,keeblerrainbowcookies,2.95
64,kettlebbqchips,3.95
64,kettlejalapenochips,3.52
64,kettlesaltpepperchips,3.98
64,kettlesaltvinegarchips,1.95
64,kitkat,3
64,kitkatwhitechocolate,1.51
64,laffytaffysourapple,2.99
64,layscheesygarlicbread,3.03
64,laysclassic,3.01
64,laysdillpickle,2.49
64,layssourcreamandonion,4
64,layssweetsouthernheatbarbecue,1.53
64,lifesaversgummies,0.48
64,lifesaversgummiessours,1.04
64,lindtdarkchocolate,2.96
64,lindtmilkchocolate,3.48
64,mmsmilkchocolate,3.53
64,mmsmint,3.51
64,mmspeanuts,3.5
64,mmspretzel,1.99
64,mentosrainbow,2.97
64,mikeikezours,2.98
64,milanocookies,2.48
64,milkduds,2.48
64,milkyway,3.01
64,milkywaycaramel,3.46
64,milkywaydark,2.96
64,munchiesjalapenocheddar,3.47
64,munchiesnachocheese,1.04
64,munchiespeanutbutter,3.49
64,nerdsrope,2.97
64,oreos,3.47
64,oreosgolden,1.51
64,pez,2
64,popcornersjalapeno,1.01
64,popcornerskettle,1.47
64,popcornerswhitecheddar,1.95
64,popcornwhitecheddar,4
64,pringlescheddar,4
64,pringlessourcreamonion,3.01
64,raisinetsmilkchocolate,2.98
65,100grand,0.99
65,blowpopcherry,0.49
65,blowpopsourapple,0.99
65,blowpopwatermelon,0.49
65,bunchacrunch,0.99
65,butterfingerbites,0.49
65,cheetoscrunchy,1
65,cheetospuffs,0.99
65,cheezitwhitecheddar,0.48
65,chexmixcheddar,1
65,chexmixtraditional,0.99
65,chipsahoy,1.5
65,comboscheddar,0.49
65,combospizzeria,0.5
65,crunch,1
65,doritospicychili,1.49
65,dots,0.49
65,dovecaramelmilkchocolate,0.5
65,dovemilkpeanutbutterbites,1
65,fritos,1
65,funyuns,0.99
65,ghirardellimilkchocolatesquares,0.99
65,giantsweetarts,0.5
65,gobstoppers,1.5
65,goobers,1
65,grandmaschocolatechipcookies,1.01
65,grandmasoatmealraisincookies,1
65,grandmaspeanutbuttercookies,0.01
65,heathbar,0.99
65,hostesschocolatedonuts,0.99
65,hostesscupcakes,0.5
65,juniorcaramels,1
65,juniormints,0.01
65,keeblerfudgestripes,0.99
65,keeblerrainbowcookies,1.49
65,kettlesaltpepperchips,0.99
65,kettlesaltvinegarchips,0.5
65,kitkat,0.99
65,kitkatwhitechocolate,1
65,laffytaffysourapple,0.99
65,layscheesygarlicbread,0.5
65,laysclassic,0.5
65,laysdillpickle,1.49
65,layssourcreamandonion,0.49
65,lindtdarkchocolate,1.49
65,lindtmilkchocolate,1.49
65,mmsmilkchocolate,0.5
65,mmsmint,0.5
65,mmspeanuts,0.5
65,mmspretzel,1
65,mentosrainbow,1.99
65,mikeikezours,1.99
65,milkduds,0.49
65,milkyway,0.51
65,milkywaycaramel,0.99
65,milkywaydark,0.99
65,munchiesjalapenocheddar,0.5
65,munchiespeanutbutter,0.5
65,nerdsrope,0.49
65,nerdsstrawberrygrape,0.99
65,oreos,0.5
65,oreosgolden,1
65,popcornerskettle,1
65,popcornerswhitecheddar,0.49
65,popcornwhitecheddar,0.99
65,pringlescheddar,0.99
65,pringlesoriginal,0.5
66,100grand,0.86
66,3musketeers,1.07
66,airheadsblueraspberry,0.99
66,airheadscherry,0.98
66,airheadsgreenapple,1.03
66,airheadswatermelon,0.76
66,almondjoy,0.37
66,babyruth,0.19
66,blowpopblueraspberry,0.88
66,blowpopcherry,0.5
66,blowpopsourapple,0.72
66,blowpopwatermelon,0.26
66,bunchacrunch,0.61
66,butterfinger,0.49
66,butterfingerbites,0.88
66,caramelapplepops,0.57
66,cheesepeanutbuttercrackers,0.54
66,cheetoscrunchy,0.59
66,cheetospuffs,0.56
66,cheezit,0.51
66,cheezitwhitecheddar,0.9
66,chexmixcheddar,0.53
66,chipsahoy,0.49
66,comboscheddar,0.42
66,combospizzeria,0.41
66,crunch,0.27
66,doritoscoolranch,0.84
66,doritospicychili,0.86
66,dots,0.3
66,dovecaramelmilkchocolate,0.29
66,dovedarkchocolatebites,0.5
66,dovemilkpeanutbutterbites,0.25
66,famousamos,0.51
66,fritos,0.4
66,fritosbbq,0.7
66,funyuns,0.5
66,ghirardellicaramelsquares,0.51
66,ghirardellidarkchocolatesquares,0.36
66,ghirardellimilkchocolatesquares,1.04
66,giantsweetarts,0.51
66,gobstoppers,0.27
66,goobers,1.05
66,grandmaschocolatechipcookies,0.99
66,grandmasoatmealraisincookies,0.63
66,grandmaspeanutbuttercookies,0.33
66,heathbar,0.48
66,hostesschocolatedonuts,0.49
66,hostesscupcakes,0.77
66,hostesspowdereddonut,1
66,juniorcaramels,0.35
66,juniormints,1.04
66,kettlebbqchips,0.43
66,kettlejalapenochips,1
66,kettlesaltpepperchips,0.71
66,kettlesaltvinegarchips,0.33
66,kitkat,0.65
66,kitkatwhitechocolate,0.49
66,laffytaffysourapple,0.86
66,laysclassic,0.57
66,laysdillpickle,0.49
66,layssourcreamandonion,0.75
66,layssweetsouthernheatbarbecue,0.73
66,lifesaversgummies,0.26
66,lifesaversgummiessours,0.6
66,lindtdarkchocolate,0.3
66,lindtmilkchocolate,0.65
66,mmsmilkchocolate,0.45
66,mmsmint,0.38
66,mmspretzel,0.87
66,mentosrainbow,0.91
66,milanocookies,0.71
66,milkduds,0.39
66,milkyway,0.92
66,milkywaycaramel,0.56
66,milkywaydark,0.69
66,munchiesjalapenocheddar,0.37
66,munchiespeanutbutter,0.99
66,nerdsstrawberrygrape,1.07
66,oreos,0.88
66,oreosgolden,1.02
66,popcornersjalapeno,0.89
66,popcornerskettle,1.11
66,popcornerswhitecheddar,1.11
66,popcornwhitecheddar,1.21
66,pringlescheddar,1
66,pringlesoriginal,0.65
66,pringlessourcreamonion,1.05
66,raisinetsmilkchocolate,0.51
68,100grand,1.02
68,3musketeers,0.49
68,airheadsblueraspberry,0.51
68,airheadscherry,0.5
68,airheadsgreenapple,0.51
68,almondjoy,0.28
68,babyruth,0.25
68,blowpopcherry,0.99
68,blowpopwatermelon,1.47
68,butterfingerbites,1.27
68,caramelapplepops,1.52
68,chexmixtraditional,1.79
68,chipsahoy,1.49
68,comboscheddar,1.52
68,combospizzeria,1.01
68,crunch,1.5
68,dots,2.01
68,dovemilkpeanutbutterbites,1.53
68,goobers,2.5
68,grandmaspeanutbuttercookies,1
68,heathbar,0.77
68,hostesschocolatedonuts,2
68,juniorcaramels,0.98
68,keeblerfudgestripes,0.83
68,kettlebbqchips,0.5
68,kettlesaltvinegarchips,0.99
68,kitkat,1.53
68,laffytaffysourapple,2.02
68,layscheesygarlicbread,1.01
68,laysclassic,0.89
68,lindtdarkchocolate,1.5
68,lindtmilkchocolate,1.48
68,mmsmint,1.51
68,mmspeanuts,0.99
68,mikeikezours,3.17
68,milanocookies,0.98
68,milkduds,0.99
68,milkyway,1
68,munchiespeanutbutter,2.49
68,nerdsrope,1.01
68,nerdsstrawberrygrape,1.02
68,oreos,1
68,popcornerskettle,1.5
68,popcornerswhitecheddar,1.19
68,pringlesoriginal,2.31
68,pringlessourcreamonion,0.5
69,100grand,1.49
69,babyruth,0.48
69,blowpopblueraspberry,0.98
69,blowpopsourapple,0.53
69,butterfinger,1.5
69,cheetoscrunchy,0.99
69,chipsahoy,1.02
69,dovemilkpeanutbutterbites,0.49
69,fritosbbq,0.47
69,ghirardellimilkchocolatesquares,0.98
69,giantsweetarts,0.49
69,goldfishcheddar,1.98
69,goobers,1.48
69,grandmaschocolatechipcookies,0.48
69,grandmaspeanutbuttercookies,0.51
69,heathbar,0.99
69,hostesschocolatedonuts,1.99
69,hostesscupcakes,0.99
69,hostesspowdereddonut,0.98
69,kettlebbqchips,1.49
69,kettlesaltpepperchips,0.99
69,kettlesaltvinegarchips,0.47
69,kitkat,1.48
69,kitkatwhitechocolate,1.49
69,laffytaffysourapple,1.01
69,layscheesygarlicbread,2.05
69,laysclassic,0.5
69,lindtmilkchocolate,0.49
69,mmsmilkchocolate,0.97
69,mmsmint,0.98
69,mmspeanuts,1
69,mmspretzel,0.5
69,mentosrainbow,1.52
69,milkyway,0.98
69,milkywaycaramel,1.01
69,milkywaydark,0.98
69,munchiesjalapenocheddar,1.5
69,munchiespeanutbutter,0.96
69,oreos,1.04
69,popcornersjalapeno,0.49
69,popcornerskettle,0.48
69,popcornerswhitecheddar,0.51
69,pringlescheddar,1
69,pringlesoriginal,1.02
69,raisinetsmilkchocolate,0.51
70,airheadsblueraspberry,0.49
70,airheadscherry,0.5
70,airheadswatermelon,2.5
70,almondjoy,0.98
70,babyruth,0.5
70,blowpopcherry,0.5
70,blowpopsourapple,2.5
70,blowpopwatermelon,1.98
70,bunchacrunch,1.49
70,butterfinger,1.49
70,butterfingerbites,0.95
70,caramelapplepops,1
70,cheesepeanutbuttercrackers,1.49
70,cheetoscrunchy,0.99
70,cheezitwhitecheddar,2.99
70,chexmixcheddar,1.48
70,chexmixtraditional,1.5
70,chipsahoy,1.49
70,comboscheddar,3.46
70,combospizzeria,3.48
70,crunch,3.49
70,doritoscoolranch,1.5
70,doritosnachocheese,1.53
70,doritospicychili,1.01
70,dots,3.5
70,dovecaramelmilkchocolate,3.49
70,dovedarkchocolatebites,0.99
70,dovemilkpeanutbutterbites,2.49
70,famousamos,1.98
70,fritos,1
70,funyuns,2.99
70,ghirardellimilkchocolatesquares,2.48
70,goldfishcheddar,1.98
70,goobers,1.49
70,grandmaschocolatechipcookies,3.01
70,grandmasoatmealraisincookies,2.49
70,gummywormssour,1.98
70,heathbar,1.49
70,hostesscupcakes,0.51
70,hostesspowdereddonut,0.99
70,juniorcaramels,2.99
70,juniormints,1.98
70,keeblerfudgestripes,2.48
70,keeblerrainbowcookies,2.99
70,kettlejalapenochips,0.98
70,kettlesaltpepperchips,2.49
70,kettlesaltvinegarchips,1.99
70,kitkat,2.5
70,laffytaffysourapple,2.48
70,laysclassic,1.5
70,laysdillpickle,2.49
70,layssourcreamandonion,2.47
70,layssweetsouthernheatbarbecue,1.49
70,lifesaversgummies,2.5
70,lifesaversgummiessours,1.71
70,lindtdarkchocolate,1.52
70,lindtmilkchocolate,1.99
70,mmsmilkchocolate,1.25
70,mmspeanuts,1.48
70,mmspretzel,2
70,mentosrainbow,2.49
70,mikeikezours,2.49
70,milanocookies,3
70,milkduds,2.97
70,milkywaycaramel,2.49
70,milkywaydark,2.5
70,munchiesjalapenocheddar,2
70,munchiesnachocheese,1.52
70,munchiespeanutbutter,0.99
70,oreos,1.5
70,oreosgolden,1.5
70,pez,1.49
70,popcornwhitecheddar,4
70,pringlescheddar,2.5
70,pringlesoriginal,1.99
70,pringlessourcreamonion,0.99
70,raisinetsmilkchocolate,1.51
71,3musketeers,0.59
71,airheadsblueraspberry,0.56
71,airheadscherry,0.47
71,airheadsgreenapple,0.5
71,almondjoy,0.56
71,babyruth,0.53
71,bunchacrunch,1.49
71,butterfinger,1.57
71,butterfingerbites,1.53
71,cheesepeanutbuttercrackers,2.03
71,cheetoscrunchy,2.06
71,cheezitwhitecheddar,0.53
71,chexmixcheddar,1.61
71,chexmixtraditional,1.49
71,chipsahoy,1.94
71,crunch,1.47
71,doritoscoolranch,1.04
71,doritosnachocheese,1.6
71,doritospicychili,1.49
71,dovedarkchocolatebites,1.06
71,famousamos,1.16
71,funyuns,1.48
71,giantsweetarts,1.01
71,goobers,1.52
71,grandmaschocolatechipcookies,1.44
71,grandmasoatmealraisincookies,1.04
71,grandmaspeanutbuttercookies,0.54
71,gummywormssour,1.54
71,heathbar,1.61
71,hostesschocolatedonuts,1.47
71,hostesscupcakes,0.99
71,hostesspowdereddonut,1.51
71,juniorcaramels,1.14
71,keeblerfudgestripes,1.49
71,kettlebbqchips,1.1
71,kettlejalapenochips,1.53
71,kettlesaltvinegarchips,1.03
71,kitkat,1.11
71,layscheesygarlicbread,2.01
71,laysclassic,0.99
71,laysdillpickle,1.43
71,layssourcreamandonion,1.56
71,lindtdarkchocolate,1.1
71,lindtmilkchocolate,1.04
71,mmspretzel,0.57
71,mikeikezours,2
71,milanocookies,1.1
71,milkduds,1.04
71,milkyway,1.57
71,milkywaycaramel,1.08
71,munchiespeanutbutter,1.04
71,nerdsrope,1.48
71,nerdsstrawberrygrape,1.52
71,oreos,1.08
71,pez,1.5
71,popcornersjalapeno,1.55
71,popcornerskettle,1.09
71,popcornerswhitecheddar,0.57
71,pringlescheddar,1.11
72,100grand,1.47
72,3musketeers,0.54
72,airheadscherry,0.5
72,airheadsgreenapple,0.6
72,almondjoy,0.57
72,babyruth,0.44
72,blowpopblueraspberry,1.63
72,blowpopwatermelon,1.98
72,bunchacrunch,2
72,butterfinger,2.07
72,butterfingerbites,2.03
72,caramelapplepops,2.59
72,cheesepeanutbuttercrackers,3.1
72,cheetoscrunchy,2.95
72,cheetospuffs,2.59
72,cheezitwhitecheddar,2.01
72,chexmixtraditional,1.45
72,chipsahoy,2.54
72,comboscheddar,0.56
72,combospizzeria,1.1
72,crunch,2.63
72,doritoscoolranch,1.98
72,doritosnachocheese,2.51
72,dots,1.03
72,dovecaramelmilkchocolate,0.56
72,dovemilkpeanutbutterbites,3.09
72,famousamos,3.04
72,funyuns,1.53
72,ghirardellimilkchocolatesquares,2.54
72,giantsweetarts,2.48
72,goobers,2.51
72,grandmaschocolatechipcookies,1.53
72,grandmasoatmealraisincookies,1.6
72,grandmaspeanutbuttercookies,0.56
72,gummywormssour,1.55
72,heathbar,2.64
72,hostesschocolatedonuts,2.54
72,hostesscupcakes,1.51
72,hostesspowdereddonut,1.54
72,juniorcaramels,1.51
72,juniormints,2.07
72,keeblerfudgestripes,1.52
72,kettlebbqchips,0.95
72,kettlejalapenochips,2.01
72,kettlesaltvinegarchips,1.04
72,kitkat,1.46
72,kitkatwhitechocolate,1.5
72,layscheesygarlicbread,2.62
72,laysclassic,1.41
72,laysdillpickle,2.07
72,layssourcreamandonion,3
72,layssweetsouthernheatbarbecue,2.57
72,lifesaversgummies,2.57
72,lindtdarkchocolate,1.48
72,lindtmilkchocolate,1.54
72,mmspretzel,2.56
72,mentosrainbow,3.06
72,mikeikezours,2.14
72,milkduds,2.09
72,milkyway,1.53
72,munchiespeanutbutter,2.03
72,nerdsrope,1.96
72,nerdsstrawberrygrape,1.96
72,oreos,1.54
72,oreosgolden,2.57
72,pez,2.54
72,popcornersjalapeno,2.56
72,popcornerskettle,1.47
72,popcornerswhitecheddar,1.15
72,pringlescheddar,1.07
72,pringlessourcreamonion,1.54
72,raisinetsmilkchocolate,1.48
73,100grand,1.5
73,airheadswatermelon,0.52
73,blowpopblueraspberry,1.02
73,blowpopcherry,1.48
73,blowpopsourapple,1.27
73,blowpopwatermelon,0.99
73,bunchacrunch,1.49
73,butterfingerbites,1.5
73,caramelapplepops,0.98
73,cheesepeanutbuttercrackers,1.45
73,cheetoscrunchy,1.21
73,cheetospuffs,1.49
73,cheezit,1.17
73,cheezitwhitecheddar,0.99
73,chexmixtraditional,1.98
73,chipsahoy,1.52
73,comboscheddar,0.51
73,combospizzeria,0.99
73,crunch,0.99
73,doritoscoolranch,0.5
73,doritosnachocheese,1.5
73,doritospicychili,0.96
73,dots,1.5
73,dovecaramelmilkchocolate,1.49
73,famousamos,1
73,fritos,0.99
73,fritosbbq,0.55
73,funyuns,1.01
73,ghirardellicaramelsquares,1.01
73,ghirardellidarkchocolatesquares,1
73,ghirardellimilkchocolatesquares,0.54
73,giantsweetarts,1.61
73,gobstoppers,1
73,goobers,2.03
73,grandmaschocolatechipcookies,1.46
73,grandmasoatmealraisincookies,1.51
73,gummywormssour,1.49
73,hostesscupcakes,0.97
73,hostesspowdereddonut,1.49
73,juniorcaramels,0.98
73,juniormints,1.5
73,keeblerfudgestripes,1.1
73,keeblerrainbowcookies,1.49
73,kettlebbqchips,0.53
73,kettlesaltpepperchips,0.99
73,kettlesaltvinegarchips,0.48
73,kitkat,1.07
73,kitkatwhitechocolate,1.27
73,laffytaffysourapple,1.02
73,laysdillpickle,2.01
73,layssourcreamandonion,1.97
73,lifesaversgummies,1.04
73,lifesaversgummiessours,1.49
73,lindtdarkchocolate,1.47
73,lindtmilkchocolate,1.5
73,mmsmilkchocolate,0.99
73,mmsmint,1
73,mmspeanuts,0.99
73,mmspretzel,1.02
73,mentosrainbow,0.99
73,mikeikezours,1.59
73,milkduds,0.99
73,milkyway,1.01
73,milkywaycaramel,1.53
73,milkywaydark,1.05
73,munchiesjalapenocheddar,1.49
73,munchiesnachocheese,0.5
73,munchiespeanutbutter,1.51
73,oreos,1.49
73,oreosgolden,1.53
73,pez,1.52
73,popcornersjalapeno,1.5
73,popcornerskettle,1.49
73,popcornerswhitecheddar,1.49
73,popcornwhitecheddar,2.99
73,pringlescheddar,1.46
73,pringlesoriginal,1.5
73,raisinetsmilkchocolate,1.49
74,doritospicychili,1.1
74,dots,0.62
74,dovecaramelmilkchocolate,0.49
74,dovemilkpeanutbutterbites,0.51
74,fritos,1.01
74,grandmasoatmealraisincookies,0.54
74,hostesspowdereddonut,1.05
74,milkywaydark,0.58
74,nerdsrope,0.54
74,pez,1
74,popcornwhitecheddar,1
75,airheadswatermelon,0.47
75,blowpopcherry,0.25
75,blowpopsourapple,1.11
75,blowpopwatermelon,2.22
75,butterfingerbites,1.95
75,caramelapplepops,0.96
75,cheesepeanutbuttercrackers,1.99
75,cheetoscrunchy,1.58
75,chipsahoy,0.34
75,comboscheddar,0.48
75,doritoscoolranch,0.4
75,dots,0.31
75,keeblerfudgestripes,1.98
75,kettlejalapenochips,1.01
75,laysclassic,0.22
75,layssourcreamandonion,0.66
75,layssweetsouthernheatbarbecue,0.27
75,lifesaversgummies,0.72
75,lifesaversgummiessours,0.45
75,lindtmilkchocolate,0.78
75,mmsmilkchocolate,1.51
75,mmsmint,0.64
75,mmspeanuts,1.52
75,mmspretzel,1.83
75,mentosrainbow,0.98
75,mikeikezours,0.24
75,milanocookies,0.55
75,milkduds,0.49
75,milkyway,1.2
75,munchiesjalapenocheddar,0.5
75,munchiespeanutbutter,0.54
75,oreosgolden,0.78
75,pez,0.14
75,popcornersjalapeno,0.65
75,pringlesoriginal,0.16
75,raisinetsmilkchocolate,0.11
78,3musketeers,1.02
78,airheadsblueraspberry,1.07
78,airheadscherry,1.16
78,airheadsgreenapple,1.09
78,almondjoy,0.53
78,babyruth,0.99
78,blowpopblueraspberry,1.49
78,bunchacrunch,1.5
78,butterfinger,1.02
78,butterfingerbites,1.43
78,caramelapplepops,0.5
78,cheesepeanutbuttercrackers,1.04
78,cheetoscrunchy,1.5
78,cheezitwhitecheddar,0.51
78,chexmixcheddar,0.96
78,chexmixtraditional,1.49
78,chipsahoy,1.53
78,comboscheddar,1.01
78,doritoscoolranch,1.29
78,doritosnachocheese,1.47
78,doritospicychili,0.99
78,dovecaramelmilkchocolate,0.55
78,dovedarkchocolatebites,1.48
78,fritosbbq,1.51
78,ghirardellimilkchocolatesquares,1.75
78,goobers,1.99
78,grandmaschocolatechipcookies,1.5
78,grandmasoatmealraisincookies,1.53
78,gummywormssour,1.97
78,heathbar,1.41
78,hostesschocolatedonuts,1.2
78,hostesscupcakes,1.47
78,hostesspowdereddonut,1.41
78,juniorcaramels,1.38
78,juniormints,1.49
78,keeblerfudgestripes,1.56
78,keeblerrainbowcookies,0.98
78,kettlebbqchips,1.48
78,kettlejalapenochips,1.58
78,kitkatwhitechocolate,1.04
78,laffytaffysourapple,1.06
78,layscheesygarlicbread,2.42
78,laysclassic,1.53
78,laysdillpickle,1
78,layssourcreamandonion,1.48
78,lifesaversgummies,2.16
78,lindtdarkchocolate,2.48
78,lindtmilkchocolate,2.2
78,mmsmilkchocolate,1.12
78,mmsmint,0.57
78,mentosrainbow,0.94
78,mikeikezours,1.41
78,milanocookies,1.55
78,milkduds,2
78,milkyway,1.51
78,milkywaycaramel,0.99
78,milkywaydark,1
78,munchiesnachocheese,0.53
78,munchiespeanutbutter,1.5
78,nerdsrope,1.94
78,nerdsstrawberrygrape,1.76
78,oreos,1.52
78,oreosgolden,1.52
78,pez,1.51
78,popcornersjalapeno,1
78,popcornerskettle,0.52
78,popcornerswhitecheddar,1.05
78,popcornwhitecheddar,2.97
78,pringlescheddar,1.64
78,pringlessourcreamonion,1.76
78,raisinetsmilkchocolate,1.49
79,100grand,2.02
79,3musketeers,1.03
79,airheadscherry,1.5
79,airheadsgreenapple,0.48
79,airheadswatermelon,3.47
79,almondjoy,0.5
79,babyruth,0.51
79,blowpopblueraspberry,1.5
79,blowpopcherry,2.01
79,blowpopsourapple,2.04
79,blowpopwatermelon,2
79,bunchacrunch,2.96
79,butterfinger,1.02
79,butterfingerbites,2.48
79,caramelapplepops,2.54
79,cheesepeanutbuttercrackers,1.97
79,cheetoscrunchy,2.03
79,cheetospuffs,0.95
79,cheezit,2.02
79,cheezitwhitecheddar,2.02
79,chexmixcheddar,1.57
79,chexmixtraditional,2.51
79,chipsahoy,1.97
79,comboscheddar,0.51
79,combospizzeria,0.54
79,crunch,1
79,doritoscoolranch,3.99
79,doritosnachocheese,2.96
79,doritospicychili,2.51
79,dots,1.03
79,dovecaramelmilkchocolate,1.1
79,dovedarkchocolatebites,1
79,dovemilkpeanutbutterbites,0.54
79,fritos,0.51
79,fritosbbq,1
79,funyuns,1.53
79,ghirardellicaramelsquares,3.05
79,ghirardellidarkchocolatesquares,3.57
79,ghirardellimilkchocolatesquares,1.02
79,giantsweetarts,0.99
79,gobstoppers,0.99
79,goldfishcheddar,2.5
79,goobers,1.54
79,grandmaschocolatechipcookies,3.49
79,grandmasoatmealraisincookies,3.43
79,grandmaspeanutbuttercookies,1.04
79,gummywormssour,3.56
79,heathbar,2.46
79,hostesschocolatedonuts,1.5
79,hostesscupcakes,2.53
79,hostesspowdereddonut,1.99
79,juniorcaramels,3.02
79,juniormints,3.46
79,keeblerfudgestripes,1.49
79,keeblerrainbowcookies,1.52
79,kettlebbqchips,3
79,kettlejalapenochips,1.54
79,kettlesaltpepperchips,2.05
79,kettlesaltvinegarchips,1.53
79,kitkat,2.54
79,kitkatwhitechocolate,2.51
79,laffytaffysourapple,2.5
79,laysclassic,3.11
79,laysdillpickle,1.99
79,layssourcreamandonion,1.97
79,layssweetsouthernheatbarbecue,1.47
79,lifesaversgummies,1.49
79,lifesaversgummiessours,1.96
79,lindtdarkchocolate,2.98
79,lindtmilkchocolate,2.5
79,mmsmilkchocolate,1.5
79,mmsmint,2.46
79,mmspeanuts,2.53
79,mikeikezours,2.5
79,milanocookies,3.5
79,milkduds,3
79,milkyway,1.52
79,milkywaycaramel,1.52
79,milkywaydark,1.98
79,munchiesnachocheese,1.01
79,munchiespeanutbutter,2.49
79,nerdsrope,1.49
79,nerdsstrawberrygrape,1.45
79,oreos,2.48
79,pez,2.47
79,popcornersjalapeno,1.59
79,popcornerskettle,2.42
79,popcornerswhitecheddar,2.59
79,popcornwhitecheddar,2.95
79,pringlescheddar,1.96
79,pringlesoriginal,1.52
81,100grand,0.5
81,airheadscherry,0.5
81,airheadsgreenapple,0.48
81,airheadswatermelon,0.74
81,almondjoy,0.27
81,babyruth,0.24
81,blowpopblueraspberry,1.48
81,blowpopcherry,1
81,blowpopsourapple,1.51
81,blowpopwatermelon,0.73
81,bunchacrunch,1.98
81,butterfinger,1.51
81,butterfingerbites,0.98
81,caramelapplepops,1
81,cheesepeanutbuttercrackers,1.01
81,cheetoscrunchy,0.84
81,cheetospuffs,0.5
81,cheezit,0.48
81,cheezitwhitecheddar,0.76
81,chexmixcheddar,1
81,chexmixtraditional,1.5
81,chipsahoy,1.47
81,comboscheddar,0.51
81,combospizzeria,0.51
81,crunch,1.48
81,doritoscoolranch,1.5
81,doritosnachocheese,1.5
81,doritospicychili,1.01
81,dovemilkpeanutbutterbites,0.99
81,famousamos,0.84
81,fritos,1.02
81,fritosbbq,1
81,funyuns,1.48
81,ghirardellicaramelsquares,0.98
81,ghirardellidarkchocolatesquares,1.49
81,giantsweetarts,1
81,gobstoppers,0.75
81,goldfishcheddar,1.49
81,goobers,1.49
81,grandmaschocolatechipcookies,0.99
81,grandmasoatmealraisincookies,0.48
81,grandmaspeanutbuttercookies,0.35
81,heathbar,1
81,juniorcaramels,1
81,juniormints,0.98
81,keeblerfudgestripes,0.98
81,kettlesaltpepperchips,0.98
81,kettlesaltvinegarchips,0.99
81,kitkat,0.01
81,kitkatwhitechocolate,0.99
81,laffytaffysourapple,1
81,layscheesygarlicbread,0.47
81,laysdillpickle,2.02
81,layssourcreamandonion,1.01
81,layssweetsouthernheatbarbecue,1
81,lifesaversgummies,1.02
81,lifesaversgummiessours,0.98
81,lindtdarkchocolate,1.46
81,mmsmilkchocolate,0.47
81,mmsmint,0.98
81,mmspeanuts,1
81,mmspretzel,0.5
81,mentosrainbow,0.99
81,mikeikezours,1.5
81,milanocookies,1
81,milkduds,0.99
81,milkyway,0.99
81,milkywaycaramel,0.99
81,milkywaydark,1.01
81,munchiesjalapenocheddar,0.48
81,munchiesnachocheese,1.98
81,munchiespeanutbutter,0.48
81,nerdsrope,0.5
81,nerdsstrawberrygrape,0.48
81,oreos,0.99
81,oreosgolden,1.51
81,pez,1.01
81,popcornerswhitecheddar,0.98
81,popcornwhitecheddar,1.98
81,pringlescheddar,1.02
81,pringlesoriginal,0.99
82,100grand,1.5
82,3musketeers,1.01
82,airheadsblueraspberry,0.99
82,airheadscherry,1
82,airheadsgreenapple,0.99
82,airheadswatermelon,1.49
82,almondjoy,1.01
82,babyruth,1
82,blowpopcherry,1.5
82,blowpopsourapple,2.02
82,blowpopwatermelon,1.5
82,bunchacrunch,2.99
82,butterfinger,3
82,butterfingerbites,2
82,caramelapplepops,2.5
82,cheesepeanutbuttercrackers,2.5
82,cheetoscrunchy,2.5
82,cheezit,1.99
82,cheezitwhitecheddar,1
82,chexmixcheddar,3.49
82,chexmixtraditional,3.01
82,chipsahoy,3
82,comboscheddar,0.51
82,combospizzeria,0.5
82,crunch,2.01
82,doritoscoolranch,3.49
82,doritospicychili,3.48
82,dots,3.01
82,dovedarkchocolatebites,1
82,dovemilkpeanutbutterbites,1.99
82,fritos,2.48
82,fritosbbq,0.99
82,funyuns,1.49
82,gobstoppers,1.99
82,goldfishcheddar,3.98
82,goobers,3.99
82,grandmaschocolatechipcookies,1.5
82,grandmaspeanutbuttercookies,0.99
82,gummywormssour,2.99
82,hostesschocolatedonuts,2.98
82,hostesscupcakes,1.98
82,hostesspowdereddonut,2
82,juniorcaramels,1.49
82,juniormints,1.49
82,keeblerfudgestripes,1.49
82,keeblerrainbowcookies,1.49
82,kettlebbqchips,1.01
82,kettlejalapenochips,2
82,kettlesaltpepperchips,1.52
82,kitkat,1.48
82,kitkatwhitechocolate,1.49
82,laffytaffysourapple,1.52
82,laysclassic,1.5
82,laysdillpickle,2.99
82,layssourcreamandonion,2.5
82,layssweetsouthernheatbarbecue,2.98
82,lifesaversgummies,2.99
82,lifesaversgummiessours,2.98
82,lindtdarkchocolate,2.48
82,lindtmilkchocolate,3
82,mmsmilkchocolate,1.51
82,mmsmint,1.49
82,mmspeanuts,2
82,mmspretzel,2.98
82,mentosrainbow,3.49
82,milanocookies,1.5
82,milkyway,1.47
82,milkywaycaramel,1.49
82,milkywaydark,1.5
82,munchiesjalapenocheddar,1.49
82,munchiesnachocheese,1.99
82,munchiespeanutbutter,2
82,nerdsrope,2
82,nerdsstrawberrygrape,1.5
82,oreos,1.48
82,oreosgolden,2.99
82,pez,3.5
82,popcornersjalapeno,3.49
82,popcornerskettle,1.98
82,popcornerswhitecheddar,2
82,pringlescheddar,1.5
82,pringlesoriginal,1.52
82,raisinetsmilkchocolate,1.5
84,100grand,0.99
84,3musketeers,0.48
84,airheadsblueraspberry,0.49
84,airheadscherry,0.48
84,airheadsgreenapple,0.5
84,blowpopcherry,0.99
84,blowpopsourapple,1.47
84,blowpopwatermelon,0.99
84,bunchacrunch,1.49
84,butterfinger,1.52
84,butterfingerbites,1.49
84,caramelapplepops,0.98
84,cheesepeanutbuttercrackers,0.99
84,cheetoscrunchy,0.98
84,cheetospuffs,1.5
84,cheezitwhitecheddar,1.49
84,chexmixcheddar,0.99
84,chexmixtraditional,1.49
84,chipsahoy,1.5
84,comboscheddar,0.5
84,combospizzeria,1
84,crunch,1.49
84,doritoscoolranch,0.99
84,doritosnachocheese,1.49
84,doritospicychili,1.01
84,dots,0.48
84,dovecaramelmilkchocolate,0.5
84,dovemilkpeanutbutterbites,1.05
84,famousamos,1
84,fritosbbq,1.49
84,funyuns,1.5
84,ghirardellicaramelsquares,2
84,ghirardellidarkchocolatesquares,1.98
84,ghirardellimilkchocolatesquares,1.5
84,giantsweetarts,1.98
84,gobstoppers,2.01
84,goldfishcheddar,0.98
84,goobers,1.49
84,grandmaschocolatechipcookies,1.52
84,grandmasoatmealraisincookies,1.98
84,grandmaspeanutbuttercookies,0.47
84,gummywormssour,1.49
84,heathbar,0.99
84,hostesschocolatedonuts,0.98
84,hostesspowdereddonut,1.5
84,juniormints,2.01
84,keeblerfudgestripes,1.47
84,keeblerrainbowcookies,0.98
84,kettlebbqchips,1.5
84,kettlejalapenochips,1.49
84,kettlesaltpepperchips,1.97
84,kitkat,0.99
84,kitkatwhitechocolate,1.49
84,laffytaffysourapple,1
84,laysdillpickle,1.99
84,layssourcreamandonion,1.49
84,lindtdarkchocolate,1.5
84,lindtmilkchocolate,1.51
84,mmsmilkchocolate,2
84,mmsmint,1.49
84,mmspeanuts,1.5
84,mmspretzel,1.01
84,mentosrainbow,1
84,mikeikezours,0.99
84,milanocookies,1.5
84,milkduds,1.49
84,milkyway,1.5
84,milkywaycaramel,0.95
84,milkywaydark,0.99
84,munchiesjalapenocheddar,1.01
84,munchiespeanutbutter,1.5
84,nerdsrope,0.99
84,oreos,1.5
84,oreosgolden,1.5
84,pez,1.49
84,popcornersjalapeno,0.98
84,popcornerswhitecheddar,1.48
84,popcornwhitecheddar,1.99
84,pringlescheddar,1.5
84,pringlesoriginal,1.52
84,pringlessourcreamonion,2.99
84,raisinetsmilkchocolate,1.01
85,3musketeers,0.51
85,airheadsgreenapple,0.51
85,bunchacrunch,2
85,butterfinger,0.01
85,butterfingerbites,1
85,doritospicychili,1.49
85,funyuns,0.01
85,ghirardellimilkchocolatesquares,1.03
85,goldfishcheddar,2.01
85,goobers,1.48
85,grandmaschocolatechipcookies,0.99
85,grandmasoatmealraisincookies,1.01
85,gummywormssour,1.5
85,heathbar,1.5
85,hostesschocolatedonuts,1.49
85,juniorcaramels,0.49
85,juniormints,1
85,keeblerfudgestripes,0.53
85,keeblerrainbowcookies,0.5
85,kettlebbqchips,0.53
85,laysdillpickle,1.51
85,layssourcreamandonion,1.5
85,lifesaversgummiessours,0.01
85,lindtdarkchocolate,1.99
85,lindtmilkchocolate,1.01
85,mmsmint,0.99
85,mmspretzel,1.01
85,mikeikezours,1.99
85,milkduds,0.99
85,milkywaycaramel,1.01
85,milkywaydark,0.99
85,munchiesjalapenocheddar,0.97
85,munchiesnachocheese,1.46
85,oreos,0.51
85,pez,0.5
85,pringlescheddar,0.95
85,pringlesoriginal,0.51
85,raisinetsmilkchocolate,1
86,100grand,0.48
86,airheadswatermelon,1.01
86,blowpopblueraspberry,1
86,blowpopcherry,0.99
86,blowpopsourapple,1.5
86,blowpopwatermelon,0.49
86,bunchacrunch,1.48
86,butterfinger,1.99
86,butterfingerbites,1.5
86,cheesepeanutbuttercrackers,2.49
86,cheetoscrunchy,1.98
86,cheetospuffs,0.99
86,cheezitwhitecheddar,0.98
86,chipsahoy,0.99
86,combospizzeria,0.5
86,crunch,1.49
86,doritoscoolranch,1.49
86,doritosnachocheese,1
86,doritospicychili,1
86,dovecaramelmilkchocolate,0.49
86,dovemilkpeanutbutterbites,1.48
86,fritos,0.99
86,fritosbbq,1.48
86,ghirardellicaramelsquares,3
86,ghirardellidarkchocolatesquares,2.99
86,giantsweetarts,1.99
86,gobstoppers,2.49
86,grandmaschocolatechipcookies,1.49
86,gummywormssour,2
86,heathbar,1
86,hostesscupcakes,0.99
86,juniorcaramels,0.49
86,keeblerfudgestripes,1.99
86,keeblerrainbowcookies,0.5
86,kettlesaltpepperchips,1.48
86,kitkat,0.5
86,layssourcreamandonion,2.48
86,lifesaversgummiessours,1
86,lindtdarkchocolate,2.02
86,lindtmilkchocolate,2
86,mmsmilkchocolate,2.48
86,mmsmint,2
86,mmspeanuts,1.5
86,mmspretzel,1
86,mentosrainbow,0.5
86,milanocookies,0.99
86,milkduds,0.5
86,milkyway,0.48
86,milkywaycaramel,1.5
86,milkywaydark,0.49
86,munchiesjalapenocheddar,0.99
86,munchiespeanutbutter,0.99
86,nerdsrope,0.5
86,nerdsstrawberrygrape,0.48
86,oreosgolden,1.51
86,pez,0.51
86,popcornerskettle,0.48
86,popcornerswhitecheddar,0.48
86,popcornwhitecheddar,2
86,pringlescheddar,1.5
86,pringlesoriginal,1.99
86,pringlessourcreamonion,0.5
88,3musketeers,1.05
88,airheadsblueraspberry,0.48
88,airheadscherry,0.54
88,airheadsgreenapple,0.98
88,babyruth,0.02
88,blowpopwatermelon,0.02
88,bunchacrunch,0.97
88,butterfinger,0.99
88,cheesepeanutbuttercrackers,1.01
88,cheetoscrunchy,1.03
88,cheetospuffs,0.98
88,cheezitwhitecheddar,0.49
88,chexmixcheddar,1.47
88,chexmixtraditional,1.59
88,chipsahoy,1.45
88,crunch,0.99
88,doritospicychili,0.98
88,dovecaramelmilkchocolate,0.52
88,dovemilkpeanutbutterbites,1.09
88,famousamos,0.99
88,ghirardellidarkchocolatesquares,0.49
88,gobstoppers,1.02
88,grandmaspeanutbuttercookies,0.53
88,heathbar,1.05
88,hostesscupcakes,1.01
88,hostesspowdereddonut,0.54
88,kettlebbqchips,0.03
88,layssourcreamandonion,1
88,layssweetsouthernheatbarbecue,0.01
88,lindtdarkchocolate,0.56
88,lindtmilkchocolate,0.48
88,mentosrainbow,1.5
88,mikeikezours,0.95
88,milkyway,0.8
88,munchiesnachocheese,0.02
88,munchiespeanutbutter,0.98
88,nerdsrope,1.49
88,nerdsstrawberrygrape,1.01
88,oreosgolden,1.53
88,popcornersjalapeno,1.51
88,pringlescheddar,1.48
88,raisinetsmilkchocolate,0.02
89,100grand,2.47
89,airheadscherry,0.48
89,airheadsgreenapple,0.51
89,airheadswatermelon,0.03
89,almondjoy,0.03
89,babyruth,0.53
89,blowpopblueraspberry,0.97
89,blowpopcherry,1.53
89,blowpopsourapple,1.47
89,bunchacrunch,2.06
89,butterfinger,2.48
89,butterfingerbites,0.48
89,cheezitwhitecheddar,1.46
89,chexmixcheddar,0.57
89,chexmixtraditional,0.54
89,chipsahoy,0.57
89,comboscheddar,0.45
89,combospizzeria,0.56
89,crunch,1.1
89,doritosnachocheese,1.14
89,doritospicychili,0.48
89,dots,1.05
89,dovecaramelmilkchocolate,1.55
89,dovedarkchocolatebites,1.48
89,dovemilkpeanutbutterbites,1.03
89,fritos,1.03
89,fritosbbq,0.5
89,funyuns,0.53
89,ghirardellicaramelsquares,2.57
89,ghirardellidarkchocolatesquares,2.93
89,ghirardellimilkchocolatesquares,2.42
89,goobers,1.01
89,grandmaschocolatechipcookies,1.47
89,heathbar,1.03
89,hostesschocolatedonuts,0.54
89,hostesscupcakes,0.53
89,hostesspowdereddonut,3.05
89,keeblerfudgestripes,1.12
89,kettlebbqchips,1.99
89,kettlejalapenochips,1.03
89,kettlesaltpepperchips,2.01
89,kettlesaltvinegarchips,1.5
89,kitkat,2.11
89,kitkatwhitechocolate,1.43
89,laffytaffysourapple,1.98
89,laysclassic,0.02
89,laysdillpickle,0.54
89,layssourcreamandonion,2.52
89,layssweetsouthernheatbarbecue,2.05
89,lifesaversgummies,2.56
89,lifesaversgummiessours,2.54
89,lindtdarkchocolate,1.55
89,lindtmilkchocolate,2.61
89,mmsmilkchocolate,0.96
89,mmsmint,1.5
89,mmspeanuts,1.08
89,mmspretzel,0.56
89,mentosrainbow,1.5
89,mikeikezours,1
89,milanocookies,1.62
89,milkduds,1.61
89,milkyway,1.55
89,milkywaycaramel,1.51
89,milkywaydark,2.06
89,munchiesjalapenocheddar,1.06
89,munchiespeanutbutter,1.99
89,nerdsstrawberrygrape,0.03
89,oreos,1.43
89,oreosgolden,2.04
89,pez,2.53
89,popcornersjalapeno,2.47
89,popcornerswhitecheddar,0.06
89,popcornwhitecheddar,3.45
89,pringlescheddar,2.45
89,pringlesoriginal,0.53
89,pringlessourcreamonion,1.95
89,raisinetsmilkchocolate,1.02
90,100grand,1.99
90,3musketeers,0.53
90,airheadsblueraspberry,0.99
90,airheadscherry,0.52
90,airheadsgreenapple,0.5
90,airheadswatermelon,2.96
90,babyruth,1.52
90,blowpopblueraspberry,2.58
90,blowpopcherry,1.49
90,blowpopsourapple,1.98
90,blowpopwatermelon,2.51
90,bunchacrunch,2
90,butterfinger,2.5
90,butterfingerbites,1.55
90,cheesepeanutbuttercrackers,3
90,cheetoscrunchy,3.01
90,cheetospuffs,2.49
90,cheezit,2.99
90,cheezitwhitecheddar,2.02
90,chexmixcheddar,2.49
90,chexmixtraditional,2
90,chipsahoy,2.48
90,comboscheddar,3.05
90,combospizzeria,2.48
90,crunch,2.96
90,doritoscoolranch,2.5
90,doritosnachocheese,2.98
90,doritospicychili,3
90,dots,2.97
90,dovecaramelmilkchocolate,2.99
90,dovedarkchocolatebites,2.97
90,dovemilkpeanutbutterbites,1.98
90,famousamos,2.99
90,fritos,2
90,fritosbbq,2.93
90,funyuns,3.49
90,ghirardellicaramelsquares,2.49
90,ghirardellidarkchocolatesquares,2
90,ghirardellimilkchocolatesquares,3.02
90,giantsweetarts,1.96
90,gobstoppers,2.02
90,goldfishcheddar,3.5
90,goobers,2.51
90,grandmasoatmealraisincookies,2.97
90,grandmaspeanutbuttercookies,1.04
90,gummywormssour,3
90,heathbar,3.49
90,hostesschocolatedonuts,1.98
90,hostesscupcakes,1.99
90,hostesspowdereddonut,2.53
90,juniorcaramels,3.45
90,juniormints,3.49
90,keeblerfudgestripes,1.98
90,keeblerrainbowcookies,1.98
90,kettlebbqchips,2.49
90,kettlesaltpepperchips,2.98
90,kitkat,1.5
90,kitkatwhitechocolate,1.56
90,laffytaffysourapple,2.01
90,layscheesygarlicbread,2
90,laysclassic,1.48
90,laysdillpickle,2
90,layssourcreamandonion,2.48
90,layssweetsouthernheatbarbecue,2.1
90,lifesaversgummies,2.5
90,lifesaversgummiessours,2.52
90,lindtdarkchocolate,3.01
90,lindtmilkchocolate,2.5
90,mmsmilkchocolate,1.48
90,mmsmint,1.51
90,mmspeanuts,1.52
90,mmspretzel,2.01
90,mentosrainbow,3.47
90,mikeikezours,2.46
90,milanocookies,1.99
90,milkduds,2
90,milkyway,1.54
90,milkywaycaramel,1.48
90,milkywaydark,1.5
90,munchiesjalapenocheddar,1.53
90,munchiesnachocheese,2.98
90,munchiespeanutbutter,3.49
90,nerdsrope,2.98
90,nerdsstrawberrygrape,2.51
90,oreos,1.5
90,oreosgolden,2.5
90,pez,2.5
90,popcornersjalapeno,3.01
90,popcornerskettle,3.77
90,popcornerswhitecheddar,3.51
90,popcornwhitecheddar,2.98
90,pringlescheddar,2.44
90,pringlesoriginal,2
90,pringlessourcreamonion,3.48
90,raisinetsmilkchocolate,3
91,100grand,0.99
91,3musketeers,0.5
91,airheadsblueraspberry,0.5
91,airheadscherry,0.5
91,airheadsgreenapple,0.48
91,airheadswatermelon,0.99
91,almondjoy,0.52
91,babyruth,0.47
91,blowpopblueraspberry,1.01
91,blowpopcherry,1.48
91,blowpopsourapple,1.49
91,blowpopwatermelon,1.01
91,bunchacrunch,1.49
91,butterfinger,1.01
91,butterfingerbites,1.01
91,cheesepeanutbuttercrackers,1
91,cheetoscrunchy,0.99
91,cheetospuffs,1.47
91,cheezit,1.02
91,cheezitwhitecheddar,1.98
91,chexmixcheddar,0.99
91,combospizzeria,1.99
91,crunch,1.99
91,doritoscoolranch,1
91,dovecaramelmilkchocolate,2.02
91,dovedarkchocolatebites,0.99
91,dovemilkpeanutbutterbites,1.5
91,famousamos,1.49
91,fritos,1.01
91,fritosbbq,1.49
91,funyuns,1.99
91,ghirardellimilkchocolatesquares,0.99
91,giantsweetarts,0.99
91,gobstoppers,1.5
91,goldfishcheddar,0.48
91,grandmaschocolatechipcookies,1.45
91,grandmasoatmealraisincookies,1.47
91,grandmaspeanutbuttercookies,0.49
91,heathbar,1.98
91,hostesschocolatedonuts,0.99
91,hostesscupcakes,0.57
91,hostesspowdereddonut,0.5
91,juniorcaramels,1.49
91,juniormints,1.01
91,keeblerfudgestripes,1.01
91,keeblerrainbowcookies,1.02
91,kettlesaltpepperchips,1.5
91,kettlesaltvinegarchips,1.51
91,kitkatwhitechocolate,1.52
91,laffytaffysourapple,1.5
91,laysclassic,0.42
91,layssweetsouthernheatbarbecue,1
91,lifesaversgummiessours,1
91,lindtdarkchocolate,0.99
91,lindtmilkchocolate,1.48
91,mmsmint,1
91,mmspeanuts,1.02
91,mikeikezours,0.99
91,milanocookies,0.98
91,milkduds,0.98
91,milkyway,0.99
91,milkywaydark,1.49
91,munchiesjalapenocheddar,1.49
91,munchiespeanutbutter,0.48
91,nerdsrope,0.48
91,oreos,0.5
91,oreosgolden,0.99
91,pez,0.99
91,popcornerskettle,0.5
91,popcornerswhitecheddar,0.53
91,popcornwhitecheddar,2.5
91,pringlescheddar,1.98
91,pringlesoriginal,1.49
91,pringlessourcreamonion,0.98
91,raisinetsmilkchocolate,1.01
92,100grand,1.5
92,airheadsblueraspberry,0.41
92,airheadscherry,0.09
92,airheadsgreenapple,0.55
92,airheadswatermelon,1
92,almondjoy,0.54
92,blowpopblueraspberry,1.02
92,blowpopcherry,0.56
92,blowpopsourapple,1.01
92,blowpopwatermelon,0.97
92,bunchacrunch,1.1
92,butterfinger,0.74
92,butterfingerbites,0.51
92,caramelapplepops,1.68
92,cheesepeanutbuttercrackers,0.91
92,cheetoscrunchy,0.55
92,cheezit,1.05
92,cheezitwhitecheddar,1.52
92,chexmixcheddar,1.03
92,chexmixtraditional,0.95
92,chipsahoy,0.96
92,comboscheddar,1.5
92,combospizzeria,1.44
92,crunch,0.98
92,doritoscoolranch,1.01
92,doritosnachocheese,0.46
92,doritospicychili,1.52
92,dots,2.02
92,dovecaramelmilkchocolate,1.5
92,dovedarkchocolatebites,0.05
92,dovemilkpeanutbutterbites,1.4
92,famousamos,0.51
92,fritos,0.46
92,fritosbbq,1.02
92,funyuns,1.56
92,ghirardellicaramelsquares,1.45
92,ghirardellidarkchocolatesquares,1.47
92,ghirardellimilkchocolatesquares,1.01
92,giantsweetarts,1.04
92,gobstoppers,0.97
92,goldfishcheddar,1
92,goobers,0.94
92,grandmaschocolatechipcookies,1.54
92,grandmasoatmealraisincookies,1.5
92,grandmaspeanutbuttercookies,0.49
92,gummywormssour,1.53
92,heathbar,0.8
92,hostesschocolatedonuts,0.98
92,hostesscupcakes,1.07
92,juniorcaramels,1.07
92,keeblerfudgestripes,0.64
92,keeblerrainbowcookies,1.01
92,kettlejalapenochips,0.61
92,kettlesaltpepperchips,1.85
92,kettlesaltvinegarchips,0.48
92,kitkat,1.02
92,kitkatwhitechocolate,1.02
92,laffytaffysourapple,0.54
92,layscheesygarlicbread,0.2
92,laysclassic,0.56
92,layssourcreamandonion,1.07
92,layssweetsouthernheatbarbecue,1
92,lifesaversgummiessours,1.02
92,lindtdarkchocolate,1.05
92,lindtmilkchocolate,0.54
92,mmsmilkchocolate,0.99
92,mmsmint,0.51
92,mmspeanuts,0.47
92,mmspretzel,1.02
92,mentosrainbow,1
92,mikeikezours,0.99
92,milanocookies,0.55
92,milkduds,0.49
92,milkyway,0.5
92,milkywaycaramel,1.02
92,milkywaydark,0.52
92,nerdsrope,0.46
92,nerdsstrawberrygrape,0.5
92,oreosgolden,0.99
92,pez,1.48
92,popcornersjalapeno,1
92,popcornerskettle,0.97
92,popcornerswhitecheddar,0.98
92,popcornwhitecheddar,2.02
92,pringlescheddar,1.52
92,pringlesoriginal,1.5
92,pringlessourcreamonion,0.42
92,raisinetsmilkchocolate,0.5
93,100grand,1.99
93,airheadswatermelon,1
93,blowpopblueraspberry,2
93,blowpopwatermelon,2.03
93,cheesepeanutbuttercrackers,1.46
93,cheetoscrunchy,1.5
93,cheetospuffs,1.62
93,cheezit,0.5
93,cheezitwhitecheddar,2.49
93,chexmixcheddar,0.51
93,chexmixtraditional,2.01
93,chipsahoy,1
93,comboscheddar,0.51
93,combospizzeria,0.5
93,crunch,1.98
93,doritoscoolranch,2
93,doritosnachocheese,1.48
93,doritospicychili,1.51
93,dots,0.48
93,dovecaramelmilkchocolate,0.44
93,dovemilkpeanutbutterbites,0.98
93,famousamos,0.99
93,fritos,1.92
93,funyuns,0.5
93,ghirardellicaramelsquares,1.44
93,ghirardellidarkchocolatesquares,1.52
93,gobstoppers,1.47
93,goldfishcheddar,1.97
93,goobers,2.51
93,grandmaschocolatechipcookies,2.01
93,grandmasoatmealraisincookies,1.5
93,gummywormssour,1.51
93,heathbar,1.49
93,hostesschocolatedonuts,2.03
93,hostesscupcakes,0.51
93,juniorcaramels,0.52
93,juniormints,0.54
93,keeblerfudgestripes,2
93,keeblerrainbowcookies,2.01
93,kettlejalapenochips,0.05
93,kettlesaltpepperchips,3
93,kitkat,2
93,kitkatwhitechocolate,0.51
93,laffytaffysourapple,2
93,laysdillpickle,2.51
93,layssweetsouthernheatbarbecue,1.03
93,lifesaversgummies,2.53
93,lifesaversgummiessours,0.98
93,lindtmilkchocolate,2.03
93,mmsmilkchocolate,2.49
93,mmsmint,2.48
93,mmspeanuts,1.02
93,mmspretzel,1.98
93,mentosrainbow,2.01
93,milanocookies,0.55
93,milkduds,0.02
93,milkywaycaramel,1.52
93,milkywaydark,0.99
93,munchiesnachocheese,1.47
93,munchiespeanutbutter,0.5
93,nerdsrope,0.5
93,nerdsstrawberrygrape,0.5
93,oreosgolden,1
93,popcornersjalapeno,2.01
93,popcornerskettle,0.5
93,popcornerswhitecheddar,0.53
93,popcornwhitecheddar,2
93,pringlescheddar,2
93,pringlesoriginal,2.04
93,raisinetsmilkchocolate,0.99
94,100grand,1.18
94,3musketeers,0.21
94,airheadsblueraspberry,0.24
94,airheadscherry,0.26
94,airheadsgreenapple,0.51
94,airheadswatermelon,2
94,almondjoy,0.27
94,babyruth,0.49
94,blowpopblueraspberry,1.71
94,blowpopcherry,1.46
94,blowpopsourapple,2.21
94,blowpopwatermelon,1.28
94,bunchacrunch,1.72
94,butterfinger,1.5
94,butterfingerbites,1.2
94,caramelapplepops,1.7
94,cheesepeanutbuttercrackers,1.49
94,cheetoscrunchy,2.98
94,cheetospuffs,1.2
94,cheezitwhitecheddar,1.51
94,chipsahoy,2
94,comboscheddar,1.01
94,combospizzeria,0.36
94,crunch,0.99
94,doritoscoolranch,1.5
94,doritosnachocheese,1.26
94,doritospicychili,1.51
94,dots,0.98
94,dovecaramelmilkchocolate,0.5
94,dovemilkpeanutbutterbites,1.03
94,famousamos,0.98
94,fritos,0.99
94,fritosbbq,1.32
94,ghirardellicaramelsquares,1.98
94,ghirardellidarkchocolatesquares,1.68
94,giantsweetarts,1.24
94,gobstoppers,1.02
94,goldfishcheddar,1.72
94,goobers,1.11
94,grandmaschocolatechipcookies,1.3
94,grandmaspeanutbuttercookies,0.16
94,gummywormssour,2.23
94,heathbar,1.47
94,hostesscupcakes,1.52
94,juniorcaramels,1.22
94,juniormints,1.96
94,keeblerfudgestripes,1.5
94,keeblerrainbowcookies,1
94,kettlebbqchips,1.45
94,kettlejalapenochips,0.99
94,kettlesaltpepperchips,0.74
94,kitkat,0.82
94,laffytaffysourapple,1.27
94,layscheesygarlicbread,1.98
94,laysclassic,1.25
94,layssourcreamandonion,1.5
94,layssweetsouthernheatbarbecue,1.02
94,lifesaversgummies,1.61
94,lifesaversgummiessours,1.26
94,lindtdarkchocolate,1.67
94,lindtmilkchocolate,0.81
94,mmsmilkchocolate,1.51
94,mmspeanuts,1.5
94,mentosrainbow,1.49
94,mikeikezours,1.38
94,milanocookies,2.01
94,milkduds,1.27
94,milkyway,1.48
94,milkywaycaramel,1.24
94,milkywaydark,2
94,munchiesjalapenocheddar,1.34
94,munchiesnachocheese,3.25
94,munchiespeanutbutter,1.31
94,nerdsrope,1.47
94,nerdsstrawberrygrape,1
94,oreos,0.95
94,oreosgolden,1.98
94,pez,1.23
94,popcornersjalapeno,1.22
94,popcornerskettle,1.25
94,popcornwhitecheddar,2
94,pringlesoriginal,1.3
94,pringlessourcreamonion,0.98
94,raisinetsmilkchocolate,1.97
95,100grand,1
95,airheadsblueraspberry,0.48
95,airheadscherry,0.49
95,airheadswatermelon,1.5
95,almondjoy,0.5
95,babyruth,0.51
95,blowpopblueraspberry,0.5
95,blowpopcherry,0.51
95,blowpopsourapple,0.98
95,blowpopwatermelon,0.99
95,bunchacrunch,0.48
95,butterfingerbites,0.99
95,caramelapplepops,1
95,cheesepeanutbuttercrackers,1.01
95,cheetoscrunchy,1.49
95,cheetospuffs,0.98
95,cheezitwhitecheddar,1.01
95,chexmixcheddar,1
95,comboscheddar,0.49
95,combospizzeria,1.52
95,crunch,1.02
95,doritoscoolranch,0.48
95,doritosnachocheese,0.51
95,doritospicychili,0.51
95,dots,2
95,dovecaramelmilkchocolate,2
95,dovemilkpeanutbutterbites,1.49
95,famousamos,1.01
95,fritos,0.49
95,fritosbbq,0.96
95,funyuns,1.99
95,ghirardellimilkchocolatesquares,1.51
95,giantsweetarts,1
95,gobstoppers,1.01
95,goldfishcheddar,0.5
95,grandmaschocolatechipcookies,0.99
95,grandmasoatmealraisincookies,2
95,gummywormssour,0.5
95,heathbar,0.49
95,hostesschocolatedonuts,1.49
95,hostesscupcakes,0.5
95,hostesspowdereddonut,0.49
95,juniorcaramels,0.5
95,juniormints,1.51
95,keeblerfudgestripes,0.5
95,keeblerrainbowcookies,1
95,kettlebbqchips,0.5
95,kettlesaltpepperchips,1.99
95,kettlesaltvinegarchips,1.51
95,kitkat,1.5
95,kitkatwhitechocolate,1.48
95,laffytaffysourapple,1.01
95,layscheesygarlicbread,1.01
95,laysclassic,0.5
95,laysdillpickle,1.5
95,layssourcreamandonion,1.5
95,layssweetsouthernheatbarbecue,1.49
95,lifesaversgummiessours,1
95,lindtdarkchocolate,0.99
95,mmsmint,0.5
95,mmspeanuts,0.48
95,mmspretzel,0.5
95,mentosrainbow,0.49
95,milanocookies,0.01
95,milkduds,0.5
95,milkyway,1.01
95,milkywaycaramel,1.99
95,milkywaydark,1.5
95,munchiesjalapenocheddar,1.03
95,munchiesnachocheese,1.01
95,nerdsrope,0.99
95,oreos,1
95,oreosgolden,1.5
95,popcornersjalapeno,1.5
95,popcornwhitecheddar,2
95,pringlescheddar,0.98
95,pringlessourcreamonion,0.5
95,raisinetsmilkchocolate,0.51
96,100grand,0.49
96,airheadswatermelon,0.75
96,blowpopcherry,0.5
96,blowpopwatermelon,0.17
96,butterfingerbites,0.99
96,caramelapplepops,0.98
96,cheesepeanutbuttercrackers,1
96,cheetoscrunchy,0.99
96,cheetospuffs,0.49
96,cheezit,0.24
96,cheezitwhitecheddar,0.52
96,chexmixcheddar,0.98
96,chexmixtraditional,1.02
96,chipsahoy,0.96
96,comboscheddar,0.5
96,combospizzeria,0.5
96,crunch,0.75
96,doritoscoolranch,0.99
96,doritosnachocheese,1.25
96,doritospicychili,0.99
96,dots,0.25
96,dovecaramelmilkchocolate,0.25
96,dovedarkchocolatebites,0.97
96,famousamos,0.5
96,fritos,1.25
96,fritosbbq,0.5
96,funyuns,0.76
96,ghirardellicaramelsquares,0.38
96,ghirardellidarkchocolatesquares,0.26
96,giantsweetarts,0.51
96,gobstoppers,0.51
96,goldfishcheddar,1.01
96,goobers,0.99
96,grandmaschocolatechipcookies,0.99
96,grandmasoatmealraisincookies,1.01
96,gummywormssour,1.02
96,heathbar,1.02
96,hostesschocolatedonuts,1
96,hostesscupcakes,0.99
96,hostesspowdereddonut,1.24
96,juniorcaramels,0.77
96,juniormints,0.5
96,keeblerfudgestripes,0.81
96,keeblerrainbowcookies,0.77
96,kettlebbqchips,0.5
96,kettlejalapenochips,0.81
96,kettlesaltpepperchips,0.75
96,kitkat,0.51
96,laffytaffysourapple,0.49
96,layscheesygarlicbread,0.85
96,laysclassic,0.51
96,laysdillpickle,1.23
96,layssourcreamandonion,0.99
96,layssweetsouthernheatbarbecue,0.99
96,lifesaversgummies,0.8
96,lindtdarkchocolate,1.19
96,lindtmilkchocolate,1.25
96,mmsmilkchocolate,0.5
96,mmsmint,1
96,mmspeanuts,0.81
96,mmspretzel,0.75
96,mentosrainbow,1
96,mikeikezours,0.99
96,milkduds,0.76
96,milkyway,0.78
96,milkywaydark,0.78
96,munchiesjalapenocheddar,0.74
96,munchiespeanutbutter,0.75
96,nerdsrope,1
96,nerdsstrawberrygrape,0.81
96,oreosgolden,0.98
96,pez,0.98
96,popcornersjalapeno,0.97
96,popcornerskettle,0.78
96,popcornerswhitecheddar,0.75
96,pringlescheddar,0.51
96,pringlesoriginal,0.75
96,pringlessourcreamonion,0.51
96,raisinetsmilkchocolate,0.49
97,100grand,1.05
97,3musketeers,1
97,airheadsblueraspberry,0.98
97,airheadscherry,0.99
97,almondjoy,1.47
97,babyruth,0.98
97,blowpopcherry,0.97
97,blowpopsourapple,0.99
97,blowpopwatermelon,1.48
97,butterfinger,1.5
97,butterfingerbites,2
97,caramelapplepops,1.99
97,cheesepeanutbuttercrackers,2.51
97,cheetoscrunchy,2.01
97,cheetospuffs,1.47
97,cheezitwhitecheddar,1
97,chexmixcheddar,2
97,chexmixtraditional,1.51
97,chipsahoy,1.98
97,crunch,1.49
97,doritosnachocheese,1.97
97,doritospicychili,1.48
97,dovecaramelmilkchocolate,0.98
97,dovedarkchocolatebites,1.98
97,dovemilkpeanutbutterbites,0.99
97,fritos,1.01
97,funyuns,1.99
97,giantsweetarts,1
97,gobstoppers,1.98
97,goldfishcheddar,1.5
97,goobers,1.51
97,grandmaschocolatechipcookies,1.5
97,grandmasoatmealraisincookies,1.49
97,grandmaspeanutbuttercookies,0.49
97,gummywormssour,1.49
97,heathbar,1.02
97,hostesschocolatedonuts,2
97,hostesspowdereddonut,0.97
97,juniorcaramels,0.99
97,keeblerrainbowcookies,1.49
97,kettlejalapenochips,2.03
97,kettlesaltpepperchips,0.99
97,kettlesaltvinegarchips,1.48
97,kitkat,1.01
97,kitkatwhitechocolate,0.99
97,layssourcreamandonion,1.5
97,lifesaversgummies,1.5
97,lifesaversgummiessours,1.49
97,lindtdarkchocolate,1.49
97,lindtmilkchocolate,1.52
97,mmsmint,1.47
97,mmspeanuts,1.01
97,mmspretzel,1.5
97,mentosrainbow,2
97,mikeikezours,2
97,milkduds,0.98
97,milkywaycaramel,0.99
97,milkywaydark,1
97,munchiesjalapenocheddar,1.5
97,munchiesnachocheese,0.99
97,munchiespeanutbutter,2.5
97,nerdsrope,0.96
97,nerdsstrawberrygrape,1.46
97,oreos,1.5
97,oreosgolden,0.98
97,pez,1
97,popcornersjalapeno,1.51
97,popcornwhitecheddar,1.01
97,pringlescheddar,0.99
97,pringlesoriginal,1.49
97,pringlessourcreamonion,1.97
98,100grand,0.67
98,3musketeers,0.32
98,airheadsblueraspberry,0.36
98,airheadscherry,0.18
98,airheadswatermelon,1.2
98,almondjoy,0.09
98,babyruth,0.08
98,blowpopblueraspberry,1.49
98,blowpopcherry,0.91
98,blowpopwatermelon,0.65
98,bunchacrunch,0.9
98,butterfinger,0.73
98,cheesepeanutbuttercrackers,0.49
98,cheetoscrunchy,1.33
98,cheetospuffs,1.33
98,cheezit,0.47
98,cheezitwhitecheddar,1.71
98,chexmixcheddar,0.95
98,chexmixtraditional,1.26
98,chipsahoy,0.92
98,combospizzeria,1.24
98,crunch,1.79
98,doritosnachocheese,0.84
98,dots,1.37
98,dovecaramelmilkchocolate,2
98,dovedarkchocolatebites,0.23
98,dovemilkpeanutbutterbites,1.59
98,famousamos,1.14
98,fritos,1.32
98,fritosbbq,1.23
98,funyuns,1.2
98,ghirardellicaramelsquares,1
98,ghirardellidarkchocolatesquares,0.94
98,ghirardellimilkchocolatesquares,0.82
98,giantsweetarts,0.98
98,gobstoppers,0.88
98,goldfishcheddar,1.5
98,goobers,1.07
98,grandmaschocolatechipcookies,1.65
98,grandmasoatmealraisincookies,1.64
98,gummywormssour,0.99
98,heathbar,1.11
98,hostesschocolatedonuts,1.31
98,juniorcaramels,0.51
98,kettlebbqchips,0.78
98,kettlesaltpepperchips,1.2
98,kettlesaltvinegarchips,0.82
98,kitkat,1.22
98,kitkatwhitechocolate,1.12
98,laffytaffysourapple,0.84
98,laysclassic,0.8
98,laysdillpickle,0.76
98,layssourcreamandonion,0.78
98,lifesaversgummies,1.19
98,lindtdarkchocolate,1.82
98,lindtmilkchocolate,1.59
98,mmsmilkchocolate,1.15
98,mmsmint,1.51
98,mmspeanuts,0.66
98,mmspretzel,0.98
98,mikeikezours,0.9
98,milanocookies,0.87
98,milkyway,0.28
98,milkywaycaramel,0.91
98,milkywaydark,0.99
98,munchiesjalapenocheddar,0.42
98,nerdsrope,0.38
98,nerdsstrawberrygrape,0.74
98,oreos,0.26
98,popcornersjalapeno,0.93
98,popcornwhitecheddar,1.17
98,pringlescheddar,1.32
98,pringlesoriginal,1.4
98,pringlessourcreamonion,0.34
99,100grand,1.48
99,3musketeers,0.49
99,airheadsblueraspberry,0.48
99,airheadscherry,0.5
99,airheadsgreenapple,0.49
99,airheadswatermelon,0.5
99,almondjoy,0.5
99,babyruth,0.51
99,blowpopblueraspberry,1.5
99,blowpopcherry,0.99
99,blowpopsourapple,1
99,blowpopwatermelon,0.5
99,cheetoscrunchy,0.99
99,cheetospuffs,2.5
99,cheezitwhitecheddar,2
99,combospizzeria,1.5
99,crunch,2.99
99,doritoscoolranch,3.49
99,doritosnachocheese,0.49
99,doritospicychili,0.51
99,dots,1.99
99,dovecaramelmilkchocolate,1.99
99,dovedarkchocolatebites,1
99,dovemilkpeanutbutterbites,1.5
99,famousamos,1.49
99,fritos,0.99
99,fritosbbq,0.99
99,funyuns,2.48
99,ghirardellicaramelsquares,1.5
99,ghirardellidarkchocolatesquares,1.99
99,ghirardellimilkchocolatesquares,1.49
99,giantsweetarts,1.49
99,gobstoppers,1.5
99,goobers,1.5
99,grandmaschocolatechipcookies,2.98
99,grandmasoatmealraisincookies,0.98
99,gummywormssour,0.5
99,heathbar,2
99,hostesschocolatedonuts,2.98
99,hostesscupcakes,2
99,hostesspowdereddonut,2.99
99,juniorcaramels,2.99
99,juniormints,0.5
99,keeblerfudgestripes,1.99
99,keeblerrainbowcookies,1.49
99,kettlebbqchips,0.99
99,kettlejalapenochips,1.99
99,kettlesaltvinegarchips,0.99
99,kitkat,1.99
99,kitkatwhitechocolate,2
99,laffytaffysourapple,0.99
99,layscheesygarlicbread,2.01
99,laysclassic,2
99,laysdillpickle,2.5
99,lifesaversgummies,0.5
99,lindtmilkchocolate,2
99,mmsmilkchocolate,2.5
99,mmsmint,2.99
99,mmspretzel,2
99,mentosrainbow,1
99,milanocookies,3.49
99,milkduds,3.49
99,milkyway,3.5
99,milkywaycaramel,2.48
99,milkywaydark,0.5
99,munchiesjalapenocheddar,2.01
99,munchiespeanutbutter,3.99
99,nerdsrope,2.99
99,nerdsstrawberrygrape,2.99
99,oreos,2.99
99,popcornersjalapeno,0.49
99,popcornerskettle,2.5
99,popcornerswhitecheddar,2.99
99,popcornwhitecheddar,2.98
99,pringlescheddar,1.99
99,pringlesoriginal,2
99,pringlessourcreamonion,2
99,raisinetsmilkchocolate,0.5
100,blowpopblueraspberry,1.48
100,blowpopcherry,0.47
100,blowpopwatermelon,0.77
100,bunchacrunch,0.99
100,butterfingerbites,0.5
100,caramelapplepops,0.99
100,cheesepeanutbuttercrackers,1
100,cheetoscrunchy,0.98
100,cheetospuffs,0.78
100,cheezit,1.5
100,cheezitwhitecheddar,1.11
100,chexmixtraditional,1.01
100,chipsahoy,1.21
100,comboscheddar,1.47
100,combospizzeria,1
100,crunch,0.8
100,doritosnachocheese,1.26
100,doritospicychili,0.99
100,dots,1.51
100,dovemilkpeanutbutterbites,1.2
100,famousamos,1.26
100,fritos,1.13
100,funyuns,0.98
100,ghirardellicaramelsquares,1
100,ghirardellidarkchocolatesquares,0.99
100,giantsweetarts,0.89
100,gobstoppers,0.75
100,goobers,1.25
100,grandmaschocolatechipcookies,1.01
100,grandmasoatmealraisincookies,0.99
100,gummywormssour,1
100,heathbar,0.99
100,hostesschocolatedonuts,0.98
100,juniorcaramels,1
100,juniormints,1.25
100,keeblerfudgestripes,0.99
100,keeblerrainbowcookies,0.99
100,kettlesaltpepperchips,1.5
100,kettlesaltvinegarchips,0.76
100,kitkat,0.5
100,laffytaffysourapple,0.9
100,layscheesygarlicbread,0.27
100,layssourcreamandonion,1.26
100,lifesaversgummies,1.2
100,lifesaversgummiessours,0.99
100,lindtdarkchocolate,1.23
100,lindtmilkchocolate,0.99
100,mmsmilkchocolate,0.5
100,mmsmint,0.67
100,mmspeanuts,0.76
100,mmspretzel,0.78
100,mentosrainbow,0.48
100,mikeikezours,1
100,milanocookies,1
100,milkduds,0.5
100,milkyway,0.65
100,milkywaycaramel,0.94
100,milkywaydark,0.99
100,munchiesjalapenocheddar,0.99
100,munchiespeanutbutter,0.73
100,nerdsstrawberrygrape,0.75
100,oreosgolden,0.87
100,pez,0.68
100,popcornwhitecheddar,1.5
100,pringlescheddar,1.01
100,pringlesoriginal,0.99
101,100grand,1.5
101,3musketeers,1.49
101,airheadsblueraspberry,0.99
101,airheadscherry,1.49
101,airheadsgreenapple,1.5
101,butterfinger,2
101,butterfingerbites,3.49
101,caramelapplepops,2.99
101,cheesepeanutbuttercrackers,3.49
101,chipsahoy,2.49
101,comboscheddar,0.48
101,crunch,1.5
101,doritospicychili,2
101,dots,2.49
101,dovecaramelmilkchocolate,1.5
101,dovemilkpeanutbutterbites,2.5
101,funyuns,0.99
101,giantsweetarts,2.48
101,goldfishcheddar,2.99
101,goobers,3.49
101,gummywormssour,3
101,heathbar,2
101,hostesscupcakes,2.5
101,hostesspowdereddonut,2.47
101,kettlebbqchips,2
101,kettlejalapenochips,2.49
101,kettlesaltpepperchips,1.99
101,layssourcreamandonion,2.99
101,layssweetsouthernheatbarbecue,3.49
101,lifesaversgummies,3.48
101,lifesaversgummiessours,3.48
101,lindtmilkchocolate,1.99
101,mikeikezours,1.99
101,milkyway,1.5
101,munchiespeanutbutter,1.99
101,nerdsrope,2.5
101,nerdsstrawberrygrape,2.48
101,popcornerskettle,1.5
101,popcornerswhitecheddar,1.51
101,popcornwhitecheddar,2.48
101,pringlescheddar,1.49
101,pringlessourcreamonion,1.98
101,raisinetsmilkchocolate,1.5
102,blowpopcherry,1.09
102,blowpopwatermelon,1.06
102,bunchacrunch,1.01
102,butterfinger,1.5
102,butterfingerbites,1.1
102,caramelapplepops,1.03
102,cheesepeanutbuttercrackers,1.5
102,cheetoscrunchy,2
102,chexmixcheddar,1.5
102,chexmixtraditional,1.52
102,chipsahoy,1.11
102,crunch,1.51
102,doritoscoolranch,1.47
102,doritosnachocheese,1.43
102,doritospicychili,1.47
102,dovedarkchocolatebites,1
102,dovemilkpeanutbutterbites,1.46
102,famousamos,1.08
102,fritos,1.54
102,ghirardellicaramelsquares,1.49
102,ghirardellidarkchocolatesquares,1.51
102,goldfishcheddar,1.46
102,goobers,1.94
102,grandmaschocolatechipcookies,1.07
102,grandmasoatmealraisincookies,1.02
102,gummywormssour,1.05
102,heathbar,1.53
102,hostesscupcakes,0.99
102,hostesspowdereddonut,0.95
102,juniormints,0.93
102,keeblerfudgestripes,1.01
102,kettlebbqchips,1.08
102,kettlesaltpepperchips,1.45
102,kitkat,1.08
102,kitkatwhitechocolate,0.91
102,layscheesygarlicbread,1.05
102,laysdillpickle,1.04
102,layssourcreamandonion,1.53
102,layssweetsouthernheatbarbecue,2.05
102,lifesaversgummies,1.97
102,lifesaversgummiessours,1.98
102,lindtdarkchocolate,1.09
102,lindtmilkchocolate,1.02
102,mmsmilkchocolate,0.98
102,mmsmint,0.96
102,mikeikezours,1.51
102,munchiesnachocheese,2.05
102,nerdsrope,1.05
102,nerdsstrawberrygrape,0.97
102,oreos,0.54
102,oreosgolden,1.49
102,pez,1.56
102,popcornersjalapeno,1.57
102,popcornwhitecheddar,1.99
102,pringlesoriginal,0.94
103,airheadsblueraspberry,0.47
103,airheadscherry,0.5
103,almondjoy,0.51
103,babyruth,0.21
103,blowpopsourapple,1.5
103,blowpopwatermelon,0.46
103,bunchacrunch,0.99
103,butterfinger,1.99
103,butterfingerbites,1.51
103,cheesepeanutbuttercrackers,1
103,cheetoscrunchy,0.99
103,cheezitwhitecheddar,1.49
103,chipsahoy,1.48
103,crunch,1.99
103,doritoscoolranch,0.98
103,doritospicychili,1.49
103,dovemilkpeanutbutterbites,0.96
103,funyuns,0.99
103,ghirardellidarkchocolatesquares,1.49
103,giantsweetarts,1.98
103,gobstoppers,1.01
103,goldfishcheddar,2
103,goobers,1.49
103,grandmaschocolatechipcookies,1.97
103,heathbar,0.95
103,juniorcaramels,0.99
103,keeblerfudgestripes,1.52
103,keeblerrainbowcookies,2.01
103,kettlesaltpepperchips,2.49
103,laysclassic,0.42
103,layssourcreamandonion,2
103,layssweetsouthernheatbarbecue,1.5
103,lifesaversgummies,1.95
103,lifesaversgummiessours,0.98
103,lindtdarkchocolate,0.98
103,lindtmilkchocolate,0.5
103,mmsmint,1.51
103,mmspeanuts,0.42
103,mmspretzel,0.48
103,mikeikezours,0.99
103,milanocookies,1.49
103,milkduds,0.97
103,milkywaycaramel,2.5
103,munchiespeanutbutter,1.03
103,nerdsrope,0.98
103,nerdsstrawberrygrape,0.98
103,oreos,0.17
103,popcornerskettle,0.42
103,popcornerswhitecheddar,0.42
103,pringlescheddar,2.5
103,pringlessourcreamonion,0.48
104,100grand,1.02
104,3musketeers,0.08
104,airheadsblueraspberry,0.46
104,airheadscherry,0.01
104,airheadsgreenapple,0.41
104,airheadswatermelon,1.98
104,almondjoy,0.02
104,babyruth,0.05
104,blowpopblueraspberry,0.57
104,blowpopsourapple,0.15
104,bunchacrunch,0.99
104,butterfingerbites,0.58
104,caramelapplepops,0.96
104,cheesepeanutbuttercrackers,0.98
104,cheetoscrunchy,1.08
104,cheetospuffs,0.61
104,cheezit,0.04
104,cheezitwhitecheddar,0.57
104,chexmixcheddar,2
104,chexmixtraditional,1.56
104,chipsahoy,1.45
104,comboscheddar,1.55
104,crunch,0.48
104,doritosnachocheese,1.07
104,doritospicychili,2.55
104,dots,1.05
104,dovecaramelmilkchocolate,1.58
104,dovedarkchocolatebites,0.09
104,dovemilkpeanutbutterbites,0.98
104,famousamos,0.59
104,fritos,0.99
104,fritosbbq,0.52
104,funyuns,1.56
104,ghirardellicaramelsquares,0.08
104,ghirardellidarkchocolatesquares,0.05
104,ghirardellimilkchocolatesquares,0.14
104,giantsweetarts,0.5
104,gobstoppers,0.57
104,goldfishcheddar,2.01
104,goobers,1.07
104,grandmaschocolatechipcookies,1.04
104,grandmasoatmealraisincookies,0.99
104,grandmaspeanutbuttercookies,0.12
104,gummywormssour,2
104,heathbar,1.07
104,hostesspowdereddonut,0.02
104,juniorcaramels,1.12
104,juniormints,1.51
104,keeblerrainbowcookies,2.55
104,kettlebbqchips,0.99
104,kettlejalapenochips,0.12
104,kettlesaltpepperchips,2.05
104,kettlesaltvinegarchips,0.01
104,kitkat,1.52
104,laffytaffysourapple,2.07
104,layscheesygarlicbread,0.13
104,laysclassic,0.01
104,laysdillpickle,0.52
104,layssourcreamandonion,3
104,layssweetsouthernheatbarbecue,3.55
104,lifesaversgummies,2
104,lifesaversgummiessours,3.05
104,lindtdarkchocolate,1.49
104,lindtmilkchocolate,1.62
104,mmsmilkchocolate,1.51
104,mmspeanuts,1.06
104,mmspretzel,0.5
104,mentosrainbow,1.12
104,mikeikezours,0.92
104,milanocookies,1
104,milkduds,1.14
104,milkyway,0.99
104,milkywaycaramel,2.44
104,milkywaydark,2.47
104,munchiesjalapenocheddar,2.02
104,munchiespeanutbutter,0.57
104,nerdsrope,0.52
104,nerdsstrawberrygrape,0.01
104,oreos,1.06
104,pez,1.05
104,popcornersjalapeno,1.1
104,pringlescheddar,0.49
104,pringlesoriginal,1.08
104,pringlessourcreamonion,0.05
104,raisinetsmilkchocolate,1.12
105,100grand,1.49
105,airheadswatermelon,1.49
105,almondjoy,0.49
105,babyruth,0.48
105,blowpopblueraspberry,2.98
105,blowpopcherry,1.51
105,blowpopwatermelon,2.02
105,bunchacrunch,3.99
105,butterfinger,3.99
105,butterfingerbites,3.48
105,caramelapplepops,3.48
105,cheesepeanutbuttercrackers,3
105,cheetoscrunchy,2.99
105,cheetospuffs,2.52
105,cheezit,2.01
105,cheezitwhitecheddar,1.99
105,chexmixcheddar,3.01
105,chexmixtraditional,3.5
105,chipsahoy,3.49
105,comboscheddar,0.51
105,combospizzeria,0.5
105,doritoscoolranch,4
105,doritosnachocheese,3.98
105,doritospicychili,3
105,dots,1
105,dovecaramelmilkchocolate,0.51
105,dovemilkpeanutbutterbites,3
105,fritos,1.49
105,funyuns,2.51
105,ghirardellidarkchocolatesquares,2.01
105,giantsweetarts,1.52
105,goldfishcheddar,3.98
105,goobers,3.99
105,grandmaschocolatechipcookies,2.98
105,grandmasoatmealraisincookies,2.47
105,gummywormssour,4
105,heathbar,3.5
105,hostesschocolatedonuts,4
105,hostesscupcakes,1.5
105,juniorcaramels,1.98
105,keeblerfudgestripes,2
105,keeblerrainbowcookies,2
105,kettlebbqchips,1.01
105,kettlesaltvinegarchips,1.99
105,kitkat,1.02
105,kitkatwhitechocolate,1.01
105,laffytaffysourapple,1.5
105,laysclassic,0.76
105,laysdillpickle,3.49
105,layssourcreamandonion,3.49
105,layssweetsouthernheatbarbecue,2.98
105,lifesaversgummiessours,3.99
105,lindtdarkchocolate,3.49
105,lindtmilkchocolate,2.98
105,mmsmilkchocolate,1.51
105,mmsmint,2.51
105,mmspeanuts,1.01
105,mentosrainbow,3.5
105,mikeikezours,3.98
105,milanocookies,1.99
105,milkduds,1.98
105,milkyway,1.5
105,milkywaycaramel,1.49
105,milkywaydark,0.98
105,munchiesjalapenocheddar,1.52
105,munchiesnachocheese,1.98
105,munchiespeanutbutter,2.49
105,nerdsrope,2.01
105,nerdsstrawberrygrape,1.99
105,oreosgolden,3.99
105,pez,3.99
105,popcornersjalapeno,2.98
105,popcornwhitecheddar,2.48
105,pringlescheddar,1.51
105,pringlesoriginal,1.98
107,100grand,1.44
107,airheadswatermelon,2.02
107,blowpopcherry,1.06
107,blowpopsourapple,1.62
107,bunchacrunch,2.71
107,butterfingerbites,2.45
107,caramelapplepops,2.34
107,cheesepeanutbuttercrackers,1.58
107,cheetoscrunchy,0.5
107,cheetospuffs,2.4
107,cheezit,2.41
107,cheezitwhitecheddar,2.66
107,chexmixcheddar,2.15
107,chexmixtraditional,2.08
107,chipsahoy,2.47
107,comboscheddar,0.79
107,combospizzeria,0.59
107,crunch,3.49
107,doritoscoolranch,2.41
107,doritosnachocheese,1.19
107,doritospicychili,2.48
107,dots,3.99
107,dovecaramelmilkchocolate,1.99
107,dovemilkpeanutbutterbites,2.73
107,fritos,1.34
107,fritosbbq,1.4
107,funyuns,1.49
107,ghirardellicaramelsquares,1.81
107,ghirardellidarkchocolatesquares,2
107,ghirardellimilkchocolatesquares,1.5
107,goldfishcheddar,2.11
107,goobers,2.41
107,gummywormssour,2.17
107,heathbar,2.32
107,hostesschocolatedonuts,2.28
107,hostesspowdereddonut,0.89
107,juniorcaramels,1
107,keeblerfudgestripes,0.98
107,keeblerrainbowcookies,1.1
107,kettlesaltvinegarchips,1.49
107,kitkat,1.72
107,kitkatwhitechocolate,1.51
107,laffytaffysourapple,1.23
107,laysdillpickle,2.99
107,layssourcreamandonion,2.18
107,layssweetsouthernheatbarbecue,1.74
107,lifesaversgummies,1.74
107,lifesaversgummiessours,2.32
107,lindtdarkchocolate,0.99
107,lindtmilkchocolate,1.49
107,mmsmilkchocolate,1.25
107,mmsmint,0.89
107,mmspeanuts,1.28
107,mmspretzel,2.82
107,mikeikezours,2.25
107,milanocookies,0.49
107,milkduds,1.09
107,milkywaycaramel,1.29
107,milkywaydark,1.52
107,munchiesjalapenocheddar,1.5
107,nerdsrope,1.49
107,nerdsstrawberrygrape,1.57
107,oreosgolden,1.14
107,pez,2.12
107,popcornersjalapeno,2.22
107,pringlescheddar,1.73
107,pringlesoriginal,1.44
107,raisinetsmilkchocolate,3.2
108,100grand,1.5
108,3musketeers,0.01
108,airheadscherry,0.01
108,airheadsgreenapple,0.46
108,babyruth,0.51
108,blowpopblueraspberry,0.51
108,bunchacrunch,1
108,butterfinger,0.5
108,butterfingerbites,0.02
108,caramelapplepops,0.99
108,cheesepeanutbuttercrackers,0.99
108,cheetoscrunchy,0.5
108,cheetospuffs,0.01
108,cheezit,0.99
108,cheezitwhitecheddar,1
108,chexmixtraditional,0.48
108,chipsahoy,0.99
108,comboscheddar,1
108,combospizzeria,0.01
108,crunch,0.5
108,doritosnachocheese,0.51
108,doritospicychili,0.51
108,dots,0.99
108,dovecaramelmilkchocolate,1.5
108,dovedarkchocolatebites,0.01
108,dovemilkpeanutbutterbites,0.5
108,fritosbbq,0.5
108,funyuns,1.5
108,ghirardellicaramelsquares,0.01
108,ghirardellidarkchocolatesquares,0.01
108,ghirardellimilkchocolatesquares,0.51
108,giantsweetarts,0.5
108,gobstoppers,0.48
108,goldfishcheddar,0.51
108,goobers,0.02
108,grandmaschocolatechipcookies,0.99
108,grandmasoatmealraisincookies,1
108,grandmaspeanutbuttercookies,0.01
108,gummywormssour,0.99
108,heathbar,0.01
108,hostesschocolatedonuts,1
108,hostesscupcakes,0.5
108,hostesspowdereddonut,0.48
108,juniorcaramels,0.98
108,juniormints,1.01
108,keeblerrainbowcookies,0.49
108,kettlesaltpepperchips,0.99
108,kettlesaltvinegarchips,0.51
108,kitkat,1.01
108,kitkatwhitechocolate,1.01
108,laffytaffysourapple,1
108,layscheesygarlicbread,0.01
108,laysclassic,1
108,laysdillpickle,0.99
108,layssourcreamandonion,1.01
108,lindtdarkchocolate,0.54
108,mentosrainbow,0.01
108,mikeikezours,1.51
108,milanocookies,0.51
108,milkduds,0.5
108,milkyway,0.51
108,milkywaycaramel,0.01
108,milkywaydark,0.49
108,munchiesnachocheese,1.98
108,munchiespeanutbutter,0.5
108,nerdsrope,0.5
108,nerdsstrawberrygrape,0.52
108,oreos,0.49
108,oreosgolden,0.99
108,pez,0.99
108,popcornersjalapeno,0.99
108,popcornwhitecheddar,1.49
108,pringlescheddar,1.49
108,pringlesoriginal,0.01
108,raisinetsmilkchocolate,1.5
109,100grand,1
109,3musketeers,0.51
109,airheadscherry,0.82
109,airheadswatermelon,0.51
109,blowpopblueraspberry,1.25
109,blowpopcherry,0.81
109,blowpopsourapple,0.98
109,blowpopwatermelon,0.5
109,bunchacrunch,0.49
109,butterfinger,0.79
109,butterfingerbites,0.98
109,caramelapplepops,0.5
109,cheetospuffs,0.5
109,cheezitwhitecheddar,1.2
109,chexmixcheddar,0.81
109,chexmixtraditional,1
109,chipsahoy,0.5
109,comboscheddar,0.51
109,combospizzeria,0.26
109,crunch,0.75
109,doritosnachocheese,1
109,doritospicychili,0.99
109,dots,0.27
109,dovecaramelmilkchocolate,0.26
109,dovemilkpeanutbutterbites,1.02
109,fritos,0.96
109,fritosbbq,0.75
109,funyuns,0.84
109,giantsweetarts,0.74
109,gobstoppers,0.75
109,goldfishcheddar,1.26
109,goobers,0.99
109,grandmaschocolatechipcookies,1.26
109,hostesschocolatedonuts,1.2
109,hostesspowdereddonut,0.49
109,juniorcaramels,0.8
109,juniormints,1.26
109,keeblerfudgestripes,1.01
109,keeblerrainbowcookies,1.31
109,kettlejalapenochips,0.83
109,kitkat,0.76
109,kitkatwhitechocolate,0.99
109,laffytaffysourapple,0.9
109,layscheesygarlicbread,1
109,laysclassic,1
109,layssourcreamandonion,0.49
109,layssweetsouthernheatbarbecue,1.22
109,lifesaversgummies,1.2
109,lindtmilkchocolate,0.74
109,mmsmilkchocolate,0.84
109,mmsmint,0.8
109,mmspeanuts,1.01
109,mmspretzel,0.5
109,mentosrainbow,1.52
109,milanocookies,0.99
109,milkduds,0.99
109,milkyway,1
109,milkywaycaramel,0.78
109,milkywaydark,1.01
109,munchiesjalapenocheddar,0.82
109,munchiesnachocheese,0.64
109,munchiespeanutbutter,1
109,nerdsrope,1.02
109,nerdsstrawberrygrape,1.01
109,popcornersjalapeno,0.51
109,popcornwhitecheddar,1.82
109,pringlescheddar,0.99
109,pringlesoriginal,0.75
109,pringlessourcreamonion,0.79
109,raisinetsmilkchocolate,0.23
110,3musketeers,0.48
110,airheadsblueraspberry,0.5
110,airheadscherry,0.49
110,airheadsgreenapple,0.47
110,almondjoy,0.5
110,babyruth,0.5
110,blowpopwatermelon,0.99
110,bunchacrunch,1.51
110,butterfinger,1
110,butterfingerbites,0.99
110,cheesepeanutbuttercrackers,1.5
110,cheetoscrunchy,1.49
110,cheetospuffs,1.03
110,cheezitwhitecheddar,1.23
110,chexmixtraditional,1.01
110,chipsahoy,1
110,comboscheddar,1.49
110,combospizzeria,2
110,crunch,1
110,doritoscoolranch,0.51
110,doritospicychili,1.01
110,dots,1
110,dovecaramelmilkchocolate,0.99
110,dovemilkpeanutbutterbites,1.01
110,fritos,1
110,funyuns,1.49
110,ghirardellicaramelsquares,1.98
110,giantsweetarts,0.99
110,gobstoppers,1.01
110,gummywormssour,1.5
110,heathbar,1.07
110,juniorcaramels,0.99
110,juniormints,1.5
110,keeblerfudgestripes,0.98
110,kettlesaltpepperchips,1.98
110,kitkat,0.99
110,laysclassic,0.5
110,laysdillpickle,1.24
110,lifesaversgummies,1.99
110,lifesaversgummiessours,1.99
110,lindtdarkchocolate,0.99
110,lindtmilkchocolate,1.01
110,mmsmilkchocolate,1.48
110,mmsmint,1.03
110,mmspeanuts,0.98
110,mentosrainbow,1.49
110,mikeikezours,1
110,milkduds,0.99
110,milkywaycaramel,0.99
110,munchiesjalapenocheddar,1
110,munchiespeanutbutter,1.52
110,nerdsrope,0.99
110,oreosgolden,1.04
110,popcornwhitecheddar,1
110,pringlescheddar,1.01
110,pringlesoriginal,0.97
110,raisinetsmilkchocolate,0.51
111,3musketeers,0.48
111,airheadsblueraspberry,0.52
111,airheadscherry,0.52
111,airheadsgreenapple,0.51
111,babyruth,0.49
111,blowpopcherry,2.51
111,blowpopsourapple,0.99
111,butterfinger,1.98
111,cheetoscrunchy,2
111,chexmixtraditional,1.51
111,chipsahoy,0.98
111,comboscheddar,0.5
111,crunch,1.01
111,doritospicychili,1.98
111,dots,1.01
111,dovecaramelmilkchocolate,0.51
111,dovedarkchocolatebites,3.01
111,ghirardellidarkchocolatesquares,1.5
111,goldfishcheddar,2.02
111,grandmaschocolatechipcookies,1.49
111,heathbar,0.99
111,hostesscupcakes,1.49
111,juniorcaramels,1.47
111,kettlesaltpepperchips,2.49
111,layscheesygarlicbread,3.47
111,laysclassic,2
111,lindtmilkchocolate,1.47
111,mmsmilkchocolate,1.49
111,mmsmint,2.48
111,mentosrainbow,1.48
111,milkduds,0.99
111,milkywaycaramel,1.02
111,munchiespeanutbutter,1.99
111,nerdsrope,1.49
111,nerdsstrawberrygrape,1.49
111,oreos,1.48
111,popcornerskettle,1.5
111,pringlessourcreamonion,3.01
112,3musketeers,0.21
112,airheadsblueraspberry,0.34
112,airheadsgreenapple,0.39
112,airheadswatermelon,0.98
112,blowpopcherry,0.74
112,blowpopsourapple,0.99
112,caramelapplepops,1
112,chexmixcheddar,0.97
112,comboscheddar,0.26
112,combospizzeria,0.24
112,doritosnachocheese,0.75
112,dots,0.5
112,dovecaramelmilkchocolate,0.49
112,fritos,1.49
112,fritosbbq,0.81
112,goldfishcheddar,0.72
112,grandmaschocolatechipcookies,0.86
112,grandmasoatmealraisincookies,1.25
112,grandmaspeanutbuttercookies,0.24
112,gummywormssour,2
112,heathbar,0.47
112,hostesschocolatedonuts,1.5
112,keeblerfudgestripes,0.74
112,kettlejalapenochips,0.89
112,laffytaffysourapple,0.77
112,laysdillpickle,2
112,layssourcreamandonion,0.78
112,layssweetsouthernheatbarbecue,0.99
112,lifesaversgummies,0.98
112,lifesaversgummiessours,0.99
112,mmsmilkchocolate,1
112,mmsmint,0.89
112,mmspeanuts,1.01
112,mmspretzel,0.47
112,mikeikezours,1.02
112,milanocookies,1
112,milkyway,0.85
112,milkywaycaramel,0.73
112,milkywaydark,0.96
112,munchiesjalapenocheddar,0.98
112,munchiesnachocheese,0.73
112,munchiespeanutbutter,0.77
112,nerdsrope,0.83
112,nerdsstrawberrygrape,0.73
112,oreos,0.72
112,pez,0.74
112,popcornerskettle,0.99
112,pringlesoriginal,0.74
113,3musketeers,0.53
113,airheadsblueraspberry,0.52
113,airheadscherry,0.51
113,airheadsgreenapple,0.52
113,blowpopblueraspberry,2.05
113,blowpopsourapple,1.54
113,blowpopwatermelon,0.51
113,bunchacrunch,2
113,butterfinger,1.95
113,butterfingerbites,0.99
113,cheetoscrunchy,2.97
113,cheetospuffs,1.01
113,cheezitwhitecheddar,1.03
113,chexmixcheddar,1.49
113,chipsahoy,2.03
113,comboscheddar,0.01
113,combospizzeria,0.02
113,crunch,1.01
113,doritoscoolranch,2.01
113,doritospicychili,1.02
113,dots,0.49
113,dovecaramelmilkchocolate,0.53
113,dovemilkpeanutbutterbites,1.01
113,fritos,1.01
113,fritosbbq,1.03
113,ghirardellicaramelsquares,2.03
113,ghirardellidarkchocolatesquares,0.99
113,ghirardellimilkchocolatesquares,0.01
113,giantsweetarts,1
113,gobstoppers,1.02
113,goldfishcheddar,1.95
113,goobers,1.98
113,grandmaschocolatechipcookies,1
113,heathbar,1
113,hostesscupcakes,2.01
113,hostesspowdereddonut,1.03
113,juniorcaramels,1.01
113,keeblerfudgestripes,1.51
113,kettlejalapenochips,1.06
113,kettlesaltpepperchips,1
113,kettlesaltvinegarchips,0.01
113,kitkat,1.05
113,laffytaffysourapple,1.07
113,layscheesygarlicbread,1.99
113,laysdillpickle,1.05
113,layssourcreamandonion,2
113,layssweetsouthernheatbarbecue,1.99
113,lifesaversgummies,1.05
113,lindtdarkchocolate,1.52
113,lindtmilkchocolate,1
113,mmsmilkchocolate,2.04
113,mmsmint,1.02
113,mmspeanuts,1.01
113,mmspretzel,0.99
113,mentosrainbow,2
113,mikeikezours,2.04
113,milanocookies,1.02
113,milkduds,1.06
113,milkyway,1.03
113,milkywaycaramel,0.99
113,milkywaydark,1.01
113,munchiesjalapenocheddar,1.52
113,munchiesnachocheese,0.51
113,munchiespeanutbutter,0.54
113,nerdsrope,1.01
113,nerdsstrawberrygrape,1.98
113,oreos,1.53
113,oreosgolden,1.98
113,popcornersjalapeno,1.04
113,pringlescheddar,0.91
113,pringlesoriginal,1.04
113,pringlessourcreamonion,2.97
114,100grand,1.49
114,3musketeers,0.48
114,airheadsblueraspberry,0.47
114,airheadscherry,0.51
114,airheadswatermelon,1.01
114,almondjoy,0.49
114,babyruth,0.49
114,blowpopblueraspberry,1.02
114,bunchacrunch,3.47
114,butterfinger,2.01
114,cheetospuffs,0.5
114,cheezitwhitecheddar,0.99
114,chexmixtraditional,2.96
114,chipsahoy,3.48
114,comboscheddar,0.01
114,combospizzeria,0.03
114,doritoscoolranch,2.01
114,dots,0.5
114,dovecaramelmilkchocolate,0.49
114,dovemilkpeanutbutterbites,1.98
114,fritos,1.51
114,funyuns,1.02
114,ghirardellicaramelsquares,0.99
114,ghirardellidarkchocolatesquares,1.04
114,giantsweetarts,2
114,goobers,0.99
114,grandmaschocolatechipcookies,1.48
114,grandmaspeanutbuttercookies,0.01
114,heathbar,2.5
114,juniorcaramels,1.49
114,juniormints,1.49
114,keeblerfudgestripes,1.47
114,keeblerrainbowcookies,1.48
114,kettlesaltpepperchips,2.01
114,kitkat,0.99
114,kitkatwhitechocolate,1.01
114,layscheesygarlicbread,0.99
114,laysclassic,0.5
114,laysdillpickle,1.98
114,lindtmilkchocolate,2
114,mmsmint,1.02
114,mmspeanuts,1.03
114,milanocookies,1.49
114,milkduds,1.49
114,milkyway,1.06
114,milkywaycaramel,1.48
114,munchiesjalapenocheddar,1.05
114,munchiespeanutbutter,1.53
114,nerdsrope,1.01
114,nerdsstrawberrygrape,0.99
114,oreos,0.99
114,popcornersjalapeno,0.98
114,popcornwhitecheddar,2.48
114,pringlescheddar,1.51
114,pringlesoriginal,1.01
114,pringlessourcreamonion,2.51
114,raisinetsmilkchocolate,0.51
115,100grand,2.98
115,3musketeers,1.49
115,airheadsblueraspberry,1
115,airheadscherry,1.49
115,airheadsgreenapple,1.5
115,blowpopblueraspberry,2.48
115,blowpopwatermelon,0.51
115,butterfingerbites,1.5
115,caramelapplepops,0.01
115,cheetoscrunchy,1.5
115,cheetospuffs,2.51
115,cheezit,0.03
115,cheezitwhitecheddar,2.51
115,chexmixtraditional,0.99
115,chipsahoy,0.01
115,comboscheddar,2.97
115,combospizzeria,2.98
115,crunch,2.98
115,doritoscoolranch,1.48
115,doritosnachocheese,1.99
115,doritospicychili,1.98
115,dovecaramelmilkchocolate,2.99
115,dovemilkpeanutbutterbites,0.48
115,famousamos,0.54
115,fritos,2
115,funyuns,1.99
115,ghirardellicaramelsquares,2.98
115,ghirardellidarkchocolatesquares,3.01
115,ghirardellimilkchocolatesquares,0.5
115,giantsweetarts,2.01
115,gobstoppers,2.48
115,goldfishcheddar,1.52
115,goobers,1.51
115,grandmaschocolatechipcookies,1.51
115,grandmasoatmealraisincookies,0.02
115,gummywormssour,1.51
115,heathbar,1.5
115,hostesschocolatedonuts,2
115,hostesscupcakes,0.48
115,hostesspowdereddonut,2.5
115,juniorcaramels,1.49
115,juniormints,2
115,keeblerfudgestripes,1.47
115,keeblerrainbowcookies,1.49
115,kettlejalapenochips,0.5
115,kettlesaltpepperchips,3.01
115,kettlesaltvinegarchips,0.52
115,kitkat,1.98
115,kitkatwhitechocolate,1.02
115,laffytaffysourapple,2.99
115,layscheesygarlicbread,1
115,laysclassic,0.01
115,laysdillpickle,0.51
115,layssourcreamandonion,1.5
115,lifesaversgummies,0.99
115,lifesaversgummiessours,1.52
115,lindtdarkchocolate,0.51
115,lindtmilkchocolate,1.98
115,mmsmilkchocolate,2.48
115,mmsmint,2.5
115,mmspeanuts,2.99
115,mmspretzel,2.01
115,mentosrainbow,0.99
115,mikeikezours,1.99
115,milanocookies,1.49
115,milkduds,1.5
115,milkyway,0.99
115,milkywaycaramel,1.49
115,milkywaydark,2.5
115,munchiesjalapenocheddar,2.52
115,munchiesnachocheese,2.99
115,nerdsrope,1
115,nerdsstrawberrygrape,1.98
115,oreos,2
115,oreosgolden,0.52
115,pez,1.04
115,popcornersjalapeno,1.98
115,popcornwhitecheddar,0.52
115,pringlescheddar,1.51
115,pringlesoriginal,1.48
115,pringlessourcreamonion,0.51
115,raisinetsmilkchocolate,2.48
116,100grand,1.5
116,3musketeers,0.47
116,airheadsblueraspberry,0.49
116,airheadscherry,0.45
116,airheadsgreenapple,0.49
116,airheadswatermelon,1.52
116,almondjoy,0.25
116,babyruth,0.15
116,blowpopblueraspberry,1.98
116,blowpopcherry,1.01
116,blowpopsourapple,0.98
116,blowpopwatermelon,2.48
116,bunchacrunch,1.99
116,butterfinger,0.53
116,butterfingerbites,1.53
116,caramelapplepops,1.48
116,cheesepeanutbuttercrackers,2.49
116,cheetoscrunchy,3
116,cheetospuffs,1.99
116,cheezitwhitecheddar,0.51
116,chexmixcheddar,1.47
116,chexmixtraditional,0.99
116,chipsahoy,1.51
116,comboscheddar,0.5
116,combospizzeria,0.51
116,crunch,1.98
116,doritoscoolranch,0.49
116,doritosnachocheese,0.53
116,dots,0.51
116,dovecaramelmilkchocolate,1.01
116,dovedarkchocolatebites,1.98
116,dovemilkpeanutbutterbites,1.47
116,famousamos,0.49
116,fritos,1.97
116,fritosbbq,1.49
116,funyuns,1
116,ghirardellidarkchocolatesquares,2.48
116,ghirardellimilkchocolatesquares,1.51
116,giantsweetarts,1.99
116,gobstoppers,1.48
116,goldfishcheddar,1.49
116,goobers,1.01
116,grandmaschocolatechipcookies,1.52
116,grandmaspeanutbuttercookies,0.12
116,gummywormssour,2
116,heathbar,0.98
116,hostesschocolatedonuts,1.52
116,hostesscupcakes,0.49
116,hostesspowdereddonut,1.01
116,juniorcaramels,0.97
116,keeblerfudgestripes,1.49
116,keeblerrainbowcookies,2.01
116,kettlebbqchips,0.79
116,kettlejalapenochips,0.5
116,kettlesaltpepperchips,3
116,kettlesaltvinegarchips,0.99
116,kitkat,1.5
116,kitkatwhitechocolate,1.45
116,laffytaffysourapple,1.99
116,layscheesygarlicbread,2.45
116,laysclassic,0.46
116,laysdillpickle,2.54
116,layssourcreamandonion,0.74
116,layssweetsouthernheatbarbecue,1.01
116,lifesaversgummies,1
116,lifesaversgummiessours,0.99
116,lindtdarkchocolate,2.49
116,lindtmilkchocolate,2.48
116,mmsmilkchocolate,2.98
116,mmsmint,1.49
116,mmspretzel,2
116,mentosrainbow,1.52
116,mikeikezours,2.02
116,milanocookies,1
116,milkyway,1.01
116,milkywaycaramel,1.5
116,milkywaydark,1.49
116,munchiesjalapenocheddar,2.02
116,munchiesnachocheese,1.49
116,nerdsrope,0.5
116,oreos,0.99
116,oreosgolden,1.53
116,pez,1.52
116,popcornersjalapeno,1.49
116,popcornerskettle,1
116,popcornerswhitecheddar,1.02
116,popcornwhitecheddar,2.49
116,pringlesoriginal,1.52
116,raisinetsmilkchocolate,0.51
117,3musketeers,1.02
117,airheadscherry,1.05
117,blowpopblueraspberry,2.89
117,blowpopcherry,2.28
117,blowpopsourapple,2.52
117,bunchacrunch,3.54
117,butterfinger,2.3
117,butterfingerbites,3.01
117,caramelapplepops,1.05
117,cheesepeanutbuttercrackers,0.99
117,cheetoscrunchy,0.98
117,cheetospuffs,2
117,cheezit,3.04
117,cheezitwhitecheddar,2.04
117,chexmixtraditional,2.42
117,chipsahoy,2.54
117,comboscheddar,3.03
117,combospizzeria,2.98
117,crunch,2.03
117,doritoscoolranch,1.01
117,doritosnachocheese,0.95
117,dots,3.93
117,dovecaramelmilkchocolate,3.07
117,dovemilkpeanutbutterbites,3.03
117,famousamos,2.03
117,fritos,2.09
117,funyuns,2.47
117,ghirardellicaramelsquares,1.97
117,ghirardellidarkchocolatesquares,1
117,giantsweetarts,2.02
117,gobstoppers,1.05
117,goobers,1.03
117,grandmaschocolatechipcookies,1.98
117,grandmasoatmealraisincookies,0.99
117,gummywormssour,2.44
117,heathbar,1.01
117,hostesspowdereddonut,1
117,juniorcaramels,1.97
117,keeblerfudgestripes,2.55
117,keeblerrainbowcookies,2.03
117,kettlesaltpepperchips,1.49
117,kettlesaltvinegarchips,0.51
117,laffytaffysourapple,1.53
117,layscheesygarlicbread,0.51
117,laysdillpickle,1.01
117,layssourcreamandonion,2.12
117,lifesaversgummies,2.14
117,lifesaversgummiessours,2.57
117,lindtdarkchocolate,1.96
117,lindtmilkchocolate,1.99
117,mmsmilkchocolate,3.02
117,mmsmint,3.5
117,mentosrainbow,2.02
117,mikeikezours,3.33
117,milanocookies,1.49
117,milkduds,2.39
117,milkyway,1.99
117,milkywaycaramel,3.01
117,milkywaydark,3.02
117,munchiesjalapenocheddar,3.48
117,munchiespeanutbutter,1.56
117,oreos,1.05
117,oreosgolden,2.99
117,popcornerskettle,1.01
117,pringlescheddar,2.82
117,pringlesoriginal,2
118,100grand,1.47
118,3musketeers,0.98
118,airheadsblueraspberry,1.04
118,airheadscherry,1.02
118,airheadsgreenapple,1.02
118,almondjoy,0.47
118,babyruth,0.48
118,blowpopwatermelon,1.51
118,bunchacrunch,0.5
118,butterfinger,1.53
118,butterfingerbites,0.5
118,cheesepeanutbuttercrackers,0.98
118,cheetoscrunchy,0.52
118,cheetospuffs,1.5
118,cheezitwhitecheddar,0.53
118,chipsahoy,1.52
118,combospizzeria,1
118,crunch,1
118,dovecaramelmilkchocolate,1.01
118,dovedarkchocolatebites,0.48
118,dovemilkpeanutbutterbites,1.47
118,fritos,0.98
118,funyuns,1.53
118,ghirardellicaramelsquares,1.98
118,ghirardellidarkchocolatesquares,2.5
118,giantsweetarts,1.48
118,gobstoppers,0.98
118,goobers,1.48
118,grandmaschocolatechipcookies,1.02
118,grandmaspeanutbuttercookies,1.02
118,gummywormssour,0.94
118,heathbar,0.97
118,hostesschocolatedonuts,1.98
118,hostesscupcakes,1.98
118,hostesspowdereddonut,1.47
118,juniorcaramels,1.5
118,juniormints,1.53
118,kettlebbqchips,1.02
118,kettlejalapenochips,1.02
118,kitkat,1.48
118,kitkatwhitechocolate,1.96
118,layscheesygarlicbread,1.92
118,laysclassic,1.52
118,layssourcreamandonion,1.52
118,lifesaversgummies,0.45
118,lifesaversgummiessours,0.99
118,lindtdarkchocolate,2
118,lindtmilkchocolate,0.53
118,mmsmilkchocolate,0.98
118,mmsmint,1.5
118,mmspeanuts,1.49
118,mmspretzel,1.01
118,mentosrainbow,0.51
118,mikeikezours,1.02
118,milanocookies,0.99
118,milkduds,1.01
118,milkyway,0.98
118,milkywaycaramel,0.99
118,milkywaydark,0.5
118,munchiesjalapenocheddar,1.46
118,munchiespeanutbutter,1.48
118,nerdsrope,1.52
118,nerdsstrawberrygrape,1.52
118,oreos,1.54
118,oreosgolden,1.51
118,popcornersjalapeno,0.5
118,popcornerskettle,2.45
118,popcornerswhitecheddar,1.5
118,pringlescheddar,1.53
118,pringlesoriginal,1.95
118,raisinetsmilkchocolate,1.49
119,100grand,0.48
119,airheadswatermelon,2
119,blowpopblueraspberry,2.11
119,blowpopcherry,1.51
119,blowpopsourapple,2.41
119,bunchacrunch,2.52
119,butterfinger,2.48
119,butterfingerbites,2.03
119,caramelapplepops,2.1
119,cheesepeanutbuttercrackers,2.5
119,cheetoscrunchy,2.99
119,cheetospuffs,1.98
119,cheezit,1.09
119,cheezitwhitecheddar,1.01
119,chexmixcheddar,3.06
119,chexmixtraditional,3.01
119,chipsahoy,3.05
119,comboscheddar,1.49
119,combospizzeria,0.98
119,crunch,2.02
119,doritoscoolranch,2.08
119,doritospicychili,1.45
119,dovecaramelmilkchocolate,3.59
119,dovedarkchocolatebites,0.5
119,dovemilkpeanutbutterbites,0.89
119,famousamos,0.49
119,fritos,2
119,fritosbbq,1.6
119,ghirardellicaramelsquares,1.52
119,ghirardellidarkchocolatesquares,3
119,ghirardellimilkchocolatesquares,2
119,giantsweetarts,1.47
119,gobstoppers,2.02
119,goldfishcheddar,3.07
119,goobers,2.5
119,grandmaschocolatechipcookies,2.53
119,gummywormssour,2
119,heathbar,2.53
119,hostesscupcakes,0.53
119,hostesspowdereddonut,0.64
119,juniorcaramels,2.01
119,juniormints,2.09
119,keeblerfudgestripes,1.58
119,keeblerrainbowcookies,2
119,kettlebbqchips,0.49
119,kettlejalapenochips,2.07
119,kettlesaltpepperchips,2.96
119,kitkat,0.61
119,kitkatwhitechocolate,0.6
119,laffytaffysourapple,1.02
119,layscheesygarlicbread,0.64
119,laysclassic,0.51
119,laysdillpickle,0.92
119,layssourcreamandonion,2.07
119,layssweetsouthernheatbarbecue,2.6
119,lifesaversgummies,2.53
119,lifesaversgummiessours,1.5
119,lindtdarkchocolate,3.43
119,lindtmilkchocolate,3.02
119,mmsmilkchocolate,3.43
119,mmsmint,3.01
119,mmspeanuts,1.98
119,mmspretzel,0.52
119,mentosrainbow,2.5
119,mikeikezours,2.51
119,milanocookies,1.06
119,milkyway,1.51
119,milkywaycaramel,0.58
119,milkywaydark,1.61
119,munchiesjalapenocheddar,0.54
119,munchiesnachocheese,2.95
119,munchiespeanutbutter,1.02
119,nerdsstrawberrygrape,1.49
119,oreos,0.52
119,oreosgolden,3.03
119,pez,3.04
119,popcornersjalapeno,3.13
119,popcornerswhitecheddar,0.51
119,popcornwhitecheddar,3.56
119,pringlescheddar,1.02
119,pringlesoriginal,0.52
119,pringlessourcreamonion,1.46
119,raisinetsmilkchocolate,1.53
120,100grand,1.52
120,airheadscherry,1
120,airheadswatermelon,1.99
120,blowpopblueraspberry,1.99
120,blowpopcherry,1.01
120,blowpopsourapple,1.51
120,bunchacrunch,1.51
120,butterfingerbites,1.48
120,caramelapplepops,1.99
120,cheetoscrunchy,1.02
120,cheetospuffs,2.02
120,chexmixcheddar,2.02
120,chexmixtraditional,0.99
120,chipsahoy,1.5
120,comboscheddar,1
120,combospizzeria,1.02
120,crunch,1
120,doritospicychili,1
120,dovecaramelmilkchocolate,0.52
120,dovemilkpeanutbutterbites,1.53
120,famousamos,1.46
120,fritosbbq,0.98
120,funyuns,0.52
120,gobstoppers,1.52
120,goobers,2.03
120,grandmaschocolatechipcookies,1.5
120,grandmasoatmealraisincookies,0.99
120,heathbar,1.03
120,hostesschocolatedonuts,2
120,juniormints,1.49
120,keeblerfudgestripes,0.97
120,kettlesaltpepperchips,2.49
120,kitkat,1.5
120,kitkatwhitechocolate,1.48
120,laffytaffysourapple,1.52
120,laysdillpickle,1.97
120,layssourcreamandonion,2
120,lifesaversgummies,2
120,lifesaversgummiessours,1.99
120,lindtmilkchocolate,1.01
120,mmsmilkchocolate,2.49
120,mmsmint,1.52
120,mmspeanuts,1.49
120,mentosrainbow,1.01
120,mikeikezours,1.03
120,milkduds,1.01
120,milkywaycaramel,1.5
120,milkywaydark,1.01
120,munchiesjalapenocheddar,1
120,munchiespeanutbutter,1.49
120,oreosgolden,1.51
120,pez,1.5
120,popcornersjalapeno,1.49
120,popcornwhitecheddar,1.55
120,pringlescheddar,1.51
120,pringlesoriginal,1.05
120,raisinetsmilkchocolate,0.99
121,3musketeers,0.24
121,airheadsblueraspberry,0.5
121,airheadscherry,0.5
121,airheadsgreenapple,0.48
121,airheadswatermelon,1.49
121,babyruth,0.24
121,caramelapplepops,0.99
121,chexmixcheddar,0.5
121,comboscheddar,0.27
121,combospizzeria,0.23
121,doritospicychili,1.01
121,dots,0.23
121,dovecaramelmilkchocolate,0.2
121,grandmaspeanutbuttercookies,0.23
121,gummywormssour,0.51
121,hostesschocolatedonuts,0.51
121,layscheesygarlicbread,1.01
121,laysclassic,0.5
121,milanocookies,1.01
121,milkywaydark,0.5
121,nerdsrope,0.5
121,nerdsstrawberrygrape,0.5
121,oreos,0.76
121,oreosgolden,0.99
121,pez,1.01
121,popcornersjalapeno,0.99
121,popcornwhitecheddar,1.26
122,100grand,2
122,airheadscherry,0.49
122,airheadswatermelon,0.72
122,babyruth,1.01
122,blowpopblueraspberry,1.27
122,blowpopcherry,1.24
122,blowpopsourapple,0.5
122,butterfingerbites,0.75
122,caramelapplepops,0.72
122,cheesepeanutbuttercrackers,1.01
122,cheetoscrunchy,0.49
122,cheezitwhitecheddar,1.49
122,combospizzeria,1.5
122,dovecaramelmilkchocolate,0.61
122,dovedarkchocolatebites,0.49
122,fritosbbq,1.01
122,funyuns,1.01
122,ghirardellimilkchocolatesquares,0.73
122,gobstoppers,0.75
122,grandmaschocolatechipcookies,2
122,hostesscupcakes,2.51
122,hostesspowdereddonut,1.99
122,juniorcaramels,0.5
122,juniormints,1.49
122,keeblerfudgestripes,0.51
122,keeblerrainbowcookies,1.99
122,kettlebbqchips,1.01
122,kettlejalapenochips,1.5
122,kettlesaltpepperchips,1.5
122,kettlesaltvinegarchips,0.25
122,kitkat,0.49
122,kitkatwhitechocolate,1
122,layscheesygarlicbread,2.27
122,laysclassic,0.71
122,layssourcreamandonion,0.49
122,lifesaversgummies,1.01
122,mmsmint,1.26
122,milkduds,0.74
122,milkyway,0.73
122,milkywaycaramel,1.01
122,munchiespeanutbutter,1.49
122,nerdsrope,1
122,nerdsstrawberrygrape,1
122,oreos,1.23
122,popcornerskettle,1.99
122,popcornerswhitecheddar,1.98
122,popcornwhitecheddar,1.01
122,pringlescheddar,1.23
122,pringlesoriginal,1.01
122,pringlessourcreamonion,0.48
122,raisinetsmilkchocolate,1.23
123,100grand,1.49
123,airheadsgreenapple,0.51
123,airheadswatermelon,1
123,almondjoy,0.49
123,blowpopblueraspberry,0.5
123,blowpopsourapple,1.01
123,blowpopwatermelon,0.99
123,bunchacrunch,2.5
123,butterfinger,2.99
123,caramelapplepops,0.5
123,cheesepeanutbuttercrackers,0.99
123,cheetoscrunchy,0.5
123,cheetospuffs,1.99
123,cheezit,1.49
123,cheezitwhitecheddar,0.98
123,comboscheddar,0.5
123,combospizzeria,0.99
123,crunch,3.01
123,doritoscoolranch,0.99
123,doritosnachocheese,0.99
123,dots,1
123,dovemilkpeanutbutterbites,1.5
123,famousamos,1.5
123,funyuns,1.5
123,gobstoppers,1
123,goldfishcheddar,1
123,grandmaschocolatechipcookies,1.49
123,grandmasoatmealraisincookies,1.5
123,gummywormssour,1.5
123,heathbar,3.01
123,hostesschocolatedonuts,0.5
123,juniorcaramels,0.5
123,juniormints,1
123,keeblerrainbowcookies,0.51
123,kettlebbqchips,0.52
123,kettlejalapenochips,0.51
123,kettlesaltpepperchips,1.5
123,kettlesaltvinegarchips,0.98
123,kitkat,1
123,kitkatwhitechocolate,0.5
123,laffytaffysourapple,0.99
123,layssourcreamandonion,0.5
123,lindtdarkchocolate,3.98
123,lindtmilkchocolate,0.99
123,mmspretzel,0.01
123,mikeikezours,2.99
123,milanocookies,0.49
123,milkduds,0.97
123,milkywaycaramel,0.51
123,milkywaydark,0.01
123,munchiesjalapenocheddar,0.51
123,munchiespeanutbutter,0.5
123,nerdsstrawberrygrape,0.5
123,oreosgolden,3.49
123,pez,1.01
123,popcornerswhitecheddar,0.49
123,popcornwhitecheddar,1.99
123,pringlesoriginal,0.5
123,raisinetsmilkchocolate,0.81
124,100grand,0.25
124,3musketeers,0.49
124,airheadsblueraspberry,0.5
124,airheadscherry,0.49
124,airheadsgreenapple,0.5
124,blowpopblueraspberry,0.74
124,blowpopwatermelon,0.48
124,butterfinger,0.73
124,cheesepeanutbuttercrackers,0.49
124,cheetoscrunchy,0.74
124,cheetospuffs,0.74
124,cheezit,0.24
124,cheezitwhitecheddar,0.73
124,chexmixtraditional,0.73
124,chipsahoy,0.73
124,comboscheddar,0.23
124,combospizzeria,0.23
124,crunch,0.5
124,doritoscoolranch,0.5
124,doritospicychili,0.74
124,dots,0.26
124,dovemilkpeanutbutterbites,0.74
124,fritos,0.5
124,fritosbbq,0.5
124,funyuns,0.51
124,ghirardellidarkchocolatesquares,0.73
124,ghirardellimilkchocolatesquares,0.5
124,giantsweetarts,0.74
124,gobstoppers,0.48
124,goobers,0.72
124,gummywormssour,0.72
124,heathbar,0.5
124,hostesschocolatedonuts,0.74
124,hostesscupcakes,0.51
124,juniorcaramels,0.5
124,keeblerfudgestripes,0.49
124,keeblerrainbowcookies,0.51
124,kettlebbqchips,0.23
124,kettlesaltpepperchips,0.74
124,kettlesaltvinegarchips,0.5
124,kitkat,0.5
124,kitkatwhitechocolate,0.5
124,layscheesygarlicbread,0.5
124,laysclassic,0.23
124,layssourcreamandonion,0.75
124,lifesaversgummies,0.5
124,lifesaversgummiessours,0.49
124,lindtdarkchocolate,0.5
124,lindtmilkchocolate,0.74
124,mmsmilkchocolate,0.5
124,mmspeanuts,0.49
124,mmspretzel,0.72
124,mikeikezours,0.74
124,milanocookies,0.5
124,milkduds,0.49
124,milkyway,0.5
124,milkywaycaramel,0.51
124,milkywaydark,0.5
124,munchiesjalapenocheddar,0.5
124,munchiesnachocheese,0.99
124,munchiespeanutbutter,0.72
124,nerdsrope,0.75
124,nerdsstrawberrygrape,0.74
124,oreos,0.5
124,oreosgolden,0.47
124,pez,0.75
124,popcornersjalapeno,0.48
124,popcornwhitecheddar,0.72
124,pringlescheddar,0.5
124,pringlesoriginal,0.5
125,100grand,2.01
125,3musketeers,0.98
125,airheadsblueraspberry,1.01
125,airheadscherry,1.01
125,airheadsgreenapple,1
125,almondjoy,0.98
125,babyruth,0.98
125,caramelapplepops,1.98
125,cheetospuffs,2
125,chexmixtraditional,1.97
125,chipsahoy,1.98
125,comboscheddar,0.48
125,crunch,1.99
125,dots,1.49
125,dovecaramelmilkchocolate,1.5
125,dovemilkpeanutbutterbites,2.51
125,funyuns,2
125,ghirardellicaramelsquares,3.98
125,ghirardellidarkchocolatesquares,3.98
125,giantsweetarts,3.02
125,gobstoppers,1.99
125,goldfishcheddar,2.98
125,goobers,3.51
125,grandmaspeanutbuttercookies,0.99
125,gummywormssour,1.99
125,heathbar,1.99
125,hostesschocolatedonuts,2.51
125,hostesscupcakes,2.5
125,hostesspowdereddonut,2.51
125,juniorcaramels,1.99
125,juniormints,2.5
125,kettlebbqchips,2
125,kettlejalapenochips,2
125,kettlesaltpepperchips,3.5
125,kitkat,1.99
125,kitkatwhitechocolate,2
125,laffytaffysourapple,2
125,layscheesygarlicbread,3
125,laysclassic,2
125,laysdillpickle,2.97
125,layssourcreamandonion,3.5
125,lifesaversgummiessours,2.99
125,lindtmilkchocolate,4
125,mentosrainbow,3.01
125,milanocookies,2.01
125,milkduds,1.97
125,milkyway,2.5
125,munchiespeanutbutter,2.99
125,nerdsrope,1.52
125,nerdsstrawberrygrape,2.03
125,oreos,2.02
125,popcornerskettle,2.98
125,popcornerswhitecheddar,1.99
125,pringlescheddar,2.49
125,pringlesoriginal,1.99
125,raisinetsmilkchocolate,1.49
126,3musketeers,0.5
126,airheadsblueraspberry,0.66
126,airheadscherry,0.61
126,airheadsgreenapple,0.5
126,almondjoy,0.13
126,babyruth,0.16
126,blowpopblueraspberry,0.73
126,blowpopcherry,0.15
126,bunchacrunch,1.38
126,butterfinger,1.12
126,butterfingerbites,0.73
126,caramelapplepops,0.62
126,cheesepeanutbuttercrackers,0.84
126,cheetoscrunchy,1.5
126,cheetospuffs,1.34
126,cheezitwhitecheddar,1
126,chexmixcheddar,1.23
126,chexmixtraditional,1.49
126,chipsahoy,1.5
126,comboscheddar,0.32
126,combospizzeria,0.26
126,crunch,1.49
126,dots,0.72
126,dovecaramelmilkchocolate,0.74
126,dovedarkchocolatebites,1.23
126,dovemilkpeanutbutterbites,1.73
126,famousamos,1.74
126,fritos,1.49
126,funyuns,2.47
126,ghirardellicaramelsquares,2.48
126,ghirardellidarkchocolatesquares,2.16
126,ghirardellimilkchocolatesquares,0.24
126,giantsweetarts,1.99
126,gobstoppers,1.72
126,goldfishcheddar,0.25
126,goobers,0.99
126,grandmaschocolatechipcookies,0.9
126,grandmasoatmealraisincookies,0.49
126,grandmaspeanutbuttercookies,0.5
126,gummywormssour,0.24
126,heathbar,0.72
126,hostesscupcakes,0.72
126,hostesspowdereddonut,0.75
126,juniorcaramels,0.12
126,juniormints,0.23
126,kettlesaltpepperchips,1.01
126,kitkat,0.22
126,kitkatwhitechocolate,0.2
126,laffytaffysourapple,0.24
126,layscheesygarlicbread,1.22
126,laysclassic,1.48
126,laysdillpickle,0.74
126,layssourcreamandonion,1.74
126,layssweetsouthernheatbarbecue,1.23
126,lifesaversgummies,1.31
126,lifesaversgummiessours,1.49
126,mmsmilkchocolate,1.15
126,mmsmint,1.24
126,mmspeanuts,0.73
126,mentosrainbow,1.5
126,milanocookies,0.99
126,milkduds,0.87
126,milkyway,0.88
126,milkywaydark,0.11
126,munchiesjalapenocheddar,0.1
126,munchiesnachocheese,0.99
126,munchiespeanutbutter,0.84
126,nerdsrope,0.78
126,nerdsstrawberrygrape,1.19
126,oreos,1
126,oreosgolden,0.12
126,pez,0.12
126,popcornwhitecheddar,0.74
126,pringlescheddar,0.73
126,pringlesoriginal,0.49
126,pringlessourcreamonion,0.51
126,raisinetsmilkchocolate,0.85
127,100grand,1.49
127,airheadswatermelon,3.01
127,blowpopblueraspberry,2.99
127,blowpopcherry,1.5
127,blowpopsourapple,2
127,blowpopwatermelon,1.49
127,bunchacrunch,1.99
127,butterfinger,1.99
127,butterfingerbites,1.99
127,caramelapplepops,2.99
127,cheesepeanutbuttercrackers,1.49
127,cheetoscrunchy,2.49
127,cheetospuffs,2.99
127,cheezit,2.49
127,chexmixcheddar,2.84
127,chexmixtraditional,1.49
127,chipsahoy,1.5
127,comboscheddar,1.99
127,combospizzeria,1.99
127,crunch,2.5
127,doritoscoolranch,2.5
127,doritosnachocheese,2.98
127,doritospicychili,2.99
127,dots,0.99
127,dovecaramelmilkchocolate,1.99
127,dovedarkchocolatebites,0.5
127,dovemilkpeanutbutterbites,2.49
127,fritos,1.98
127,fritosbbq,1.99
127,funyuns,3.49
127,ghirardellicaramelsquares,1.49
127,ghirardellidarkchocolatesquares,1.17
127,ghirardellimilkchocolatesquares,1.49
127,giantsweetarts,1.99
127,gobstoppers,1.99
127,goldfishcheddar,2
127,goobers,1.49
127,grandmaschocolatechipcookies,3
127,grandmasoatmealraisincookies,3
127,gummywormssour,2.99
127,heathbar,2
127,hostesschocolatedonuts,2.44
127,hostesscupcakes,2.49
127,juniorcaramels,2
127,juniormints,3
127,keeblerfudgestripes,1.99
127,keeblerrainbowcookies,2.49
127,kettlebbqchips,2.47
127,kettlejalapenochips,1.99
127,kettlesaltpepperchips,1.99
127,kettlesaltvinegarchips,1.49
127,kitkat,1.49
127,kitkatwhitechocolate,1.49
127,laffytaffysourapple,2.99
127,layscheesygarlicbread,2.49
127,laysclassic,1.99
127,laysdillpickle,2.48
127,layssourcreamandonion,1.71
127,layssweetsouthernheatbarbecue,1.11
127,lifesaversgummies,1.11
127,lifesaversgummiessours,0.99
127,lindtdarkchocolate,2.49
127,lindtmilkchocolate,2.48
127,mmsmilkchocolate,1.5
127,mmspeanuts,0.99
127,mentosrainbow,3.49
127,mikeikezours,1.99
127,milanocookies,1.49
127,milkduds,1.49
127,milkyway,1.49
127,milkywaydark,2
127,munchiesjalapenocheddar,2.48
127,munchiesnachocheese,2.98
127,munchiespeanutbutter,1.49
127,nerdsrope,2.48
127,nerdsstrawberrygrape,2.48
127,oreos,1.99
127,oreosgolden,1.49
127,popcornersjalapeno,1.99
127,popcornwhitecheddar,3.98
127,pringlescheddar,2.99
127,pringlesoriginal,2.49
127,pringlessourcreamonion,3
127,raisinetsmilkchocolate,3.06
129,100grand,0.93
129,airheadswatermelon,1.51
129,blowpopblueraspberry,2.5
129,blowpopcherry,2
129,blowpopsourapple,3.48
129,bunchacrunch,1.49
129,butterfinger,1.49
129,butterfingerbites,2.5
129,caramelapplepops,2.98
129,cheesepeanutbuttercrackers,2.48
129,cheetoscrunchy,1.49
129,cheetospuffs,2.01
129,cheezit,1.57
129,cheezitwhitecheddar,1.98
129,chexmixtraditional,1.59
129,chipsahoy,2.49
129,comboscheddar,0.5
129,combospizzeria,0.47
129,crunch,1.49
129,doritoscoolranch,1.52
129,doritosnachocheese,1.98
129,dots,1.98
129,dovecaramelmilkchocolate,2.48
129,dovemilkpeanutbutterbites,3
129,famousamos,1
129,fritos,3
129,fritosbbq,2.49
129,funyuns,2
129,ghirardellicaramelsquares,3
129,ghirardellidarkchocolatesquares,2.49
129,ghirardellimilkchocolatesquares,1.97
129,giantsweetarts,1.54
129,gobstoppers,1.97
129,goldfishcheddar,1
129,goobers,1.98
129,grandmaschocolatechipcookies,1.99
129,grandmasoatmealraisincookies,1.52
129,gummywormssour,1.49
129,heathbar,0.48
129,hostesschocolatedonuts,2.5
129,juniorcaramels,1.97
129,juniormints,1.49
129,keeblerfudgestripes,1.51
129,keeblerrainbowcookies,1.98
129,kettlesaltpepperchips,3.49
129,kettlesaltvinegarchips,1.49
129,kitkat,1.51
129,kitkatwhitechocolate,0.98
129,laffytaffysourapple,0.98
129,laysdillpickle,0.54
129,layssourcreamandonion,1.98
129,layssweetsouthernheatbarbecue,1.04
129,lifesaversgummies,2.48
129,lifesaversgummiessours,2.5
129,lindtdarkchocolate,0.98
129,lindtmilkchocolate,1.5
129,mmsmilkchocolate,2.46
129,mmsmint,2.51
129,mmspeanuts,2.48
129,mmspretzel,3
129,mentosrainbow,2.97
129,mikeikezours,1.52
129,milkywaycaramel,1.49
129,milkywaydark,1.49
129,munchiesjalapenocheddar,1.53
129,munchiesnachocheese,2.98
129,oreosgolden,1.5
129,pez,1.49
129,popcornersjalapeno,1.48
129,popcornwhitecheddar,3.52
129,pringlescheddar,1.98
129,pringlesoriginal,1.98
129,raisinetsmilkchocolate,0.51
130,100grand,1.5
130,3musketeers,0.5
130,airheadsblueraspberry,0.52
130,airheadscherry,0.49
130,airheadsgreenapple,0.51
130,airheadswatermelon,1.5
130,almondjoy,0.51
130,babyruth,0.49
130,blowpopblueraspberry,1.51
130,blowpopcherry,1.51
130,blowpopsourapple,1.5
130,blowpopwatermelon,1
130,bunchacrunch,2
130,butterfinger,2
130,butterfingerbites,2.01
130,caramelapplepops,2.49
130,cheesepeanutbuttercrackers,2
130,cheetoscrunchy,2
130,cheetospuffs,2
130,cheezit,0.99
130,cheezitwhitecheddar,1.5
130,chexmixcheddar,2.48
130,chexmixtraditional,2.51
130,chipsahoy,2.49
130,comboscheddar,1.52
130,combospizzeria,1.5
130,crunch,1.51
130,doritoscoolranch,0.99
130,doritosnachocheese,1.49
130,doritospicychili,1.5
130,dots,1.99
130,dovecaramelmilkchocolate,1.49
130,dovedarkchocolatebites,0.99
130,dovemilkpeanutbutterbites,1
130,fritos,0.99
130,fritosbbq,0.98
130,ghirardellicaramelsquares,1.49
130,ghirardellidarkchocolatesquares,1.48
130,ghirardellimilkchocolatesquares,0.99
130,giantsweetarts,0.99
130,gobstoppers,1.51
130,goldfishcheddar,2.51
130,goobers,3.01
130,grandmaschocolatechipcookies,1.98
130,grandmasoatmealraisincookies,1.5
130,gummywormssour,1.5
130,heathbar,2.48
130,hostesschocolatedonuts,1.98
130,hostesscupcakes,0.99
130,hostesspowdereddonut,1.5
130,juniorcaramels,1.5
130,juniormints,1.01
130,keeblerfudgestripes,1.47
130,keeblerrainbowcookies,1.99
130,kettlebbqchips,0.98
130,kettlejalapenochips,1.49
130,kettlesaltpepperchips,1.49
130,kettlesaltvinegarchips,0.98
130,kitkat,1.51
130,kitkatwhitechocolate,1.5
130,laffytaffysourapple,1.01
130,layscheesygarlicbread,1.01
130,laysclassic,0.99
130,laysdillpickle,1.5
130,layssourcreamandonion,2.48
130,layssweetsouthernheatbarbecue,2.48
130,lifesaversgummies,2.49
130,lifesaversgummiessours,2.48
130,lindtdarkchocolate,2
130,lindtmilkchocolate,1.97
130,mmsmilkchocolate,1.98
130,mmsmint,1.5
130,mmspeanuts,1.5
130,mmspretzel,1.49
130,mikeikezours,1.98
130,milanocookies,1.48
130,milkduds,1.48
130,milkyway,1.49
130,milkywaycaramel,1.49
130,milkywaydark,1
130,munchiesjalapenocheddar,0.99
130,munchiesnachocheese,2.01
130,munchiespeanutbutter,1.49
130,nerdsrope,1
130,nerdsstrawberrygrape,1.5
130,oreos,1.52
130,oreosgolden,1.52
130,pez,2.5
130,popcornersjalapeno,1.98
130,popcornerskettle,0.99
130,popcornerswhitecheddar,1.01
130,popcornwhitecheddar,1.99
130,pringlescheddar,1.49
130,pringlesoriginal,1.5
130,pringlessourcreamonion,0.99
130,raisinetsmilkchocolate,0.99
131,airheadswatermelon,1.51
131,blowpopblueraspberry,2
131,blowpopcherry,1.48
131,blowpopsourapple,1.55
131,bunchacrunch,3.01
131,butterfinger,3
131,butterfingerbites,1.44
131,caramelapplepops,1.44
131,cheezit,1.95
131,cheezitwhitecheddar,2.01
131,chexmixcheddar,1.5
131,chipsahoy,2.97
131,doritoscoolranch,1.95
131,doritosnachocheese,2
131,doritospicychili,0.99
131,dots,1.98
131,dovecaramelmilkchocolate,2.48
131,dovedarkchocolatebites,1.43
131,funyuns,1.49
131,ghirardellimilkchocolatesquares,1.5
131,goobers,2.98
131,grandmaschocolatechipcookies,3.02
131,grandmaspeanutbuttercookies,1.49
131,gummywormssour,2.9
131,heathbar,3.02
131,hostesschocolatedonuts,2.99
131,hostesspowdereddonut,1.62
131,juniorcaramels,2.01
131,juniormints,1.46
131,keeblerfudgestripes,1.5
131,keeblerrainbowcookies,1.52
131,kettlebbqchips,1.98
131,kettlesaltpepperchips,2.49
131,kettlesaltvinegarchips,1.97
131,kitkat,1.59
131,kitkatwhitechocolate,1.47
131,laffytaffysourapple,2.03
131,laysdillpickle,1.49
131,layssweetsouthernheatbarbecue,2.01
131,lifesaversgummies,1.98
131,lifesaversgummiessours,1.99
131,lindtdarkchocolate,2.99
131,lindtmilkchocolate,2.98
131,mmsmilkchocolate,2.04
131,mmsmint,2.04
131,mmspeanuts,1.94
131,mmspretzel,1.5
131,mikeikezours,2.98
131,milanocookies,1.49
131,milkduds,1.47
131,milkyway,1.5
131,milkywaycaramel,1.94
131,milkywaydark,1.03
131,munchiesjalapenocheddar,2.06
131,munchiesnachocheese,1.52
131,munchiespeanutbutter,1.49
131,oreos,1.51
131,oreosgolden,2.99
131,pez,1.49
131,popcornwhitecheddar,1.52
131,pringlescheddar,1.46
131,pringlesoriginal,1.51
131,pringlessourcreamonion,0.99
133,3musketeers,0.59
133,airheadsblueraspberry,0.61
133,airheadsgreenapple,1.02
133,airheadswatermelon,0.95
133,almondjoy,0.5
133,babyruth,0.61
133,blowpopblueraspberry,0.54
133,blowpopcherry,1.53
133,blowpopsourapple,2.03
133,blowpopwatermelon,1.14
133,bunchacrunch,2.99
133,butterfinger,3.07
133,butterfingerbites,3.09
133,caramelapplepops,2.54
133,cheesepeanutbuttercrackers,2.08
133,cheetoscrunchy,2.12
133,cheetospuffs,2.55
133,cheezit,2.44
133,cheezitwhitecheddar,1.99
133,chexmixcheddar,2.55
133,chipsahoy,2.61
133,comboscheddar,0.56
133,combospizzeria,0.54
133,crunch,1.48
133,doritoscoolranch,2.59
133,doritosnachocheese,3.01
133,doritospicychili,2.91
133,dots,1.52
133,dovecaramelmilkchocolate,1.59
133,dovedarkchocolatebites,0.64
133,dovemilkpeanutbutterbites,2.03
133,famousamos,1.5
133,fritos,0.53
133,fritosbbq,1.54
133,funyuns,2.42
133,ghirardellicaramelsquares,2.62
133,ghirardellidarkchocolatesquares,2.51
133,ghirardellimilkchocolatesquares,1.56
133,giantsweetarts,1.54
133,gobstoppers,2.53
133,goldfishcheddar,2.48
133,grandmaschocolatechipcookies,2.53
133,grandmasoatmealraisincookies,2.59
133,grandmaspeanutbuttercookies,0.42
133,gummywormssour,3
133,heathbar,2.57
133,hostesscupcakes,1.55
133,hostesspowdereddonut,0.94
133,juniorcaramels,1.46
133,juniormints,1.07
133,keeblerfudgestripes,1.49
133,kettlebbqchips,1.11
133,kettlejalapenochips,0.93
133,kettlesaltpepperchips,1.04
133,kettlesaltvinegarchips,2.14
133,kitkat,1.03
133,kitkatwhitechocolate,1.06
133,laffytaffysourapple,0.99
133,laysclassic,2.06
133,laysdillpickle,2.96
133,layssourcreamandonion,1.54
133,layssweetsouthernheatbarbecue,2.56
133,lifesaversgummies,2.48
133,lifesaversgummiessours,2.45
133,lindtdarkchocolate,2.98
133,mmsmilkchocolate,1
133,mmspeanuts,1.99
133,mmspretzel,1.9
133,mentosrainbow,1.94
133,mikeikezours,3.05
133,milanocookies,1.61
133,milkduds,0.97
133,milkywaycaramel,1.03
133,milkywaydark,1.11
133,munchiesjalapenocheddar,2.03
133,munchiespeanutbutter,1.1
133,nerdsrope,0.6
133,oreos,0.95
133,oreosgolden,2.6
133,pez,2.49
133,popcornersjalapeno,2.56
133,popcornerskettle,0.5
133,popcornwhitecheddar,3.01
133,pringlescheddar,1.15
133,pringlesoriginal,2
133,pringlessourcreamonion,1
133,raisinetsmilkchocolate,2.08
134,100grand,0.58
134,3musketeers,0.03
134,airheadsblueraspberry,0.64
134,airheadsgreenapple,0.49
134,airheadswatermelon,0.53
134,almondjoy,0.43
134,babyruth,0.18
134,blowpopblueraspberry,0.06
134,blowpopcherry,1.53
134,blowpopsourapple,1.93
134,blowpopwatermelon,1.02
134,bunchacrunch,1.07
134,butterfinger,2.01
134,butterfingerbites,1.47
134,cheetoscrunchy,1.44
134,cheetospuffs,1.26
134,cheezitwhitecheddar,0.56
134,chexmixcheddar,2.01
134,chexmixtraditional,1.48
134,chipsahoy,1.01
134,comboscheddar,0.74
134,combospizzeria,1.02
134,crunch,1.1
134,doritoscoolranch,1.08
134,doritospicychili,2.06
134,dots,1.47
134,dovecaramelmilkchocolate,1.05
134,dovedarkchocolatebites,0.41
134,dovemilkpeanutbutterbites,1.05
134,famousamos,0.98
134,fritos,0.98
134,fritosbbq,0.81
134,funyuns,0.96
134,ghirardellimilkchocolatesquares,1.52
134,giantsweetarts,1.5
134,gobstoppers,1.02
134,goldfishcheddar,2.03
134,goobers,2.42
134,grandmaschocolatechipcookies,0.57
134,grandmasoatmealraisincookies,0.56
134,grandmaspeanutbuttercookies,0.5
134,gummywormssour,2.43
134,heathbar,0.98
134,hostesschocolatedonuts,2.48
134,hostesscupcakes,0.99
134,hostesspowdereddonut,0.54
134,juniorcaramels,0.99
134,juniormints,1.11
134,keeblerfudgestripes,0.95
134,keeblerrainbowcookies,0.56
134,kettlebbqchips,1.09
134,kettlejalapenochips,0.53
134,kettlesaltpepperchips,1.01
134,kettlesaltvinegarchips,0.48
134,kitkat,0.52
134,kitkatwhitechocolate,0.55
134,laffytaffysourapple,0.95
134,laysclassic,0.45
134,laysdillpickle,0.55
134,layssourcreamandonion,1.95
134,layssweetsouthernheatbarbecue,2.41
134,lifesaversgummies,1.78
134,lifesaversgummiessours,1.98
134,lindtdarkchocolate,1.55
134,lindtmilkchocolate,1.96
134,mmsmilkchocolate,1.56
134,mmsmint,1.02
134,mmspeanuts,1
134,mmspretzel,1.61
134,mentosrainbow,0.49
134,mikeikezours,3.02
134,milanocookies,1.58
134,milkduds,0.56
134,milkyway,0.98
134,milkywaycaramel,0.54
134,milkywaydark,1.04
134,munchiesjalapenocheddar,1.54
134,munchiesnachocheese,1.56
134,munchiespeanutbutter,0.98
134,nerdsrope,0.52
134,nerdsstrawberrygrape,0.51
134,oreos,1.97
134,oreosgolden,1.54
134,pez,1.97
134,popcornersjalapeno,1.02
134,popcornerskettle,0.18
134,popcornerswhitecheddar,0.53
134,popcornwhitecheddar,2.62
134,pringlescheddar,0.67
134,pringlesoriginal,1.1
134,raisinetsmilkchocolate,0.46
135,airheadsblueraspberry,1.03
135,airheadscherry,1
135,airheadsgreenapple,0.9
135,airheadswatermelon,1
135,babyruth,0.52
135,blowpopblueraspberry,2.23
135,blowpopcherry,1.03
135,blowpopsourapple,1.98
135,blowpopwatermelon,1.01
135,bunchacrunch,2.48
135,butterfinger,2.48
135,butterfingerbites,2.02
135,caramelapplepops,2.21
135,cheesepeanutbuttercrackers,2.34
135,cheetospuffs,1.51
135,cheezit,1.52
135,cheezitwhitecheddar,1.02
135,chexmixcheddar,2.51
135,chexmixtraditional,2.53
135,chipsahoy,2.47
135,comboscheddar,0.52
135,combospizzeria,0.49
135,crunch,1.54
135,doritoscoolranch,2.5
135,doritosnachocheese,2.98
135,dots,1.01
135,dovecaramelmilkchocolate,0.9
135,dovedarkchocolatebites,1.2
135,dovemilkpeanutbutterbites,1.47
135,famousamos,1.53
135,fritos,2
135,fritosbbq,1.47
135,ghirardellicaramelsquares,2.98
135,ghirardellidarkchocolatesquares,3.02
135,ghirardellimilkchocolatesquares,1.27
135,giantsweetarts,2.21
135,gobstoppers,1.53
135,goldfishcheddar,3.01
135,goobers,2.99
135,grandmaschocolatechipcookies,1.52
135,grandmasoatmealraisincookies,1
135,grandmaspeanutbuttercookies,0.49
135,gummywormssour,2.5
135,heathbar,2.11
135,hostesschocolatedonuts,2.77
135,hostesscupcakes,1.48
135,hostesspowdereddonut,1.76
135,juniorcaramels,1.03
135,juniormints,1.73
135,keeblerfudgestripes,1.73
135,keeblerrainbowcookies,1.21
135,kettlebbqchips,1.51
135,kettlejalapenochips,1.51
135,kettlesaltpepperchips,3
135,kettlesaltvinegarchips,1.55
135,kitkat,1.08
135,kitkatwhitechocolate,1.23
135,laffytaffysourapple,1.03
135,layscheesygarlicbread,1.98
135,laysclassic,0.99
135,laysdillpickle,1.97
135,layssourcreamandonion,3
135,layssweetsouthernheatbarbecue,2.97
135,lifesaversgummies,2.68
135,lifesaversgummiessours,2.65
135,lindtdarkchocolate,2.01
135,lindtmilkchocolate,2.48
135,mmsmilkchocolate,1.47
135,mmsmint,0.96
135,mmspeanuts,1.54
135,mmspretzel,1.27
135,mentosrainbow,3.02
135,mikeikezours,2.48
135,milanocookies,1.34
135,milkduds,1.47
135,milkyway,1.02
135,milkywaycaramel,0.98
135,milkywaydark,0.99
135,munchiesjalapenocheddar,0.99
135,munchiesnachocheese,3.53
135,munchiespeanutbutter,2.52
135,nerdsrope,2.53
135,oreos,1.99
135,oreosgolden,2.65
135,pez,2.52
135,popcornersjalapeno,2.5
135,popcornerswhitecheddar,2.01
135,pringlescheddar,1.03
135,pringlesoriginal,0.99
135,raisinetsmilkchocolate,1.04
136,bunchacrunch,1.5
136,butterfinger,1.43
136,caramelapplepops,0.98
136,cheetospuffs,2.5
136,chexmixcheddar,1.51
136,chexmixtraditional,1.5
136,chipsahoy,1.49
136,comboscheddar,0.99
136,combospizzeria,1.02
136,crunch,2
136,doritosnachocheese,1.49
136,doritospicychili,2
136,dots,1
136,dovecaramelmilkchocolate,0.48
136,famousamos,1.01
136,funyuns,1.97
136,goldfishcheddar,1.51
136,goobers,1.47
136,grandmaschocolatechipcookies,1.46
136,grandmasoatmealraisincookies,0.95
136,gummywormssour,1.5
136,heathbar,1.49
136,hostesschocolatedonuts,1.48
136,juniorcaramels,0.98
136,keeblerfudgestripes,1.01
136,keeblerrainbowcookies,0.99
136,kettlebbqchips,0.49
136,laysdillpickle,1.99
136,layssourcreamandonion,1.5
136,layssweetsouthernheatbarbecue,1.51
136,lifesaversgummies,1.52
136,lifesaversgummiessours,1.53
136,lindtdarkchocolate,2
136,lindtmilkchocolate,2.02
136,mmspretzel,1.5
136,mikeikezours,1.5
136,milkywaycaramel,0.98
136,milkywaydark,0.98
136,munchiesjalapenocheddar,1.01
136,oreosgolden,1.44
136,popcornersjalapeno,1.48
136,pringlesoriginal,0.5
137,100grand,1.01
137,3musketeers,0.5
137,airheadscherry,0.75
137,airheadswatermelon,1.03
137,babyruth,0.25
137,blowpopblueraspberry,1
137,blowpopcherry,1.01
137,blowpopsourapple,1.01
137,bunchacrunch,0.98
137,butterfinger,1.5
137,butterfingerbites,1.5
137,caramelapplepops,1.5
137,cheesepeanutbuttercrackers,0.98
137,cheetoscrunchy,1.49
137,cheetospuffs,1.49
137,cheezitwhitecheddar,1.27
137,chexmixcheddar,0.99
137,chexmixtraditional,1.22
137,chipsahoy,0.98
137,comboscheddar,0.71
137,combospizzeria,1.5
137,crunch,1.49
137,doritoscoolranch,1.01
137,doritosnachocheese,1.48
137,doritospicychili,0.97
137,dots,0.98
137,dovecaramelmilkchocolate,0.84
137,dovedarkchocolatebites,0.73
137,dovemilkpeanutbutterbites,1.5
137,fritosbbq,1
137,funyuns,1.02
137,ghirardellicaramelsquares,1.78
137,ghirardellidarkchocolatesquares,2.5
137,ghirardellimilkchocolatesquares,1.19
137,giantsweetarts,1.49
137,gobstoppers,1.47
137,goldfishcheddar,1.98
137,goobers,1.71
137,grandmaschocolatechipcookies,1.25
137,grandmasoatmealraisincookies,0.99
137,gummywormssour,1.01
137,heathbar,1
137,hostesschocolatedonuts,1.01
137,hostesscupcakes,0.48
137,juniorcaramels,1.16
137,juniormints,1.49
137,keeblerfudgestripes,0.69
137,keeblerrainbowcookies,0.84
137,kettlebbqchips,0.73
137,kettlejalapenochips,0.49
137,kettlesaltpepperchips,1.53
137,kettlesaltvinegarchips,1.49
137,kitkat,1
137,kitkatwhitechocolate,0.94
137,laffytaffysourapple,0.97
137,laysdillpickle,1.52
137,layssourcreamandonion,1.5
137,layssweetsouthernheatbarbecue,1.05
137,lifesaversgummies,1.52
137,lifesaversgummiessours,1.49
137,lindtdarkchocolate,0.97
137,lindtmilkchocolate,1.99
137,mentosrainbow,0.77
137,mikeikezours,1.04
137,milanocookies,0.99
137,milkduds,0.99
137,milkyway,1
137,munchiesnachocheese,0.99
137,munchiespeanutbutter,1.17
137,oreos,0.99
137,oreosgolden,1.01
137,pez,1.02
137,popcornersjalapeno,1.02
137,popcornerskettle,1.25
137,popcornerswhitecheddar,1.22
137,popcornwhitecheddar,1.01
137,pringlescheddar,1.47
137,raisinetsmilkchocolate,0.77
138,3musketeers,1.49
138,airheadsblueraspberry,1.49
138,airheadsgreenapple,1.97
138,airheadswatermelon,1
138,blowpopcherry,1.98
138,blowpopsourapple,2
138,blowpopwatermelon,2
138,butterfinger,2
138,butterfingerbites,1.98
138,cheetoscrunchy,1.48
138,cheetospuffs,1.51
138,chexmixcheddar,1.49
138,chexmixtraditional,1.98
138,chipsahoy,1.98
138,crunch,2
138,doritoscoolranch,0.99
138,dots,1.98
138,dovecaramelmilkchocolate,1.98
138,dovemilkpeanutbutterbites,2
138,fritos,2.03
138,giantsweetarts,1.98
138,gobstoppers,1.49
138,grandmaschocolatechipcookies,1.49
138,grandmasoatmealraisincookies,2
138,heathbar,1.99
138,hostesschocolatedonuts,2
138,juniorcaramels,2
138,juniormints,1.49
138,keeblerfudgestripes,2.01
138,keeblerrainbowcookies,1.98
138,kettlesaltpepperchips,2
138,laysclassic,0.99
138,laysdillpickle,2.01
138,lindtdarkchocolate,1.99
138,lindtmilkchocolate,2
138,mmsmilkchocolate,2.53
138,mmsmint,1.99
138,mmspretzel,2
138,milanocookies,1.49
138,milkyway,2.01
138,milkywaycaramel,1.97
138,munchiesjalapenocheddar,2.01
138,munchiespeanutbutter,1.99
138,nerdsrope,1.48
138,nerdsstrawberrygrape,1.49
138,popcornerswhitecheddar,1.49
138,pringlescheddar,2
138,pringlesoriginal,1.98
138,pringlessourcreamonion,1.01
139,100grand,1.48
139,3musketeers,0.84
139,airheadsblueraspberry,0.5
139,airheadscherry,0.51
139,airheadsgreenapple,0.5
139,airheadswatermelon,1.5
139,blowpopcherry,1.52
139,blowpopsourapple,1.98
139,butterfingerbites,2
139,cheetospuffs,0.02
139,chipsahoy,1
139,crunch,0.01
139,doritospicychili,1.5
139,dots,1.96
139,dovecaramelmilkchocolate,2.39
139,funyuns,1
139,gobstoppers,1.08
139,goldfishcheddar,2
139,gummywormssour,1.5
139,heathbar,1.02
139,hostesscupcakes,2.48
139,hostesspowdereddonut,1.53
139,juniorcaramels,1.53
139,kettlebbqchips,1
139,kitkat,1.53
139,kitkatwhitechocolate,1.49
139,layssourcreamandonion,1.97
139,lifesaversgummies,2.5
139,lifesaversgummiessours,2.49
139,lindtmilkchocolate,1.51
139,mmsmilkchocolate,1.49
139,mmsmint,1.53
139,mmspeanuts,2.02
139,milkduds,1.48
139,milkywaycaramel,1.53
139,milkywaydark,1.99
139,munchiesjalapenocheddar,1.51
139,munchiespeanutbutter,1.51
139,oreos,1.49
139,oreosgolden,2.02
139,pez,1.95
139,popcornerskettle,1.5
139,pringlescheddar,1.5
140,100grand,1.63
140,3musketeers,0.49
140,airheadsblueraspberry,0.88
140,airheadscherry,0.5
140,airheadsgreenapple,0.49
140,airheadswatermelon,1.49
140,almondjoy,0.23
140,babyruth,0.3
140,blowpopblueraspberry,1.8
140,blowpopcherry,1.17
140,blowpopsourapple,1.97
140,blowpopwatermelon,2.23
140,bunchacrunch,1.88
140,butterfinger,2.12
140,caramelapplepops,1.72
140,cheetoscrunchy,2.24
140,cheetospuffs,1.4
140,cheezit,2.18
140,cheezitwhitecheddar,1.11
140,chexmixtraditional,1.5
140,chipsahoy,1.51
140,comboscheddar,0.2
140,combospizzeria,0.32
140,crunch,1.41
140,doritoscoolranch,1.45
140,doritosnachocheese,1.67
140,doritospicychili,1.59
140,dots,0.3
140,dovecaramelmilkchocolate,0.25
140,dovedarkchocolatebites,0.99
140,dovemilkpeanutbutterbites,1.98
140,famousamos,2.6
140,fritos,1.92
140,fritosbbq,0.99
140,funyuns,1.3
140,ghirardellicaramelsquares,1.77
140,ghirardellidarkchocolatesquares,2.22
140,ghirardellimilkchocolatesquares,1.49
140,giantsweetarts,1.15
140,gobstoppers,1.51
140,goobers,1.5
140,grandmaschocolatechipcookies,1
140,grandmasoatmealraisincookies,1.47
140,grandmaspeanutbuttercookies,0.5
140,gummywormssour,1.92
140,heathbar,0.99
140,hostesschocolatedonuts,1.44
140,hostesscupcakes,1.37
140,hostesspowdereddonut,1.73
140,juniormints,1.89
140,keeblerfudgestripes,1.11
140,keeblerrainbowcookies,1.78
140,kettlebbqchips,1.04
140,kettlejalapenochips,0.99
140,kettlesaltpepperchips,1.9
140,kettlesaltvinegarchips,0.97
140,kitkat,1.42
140,kitkatwhitechocolate,1.86
140,layscheesygarlicbread,0.99
140,laysclassic,2.37
140,laysdillpickle,2.58
140,layssourcreamandonion,1.49
140,layssweetsouthernheatbarbecue,0.99
140,lifesaversgummies,2.7
140,lifesaversgummiessours,1.24
140,lindtdarkchocolate,1.73
140,lindtmilkchocolate,1.63
140,mmsmilkchocolate,2.08
140,mmsmint,0.94
140,mmspeanuts,0.98
140,mmspretzel,2.01
140,mentosrainbow,1.3
140,mikeikezours,1.49
140,milanocookies,0.76
140,milkduds,1.16
140,milkyway,1.32
140,milkywaycaramel,1.51
140,milkywaydark,1.46
140,munchiesjalapenocheddar,1.48
140,nerdsrope,2
140,nerdsstrawberrygrape,1.73
140,oreos,1
140,oreosgolden,1.76
140,pez,1.48
140,popcornersjalapeno,1.91
140,popcornerskettle,0.99
140,popcornerswhitecheddar,1.01
140,popcornwhitecheddar,1.42
140,pringlescheddar,1.16
140,pringlesoriginal,1.97
140,pringlessourcreamonion,1.19
140,raisinetsmilkchocolate,0.48
141,100grand,1.47
141,3musketeers,0.45
141,airheadsblueraspberry,1.52
141,airheadscherry,0.46
141,airheadsgreenapple,0.51
141,airheadswatermelon,1.47
141,almondjoy,0.12
141,babyruth,1.55
141,blowpopblueraspberry,2.99
141,blowpopcherry,1.51
141,blowpopsourapple,2.49
141,blowpopwatermelon,0.39
141,bunchacrunch,1.48
141,butterfinger,1.98
141,butterfingerbites,1.49
141,caramelapplepops,1.08
141,cheesepeanutbuttercrackers,1.47
141,cheetospuffs,0.98
141,cheezit,1.01
141,cheezitwhitecheddar,1.49
141,chexmixcheddar,2
141,chexmixtraditional,1.97
141,chipsahoy,2.47
141,comboscheddar,1.5
141,combospizzeria,0.97
141,crunch,0.99
141,doritoscoolranch,1.48
141,doritosnachocheese,2
141,doritospicychili,1.47
141,dots,1.95
141,dovecaramelmilkchocolate,1.97
141,dovedarkchocolatebites,1.51
141,dovemilkpeanutbutterbites,1.02
141,famousamos,1.52
141,fritos,0.99
141,fritosbbq,3.98
141,funyuns,0.52
141,ghirardellicaramelsquares,1.01
141,ghirardellidarkchocolatesquares,1.02
141,ghirardellimilkchocolatesquares,0.99
141,giantsweetarts,1.01
141,gobstoppers,0.47
141,goldfishcheddar,2.5
141,goobers,2.49
141,grandmaschocolatechipcookies,0.46
141,grandmasoatmealraisincookies,1.02
141,grandmaspeanutbuttercookies,0.51
141,gummywormssour,2
141,heathbar,0.98
141,hostesschocolatedonuts,2.02
141,hostesscupcakes,0.99
141,hostesspowdereddonut,2.48
141,juniorcaramels,1.97
141,juniormints,1.47
141,keeblerfudgestripes,1.45
141,keeblerrainbowcookies,1.45
141,kettlebbqchips,1.5
141,kettlejalapenochips,1.49
141,kettlesaltpepperchips,1.98
141,kettlesaltvinegarchips,2.49
141,kitkat,1.49
141,kitkatwhitechocolate,1.98
141,laffytaffysourapple,2.51
141,layscheesygarlicbread,1.49
141,laysclassic,0.98
141,laysdillpickle,0.98
141,layssourcreamandonion,1.99
141,lifesaversgummies,1.49
141,lifesaversgummiessours,2.49
141,lindtdarkchocolate,2.03
141,lindtmilkchocolate,1.49
141,mmsmilkchocolate,2.53
141,mmsmint,1.01
141,mmspeanuts,0.97
141,mmspretzel,1.5
141,mikeikezours,1.52
141,milanocookies,1.49
141,milkduds,2.51
141,milkyway,1.5
141,milkywaycaramel,1.99
141,milkywaydark,1.5
141,munchiesjalapenocheddar,3.99
141,munchiesnachocheese,2.48
141,munchiespeanutbutter,1.99
141,nerdsrope,1.99
141,nerdsstrawberrygrape,1.5
141,oreos,1.98
141,oreosgolden,0.99
141,pez,2.51
141,popcornersjalapeno,1.5
141,popcornerskettle,0.99
141,popcornerswhitecheddar,0.97
141,popcornwhitecheddar,3.99
141,pringlescheddar,1.99
141,pringlesoriginal,2.01
141,pringlessourcreamonion,1.5
141,raisinetsmilkchocolate,0.96
142,100grand,0.98
142,3musketeers,0.96
142,airheadsblueraspberry,0.98
142,airheadscherry,0.92
142,airheadsgreenapple,0.97
142,almondjoy,0.5
142,babyruth,0.5
142,blowpopblueraspberry,1.97
142,blowpopcherry,0.99
142,blowpopsourapple,0.52
142,blowpopwatermelon,0.51
142,bunchacrunch,1.99
142,butterfinger,1.47
142,butterfingerbites,1.03
142,caramelapplepops,0.5
142,cheesepeanutbuttercrackers,1.01
142,cheetoscrunchy,0.46
142,cheetospuffs,1.05
142,cheezit,0.47
142,cheezitwhitecheddar,2
142,chexmixcheddar,1.49
142,chipsahoy,2.02
142,comboscheddar,1.01
142,combospizzeria,2.53
142,crunch,1.45
142,doritoscoolranch,0.99
142,doritosnachocheese,1.01
142,doritospicychili,1.99
142,dots,3.98
142,dovecaramelmilkchocolate,2.96
142,dovedarkchocolatebites,1.01
142,dovemilkpeanutbutterbites,1
142,famousamos,1
142,fritos,0.99
142,fritosbbq,0.99
142,funyuns,1.99
142,ghirardellicaramelsquares,0.98
142,ghirardellidarkchocolatesquares,0.97
142,ghirardellimilkchocolatesquares,0.97
142,giantsweetarts,1.01
142,gobstoppers,1.04
142,goldfishcheddar,2.01
142,goobers,0.47
142,grandmaschocolatechipcookies,1.97
142,grandmasoatmealraisincookies,0.99
142,grandmaspeanutbuttercookies,0.99
142,gummywormssour,1.01
142,heathbar,2
142,hostesschocolatedonuts,1.46
142,hostesscupcakes,1.94
142,hostesspowdereddonut,2
142,juniorcaramels,3.08
142,juniormints,2.01
142,keeblerfudgestripes,2
142,keeblerrainbowcookies,1.98
142,kettlebbqchips,0.99
142,kettlejalapenochips,1.49
142,kettlesaltpepperchips,2.51
142,kettlesaltvinegarchips,0.95
142,kitkat,1.48
142,kitkatwhitechocolate,0.96
142,laffytaffysourapple,2.45
142,layscheesygarlicbread,0.97
142,laysdillpickle,1.97
142,layssourcreamandonion,1
142,layssweetsouthernheatbarbecue,0.54
142,lifesaversgummies,0.98
142,lifesaversgummiessours,0.98
142,lindtdarkchocolate,0.99
142,lindtmilkchocolate,1.53
142,mmsmilkchocolate,3.01
142,mmsmint,2
142,mmspeanuts,2.05
142,mmspretzel,0.48
142,mentosrainbow,0.97
142,mikeikezours,3.01
142,milkduds,0.98
142,milkyway,1.5
142,milkywaycaramel,2.01
142,munchiesjalapenocheddar,1.99
142,munchiesnachocheese,1
142,munchiespeanutbutter,2.02
142,nerdsstrawberrygrape,1.99
142,oreos,1
142,oreosgolden,0.99
142,pez,1.02
142,popcornersjalapeno,1.02
142,popcornerskettle,2.04
142,popcornerswhitecheddar,1.98
142,popcornwhitecheddar,0.99
142,pringlescheddar,1.97
142,pringlesoriginal,1.94
142,pringlessourcreamonion,2.01
142,raisinetsmilkchocolate,0.99
143,100grand,1.51
143,3musketeers,1.51
143,airheadsblueraspberry,0.98
143,airheadscherry,1.21
143,airheadsgreenapple,1.42
143,airheadswatermelon,1.48
143,almondjoy,0.47
143,babyruth,0.19
143,blowpopblueraspberry,1.99
143,bunchacrunch,2.99
143,butterfinger,2.48
143,butterfingerbites,1.47
143,caramelapplepops,1.75
143,cheetospuffs,1
143,cheezitwhitecheddar,2.18
143,chexmixcheddar,2.5
143,chexmixtraditional,2.35
143,chipsahoy,1.99
143,comboscheddar,0.52
143,combospizzeria,0.53
143,crunch,1.63
143,doritoscoolranch,2.12
143,doritosnachocheese,2.49
143,doritospicychili,1.53
143,dots,2.47
143,dovecaramelmilkchocolate,2.86
143,dovedarkchocolatebites,1.99
143,dovemilkpeanutbutterbites,2.48
143,famousamos,1.98
143,fritosbbq,1.72
143,funyuns,3.49
143,ghirardellicaramelsquares,3.97
143,ghirardellidarkchocolatesquares,3.98
143,giantsweetarts,2.06
143,gobstoppers,1.22
143,goldfishcheddar,2
143,goobers,1.48
143,grandmaschocolatechipcookies,1.49
143,grandmasoatmealraisincookies,2.97
143,grandmaspeanutbuttercookies,1.5
143,gummywormssour,1.53
143,heathbar,1
143,hostesschocolatedonuts,2.2
143,hostesscupcakes,1.49
143,hostesspowdereddonut,1
143,juniorcaramels,1.5
143,keeblerrainbowcookies,0.99
143,kettlebbqchips,1.03
143,kettlejalapenochips,2
143,kettlesaltvinegarchips,0.99
143,kitkat,1.77
143,kitkatwhitechocolate,1.5
143,laffytaffysourapple,1.47
143,layscheesygarlicbread,1.99
143,laysclassic,1.03
143,laysdillpickle,2.99
143,layssweetsouthernheatbarbecue,1.72
143,lifesaversgummies,1.31
143,lifesaversgummiessours,1.26
143,lindtmilkchocolate,1.49
143,mentosrainbow,2
143,mikeikezours,2.17
143,milanocookies,1.33
143,milkduds,1.47
143,milkyway,1.5
143,milkywaydark,1.47
143,munchiespeanutbutter,1.6
143,nerdsrope,0.99
143,nerdsstrawberrygrape,0.99
143,oreos,2.5
143,oreosgolden,1.54
143,pez,2.51
143,popcornersjalapeno,2.39
143,popcornerskettle,2
143,popcornerswhitecheddar,2.47
143,popcornwhitecheddar,2.01
143,pringlescheddar,1.98
144,100grand,0.59
144,airheadsblueraspberry,0.35
144,airheadscherry,0.61
144,airheadsgreenapple,0.45
144,airheadswatermelon,0.5
144,babyruth,0.25
144,blowpopblueraspberry,0.83
144,blowpopcherry,0.6
144,blowpopwatermelon,0.5
144,bunchacrunch,0.98
144,butterfinger,1.25
144,butterfingerbites,0.72
144,caramelapplepops,0.89
144,cheesepeanutbuttercrackers,0.48
144,cheetoscrunchy,0.5
144,cheetospuffs,0.77
144,cheezit,0.48
144,cheezitwhitecheddar,0.55
144,chexmixcheddar,0.75
144,chexmixtraditional,1.05
144,chipsahoy,1.25
144,comboscheddar,0.6
144,combospizzeria,0.73
144,crunch,0.73
144,doritoscoolranch,1.04
144,dots,1
144,dovemilkpeanutbutterbites,0.75
144,famousamos,0.24
144,fritos,1.01
144,fritosbbq,0.99
144,funyuns,1.17
144,ghirardellicaramelsquares,1.15
144,ghirardellidarkchocolatesquares,0.86
144,ghirardellimilkchocolatesquares,0.83
144,giantsweetarts,0.94
144,gobstoppers,0.49
144,goldfishcheddar,1.51
144,grandmaschocolatechipcookies,1.25
144,grandmasoatmealraisincookies,1
144,grandmaspeanutbuttercookies,0.38
144,gummywormssour,1.01
144,heathbar,0.52
144,hostesschocolatedonuts,0.47
144,hostesscupcakes,0.51
144,hostesspowdereddonut,0.86
144,juniorcaramels,0.84
144,juniormints,1.01
144,keeblerrainbowcookies,1.1
144,kettlebbqchips,1.01
144,kettlejalapenochips,0.86
144,kettlesaltpepperchips,1.5
144,kettlesaltvinegarchips,1.05
144,kitkat,0.48
144,kitkatwhitechocolate,0.73
144,laffytaffysourapple,0.72
144,layscheesygarlicbread,1.23
144,laysclassic,0.51
144,laysdillpickle,1.51
144,layssourcreamandonion,0.72
144,layssweetsouthernheatbarbecue,1.24
144,lifesaversgummies,1.22
144,lifesaversgummiessours,1.53
144,lindtdarkchocolate,0.49
144,lindtmilkchocolate,1.06
144,mmsmilkchocolate,0.8
144,mmsmint,1
144,mmspeanuts,1.27
144,mentosrainbow,1.01
144,mikeikezours,0.5
144,milanocookies,0.76
144,milkduds,0.86
144,milkyway,0.91
144,milkywaycaramel,0.77
144,milkywaydark,0.79
144,munchiesjalapenocheddar,0.83
144,munchiesnachocheese,0.57
144,munchiespeanutbutter,0.5
144,nerdsrope,0.78
144,nerdsstrawberrygrape,0.77
144,oreos,0.62
144,oreosgolden,1.01
144,pez,0.75
144,popcornersjalapeno,1.01
144,popcornwhitecheddar,1
144,pringlescheddar,0.75
144,pringlesoriginal,0.87
144,pringlessourcreamonion,0.74
145,3musketeers,0.41
145,airheadsblueraspberry,0.5
145,airheadscherry,0.5
145,airheadsgreenapple,0.46
145,almondjoy,0.5
145,babyruth,0.47
145,blowpopblueraspberry,0.98
145,blowpopwatermelon,1.02
145,bunchacrunch,1.5
145,butterfinger,1.48
145,butterfingerbites,1.5
145,caramelapplepops,1.51
145,cheetoscrunchy,1.47
145,cheetospuffs,1.5
145,cheezit,1.53
145,cheezitwhitecheddar,0.99
145,chexmixcheddar,1.57
145,chexmixtraditional,1.49
145,chipsahoy,1.47
145,comboscheddar,0.99
145,combospizzeria,0.48
145,crunch,1.52
145,doritoscoolranch,0.98
145,doritosnachocheese,2.02
145,doritospicychili,1.57
145,dots,0.96
145,dovecaramelmilkchocolate,0.99
145,dovemilkpeanutbutterbites,0.95
145,famousamos,0.97
145,fritos,0.99
145,funyuns,1.51
145,ghirardellicaramelsquares,1.49
145,ghirardellidarkchocolatesquares,1.54
145,giantsweetarts,1.52
145,gobstoppers,1.54
145,goobers,1.99
145,grandmaschocolatechipcookies,0.98
145,grandmasoatmealraisincookies,0.98
145,gummywormssour,1.55
145,heathbar,1.48
145,hostesschocolatedonuts,1.49
145,hostesscupcakes,1.52
145,hostesspowdereddonut,1.03
145,juniorcaramels,1.01
145,juniormints,1.02
145,keeblerfudgestripes,0.99
145,keeblerrainbowcookies,1.56
145,kettlebbqchips,1.47
145,kettlejalapenochips,0.93
145,kettlesaltpepperchips,0.99
145,layscheesygarlicbread,1.01
145,laysdillpickle,1.04
145,layssourcreamandonion,1.52
145,lindtdarkchocolate,1.51
145,lindtmilkchocolate,1.49
145,mmsmint,1.01
145,mmspeanuts,1.53
145,mmspretzel,1.51
145,mentosrainbow,2.07
145,mikeikezours,1.51
145,milanocookies,0.98
145,milkduds,0.94
145,milkyway,1.03
145,milkywaycaramel,0.99
145,milkywaydark,1
145,munchiesjalapenocheddar,0.95
145,munchiesnachocheese,1.97
145,munchiespeanutbutter,1.45
145,nerdsrope,1.49
145,nerdsstrawberrygrape,1.47
145,oreos,1.51
145,oreosgolden,1.5
145,pez,1.46
145,popcornersjalapeno,1.5
145,popcornerskettle,1.48
145,popcornerswhitecheddar,1.44
145,popcornwhitecheddar,2.51
145,pringlescheddar,1.02
145,pringlesoriginal,0.99
145,pringlessourcreamonion,1.53
146,3musketeers,0.02
146,airheadsblueraspberry,0.14
146,airheadscherry,0.03
146,airheadsgreenapple,0.01
146,almondjoy,0.02
146,babyruth,0.01
146,blowpopcherry,0.2
146,blowpopsourapple,2.5
146,blowpopwatermelon,0.5
146,bunchacrunch,2.5
146,butterfinger,2.98
146,butterfingerbites,1.02
146,caramelapplepops,1
146,cheesepeanutbuttercrackers,1.04
146,cheetoscrunchy,1
146,cheetospuffs,0.99
146,cheezitwhitecheddar,0.45
146,chexmixcheddar,0.5
146,chexmixtraditional,0.5
146,chipsahoy,2.51
146,comboscheddar,3
146,combospizzeria,3.95
146,crunch,0.5
146,doritosnachocheese,2.5
146,doritospicychili,1.52
146,dots,3.98
146,dovecaramelmilkchocolate,3.94
146,dovemilkpeanutbutterbites,1
146,fritos,0.97
146,fritosbbq,0.76
146,funyuns,1
146,giantsweetarts,1.01
146,gobstoppers,1.48
146,goldfishcheddar,3.48
146,goobers,3.5
146,grandmaschocolatechipcookies,0.98
146,grandmasoatmealraisincookies,1.01
146,gummywormssour,2.75
146,heathbar,0.48
146,hostesschocolatedonuts,3.49
146,hostesscupcakes,0.99
146,hostesspowdereddonut,1
146,juniorcaramels,0.49
146,juniormints,0.8
146,keeblerfudgestripes,0.5
146,keeblerrainbowcookies,0.7
146,kettlejalapenochips,2
146,kettlesaltpepperchips,3
146,kettlesaltvinegarchips,2.51
146,kitkat,0.5
146,laysclassic,0.02
146,laysdillpickle,1.5
146,layssourcreamandonion,2.02
146,lindtdarkchocolate,1.49
146,lindtmilkchocolate,1.5
146,mmsmilkchocolate,0.5
146,mmsmint,0.5
146,mmspeanuts,0.45
146,mmspretzel,1
146,mentosrainbow,0.5
146,mikeikezours,2.51
146,milanocookies,0.5
146,milkduds,0.41
146,milkyway,0.98
146,munchiesjalapenocheddar,0.47
146,munchiesnachocheese,1.49
146,munchiespeanutbutter,1.01
146,nerdsstrawberrygrape,0.98
146,oreos,2
146,oreosgolden,0.5
146,pez,0.01
146,popcornersjalapeno,0.51
146,popcornerskettle,0.96
146,popcornerswhitecheddar,1.47
146,popcornwhitecheddar,3
146,pringlescheddar,0.04
146,pringlessourcreamonion,1.01
146,raisinetsmilkchocolate,0.52
147,airheadswatermelon,1.5
147,babyruth,0.5
147,bunchacrunch,1.49
147,butterfinger,1.49
147,butterfingerbites,1.5
147,caramelapplepops,1.49
147,cheesepeanutbuttercrackers,1.5
147,cheetoscrunchy,1.5
147,cheetospuffs,2
147,cheezitwhitecheddar,1
147,chexmixtraditional,1.48
147,chipsahoy,1.52
147,comboscheddar,1.49
147,combospizzeria,0.99
147,crunch,1.99
147,doritoscoolranch,1.5
147,doritosnachocheese,1.5
147,doritospicychili,0.99
147,dots,0.99
147,dovecaramelmilkchocolate,0.99
147,dovedarkchocolatebites,0.99
147,dovemilkpeanutbutterbites,1.5
147,famousamos,1.5
147,fritosbbq,1
147,funyuns,2.5
147,ghirardellimilkchocolatesquares,1.99
147,giantsweetarts,1.98
147,goldfishcheddar,0.99
147,grandmaschocolatechipcookies,2.48
147,grandmasoatmealraisincookies,1.5
147,gummywormssour,1.49
147,heathbar,1.49
147,hostesschocolatedonuts,1.5
147,hostesscupcakes,0.98
147,hostesspowdereddonut,1.5
147,juniorcaramels,0.99
147,kettlebbqchips,1.49
147,kettlejalapenochips,1.49
147,kettlesaltpepperchips,2.49
147,layssourcreamandonion,1.99
147,layssweetsouthernheatbarbecue,2.01
147,lifesaversgummies,1.99
147,lifesaversgummiessours,2
147,lindtdarkchocolate,1.5
147,lindtmilkchocolate,2
147,milanocookies,0.99
147,milkduds,0.99
147,milkywaycaramel,1.5
147,milkywaydark,1.5
147,munchiespeanutbutter,3.98
147,oreos,0.99
147,oreosgolden,1.48
147,pez,1.51
147,popcornersjalapeno,1.49
147,popcornerskettle,1.01
147,popcornerswhitecheddar,0.99
147,popcornwhitecheddar,2.49
147,pringlescheddar,1.49
147,pringlessourcreamonion,1.49
148,100grand,1.01
148,3musketeers,0.48
148,airheadscherry,0.47
148,airheadsgreenapple,0.48
148,blowpopblueraspberry,1.03
148,blowpopcherry,2.01
148,blowpopsourapple,3.01
148,bunchacrunch,1.52
148,butterfingerbites,1.5
148,caramelapplepops,1.5
148,cheetospuffs,2.01
148,cheezitwhitecheddar,2
148,chexmixtraditional,1.98
148,chipsahoy,1.99
148,comboscheddar,0.51
148,combospizzeria,0.53
148,crunch,1.97
148,doritoscoolranch,1.47
148,doritospicychili,1.99
148,dots,0.52
148,dovecaramelmilkchocolate,0.54
148,dovemilkpeanutbutterbites,1.97
148,fritos,2.04
148,fritosbbq,1.99
148,funyuns,0.52
148,ghirardellicaramelsquares,2
148,ghirardellimilkchocolatesquares,1.44
148,giantsweetarts,1.56
148,gobstoppers,2
148,grandmaschocolatechipcookies,2
148,grandmasoatmealraisincookies,1.47
148,heathbar,1.01
148,hostesschocolatedonuts,0.99
148,hostesscupcakes,0.48
148,hostesspowdereddonut,0.5
148,juniorcaramels,1.48
148,juniormints,1.99
148,keeblerfudgestripes,1.98
148,keeblerrainbowcookies,2.03
148,kettlesaltpepperchips,1.49
148,kettlesaltvinegarchips,0.49
148,kitkat,1.48
148,kitkatwhitechocolate,0.98
148,laffytaffysourapple,1.49
148,laysdillpickle,1.03
148,lifesaversgummies,1.51
148,lindtmilkchocolate,2.01
148,mmsmilkchocolate,1.02
148,mmsmint,1.49
148,mmspeanuts,2.04
148,mmspretzel,2.02
148,mentosrainbow,1.49
148,milkyway,1.01
148,milkywaycaramel,1.55
148,milkywaydark,1.49
148,munchiesjalapenocheddar,1.51
148,munchiesnachocheese,2.03
148,munchiespeanutbutter,0.48
148,nerdsrope,0.5
148,nerdsstrawberrygrape,0.47
148,oreos,0.99
148,pez,2.52
148,popcornersjalapeno,1.46
148,popcornerskettle,0.52
148,popcornerswhitecheddar,0.5
148,pringlescheddar,1.5
148,pringlesoriginal,1.47
148,raisinetsmilkchocolate,0.51
149,blowpopblueraspberry,1.15
149,blowpopsourapple,0.39
149,bunchacrunch,0.5
149,cheetoscrunchy,0.53
149,cheetospuffs,1.34
149,cheezitwhitecheddar,1.25
149,chexmixtraditional,0.72
149,chipsahoy,0.93
149,combospizzeria,0.17
149,crunch,1.42
149,dots,0.44
149,dovecaramelmilkchocolate,0.29
149,dovemilkpeanutbutterbites,1.5
149,fritosbbq,0.8
149,funyuns,1.26
149,ghirardellicaramelsquares,1.67
149,ghirardellidarkchocolatesquares,1.67
149,giantsweetarts,1.09
149,gobstoppers,1.22
149,goobers,0.12
149,grandmaschocolatechipcookies,1.06
149,grandmasoatmealraisincookies,0.99
149,heathbar,0.69
149,juniorcaramels,0.44
149,keeblerfudgestripes,0.99
149,keeblerrainbowcookies,0.96
149,kettlesaltpepperchips,1.12
149,laysdillpickle,1.73
149,lindtdarkchocolate,0.95
149,lindtmilkchocolate,1.58
149,mmsmilkchocolate,1.11
149,mmsmint,1.07
149,mmspeanuts,0.5
149,mmspretzel,0.21
149,mikeikezours,0.6
149,milkywaycaramel,0.74
149,milkywaydark,0.24
149,munchiesjalapenocheddar,1.07
149,popcornwhitecheddar,1.85
149,pringlescheddar,1.13
149,pringlesoriginal,1
150,100grand,2.5
150,3musketeers,1.68
150,airheadscherry,1
150,airheadsgreenapple,1.86
150,blowpopblueraspberry,0.5
150,blowpopcherry,1.14
150,blowpopsourapple,1
150,blowpopwatermelon,0.5
150,bunchacrunch,1.99
150,butterfinger,1
150,butterfingerbites,0.88
150,caramelapplepops,1.49
150,cheesepeanutbuttercrackers,1.49
150,cheetospuffs,1.17
150,cheezitwhitecheddar,0.85
150,chexmixtraditional,0.85
150,chipsahoy,0.99
150,combospizzeria,0.94
150,crunch,0.99
150,doritoscoolranch,1.77
150,dots,1.99
150,dovecaramelmilkchocolate,2.25
150,dovedarkchocolatebites,0.49
150,dovemilkpeanutbutterbites,1.71
150,fritos,1.99
150,funyuns,1.99
150,giantsweetarts,1.99
150,gobstoppers,1.58
150,goobers,1.37
150,grandmaschocolatechipcookies,1.73
150,grandmasoatmealraisincookies,0.99
150,gummywormssour,2.49
150,heathbar,1.75
150,hostesscupcakes,1.16
150,hostesspowdereddonut,1
150,juniorcaramels,1.99
150,juniormints,1.38
150,keeblerfudgestripes,1.27
150,keeblerrainbowcookies,1.17
150,kettlesaltpepperchips,2.49
150,kitkat,1.77
150,kitkatwhitechocolate,0.99
150,laffytaffysourapple,2
150,layscheesygarlicbread,1
150,laysclassic,0.78
150,layssourcreamandonion,1
150,lifesaversgummies,0.77
150,lindtdarkchocolate,1.49
150,lindtmilkchocolate,1.12
150,mmsmilkchocolate,2.39
150,mmsmint,1.99
150,mmspeanuts,2
150,mentosrainbow,1.75
150,munchiespeanutbutter,1.15
150,nerdsrope,1.88
150,oreos,1.49
150,oreosgolden,1.23
150,pez,0.5
150,popcornerskettle,2
150,popcornerswhitecheddar,1.89
150,popcornwhitecheddar,0.78
150,pringlescheddar,2.29
150,pringlesoriginal,2.24
150,raisinetsmilkchocolate,1.76
151,almondjoy,0.2
151,babyruth,0.24
151,butterfinger,0.98
151,butterfingerbites,1
151,cheesepeanutbuttercrackers,0.99
151,cheetoscrunchy,1.01
151,cheetospuffs,0.49
151,chexmixcheddar,0.99
151,chexmixtraditional,0.98
151,chipsahoy,0.99
151,crunch,0.99
151,doritoscoolranch,1
151,doritosnachocheese,0.99
151,doritospicychili,0.98
151,dots,0.3
151,dovecaramelmilkchocolate,0.28
151,dovemilkpeanutbutterbites,0.99
151,ghirardellimilkchocolatesquares,0.48
151,giantsweetarts,0.99
151,goldfishcheddar,0.49
151,goobers,0.99
151,grandmasoatmealraisincookies,0.99
151,gummywormssour,0.99
151,heathbar,2.01
151,hostesschocolatedonuts,0.98
151,hostesscupcakes,0.98
151,hostesspowdereddonut,0.99
151,juniormints,1.01
151,layssourcreamandonion,0.98
151,lindtdarkchocolate,0.99
151,lindtmilkchocolate,1.49
151,mmspretzel,1
151,mentosrainbow,1.01
151,mikeikezours,0.99
151,milanocookies,0.99
151,milkduds,1.01
151,munchiespeanutbutter,0.97
151,oreos,0.47
151,oreosgolden,0.97
151,pez,1
151,popcornersjalapeno,0.99
152,airheadscherry,0.21
152,babyruth,0.27
152,blowpopcherry,0.99
152,blowpopsourapple,1.23
152,butterfingerbites,0.99
152,cheetospuffs,0.72
152,chipsahoy,1
152,comboscheddar,0.19
152,combospizzeria,0.26
152,crunch,0.5
152,dots,0.3
152,dovecaramelmilkchocolate,0.32
152,dovemilkpeanutbutterbites,0.99
152,ghirardellicaramelsquares,0.98
152,ghirardellidarkchocolatesquares,0.72
152,ghirardellimilkchocolatesquares,0.99
152,giantsweetarts,0.99
152,gobstoppers,0.72
152,goobers,0.99
152,grandmaschocolatechipcookies,1.23
152,hostesscupcakes,1
152,juniorcaramels,0.71
152,keeblerfudgestripes,0.99
152,kettlesaltpepperchips,0.73
152,kettlesaltvinegarchips,0.99
152,kitkat,0.86
152,kitkatwhitechocolate,0.5
152,layscheesygarlicbread,0.71
152,laysclassic,0.99
152,layssourcreamandonion,0.75
152,lifesaversgummies,0.75
152,lindtmilkchocolate,0.74
152,mmsmilkchocolate,0.99
152,mmsmint,1
152,mmspeanuts,0.99
152,mmspretzel,0.72
152,mentosrainbow,0.71
152,milkywaycaramel,1
152,milkywaydark,0.99
152,nerdsrope,0.75
152,oreos,0.99
152,pringlescheddar,0.99
152,raisinetsmilkchocolate,0.22
153,100grand,1.47
153,3musketeers,0.55
153,airheadsblueraspberry,0.55
153,airheadscherry,0.56
153,airheadsgreenapple,0.48
153,almondjoy,0.53
153,babyruth,0.56
153,blowpopblueraspberry,1.09
153,blowpopcherry,1.52
153,blowpopsourapple,2.02
153,bunchacrunch,3.1
153,butterfinger,3.01
153,butterfingerbites,2.99
153,caramelapplepops,3.03
153,cheesepeanutbuttercrackers,3.11
153,cheetospuffs,2
153,cheezit,0.49
153,cheezitwhitecheddar,0.94
153,chexmixcheddar,2.01
153,chexmixtraditional,2.42
153,chipsahoy,2.53
153,combospizzeria,1.46
153,crunch,1.54
153,doritospicychili,1.04
153,dots,1.05
153,dovecaramelmilkchocolate,0.98
153,dovedarkchocolatebites,1
153,dovemilkpeanutbutterbites,1.02
153,famousamos,0.98
153,fritos,0.97
153,fritosbbq,1.49
153,funyuns,0.99
153,ghirardellicaramelsquares,3.52
153,ghirardellidarkchocolatesquares,3.41
153,ghirardellimilkchocolatesquares,1.54
153,giantsweetarts,1.49
153,gobstoppers,1.49
153,goldfishcheddar,2.96
153,goobers,3.55
153,grandmaschocolatechipcookies,1.53
153,grandmasoatmealraisincookies,1.01
153,grandmaspeanutbuttercookies,0.51
153,gummywormssour,2.56
153,heathbar,1.97
153,hostesschocolatedonuts,2.51
153,hostesscupcakes,1.44
153,hostesspowdereddonut,0.92
153,juniormints,1.52
153,keeblerfudgestripes,1.51
153,keeblerrainbowcookies,1.55
153,kettlejalapenochips,0.89
153,kettlesaltpepperchips,3.07
153,kettlesaltvinegarchips,1.5
153,kitkat,1.07
153,laffytaffysourapple,2
153,layscheesygarlicbread,1.54
153,laysclassic,0.99
153,laysdillpickle,1.47
153,layssourcreamandonion,3.05
153,layssweetsouthernheatbarbecue,2.98
153,lifesaversgummies,3.03
153,lifesaversgummiessours,3.01
153,lindtdarkchocolate,1.5
153,lindtmilkchocolate,1.58
153,mmsmilkchocolate,1.03
153,mmsmint,1.07
153,mmspeanuts,2.5
153,mentosrainbow,3.01
153,mikeikezours,2.43
153,milanocookies,1.46
153,milkduds,1.55
153,milkyway,1.04
153,milkywaycaramel,1.01
153,milkywaydark,1.52
153,munchiesjalapenocheddar,1.52
153,munchiesnachocheese,3.96
153,munchiespeanutbutter,0.98
153,nerdsrope,1.53
153,nerdsstrawberrygrape,1.05
153,oreos,0.38
153,pez,2.51
153,popcornersjalapeno,3.08
153,popcornerskettle,0.99
153,popcornerswhitecheddar,1.59
153,popcornwhitecheddar,3.97
153,pringlescheddar,1.45
153,pringlesoriginal,1.05
153,pringlessourcreamonion,0.98
153,raisinetsmilkchocolate,2.11
155,blowpopwatermelon,0.53
155,butterfingerbites,0.84
155,cheetoscrunchy,1.08
155,cheetospuffs,1.08
155,cheezitwhitecheddar,0.48
155,chexmixtraditional,1.04
155,chipsahoy,1
155,comboscheddar,1.98
155,crunch,2.51
155,doritoscoolranch,0.87
155,doritosnachocheese,1.98
155,dots,2.4
155,dovemilkpeanutbutterbites,0.63
155,famousamos,0.97
155,giantsweetarts,1.07
155,goldfishcheddar,1.95
155,goobers,2.02
155,grandmaschocolatechipcookies,1.57
155,heathbar,1.18
155,hostesschocolatedonuts,2.11
155,hostesscupcakes,0.98
155,kettlejalapenochips,0.01
155,kettlesaltpepperchips,2.39
155,layssourcreamandonion,1.1
155,layssweetsouthernheatbarbecue,1.52
155,lifesaversgummies,1.04
155,lindtmilkchocolate,0.96
155,mmsmint,0.48
155,mmspretzel,1.05
155,mentosrainbow,1
155,mikeikezours,1.96
155,milkywaycaramel,0.6
155,milkywaydark,0.46
155,munchiesnachocheese,1.06
155,munchiespeanutbutter,1.46
155,nerdsrope,0.95
155,nerdsstrawberrygrape,0.98
155,oreos,0.59
155,pez,0.95
155,popcornersjalapeno,1.43
155,popcornwhitecheddar,0.93
155,pringlescheddar,0.49
155,raisinetsmilkchocolate,0.93
156,airheadswatermelon,1.5
156,almondjoy,1.11
156,babyruth,0.63
156,blowpopcherry,0.94
156,blowpopsourapple,2.34
156,blowpopwatermelon,0.5
156,bunchacrunch,2.31
156,butterfinger,1.92
156,butterfingerbites,1.56
156,caramelapplepops,0.72
156,cheesepeanutbuttercrackers,0.84
156,cheetoscrunchy,0.61
156,cheetospuffs,0.53
156,cheezitwhitecheddar,1
156,chexmixcheddar,0.64
156,chexmixtraditional,1.5
156,comboscheddar,1.5
156,combospizzeria,1.52
156,crunch,1.06
156,doritosnachocheese,2
156,doritospicychili,1.98
156,dots,1.25
156,famousamos,0.53
156,fritosbbq,1.73
156,funyuns,1.8
156,ghirardellidarkchocolatesquares,0.48
156,ghirardellimilkchocolatesquares,2.28
156,gobstoppers,2
156,goldfishcheddar,1.04
156,grandmasoatmealraisincookies,2.5
156,gummywormssour,3
156,heathbar,2.49
156,hostesschocolatedonuts,3.56
156,hostesscupcakes,0.59
156,juniorcaramels,1.67
156,juniormints,0.48
156,keeblerfudgestripes,2.88
156,keeblerrainbowcookies,1.47
156,kettlebbqchips,1.02
156,kettlejalapenochips,1
156,kettlesaltpepperchips,1.48
156,kettlesaltvinegarchips,0.28
156,kitkat,1
156,kitkatwhitechocolate,0.99
156,laffytaffysourapple,1.98
156,laysclassic,0.98
156,laysdillpickle,0.51
156,layssourcreamandonion,2.99
156,lifesaversgummies,0.49
156,lindtdarkchocolate,2.02
156,lindtmilkchocolate,2.97
156,mmsmilkchocolate,1.01
156,mmspeanuts,1.48
156,mentosrainbow,0.8
156,mikeikezours,2
156,milanocookies,1.46
156,milkduds,2.01
156,milkyway,1.07
156,milkywaycaramel,1.74
156,milkywaydark,1.8
156,munchiesjalapenocheddar,1.81
156,munchiesnachocheese,1.61
156,munchiespeanutbutter,0.47
156,oreos,2.49
156,oreosgolden,0.51
156,pez,0.55
156,popcornerswhitecheddar,0.63
156,popcornwhitecheddar,3.48
156,pringlescheddar,2.08
156,pringlesoriginal,1.01
156,raisinetsmilkchocolate,0.99
157,100grand,2.58
157,3musketeers,1.99
157,airheadsblueraspberry,1.68
157,airheadswatermelon,2.57
157,almondjoy,1.58
157,babyruth,2.02
157,blowpopblueraspberry,2.02
157,butterfingerbites,2.09
157,caramelapplepops,1.48
157,cheetospuffs,2.01
157,cheezitwhitecheddar,1.64
157,comboscheddar,2.49
157,combospizzeria,3.02
157,crunch,2.48
157,dots,3.08
157,dovecaramelmilkchocolate,3.1
157,dovedarkchocolatebites,2.03
157,dovemilkpeanutbutterbites,2.51
157,famousamos,1.07
157,fritosbbq,2.57
157,funyuns,1.65
157,ghirardellicaramelsquares,2.01
157,ghirardellidarkchocolatesquares,1.51
157,ghirardellimilkchocolatesquares,2.33
157,giantsweetarts,1.94
157,gobstoppers,1.95
157,goldfishcheddar,3.49
157,goobers,3.55
157,grandmaschocolatechipcookies,1.05
157,grandmasoatmealraisincookies,1.13
157,grandmaspeanutbuttercookies,1.59
157,heathbar,1.59
157,hostesschocolatedonuts,1.5
157,hostesscupcakes,2.04
157,hostesspowdereddonut,2.96
157,juniorcaramels,2.13
157,juniormints,2.58
157,keeblerrainbowcookies,0.53
157,kettlebbqchips,1.52
157,kettlejalapenochips,2.48
157,kettlesaltpepperchips,3.04
157,kettlesaltvinegarchips,1.51
157,kitkat,2.95
157,kitkatwhitechocolate,3.03
157,laffytaffysourapple,3.07
157,layscheesygarlicbread,1.67
157,laysclassic,1.56
157,laysdillpickle,1.08
157,layssourcreamandonion,1.01
157,layssweetsouthernheatbarbecue,0.98
157,lifesaversgummies,0.65
157,lindtmilkchocolate,1.97
157,mentosrainbow,1.96
157,milanocookies,2.65
157,milkduds,2.6
157,milkywaycaramel,1.06
157,milkywaydark,2.98
157,munchiespeanutbutter,2.41
157,nerdsrope,2.03
157,nerdsstrawberrygrape,2.54
157,oreos,2
157,popcornerskettle,1.93
157,popcornerswhitecheddar,1.97
157,popcornwhitecheddar,3
157,pringlescheddar,1.95
157,pringlessourcreamonion,1.99
157,raisinetsmilkchocolate,3.02
158,100grand,1.5
158,almondjoy,0.48
158,babyruth,0.51
158,blowpopblueraspberry,1.5
158,blowpopwatermelon,0.5
158,bunchacrunch,3
158,butterfinger,3
158,cheesepeanutbuttercrackers,3
158,cheetoscrunchy,2.99
158,cheetospuffs,1.01
158,cheezit,2
158,cheezitwhitecheddar,0.99
158,chexmixcheddar,2.99
158,chexmixtraditional,2.99
158,chipsahoy,3.01
158,comboscheddar,1.99
158,combospizzeria,2.99
158,crunch,2
158,doritoscoolranch,3.01
158,doritosnachocheese,2.99
158,doritospicychili,2.99
158,dots,0.99
158,dovecaramelmilkchocolate,1.99
158,dovedarkchocolatebites,1.01
158,dovemilkpeanutbutterbites,2.99
158,fritos,1.01
158,funyuns,1.02
158,ghirardellicaramelsquares,2
158,ghirardellidarkchocolatesquares,1.49
158,giantsweetarts,1.49
158,gobstoppers,2.5
158,goldfishcheddar,2.99
158,grandmaschocolatechipcookies,1.01
158,grandmasoatmealraisincookies,0.99
158,grandmaspeanutbuttercookies,0.51
158,gummywormssour,2.99
158,heathbar,2.77
158,hostesschocolatedonuts,2.99
158,hostesscupcakes,1.98
158,hostesspowdereddonut,1.5
158,juniorcaramels,1.5
158,juniormints,1
158,keeblerfudgestripes,1.51
158,keeblerrainbowcookies,1.01
158,kettlesaltpepperchips,2.99
158,kitkat,1
158,kitkatwhitechocolate,1.5
158,layscheesygarlicbread,1.01
158,laysclassic,0.99
158,laysdillpickle,1.51
158,layssourcreamandonion,2.98
158,layssweetsouthernheatbarbecue,2.93
158,lifesaversgummiessours,3
158,lindtdarkchocolate,2.92
158,lindtmilkchocolate,1
158,mmsmilkchocolate,2.48
158,mmsmint,0.99
158,mmspeanuts,1.49
158,mmspretzel,1.01
158,mikeikezours,3.02
158,milkywaycaramel,1.51
158,milkywaydark,1.5
158,munchiesjalapenocheddar,1.49
158,munchiesnachocheese,2.87
158,munchiespeanutbutter,1
158,nerdsrope,1.98
158,nerdsstrawberrygrape,1.5
158,oreos,1
158,oreosgolden,2.99
158,pez,2.92
158,popcornersjalapeno,2.9
158,popcornwhitecheddar,4
158,pringlescheddar,0.99
158,pringlesoriginal,1.01
158,pringlessourcreamonion,2.5
158,raisinetsmilkchocolate,1.01
159,100grand,1.52
159,3musketeers,0.48
159,airheadsblueraspberry,0.5
159,airheadscherry,0.53
159,airheadsgreenapple,0.53
159,airheadswatermelon,1.01
159,babyruth,0.52
159,blowpopblueraspberry,1.51
159,blowpopsourapple,0.98
159,blowpopwatermelon,1.01
159,bunchacrunch,1.02
159,butterfinger,0.99
159,butterfingerbites,1.02
159,caramelapplepops,1.01
159,cheesepeanutbuttercrackers,1.49
159,cheetoscrunchy,1
159,cheetospuffs,1.48
159,cheezitwhitecheddar,1.5
159,chexmixtraditional,1.01
159,chipsahoy,1.02
159,comboscheddar,2.04
159,combospizzeria,1.47
159,crunch,1.5
159,doritosnachocheese,1.51
159,doritospicychili,1
159,dots,2.01
159,famousamos,1.51
159,fritos,1.51
159,fritosbbq,0.93
159,funyuns,1.02
159,ghirardellicaramelsquares,1.52
159,ghirardellidarkchocolatesquares,1.97
159,ghirardellimilkchocolatesquares,0.96
159,giantsweetarts,1.01
159,goobers,1.52
159,grandmaschocolatechipcookies,2.01
159,grandmaspeanutbuttercookies,0.47
159,gummywormssour,1.01
159,heathbar,1.02
159,hostesspowdereddonut,1.54
159,juniorcaramels,1.47
159,juniormints,2.01
159,keeblerfudgestripes,0.99
159,keeblerrainbowcookies,1.52
159,kettlebbqchips,1
159,kettlesaltpepperchips,2.54
159,kettlesaltvinegarchips,1
159,kitkat,0.99
159,kitkatwhitechocolate,1
159,laffytaffysourapple,2
159,laysclassic,0.47
159,laysdillpickle,2.46
159,layssourcreamandonion,1.03
159,lifesaversgummies,0.95
159,lifesaversgummiessours,1.01
159,lindtdarkchocolate,1.48
159,lindtmilkchocolate,1.5
159,mmsmilkchocolate,1.02
159,mmsmint,0.96
159,mmspeanuts,0.98
159,mentosrainbow,1.01
159,mikeikezours,1.99
159,milanocookies,2
159,milkduds,1.44
159,milkyway,1.5
159,milkywaycaramel,1.01
159,milkywaydark,1.99
159,munchiesjalapenocheddar,1
159,munchiespeanutbutter,1.01
159,nerdsrope,1.02
159,nerdsstrawberrygrape,1.01
159,oreos,1.52
159,oreosgolden,2.01
159,popcornersjalapeno,2.5
159,popcornerskettle,1
159,popcornerswhitecheddar,0.49
159,popcornwhitecheddar,2
159,pringlescheddar,1.02
159,pringlesoriginal,1
159,pringlessourcreamonion,1.01
160,100grand,0.5
160,3musketeers,1.04
160,airheadsblueraspberry,0.83
160,airheadscherry,0.54
160,airheadsgreenapple,0.83
160,airheadswatermelon,1.22
160,almondjoy,0.78
160,bunchacrunch,1.66
160,butterfinger,0.88
160,butterfingerbites,1.17
160,caramelapplepops,0.88
160,cheesepeanutbuttercrackers,1.22
160,cheetoscrunchy,1.11
160,cheetospuffs,1.16
160,chexmixtraditional,0.82
160,chipsahoy,1.23
160,crunch,1.05
160,doritoscoolranch,0.81
160,dots,0.86
160,dovedarkchocolatebites,0.91
160,dovemilkpeanutbutterbites,0.84
160,famousamos,0.63
160,funyuns,0.51
160,ghirardellicaramelsquares,1.07
160,ghirardellidarkchocolatesquares,1.25
160,ghirardellimilkchocolatesquares,1.1
160,giantsweetarts,1.25
160,gobstoppers,1.1
160,goobers,0.88
160,grandmaschocolatechipcookies,0.96
160,grandmasoatmealraisincookies,0.47
160,grandmaspeanutbuttercookies,0.5
160,gummywormssour,0.77
160,heathbar,1.22
160,hostesscupcakes,0.85
160,hostesspowdereddonut,0.72
160,juniorcaramels,1.04
160,juniormints,0.92
160,keeblerfudgestripes,0.95
160,keeblerrainbowcookies,1.02
160,kettlesaltpepperchips,1.08
160,kettlesaltvinegarchips,1.1
160,kitkat,1.16
160,kitkatwhitechocolate,0.95
160,laffytaffysourapple,0.96
160,laysclassic,0.9
160,laysdillpickle,1.28
160,layssourcreamandonion,1.25
160,lifesaversgummies,0.84
160,lifesaversgummiessours,0.87
160,lindtdarkchocolate,0.88
160,lindtmilkchocolate,1.07
160,mmsmint,0.66
160,mmspretzel,1.11
160,mentosrainbow,0.83
160,mikeikezours,0.79
160,milkyway,0.83
160,milkywaycaramel,0.86
160,munchiespeanutbutter,1.25
160,nerdsrope,1.15
160,nerdsstrawberrygrape,1.08
160,oreos,0.89
160,oreosgolden,0.74
160,popcornerskettle,0.85
160,popcornerswhitecheddar,1.07
160,pringlescheddar,0.84
160,raisinetsmilkchocolate,1.27
161,almondjoy,0.49
161,blowpopblueraspberry,1
161,bunchacrunch,2.48
161,butterfinger,2.02
161,cheesepeanutbuttercrackers,1.51
161,cheetoscrunchy,0.99
161,cheetospuffs,0.99
161,cheezitwhitecheddar,0.51
161,chexmixcheddar,1.98
161,chexmixtraditional,1.98
161,chipsahoy,2.51
161,comboscheddar,1.49
161,crunch,1.49
161,doritoscoolranch,0.5
161,doritosnachocheese,2
161,dots,2.5
161,dovecaramelmilkchocolate,0.01
161,dovedarkchocolatebites,0.52
161,dovemilkpeanutbutterbites,0.99
161,famousamos,1.5
161,ghirardellicaramelsquares,0.51
161,goldfishcheddar,1
161,goobers,1.98
161,grandmaschocolatechipcookies,0.52
161,gummywormssour,2.52
161,heathbar,1.5
161,hostesschocolatedonuts,1.5
161,hostesscupcakes,0.99
161,hostesspowdereddonut,0.51
161,kettlejalapenochips,0.5
161,kettlesaltpepperchips,3
161,layscheesygarlicbread,0.51
161,laysclassic,0.49
161,layssourcreamandonion,2.47
161,layssweetsouthernheatbarbecue,1.01
161,lifesaversgummies,1.99
161,lifesaversgummiessours,1.99
161,lindtdarkchocolate,0.98
161,lindtmilkchocolate,1.01
161,mentosrainbow,1.48
161,mikeikezours,2.49
161,milanocookies,0.5
161,milkduds,0.48
161,milkyway,0.48
161,munchiesnachocheese,1.52
161,munchiespeanutbutter,1.48
161,nerdsrope,0.98
161,nerdsstrawberrygrape,0.98
161,oreosgolden,0.99
161,pez,1.49
161,popcornersjalapeno,1.5
161,popcornerskettle,2
161,popcornerswhitecheddar,1.52
161,popcornwhitecheddar,0.5
161,pringlessourcreamonion,0.49
161,raisinetsmilkchocolate,1.51
162,3musketeers,0.5
162,airheadsblueraspberry,0.49
162,airheadscherry,0.5
162,airheadsgreenapple,0.49
162,airheadswatermelon,1.49
162,almondjoy,0.49
162,babyruth,0.49
162,blowpopblueraspberry,1.49
162,blowpopsourapple,0.49
162,blowpopwatermelon,0.99
162,bunchacrunch,0.99
162,butterfinger,1.01
162,butterfingerbites,0.5
162,cheesepeanutbuttercrackers,0.5
162,cheetoscrunchy,0.49
162,cheetospuffs,0.49
162,cheezitwhitecheddar,0.99
162,chexmixtraditional,0.99
162,chipsahoy,0.99
162,comboscheddar,0.5
162,combospizzeria,0.5
162,crunch,0.5
162,doritosnachocheese,1.5
162,doritospicychili,1.49
162,dots,0.5
162,dovecaramelmilkchocolate,0.5
162,dovedarkchocolatebites,1.49
162,dovemilkpeanutbutterbites,0.5
162,fritosbbq,1.49
162,funyuns,1.49
162,ghirardellicaramelsquares,1.5
162,ghirardellimilkchocolatesquares,2
162,giantsweetarts,0.49
162,goldfishcheddar,1.49
162,goobers,0.99
162,grandmaschocolatechipcookies,0.99
162,grandmasoatmealraisincookies,0.99
162,gummywormssour,0.99
162,heathbar,1
162,hostesscupcakes,2
162,hostesspowdereddonut,2
162,juniorcaramels,1
162,juniormints,1.49
162,keeblerfudgestripes,0.99
162,keeblerrainbowcookies,1.49
162,kettlebbqchips,1.5
162,kettlejalapenochips,1.49
162,kettlesaltpepperchips,1.49
162,kettlesaltvinegarchips,1.99
162,laysclassic,1.49
162,laysdillpickle,2
162,layssourcreamandonion,0.99
162,layssweetsouthernheatbarbecue,0.99
162,lifesaversgummies,0.99
162,lindtdarkchocolate,0.99
162,lindtmilkchocolate,0.5
162,mmsmint,1.49
162,mmspeanuts,0.99
162,mmspretzel,0.5
162,mentosrainbow,0.99
162,mikeikezours,1.49
162,milanocookies,1.5
162,milkduds,1
162,milkyway,1.49
162,milkywaycaramel,0.99
162,milkywaydark,0.99
162,munchiesjalapenocheddar,0.99
162,munchiespeanutbutter,1.49
162,nerdsrope,0.99
162,nerdsstrawberrygrape,0.99
162,oreos,0.99
162,oreosgolden,0.5
162,pez,0.99
162,popcornersjalapeno,0.99
162,popcornerskettle,0.99
162,popcornerswhitecheddar,1.49
162,popcornwhitecheddar,1.99
162,pringlescheddar,0.5
162,pringlessourcreamonion,1.99
162,raisinetsmilkchocolate,0.49
163,100grand,1.49
163,3musketeers,1.81
163,airheadsblueraspberry,2
163,airheadscherry,0.99
163,airheadsgreenapple,1.5
163,airheadswatermelon,2
163,almondjoy,0.83
163,babyruth,0.5
163,blowpopcherry,1.49
163,blowpopsourapple,1.5
163,blowpopwatermelon,0.99
163,bunchacrunch,2
163,butterfinger,1.99
163,cheetoscrunchy,1.5
163,chexmixcheddar,1.99
163,chexmixtraditional,1.98
163,chipsahoy,2
163,comboscheddar,1.24
163,combospizzeria,1.5
163,crunch,2.5
163,doritoscoolranch,2.08
163,doritosnachocheese,2.5
163,doritospicychili,2.51
163,dovedarkchocolatebites,1.58
163,dovemilkpeanutbutterbites,2
163,famousamos,1.99
163,fritos,1.68
163,fritosbbq,1
163,ghirardellicaramelsquares,1.5
163,ghirardellidarkchocolatesquares,1.36
163,gobstoppers,1.77
163,goldfishcheddar,2.28
163,goobers,2.5
163,grandmasoatmealraisincookies,1.52
163,grandmaspeanutbuttercookies,1.98
163,gummywormssour,1.99
163,heathbar,1.97
163,hostesschocolatedonuts,2.5
163,hostesspowdereddonut,1.98
163,juniorcaramels,1.21
163,juniormints,1
163,keeblerfudgestripes,1.18
163,keeblerrainbowcookies,1.71
163,kettlebbqchips,1.5
163,kettlejalapenochips,1.48
163,kettlesaltpepperchips,1.5
163,kitkat,1.5
163,kitkatwhitechocolate,1.5
163,laffytaffysourapple,1.72
163,layscheesygarlicbread,1.01
163,laysclassic,2.12
163,laysdillpickle,1.48
163,layssourcreamandonion,1.49
163,lindtdarkchocolate,2.07
163,lindtmilkchocolate,1.99
163,mmsmilkchocolate,1.9
163,mmsmint,1.49
163,mmspeanuts,1.52
163,mmspretzel,1.99
163,mikeikezours,1.87
163,milanocookies,1.01
163,milkyway,1.13
163,milkywaycaramel,1.5
163,milkywaydark,1.74
163,munchiesjalapenocheddar,1.57
163,munchiespeanutbutter,1.48
163,oreos,1.49
163,pez,1.68
163,popcornersjalapeno,1.98
163,popcornerswhitecheddar,1.5
163,pringlescheddar,1.51
163,pringlesoriginal,1.51
163,pringlessourcreamonion,1.98
163,raisinetsmilkchocolate,1.48
164,3musketeers,0.5
164,blowpopblueraspberry,1.49
164,blowpopcherry,0.5
164,blowpopsourapple,1.51
164,blowpopwatermelon,0.5
164,bunchacrunch,0.5
164,butterfinger,0.51
164,butterfingerbites,0.5
164,caramelapplepops,0.49
164,cheesepeanutbuttercrackers,1.49
164,cheetoscrunchy,0.99
164,cheetospuffs,0.49
164,cheezitwhitecheddar,1.99
164,chexmixtraditional,0.99
164,chipsahoy,0.01
164,comboscheddar,1.99
164,combospizzeria,1.49
164,crunch,0.49
164,doritosnachocheese,1.98
164,doritospicychili,0.99
164,dots,2.5
164,dovecaramelmilkchocolate,2
164,dovemilkpeanutbutterbites,1.5
164,fritosbbq,0.99
164,ghirardellicaramelsquares,1
164,ghirardellidarkchocolatesquares,0.99
164,giantsweetarts,0.49
164,gobstoppers,0.51
164,goldfishcheddar,1
164,goobers,1.49
164,grandmaschocolatechipcookies,1.99
164,grandmasoatmealraisincookies,3
164,gummywormssour,0.5
164,heathbar,0.48
164,hostesscupcakes,1.49
164,hostesspowdereddonut,1.47
164,juniorcaramels,0.99
164,keeblerfudgestripes,1.49
164,keeblerrainbowcookies,1.5
164,kettlesaltpepperchips,2
164,kitkatwhitechocolate,1.49
164,laffytaffysourapple,1
164,laysdillpickle,1.98
164,layssourcreamandonion,0.99
164,layssweetsouthernheatbarbecue,0.99
164,lifesaversgummies,0.99
164,lifesaversgummiessours,1
164,lindtdarkchocolate,0.98
164,lindtmilkchocolate,1
164,mmsmilkchocolate,2.49
164,mmsmint,2
164,mmspeanuts,1.99
164,mmspretzel,0.48
164,mentosrainbow,0.48
164,mikeikezours,1.49
164,milanocookies,0.99
164,milkduds,0.51
164,milkyway,1.49
164,milkywaycaramel,2.01
164,milkywaydark,0.99
164,munchiesjalapenocheddar,0.99
164,munchiespeanutbutter,1.49
164,nerdsrope,1.99
164,nerdsstrawberrygrape,1.49
164,oreos,0.5
164,oreosgolden,1.49
164,popcornersjalapeno,1.01
164,popcornerskettle,1.48
164,popcornerswhitecheddar,1.99
164,popcornwhitecheddar,2
164,pringlescheddar,1.98
164,pringlesoriginal,2
165,100grand,1.49
165,airheadswatermelon,1.5
165,blowpopcherry,1.07
165,blowpopsourapple,1.49
165,blowpopwatermelon,0.38
165,bunchacrunch,0.52
165,butterfinger,1.45
165,butterfingerbites,2.5
165,cheesepeanutbuttercrackers,2.43
165,cheetoscrunchy,1.97
165,cheetospuffs,1.47
165,cheezit,0.97
165,cheezitwhitecheddar,1.51
165,chexmixcheddar,2.96
165,chexmixtraditional,2.46
165,chipsahoy,2.54
165,comboscheddar,1.05
165,combospizzeria,2.56
165,crunch,1.48
165,doritoscoolranch,2.03
165,doritosnachocheese,2.47
165,doritospicychili,3.03
165,dots,2
165,dovecaramelmilkchocolate,2.43
165,famousamos,1.97
165,fritos,2.01
165,fritosbbq,1.04
165,funyuns,1.83
165,ghirardellimilkchocolatesquares,2.02
165,giantsweetarts,0.51
165,gobstoppers,2.1
165,goldfishcheddar,1.5
165,goobers,1.03
165,grandmaschocolatechipcookies,2
165,grandmasoatmealraisincookies,2.41
165,gummywormssour,1.95
165,heathbar,2.48
165,hostesschocolatedonuts,1.98
165,hostesspowdereddonut,1.99
165,juniorcaramels,1.92
165,juniormints,2.06
165,keeblerfudgestripes,2.01
165,keeblerrainbowcookies,1.93
165,kettlesaltpepperchips,3.46
165,kitkat,1.46
165,kitkatwhitechocolate,1.48
165,laffytaffysourapple,1.06
165,layssourcreamandonion,2.39
165,layssweetsouthernheatbarbecue,2.04
165,lifesaversgummies,2.51
165,lifesaversgummiessours,2.03
165,lindtdarkchocolate,2.44
165,lindtmilkchocolate,2.47
165,mmsmilkchocolate,2.95
165,mmsmint,3.02
165,mmspeanuts,2.54
165,mmspretzel,0.51
165,mentosrainbow,2.1
165,mikeikezours,1.97
165,milanocookies,1.49
165,milkduds,1.62
165,milkyway,1.56
165,milkywaycaramel,1.01
165,milkywaydark,1.54
165,munchiesjalapenocheddar,1.52
165,oreosgolden,2.56
165,pez,2.02
165,popcornersjalapeno,2.45
165,popcornwhitecheddar,2.52
165,pringlescheddar,1.49
165,pringlesoriginal,1.51
166,100grand,1.03
166,3musketeers,0.52
166,airheadsblueraspberry,0.4
166,airheadscherry,1.49
166,airheadsgreenapple,2
166,almondjoy,1
166,babyruth,0.53
166,blowpopblueraspberry,2.24
166,blowpopcherry,1.95
166,blowpopsourapple,2.32
166,blowpopwatermelon,0.51
166,bunchacrunch,2
166,butterfingerbites,2.28
166,caramelapplepops,0.39
166,cheesepeanutbuttercrackers,3
166,cheetoscrunchy,2.43
166,cheetospuffs,2.48
166,cheezit,0.04
166,cheezitwhitecheddar,0.5
166,chexmixcheddar,2.7
166,chexmixtraditional,1.45
166,chipsahoy,2.56
166,comboscheddar,1.58
166,combospizzeria,1.92
166,crunch,0.89
166,doritoscoolranch,2
166,doritosnachocheese,2.55
166,doritospicychili,3.16
166,dots,2.01
166,dovecaramelmilkchocolate,1.98
166,dovedarkchocolatebites,1.04
166,dovemilkpeanutbutterbites,1.31
166,famousamos,1.44
166,fritos,0.7
166,fritosbbq,1
166,funyuns,0.83
166,ghirardellicaramelsquares,3.57
166,ghirardellidarkchocolatesquares,2.57
166,ghirardellimilkchocolatesquares,0.34
166,giantsweetarts,1.73
166,gobstoppers,1.37
166,goldfishcheddar,3.37
166,goobers,1.95
166,grandmaschocolatechipcookies,2
166,grandmasoatmealraisincookies,1.52
166,grandmaspeanutbuttercookies,1.03
166,gummywormssour,1.59
166,hostesschocolatedonuts,2.52
166,hostesscupcakes,2.47
166,hostesspowdereddonut,1.52
166,juniorcaramels,1.48
166,juniormints,1.2
166,keeblerfudgestripes,1.02
166,keeblerrainbowcookies,1.52
166,kettlebbqchips,0.92
166,kettlejalapenochips,1.49
166,kettlesaltpepperchips,2.54
166,kitkat,1.22
166,kitkatwhitechocolate,0.84
166,laffytaffysourapple,1.51
166,layscheesygarlicbread,1.07
166,laysclassic,0.73
166,laysdillpickle,2.88
166,layssourcreamandonion,1.49
166,layssweetsouthernheatbarbecue,1.53
166,lifesaversgummies,1.11
166,lifesaversgummiessours,1.11
166,lindtmilkchocolate,2.13
166,mmsmilkchocolate,1.97
166,mmsmint,2.54
166,mmspeanuts,1.97
166,mmspretzel,1.5
166,mentosrainbow,2.98
166,milanocookies,1.55
166,milkduds,1.41
166,milkyway,1.5
166,milkywaycaramel,0.63
166,milkywaydark,1.49
166,munchiesjalapenocheddar,1.12
166,munchiesnachocheese,2.44
166,munchiespeanutbutter,1.52
166,nerdsrope,3.54
166,nerdsstrawberrygrape,1.71
166,oreos,0.86
166,oreosgolden,2.48
166,pez,2.48
166,popcornersjalapeno,2.05
166,popcornerskettle,1.46
166,popcornerswhitecheddar,1.49
166,popcornwhitecheddar,3.19
166,pringlescheddar,1.37
166,pringlesoriginal,2.03
166,pringlessourcreamonion,1.79
167,100grand,1.01
167,3musketeers,0.99
167,airheadsblueraspberry,1
167,airheadscherry,0.51
167,airheadsgreenapple,0.99
167,airheadswatermelon,0.98
167,almondjoy,0.5
167,babyruth,0.5
167,blowpopblueraspberry,1.75
167,blowpopcherry,0.99
167,blowpopsourapple,1.5
167,blowpopwatermelon,1.49
167,bunchacrunch,0.99
167,butterfinger,0.99
167,butterfingerbites,0.99
167,caramelapplepops,0.98
167,cheesepeanutbuttercrackers,1.5
167,cheetoscrunchy,1.98
167,cheetospuffs,1.01
167,cheezit,1.23
167,cheezitwhitecheddar,0.99
167,chexmixcheddar,1.04
167,chexmixtraditional,0.98
167,chipsahoy,1
167,comboscheddar,0.48
167,combospizzeria,0.72
167,crunch,0.98
167,doritoscoolranch,1
167,doritosnachocheese,1.02
167,doritospicychili,0.96
167,dots,1.5
167,dovecaramelmilkchocolate,1.49
167,dovedarkchocolatebites,0.98
167,dovemilkpeanutbutterbites,0.75
167,famousamos,1.49
167,fritos,1.01
167,fritosbbq,0.97
167,funyuns,2
167,ghirardellicaramelsquares,1.75
167,ghirardellidarkchocolatesquares,2
167,ghirardellimilkchocolatesquares,1.47
167,giantsweetarts,1.47
167,gobstoppers,1.52
167,goobers,0.99
167,grandmaschocolatechipcookies,1.52
167,grandmasoatmealraisincookies,1.25
167,grandmaspeanutbuttercookies,0.49
167,gummywormssour,1.01
167,heathbar,0.99
167,hostesschocolatedonuts,0.97
167,hostesscupcakes,1.49
167,hostesspowdereddonut,1.5
167,juniorcaramels,1.01
167,juniormints,0.99
167,keeblerfudgestripes,0.99
167,keeblerrainbowcookies,1.47
167,kettlebbqchips,0.98
167,kettlejalapenochips,1.47
167,kettlesaltpepperchips,2
167,kettlesaltvinegarchips,0.98
167,kitkat,1.01
167,kitkatwhitechocolate,1.02
167,layscheesygarlicbread,1.47
167,laysclassic,1.5
167,laysdillpickle,1.98
167,layssourcreamandonion,1.48
167,layssweetsouthernheatbarbecue,1.47
167,lifesaversgummies,1.5
167,lifesaversgummiessours,1.5
167,lindtdarkchocolate,1.47
167,lindtmilkchocolate,1.49
167,mmsmilkchocolate,0.98
167,mmsmint,0.52
167,mmspeanuts,1.02
167,mmspretzel,1.5
167,mentosrainbow,1.5
167,mikeikezours,1.02
167,milanocookies,1
167,milkduds,0.75
167,milkyway,1.01
167,milkywaycaramel,1.01
167,milkywaydark,1
167,munchiesjalapenocheddar,0.98
167,munchiesnachocheese,1.49
167,munchiespeanutbutter,1.49
167,nerdsrope,1.51
167,nerdsstrawberrygrape,1.5
167,oreos,0.98
167,oreosgolden,0.99
167,pez,1.01
167,popcornersjalapeno,1.02
167,popcornerskettle,1.49
167,popcornerswhitecheddar,1.46
167,popcornwhitecheddar,1.49
167,pringlesoriginal,1.99
167,pringlessourcreamonion,1.49
167,raisinetsmilkchocolate,0.5
168,babyruth,1
168,goldfishcheddar,2.01
168,goobers,1.95
168,keeblerfudgestripes,0.98
168,kettlesaltpepperchips,0.49
168,mmsmint,1.5
168,milanocookies,0.97
168,milkduds,0.99
168,milkyway,0.96
168,milkywaycaramel,1.02
168,popcornwhitecheddar,1.53
169,3musketeers,0.7
169,airheadsblueraspberry,0.24
169,airheadscherry,0.26
169,airheadsgreenapple,0.22
169,babyruth,0.26
169,blowpopblueraspberry,0.52
169,blowpopwatermelon,0.7
169,bunchacrunch,0.73
169,butterfinger,0.74
169,butterfingerbites,0.68
169,caramelapplepops,0.7
169,cheetoscrunchy,0.72
169,cheetospuffs,0.77
169,cheezitwhitecheddar,0.8
169,chexmixcheddar,0.75
169,chexmixtraditional,0.77
169,chipsahoy,0.75
169,combospizzeria,0.2
169,crunch,1.01
169,doritosnachocheese,0.49
169,doritospicychili,0.78
169,dots,0.24
169,dovecaramelmilkchocolate,0.27
169,dovedarkchocolatebites,0.2
169,dovemilkpeanutbutterbites,0.68
169,ghirardellicaramelsquares,1
169,ghirardellidarkchocolatesquares,1.01
169,ghirardellimilkchocolatesquares,0.51
169,giantsweetarts,0.71
169,gobstoppers,0.74
169,goldfishcheddar,0.73
169,goobers,0.73
169,grandmaschocolatechipcookies,0.49
169,grandmaspeanutbuttercookies,0.5
169,gummywormssour,0.67
169,heathbar,0.7
169,hostesschocolatedonuts,0.74
169,hostesspowdereddonut,0.71
169,juniorcaramels,0.76
169,keeblerfudgestripes,0.74
169,keeblerrainbowcookies,0.99
169,kettlebbqchips,0.24
169,kettlejalapenochips,0.75
169,kettlesaltpepperchips,0.76
169,kettlesaltvinegarchips,0.72
169,kitkat,0.72
169,kitkatwhitechocolate,0.74
169,laysclassic,0.5
169,laysdillpickle,0.99
169,layssourcreamandonion,0.76
169,layssweetsouthernheatbarbecue,0.75
169,lifesaversgummies,0.72
169,lifesaversgummiessours,0.64
169,lindtdarkchocolate,0.73
169,lindtmilkchocolate,0.76
169,mmsmilkchocolate,0.73
169,mmsmint,0.72
169,mmspeanuts,0.75
169,mentosrainbow,0.7
169,mikeikezours,0.74
169,milanocookies,0.75
169,milkduds,0.67
169,milkyway,0.75
169,milkywaycaramel,0.79
169,nerdsrope,0.49
169,nerdsstrawberrygrape,0.48
169,oreos,0.55
169,oreosgolden,0.71
169,popcornwhitecheddar,0.5
169,pringlescheddar,0.76
169,pringlesoriginal,0.77
169,pringlessourcreamonion,0.49
170,100grand,0.39
170,airheadsblueraspberry,0.76
170,airheadsgreenapple,0.75
170,airheadswatermelon,0.74
170,almondjoy,0.08
170,babyruth,0.08
170,blowpopblueraspberry,2.95
170,blowpopcherry,0.99
170,blowpopsourapple,2.98
170,blowpopwatermelon,0.75
170,bunchacrunch,1.52
170,butterfingerbites,0.94
170,cheesepeanutbuttercrackers,0.53
170,cheetoscrunchy,1.01
170,cheetospuffs,1.76
170,cheezit,0.73
170,cheezitwhitecheddar,1
170,chexmixcheddar,2.48
170,chexmixtraditional,2.02
170,chipsahoy,2
170,comboscheddar,0.61
170,combospizzeria,1.42
170,crunch,1.41
170,doritoscoolranch,1.52
170,doritosnachocheese,1.48
170,dots,0.99
170,dovecaramelmilkchocolate,0.23
170,dovedarkchocolatebites,0.38
170,dovemilkpeanutbutterbites,1.74
170,fritos,0.6
170,fritosbbq,0.96
170,funyuns,1.51
170,ghirardellimilkchocolatesquares,1.52
170,giantsweetarts,1.98
170,gobstoppers,1.49
170,goldfishcheddar,2.5
170,goobers,1.99
170,grandmaschocolatechipcookies,0.99
170,grandmasoatmealraisincookies,0.53
170,grandmaspeanutbuttercookies,1.05
170,heathbar,2
170,hostesschocolatedonuts,1.38
170,hostesscupcakes,1.01
170,hostesspowdereddonut,0.92
170,juniorcaramels,1.25
170,juniormints,0.75
170,keeblerfudgestripes,0.74
170,keeblerrainbowcookies,0.7
170,kettlebbqchips,0.24
170,kettlejalapenochips,1.1
170,kettlesaltpepperchips,0.99
170,kettlesaltvinegarchips,1.32
170,kitkat,0.35
170,kitkatwhitechocolate,0.73
170,laffytaffysourapple,0.51
170,layscheesygarlicbread,0.74
170,laysclassic,1
170,laysdillpickle,0.65
170,layssourcreamandonion,0.74
170,layssweetsouthernheatbarbecue,1.99
170,lifesaversgummies,2.25
170,lifesaversgummiessours,0.99
170,lindtdarkchocolate,1.37
170,lindtmilkchocolate,1.78
170,mmsmilkchocolate,0.74
170,mmsmint,0.97
170,mmspeanuts,0.69
170,mmspretzel,2.01
170,mentosrainbow,0.74
170,mikeikezours,2.49
170,milanocookies,0.77
170,milkduds,0.5
170,milkyway,0.99
170,milkywaycaramel,0.76
170,milkywaydark,0.5
170,munchiespeanutbutter,1.51
170,nerdsrope,1.17
170,nerdsstrawberrygrape,0.73
170,oreosgolden,2.14
170,popcornersjalapeno,1.98
170,popcornwhitecheddar,1.48
170,pringlesoriginal,0.83
170,pringlessourcreamonion,1.05
170,raisinetsmilkchocolate,1.02
171,100grand,1.14
171,airheadsblueraspberry,0.88
171,airheadscherry,1.28
171,airheadswatermelon,0.88
171,almondjoy,1.17
171,babyruth,0.54
171,blowpopblueraspberry,1.46
171,blowpopwatermelon,1.71
171,bunchacrunch,1.21
171,butterfinger,1.48
171,butterfingerbites,1.16
171,cheesepeanutbuttercrackers,0.78
171,cheetospuffs,2.15
171,cheezitwhitecheddar,1.13
171,chexmixcheddar,1.68
171,chexmixtraditional,1.2
171,chipsahoy,1.2
171,combospizzeria,1.29
171,crunch,1.18
171,doritoscoolranch,1.03
171,doritosnachocheese,0.7
171,doritospicychili,1.02
171,dots,1.85
171,dovecaramelmilkchocolate,1.5
171,dovedarkchocolatebites,1.19
171,dovemilkpeanutbutterbites,1.03
171,fritosbbq,0.98
171,funyuns,1.51
171,ghirardellicaramelsquares,1.49
171,ghirardellidarkchocolatesquares,1.47
171,giantsweetarts,1.54
171,gobstoppers,1.49
171,goldfishcheddar,1.78
171,goobers,1.71
171,grandmaschocolatechipcookies,1.49
171,grandmasoatmealraisincookies,0.91
171,gummywormssour,1.5
171,hostesschocolatedonuts,0.61
171,hostesscupcakes,1.78
171,hostesspowdereddonut,2.04
171,juniorcaramels,0.99
171,kettlebbqchips,1.48
171,kettlesaltpepperchips,2.02
171,kettlesaltvinegarchips,0.48
171,kitkat,1.26
171,kitkatwhitechocolate,1
171,laffytaffysourapple,1.2
171,layscheesygarlicbread,1.99
171,laysclassic,2
171,laysdillpickle,1.78
171,lifesaversgummies,1.28
171,lindtdarkchocolate,1.22
171,lindtmilkchocolate,1.22
171,milanocookies,1.28
171,milkduds,2.2
171,milkyway,1.19
171,milkywaycaramel,1.8
171,munchiesnachocheese,1.25
171,munchiespeanutbutter,1.95
171,nerdsrope,0.8
171,nerdsstrawberrygrape,1
171,oreos,1.76
171,pez,0.83
171,popcornersjalapeno,1.28
171,popcornerskettle,1.23
171,popcornerswhitecheddar,1.19
171,pringlescheddar,0.99
171,pringlessourcreamonion,0.76
