subject_id,item_name,rating
1,reesespieces,2.72
1,gobstoppers,3.47
1,chipsahoy,6.79
1,dovedarkchocolatebites,4.74
1,heathbar,4.47
1,laffytaffysourapple,4.67
1,popcornwhitecheddar,3.12
1,yorkpeppermintpatty,3.39
1,grandmaschocolatechipcookies,6.69
1,oreosgolden,6.26
1,mikeikezours,4.37
1,3musketeers,6.29
1,munchiesnachocheese,4.52
1,warheads,7.63
1,giantsweetarts,5.88
1,caramelapplepops,0.49
1,hostesspowdereddonut,5.29
1,hostesschocolatedonuts,5.61
1,keeblerfudgestripes,4.38
1,mmspeanuts,6.58
1,laysclassic,7.34
1,blowpopwatermelon,5.41
1,doritosnachocheese,5.36
1,ghirardellimilkchocolatesquares,5.45
1,goldfishcheddar,2.24
1,mmsmint,3.3
1,snickersalmond,5.81
1,lifesaversgummies,7.31
1,nerdsstrawberrygrape,7.48
1,skittlessours,7.55
1,trailmix,4.22
1,cheezitwhitecheddar,1.33
1,blowpopcherry,0.33
1,snyderspretzelsticks,4.31
1,ritzbitscheese,5.66
1,kitkat,5.48
1,snickersdarkchocolate,7.1
1,reesespeanutbuttercup,4.6
1,sunchipsoriginal,1.52
1,starbursttropical,2.66
1,milkduds,3.66
1,mentosrainbow,3.43
1,sourpunchstrawsapple,4.5
1,slimjim,9.69
1,airheadsblueraspberry,3.44
1,layscheesygarlicbread,6.41
1,snickers,5.13
1,lindtmilkchocolate,6.51
1,toblerone,4.67
1,runts,0.52
1,butterfingerbites,6.75
1,ghirardellicaramelsquares,7.42
1,dovemilkpeanutbutterbites,7.58
1,popcornersjalapeno,2.5
1,sunchipsgardensalsa,2.89
1,layssourcreamandonion,8.24
1,razzles,7.31
1,goobers,0.29
1,blowpopsourapple,0.2
1,reesesbigcup,0.17
1,popcornerswhitecheddar,0.48
1,airheadswatermelon,8.6
1,roldgoldtinytwistpretzels,5.41
1,shockers,5.8
1,combospizzeria,4.99
1,popcornerskettle,8.33
1,snickerspeanutbutter,6.72
1,take5,9.16
1,blowpopblueraspberry,7.74
1,chexmixtraditional,7.32
1,cheezit,5.84
1,100grand,1.56
1,kettlesaltvinegarchips,2.59
1,cheetospuffs,6.15
1,kettlesaltpepperchips,0.56
1,munchiesjalapenocheddar,6.56
1,nerdsrope,6.16
1,grandmaspeanutbuttercookies,2.38
1,juniorcaramels,1.42
1,swedishfishassorted,2.53
1,lifesaversgummiessours,4.45
1,fritosbbq,4.23
1,dots,1.49
1,ritzbitspeanutbutter,3.66
1,snydersminipretzels,0.1
1,butterfinger,3.48
1,dovecaramelmilkchocolate,5.42
1,famousamos,5.37
1,crunch,6.66
1,pez,8.01
1,milanocookies,4.53
1,kettlejalapenochips,4.52
1,ghirardellidarkchocolatesquares,0.09
1,snydershoneymustardonionnibblerpretzels,6.29
1,airheadsgreenapple,5.83
1,skittlestropical,5.49
1,grandmasoatmealraisincookies,5.26
1,cheetoscrunchy,5.71
1,starburst,6.48
1,bunchacrunch,0.76
1,twizzlersstrawberry,6.21
1,skittles,4.62
1,rufflescheddarsourcreamchips,6.45
1,pringlescheddar,7.5
1,munchiespeanutbutter,4.34
1,sourpatchkids,5.54
1,babyruth,8.48
1,sunchipscheddar,8.31
1,gummywormssour,6.26
1,sunchipsfrenchonion,2.53
1,layssweetsouthernheatbarbecue,7.3
1,chexmixcheddar,7.57
1,twix,6.27
1,skittlewildberry,7.52
1,hostesscupcakes,6.69
1,lindtdarkchocolate,5.75
1,kettlebbqchips,0.64
1,mmspretzel,2.43
1,oreos,1.62
1,cheesepeanutbuttercrackers,1.63
1,doritoscoolranch,7.96
1,keeblerrainbowcookies,2.63
1,doritospicychili,8.44
1,pringlesoriginal,7.49
1,milkywaydark,5.72
1,raisinetsmilkchocolate,5.52
1,spree,0.59
1,comboscheddar,7.47
1,milkywaycaramel,7.27
1,juniormints,8.94
1,airheadscherry,8.7
1,kitkatwhitechocolate,9.06
1,funyuns,8.28
1,twixpeanutbutter,6.64
1,sourpunchstrawsstrawberry,6.39
1,pringlessourcreamonion,1.87
1,laysdillpickle,2.78
1,fritos,4.4
1,almondjoy,3.76
1,whoppers,2.44
1,milkyway,3.44
1,swedishfish,5.49
1,snydersoriginalnibblers,6.17
1,mmsmilkchocolate,5.36
2,popcornerswhitecheddar,1.35
2,snickersdarkchocolate,0.26
2,100grand,2.66
2,razzles,3.07
2,butterfinger,1.35
2,heathbar,1.3
2,nerdsstrawberrygrape,0.88
2,lifesaversgummies,1.53
2,dovedarkchocolatebites,0.12
2,reesespieces,0.66
2,grandmaschocolatechipcookies,0.13
2,take5,4.01
2,snickerspeanutbutter,0.49
2,hostesscupcakes,2.27
2,laysclassic,0.21
2,toblerone,3.67
2,sunchipsoriginal,0.83
2,lindtmilkchocolate,0
2,shockers,0.88
2,kettlesaltvinegarchips,5.23
2,ghirardellidarkchocolatesquares,1.33
2,snydershoneymustardonionnibblerpretzels,3.67
2,almondjoy,2.2
2,fritosbbq,4.88
2,swedishfish,0.91
2,babyruth,1.12
2,kitkat,0.82
2,munchiesnachocheese,2.26
2,twizzlersstrawberry,0.31
2,trailmix,3.5
2,munchiespeanutbutter,0.86
2,reesesbigcup,1.2
2,snydersminipretzels,3.62
2,ghirardellimilkchocolatesquares,0.37
2,laysdillpickle,7.07
2,layscheesygarlicbread,0.12
2,juniorcaramels,0.48
2,comboscheddar,0.12
2,kettlesaltpepperchips,0.73
2,snydersoriginalnibblers,1.34
2,skittlestropical,0.46
2,giantsweetarts,1.32
2,butterfingerbites,0.44
2,keeblerfudgestripes,6.13
2,pringlesoriginal,2.15
2,goobers,3.8
2,twixpeanutbutter,2.53
2,mmsmint,3.19
2,cheesepeanutbuttercrackers,1.67
2,layssourcreamandonion,2.08
2,lifesaversgummiessours,4.52
2,slimjim,2.32
2,doritoscoolranch,2.49
2,pringlessourcreamonion,0.55
2,milkywaycaramel,0.23
2,grandmasoatmealraisincookies,1.64
2,snickersalmond,5.88
2,raisinetsmilkchocolate,1.81
2,cheetospuffs,1.83
2,grandmaspeanutbuttercookies,1.38
2,combospizzeria,1.28
2,munchiesjalapenocheddar,4.23
2,bunchacrunch,1.63
2,spree,4.25
2,pez,0.33
2,skittles,1.46
2,gobstoppers,0.54
2,yorkpeppermintpatty,0.3
2,blowpopsourapple,3.33
2,cheezit,5.27
2,skittlessours,0.02
2,crunch,2.37
2,sunchipsgardensalsa,1.78
2,rufflescheddarsourcreamchips,2.08
2,cheezitwhitecheddar,0.75
2,dovecaramelmilkchocolate,7.94
2,whoppers,2.46
2,goldfishcheddar,6.2
2,sourpatchkids,0.01
2,ghirardellicaramelsquares,8.42
2,reesespeanutbuttercup,4.1
2,sourpunchstrawsstrawberry,0.89
2,popcornwhitecheddar,0.59
2,blowpopwatermelon,0.74
2,airheadsblueraspberry,6.06
2,airheadsgreenapple,4.42
2,kettlebbqchips,2.37
2,milkyway,0.09
2,fritos,0.02
2,popcornerskettle,2.27
2,chipsahoy,3.33
2,kitkatwhitechocolate,0.08
2,juniormints,0
2,nerdsrope,0
2,twix,0
2,ritzbitspeanutbutter,0.22
2,mmspeanuts,1.81
2,mentosrainbow,0.3
2,roldgoldtinytwistpretzels,0.99
2,gummywormssour,1.96
2,chexmixcheddar,2.66
2,caramelapplepops,0.25
2,laffytaffysourapple,0.14
2,milanocookies,1.68
2,runts,2.12
2,warheads,3.66
2,layssweetsouthernheatbarbecue,4.78
2,sunchipsfrenchonion,2.09
2,airheadscherry,0.99
2,pringlescheddar,0.02
2,mmsmilkchocolate,2.42
2,mikeikezours,1.95
2,dots,0
2,3musketeers,0.43
2,oreos,2.81
2,funyuns,4.2
2,lindtdarkchocolate,3.39
2,snickers,4.62
2,famousamos,2.86
2,blowpopblueraspberry,1.04
2,airheadswatermelon,2.87
2,popcornersjalapeno,0.56
2,doritospicychili,2.41
2,milkduds,1.75
2,sunchipscheddar,0.3
2,starbursttropical,0.17
2,chexmixtraditional,0.63
2,keeblerrainbowcookies,0.78
2,cheetoscrunchy,4.72
2,mmspretzel,4.21
2,ritzbitscheese,2.93
2,snyderspretzelsticks,2.87
2,swedishfishassorted,0.56
2,skittlewildberry,3.59
2,dovemilkpeanutbutterbites,4.61
2,starburst,3.29
2,blowpopcherry,2.4
2,doritosnachocheese,2.43
2,sourpunchstrawsapple,3.4
2,kettlejalapenochips,0.74
2,oreosgolden,0.24
2,hostesspowdereddonut,0.07
2,hostesschocolatedonuts,3.94
2,milkywaydark,0.09
3,mmspretzel,3.88
3,cheetoscrunchy,1.02
3,snydersoriginalnibblers,8.67
3,lifesaversgummies,7.04
3,cheezit,6.76
3,pringlescheddar,8.97
3,milkduds,9.42
3,crunch,7.88
3,sourpatchkids,9.94
3,juniorcaramels,3.18
3,snickersdarkchocolate,6.61
3,munchiesnachocheese,8.88
3,toblerone,0.58
3,skittlestropical,5.82
3,dovecaramelmilkchocolate,8.97
3,combospizzeria,0.14
3,butterfinger,6.28
3,blowpopsourapple,2.23
3,sourpunchstrawsapple,8.92
3,lifesaversgummiessours,4.16
3,skittlessours,5.06
3,milkywaydark,0.14
3,snyderspretzelsticks,7.58
3,airheadsgreenapple,3.79
3,cheezitwhitecheddar,8.8
3,runts,4.71
3,airheadsblueraspberry,0.98
3,airheadscherry,9.99
3,doritoscoolranch,6.71
3,pez,4.03
3,dots,1.57
3,kitkatwhitechocolate,2.04
3,raisinetsmilkchocolate,3.05
3,pringlessourcreamonion,2.82
3,reesespeanutbuttercup,6.07
3,skittlewildberry,6.08
3,ritzbitspeanutbutter,9.92
3,giantsweetarts,7.3
3,goldfishcheddar,1.39
3,nerdsstrawberrygrape,2.46
3,cheetospuffs,0.4
3,sunchipsfrenchonion,7.76
3,reesespieces,8.25
3,munchiespeanutbutter,3.11
3,hostesspowdereddonut,7.79
3,oreosgolden,2.81
3,munchiesjalapenocheddar,2.4
3,mmsmilkchocolate,8.71
3,kitkat,7.53
3,mmspeanuts,2.62
3,warheads,6.79
3,100grand,2.97
3,ghirardellidarkchocolatesquares,7.9
3,cheesepeanutbuttercrackers,2.11
3,almondjoy,8
3,caramelapplepops,5.59
3,roldgoldtinytwistpretzels,5.02
3,juniormints,7.4
3,twix,6.11
3,oreos,9.95
3,gummywormssour,8.01
3,hostesschocolatedonuts,6.28
3,comboscheddar,0.05
3,twixpeanutbutter,3.81
3,bunchacrunch,5.35
3,take5,6.32
3,shockers,7.6
3,gobstoppers,1.95
3,sourpunchstrawsstrawberry,7.47
3,ritzbitscheese,4.31
3,reesesbigcup,6.27
3,heathbar,0.8
3,swedishfishassorted,0.03
3,starbursttropical,4.93
3,snydershoneymustardonionnibblerpretzels,6.52
3,whoppers,8.15
3,popcornersjalapeno,4.04
3,hostesscupcakes,2
3,popcornerswhitecheddar,9.49
3,snickersalmond,8.58
3,chexmixtraditional,1.5
3,mmsmint,2
3,fritos,0.39
3,ghirardellicaramelsquares,0.97
3,doritosnachocheese,5.8
3,twizzlersstrawberry,2.14
3,swedishfish,7.07
3,funyuns,10
3,laysdillpickle,5.02
3,sunchipsoriginal,9.64
3,blowpopblueraspberry,9.91
3,mentosrainbow,0.62
3,spree,0.22
3,chexmixcheddar,0.23
3,yorkpeppermintpatty,4.83
3,kettlesaltvinegarchips,1.04
3,sunchipsgardensalsa,2.91
3,milkyway,6.6
3,butterfingerbites,3.75
3,pringlesoriginal,4.42
3,milkywaycaramel,6.66
3,milanocookies,2.99
3,skittles,5.63
3,snickers,3.96
3,laysclassic,0.03
3,keeblerfudgestripes,9.48
3,snickerspeanutbutter,6.19
3,sunchipscheddar,6.46
3,dovedarkchocolatebites,7.72
3,lindtmilkchocolate,4.18
3,mikeikezours,3.77
3,layssweetsouthernheatbarbecue,8.63
3,nerdsrope,4.51
3,kettlebbqchips,8.53
3,starburst,0.01
3,airheadswatermelon,9.02
3,doritospicychili,3.95
3,blowpopwatermelon,5.9
3,slimjim,8.14
3,layssourcreamandonion,9.97
3,keeblerrainbowcookies,4.52
3,ghirardellimilkchocolatesquares,5.65
3,grandmasoatmealraisincookies,5.18
3,goobers,9.02
3,laffytaffysourapple,6.82
3,razzles,4.04
3,popcornerskettle,7.74
3,dovemilkpeanutbutterbites,8.08
3,layscheesygarlicbread,8.96
3,lindtdarkchocolate,0.01
3,babyruth,0.37
3,blowpopcherry,0.06
3,popcornwhitecheddar,0.03
3,famousamos,9.97
3,grandmaspeanutbuttercookies,9.94
3,fritosbbq,7.37
3,trailmix,4.46
3,kettlejalapenochips,0.87
3,snydersminipretzels,9.06
3,grandmaschocolatechipcookies,7.07
3,rufflescheddarsourcreamchips,0.03
3,chipsahoy,1.97
3,3musketeers,5.95
3,kettlesaltpepperchips,9.91
4,doritoscoolranch,5.15
4,airheadsgreenapple,4.22
4,doritospicychili,3.76
4,cheetospuffs,3.53
4,lindtdarkchocolate,3.57
4,oreosgolden,2.87
4,mmspeanuts,0.88
4,reesespeanutbuttercup,0.62
4,blowpopcherry,1.07
4,almondjoy,2.49
4,ghirardellimilkchocolatesquares,1.62
4,caramelapplepops,1.88
4,snydershoneymustardonionnibblerpretzels,1.51
4,mikeikezours,0.08
4,grandmaspeanutbuttercookies,0.14
4,swedishfishassorted,1.57
4,twixpeanutbutter,0.05
4,sunchipsfrenchonion,9.04
4,sunchipscheddar,6.28
4,sunchipsoriginal,9.87
4,milanocookies,4.63
4,cheezit,7.34
4,milkywaycaramel,9.37
4,heathbar,2.77
4,starburst,4.29
4,sunchipsgardensalsa,4.04
4,starbursttropical,5.38
4,snickers,4.61
4,funyuns,7.48
4,keeblerfudgestripes,6.27
4,famousamos,0.4
4,cheetoscrunchy,8
4,munchiesnachocheese,9.99
4,juniorcaramels,0.64
4,toblerone,3.01
4,cheezitwhitecheddar,8.62
4,skittlewildberry,9.89
4,kettlebbqchips,5.52
4,blowpopsourapple,7.72
4,comboscheddar,9.58
4,raisinetsmilkchocolate,7.43
4,ritzbitspeanutbutter,5.06
4,crunch,5.27
4,warheads,9.94
4,shockers,0.32
4,grandmasoatmealraisincookies,3
4,airheadsblueraspberry,4.46
4,lifesaversgummiessours,0.25
4,airheadscherry,2.98
4,chexmixtraditional,7.51
4,goldfishcheddar,1.34
4,dovecaramelmilkchocolate,1.38
4,gobstoppers,1.56
4,kettlesaltvinegarchips,5.45
4,rufflescheddarsourcreamchips,7.77
4,skittlessours,2.56
4,snickerspeanutbutter,3.11
4,snickersdarkchocolate,9.77
4,chipsahoy,2.15
4,twix,9.02
4,hostesscupcakes,9.14
4,whoppers,7.03
4,nerdsrope,3.03
4,layscheesygarlicbread,2.29
4,snyderspretzelsticks,6.32
4,chexmixcheddar,7.24
4,doritosnachocheese,7.69
4,pringlesoriginal,9.36
4,popcornerswhitecheddar,6.46
4,munchiesjalapenocheddar,5.23
4,pringlessourcreamonion,6.4
4,kitkatwhitechocolate,8.47
4,100grand,7.05
4,mmsmilkchocolate,8.84
4,popcornerskettle,4.84
4,giantsweetarts,0.54
4,milkduds,7.4
4,swedishfish,8.96
4,ghirardellicaramelsquares,2.64
4,popcornersjalapeno,7.18
4,butterfinger,6.07
4,mmsmint,6.84
4,layssweetsouthernheatbarbecue,9.26
4,blowpopblueraspberry,6.35
4,reesespieces,0.04
4,mentosrainbow,0.25
4,dovemilkpeanutbutterbites,0.08
4,pringlescheddar,7.33
4,snydersoriginalnibblers,2.15
4,laysdillpickle,7.98
4,airheadswatermelon,0.84
4,reesesbigcup,5.02
4,lindtmilkchocolate,9.64
4,nerdsstrawberrygrape,4.06
4,kettlejalapenochips,9.98
4,hostesschocolatedonuts,9.29
4,butterfingerbites,2.99
4,lifesaversgummies,7.34
4,spree,9.77
4,snydersminipretzels,5.53
4,dots,5.71
4,blowpopwatermelon,0.57
4,cheesepeanutbuttercrackers,0.27
4,munchiespeanutbutter,0.67
4,milkywaydark,0.55
4,popcornwhitecheddar,0.19
4,trailmix,9.08
4,sourpatchkids,5.29
4,razzles,3.42
4,kettlesaltpepperchips,6.59
4,pez,5.61
4,slimjim,5.09
4,take5,7.31
4,dovedarkchocolatebites,5.5
4,roldgoldtinytwistpretzels,7.21
4,ghirardellidarkchocolatesquares,0.85
4,gummywormssour,2.77
4,goobers,1.7
4,laffytaffysourapple,0.16
4,skittles,9.82
4,kitkat,9.47
4,bunchacrunch,7.53
4,sourpunchstrawsapple,9.61
4,yorkpeppermintpatty,5.12
4,ritzbitscheese,1.89
4,oreos,2.89
4,babyruth,5.57
4,skittlestropical,6.59
4,grandmaschocolatechipcookies,7.64
4,laysclassic,8.67
4,mmspretzel,9.9
4,fritosbbq,9.68
4,milkyway,5.6
4,snickersalmond,5.84
4,combospizzeria,6.35
4,keeblerrainbowcookies,5.08
4,3musketeers,7.35
4,sourpunchstrawsstrawberry,1.79
4,hostesspowdereddonut,9.19
4,twizzlersstrawberry,1.14
4,runts,0.82
4,fritos,6.36
4,juniormints,1.61
4,layssourcreamandonion,5.27
5,sourpunchstrawsapple,1.03
5,layssweetsouthernheatbarbecue,5.5
5,doritospicychili,9.5
5,reesesbigcup,10
5,snickerspeanutbutter,10
5,kitkatwhitechocolate,9.99
5,juniorcaramels,2.01
5,roldgoldtinytwistpretzels,0
5,runts,8.55
5,twixpeanutbutter,9
5,airheadsblueraspberry,10
5,fritosbbq,8.99
5,take5,8.5
5,almondjoy,5
5,shockers,5.5
5,starburst,9.99
5,yorkpeppermintpatty,0.02
5,famousamos,8.02
5,popcornwhitecheddar,7.03
5,twix,7.01
5,gobstoppers,5.01
5,milkyway,0.02
5,pez,7
5,goldfishcheddar,0
5,airheadsgreenapple,9.5
5,munchiesnachocheese,9.5
5,nerdsrope,9
5,milkduds,1.5
5,hostesscupcakes,8.01
5,toblerone,5.99
5,keeblerfudgestripes,0
5,popcornerswhitecheddar,5.5
5,sunchipscheddar,1.5
5,sunchipsoriginal,1.5
5,munchiesjalapenocheddar,4
5,crunch,7
5,cheezitwhitecheddar,0.5
5,oreos,9.01
5,lindtmilkchocolate,6.01
5,mmsmilkchocolate,0
5,snydersoriginalnibblers,8
5,ghirardellimilkchocolatesquares,9.46
5,sourpunchstrawsstrawberry,6
5,grandmaspeanutbuttercookies,7
5,cheetospuffs,0.03
5,twizzlersstrawberry,0.04
5,goobers,0
5,ritzbitscheese,0.04
5,100grand,9.99
5,snydershoneymustardonionnibblerpretzels,3.01
5,laysclassic,4
5,gummywormssour,4.02
5,snickersalmond,1.97
5,pringlesoriginal,2
5,cheetoscrunchy,1
5,milkywaycaramel,6
5,chexmixcheddar,6.51
5,ghirardellicaramelsquares,0
5,doritosnachocheese,7.01
5,munchiespeanutbutter,2
5,blowpopwatermelon,4
5,skittlewildberry,5.5
5,caramelapplepops,4
5,mmsmint,10
5,ritzbitspeanutbutter,4.5
5,skittles,9
5,snickers,3.5
5,lifesaversgummies,9.5
5,milkywaydark,1.5
5,giantsweetarts,9.02
5,hostesspowdereddonut,9.5
5,hostesschocolatedonuts,0
5,swedishfishassorted,4.99
5,airheadscherry,7.03
5,fritos,6.01
5,sunchipsfrenchonion,2.5
5,blowpopblueraspberry,2.55
5,mmspretzel,0.5
5,oreosgolden,0
5,dovecaramelmilkchocolate,5
5,dovemilkpeanutbutterbites,5
5,popcornerskettle,5.01
5,mmspeanuts,0.02
5,keeblerrainbowcookies,2.01
5,cheezit,0
5,snyderspretzelsticks,1.01
5,reesespieces,0.06
5,babyruth,4.01
5,kitkat,3.5
5,pringlescheddar,4.01
5,skittlestropical,0.5
5,3musketeers,0
5,funyuns,8.01
5,reesespeanutbuttercup,2
5,kettlejalapenochips,0
5,slimjim,0.99
5,doritoscoolranch,9.5
5,airheadswatermelon,8.02
5,razzles,8
5,heathbar,2.5
5,trailmix,5.01
5,skittlessours,0.01
5,juniormints,0.03
5,butterfinger,0.05
5,grandmaschocolatechipcookies,7
5,cheesepeanutbuttercrackers,0.01
5,grandmasoatmealraisincookies,6
5,kettlesaltvinegarchips,7.5
5,starbursttropical,5.01
5,lifesaversgummiessours,10
5,snydersminipretzels,9.01
5,whoppers,9.02
5,swedishfish,10
5,lindtdarkchocolate,10
5,combospizzeria,9
5,warheads,8.01
5,kettlesaltpepperchips,0.03
5,comboscheddar,0
5,chexmixtraditional,0.05
5,dots,0.04
5,popcornersjalapeno,6.99
5,blowpopsourapple,1.06
5,rufflescheddarsourcreamchips,7.01
5,raisinetsmilkchocolate,8
5,bunchacrunch,1
5,sunchipsgardensalsa,6
5,layscheesygarlicbread,5
5,snickersdarkchocolate,8
5,laysdillpickle,8.51
5,chipsahoy,4
5,milanocookies,2.01
5,kettlebbqchips,0.5
5,laffytaffysourapple,1.03
5,blowpopcherry,0
5,nerdsstrawberrygrape,0.5
5,mikeikezours,1.02
5,pringlessourcreamonion,9
5,dovedarkchocolatebites,0.01
5,layssourcreamandonion,3.01
5,sourpatchkids,0.04
5,ghirardellidarkchocolatesquares,3.01
5,butterfingerbites,10
5,spree,2
5,mentosrainbow,6.01
6,milkywaycaramel,0.05
6,snickersdarkchocolate,0.06
6,kitkat,5.14
6,ritzbitspeanutbutter,8.11
6,doritosnachocheese,0.06
6,doritoscoolranch,6.9
6,gobstoppers,1.11
6,milkyway,0.32
6,snickers,4.3
6,hostesspowdereddonut,3.62
6,milkduds,4.44
6,kettlejalapenochips,0.91
6,sourpunchstrawsapple,7.49
6,famousamos,5
6,dovedarkchocolatebites,4.81
6,spree,0
6,snydersoriginalnibblers,4.05
6,munchiesnachocheese,5.37
6,funyuns,4.29
6,mentosrainbow,4.66
6,sunchipscheddar,3.94
6,pringlesoriginal,7.78
6,blowpopblueraspberry,0.06
6,twizzlersstrawberry,4.93
6,raisinetsmilkchocolate,5.62
6,fritosbbq,4.94
6,shockers,7.43
6,oreos,0.04
6,popcornersjalapeno,1.07
6,snickersalmond,1.98
6,bunchacrunch,0.02
6,snickerspeanutbutter,2.7
6,toblerone,3.02
6,juniormints,4.23
6,ghirardellidarkchocolatesquares,5.65
6,laysdillpickle,0.14
6,mmspretzel,0.16
6,slimjim,8.54
6,fritos,5.5
6,starburst,5.16
6,chexmixtraditional,5.46
6,grandmasoatmealraisincookies,0.1
6,runts,5.98
6,snyderspretzelsticks,8.49
6,sunchipsoriginal,0.37
6,caramelapplepops,4.62
6,grandmaschocolatechipcookies,0.01
6,layssweetsouthernheatbarbecue,9.56
6,milkywaydark,1.37
6,twixpeanutbutter,0.08
6,nerdsstrawberrygrape,0.08
6,babyruth,1.69
6,chipsahoy,9.53
6,reesespieces,0.47
6,reesespeanutbuttercup,7.29
6,snydersminipretzels,0.47
6,ghirardellimilkchocolatesquares,3.13
6,airheadswatermelon,1.75
6,goobers,2
6,sourpunchstrawsstrawberry,3.11
6,dovemilkpeanutbutterbites,3.11
6,butterfingerbites,10
6,skittlestropical,4.74
6,popcornwhitecheddar,0.05
6,munchiespeanutbutter,1.76
6,cheezitwhitecheddar,1.26
6,blowpopwatermelon,0.07
6,100grand,4.16
6,sourpatchkids,2.97
6,razzles,4.37
6,dovecaramelmilkchocolate,0.1
6,layscheesygarlicbread,8.55
6,lifesaversgummies,9.27
6,cheesepeanutbuttercrackers,2.64
6,oreosgolden,0.59
6,lindtdarkchocolate,6.22
6,swedishfish,8.48
6,cheetoscrunchy,1.52
6,swedishfishassorted,0
6,cheezit,9.67
6,milanocookies,0.01
6,hostesscupcakes,0.8
6,blowpopcherry,0.54
6,mmsmint,0.95
6,grandmaspeanutbuttercookies,0.04
6,chexmixcheddar,7.5
6,airheadscherry,6.02
6,mmspeanuts,7.48
6,crunch,6.2
6,whoppers,6.61
6,gummywormssour,3.72
6,keeblerfudgestripes,4.16
6,ghirardellicaramelsquares,7.01
6,yorkpeppermintpatty,0.11
6,goldfishcheddar,0.04
6,dots,0.05
6,pringlescheddar,5.49
6,kitkatwhitechocolate,5.49
6,3musketeers,4.66
6,skittlewildberry,0
6,snydershoneymustardonionnibblerpretzels,3.83
6,mikeikezours,4.69
6,laffytaffysourapple,6.86
6,airheadsblueraspberry,6.45
6,roldgoldtinytwistpretzels,8.76
6,laysclassic,7.04
6,blowpopsourapple,0.02
6,cheetospuffs,4.53
6,doritospicychili,3.47
6,kettlesaltvinegarchips,0.81
6,rufflescheddarsourcreamchips,6.25
6,comboscheddar,6.02
6,skittlessours,0.37
6,giantsweetarts,9.65
6,popcornerswhitecheddar,0
6,lifesaversgummiessours,0.7
6,munchiesjalapenocheddar,0.6
6,airheadsgreenapple,0.5
6,almondjoy,4.6
6,sunchipsfrenchonion,0
6,reesesbigcup,0.53
6,heathbar,1.48
6,take5,2.41
6,warheads,0.02
6,kettlebbqchips,9
6,keeblerrainbowcookies,9.27
6,nerdsrope,0.52
6,skittles,3.48
6,butterfinger,3.25
6,mmsmilkchocolate,1.46
6,trailmix,0.9
6,kettlesaltpepperchips,0.64
6,popcornerskettle,1.33
6,hostesschocolatedonuts,0.19
6,pez,0.1
6,sunchipsgardensalsa,0.15
6,ritzbitscheese,5.27
6,lindtmilkchocolate,2.34
6,layssourcreamandonion,0.82
6,pringlessourcreamonion,1.03
6,combospizzeria,5.51
6,juniorcaramels,1.72
6,starbursttropical,0.05
6,twix,7.79
7,airheadsblueraspberry,5
7,3musketeers,2.81
7,dovedarkchocolatebites,5.4
7,heathbar,1.86
7,dovemilkpeanutbutterbites,1.91
7,sunchipscheddar,2.38
7,munchiesjalapenocheddar,0.37
7,shockers,5.75
7,grandmaschocolatechipcookies,1.55
7,sunchipsgardensalsa,0.84
7,lifesaversgummiessours,0.88
7,grandmasoatmealraisincookies,0.82
7,snickers,4.27
7,lindtmilkchocolate,6.12
7,butterfinger,6.12
7,cheesepeanutbuttercrackers,0.22
7,roldgoldtinytwistpretzels,2.17
7,babyruth,3.59
7,popcornerskettle,3.68
7,mmsmint,4.3
7,ritzbitscheese,4.52
7,mmsmilkchocolate,3.72
7,blowpopblueraspberry,5.12
7,crunch,2.36
7,trailmix,3.57
7,mmspeanuts,2.89
7,hostesschocolatedonuts,5.15
7,snickersalmond,3.62
7,sourpunchstrawsapple,5.65
7,popcornerswhitecheddar,4.28
7,kettlesaltvinegarchips,5.23
7,oreosgolden,6.74
7,kettlejalapenochips,6.1
7,milkduds,6.9
7,kitkatwhitechocolate,1.63
7,laysdillpickle,6.33
7,doritosnachocheese,5.07
7,toblerone,5.23
7,whoppers,4.3
7,dots,9.4
7,airheadswatermelon,6.59
7,cheezit,3.35
7,slimjim,1.66
7,snickersdarkchocolate,2.7
7,swedishfishassorted,4.49
7,fritos,3.04
7,kettlesaltpepperchips,2.64
7,lindtdarkchocolate,2.42
7,chexmixtraditional,5.28
7,cheetoscrunchy,2.71
7,runts,0.82
7,warheads,0.5
7,yorkpeppermintpatty,0.87
7,airheadscherry,1.7
7,hostesspowdereddonut,7.45
7,snydersoriginalnibblers,3.41
7,raisinetsmilkchocolate,1.61
7,twizzlersstrawberry,4.41
7,mikeikezours,2.7
7,keeblerrainbowcookies,4.75
7,airheadsgreenapple,4.87
7,layscheesygarlicbread,4.51
7,munchiesnachocheese,0.53
7,snydersminipretzels,1.11
7,reesespieces,9.47
7,giantsweetarts,1.49
7,goldfishcheddar,5.3
7,snickerspeanutbutter,5.24
7,snyderspretzelsticks,4.82
7,doritoscoolranch,4.53
7,almondjoy,6.49
7,combospizzeria,7.87
7,starbursttropical,5.66
7,chexmixcheddar,5.36
7,popcornwhitecheddar,7.31
7,sunchipsfrenchonion,7.26
7,100grand,1.69
7,ritzbitspeanutbutter,2.17
7,blowpopcherry,4.61
7,kettlebbqchips,6.28
7,twix,0.91
7,sourpatchkids,4.11
7,pringlessourcreamonion,1.72
7,pringlescheddar,6.18
7,milkywaycaramel,2.08
7,caramelapplepops,1.85
7,butterfingerbites,0.72
7,grandmaspeanutbuttercookies,1.53
7,layssweetsouthernheatbarbecue,2.79
7,milkyway,3.51
7,skittles,3.95
7,swedishfish,1.19
7,sourpunchstrawsstrawberry,2.21
7,snydershoneymustardonionnibblerpretzels,1.94
7,cheezitwhitecheddar,3.81
7,spree,1.85
7,skittlessours,4.69
7,blowpopsourapple,5.83
7,skittlewildberry,6.22
7,ghirardellicaramelsquares,5.71
7,mmspretzel,3.89
7,keeblerfudgestripes,6.48
7,laysclassic,5.52
7,twixpeanutbutter,5.69
7,ghirardellimilkchocolatesquares,1.89
7,juniorcaramels,2.62
7,milanocookies,3.34
7,doritospicychili,3.32
7,sunchipsoriginal,0.53
7,layssourcreamandonion,7
7,chipsahoy,2.62
7,reesesbigcup,3.31
7,skittlestropical,5.81
7,hostesscupcakes,1.85
7,laffytaffysourapple,3.67
7,gummywormssour,3.82
7,nerdsrope,3.49
7,pringlesoriginal,6.28
7,dovecaramelmilkchocolate,3.62
7,pez,1.51
7,blowpopwatermelon,1.34
7,goobers,2.16
7,munchiespeanutbutter,0.61
7,funyuns,7.55
7,mentosrainbow,5.79
7,kitkat,5.73
7,cheetospuffs,2.74
7,ghirardellidarkchocolatesquares,2.5
7,lifesaversgummies,3.39
7,fritosbbq,2.24
7,razzles,7.2
7,reesespeanutbuttercup,5.03
7,milkywaydark,5.28
7,nerdsstrawberrygrape,3.73
7,gobstoppers,3.18
7,bunchacrunch,4.57
7,rufflescheddarsourcreamchips,8.49
7,comboscheddar,3.79
7,famousamos,3.55
7,popcornersjalapeno,3.63
7,take5,3.4
7,oreos,6.23
7,juniormints,0.25
7,starburst,8.44
8,raisinetsmilkchocolate,3.99
8,oreos,5.5
8,famousamos,7.75
8,blowpopsourapple,8
8,pringlescheddar,7.02
8,warheads,7
8,kitkatwhitechocolate,7
8,keeblerrainbowcookies,3.51
8,sourpatchkids,4.01
8,snydersoriginalnibblers,5.01
8,keeblerfudgestripes,4
8,popcornerskettle,5.5
8,layssourcreamandonion,3
8,ritzbitspeanutbutter,7
8,sourpunchstrawsapple,6
8,fritos,0.5
8,cheezitwhitecheddar,7.75
8,dots,3.02
8,ghirardellidarkchocolatesquares,2.53
8,mmsmint,7.5
8,doritosnachocheese,3
8,popcornwhitecheddar,2.01
8,blowpopcherry,2
8,mmspeanuts,7.03
8,babyruth,6.05
8,snydershoneymustardonionnibblerpretzels,4
8,snickersalmond,6.01
8,dovecaramelmilkchocolate,2.99
8,swedishfish,8.6
8,sunchipsgardensalsa,6.5
8,twizzlersstrawberry,4
8,butterfingerbites,5.01
8,sunchipsfrenchonion,5
8,skittlestropical,5
8,snydersminipretzels,5
8,spree,6
8,munchiespeanutbutter,2.57
8,comboscheddar,0
8,oreosgolden,8.75
8,reesespieces,8.01
8,munchiesjalapenocheddar,8.01
8,razzles,1
8,laysdillpickle,2
8,mikeikezours,7
8,laysclassic,2.01
8,slimjim,6
8,twixpeanutbutter,0.5
8,goldfishcheddar,4.01
8,airheadsblueraspberry,8.24
8,toblerone,3.01
8,snickerspeanutbutter,4
8,dovedarkchocolatebites,4.01
8,rufflescheddarsourcreamchips,4.01
8,heathbar,4
8,layscheesygarlicbread,5.5
8,grandmaschocolatechipcookies,7.01
8,chexmixtraditional,8.01
8,runts,7.4
8,mmspretzel,0
8,snyderspretzelsticks,6.5
8,lindtdarkchocolate,7.25
8,whoppers,7.5
8,milkyway,7
8,3musketeers,3.03
8,kettlebbqchips,5
8,ritzbitscheese,7
8,goobers,3.01
8,milkywaycaramel,5.49
8,doritospicychili,5
8,airheadswatermelon,7.76
8,cheetospuffs,6.51
8,starbursttropical,6
8,roldgoldtinytwistpretzels,4
8,funyuns,7.5
8,skittlessours,5.01
8,airheadscherry,4.52
8,ghirardellimilkchocolatesquares,7.5
8,grandmaspeanutbuttercookies,1.02
8,mentosrainbow,6.5
8,fritosbbq,7.76
8,lindtmilkchocolate,5.01
8,snickersdarkchocolate,6.01
8,munchiesnachocheese,4.99
8,snickers,5
8,blowpopblueraspberry,2.49
8,trailmix,7
8,take5,8
8,kettlesaltvinegarchips,1.02
8,hostesscupcakes,1.99
8,milanocookies,7.7
8,popcornerswhitecheddar,7.51
8,combospizzeria,0.99
8,giantsweetarts,1
8,doritoscoolranch,0
8,grandmasoatmealraisincookies,0
8,reesesbigcup,0
8,almondjoy,6
8,popcornersjalapeno,8.5
8,nerdsrope,7.5
8,ghirardellicaramelsquares,3
8,swedishfishassorted,1.01
8,yorkpeppermintpatty,8.8
8,kettlejalapenochips,8.75
8,kitkat,8.75
8,reesespeanutbuttercup,7.01
8,butterfinger,6.5
8,hostesspowdereddonut,4
8,dovemilkpeanutbutterbites,4
8,cheetoscrunchy,4.01
8,100grand,1.01
8,airheadsgreenapple,7
8,bunchacrunch,8.75
8,nerdsstrawberrygrape,3
8,pringlessourcreamonion,6
8,skittles,1
8,gummywormssour,6.5
8,milkduds,6.01
8,chipsahoy,4
8,sourpunchstrawsstrawberry,6.98
8,laffytaffysourapple,0
8,pez,2.51
8,shockers,2.99
8,lifesaversgummiessours,4
8,cheesepeanutbuttercrackers,6.02
8,gobstoppers,4
8,hostesschocolatedonuts,5.02
8,crunch,1.01
8,pringlesoriginal,8.5
8,sunchipsoriginal,7.5
8,mmsmilkchocolate,3.36
8,chexmixcheddar,0
8,layssweetsouthernheatbarbecue,0
8,juniorcaramels,5
8,skittlewildberry,7
8,twix,6.5
8,cheezit,4
8,caramelapplepops,6.5
8,milkywaydark,4.01
8,juniormints,7
8,sunchipscheddar,6.5
8,blowpopwatermelon,4
8,starburst,0
8,kettlesaltpepperchips,6.51
8,lifesaversgummies,5
9,nerdsstrawberrygrape,5.08
9,sourpatchkids,6.54
9,3musketeers,4.69
9,ghirardellidarkchocolatesquares,2.68
9,slimjim,3.75
9,snickerspeanutbutter,4.16
9,popcornwhitecheddar,2.12
9,ritzbitspeanutbutter,5.92
9,airheadsblueraspberry,3.1
9,laffytaffysourapple,3.1
9,take5,3.25
9,twizzlersstrawberry,5.18
9,mmsmint,4.27
9,reesesbigcup,2.84
9,keeblerfudgestripes,4.54
9,sourpunchstrawsstrawberry,3.05
9,munchiesnachocheese,4.7
9,mikeikezours,3.8
9,twix,4.91
9,milkyway,4.44
9,ghirardellimilkchocolatesquares,3.64
9,skittlewildberry,3.33
9,kettlejalapenochips,2.58
9,roldgoldtinytwistpretzels,6.22
9,reesespieces,4.24
9,cheezitwhitecheddar,4.22
9,juniormints,5.14
9,layssourcreamandonion,5.87
9,sunchipscheddar,4.81
9,sunchipsoriginal,5.27
9,chexmixcheddar,3.46
9,pringlesoriginal,6.91
9,razzles,6.88
9,doritoscoolranch,7.02
9,fritosbbq,5.76
9,skittlessours,4.7
9,starburst,5.51
9,whoppers,5.78
9,gobstoppers,2.65
9,kettlesaltpepperchips,6.52
9,blowpopwatermelon,7.18
9,popcornerskettle,3.29
9,milkduds,2.78
9,airheadsgreenapple,6.18
9,oreos,5.25
9,mmsmilkchocolate,5.26
9,hostesscupcakes,4.73
9,popcornersjalapeno,4.11
9,cheesepeanutbuttercrackers,5.37
9,oreosgolden,4.87
9,laysdillpickle,5.41
9,cheetospuffs,4.3
9,airheadswatermelon,5.17
9,warheads,5.12
9,babyruth,4.32
9,lindtdarkchocolate,5.87
9,dots,4.85
9,comboscheddar,4.14
9,snickersalmond,4.34
9,sourpunchstrawsapple,5.28
9,nerdsrope,4.4
9,snydershoneymustardonionnibblerpretzels,7.24
9,pez,7.34
9,juniorcaramels,4.57
9,reesespeanutbuttercup,6.17
9,milanocookies,7.3
9,fritos,5.82
9,crunch,6.34
9,layscheesygarlicbread,6.88
9,lifesaversgummiessours,2.63
9,raisinetsmilkchocolate,3.88
9,popcornerswhitecheddar,5.87
9,kitkatwhitechocolate,4.83
9,spree,5.87
9,doritosnachocheese,4.85
9,shockers,5.9
9,ritzbitscheese,6.31
9,pringlessourcreamonion,4.14
9,mmspeanuts,3.42
9,runts,5.1
9,trailmix,4.78
9,swedishfish,7.16
9,dovedarkchocolatebites,0.31
9,cheetoscrunchy,5.88
9,mentosrainbow,3.74
9,snickersdarkchocolate,6.36
9,kettlebbqchips,5.12
9,snydersminipretzels,3.11
9,grandmaschocolatechipcookies,5
9,starbursttropical,5.85
9,kitkat,5.86
9,blowpopsourapple,4.19
9,giantsweetarts,7.01
9,caramelapplepops,3.2
9,snickers,4.93
9,airheadscherry,3.28
9,dovemilkpeanutbutterbites,6.94
9,milkywaydark,7.56
9,milkywaycaramel,5.78
9,hostesspowdereddonut,2.91
9,grandmaspeanutbuttercookies,4.34
9,almondjoy,5.81
9,skittles,5.24
9,snyderspretzelsticks,4.59
9,layssweetsouthernheatbarbecue,4.21
9,lifesaversgummies,6.18
9,munchiesjalapenocheddar,3.2
9,ghirardellicaramelsquares,5.26
9,butterfinger,3.91
9,blowpopcherry,3.12
9,hostesschocolatedonuts,5.83
9,100grand,3.74
9,twixpeanutbutter,3.89
9,blowpopblueraspberry,4.21
9,lindtmilkchocolate,4.6
9,kettlesaltvinegarchips,7.44
9,rufflescheddarsourcreamchips,7.12
9,munchiespeanutbutter,6.89
9,dovecaramelmilkchocolate,6.7
9,toblerone,2.64
9,chexmixtraditional,3.13
9,doritospicychili,3.87
9,goldfishcheddar,2.17
9,gummywormssour,6
9,laysclassic,4.12
9,bunchacrunch,3.86
9,grandmasoatmealraisincookies,3.43
9,skittlestropical,4.77
9,combospizzeria,4.25
9,famousamos,6.28
9,sunchipsgardensalsa,5.79
9,goobers,5.34
9,heathbar,6.32
9,sunchipsfrenchonion,2.87
9,mmspretzel,3.26
9,keeblerrainbowcookies,7.1
9,butterfingerbites,2.39
9,cheezit,3.87
9,pringlescheddar,6.45
9,yorkpeppermintpatty,5.24
9,swedishfishassorted,3.88
9,chipsahoy,3.88
9,funyuns,5.22
9,snydersoriginalnibblers,3.92
10,twix,8
10,chipsahoy,6
10,juniormints,5.5
10,trailmix,4.5
10,giantsweetarts,4.25
10,skittles,5
10,oreosgolden,3.5
10,roldgoldtinytwistpretzels,3.75
10,mikeikezours,3.75
10,nerdsstrawberrygrape,3.25
10,blowpopwatermelon,3.5
10,butterfinger,2.5
10,kettlesaltvinegarchips,5
10,ghirardellidarkchocolatesquares,5
10,mmspretzel,5.75
10,snickersalmond,6
10,warheads,3
10,hostesscupcakes,4.75
10,layssourcreamandonion,6
10,kitkat,4
10,airheadscherry,7.5
10,mmsmint,7
10,milanocookies,7
10,gobstoppers,3
10,toblerone,5.75
10,munchiesjalapenocheddar,6.75
10,keeblerrainbowcookies,6
10,goldfishcheddar,10
10,airheadsgreenapple,7.25
10,swedishfish,5
10,skittlessours,3
10,munchiesnachocheese,4.25
10,heathbar,3.5
10,airheadswatermelon,4.49
10,dots,6
10,lifesaversgummies,5
10,dovedarkchocolatebites,9.5
10,popcornerswhitecheddar,8.75
10,reesespieces,7
10,hostesspowdereddonut,3.5
10,keeblerfudgestripes,4
10,snickerspeanutbutter,4
10,grandmasoatmealraisincookies,7.5
10,snydersoriginalnibblers,5
10,mmspeanuts,3
10,goobers,5.5
10,dovemilkpeanutbutterbites,1
10,cheetospuffs,5.25
10,grandmaschocolatechipcookies,9
10,airheadsblueraspberry,4
10,munchiespeanutbutter,8
10,cheezitwhitecheddar,7
10,reesesbigcup,8.5
10,kettlejalapenochips,6
10,famousamos,2
10,fritos,7.5
10,ritzbitspeanutbutter,4.5
10,snickers,6
10,crunch,6
10,reesespeanutbuttercup,5.75
10,rufflescheddarsourcreamchips,6.5
10,skittlestropical,5.5
10,sourpunchstrawsapple,4.75
10,slimjim,4.25
10,mentosrainbow,6.25
10,doritospicychili,3
10,sunchipsgardensalsa,6.75
10,3musketeers,5
10,lindtdarkchocolate,7
10,sunchipsoriginal,4
10,razzles,3.75
10,chexmixtraditional,6.25
10,lifesaversgummiessours,5
10,sourpatchkids,4.75
10,laffytaffysourapple,3
10,snydersminipretzels,5.5
10,snickersdarkchocolate,6
10,babyruth,4
10,gummywormssour,5.01
10,nerdsrope,8.5
10,caramelapplepops,7.25
10,skittlewildberry,6
10,lindtmilkchocolate,5.25
10,runts,4
10,twixpeanutbutter,2
10,comboscheddar,2
10,pringlesoriginal,2.75
10,pringlessourcreamonion,8.25
10,pez,6
10,spree,4.49
10,popcornwhitecheddar,4.51
10,doritoscoolranch,2
10,kettlebbqchips,6
10,oreos,2
10,doritosnachocheese,2.75
10,combospizzeria,1
10,whoppers,6.25
10,blowpopsourapple,4.01
10,raisinetsmilkchocolate,7
10,milkywaydark,1.5
10,milkduds,2
10,snyderspretzelsticks,4
10,cheetoscrunchy,5
10,layssweetsouthernheatbarbecue,8
10,butterfingerbites,5.5
10,mmsmilkchocolate,6
10,ghirardellimilkchocolatesquares,3.01
10,laysclassic,7.25
10,take5,8
10,chexmixcheddar,7.75
10,sourpunchstrawsstrawberry,9
10,dovecaramelmilkchocolate,5
10,hostesschocolatedonuts,9
10,popcornersjalapeno,8.75
10,sunchipsfrenchonion,8.5
10,cheezit,4.5
10,snydershoneymustardonionnibblerpretzels,2
10,100grand,2
10,yorkpeppermintpatty,4
10,juniorcaramels,5.25
10,ritzbitscheese,3.5
10,milkyway,5
10,starburst,4
10,bunchacrunch,8.5
10,laysdillpickle,9
10,blowpopblueraspberry,8.5
10,kitkatwhitechocolate,5.5
10,twizzlersstrawberry,7.75
10,kettlesaltpepperchips,9
10,pringlescheddar,5.25
10,swedishfishassorted,6.75
10,funyuns,9.5
10,ghirardellicaramelsquares,4
10,starbursttropical,3
10,layscheesygarlicbread,5.75
10,grandmaspeanutbuttercookies,6.5
10,fritosbbq,4
10,sunchipscheddar,3
10,shockers,4.5
10,milkywaycaramel,3.75
10,popcornerskettle,7.25
10,cheesepeanutbuttercrackers,8
10,blowpopcherry,6.25
10,almondjoy,2.75
11,twix,3
11,milkywaydark,8
11,hostesscupcakes,8
11,lifesaversgummiessours,8.01
11,doritoscoolranch,7.01
11,popcornersjalapeno,8.01
11,skittlessours,2.98
11,cheesepeanutbuttercrackers,3.01
11,babyruth,3.01
11,snyderspretzelsticks,2
11,hostesspowdereddonut,1.98
11,caramelapplepops,2
11,skittlewildberry,8.01
11,munchiesnachocheese,2.01
11,skittlestropical,3.01
11,milanocookies,3.01
11,100grand,2.01
11,spree,6
11,sunchipscheddar,8.01
11,munchiesjalapenocheddar,3
11,blowpopcherry,3
11,mmspeanuts,4.01
11,airheadsgreenapple,4.01
11,sunchipsfrenchonion,9
11,blowpopwatermelon,3.01
11,oreosgolden,3.02
11,goobers,10
11,trailmix,1.01
11,starbursttropical,8
11,milkywaycaramel,9.01
11,milkduds,2
11,nerdsrope,10
11,starburst,3.02
11,ritzbitscheese,10
11,ghirardellimilkchocolatesquares,9.01
11,snydersminipretzels,10
11,layscheesygarlicbread,6
11,nerdsstrawberrygrape,0
11,juniorcaramels,10
11,raisinetsmilkchocolate,3.01
11,munchiespeanutbutter,10
11,kitkatwhitechocolate,4
11,slimjim,3
11,giantsweetarts,2
11,ghirardellicaramelsquares,3
11,pringlescheddar,8.99
11,lifesaversgummies,0
11,grandmaschocolatechipcookies,3
11,razzles,5.02
11,milkyway,3.01
11,goldfishcheddar,8.03
11,layssourcreamandonion,10
11,snickersalmond,8
11,snickers,9
11,juniormints,0
11,chipsahoy,9
11,mikeikezours,8.01
11,popcornwhitecheddar,6
11,snickersdarkchocolate,0
11,doritospicychili,7.01
11,runts,3.01
11,pringlesoriginal,10
11,yorkpeppermintpatty,8.02
11,airheadscherry,7
11,twizzlersstrawberry,9
11,kettlesaltvinegarchips,8.01
11,hostesschocolatedonuts,0
11,airheadswatermelon,8.01
11,comboscheddar,5.02
11,snydershoneymustardonionnibblerpretzels,9
11,snickerspeanutbutter,5
11,dots,8.01
11,toblerone,8
11,laysdillpickle,10
11,swedishfishassorted,0
11,cheetospuffs,3.01
11,funyuns,8.02
11,ghirardellidarkchocolatesquares,7.02
11,fritos,7.01
11,combospizzeria,9
11,sunchipsoriginal,4.01
11,popcornerswhitecheddar,10
11,chexmixtraditional,10
11,twixpeanutbutter,6.01
11,mmspretzel,0
11,heathbar,4.01
11,ritzbitspeanutbutter,3.01
11,butterfinger,3
11,roldgoldtinytwistpretzels,2.99
11,pez,8.03
11,bunchacrunch,9
11,cheezitwhitecheddar,2.01
11,sourpunchstrawsapple,8.99
11,mmsmilkchocolate,0
11,pringlessourcreamonion,7.02
11,reesespeanutbuttercup,6.99
11,airheadsblueraspberry,10
11,cheezit,10
11,chexmixcheddar,10
11,take5,0
11,grandmaspeanutbuttercookies,2.99
11,rufflescheddarsourcreamchips,3
11,kettlejalapenochips,2.99
11,blowpopsourapple,3
11,gummywormssour,3
11,keeblerfudgestripes,3.03
11,gobstoppers,8.01
11,grandmasoatmealraisincookies,10
11,dovemilkpeanutbutterbites,0
11,laysclassic,3.99
11,sunchipsgardensalsa,9
11,mmsmint,7.02
11,crunch,4
11,laffytaffysourapple,9
11,swedishfish,0
11,layssweetsouthernheatbarbecue,2
11,reesespieces,2
11,popcornerskettle,0.99
11,mentosrainbow,3.01
11,snydersoriginalnibblers,0
11,almondjoy,7.01
11,sourpunchstrawsstrawberry,6.01
11,dovecaramelmilkchocolate,7
11,kitkat,7.99
11,sourpatchkids,7.02
11,warheads,8.03
11,butterfingerbites,3
11,keeblerrainbowcookies,9.01
11,whoppers,9
11,lindtdarkchocolate,10
11,shockers,8
11,kettlesaltpepperchips,10
11,skittles,8.02
11,kettlebbqchips,7.01
11,fritosbbq,8.02
11,oreos,3
11,doritosnachocheese,6.99
11,lindtmilkchocolate,0.99
11,famousamos,10
11,3musketeers,3
11,dovedarkchocolatebites,9
11,blowpopblueraspberry,3
11,cheetoscrunchy,4
11,reesesbigcup,0
12,dots,9.97
12,munchiesnachocheese,7.65
12,warheads,7.46
12,skittlessours,7.65
12,grandmasoatmealraisincookies,6.68
12,yorkpeppermintpatty,8.21
12,hostesscupcakes,7
12,butterfinger,4.04
12,doritospicychili,7.43
12,popcornwhitecheddar,4.07
12,trailmix,4.07
12,ghirardellicaramelsquares,7.05
12,heathbar,9.17
12,skittles,4.04
12,kettlesaltvinegarchips,3.13
12,sunchipsfrenchonion,7.35
12,grandmaspeanutbuttercookies,4.82
12,goobers,7.18
12,layscheesygarlicbread,6.62
12,gummywormssour,5.01
12,oreos,6.99
12,swedishfish,6.17
12,pringlessourcreamonion,7.51
12,crunch,6.54
12,sunchipsoriginal,7.37
12,nerdsstrawberrygrape,8.2
12,milkywaydark,7.12
12,mmsmint,5.05
12,sourpatchkids,7.04
12,skittlewildberry,7.2
12,gobstoppers,1.02
12,mmsmilkchocolate,7.94
12,starburst,6.64
12,combospizzeria,7.13
12,hostesspowdereddonut,7.48
12,chexmixcheddar,6.64
12,lifesaversgummiessours,7.46
12,blowpopcherry,7.39
12,goldfishcheddar,8.06
12,munchiesjalapenocheddar,6.44
12,dovemilkpeanutbutterbites,8.31
12,butterfingerbites,7.36
12,blowpopwatermelon,3.15
12,munchiespeanutbutter,5.07
12,layssourcreamandonion,1.94
12,doritoscoolranch,5.74
12,juniorcaramels,4.05
12,reesesbigcup,2.14
12,kettlebbqchips,7.08
12,cheezit,6.04
12,milkduds,3.58
12,reesespieces,5.07
12,pringlescheddar,4.18
12,cheezitwhitecheddar,7.97
12,twixpeanutbutter,7.46
12,lifesaversgummies,6.29
12,milkyway,6.38
12,100grand,5.06
12,kettlesaltpepperchips,7.36
12,sourpunchstrawsapple,1.04
12,runts,0.96
12,mentosrainbow,8.15
12,layssweetsouthernheatbarbecue,4.46
12,ritzbitspeanutbutter,6.37
12,almondjoy,6.2
12,take5,4.89
12,bunchacrunch,1.83
12,dovecaramelmilkchocolate,6.03
12,pez,5.98
12,sourpunchstrawsstrawberry,4.11
12,babyruth,5.99
12,lindtdarkchocolate,8.15
12,blowpopsourapple,7.58
12,snickers,7.07
12,kitkat,6.05
12,twizzlersstrawberry,6.41
12,toblerone,6.8
12,cheetoscrunchy,1.09
12,popcornerskettle,8.18
12,roldgoldtinytwistpretzels,5.33
12,reesespeanutbuttercup,7.06
12,starbursttropical,7.82
12,dovedarkchocolatebites,7.27
12,keeblerrainbowcookies,6.03
12,sunchipscheddar,7.14
12,shockers,4
12,fritosbbq,3.09
12,kettlejalapenochips,7.75
12,chexmixtraditional,7.06
12,giantsweetarts,5.12
12,snickersdarkchocolate,6.76
12,popcornerswhitecheddar,2.05
12,laysdillpickle,8.03
12,snydersminipretzels,8.77
12,snydershoneymustardonionnibblerpretzels,3.7
12,nerdsrope,6.02
12,laysclassic,6.1
12,milanocookies,4.71
12,grandmaschocolatechipcookies,4.02
12,laffytaffysourapple,3.65
12,ghirardellidarkchocolatesquares,3.74
12,whoppers,6.1
12,rufflescheddarsourcreamchips,5
12,lindtmilkchocolate,6.04
12,popcornersjalapeno,5.95
12,airheadsblueraspberry,3.21
12,twix,3.16
12,skittlestropical,6.89
12,snyderspretzelsticks,8
12,cheetospuffs,6.57
12,famousamos,5.14
12,caramelapplepops,3
12,razzles,6.09
12,mikeikezours,4.38
12,airheadswatermelon,0.05
12,3musketeers,5.07
12,airheadscherry,2.64
12,raisinetsmilkchocolate,3.81
12,mmspeanuts,4.05
12,kitkatwhitechocolate,3.06
12,mmspretzel,2.67
12,pringlesoriginal,3.67
12,cheesepeanutbuttercrackers,4.45
12,funyuns,9.07
12,doritosnachocheese,7.94
12,juniormints,7.25
12,swedishfishassorted,2.5
12,oreosgolden,3.18
12,ritzbitscheese,4.42
12,keeblerfudgestripes,6.23
12,chipsahoy,4.05
12,milkywaycaramel,6.37
12,comboscheddar,6.07
12,snickerspeanutbutter,3.12
12,airheadsgreenapple,4.14
12,slimjim,9.11
12,spree,9.13
12,hostesschocolatedonuts,2.95
12,sunchipsgardensalsa,8.04
12,fritos,3.88
12,snickersalmond,8.16
12,blowpopblueraspberry,6.03
12,snydersoriginalnibblers,7.04
12,ghirardellimilkchocolatesquares,7
13,doritoscoolranch,9.98
13,cheezitwhitecheddar,7.85
13,grandmaschocolatechipcookies,6.55
13,ritzbitscheese,6.95
13,warheads,5.72
13,comboscheddar,4.99
13,snickersalmond,5.52
13,hostesschocolatedonuts,7.25
13,grandmaspeanutbuttercookies,6.41
13,yorkpeppermintpatty,6.61
13,layssweetsouthernheatbarbecue,4.77
13,oreos,6.68
13,mmsmilkchocolate,9.21
13,pez,7.45
13,munchiespeanutbutter,8.32
13,blowpopblueraspberry,5.72
13,chexmixtraditional,5.71
13,airheadswatermelon,8.27
13,cheesepeanutbuttercrackers,5.15
13,kitkat,8.12
13,kettlesaltvinegarchips,6.53
13,pringlessourcreamonion,1.84
13,combospizzeria,3.16
13,heathbar,6.06
13,mentosrainbow,5.35
13,snydersoriginalnibblers,6.13
13,sunchipsgardensalsa,9.53
13,pringlescheddar,0.56
13,juniormints,7.1
13,rufflescheddarsourcreamchips,5.2
13,snickersdarkchocolate,6.4
13,goobers,8.9
13,popcornerskettle,1.27
13,funyuns,8.38
13,milkywaydark,7.58
13,keeblerfudgestripes,9.7
13,skittlestropical,2.69
13,skittlessours,6.54
13,snickerspeanutbutter,8.92
13,laffytaffysourapple,0.88
13,nerdsstrawberrygrape,7.84
13,swedishfish,4.67
13,kitkatwhitechocolate,7.28
13,mikeikezours,7.22
13,goldfishcheddar,7.07
13,doritospicychili,7.4
13,pringlesoriginal,3.58
13,milkduds,3.52
13,skittlewildberry,4.06
13,twixpeanutbutter,7.3
13,starburst,3.99
13,spree,5
13,airheadsgreenapple,2.52
13,juniorcaramels,8.97
13,bunchacrunch,5
13,doritosnachocheese,4.76
13,shockers,4.02
13,sourpunchstrawsapple,4.5
13,3musketeers,0.28
13,laysclassic,1.91
13,chexmixcheddar,3.16
13,cheetospuffs,8.36
13,ghirardellidarkchocolatesquares,7.67
13,slimjim,4.54
13,fritosbbq,4.01
13,gummywormssour,5.19
13,starbursttropical,0.77
13,munchiesnachocheese,4.32
13,grandmasoatmealraisincookies,2.89
13,laysdillpickle,9.12
13,kettlejalapenochips,3.19
13,keeblerrainbowcookies,9.04
13,twix,9.12
13,reesespeanutbuttercup,7.96
13,dots,4.76
13,milanocookies,8.56
13,razzles,9.49
13,runts,5.29
13,sunchipsoriginal,2.65
13,milkyway,3.94
13,blowpopsourapple,7.83
13,sunchipsfrenchonion,8.22
13,ritzbitspeanutbutter,9.54
13,hostesscupcakes,7.51
13,nerdsrope,3.16
13,airheadsblueraspberry,4.92
13,kettlesaltpepperchips,5.85
13,ghirardellicaramelsquares,5.39
13,caramelapplepops,6.5
13,munchiesjalapenocheddar,6.73
13,swedishfishassorted,5
13,snydersminipretzels,5.84
13,layscheesygarlicbread,9.21
13,toblerone,1.1
13,reesesbigcup,8.85
13,airheadscherry,7.19
13,crunch,3.11
13,lifesaversgummies,7.09
13,dovemilkpeanutbutterbites,7.64
13,giantsweetarts,9.5
13,gobstoppers,3.5
13,snydershoneymustardonionnibblerpretzels,8.56
13,sourpatchkids,8.8
13,popcornersjalapeno,8.51
13,snickers,7.27
13,mmsmint,5
13,popcornwhitecheddar,8.91
13,lindtmilkchocolate,2.6
13,mmspeanuts,6.43
13,milkywaycaramel,1.6
13,hostesspowdereddonut,6.14
13,mmspretzel,7.42
13,blowpopcherry,5.07
13,blowpopwatermelon,6.53
13,famousamos,5.48
13,babyruth,8.31
13,100grand,5
13,kettlebbqchips,2.67
13,snyderspretzelsticks,7.14
13,lindtdarkchocolate,2.75
13,butterfingerbites,8.41
13,ghirardellimilkchocolatesquares,6.76
13,oreosgolden,7.37
13,cheezit,6.49
13,skittles,2.78
13,dovedarkchocolatebites,5.5
13,lifesaversgummiessours,4.75
13,fritos,5.45
13,raisinetsmilkchocolate,3.94
13,roldgoldtinytwistpretzels,7.45
13,butterfinger,5.14
13,take5,8.43
13,reesespieces,7.54
13,sunchipscheddar,7.31
13,almondjoy,7.72
13,layssourcreamandonion,7.23
13,chipsahoy,9.02
13,popcornerswhitecheddar,6.41
13,sourpunchstrawsstrawberry,7.13
13,trailmix,7.19
13,whoppers,8.37
13,dovecaramelmilkchocolate,1.1
13,twizzlersstrawberry,7.81
13,cheetoscrunchy,4.59
14,toblerone,1.45
14,popcornwhitecheddar,2.55
14,caramelapplepops,4.94
14,reesespieces,4.68
14,oreosgolden,4.94
14,sunchipsoriginal,4.66
14,milanocookies,2.86
14,milkywaydark,3.49
14,reesesbigcup,2.71
14,funyuns,4.19
14,100grand,4.38
14,3musketeers,4.9
14,skittles,6.11
14,layssweetsouthernheatbarbecue,5.12
14,bunchacrunch,2.79
14,laysdillpickle,1.96
14,doritospicychili,4.03
14,blowpopblueraspberry,7.29
14,dovedarkchocolatebites,7.6
14,popcornerswhitecheddar,9.21
14,kettlebbqchips,9.23
14,swedishfishassorted,2.94
14,pez,7.37
14,ritzbitscheese,7.85
14,babyruth,3.57
14,skittlestropical,3.5
14,munchiesnachocheese,7.38
14,snickerspeanutbutter,3.43
14,airheadsgreenapple,8.39
14,popcornerskettle,9.67
14,keeblerrainbowcookies,2.02
14,take5,2.68
14,twix,6.35
14,reesespeanutbuttercup,5.53
14,layssourcreamandonion,8.06
14,doritosnachocheese,4.21
14,comboscheddar,3.79
14,cheetoscrunchy,3.54
14,ghirardellicaramelsquares,3.46
14,dovemilkpeanutbutterbites,7.44
14,pringlessourcreamonion,4.99
14,famousamos,5.01
14,crunch,5.02
14,airheadscherry,9.44
14,rufflescheddarsourcreamchips,3.35
14,hostesscupcakes,6.38
14,layscheesygarlicbread,4.7
14,ritzbitspeanutbutter,5.24
14,milkduds,5.59
14,cheetospuffs,1.61
14,trailmix,9.39
14,nerdsstrawberrygrape,3.54
14,combospizzeria,7.51
14,mmsmint,1.33
14,gobstoppers,8.58
14,lindtmilkchocolate,7.37
14,dovecaramelmilkchocolate,7.3
14,doritoscoolranch,8.28
14,airheadsblueraspberry,8.92
14,popcornersjalapeno,8.39
14,gummywormssour,5.5
14,keeblerfudgestripes,8.34
14,airheadswatermelon,7.05
14,butterfinger,5.01
14,mmsmilkchocolate,4.54
14,sunchipsgardensalsa,6.04
14,cheezit,2.39
14,blowpopsourapple,9.37
14,kettlesaltvinegarchips,9.14
14,laysclassic,2.7
14,lifesaversgummies,2.89
14,mikeikezours,7.99
14,grandmaschocolatechipcookies,7.16
14,snickers,3.91
14,sourpunchstrawsstrawberry,9
14,cheesepeanutbuttercrackers,7.89
14,sourpunchstrawsapple,4.87
14,shockers,3.71
14,nerdsrope,6.46
14,chipsahoy,9.21
14,mmspeanuts,5.3
14,dots,1.44
14,blowpopwatermelon,2.39
14,snydersoriginalnibblers,3.46
14,giantsweetarts,6.28
14,pringlescheddar,4.96
14,fritos,5.21
14,laffytaffysourapple,1.92
14,blowpopcherry,6.27
14,skittlessours,7.65
14,oreos,7.07
14,grandmaspeanutbuttercookies,6.1
14,lifesaversgummiessours,8.03
14,juniorcaramels,5.39
14,yorkpeppermintpatty,4.18
14,twixpeanutbutter,2.6
14,kitkatwhitechocolate,7.18
14,sunchipsfrenchonion,8.85
14,juniormints,6.98
14,goldfishcheddar,1.46
14,slimjim,1.62
14,razzles,5.23
14,raisinetsmilkchocolate,7.67
14,roldgoldtinytwistpretzels,5.5
14,ghirardellidarkchocolatesquares,3.87
14,cheezitwhitecheddar,7.57
14,twizzlersstrawberry,6.29
14,mmspretzel,8.21
14,kettlejalapenochips,2.8
14,grandmasoatmealraisincookies,6.11
14,milkywaycaramel,7.24
14,almondjoy,8.37
14,munchiesjalapenocheddar,8.25
14,sourpatchkids,4.04
14,kettlesaltpepperchips,1.51
14,chexmixtraditional,2.8
14,hostesspowdereddonut,1.25
14,fritosbbq,2.71
14,snydersminipretzels,3.47
14,swedishfish,8.79
14,hostesschocolatedonuts,7.01
14,kitkat,8.75
14,skittlewildberry,8.34
14,starburst,8.28
14,runts,6.69
14,snickersalmond,6.12
14,milkyway,1.2
14,heathbar,6.09
14,whoppers,3.23
14,spree,7.28
14,sunchipscheddar,8.12
14,munchiespeanutbutter,7.75
14,mentosrainbow,6.49
14,ghirardellimilkchocolatesquares,4.6
14,goobers,3.13
14,snickersdarkchocolate,2.18
14,pringlesoriginal,6.02
14,butterfingerbites,7.73
14,chexmixcheddar,2.15
14,lindtdarkchocolate,3.14
14,starbursttropical,2.81
14,warheads,6.99
14,snydershoneymustardonionnibblerpretzels,1.02
14,snyderspretzelsticks,8.91
15,rufflescheddarsourcreamchips,0.98
15,100grand,0.07
15,layssweetsouthernheatbarbecue,1.43
15,cheetoscrunchy,0.06
15,cheetospuffs,0.05
15,twix,0.05
15,snickerspeanutbutter,0.34
15,kettlesaltvinegarchips,0.17
15,hostesspowdereddonut,9.93
15,airheadsblueraspberry,9.99
15,ghirardellidarkchocolatesquares,0.07
15,sourpatchkids,9.89
15,mmsmint,0.15
15,spree,9.29
15,chexmixcheddar,9.27
15,combospizzeria,5.08
15,famousamos,6.46
15,keeblerrainbowcookies,2.55
15,grandmaschocolatechipcookies,3.09
15,ghirardellimilkchocolatesquares,2.8
15,popcornerskettle,0.08
15,dovecaramelmilkchocolate,0.43
15,airheadscherry,0.52
15,grandmaspeanutbuttercookies,0.15
15,doritoscoolranch,0.01
15,butterfingerbites,0
15,whoppers,0.27
15,ritzbitspeanutbutter,0.23
15,snydersminipretzels,0.09
15,grandmasoatmealraisincookies,0.23
15,sourpunchstrawsapple,0.16
15,starbursttropical,0.5
15,kitkat,0.21
15,munchiespeanutbutter,0.07
15,butterfinger,0.06
15,milkyway,0.22
15,blowpopcherry,0.22
15,snickersdarkchocolate,9.96
15,comboscheddar,9.88
15,sunchipsfrenchonion,7.52
15,toblerone,8.78
15,snydersoriginalnibblers,9.99
15,laysclassic,0.43
15,chexmixtraditional,9.95
15,bunchacrunch,0.37
15,milkduds,0.1
15,twizzlersstrawberry,0.04
15,mentosrainbow,0
15,mmspretzel,5.97
15,cheesepeanutbuttercrackers,0.21
15,keeblerfudgestripes,9.89
15,ritzbitscheese,0.17
15,pez,2.25
15,cheezit,0.18
15,razzles,0.22
15,yorkpeppermintpatty,0.03
15,airheadsgreenapple,0.09
15,twixpeanutbutter,0.12
15,blowpopsourapple,0.06
15,laffytaffysourapple,8.42
15,snickersalmond,2.34
15,3musketeers,9.08
15,pringlesoriginal,0.18
15,laysdillpickle,0.34
15,popcornersjalapeno,0.19
15,layssourcreamandonion,0.62
15,gobstoppers,9.98
15,nerdsrope,0.45
15,oreos,0.7
15,runts,0.2
15,gummywormssour,0.09
15,munchiesnachocheese,0.19
15,almondjoy,0.21
15,swedishfishassorted,0.03
15,crunch,0.13
15,doritosnachocheese,0.05
15,trailmix,0
15,milkywaydark,0
15,hostesschocolatedonuts,0.07
15,reesesbigcup,9.87
15,lindtmilkchocolate,0.06
15,lindtdarkchocolate,0.24
15,raisinetsmilkchocolate,0.23
15,munchiesjalapenocheddar,0.05
15,warheads,0.15
15,layscheesygarlicbread,5.6
15,take5,4.43
15,skittlestropical,0.37
15,babyruth,0.08
15,milkywaycaramel,7.01
15,cheezitwhitecheddar,0.03
15,blowpopwatermelon,0
15,skittlessours,0.11
15,kettlebbqchips,0.24
15,juniorcaramels,0.39
15,blowpopblueraspberry,0.26
15,fritosbbq,0.22
15,fritos,0.17
15,skittlewildberry,0
15,kitkatwhitechocolate,0.22
15,popcornerswhitecheddar,0.01
15,pringlescheddar,9.91
15,roldgoldtinytwistpretzels,9.95
15,doritospicychili,6.61
15,sunchipsoriginal,6.29
15,sourpunchstrawsstrawberry,6.58
15,oreosgolden,8.41
15,airheadswatermelon,1.63
15,kettlejalapenochips,0.16
15,popcornwhitecheddar,0
15,snyderspretzelsticks,0.2
15,milanocookies,0.13
15,snickers,0.1
15,ghirardellicaramelsquares,0.17
15,giantsweetarts,9.97
15,lifesaversgummies,0.09
15,sunchipscheddar,0.14
15,juniormints,0.2
15,pringlessourcreamonion,0.79
15,heathbar,0.12
15,hostesscupcakes,8.33
15,mmsmilkchocolate,8.4
15,nerdsstrawberrygrape,9.66
15,reesespeanutbuttercup,0.26
15,goobers,0
15,mmspeanuts,0.16
15,dots,0.17
15,mikeikezours,0.04
15,lifesaversgummiessours,0
15,slimjim,0.28
15,chipsahoy,0.03
15,snydershoneymustardonionnibblerpretzels,0.1
15,skittles,0.29
15,swedishfish,0.1
15,dovedarkchocolatebites,0.29
15,funyuns,0.14
15,shockers,0.01
15,caramelapplepops,0.04
15,reesespieces,0.81
15,starburst,0.09
15,dovemilkpeanutbutterbites,0
15,goldfishcheddar,0.08
15,sunchipsgardensalsa,0.5
15,kettlesaltpepperchips,9.89
16,pez,2.36
16,oreos,6.67
16,popcornersjalapeno,9.48
16,mikeikezours,9.19
16,ritzbitscheese,9.1
16,snydersoriginalnibblers,9.11
16,milkyway,6.8
16,twix,5.56
16,toblerone,1.45
16,munchiespeanutbutter,2.88
16,swedishfish,7.73
16,cheesepeanutbuttercrackers,0.98
16,slimjim,3.22
16,laysclassic,5.15
16,mmspretzel,4.41
16,lifesaversgummies,9.94
16,swedishfishassorted,4.24
16,hostesscupcakes,3.63
16,laysdillpickle,4.96
16,blowpopwatermelon,4.99
16,heathbar,1.83
16,fritosbbq,4.22
16,layscheesygarlicbread,3.92
16,sourpunchstrawsapple,7.5
16,snickersalmond,3.29
16,oreosgolden,4.24
16,popcornerswhitecheddar,4.05
16,yorkpeppermintpatty,2.31
16,caramelapplepops,2.32
16,snyderspretzelsticks,3.75
16,pringlessourcreamonion,1.65
16,milkduds,9.61
16,snydersminipretzels,4.94
16,dovedarkchocolatebites,9.55
16,sunchipsfrenchonion,8.35
16,ghirardellidarkchocolatesquares,1.86
16,layssourcreamandonion,0.94
16,hostesspowdereddonut,2.9
16,sunchipscheddar,9.85
16,whoppers,9.47
16,rufflescheddarsourcreamchips,7.52
16,chexmixcheddar,0.63
16,mentosrainbow,1.84
16,skittlessours,5.18
16,dots,2.89
16,airheadsgreenapple,8.76
16,butterfinger,0.85
16,kettlebbqchips,0.67
16,pringlescheddar,5.79
16,kettlesaltvinegarchips,5.96
16,mmsmilkchocolate,1.03
16,snickersdarkchocolate,7.99
16,ghirardellimilkchocolatesquares,1.96
16,fritos,1.87
16,cheezitwhitecheddar,1.15
16,juniormints,6.67
16,sourpatchkids,6.35
16,take5,7.64
16,crunch,2.97
16,ritzbitspeanutbutter,3.56
16,chipsahoy,3.28
16,kettlejalapenochips,6.37
16,goldfishcheddar,0.88
16,gobstoppers,8.42
16,roldgoldtinytwistpretzels,1.73
16,sourpunchstrawsstrawberry,2.95
16,airheadswatermelon,0.95
16,gummywormssour,6.28
16,goobers,8.9
16,laffytaffysourapple,5.06
16,twixpeanutbutter,6.04
16,juniorcaramels,8
16,starbursttropical,6.62
16,milkywaycaramel,5.48
16,100grand,0.16
16,keeblerfudgestripes,3.67
16,munchiesjalapenocheddar,3.12
16,grandmaspeanutbuttercookies,2.14
16,keeblerrainbowcookies,6.03
16,chexmixtraditional,7.27
16,butterfingerbites,2.21
16,trailmix,7.53
16,bunchacrunch,7.91
16,3musketeers,8.47
16,mmsmint,3.72
16,sunchipsgardensalsa,1.97
16,raisinetsmilkchocolate,5.57
16,nerdsrope,3.42
16,giantsweetarts,3.43
16,snydershoneymustardonionnibblerpretzels,6.9
16,reesespieces,6.1
16,famousamos,1.19
16,kitkatwhitechocolate,3.92
16,shockers,1.92
16,combospizzeria,1.13
16,almondjoy,1.45
16,babyruth,8.03
16,blowpopcherry,6.55
16,layssweetsouthernheatbarbecue,2.55
16,reesespeanutbuttercup,3.79
16,doritospicychili,1.22
16,kettlesaltpepperchips,2.9
16,comboscheddar,1.6
16,milkywaydark,4.16
16,munchiesnachocheese,4.45
16,cheezit,4.26
16,cheetospuffs,3.97
16,starburst,6.89
16,snickerspeanutbutter,0.7
16,popcornwhitecheddar,1.06
16,twizzlersstrawberry,3.23
16,warheads,5.93
16,milanocookies,7.18
16,hostesschocolatedonuts,2.39
16,airheadsblueraspberry,3.79
16,grandmaschocolatechipcookies,9.42
16,spree,7.57
16,airheadscherry,6.58
16,dovemilkpeanutbutterbites,7.63
16,blowpopblueraspberry,3.77
16,popcornerskettle,3.9
16,razzles,4.93
16,ghirardellicaramelsquares,4.29
16,snickers,6.91
16,mmspeanuts,4.82
16,kitkat,6.45
16,pringlesoriginal,2.9
16,funyuns,5.08
16,blowpopsourapple,5.09
16,skittlestropical,1.97
16,sunchipsoriginal,0.77
16,skittlewildberry,1.35
16,runts,0.42
16,cheetoscrunchy,5.99
16,doritosnachocheese,4.86
16,lifesaversgummiessours,5.77
16,dovecaramelmilkchocolate,4.13
16,nerdsstrawberrygrape,8.4
16,doritoscoolranch,9.24
16,skittles,8.94
16,lindtdarkchocolate,6.53
16,reesesbigcup,1.93
16,lindtmilkchocolate,2.08
16,grandmasoatmealraisincookies,2.03
17,chexmixtraditional,8.43
17,goldfishcheddar,2.43
17,sunchipsoriginal,8.02
17,airheadsblueraspberry,2.47
17,trailmix,3.38
17,crunch,2.82
17,milkyway,9
17,dovemilkpeanutbutterbites,9.77
17,starburst,0.6
17,snickerspeanutbutter,0.66
17,ghirardellimilkchocolatesquares,1.14
17,sunchipsgardensalsa,1.52
17,keeblerfudgestripes,9.49
17,popcornerswhitecheddar,8.05
17,hostesscupcakes,8.46
17,sunchipscheddar,0.93
17,3musketeers,1.33
17,layscheesygarlicbread,2.35
17,reesespeanutbuttercup,1.82
17,munchiespeanutbutter,1.26
17,snickersalmond,2.71
17,cheetoscrunchy,1.72
17,snydershoneymustardonionnibblerpretzels,1.22
17,skittles,8.86
17,slimjim,1.83
17,nerdsstrawberrygrape,0.8
17,reesesbigcup,8.05
17,toblerone,1.94
17,snydersoriginalnibblers,2.63
17,ritzbitspeanutbutter,8.71
17,dots,2.35
17,airheadsgreenapple,6.69
17,munchiesnachocheese,7.67
17,bunchacrunch,2.53
17,dovecaramelmilkchocolate,8.91
17,raisinetsmilkchocolate,1.1
17,laysdillpickle,1.67
17,milkduds,1.83
17,keeblerrainbowcookies,7.51
17,airheadscherry,8.34
17,babyruth,6.45
17,shockers,8.72
17,doritosnachocheese,7.6
17,fritosbbq,1.62
17,gobstoppers,8.69
17,spree,7.44
17,swedishfishassorted,1.51
17,grandmasoatmealraisincookies,1.39
17,nerdsrope,8.73
17,lifesaversgummies,2.54
17,kitkatwhitechocolate,9.28
17,whoppers,7.13
17,grandmaspeanutbuttercookies,6.12
17,butterfinger,2.75
17,kettlejalapenochips,1.23
17,lindtdarkchocolate,5.37
17,juniorcaramels,9.12
17,kettlesaltvinegarchips,1.42
17,hostesspowdereddonut,1.72
17,pringlescheddar,7.19
17,pringlessourcreamonion,8.32
17,runts,8.74
17,chipsahoy,8.25
17,giantsweetarts,9.04
17,sourpatchkids,2.46
17,layssourcreamandonion,5.88
17,mmsmint,1.39
17,skittlewildberry,0.8
17,mmspeanuts,2.25
17,blowpopblueraspberry,7.89
17,lindtmilkchocolate,7.23
17,starbursttropical,7.37
17,kettlebbqchips,1.77
17,dovedarkchocolatebites,7.72
17,grandmaschocolatechipcookies,1.48
17,rufflescheddarsourcreamchips,9.49
17,laysclassic,7.83
17,lifesaversgummiessours,9.22
17,cheesepeanutbuttercrackers,8.68
17,juniormints,8.76
17,sourpunchstrawsstrawberry,1.41
17,airheadswatermelon,5.72
17,100grand,9.18
17,twixpeanutbutter,3.25
17,blowpopcherry,1.3
17,ghirardellicaramelsquares,2.37
17,oreos,2.57
17,fritos,9.86
17,snydersminipretzels,9.36
17,mmspretzel,8.62
17,cheezitwhitecheddar,5.01
17,oreosgolden,10
17,heathbar,1.18
17,ritzbitscheese,9.64
17,hostesschocolatedonuts,2.28
17,reesespieces,3.73
17,mikeikezours,3.45
17,snyderspretzelsticks,8.76
17,popcornerskettle,2.42
17,twix,1.66
17,kitkat,9.26
17,roldgoldtinytwistpretzels,1.21
17,skittlestropical,2.47
17,pringlesoriginal,8.51
17,comboscheddar,2.57
17,laffytaffysourapple,2.51
17,doritospicychili,1.89
17,sourpunchstrawsapple,7.45
17,almondjoy,9.32
17,cheetospuffs,1.01
17,milkywaycaramel,9.69
17,blowpopsourapple,8.52
17,butterfingerbites,8.67
17,skittlessours,8.33
17,gummywormssour,0.24
17,popcornwhitecheddar,8.74
17,goobers,2.95
17,swedishfish,8.2
17,ghirardellidarkchocolatesquares,6.23
17,mmsmilkchocolate,2.71
17,blowpopwatermelon,1.72
17,funyuns,2.29
17,mentosrainbow,0.78
17,yorkpeppermintpatty,8.3
17,take5,9.16
17,warheads,8.66
17,chexmixcheddar,1.67
17,doritoscoolranch,7.65
17,popcornersjalapeno,7.72
17,layssweetsouthernheatbarbecue,2.75
17,milkywaydark,2.46
17,sunchipsfrenchonion,3.19
17,snickers,1.65
17,twizzlersstrawberry,8.69
17,munchiesjalapenocheddar,9.48
17,milanocookies,8.01
17,snickersdarkchocolate,9.94
17,kettlesaltpepperchips,1.83
17,combospizzeria,8.88
17,razzles,7.91
17,cheezit,7.41
17,famousamos,9.41
17,caramelapplepops,8.48
17,pez,1.59
18,warheads,0
18,comboscheddar,2.74
18,layssourcreamandonion,0.36
18,milkyway,1.09
18,cheezit,0.23
18,slimjim,1
18,reesesbigcup,0
18,combospizzeria,0
18,roldgoldtinytwistpretzels,1.03
18,munchiesjalapenocheddar,1.61
18,ghirardellimilkchocolatesquares,0.76
18,sunchipsfrenchonion,0.93
18,heathbar,1.15
18,munchiespeanutbutter,1.08
18,mmspretzel,2.01
18,twixpeanutbutter,1.08
18,blowpopblueraspberry,3.05
18,juniorcaramels,3.82
18,dovecaramelmilkchocolate,1.9
18,oreosgolden,6.02
18,pringlescheddar,6.98
18,sunchipscheddar,6.94
18,snydershoneymustardonionnibblerpretzels,5
18,kettlesaltvinegarchips,3.03
18,kettlebbqchips,0.45
18,butterfingerbites,0
18,rufflescheddarsourcreamchips,2.96
18,snickersdarkchocolate,3.04
18,milkywaydark,7.74
18,airheadswatermelon,7.99
18,trailmix,0
18,lindtmilkchocolate,6.97
18,giantsweetarts,3.02
18,milanocookies,4.96
18,starburst,3.06
18,razzles,2.07
18,lindtdarkchocolate,4.01
18,munchiesnachocheese,0
18,snickers,8.06
18,100grand,3.87
18,reesespieces,5.02
18,popcornerswhitecheddar,3.07
18,cheezitwhitecheddar,1.03
18,snydersminipretzels,4.08
18,grandmasoatmealraisincookies,1.06
18,swedishfishassorted,2
18,snickersalmond,0
18,keeblerrainbowcookies,2.09
18,mentosrainbow,6.04
18,reesespeanutbuttercup,0.09
18,milkduds,3.94
18,cheetospuffs,1.04
18,snickerspeanutbutter,7.15
18,popcornersjalapeno,1.02
18,laysclassic,4.99
18,twix,6.22
18,skittlewildberry,3.01
18,fritos,4.03
18,pringlessourcreamonion,0
18,cheetoscrunchy,0.56
18,starbursttropical,3.99
18,doritospicychili,8.91
18,hostesscupcakes,9.53
18,blowpopwatermelon,0
18,snydersoriginalnibblers,3.1
18,keeblerfudgestripes,7.01
18,famousamos,5.07
18,3musketeers,7
18,blowpopsourapple,6.1
18,popcornerskettle,1.98
18,dots,2.9
18,spree,6.1
18,swedishfish,8.97
18,lifesaversgummies,3.9
18,goobers,6.05
18,airheadscherry,0
18,twizzlersstrawberry,0.01
18,babyruth,0.44
18,lifesaversgummiessours,0
18,mmsmilkchocolate,4.01
18,sunchipsoriginal,1.95
18,ritzbitscheese,3.01
18,almondjoy,2.03
18,nerdsstrawberrygrape,2.02
18,ritzbitspeanutbutter,0.99
18,airheadsblueraspberry,1.14
18,funyuns,0.79
18,kitkatwhitechocolate,0.06
18,kitkat,2.96
18,laysdillpickle,3.99
18,popcornwhitecheddar,6.34
18,yorkpeppermintpatty,0.31
18,hostesspowdereddonut,3.12
18,skittlessours,0
18,juniormints,0.76
18,dovedarkchocolatebites,0.25
18,caramelapplepops,1.99
18,goldfishcheddar,4.03
18,ghirardellidarkchocolatesquares,3.95
18,toblerone,0
18,nerdsrope,1
18,layssweetsouthernheatbarbecue,7.99
18,grandmaspeanutbuttercookies,7.99
18,crunch,7.02
18,oreos,9.03
18,kettlesaltpepperchips,3.91
18,layscheesygarlicbread,4.25
18,chexmixtraditional,0.88
18,gobstoppers,0
18,kettlejalapenochips,1
18,butterfinger,3.66
18,snyderspretzelsticks,2.18
18,doritosnachocheese,3.13
18,runts,2.97
18,laffytaffysourapple,0
18,mmspeanuts,0
18,mikeikezours,0
18,whoppers,0
18,milkywaycaramel,0
18,pez,0
18,airheadsgreenapple,0
18,blowpopcherry,0
18,chipsahoy,0
18,sourpatchkids,2.45
18,hostesschocolatedonuts,1
18,pringlesoriginal,5.98
18,cheesepeanutbuttercrackers,0.89
18,skittlestropical,2.05
18,sourpunchstrawsapple,2.36
18,shockers,2.06
18,sourpunchstrawsstrawberry,4.02
18,chexmixcheddar,0
18,grandmaschocolatechipcookies,9.46
18,take5,0
18,doritoscoolranch,0.38
18,gummywormssour,0
18,ghirardellicaramelsquares,3.91
18,mmsmint,0
18,bunchacrunch,6.04
18,dovemilkpeanutbutterbites,4.01
18,raisinetsmilkchocolate,0.15
18,sunchipsgardensalsa,1.16
18,fritosbbq,0
18,skittles,7.01
19,starburst,0.57
19,swedishfishassorted,1.72
19,kettlesaltpepperchips,5.28
19,layssourcreamandonion,3.42
19,swedishfish,3.2
19,mmsmint,1.77
19,blowpopblueraspberry,0.29
19,twixpeanutbutter,0.23
19,fritos,2.99
19,nerdsstrawberrygrape,0.37
19,cheetoscrunchy,0
19,doritoscoolranch,0.16
19,snydersminipretzels,2.33
19,twizzlersstrawberry,1.43
19,trailmix,0.16
19,skittles,4.86
19,mikeikezours,0
19,cheesepeanutbuttercrackers,4.02
19,famousamos,3.48
19,ghirardellidarkchocolatesquares,9.7
19,snickerspeanutbutter,4.73
19,snickersalmond,5.1
19,mmspeanuts,6.96
19,sourpunchstrawsstrawberry,2.72
19,raisinetsmilkchocolate,1.72
19,twix,3.37
19,kitkat,1.48
19,skittlestropical,0.85
19,lindtmilkchocolate,4
19,runts,5.3
19,kettlesaltvinegarchips,0.94
19,kettlejalapenochips,8.93
19,sourpatchkids,1.55
19,shockers,7.69
19,pringlessourcreamonion,3
19,dots,5.01
19,grandmaschocolatechipcookies,0.82
19,butterfinger,8.38
19,bunchacrunch,9.58
19,pringlescheddar,0
19,cheezit,5.32
19,popcornerswhitecheddar,7.26
19,skittlessours,8.24
19,doritospicychili,8.79
19,mmspretzel,0.35
19,popcornersjalapeno,4.16
19,whoppers,0.1
19,dovemilkpeanutbutterbites,1.87
19,popcornwhitecheddar,2.13
19,lifesaversgummies,0.76
19,laysdillpickle,2.55
19,layssweetsouthernheatbarbecue,4.85
19,chexmixtraditional,8.04
19,blowpopsourapple,0.3
19,cheetospuffs,0.38
19,airheadscherry,7.61
19,sourpunchstrawsapple,4.5
19,ritzbitspeanutbutter,1.87
19,goobers,0.4
19,hostesspowdereddonut,10
19,oreos,9.31
19,goldfishcheddar,2.03
19,mentosrainbow,3.43
19,pez,4.95
19,keeblerfudgestripes,0.62
19,milkywaydark,9.48
19,oreosgolden,0.03
19,funyuns,4.99
19,3musketeers,3.22
19,munchiesnachocheese,1.21
19,combospizzeria,2.69
19,grandmaspeanutbuttercookies,1.43
19,munchiesjalapenocheddar,3.91
19,grandmasoatmealraisincookies,5.18
19,reesesbigcup,4
19,snickers,0
19,lindtdarkchocolate,6.75
19,keeblerrainbowcookies,0.11
19,caramelapplepops,1
19,reesespeanutbuttercup,5.3
19,comboscheddar,5.48
19,laffytaffysourapple,7.17
19,warheads,5.82
19,dovedarkchocolatebites,0.58
19,layscheesygarlicbread,2.66
19,hostesschocolatedonuts,0.55
19,starbursttropical,3.73
19,sunchipsgardensalsa,2.64
19,doritosnachocheese,10
19,popcornerskettle,5.21
19,roldgoldtinytwistpretzels,7.72
19,100grand,1.93
19,cheezitwhitecheddar,7.52
19,spree,1.54
19,skittlewildberry,2.25
19,giantsweetarts,0.76
19,butterfingerbites,9.91
19,airheadswatermelon,7.53
19,snyderspretzelsticks,3.98
19,ghirardellimilkchocolatesquares,0.24
19,mmsmilkchocolate,0.56
19,slimjim,2.28
19,babyruth,2.67
19,dovecaramelmilkchocolate,1.18
19,kitkatwhitechocolate,4.68
19,heathbar,1.36
19,almondjoy,6.58
19,nerdsrope,8.37
19,airheadsgreenapple,3.59
19,gobstoppers,0
19,snydershoneymustardonionnibblerpretzels,5.71
19,kettlebbqchips,1.99
19,blowpopwatermelon,9.88
19,chipsahoy,6.21
19,gummywormssour,5.37
19,sunchipscheddar,9.21
19,rufflescheddarsourcreamchips,1
19,milkyway,1.34
19,lifesaversgummiessours,0
19,fritosbbq,0.67
19,take5,6
19,sunchipsfrenchonion,9.52
19,reesespieces,7.39
19,milkduds,7.01
19,pringlesoriginal,1.58
19,blowpopcherry,1.02
19,laysclassic,5.96
19,ghirardellicaramelsquares,5.99
19,razzles,4.6
19,yorkpeppermintpatty,7.43
19,snydersoriginalnibblers,0.49
19,airheadsblueraspberry,1.4
19,ritzbitscheese,6.27
19,juniormints,5
19,milanocookies,5.01
19,munchiespeanutbutter,0.45
19,crunch,5
19,juniorcaramels,0
19,sunchipsoriginal,8.96
19,chexmixcheddar,1.02
19,milkywaycaramel,0
19,toblerone,5.46
19,hostesscupcakes,8.86
19,snickersdarkchocolate,0.6
20,raisinetsmilkchocolate,1.75
20,sunchipscheddar,7.39
20,milkduds,7.57
20,butterfingerbites,6.93
20,munchiesnachocheese,6.45
20,grandmaschocolatechipcookies,7.26
20,popcornwhitecheddar,1.36
20,pringlesoriginal,2.78
20,nerdsrope,8.77
20,razzles,9.08
20,dovecaramelmilkchocolate,7.97
20,kettlejalapenochips,7.94
20,cheetospuffs,8.95
20,airheadsgreenapple,4.92
20,popcornersjalapeno,5.67
20,crunch,0.44
20,munchiesjalapenocheddar,5.13
20,airheadsblueraspberry,5.5
20,twix,3.45
20,milkywaydark,6.09
20,dovemilkpeanutbutterbites,5.18
20,skittlewildberry,5.22
20,ritzbitscheese,5.32
20,rufflescheddarsourcreamchips,5.14
20,blowpopcherry,4.53
20,babyruth,4.76
20,kettlesaltpepperchips,7
20,mentosrainbow,3.66
20,doritosnachocheese,7.14
20,sourpunchstrawsapple,5.43
20,cheezitwhitecheddar,6.63
20,cheesepeanutbuttercrackers,3.45
20,starbursttropical,2.42
20,pez,2.12
20,layscheesygarlicbread,5.51
20,ghirardellimilkchocolatesquares,5.46
20,kettlebbqchips,7.3
20,kettlesaltvinegarchips,7.01
20,dots,2.42
20,take5,2.64
20,pringlessourcreamonion,3.04
20,twixpeanutbutter,8.9
20,warheads,8.69
20,lindtdarkchocolate,2.62
20,laffytaffysourapple,3.21
20,goobers,5.97
20,layssweetsouthernheatbarbecue,5.1
20,fritosbbq,3.12
20,mmsmilkchocolate,8.4
20,blowpopwatermelon,1.73
20,whoppers,3.14
20,kitkatwhitechocolate,4.94
20,layssourcreamandonion,3.51
20,goldfishcheddar,0.8
20,keeblerfudgestripes,6.72
20,doritospicychili,5.42
20,comboscheddar,6.24
20,milkyway,5.47
20,juniorcaramels,2.55
20,popcornerswhitecheddar,2.69
20,laysclassic,3.79
20,mmspretzel,9.51
20,keeblerrainbowcookies,9.1
20,spree,9.33
20,blowpopblueraspberry,4.56
20,starburst,2.69
20,snickersalmond,2.08
20,snickers,3.61
20,popcornerskettle,4.69
20,butterfinger,8.79
20,ghirardellicaramelsquares,9.01
20,skittlessours,1.11
20,twizzlersstrawberry,3.48
20,airheadscherry,8.39
20,sourpunchstrawsstrawberry,7.39
20,toblerone,7.06
20,hostesschocolatedonuts,8.64
20,3musketeers,7.12
20,laysdillpickle,6.74
20,chipsahoy,3.32
20,sunchipsfrenchonion,2.22
20,milkywaycaramel,2.56
20,juniormints,3.15
20,mmspeanuts,3.27
20,yorkpeppermintpatty,2.73
20,blowpopsourapple,2.79
20,gummywormssour,4.26
20,cheetoscrunchy,9.93
20,swedishfish,9.91
20,caramelapplepops,6.08
20,snickerspeanutbutter,5.01
20,heathbar,7.48
20,kitkat,2.55
20,swedishfishassorted,2.19
20,runts,1.46
20,nerdsstrawberrygrape,0.57
20,lifesaversgummies,3.77
20,lifesaversgummiessours,3.82
20,doritoscoolranch,5.52
20,reesespieces,5
20,fritos,4.56
20,oreos,8.56
20,sunchipsoriginal,9.16
20,dovedarkchocolatebites,8.01
20,sourpatchkids,5.61
20,100grand,5.52
20,shockers,4.99
20,sunchipsgardensalsa,4.47
20,reesespeanutbuttercup,9.94
20,roldgoldtinytwistpretzels,9.62
20,chexmixcheddar,9.46
20,milanocookies,8.73
20,airheadswatermelon,9.2
20,cheezit,5.78
20,snydersoriginalnibblers,0.45
20,snydershoneymustardonionnibblerpretzels,1.88
20,snickersdarkchocolate,2.66
20,slimjim,1.68
20,hostesspowdereddonut,2.02
20,oreosgolden,6
20,giantsweetarts,3.91
20,grandmasoatmealraisincookies,6.03
20,snydersminipretzels,4.23
20,pringlescheddar,8.93
20,lindtmilkchocolate,8.78
20,mikeikezours,8.27
20,gobstoppers,7.56
20,trailmix,8.78
20,snyderspretzelsticks,7.89
20,reesesbigcup,4.05
20,ritzbitspeanutbutter,4.54
20,skittles,1.51
20,chexmixtraditional,2.95
20,funyuns,9.62
20,hostesscupcakes,8.03
20,combospizzeria,2.34
20,munchiespeanutbutter,0.12
20,ghirardellidarkchocolatesquares,1.84
20,bunchacrunch,8.15
20,almondjoy,8.57
20,skittlestropical,5.72
20,mmsmint,9.53
20,grandmaspeanutbuttercookies,2.49
20,famousamos,7.01
21,sourpunchstrawsapple,6
21,warheads,4.66
21,runts,7.44
21,airheadsgreenapple,8.59
21,nerdsstrawberrygrape,8.31
21,gobstoppers,7.76
21,toblerone,0.01
21,popcornerswhitecheddar,4
21,starburst,6.96
21,goldfishcheddar,7.99
21,cheetospuffs,5.99
21,100grand,6.99
21,lifesaversgummiessours,5.01
21,almondjoy,4.97
21,swedishfish,5
21,munchiesjalapenocheddar,6.99
21,milkywaycaramel,7
21,doritoscoolranch,7.01
21,dovedarkchocolatebites,6
21,sunchipsfrenchonion,6.98
21,munchiesnachocheese,8
21,cheesepeanutbuttercrackers,4.99
21,pringlessourcreamonion,7.7
21,dovemilkpeanutbutterbites,7.98
21,laysdillpickle,6.29
21,airheadscherry,6.03
21,kitkat,6.01
21,snickersdarkchocolate,9.85
21,skittlewildberry,7.03
21,caramelapplepops,7
21,skittlestropical,6.01
21,twizzlersstrawberry,1.77
21,3musketeers,0.03
21,laysclassic,0
21,milkyway,7.59
21,take5,6.99
21,ritzbitscheese,3.21
21,reesesbigcup,7.46
21,giantsweetarts,0
21,spree,0
21,pringlescheddar,0
21,famousamos,7.99
21,layssweetsouthernheatbarbecue,5.15
21,cheezit,8.01
21,mikeikezours,0
21,ghirardellidarkchocolatesquares,5.65
21,laffytaffysourapple,6
21,crunch,4.97
21,babyruth,7
21,lifesaversgummies,5.99
21,butterfingerbites,8.98
21,mmspretzel,7.56
21,popcornerskettle,7.01
21,ghirardellimilkchocolatesquares,0
21,dovecaramelmilkchocolate,6.99
21,snickerspeanutbutter,9.54
21,keeblerfudgestripes,6.56
21,snickersalmond,8
21,hostesschocolatedonuts,8.99
21,comboscheddar,7.04
21,pez,6.98
21,chexmixcheddar,8.03
21,trailmix,1.02
21,ritzbitspeanutbutter,6.97
21,whoppers,5.01
21,kettlesaltpepperchips,8.04
21,grandmasoatmealraisincookies,0.62
21,shockers,7.4
21,razzles,8
21,cheezitwhitecheddar,5
21,milkywaydark,4.49
21,doritospicychili,0
21,hostesspowdereddonut,0.01
21,funyuns,6.98
21,layscheesygarlicbread,5.98
21,fritosbbq,10
21,bunchacrunch,7
21,raisinetsmilkchocolate,4.99
21,sunchipsoriginal,6.07
21,snydersoriginalnibblers,8.01
21,popcornwhitecheddar,0
21,snyderspretzelsticks,3.82
21,kettlebbqchips,3.41
21,sourpunchstrawsstrawberry,0
21,starbursttropical,5.52
21,roldgoldtinytwistpretzels,7.01
21,kettlejalapenochips,5.99
21,butterfinger,6.03
21,milanocookies,9.02
21,lindtdarkchocolate,7.01
21,grandmaspeanutbuttercookies,7
21,gummywormssour,7
21,fritos,7
21,blowpopsourapple,2.25
21,dots,5.01
21,reesespeanutbuttercup,3.99
21,mmspeanuts,6.01
21,oreosgolden,6.99
21,chexmixtraditional,7.52
21,twix,0
21,sunchipscheddar,9.01
21,juniorcaramels,7.71
21,nerdsrope,9
21,combospizzeria,6
21,snickers,6.99
21,blowpopcherry,9.47
21,swedishfishassorted,7.48
21,airheadswatermelon,6
21,goobers,3.99
21,kettlesaltvinegarchips,5.01
21,mmsmilkchocolate,7.56
21,hostesscupcakes,5.99
21,mmsmint,7.03
21,oreos,5.46
21,layssourcreamandonion,7.46
21,cheetoscrunchy,5.04
21,kitkatwhitechocolate,1.28
21,slimjim,0.01
21,sunchipsgardensalsa,5.67
21,popcornersjalapeno,9.64
21,doritosnachocheese,7.43
21,milkduds,8.54
21,reesespieces,7.58
21,skittlessours,8.03
21,yorkpeppermintpatty,7.22
21,ghirardellicaramelsquares,7.52
21,airheadsblueraspberry,5
21,skittles,9.51
21,mentosrainbow,5.56
21,chipsahoy,7.14
21,munchiespeanutbutter,7.44
21,juniormints,8.99
21,sourpatchkids,7.02
21,pringlesoriginal,8.51
21,heathbar,6.99
21,lindtmilkchocolate,6.01
21,twixpeanutbutter,0.03
21,blowpopblueraspberry,7
21,snydershoneymustardonionnibblerpretzels,5.01
21,keeblerrainbowcookies,4.17
21,blowpopwatermelon,7.77
21,snydersminipretzels,5.02
21,rufflescheddarsourcreamchips,5.02
21,grandmaschocolatechipcookies,7.98
22,yorkpeppermintpatty,3
22,skittlessours,8
22,mmsmint,9
22,sunchipscheddar,9
22,nerdsrope,6
22,kettlebbqchips,9
22,milkywaycaramel,7
22,popcornersjalapeno,4
22,shockers,3.01
22,famousamos,5.01
22,mentosrainbow,4
22,laysdillpickle,4
22,hostesschocolatedonuts,2.01
22,chexmixtraditional,5.5
22,blowpopwatermelon,2
22,heathbar,1
22,hostesspowdereddonut,0
22,butterfinger,9
22,grandmaspeanutbuttercookies,9
22,fritos,9
22,milkywaydark,7
22,dovemilkpeanutbutterbites,7
22,fritosbbq,8.5
22,sourpunchstrawsstrawberry,6
22,airheadsblueraspberry,0
22,whoppers,0
22,pez,6
22,snyderspretzelsticks,6.55
22,airheadscherry,5
22,take5,4
22,kitkat,0
22,snickerspeanutbutter,8.5
22,ghirardellimilkchocolatesquares,9
22,reesespieces,7
22,skittlewildberry,9.5
22,doritospicychili,5
22,bunchacrunch,6.01
22,reesesbigcup,0
22,butterfingerbites,8
22,trailmix,8.01
22,laffytaffysourapple,8
22,dovecaramelmilkchocolate,5.01
22,chipsahoy,0
22,lindtmilkchocolate,10
22,cheezit,1
22,snickersdarkchocolate,0
22,funyuns,0
22,cheetoscrunchy,0
22,reesespeanutbuttercup,0
22,mmspeanuts,10
22,razzles,0.5
22,kettlesaltvinegarchips,0
22,ghirardellicaramelsquares,0.5
22,kettlesaltpepperchips,0
22,layssweetsouthernheatbarbecue,0
22,chexmixcheddar,6
22,milkduds,2
22,swedishfish,7.01
22,ghirardellidarkchocolatesquares,9
22,blowpopsourapple,10
22,popcornwhitecheddar,0
22,swedishfishassorted,7
22,cheetospuffs,6
22,sunchipsfrenchonion,0
22,snydersminipretzels,0
22,roldgoldtinytwistpretzels,4
22,lindtdarkchocolate,0
22,nerdsstrawberrygrape,7
22,lifesaversgummies,10
22,milkyway,3
22,hostesscupcakes,2
22,mmsmilkchocolate,5
22,gobstoppers,6
22,oreos,7
22,raisinetsmilkchocolate,1
22,mmspretzel,9.5
22,doritoscoolranch,8
22,runts,0
22,skittles,0
22,snydershoneymustardonionnibblerpretzels,9
22,caramelapplepops,4
22,twix,8
22,spree,7
22,comboscheddar,9
22,pringlessourcreamonion,0
22,starbursttropical,0
22,crunch,3
22,3musketeers,2
22,milanocookies,2
22,mikeikezours,9
22,sunchipsgardensalsa,8.01
22,keeblerfudgestripes,4
22,airheadswatermelon,0
22,laysclassic,1
22,cheezitwhitecheddar,1
22,layscheesygarlicbread,0
22,slimjim,8
22,munchiespeanutbutter,7
22,sunchipsoriginal,8.01
22,doritosnachocheese,0
22,oreosgolden,3.01
22,munchiesjalapenocheddar,6
22,popcornerswhitecheddar,7
22,layssourcreamandonion,2
22,starburst,8.01
22,snydersoriginalnibblers,4
22,ritzbitspeanutbutter,8
22,ritzbitscheese,10
22,grandmasoatmealraisincookies,6
22,blowpopblueraspberry,1
22,twixpeanutbutter,8
22,juniormints,9
22,blowpopcherry,4.5
22,dots,9
22,toblerone,0
22,giantsweetarts,3
22,warheads,3.01
22,twizzlersstrawberry,6
22,sourpatchkids,2
22,almondjoy,10
22,lifesaversgummiessours,8
22,100grand,9.01
22,snickers,9
22,grandmaschocolatechipcookies,9
22,snickersalmond,2
22,sourpunchstrawsapple,1.01
22,gummywormssour,0
22,skittlestropical,9.01
22,dovedarkchocolatebites,8
22,kettlejalapenochips,6
22,babyruth,4
22,goobers,4
22,pringlesoriginal,3
22,combospizzeria,9
22,airheadsgreenapple,4
22,goldfishcheddar,5
22,kitkatwhitechocolate,7
22,cheesepeanutbuttercrackers,8
22,rufflescheddarsourcreamchips,4
22,munchiesnachocheese,0
22,popcornerskettle,4
22,pringlescheddar,2
22,keeblerrainbowcookies,7
22,juniorcaramels,0.63
23,airheadswatermelon,5.99
23,sunchipsoriginal,0.35
23,doritospicychili,5.27
23,caramelapplepops,1.79
23,dovedarkchocolatebites,4.14
23,popcornersjalapeno,4.66
23,funyuns,1.13
23,milkywaycaramel,1.21
23,laysclassic,2.12
23,pringlesoriginal,2.57
23,popcornerskettle,4.63
23,cheesepeanutbuttercrackers,0.74
23,blowpopcherry,9.08
23,yorkpeppermintpatty,4.2
23,skittlewildberry,0.6
23,cheezitwhitecheddar,6.39
23,ritzbitscheese,5.41
23,sourpunchstrawsapple,5.89
23,chexmixtraditional,7.09
23,ghirardellicaramelsquares,4.15
23,popcornwhitecheddar,5.61
23,trailmix,4.54
23,lindtdarkchocolate,6.97
23,dovecaramelmilkchocolate,7.33
23,sourpatchkids,0.89
23,snickers,0.38
23,swedishfishassorted,4.74
23,fritosbbq,2.45
23,whoppers,4.01
23,kitkatwhitechocolate,5.25
23,sourpunchstrawsstrawberry,7.47
23,hostesscupcakes,4.27
23,hostesschocolatedonuts,3.19
23,pez,0.66
23,mikeikezours,7.95
23,doritosnachocheese,3.84
23,layssourcreamandonion,1.29
23,sunchipsfrenchonion,5.44
23,blowpopblueraspberry,5
23,juniorcaramels,3.41
23,layssweetsouthernheatbarbecue,1.56
23,kitkat,0.53
23,pringlescheddar,2.4
23,mmspretzel,8
23,mentosrainbow,5.68
23,giantsweetarts,2.48
23,snydersminipretzels,1.25
23,reesespieces,1.43
23,kettlebbqchips,9.17
23,combospizzeria,2.32
23,snydershoneymustardonionnibblerpretzels,2.8
23,famousamos,3.5
23,dovemilkpeanutbutterbites,3.52
23,goobers,3.4
23,reesespeanutbuttercup,6
23,blowpopsourapple,7.32
23,crunch,8.71
23,lifesaversgummiessours,6.39
23,twixpeanutbutter,6.5
23,butterfinger,7.82
23,skittlestropical,3.09
23,milanocookies,6.23
23,nerdsrope,0.06
23,munchiespeanutbutter,1.87
23,skittles,7.01
23,munchiesnachocheese,2.47
23,take5,4.61
23,snydersoriginalnibblers,4.99
23,milkduds,5.49
23,100grand,9.19
23,kettlesaltpepperchips,9.35
23,airheadsgreenapple,3.98
23,babyruth,2.91
23,laysdillpickle,0.82
23,nerdsstrawberrygrape,7.49
23,blowpopwatermelon,5.73
23,starburst,8.54
23,lindtmilkchocolate,3.4
23,laffytaffysourapple,4.32
23,shockers,4.62
23,layscheesygarlicbread,5.06
23,grandmasoatmealraisincookies,2.77
23,grandmaspeanutbuttercookies,1.22
23,twizzlersstrawberry,1.04
23,oreosgolden,4.32
23,milkywaydark,4.87
23,sunchipscheddar,4.7
23,almondjoy,9
23,airheadsblueraspberry,2.15
23,fritos,3.62
23,comboscheddar,0.22
23,hostesspowdereddonut,0.03
23,kettlejalapenochips,6
23,ghirardellidarkchocolatesquares,0.19
23,mmspeanuts,0.13
23,3musketeers,0.13
23,slimjim,6.58
23,sunchipsgardensalsa,3.52
23,twix,8.16
23,dots,7
23,cheetoscrunchy,3.49
23,reesesbigcup,1.41
23,rufflescheddarsourcreamchips,5.14
23,doritoscoolranch,2.41
23,swedishfish,5.81
23,gummywormssour,4.36
23,bunchacrunch,8.33
23,roldgoldtinytwistpretzels,4.35
23,ghirardellimilkchocolatesquares,1.33
23,oreos,0.6
23,munchiesjalapenocheddar,6.3
23,kettlesaltvinegarchips,3.66
23,starbursttropical,6.01
23,snickerspeanutbutter,8.86
23,lifesaversgummies,8.51
23,airheadscherry,9.73
23,mmsmint,2.24
23,keeblerfudgestripes,8.01
23,cheetospuffs,1.01
23,butterfingerbites,0.16
23,chexmixcheddar,4.31
23,grandmaschocolatechipcookies,5.28
23,mmsmilkchocolate,6.74
23,cheezit,9.5
23,keeblerrainbowcookies,10
23,razzles,9.98
23,gobstoppers,0.91
23,milkyway,3.05
23,juniormints,2.5
23,raisinetsmilkchocolate,6.15
23,snickersdarkchocolate,4.64
23,runts,7.18
23,pringlessourcreamonion,1.27
23,skittlessours,2.58
23,snickersalmond,7.5
23,ritzbitspeanutbutter,7.93
23,snyderspretzelsticks,8
23,chipsahoy,1.71
23,warheads,7.78
23,heathbar,5.42
23,toblerone,0.17
23,goldfishcheddar,5.01
23,spree,0.61
23,popcornerswhitecheddar,5.34
24,starbursttropical,4.03
24,popcornersjalapeno,5.84
24,keeblerrainbowcookies,4.37
24,kettlebbqchips,4.54
24,blowpopcherry,5.43
24,milkywaycaramel,5.91
24,grandmasoatmealraisincookies,3.41
24,mmspeanuts,6.47
24,comboscheddar,2.35
24,sourpatchkids,2.02
24,skittlewildberry,3.74
24,shockers,2.63
24,nerdsstrawberrygrape,4.37
24,kettlesaltvinegarchips,7.21
24,reesesbigcup,8.19
24,cheesepeanutbuttercrackers,5.21
24,raisinetsmilkchocolate,4.39
24,sunchipsgardensalsa,6.83
24,trailmix,5.74
24,airheadsblueraspberry,5.28
24,dovecaramelmilkchocolate,3.58
24,hostesspowdereddonut,1.46
24,whoppers,1.13
24,sunchipsfrenchonion,5.63
24,hostesschocolatedonuts,5.56
24,take5,6.65
24,doritoscoolranch,5.41
24,dots,6.31
24,kettlesaltpepperchips,8.47
24,gobstoppers,7.77
24,snydersoriginalnibblers,1.39
24,twixpeanutbutter,4.92
24,milanocookies,7.34
24,chexmixcheddar,6.11
24,cheezitwhitecheddar,5.06
24,razzles,0.9
24,reesespeanutbuttercup,3.69
24,3musketeers,5.89
24,blowpopwatermelon,7.46
24,sunchipscheddar,8.11
24,caramelapplepops,6.2
24,ritzbitspeanutbutter,0.96
24,lifesaversgummies,3.99
24,giantsweetarts,6.27
24,blowpopsourapple,4.67
24,dovemilkpeanutbutterbites,5.74
24,airheadswatermelon,1.91
24,oreosgolden,5.4
24,mikeikezours,8.37
24,doritosnachocheese,3.63
24,twizzlersstrawberry,5.61
24,almondjoy,4.19
24,slimjim,5.03
24,snyderspretzelsticks,4.59
24,sourpunchstrawsapple,4.72
24,toblerone,5.68
24,twix,4.99
24,grandmaschocolatechipcookies,5.62
24,warheads,6.17
24,laffytaffysourapple,5.47
24,munchiesjalapenocheddar,4.71
24,milkduds,8.08
24,ghirardellicaramelsquares,5.03
24,yorkpeppermintpatty,3.87
24,mmspretzel,6.11
24,snydersminipretzels,5.51
24,heathbar,4.71
24,ritzbitscheese,7.64
24,chexmixtraditional,4.54
24,fritosbbq,5.28
24,mmsmint,4.58
24,munchiespeanutbutter,7.68
24,airheadsgreenapple,8.06
24,popcornwhitecheddar,7.36
24,100grand,5.08
24,kitkatwhitechocolate,7.33
24,nerdsrope,7.18
24,snickersdarkchocolate,6.25
24,snickersalmond,4.27
24,skittlessours,9.14
24,snickers,5.41
24,oreos,7.87
24,pringlesoriginal,6.17
24,lifesaversgummiessours,5.9
24,juniormints,4.99
24,kitkat,5.56
24,gummywormssour,5.58
24,goldfishcheddar,7.02
24,funyuns,3.09
24,chipsahoy,7.6
24,spree,7.14
24,swedishfishassorted,4.98
24,laysdillpickle,7.47
24,skittlestropical,3.41
24,cheezit,5.4
24,snickerspeanutbutter,5.34
24,swedishfish,5.52
24,doritospicychili,5
24,layscheesygarlicbread,6.33
24,roldgoldtinytwistpretzels,5.59
24,milkyway,1.04
24,lindtmilkchocolate,9.44
24,snydershoneymustardonionnibblerpretzels,9.06
24,lindtdarkchocolate,4.52
24,pringlessourcreamonion,3.98
24,mmsmilkchocolate,3.45
24,airheadscherry,6.76
24,goobers,5.46
24,popcornerskettle,3.48
24,juniorcaramels,3.6
24,layssourcreamandonion,9.02
24,pez,7.96
24,munchiesnachocheese,5.91
24,pringlescheddar,8.09
24,cheetoscrunchy,8.46
24,sunchipsoriginal,6.9
24,butterfinger,7.92
24,dovedarkchocolatebites,8.03
24,skittles,5.62
24,starburst,6.46
24,sourpunchstrawsstrawberry,6.56
24,crunch,4.37
24,laysclassic,5.03
24,babyruth,7.51
24,bunchacrunch,5.52
24,butterfingerbites,5.68
24,cheetospuffs,3.55
24,milkywaydark,7.97
24,layssweetsouthernheatbarbecue,6.24
24,famousamos,3.84
24,hostesscupcakes,2.7
24,keeblerfudgestripes,3.6
24,mentosrainbow,5.63
24,ghirardellidarkchocolatesquares,9.61
24,rufflescheddarsourcreamchips,8.46
24,popcornerswhitecheddar,9.78
24,kettlejalapenochips,7.85
24,combospizzeria,6.9
24,fritos,9.24
24,blowpopblueraspberry,6.95
24,ghirardellimilkchocolatesquares,3.3
24,grandmaspeanutbuttercookies,3.73
24,reesespieces,6.94
24,runts,6.1
25,cheetospuffs,6.45
25,chipsahoy,5.39
25,laysclassic,2.42
25,airheadscherry,1.01
25,cheezit,1.86
25,nerdsstrawberrygrape,1.8
25,runts,10
25,ritzbitscheese,8.28
25,twixpeanutbutter,1.03
25,reesesbigcup,1.99
25,munchiespeanutbutter,1.1
25,sunchipsoriginal,0.51
25,swedishfishassorted,7.07
25,kettlebbqchips,4.79
25,goldfishcheddar,8.29
25,fritos,7.61
25,comboscheddar,3.09
25,munchiesnachocheese,6.66
25,oreosgolden,6.91
25,hostesscupcakes,7.65
25,ghirardellicaramelsquares,8.68
25,juniormints,8.91
25,sunchipsgardensalsa,6.42
25,snydersminipretzels,6.43
25,trailmix,9.5
25,hostesschocolatedonuts,8.71
25,3musketeers,8.96
25,funyuns,9.81
25,combospizzeria,7.75
25,pringlescheddar,8.61
25,popcornerskettle,0.15
25,warheads,2.78
25,grandmasoatmealraisincookies,3.56
25,blowpopsourapple,5.94
25,layscheesygarlicbread,7.03
25,cheetoscrunchy,5.94
25,mmsmilkchocolate,10
25,cheesepeanutbuttercrackers,8.03
25,sunchipsfrenchonion,4.06
25,skittles,4.79
25,sunchipscheddar,2.37
25,milkduds,5.83
25,kitkat,2.11
25,munchiesjalapenocheddar,5
25,babyruth,6.98
25,dots,6.92
25,milkywaydark,8.03
25,sourpunchstrawsstrawberry,8.1
25,heathbar,7.9
25,ghirardellidarkchocolatesquares,5.3
25,mentosrainbow,4.67
25,sourpunchstrawsapple,4.94
25,dovemilkpeanutbutterbites,4.1
25,gummywormssour,1.47
25,whoppers,0
25,bunchacrunch,5.11
25,kettlesaltpepperchips,6.76
25,cheezitwhitecheddar,8.99
25,giantsweetarts,9.02
25,lindtdarkchocolate,7.96
25,skittlewildberry,7.58
25,blowpopblueraspberry,8.82
25,doritospicychili,3.78
25,milkyway,2.5
25,reesespeanutbuttercup,9.49
25,snickersdarkchocolate,4
25,butterfingerbites,8.86
25,dovecaramelmilkchocolate,6.58
25,pez,8.46
25,mikeikezours,7.77
25,doritoscoolranch,7.59
25,roldgoldtinytwistpretzels,4.42
25,kettlesaltvinegarchips,3.01
25,skittlestropical,7.24
25,airheadsblueraspberry,3.02
25,blowpopwatermelon,9.03
25,laffytaffysourapple,7.4
25,crunch,7.97
25,popcornwhitecheddar,1.1
25,twizzlersstrawberry,6.72
25,famousamos,0.83
25,100grand,6.85
25,keeblerfudgestripes,4.15
25,almondjoy,4.6
25,grandmaspeanutbuttercookies,9.18
25,snickers,8.05
25,popcornersjalapeno,6.4
25,kitkatwhitechocolate,8.98
25,snyderspretzelsticks,6.57
25,doritosnachocheese,7.64
25,mmspretzel,7.02
25,snickerspeanutbutter,7.28
25,layssourcreamandonion,8.85
25,nerdsrope,8.1
25,lifesaversgummies,6.61
25,kettlejalapenochips,7.69
25,yorkpeppermintpatty,8.46
25,skittlessours,6.86
25,airheadswatermelon,9.05
25,keeblerrainbowcookies,9.91
25,mmspeanuts,2.34
25,chexmixcheddar,7.69
25,starbursttropical,7.49
25,juniorcaramels,8.22
25,raisinetsmilkchocolate,7.94
25,pringlesoriginal,7.04
25,take5,2.74
25,gobstoppers,8.05
25,caramelapplepops,4.97
25,ghirardellimilkchocolatesquares,2.58
25,spree,6.87
25,razzles,3.26
25,hostesspowdereddonut,5.72
25,oreos,7.01
25,dovedarkchocolatebites,9.97
25,pringlessourcreamonion,8.74
25,toblerone,5.25
25,milanocookies,8.19
25,slimjim,5.35
25,reesespieces,9.66
25,airheadsgreenapple,3
25,laysdillpickle,4.01
25,grandmaschocolatechipcookies,1.75
25,rufflescheddarsourcreamchips,3.14
25,ritzbitspeanutbutter,5.7
25,chexmixtraditional,3.64
25,milkywaycaramel,2.16
25,sourpatchkids,5.15
25,fritosbbq,6.56
25,lifesaversgummiessours,9.74
25,mmsmint,9.01
25,blowpopcherry,8
25,twix,7
25,layssweetsouthernheatbarbecue,0.82
25,snydersoriginalnibblers,0.66
25,goobers,6.92
25,popcornerswhitecheddar,9.18
25,shockers,8.62
25,snickersalmond,8.05
25,lindtmilkchocolate,6.51
25,butterfinger,1.04
25,starburst,1
25,snydershoneymustardonionnibblerpretzels,1.04
25,swedishfish,0.94
26,cheesepeanutbuttercrackers,6.48
26,lindtdarkchocolate,2.97
26,chexmixcheddar,6.03
26,oreos,5.44
26,grandmaschocolatechipcookies,2.46
26,laysdillpickle,1.58
26,runts,1.02
26,layssweetsouthernheatbarbecue,4
26,snickers,0.59
26,babyruth,0.34
26,goldfishcheddar,0.37
26,starburst,0.5
26,shockers,2.96
26,kettlejalapenochips,8.02
26,popcornerswhitecheddar,8.52
26,3musketeers,9
26,rufflescheddarsourcreamchips,5
26,pez,4.53
26,pringlesoriginal,6.04
26,doritospicychili,7.99
26,airheadsblueraspberry,8.51
26,sunchipsfrenchonion,4.01
26,ghirardellimilkchocolatesquares,1.98
26,sourpunchstrawsstrawberry,7.53
26,hostesschocolatedonuts,1.26
26,mentosrainbow,0.21
26,almondjoy,1.98
26,gummywormssour,6.01
26,keeblerfudgestripes,4.98
26,dovedarkchocolatebites,5.58
26,bunchacrunch,0.35
26,sunchipscheddar,8.6
26,twix,8.99
26,popcornersjalapeno,8.04
26,mmspeanuts,4.01
26,starbursttropical,4
26,snyderspretzelsticks,4.02
26,skittlessours,1
26,mmsmilkchocolate,9.41
26,reesespieces,9.39
26,milkywaydark,5
26,toblerone,4.01
26,mmspretzel,1.41
26,snydersminipretzels,8.01
26,blowpopcherry,2
26,butterfinger,2.99
26,mmsmint,0.99
26,grandmasoatmealraisincookies,5.46
26,ritzbitscheese,7.05
26,skittlewildberry,3.5
26,cheezitwhitecheddar,5.05
26,snydershoneymustardonionnibblerpretzels,0.56
26,sourpatchkids,7.53
26,milanocookies,0.42
26,kettlebbqchips,0.54
26,ritzbitspeanutbutter,6.04
26,blowpopwatermelon,4.02
26,munchiesjalapenocheddar,2.04
26,dovemilkpeanutbutterbites,2
26,doritoscoolranch,3.45
26,combospizzeria,1.01
26,goobers,9.49
26,crunch,2
26,sunchipsoriginal,2.02
26,munchiespeanutbutter,1.49
26,laffytaffysourapple,3.58
26,reesesbigcup,0.51
26,oreosgolden,1.41
26,lifesaversgummiessours,2.05
26,nerdsrope,0.41
26,mikeikezours,3.53
26,kitkat,6.03
26,snickerspeanutbutter,7.02
26,juniorcaramels,5
26,cheetoscrunchy,1.01
26,airheadscherry,5.01
26,airheadsgreenapple,7.55
26,caramelapplepops,2.04
26,doritosnachocheese,0.27
26,slimjim,0.99
26,cheetospuffs,0.55
26,twizzlersstrawberry,6.48
26,raisinetsmilkchocolate,7.51
26,reesespeanutbuttercup,8.02
26,hostesscupcakes,0.46
26,dots,3.53
26,airheadswatermelon,4.01
26,swedishfishassorted,0.54
26,100grand,0.46
26,chipsahoy,8
26,sunchipsgardensalsa,8.38
26,spree,1.03
26,milkyway,8.03
26,juniormints,1.01
26,munchiesnachocheese,9.05
26,ghirardellicaramelsquares,9.05
26,twixpeanutbutter,2.01
26,warheads,4.01
26,kettlesaltvinegarchips,3.03
26,giantsweetarts,0.52
26,pringlessourcreamonion,1.04
26,grandmaspeanutbuttercookies,9.02
26,milkduds,9.4
26,razzles,4
26,hostesspowdereddonut,4.49
26,layscheesygarlicbread,6.51
26,snickersdarkchocolate,6.01
26,skittles,2.02
26,trailmix,0.1
26,dovecaramelmilkchocolate,5
26,blowpopblueraspberry,7.03
26,milkywaycaramel,8.2
26,skittlestropical,8.01
26,keeblerrainbowcookies,5.03
26,kitkatwhitechocolate,0.49
26,heathbar,6.02
26,take5,6.47
26,ghirardellidarkchocolatesquares,8.02
26,layssourcreamandonion,8.01
26,comboscheddar,1.04
26,nerdsstrawberrygrape,7
26,snydersoriginalnibblers,8.44
26,famousamos,6.03
26,sourpunchstrawsapple,8.56
26,blowpopsourapple,1.62
26,gobstoppers,2
26,pringlescheddar,0.52
26,lifesaversgummies,8.22
26,chexmixtraditional,7.47
26,fritos,1.99
26,popcornwhitecheddar,2.01
26,lindtmilkchocolate,7.03
26,yorkpeppermintpatty,2
26,popcornerskettle,0.53
26,roldgoldtinytwistpretzels,0.53
26,swedishfish,4.53
26,funyuns,5
26,cheezit,3.54
26,whoppers,9.03
26,laysclassic,9.7
26,kettlesaltpepperchips,1.56
26,butterfingerbites,1.49
26,fritosbbq,0.46
26,snickersalmond,0.54
27,sourpatchkids,2.01
27,pez,8.53
27,kitkat,9.13
27,ritzbitspeanutbutter,9.31
27,mmsmilkchocolate,9.06
27,laffytaffysourapple,9.03
27,keeblerrainbowcookies,1.97
27,snydersoriginalnibblers,3.49
27,cheesepeanutbuttercrackers,7.06
27,rufflescheddarsourcreamchips,4.03
27,shockers,5.64
27,munchiespeanutbutter,5.5
27,snydersminipretzels,2.1
27,slimjim,7.99
27,pringlescheddar,3.39
27,skittles,1.81
27,mmspeanuts,1.99
27,sunchipsgardensalsa,8.38
27,almondjoy,9.06
27,pringlessourcreamonion,7.56
27,milkywaycaramel,7.51
27,cheetospuffs,6.5
27,milkyway,9.52
27,kettlejalapenochips,6.65
27,razzles,5
27,ghirardellimilkchocolatesquares,4.01
27,hostesscupcakes,7.49
27,airheadsgreenapple,8.53
27,twizzlersstrawberry,8.6
27,butterfinger,9.23
27,gobstoppers,6.48
27,combospizzeria,6.65
27,airheadswatermelon,7.57
27,kettlesaltvinegarchips,8.05
27,warheads,5.39
27,layscheesygarlicbread,7.46
27,sunchipsfrenchonion,5.98
27,reesespeanutbuttercup,4.44
27,munchiesjalapenocheddar,7.51
27,mmsmint,7.46
27,pringlesoriginal,7.01
27,skittlessours,4.5
27,popcornerskettle,3.02
27,doritosnachocheese,9.56
27,starbursttropical,3.35
27,juniorcaramels,5.08
27,reesespieces,3.39
27,blowpopcherry,3.5
27,take5,4.54
27,milanocookies,6.08
27,popcornersjalapeno,8.54
27,caramelapplepops,8.01
27,heathbar,9.61
27,snickersdarkchocolate,4.04
27,mentosrainbow,6.52
27,twixpeanutbutter,9.21
27,swedishfishassorted,6.03
27,bunchacrunch,9.5
27,100grand,4.01
27,comboscheddar,8.58
27,reesesbigcup,9.47
27,milkywaydark,8.02
27,popcornerswhitecheddar,5.43
27,dovemilkpeanutbutterbites,8.02
27,sunchipsoriginal,6.03
27,ghirardellicaramelsquares,7.49
27,twix,6.44
27,oreos,6.54
27,goldfishcheddar,7.52
27,famousamos,7.52
27,skittlestropical,6.48
27,3musketeers,7.58
27,nerdsrope,8.68
27,hostesschocolatedonuts,3
27,lifesaversgummiessours,2.95
27,oreosgolden,4.01
27,dots,2.49
27,blowpopblueraspberry,7.02
27,cheezitwhitecheddar,6.57
27,chexmixtraditional,8.05
27,dovedarkchocolatebites,6.1
27,mikeikezours,8.48
27,whoppers,6.01
27,hostesspowdereddonut,8.03
27,kitkatwhitechocolate,2.95
27,goobers,3.28
27,doritospicychili,2.03
27,airheadsblueraspberry,6.49
27,grandmaschocolatechipcookies,5.02
27,roldgoldtinytwistpretzels,9.09
27,toblerone,4.5
27,yorkpeppermintpatty,3.93
27,snickers,6.51
27,snickerspeanutbutter,3.03
27,cheezit,4.02
27,chexmixcheddar,6
27,snydershoneymustardonionnibblerpretzels,9.01
27,lindtmilkchocolate,9.01
27,fritos,9.05
27,cheetoscrunchy,0.32
27,munchiesnachocheese,4
27,layssweetsouthernheatbarbecue,4.01
27,crunch,6.02
27,grandmasoatmealraisincookies,6.31
27,starburst,6.06
27,keeblerfudgestripes,4.04
27,chipsahoy,7.43
27,airheadscherry,9
27,milkduds,1.49
27,trailmix,5.01
27,juniormints,8.02
27,popcornwhitecheddar,5.98
27,raisinetsmilkchocolate,9.47
27,laysclassic,6.48
27,funyuns,9.03
27,butterfingerbites,8.45
27,mmspretzel,7.49
27,kettlesaltpepperchips,8.05
27,swedishfish,4.44
27,spree,8.56
27,ritzbitscheese,7.03
27,ghirardellidarkchocolatesquares,7
27,skittlewildberry,6.61
27,sourpunchstrawsstrawberry,9
27,gummywormssour,8.6
27,kettlebbqchips,8.99
27,layssourcreamandonion,5.48
27,babyruth,9.24
27,fritosbbq,7.23
27,nerdsstrawberrygrape,8.41
27,sourpunchstrawsapple,7.01
27,sunchipscheddar,8
27,doritoscoolranch,8.54
27,blowpopwatermelon,9.45
27,blowpopsourapple,9.04
27,dovecaramelmilkchocolate,2.13
27,giantsweetarts,6.48
27,lindtdarkchocolate,4.38
27,runts,8.23
27,lifesaversgummies,6.02
27,snyderspretzelsticks,0.09
27,grandmaspeanutbuttercookies,6.03
27,laysdillpickle,8.51
27,snickersalmond,9.29
28,doritoscoolranch,7.58
28,swedishfish,6.98
28,juniorcaramels,9.52
28,starbursttropical,2.5
28,razzles,4.54
28,ghirardellimilkchocolatesquares,7.38
28,lifesaversgummiessours,3.6
28,take5,5.23
28,trailmix,4
28,pez,1.99
28,chipsahoy,2.04
28,airheadswatermelon,2.59
28,milanocookies,7.16
28,runts,7.46
28,mmspretzel,7.15
28,butterfingerbites,3.02
28,grandmaspeanutbuttercookies,0.17
28,cheetospuffs,2.97
28,blowpopwatermelon,3.39
28,sunchipsgardensalsa,0.5
28,airheadsgreenapple,0.97
28,twixpeanutbutter,2
28,shockers,2.06
28,ghirardellicaramelsquares,5.21
28,goobers,2.05
28,milkduds,1.06
28,gummywormssour,8.02
28,mmsmilkchocolate,0.43
28,keeblerfudgestripes,0.98
28,sourpunchstrawsstrawberry,6.11
28,snyderspretzelsticks,3.16
28,snickersdarkchocolate,7.6
28,swedishfishassorted,6.56
28,rufflescheddarsourcreamchips,7.48
28,reesesbigcup,5.01
28,skittles,4.72
28,sunchipsfrenchonion,1.1
28,raisinetsmilkchocolate,5.02
28,airheadsblueraspberry,8
28,ritzbitscheese,7.48
28,almondjoy,7.06
28,mentosrainbow,4.13
28,kettlejalapenochips,5.65
28,milkyway,6.04
28,comboscheddar,3.63
28,skittlestropical,3.93
28,chexmixcheddar,0
28,twizzlersstrawberry,4.06
28,gobstoppers,6.47
28,kitkat,3.97
28,skittlessours,8.57
28,blowpopblueraspberry,7.37
28,ghirardellidarkchocolatesquares,7.78
28,popcornerswhitecheddar,2.04
28,lindtmilkchocolate,2.61
28,sourpatchkids,7.04
28,cheezitwhitecheddar,5.06
28,fritosbbq,1.03
28,sunchipsoriginal,1.38
28,pringlescheddar,2.99
28,laysclassic,2.03
28,dovecaramelmilkchocolate,8.68
28,layssweetsouthernheatbarbecue,7.48
28,doritospicychili,3
28,snickers,6
28,airheadscherry,3.03
28,heathbar,0
28,combospizzeria,1.71
28,kettlesaltvinegarchips,2.05
28,reesespeanutbuttercup,5.44
28,kettlebbqchips,5.01
28,crunch,6.65
28,100grand,7.03
28,doritosnachocheese,9.06
28,snydersminipretzels,4.62
28,starburst,9.21
28,toblerone,5.55
28,hostesspowdereddonut,7.44
28,oreos,5.6
28,butterfinger,7.99
28,snydershoneymustardonionnibblerpretzels,4.9
28,munchiesjalapenocheddar,5.98
28,hostesscupcakes,5.33
28,nerdsstrawberrygrape,4.79
28,blowpopsourapple,0.27
28,laysdillpickle,0.2
28,mmsmint,1.05
28,munchiespeanutbutter,3.4
28,snydersoriginalnibblers,7.82
28,dots,6.68
28,dovedarkchocolatebites,5.94
28,bunchacrunch,7.78
28,keeblerrainbowcookies,8
28,lifesaversgummies,3.93
28,milkywaydark,10
28,cheesepeanutbuttercrackers,6.45
28,cheezit,5.96
28,munchiesnachocheese,8.08
28,kettlesaltpepperchips,7.69
28,mmspeanuts,0.01
28,hostesschocolatedonuts,5
28,oreosgolden,6.29
28,spree,9.03
28,twix,10
28,pringlesoriginal,0.88
28,pringlessourcreamonion,8.11
28,kitkatwhitechocolate,3.55
28,mikeikezours,9.56
28,popcornwhitecheddar,5.97
28,blowpopcherry,4.97
28,popcornersjalapeno,3.95
28,fritos,9.52
28,babyruth,8.03
28,milkywaycaramel,5.03
28,yorkpeppermintpatty,0.04
28,skittlewildberry,8.42
28,funyuns,5.09
28,sourpunchstrawsapple,5.07
28,famousamos,6.59
28,laffytaffysourapple,2.02
28,goldfishcheddar,4.58
28,warheads,2.98
28,giantsweetarts,5.22
28,caramelapplepops,7.99
28,whoppers,4.06
28,grandmaschocolatechipcookies,5.11
28,lindtdarkchocolate,6.25
28,snickersalmond,9.02
28,sunchipscheddar,5.99
28,layscheesygarlicbread,9.22
28,popcornerskettle,7.31
28,snickerspeanutbutter,3.91
28,slimjim,7.58
28,layssourcreamandonion,3.79
28,juniormints,3.06
28,nerdsrope,6.04
28,grandmasoatmealraisincookies,8
28,dovemilkpeanutbutterbites,5.62
28,reesespieces,7.56
28,roldgoldtinytwistpretzels,6.52
28,chexmixtraditional,7.13
28,3musketeers,4.11
28,cheetoscrunchy,4
28,ritzbitspeanutbutter,5.19
29,snickersdarkchocolate,8.38
29,comboscheddar,6.56
29,snydersoriginalnibblers,3.26
29,toblerone,5.41
29,dots,4.08
29,razzles,3.68
29,popcornersjalapeno,6.06
29,airheadswatermelon,6.22
29,swedishfishassorted,1.75
29,twizzlersstrawberry,3.63
29,fritos,2.95
29,juniormints,3.05
29,laysclassic,7.28
29,gobstoppers,7.39
29,hostesschocolatedonuts,6.14
29,lifesaversgummies,4.75
29,sourpunchstrawsstrawberry,4.09
29,sunchipsoriginal,5.32
29,pringlescheddar,4.57
29,mmsmint,5.27
29,spree,5.82
29,snyderspretzelsticks,3.31
29,sourpatchkids,4.06
29,cheezitwhitecheddar,5.79
29,snickers,2.2
29,laysdillpickle,2.71
29,skittlestropical,6.79
29,ghirardellicaramelsquares,6.15
29,pez,4.56
29,gummywormssour,5.73
29,pringlesoriginal,6.16
29,keeblerfudgestripes,6.51
29,reesespeanutbuttercup,6.67
29,ghirardellimilkchocolatesquares,6.57
29,milkywaycaramel,5.1
29,munchiespeanutbutter,4.01
29,reesesbigcup,5.4
29,runts,5.72
29,oreosgolden,7.14
29,caramelapplepops,6.59
29,rufflescheddarsourcreamchips,7.19
29,sunchipsgardensalsa,6.16
29,blowpopsourapple,3.6
29,babyruth,3.69
29,milkduds,3.14
29,100grand,7.31
29,pringlessourcreamonion,6.81
29,munchiesjalapenocheddar,7.42
29,doritosnachocheese,4.78
29,milanocookies,7.18
29,crunch,6.47
29,cheetoscrunchy,7.51
29,raisinetsmilkchocolate,6.71
29,nerdsrope,8.01
29,blowpopwatermelon,5.29
29,laffytaffysourapple,4.98
29,blowpopcherry,4.73
29,grandmaschocolatechipcookies,5
29,mikeikezours,6.61
29,snydershoneymustardonionnibblerpretzels,5.27
29,twixpeanutbutter,4.63
29,starburst,8.22
29,cheezit,6.86
29,fritosbbq,5.26
29,kitkat,3.73
29,kettlejalapenochips,4.39
29,sunchipscheddar,5.03
29,funyuns,3.92
29,milkywaydark,4.93
29,yorkpeppermintpatty,5.91
29,doritospicychili,3.69
29,chexmixtraditional,6.66
29,cheesepeanutbuttercrackers,6.97
29,skittlewildberry,5.56
29,juniorcaramels,4.95
29,oreos,6.86
29,airheadscherry,3.44
29,trailmix,4.21
29,whoppers,2.84
29,kitkatwhitechocolate,6.74
29,butterfinger,7.96
29,twix,7.92
29,combospizzeria,7.61
29,shockers,6.7
29,skittlessours,4.77
29,mmsmilkchocolate,4.93
29,munchiesnachocheese,5.07
29,lindtdarkchocolate,5.5
29,dovedarkchocolatebites,4.78
29,sourpunchstrawsapple,5.12
29,ghirardellidarkchocolatesquares,5.96
29,3musketeers,3.05
29,swedishfish,4.76
29,dovecaramelmilkchocolate,1.56
29,layssweetsouthernheatbarbecue,2.48
29,nerdsstrawberrygrape,2.42
29,dovemilkpeanutbutterbites,5.84
29,grandmasoatmealraisincookies,4.92
29,hostesspowdereddonut,3.99
29,cheetospuffs,8.64
29,popcornwhitecheddar,3.15
29,butterfingerbites,7.11
29,ritzbitspeanutbutter,7.66
29,snydersminipretzels,7.21
29,lifesaversgummiessours,3.29
29,mmspeanuts,3.65
29,take5,2.68
29,lindtmilkchocolate,4.99
29,doritoscoolranch,2.62
29,skittles,2.81
29,popcornerskettle,4.37
29,bunchacrunch,5.37
29,chipsahoy,2.69
29,popcornerswhitecheddar,3.8
29,layssourcreamandonion,6.28
29,grandmaspeanutbuttercookies,6.77
29,starbursttropical,5.26
29,milkyway,5.47
29,kettlebbqchips,7.15
29,mentosrainbow,6.46
29,reesespieces,2.25
29,blowpopblueraspberry,4.57
29,giantsweetarts,5.11
29,kettlesaltpepperchips,4.5
29,airheadsgreenapple,4.56
29,almondjoy,5.45
29,famousamos,3
29,snickerspeanutbutter,4.53
29,chexmixcheddar,2.11
29,heathbar,5.38
29,kettlesaltvinegarchips,3.96
29,layscheesygarlicbread,5.26
29,sunchipsfrenchonion,3.97
29,hostesscupcakes,5.64
29,ritzbitscheese,5.3
29,airheadsblueraspberry,6.14
29,slimjim,8.2
29,keeblerrainbowcookies,5.27
29,snickersalmond,8.1
29,warheads,8.01
29,mmspretzel,5.22
29,goldfishcheddar,1.79
29,goobers,7.57
29,roldgoldtinytwistpretzels,7
30,milkduds,3.47
30,hostesschocolatedonuts,6.07
30,grandmaschocolatechipcookies,6.01
30,bunchacrunch,5.51
30,goobers,5.51
30,take5,5.54
30,gummywormssour,3.47
30,layssweetsouthernheatbarbecue,3.02
30,lifesaversgummies,2.03
30,pez,1.5
30,skittles,1.07
30,hostesspowdereddonut,1.01
30,dots,2.01
30,layscheesygarlicbread,3.5
30,reesespieces,3.99
30,grandmasoatmealraisincookies,2.01
30,sourpunchstrawsstrawberry,7.52
30,nerdsstrawberrygrape,5.92
30,almondjoy,4.45
30,popcornerskettle,5.05
30,munchiesjalapenocheddar,3.43
30,doritospicychili,7.54
30,gobstoppers,6.07
30,snickers,3.55
30,munchiespeanutbutter,2.95
30,heathbar,2.96
30,sunchipscheddar,2.55
30,mikeikezours,5.55
30,toblerone,6.01
30,cheezitwhitecheddar,5.96
30,goldfishcheddar,1.53
30,oreos,5.55
30,swedishfish,3.54
30,famousamos,4.07
30,starbursttropical,4
30,popcornersjalapeno,4.04
30,lindtdarkchocolate,6.03
30,twix,5.55
30,kettlesaltvinegarchips,6.51
30,ghirardellicaramelsquares,5.61
30,dovecaramelmilkchocolate,4.4
30,reesesbigcup,6.03
30,runts,6.55
30,100grand,4.48
30,roldgoldtinytwistpretzels,1.52
30,sourpunchstrawsapple,2.96
30,snydersoriginalnibblers,2.04
30,cheesepeanutbuttercrackers,2.52
30,shockers,8.01
30,airheadsgreenapple,5.99
30,kettlejalapenochips,3
30,pringlescheddar,5.99
30,snickerspeanutbutter,3.42
30,ritzbitspeanutbutter,2.07
30,razzles,2.47
30,pringlessourcreamonion,5.94
30,fritos,4.53
30,mmsmilkchocolate,6.04
30,dovemilkpeanutbutterbites,9.48
30,swedishfishassorted,6.99
30,snickersdarkchocolate,8.95
30,lifesaversgummiessours,6.93
30,mentosrainbow,7.07
30,sourpatchkids,5.97
30,ritzbitscheese,8.55
30,pringlesoriginal,5
30,mmspeanuts,7.04
30,milkywaycaramel,6.07
30,laffytaffysourapple,7.01
30,mmsmint,7.52
30,starburst,6.52
30,butterfingerbites,5
30,airheadswatermelon,4.01
30,3musketeers,6.97
30,twizzlersstrawberry,4.07
30,skittlewildberry,4.02
30,kettlebbqchips,7.04
30,blowpopblueraspberry,6.04
30,sunchipsgardensalsa,4.49
30,keeblerfudgestripes,9
30,babyruth,1
30,sunchipsoriginal,5.45
30,nerdsrope,5
30,popcornerswhitecheddar,7.02
30,kitkatwhitechocolate,4.57
30,caramelapplepops,5.61
30,skittlessours,7.02
30,ghirardellidarkchocolatesquares,7.57
30,mmspretzel,6
30,layssourcreamandonion,5.51
30,airheadscherry,2.03
30,snydershoneymustardonionnibblerpretzels,4.99
30,milanocookies,6.47
30,funyuns,5.54
30,juniormints,5.49
30,rufflescheddarsourcreamchips,5.5
30,popcornwhitecheddar,8.01
30,skittlestropical,4.98
30,yorkpeppermintpatty,6.43
30,grandmaspeanutbuttercookies,0.14
30,laysdillpickle,3.99
30,lindtmilkchocolate,6.04
30,whoppers,4.04
30,sunchipsfrenchonion,7.5
30,butterfinger,6.47
30,cheetospuffs,5.58
30,doritoscoolranch,3.98
30,doritosnachocheese,9.04
30,slimjim,5.02
30,snyderspretzelsticks,5.48
30,blowpopsourapple,6.98
30,airheadsblueraspberry,6.03
30,giantsweetarts,6.99
30,reesespeanutbuttercup,8.07
30,oreosgolden,0.29
30,crunch,6.07
30,trailmix,2
30,laysclassic,5.55
30,keeblerrainbowcookies,4.47
30,snickersalmond,7.47
30,fritosbbq,1.56
30,kitkat,3.99
30,cheezit,2.09
30,combospizzeria,5.49
30,kettlesaltpepperchips,4.55
30,chexmixcheddar,4.47
30,cheetoscrunchy,3.59
30,raisinetsmilkchocolate,7.03
30,comboscheddar,5.98
30,ghirardellimilkchocolatesquares,7.48
30,dovedarkchocolatebites,7.96
30,munchiesnachocheese,8
30,milkyway,7.99
30,blowpopcherry,4.49
30,milkywaydark,4.54
30,juniorcaramels,3.46
30,snydersminipretzels,5.04
30,spree,0.98
30,warheads,6.48
30,chexmixtraditional,3.49
30,chipsahoy,3.43
30,hostesscupcakes,5.53
30,twixpeanutbutter,4.53
30,blowpopwatermelon,2.49
31,grandmaschocolatechipcookies,3.97
31,snydersoriginalnibblers,3.92
31,slimjim,4.56
31,skittles,6.86
31,combospizzeria,7.27
31,lindtdarkchocolate,1.5
31,bunchacrunch,8.41
31,skittlewildberry,2.15
31,kettlejalapenochips,5.11
31,mmsmint,6.38
31,trailmix,5.35
31,laysdillpickle,0.6
31,dovecaramelmilkchocolate,1.11
31,milkywaycaramel,6.79
31,swedishfish,3.15
31,pringlesoriginal,9.28
31,cheesepeanutbuttercrackers,3.12
31,layssourcreamandonion,0.72
31,keeblerrainbowcookies,5.87
31,layssweetsouthernheatbarbecue,6.59
31,grandmasoatmealraisincookies,3.33
31,sourpunchstrawsapple,1.46
31,sunchipscheddar,7.94
31,grandmaspeanutbuttercookies,6.08
31,doritosnachocheese,1.02
31,crunch,0.04
31,pringlescheddar,3.52
31,mmspeanuts,7.05
31,oreos,4.27
31,airheadsgreenapple,7.51
31,rufflescheddarsourcreamchips,1.55
31,blowpopblueraspberry,6.04
31,snyderspretzelsticks,8.8
31,sunchipsfrenchonion,5.01
31,keeblerfudgestripes,3.43
31,kitkat,8.03
31,chexmixtraditional,9.36
31,reesesbigcup,4.2
31,giantsweetarts,2.65
31,heathbar,8.22
31,hostesschocolatedonuts,5.86
31,runts,0.92
31,sourpunchstrawsstrawberry,2.09
31,100grand,8.73
31,dovemilkpeanutbutterbites,0.73
31,juniormints,2.98
31,starbursttropical,0
31,milkywaydark,2.49
31,caramelapplepops,6.33
31,dots,5.66
31,warheads,5.05
31,butterfingerbites,6.03
31,snydershoneymustardonionnibblerpretzels,4.65
31,nerdsrope,4.11
31,raisinetsmilkchocolate,3.29
31,chipsahoy,9.07
31,yorkpeppermintpatty,3.54
31,cheetospuffs,9.88
31,kettlesaltpepperchips,7.19
31,blowpopsourapple,8.17
31,take5,7.57
31,airheadswatermelon,8.14
31,skittlestropical,8.08
31,fritosbbq,5.27
31,cheetoscrunchy,0
31,munchiespeanutbutter,6.44
31,laffytaffysourapple,3.79
31,ghirardellicaramelsquares,2.92
31,funyuns,8.99
31,shockers,1.34
31,popcornersjalapeno,4.41
31,goobers,7.85
31,babyruth,6.96
31,airheadsblueraspberry,4.28
31,mikeikezours,2.91
31,airheadscherry,2.37
31,mentosrainbow,5.48
31,kitkatwhitechocolate,8.26
31,3musketeers,0.76
31,laysclassic,9.57
31,fritos,3.07
31,chexmixcheddar,2.01
31,roldgoldtinytwistpretzels,2.98
31,gobstoppers,4.2
31,blowpopwatermelon,2.41
31,layscheesygarlicbread,0.33
31,sunchipsoriginal,1.69
31,dovedarkchocolatebites,5.17
31,kettlebbqchips,2.29
31,mmspretzel,7.08
31,whoppers,6.69
31,doritoscoolranch,1.43
31,comboscheddar,3.52
31,doritospicychili,0.18
31,twixpeanutbutter,7.21
31,oreosgolden,2.11
31,butterfinger,2.46
31,mmsmilkchocolate,3.22
31,pez,4.45
31,popcornerswhitecheddar,5.1
31,hostesspowdereddonut,2.4
31,milkduds,2.39
31,milkyway,3.32
31,razzles,2.51
31,milanocookies,5.57
31,pringlessourcreamonion,4.89
31,gummywormssour,9.69
31,toblerone,4.61
31,lifesaversgummiessours,1.47
31,reesespeanutbuttercup,1.57
31,munchiesjalapenocheddar,6.51
31,snickerspeanutbutter,3.45
31,cheezit,5.18
31,kettlesaltvinegarchips,1.53
31,snickers,0
31,munchiesnachocheese,3.03
31,nerdsstrawberrygrape,1.36
31,famousamos,1.95
31,spree,3.26
31,blowpopcherry,8.27
31,ghirardellimilkchocolatesquares,6.93
31,skittlessours,7.08
31,sourpatchkids,7.43
31,almondjoy,7.1
31,swedishfishassorted,6.47
31,lifesaversgummies,4.75
31,popcornwhitecheddar,2
31,ritzbitspeanutbutter,7.73
31,sunchipsgardensalsa,3.44
31,popcornerskettle,7.46
31,cheezitwhitecheddar,8.33
31,reesespieces,6.53
31,lindtmilkchocolate,9.18
31,twix,8.05
31,hostesscupcakes,9.58
31,snickersalmond,4.07
31,snickersdarkchocolate,7.54
31,starburst,5.01
31,ritzbitscheese,1.71
31,juniorcaramels,2.7
31,twizzlersstrawberry,5.39
31,ghirardellidarkchocolatesquares,1.03
31,goldfishcheddar,5.01
31,snydersminipretzels,4.58
32,doritosnachocheese,7.14
32,pringlesoriginal,6.25
32,oreosgolden,8.3
32,snyderspretzelsticks,8.73
32,blowpopblueraspberry,6.19
32,reesespieces,6.93
32,sunchipsgardensalsa,4.74
32,funyuns,7.06
32,reesespeanutbuttercup,4.03
32,laffytaffysourapple,3.09
32,mmspeanuts,4.25
32,rufflescheddarsourcreamchips,7.49
32,popcornerswhitecheddar,5.04
32,twixpeanutbutter,8.56
32,snickers,8.48
32,comboscheddar,7.01
32,layscheesygarlicbread,2
32,airheadswatermelon,4.49
32,doritoscoolranch,5.95
32,roldgoldtinytwistpretzels,5
32,take5,3.01
32,bunchacrunch,6.2
32,cheetospuffs,5.62
32,cheesepeanutbuttercrackers,4.07
32,sourpunchstrawsstrawberry,7.89
32,mentosrainbow,1.53
32,skittles,7.5
32,skittlewildberry,6.03
32,twix,4.03
32,gobstoppers,7
32,layssweetsouthernheatbarbecue,8.29
32,sunchipscheddar,7.22
32,milanocookies,8.45
32,sourpatchkids,7.52
32,razzles,6
32,grandmaschocolatechipcookies,4.98
32,sunchipsfrenchonion,3.41
32,milkywaydark,5.75
32,lindtmilkchocolate,5.22
32,ghirardellimilkchocolatesquares,7.31
32,munchiesnachocheese,6.31
32,keeblerrainbowcookies,0.7
32,dots,2.02
32,trailmix,4.5
32,popcornersjalapeno,2.99
32,juniorcaramels,6.99
32,snickersalmond,0.63
32,snickerspeanutbutter,7.78
32,fritos,3.98
32,lifesaversgummiessours,9.77
32,grandmasoatmealraisincookies,9.84
32,blowpopcherry,9.65
32,cheezit,9.71
32,chexmixcheddar,8.53
32,kitkatwhitechocolate,9.07
32,oreos,6.17
32,mmspretzel,3.16
32,popcornerskettle,2.34
32,sunchipsoriginal,1.7
32,layssourcreamandonion,2.42
32,dovemilkpeanutbutterbites,3.05
32,toblerone,8.57
32,swedishfishassorted,8.34
32,sourpunchstrawsapple,1.53
32,chexmixtraditional,4.96
32,hostesschocolatedonuts,2.44
32,warheads,2.51
32,blowpopsourapple,3.06
32,hostesscupcakes,2.15
32,gummywormssour,7.68
32,nerdsrope,4.41
32,mmsmilkchocolate,8.33
32,raisinetsmilkchocolate,7.06
32,kitkat,5.49
32,munchiespeanutbutter,2.01
32,kettlejalapenochips,3.47
32,blowpopwatermelon,5.99
32,butterfingerbites,3.12
32,starbursttropical,3.45
32,laysclassic,6.62
32,goldfishcheddar,7.74
32,milkywaycaramel,5.05
32,popcornwhitecheddar,6.36
32,kettlebbqchips,7.51
32,3musketeers,0.55
32,fritosbbq,5.07
32,lindtdarkchocolate,3.34
32,snydersminipretzels,7.23
32,heathbar,3.02
32,grandmaspeanutbuttercookies,8.46
32,shockers,6
32,munchiesjalapenocheddar,2.14
32,airheadsblueraspberry,5.22
32,airheadscherry,0.43
32,almondjoy,1
32,swedishfish,2.08
32,kettlesaltpepperchips,4.3
32,skittlessours,6
32,ghirardellidarkchocolatesquares,3.12
32,crunch,7.26
32,cheetoscrunchy,1.11
32,dovedarkchocolatebites,9.9
32,skittlestropical,9.86
32,hostesspowdereddonut,9.28
32,whoppers,7.05
32,cheezitwhitecheddar,3.16
32,100grand,4.01
32,snydershoneymustardonionnibblerpretzels,4.26
32,runts,3.29
32,butterfinger,5.63
32,keeblerfudgestripes,6.63
32,giantsweetarts,5.96
32,doritospicychili,6.6
32,pringlescheddar,7.93
32,spree,5.05
32,pez,5.26
32,laysdillpickle,6.37
32,combospizzeria,8.04
32,ghirardellicaramelsquares,8.62
32,milkduds,3.08
32,lifesaversgummies,2.16
32,juniormints,4.13
32,starburst,3.01
32,nerdsstrawberrygrape,6.3
32,reesesbigcup,7.39
32,twizzlersstrawberry,4.05
32,mmsmint,4.51
32,dovecaramelmilkchocolate,9.06
32,goobers,6.27
32,famousamos,6.11
32,ritzbitscheese,2.54
32,caramelapplepops,6.02
32,slimjim,3.96
32,chipsahoy,6.6
32,babyruth,5.53
32,mikeikezours,5.02
32,milkyway,7.49
32,pringlessourcreamonion,0.88
32,snickersdarkchocolate,5.01
32,kettlesaltvinegarchips,7.5
32,snydersoriginalnibblers,7.13
32,yorkpeppermintpatty,4.27
32,ritzbitspeanutbutter,2.13
32,airheadsgreenapple,9.3
33,comboscheddar,4
33,ritzbitspeanutbutter,8
33,whoppers,6.5
33,snickers,9
33,laffytaffysourapple,4
33,shockers,4
33,grandmaspeanutbuttercookies,5
33,grandmaschocolatechipcookies,3
33,reesespeanutbuttercup,3
33,take5,4.99
33,keeblerfudgestripes,1.99
33,layssourcreamandonion,3
33,mmsmilkchocolate,5
33,slimjim,4
33,pringlescheddar,4
33,lindtmilkchocolate,3
33,milkywaydark,4
33,doritospicychili,8
33,airheadsblueraspberry,7.99
33,layssweetsouthernheatbarbecue,8
33,sourpunchstrawsapple,8
33,hostesschocolatedonuts,6
33,goldfishcheddar,6
33,ritzbitscheese,8.5
33,starburst,6
33,blowpopcherry,6
33,dovedarkchocolatebites,7.5
33,lindtdarkchocolate,10
33,laysclassic,9.5
33,reesespieces,9.8
33,skittlestropical,3
33,cheetoscrunchy,10
33,mikeikezours,8
33,snydersoriginalnibblers,9
33,blowpopwatermelon,6
33,gobstoppers,3.51
33,funyuns,5
33,blowpopblueraspberry,5
33,razzles,10
33,munchiesjalapenocheddar,8.5
33,skittlewildberry,9.9
33,juniormints,4
33,spree,4
33,oreosgolden,8
33,chipsahoy,4.5
33,twizzlersstrawberry,8.5
33,swedishfishassorted,2
33,twix,4
33,mmsmint,8
33,cheezit,5
33,nerdsstrawberrygrape,5
33,snickersalmond,8
33,snickersdarkchocolate,3
33,blowpopsourapple,7
33,skittles,2
33,butterfingerbites,6.5
33,airheadswatermelon,5.99
33,chexmixtraditional,10
33,bunchacrunch,7
33,kettlesaltpepperchips,6
33,dovecaramelmilkchocolate,4
33,doritoscoolranch,9
33,almondjoy,9
33,gummywormssour,1.5
33,sunchipsfrenchonion,5
33,lifesaversgummies,8
33,kettlesaltvinegarchips,2
33,airheadscherry,5.5
33,cheetospuffs,10
33,famousamos,5
33,kettlejalapenochips,7
33,ghirardellimilkchocolatesquares,9
33,mentosrainbow,10
33,skittlessours,10
33,snyderspretzelsticks,4
33,kitkatwhitechocolate,8
33,kettlebbqchips,7
33,goobers,4
33,pringlessourcreamonion,4.5
33,ghirardellicaramelsquares,4
33,pez,9.02
33,sourpatchkids,10
33,dots,9
33,toblerone,7
33,combospizzeria,7
33,nerdsrope,6.5
33,snydershoneymustardonionnibblerpretzels,5.5
33,sunchipscheddar,5
33,fritos,5
33,heathbar,10
33,trailmix,6
33,snydersminipretzels,4
33,hostesscupcakes,7
33,chexmixcheddar,3
33,layscheesygarlicbread,4
33,babyruth,4.5
33,cheesepeanutbuttercrackers,4.5
33,cheezitwhitecheddar,5
33,kitkat,5
33,grandmasoatmealraisincookies,4
33,sunchipsoriginal,3
33,mmspeanuts,10
33,laysdillpickle,10
33,roldgoldtinytwistpretzels,8
33,runts,6
33,doritosnachocheese,4
33,oreos,5
33,fritosbbq,5
33,starbursttropical,4
33,yorkpeppermintpatty,2
33,munchiespeanutbutter,7
33,milanocookies,9
33,warheads,10
33,lifesaversgummiessours,7.5
33,popcornwhitecheddar,5
33,twixpeanutbutter,7
33,100grand,6
33,popcornerswhitecheddar,6
33,hostesspowdereddonut,5
33,milkyway,6
33,pringlesoriginal,7
33,butterfinger,2
33,snickerspeanutbutter,6
33,juniorcaramels,7
33,reesesbigcup,6.5
33,keeblerrainbowcookies,7
33,caramelapplepops,3
33,dovemilkpeanutbutterbites,7.51
33,milkduds,5
33,sourpunchstrawsstrawberry,10
33,mmspretzel,7
33,swedishfish,8.5
33,raisinetsmilkchocolate,5
33,popcornerskettle,6
33,airheadsgreenapple,6
33,milkywaycaramel,4.5
33,rufflescheddarsourcreamchips,9.5
33,munchiesnachocheese,9
33,popcornersjalapeno,8
33,giantsweetarts,6.5
33,3musketeers,5
33,ghirardellidarkchocolatesquares,5.5
33,crunch,5
33,sunchipsgardensalsa,1
34,layscheesygarlicbread,4.96
34,kettlesaltvinegarchips,7.46
34,ritzbitscheese,8.7
34,cheetospuffs,5.28
34,blowpopcherry,6.57
34,milkywaycaramel,8.31
34,sourpunchstrawsstrawberry,6.28
34,munchiesjalapenocheddar,2.59
34,dots,4.51
34,cheesepeanutbuttercrackers,5.51
34,doritoscoolranch,4.47
34,doritosnachocheese,5.62
34,popcornwhitecheddar,3.53
34,starburst,0.72
34,cheetoscrunchy,1.03
34,kettlesaltpepperchips,2.38
34,kettlebbqchips,1.51
34,nerdsstrawberrygrape,5.42
34,oreosgolden,3.45
34,doritospicychili,7.52
34,3musketeers,9.53
34,spree,8.44
34,popcornerskettle,6.06
34,runts,7.42
34,milanocookies,5.43
34,skittlessours,5
34,raisinetsmilkchocolate,5.56
34,reesesbigcup,9.41
34,airheadscherry,8.02
34,lindtdarkchocolate,8
34,hostesscupcakes,3.48
34,lifesaversgummiessours,7.49
34,snickers,6.52
34,sunchipsgardensalsa,7.27
34,blowpopwatermelon,8.68
34,chexmixtraditional,3.47
34,ghirardellicaramelsquares,8.45
34,lindtmilkchocolate,6.54
34,mmsmilkchocolate,7.55
34,combospizzeria,8.01
34,grandmaschocolatechipcookies,8.72
34,trailmix,4.37
34,babyruth,6.13
34,milkyway,7.45
34,airheadsblueraspberry,5.37
34,ghirardellidarkchocolatesquares,6
34,airheadsgreenapple,8.56
34,layssweetsouthernheatbarbecue,7.54
34,mikeikezours,8.4
34,cheezit,6.35
34,butterfingerbites,5.16
34,twix,4.98
34,mmsmint,7.42
34,grandmasoatmealraisincookies,6.43
34,butterfinger,5.69
34,dovecaramelmilkchocolate,7.44
34,ritzbitspeanutbutter,7.55
34,lifesaversgummies,6.51
34,starbursttropical,3.46
34,swedishfishassorted,5.51
34,hostesspowdereddonut,4.02
34,almondjoy,5.72
34,gummywormssour,6.65
34,pez,5.24
34,blowpopsourapple,3.99
34,nerdsrope,5.17
34,skittlestropical,3.51
34,snydersminipretzels,6.64
34,heathbar,5
34,popcornersjalapeno,4.41
34,crunch,6.55
34,rufflescheddarsourcreamchips,6.04
34,reesespieces,7.58
34,juniorcaramels,5.66
34,dovemilkpeanutbutterbites,2.38
34,100grand,3.61
34,caramelapplepops,5.63
34,skittlewildberry,4.14
34,yorkpeppermintpatty,5.5
34,airheadswatermelon,5.43
34,snyderspretzelsticks,5.46
34,munchiesnachocheese,7.46
34,mmspeanuts,6.01
34,take5,4.4
34,mentosrainbow,4
34,whoppers,3.56
34,keeblerrainbowcookies,4.35
34,sunchipsoriginal,10
34,snydershoneymustardonionnibblerpretzels,7
34,sourpatchkids,3.4
34,hostesschocolatedonuts,8.52
34,pringlesoriginal,3.19
34,oreos,7
34,slimjim,3.67
34,giantsweetarts,4.53
34,chipsahoy,3.35
34,pringlescheddar,8.48
34,goldfishcheddar,4.4
34,famousamos,8.63
34,popcornerswhitecheddar,5.61
34,shockers,3.53
34,twixpeanutbutter,6.72
34,grandmaspeanutbuttercookies,8.52
34,fritos,7.54
34,comboscheddar,3.02
34,blowpopblueraspberry,5
34,kettlejalapenochips,7.32
34,laysdillpickle,4.57
34,razzles,4.47
34,keeblerfudgestripes,4.63
34,toblerone,5.01
34,munchiespeanutbutter,3.48
34,twizzlersstrawberry,7.01
34,goobers,5.94
34,bunchacrunch,6.54
34,skittles,7.59
34,kitkatwhitechocolate,6.44
34,kitkat,6.23
34,warheads,6.71
34,dovedarkchocolatebites,4.57
34,pringlessourcreamonion,5.04
34,reesespeanutbuttercup,8.55
34,milkduds,6.59
34,funyuns,7.65
34,laffytaffysourapple,7.75
34,swedishfish,6.01
34,snickersdarkchocolate,4.52
34,snydersoriginalnibblers,6
34,chexmixcheddar,6.45
34,ghirardellimilkchocolatesquares,7.37
34,sunchipscheddar,5.47
34,snickersalmond,10
34,juniormints,5.44
34,laysclassic,7.33
34,snickerspeanutbutter,8.55
34,milkywaydark,5.03
34,gobstoppers,4.55
34,sunchipsfrenchonion,9.01
34,sourpunchstrawsapple,8
34,cheezitwhitecheddar,4.52
34,roldgoldtinytwistpretzels,4.28
34,layssourcreamandonion,7.59
34,fritosbbq,5.3
34,mmspretzel,6.51
35,laysdillpickle,2.42
35,ghirardellimilkchocolatesquares,6.09
35,ghirardellicaramelsquares,1.43
35,combospizzeria,1.27
35,doritosnachocheese,1.01
35,reesespeanutbuttercup,0.68
35,layscheesygarlicbread,6.25
35,snydersminipretzels,7.33
35,starburst,1.58
35,juniormints,0.47
35,pringlessourcreamonion,0.61
35,butterfinger,0.64
35,kettlesaltvinegarchips,6.42
35,mentosrainbow,7.12
35,laffytaffysourapple,7.65
35,mmspeanuts,0.27
35,sunchipscheddar,0.75
35,roldgoldtinytwistpretzels,0
35,famousamos,0
35,reesesbigcup,10
35,gummywormssour,3.48
35,popcornersjalapeno,3.14
35,snickers,2.46
35,hostesschocolatedonuts,6.56
35,blowpopblueraspberry,1.36
35,munchiesnachocheese,1.36
35,milkyway,8.28
35,shockers,9.42
35,nerdsrope,10
35,skittlestropical,6.09
35,mmsmint,7.4
35,fritos,8.79
35,swedishfishassorted,6.62
35,airheadsblueraspberry,8.66
35,comboscheddar,2.95
35,100grand,8.3
35,cheesepeanutbuttercrackers,8.66
35,chexmixtraditional,6.6
35,oreos,9.05
35,butterfingerbites,6.27
35,doritospicychili,8.01
35,slimjim,4.2
35,oreosgolden,4.69
35,milkywaycaramel,10
35,snickersdarkchocolate,6.2
35,kettlejalapenochips,3.7
35,dovecaramelmilkchocolate,8.3
35,pringlescheddar,3.12
35,grandmaspeanutbuttercookies,2.11
35,ghirardellidarkchocolatesquares,5.74
35,toblerone,5.76
35,dovedarkchocolatebites,1.71
35,ritzbitscheese,6.25
35,snydershoneymustardonionnibblerpretzels,7.78
35,lifesaversgummies,5.63
35,sourpatchkids,10
35,mmsmilkchocolate,5.46
35,airheadscherry,9.75
35,popcornerskettle,10
35,doritoscoolranch,7.3
35,airheadsgreenapple,5.96
35,airheadswatermelon,9.11
35,mmspretzel,8.47
35,goobers,1.56
35,hostesspowdereddonut,0.98
35,runts,7.52
35,gobstoppers,2
35,sunchipsgardensalsa,1.49
35,milanocookies,9.55
35,milkduds,4.83
35,lindtmilkchocolate,5.75
35,munchiespeanutbutter,6.87
35,juniorcaramels,9.13
35,giantsweetarts,7.75
35,blowpopsourapple,4.68
35,crunch,5.27
35,kitkat,8.61
35,grandmasoatmealraisincookies,2.01
35,kitkatwhitechocolate,2.71
35,whoppers,10
35,popcornwhitecheddar,10
35,chipsahoy,8.41
35,munchiesjalapenocheddar,8.95
35,cheezit,6.28
35,kettlesaltpepperchips,1.07
35,twixpeanutbutter,0.95
35,skittles,1.16
35,swedishfish,3.5
35,blowpopwatermelon,6.98
35,hostesscupcakes,8.66
35,dovemilkpeanutbutterbites,8.76
35,laysclassic,7.27
35,trailmix,10
35,nerdsstrawberrygrape,6.44
35,cheetospuffs,9.31
35,lindtdarkchocolate,5.46
35,layssweetsouthernheatbarbecue,3.34
35,spree,5.41
35,sourpunchstrawsapple,0.44
35,keeblerfudgestripes,6.58
35,goldfishcheddar,0.74
35,bunchacrunch,9.43
35,sunchipsfrenchonion,9.33
35,dots,8.32
35,fritosbbq,0.71
35,sunchipsoriginal,3.64
35,mikeikezours,6.07
35,rufflescheddarsourcreamchips,1.63
35,skittlewildberry,3.94
35,layssourcreamandonion,1.69
35,3musketeers,8.58
35,chexmixcheddar,6.62
35,twizzlersstrawberry,6.26
35,take5,7.62
35,raisinetsmilkchocolate,1.67
35,keeblerrainbowcookies,7.56
35,snyderspretzelsticks,7.78
35,yorkpeppermintpatty,7.4
35,blowpopcherry,8.64
35,funyuns,0
35,babyruth,5.02
35,snydersoriginalnibblers,6.61
35,kettlebbqchips,7.27
35,pez,6.28
35,cheezitwhitecheddar,0.87
35,cheetoscrunchy,3.92
35,caramelapplepops,3.57
35,skittlessours,5.89
35,sourpunchstrawsstrawberry,9.23
35,snickersalmond,8.08
35,pringlesoriginal,2.7
35,razzles,10
35,almondjoy,5.7
35,lifesaversgummiessours,8.22
35,starbursttropical,8.15
35,grandmaschocolatechipcookies,6.65
35,ritzbitspeanutbutter,9.36
35,heathbar,3.69
35,reesespieces,9.27
35,twix,8.15
35,popcornerswhitecheddar,5.71
35,warheads,1.7
35,snickerspeanutbutter,7.4
35,milkywaydark,7.35
36,popcornerswhitecheddar,8.47
36,mentosrainbow,7.46
36,doritosnachocheese,0.79
36,take5,6.56
36,layssweetsouthernheatbarbecue,3.26
36,airheadsblueraspberry,5.64
36,snydersminipretzels,7.97
36,grandmaschocolatechipcookies,4.86
36,lifesaversgummies,0.57
36,chexmixtraditional,0.28
36,combospizzeria,0.2
36,slimjim,0.2
36,trailmix,6.17
36,ghirardellimilkchocolatesquares,7.71
36,doritospicychili,7.53
36,runts,0.4
36,milanocookies,1.12
36,butterfingerbites,4.35
36,twixpeanutbutter,9.15
36,shockers,0.38
36,gobstoppers,2.68
36,reesespieces,6.29
36,cheesepeanutbuttercrackers,6.98
36,mmspeanuts,2.81
36,pringlescheddar,3.58
36,blowpopcherry,4.53
36,cheezit,8.14
36,goldfishcheddar,3.47
36,skittlestropical,5.17
36,airheadscherry,2.8
36,milkyway,1.49
36,yorkpeppermintpatty,6.68
36,sunchipscheddar,8.23
36,rufflescheddarsourcreamchips,4.51
36,warheads,8.47
36,snickers,4.5
36,laysclassic,0.25
36,munchiesjalapenocheddar,0.16
36,comboscheddar,9.23
36,ghirardellicaramelsquares,8.62
36,mmsmilkchocolate,8.01
36,chexmixcheddar,0.89
36,milkywaycaramel,0.98
36,skittlewildberry,0.96
36,babyruth,4.01
36,whoppers,0.16
36,sourpunchstrawsapple,2.01
36,popcornwhitecheddar,0.11
36,goobers,8.03
36,cheezitwhitecheddar,8.34
36,kettlejalapenochips,0.41
36,hostesspowdereddonut,0.31
36,munchiespeanutbutter,0.08
36,dovecaramelmilkchocolate,5.17
36,keeblerrainbowcookies,8.45
36,keeblerfudgestripes,2.86
36,sunchipsoriginal,6.7
36,oreos,2.84
36,starbursttropical,3.44
36,crunch,7.41
36,pez,6.17
36,hostesscupcakes,6.39
36,ritzbitspeanutbutter,5.29
36,grandmasoatmealraisincookies,1.78
36,juniorcaramels,5.82
36,blowpopblueraspberry,5.38
36,snyderspretzelsticks,5.79
36,airheadswatermelon,2.39
36,milkduds,0.57
36,snickersdarkchocolate,7.6
36,spree,7.4
36,skittlessours,10
36,reesesbigcup,9.04
36,kitkat,6.99
36,popcornerskettle,6.35
36,snydersoriginalnibblers,6.28
36,swedishfish,3.15
36,starburst,1
36,lifesaversgummiessours,6.6
36,gummywormssour,9.6
36,blowpopsourapple,5.31
36,bunchacrunch,7.69
36,almondjoy,7.21
36,lindtmilkchocolate,8.63
36,twix,1.44
36,snydershoneymustardonionnibblerpretzels,1.56
36,raisinetsmilkchocolate,0.56
36,pringlesoriginal,2.67
36,chipsahoy,1.29
36,fritosbbq,7.59
36,dovemilkpeanutbutterbites,7.16
36,laffytaffysourapple,0.18
36,pringlessourcreamonion,0.83
36,swedishfishassorted,0.55
36,kettlebbqchips,2.19
36,heathbar,3.99
36,nerdsrope,3.51
36,sunchipsgardensalsa,2.54
36,juniormints,1.4
36,lindtdarkchocolate,4.28
36,ritzbitscheese,0.47
36,100grand,7.24
36,3musketeers,9.11
36,famousamos,3.42
36,reesespeanutbuttercup,4.26
36,mmspretzel,2.11
36,kettlesaltpepperchips,0.23
36,caramelapplepops,7.38
36,snickersalmond,1.86
36,popcornersjalapeno,5.51
36,razzles,6.28
36,giantsweetarts,2.39
36,ghirardellidarkchocolatesquares,5.74
36,twizzlersstrawberry,6.56
36,cheetospuffs,0
36,laysdillpickle,7.86
36,dots,8.89
36,sunchipsfrenchonion,8.63
36,mikeikezours,9.5
36,doritoscoolranch,2.62
36,layscheesygarlicbread,0.26
36,kettlesaltvinegarchips,0.49
36,toblerone,0.47
36,airheadsgreenapple,7.56
36,grandmaspeanutbuttercookies,5.98
36,blowpopwatermelon,6.27
36,roldgoldtinytwistpretzels,0.4
36,layssourcreamandonion,6.8
36,butterfinger,8.19
36,cheetoscrunchy,7.45
36,munchiesnachocheese,0.79
36,sourpatchkids,6.59
36,nerdsstrawberrygrape,6.06
36,funyuns,6.58
36,milkywaydark,5.49
36,snickerspeanutbutter,6.95
36,oreosgolden,9.88
36,fritos,6.43
36,kitkatwhitechocolate,9.02
36,sourpunchstrawsstrawberry,7.97
36,hostesschocolatedonuts,0.56
36,skittles,4.24
36,mmsmint,5.22
36,dovedarkchocolatebites,8.38
37,kettlejalapenochips,4.99
37,fritosbbq,1.05
37,skittlewildberry,4.89
37,take5,0
37,swedishfishassorted,0
37,cheetospuffs,0
37,mmspretzel,0
37,reesespeanutbuttercup,0
37,fritos,0
37,keeblerfudgestripes,0
37,twixpeanutbutter,2.06
37,kettlebbqchips,0
37,reesespieces,3.98
37,lifesaversgummies,9.03
37,juniormints,7.98
37,sunchipsgardensalsa,0
37,kettlesaltvinegarchips,0
37,toblerone,0
37,layscheesygarlicbread,0
37,cheetoscrunchy,0
37,trailmix,1.98
37,yorkpeppermintpatty,3.19
37,juniorcaramels,0
37,laffytaffysourapple,2.04
37,pringlescheddar,0
37,mmsmilkchocolate,0
37,popcornersjalapeno,4.99
37,layssourcreamandonion,8.49
37,heathbar,5.44
37,laysclassic,0
37,pringlessourcreamonion,0
37,mmsmint,6.88
37,milkduds,0
37,goldfishcheddar,6.61
37,milkywaycaramel,1.02
37,sunchipsfrenchonion,0
37,pringlesoriginal,7.02
37,layssweetsouthernheatbarbecue,1.06
37,mentosrainbow,9
37,skittlestropical,1.77
37,mmspeanuts,4.99
37,dovecaramelmilkchocolate,0
37,lifesaversgummiessours,0.05
37,airheadscherry,0
37,munchiesnachocheese,0
37,crunch,0
37,gummywormssour,0
37,combospizzeria,0
37,cheezit,0.3
37,funyuns,6.03
37,grandmaschocolatechipcookies,0
37,razzles,3.98
37,cheezitwhitecheddar,0
37,blowpopblueraspberry,0
37,comboscheddar,0
37,snydershoneymustardonionnibblerpretzels,0
37,ghirardellimilkchocolatesquares,2.6
37,munchiespeanutbutter,1.98
37,airheadsblueraspberry,5
37,hostesspowdereddonut,0
37,3musketeers,3.97
37,kitkatwhitechocolate,6.97
37,kettlesaltpepperchips,6.97
37,ghirardellicaramelsquares,0
37,sourpunchstrawsstrawberry,0.01
37,babyruth,0
37,nerdsstrawberrygrape,0
37,snickers,1.04
37,hostesscupcakes,3.93
37,butterfinger,0
37,milkyway,0
37,nerdsrope,3.46
37,dots,7.88
37,snydersoriginalnibblers,4.04
37,skittlessours,0
37,gobstoppers,4.03
37,milkywaydark,5.01
37,twix,2.07
37,shockers,0
37,bunchacrunch,3.41
37,chipsahoy,5.14
37,runts,4.02
37,grandmasoatmealraisincookies,0
37,snydersminipretzels,1.07
37,whoppers,0.84
37,snickersdarkchocolate,0.4
37,munchiesjalapenocheddar,0
37,hostesschocolatedonuts,0
37,doritoscoolranch,0
37,cheesepeanutbuttercrackers,3.02
37,butterfingerbites,0
37,blowpopwatermelon,0
37,reesesbigcup,1.95
37,doritosnachocheese,0
37,lindtdarkchocolate,0
37,skittles,0.09
37,popcornerswhitecheddar,2.93
37,slimjim,0
37,doritospicychili,1.01
37,laysdillpickle,0
37,blowpopsourapple,0
37,spree,7.46
37,chexmixcheddar,7.06
37,raisinetsmilkchocolate,7
37,dovemilkpeanutbutterbites,0
37,oreosgolden,0
37,ghirardellidarkchocolatesquares,0
37,100grand,3.97
37,pez,0
37,dovedarkchocolatebites,0
37,sunchipsoriginal,2.04
37,blowpopcherry,0
37,lindtmilkchocolate,1.46
37,almondjoy,0.98
37,snickerspeanutbutter,0.07
37,caramelapplepops,1.98
37,popcornwhitecheddar,1
37,sourpatchkids,0
37,milanocookies,5.99
37,starbursttropical,1.94
37,rufflescheddarsourcreamchips,0
37,grandmaspeanutbuttercookies,0.31
37,popcornerskettle,0
37,roldgoldtinytwistpretzels,0.07
37,giantsweetarts,0
37,snyderspretzelsticks,0
37,swedishfish,0
37,ritzbitscheese,0
37,sunchipscheddar,0
37,twizzlersstrawberry,3.51
37,chexmixtraditional,1.08
37,oreos,5.03
37,keeblerrainbowcookies,0
37,starburst,0
37,famousamos,0
37,ritzbitspeanutbutter,10
37,snickersalmond,9.97
37,sourpunchstrawsapple,0
37,goobers,7.06
37,kitkat,0
37,warheads,0
37,mikeikezours,0
37,airheadsgreenapple,4.04
37,airheadswatermelon,0
38,juniormints,5.91
38,pez,1.84
38,kettlejalapenochips,1.31
38,reesespeanutbuttercup,1.63
38,reesesbigcup,2.72
38,crunch,1.36
38,yorkpeppermintpatty,4.34
38,roldgoldtinytwistpretzels,1.86
38,blowpopwatermelon,2.58
38,nerdsrope,1.05
38,grandmaspeanutbuttercookies,1.57
38,skittlestropical,1.94
38,oreosgolden,2.37
38,ritzbitspeanutbutter,2.9
38,starbursttropical,1.48
38,kitkatwhitechocolate,0
38,popcornwhitecheddar,8.07
38,comboscheddar,5.65
38,toblerone,2.77
38,mikeikezours,2.15
38,snydersoriginalnibblers,2.2
38,skittlewildberry,1.57
38,shockers,2.67
38,almondjoy,9.77
38,goldfishcheddar,5.21
38,dovemilkpeanutbutterbites,6.42
38,100grand,5.31
38,twizzlersstrawberry,7.72
38,snickers,10
38,grandmasoatmealraisincookies,8.36
38,take5,2.94
38,hostesspowdereddonut,5.66
38,ghirardellimilkchocolatesquares,1.54
38,ghirardellidarkchocolatesquares,7.1
38,chipsahoy,9.3
38,whoppers,6.17
38,doritospicychili,5.76
38,dots,3.98
38,cheetospuffs,3.33
38,butterfingerbites,1.84
38,snickersalmond,3.66
38,doritosnachocheese,4.45
38,gobstoppers,1.48
38,snickerspeanutbutter,8.47
38,razzles,0.46
38,popcornerswhitecheddar,8.86
38,bunchacrunch,9.48
38,ghirardellicaramelsquares,6.57
38,keeblerrainbowcookies,1.93
38,sourpunchstrawsstrawberry,7.29
38,laysdillpickle,3.63
38,cheesepeanutbuttercrackers,6
38,heathbar,3.14
38,dovecaramelmilkchocolate,0.88
38,oreos,0.43
38,milkduds,5.83
38,cheezit,7.58
38,skittles,2.6
38,sunchipscheddar,5.43
38,mmsmint,8.51
38,layssweetsouthernheatbarbecue,2.81
38,pringlesoriginal,7.46
38,airheadsgreenapple,3.61
38,lifesaversgummies,1.84
38,combospizzeria,8.83
38,cheezitwhitecheddar,6.87
38,airheadswatermelon,1.69
38,rufflescheddarsourcreamchips,3.61
38,lifesaversgummiessours,7.29
38,slimjim,1.44
38,layscheesygarlicbread,1.72
38,reesespieces,1.38
38,hostesscupcakes,1.58
38,doritoscoolranch,4.83
38,warheads,0
38,snyderspretzelsticks,1.69
38,giantsweetarts,0.49
38,twix,3.32
38,blowpopsourapple,2.32
38,kettlebbqchips,6.19
38,popcornerskettle,1.18
38,laffytaffysourapple,7.1
38,mmsmilkchocolate,1.25
38,lindtmilkchocolate,2.4
38,snickersdarkchocolate,7.87
38,kitkat,6.68
38,juniorcaramels,7.9
38,spree,1.3
38,milkywaydark,4.23
38,funyuns,10
38,sunchipsoriginal,9.8
38,swedishfishassorted,1.74
38,chexmixtraditional,0.58
38,milanocookies,8.05
38,gummywormssour,6.57
38,munchiespeanutbutter,7.6
38,hostesschocolatedonuts,6.64
38,kettlesaltpepperchips,6.8
38,airheadscherry,5.32
38,munchiesnachocheese,1.23
38,snydershoneymustardonionnibblerpretzels,2.13
38,layssourcreamandonion,5.27
38,cheetoscrunchy,4.96
38,blowpopcherry,1.25
38,munchiesjalapenocheddar,7.99
38,runts,9.36
38,pringlessourcreamonion,3.23
38,blowpopblueraspberry,7.8
38,popcornersjalapeno,1.65
38,chexmixcheddar,1.69
38,kettlesaltvinegarchips,1.41
38,swedishfish,1.42
38,milkyway,1.87
38,ritzbitscheese,3.64
38,trailmix,9.29
38,sourpatchkids,9.66
38,sunchipsfrenchonion,7.17
38,raisinetsmilkchocolate,5.57
38,milkywaycaramel,7.03
38,grandmaschocolatechipcookies,1.43
38,lindtdarkchocolate,6.37
38,sourpunchstrawsapple,2.66
38,laysclassic,2.76
38,pringlescheddar,0.69
38,caramelapplepops,0.35
38,twixpeanutbutter,0.14
38,fritosbbq,2.19
38,mentosrainbow,1.07
38,fritos,2.09
38,skittlessours,8.75
38,dovedarkchocolatebites,7.17
38,mmspeanuts,8.48
38,sunchipsgardensalsa,5.58
38,mmspretzel,0.94
38,nerdsstrawberrygrape,1.8
38,famousamos,3.19
38,babyruth,3.09
38,airheadsblueraspberry,6.14
38,3musketeers,4.98
38,snydersminipretzels,2.68
38,starburst,0.17
38,goobers,2.87
38,keeblerfudgestripes,3.57
38,butterfinger,0
39,slimjim,1.57
39,lifesaversgummies,3.52
39,blowpopblueraspberry,0.33
39,layssourcreamandonion,0.48
39,dovemilkpeanutbutterbites,0.27
39,hostesspowdereddonut,0.35
39,butterfingerbites,0.57
39,razzles,4.54
39,popcornerswhitecheddar,0.5
39,gobstoppers,0.31
39,starbursttropical,0.41
39,shockers,0.24
39,swedishfishassorted,0.29
39,comboscheddar,0.49
39,whoppers,0.67
39,grandmasoatmealraisincookies,0.02
39,mmspretzel,1.48
39,chexmixcheddar,5.43
39,sunchipsfrenchonion,3.44
39,caramelapplepops,1.45
39,sourpunchstrawsstrawberry,1.43
39,warheads,0.53
39,blowpopsourapple,0.46
39,snydersoriginalnibblers,8.53
39,cheesepeanutbuttercrackers,0.5
39,milkduds,0.35
39,mmsmint,2.43
39,grandmaschocolatechipcookies,1.57
39,popcornerskettle,1.43
39,nerdsstrawberrygrape,1.53
39,raisinetsmilkchocolate,0.49
39,gummywormssour,5.48
39,3musketeers,1.54
39,munchiesjalapenocheddar,1.51
39,twix,8.55
39,milkywaycaramel,1.49
39,ghirardellimilkchocolatesquares,1.53
39,mmsmilkchocolate,0.44
39,trailmix,6.51
39,pringlescheddar,6.61
39,skittlewildberry,7.58
39,fritos,0.54
39,reesespeanutbuttercup,0.57
39,babyruth,5.43
39,giantsweetarts,0.58
39,ritzbitscheese,7.46
39,snyderspretzelsticks,8.57
39,airheadsblueraspberry,3.41
39,keeblerrainbowcookies,0.47
39,reesesbigcup,0.52
39,juniorcaramels,1.51
39,goobers,0.49
39,combospizzeria,0.82
39,chipsahoy,0.63
39,milkyway,0.56
39,snydersminipretzels,0.44
39,nerdsrope,4.62
39,snydershoneymustardonionnibblerpretzels,3.48
39,blowpopwatermelon,3.65
39,ghirardellidarkchocolatesquares,4.49
39,kitkat,5.57
39,grandmaspeanutbuttercookies,2.54
39,famousamos,0.47
39,oreosgolden,0.4
39,hostesscupcakes,9.82
39,snickersdarkchocolate,9.98
39,runts,6.45
39,funyuns,8.03
39,swedishfish,7.03
39,mmspeanuts,1.53
39,airheadswatermelon,4.45
39,rufflescheddarsourcreamchips,2.55
39,layssweetsouthernheatbarbecue,6.4
39,milkywaydark,8.49
39,kettlesaltvinegarchips,2.54
39,pringlessourcreamonion,7.45
39,almondjoy,7
39,skittlessours,6.46
39,blowpopcherry,0.3
39,mikeikezours,0.53
39,airheadsgreenapple,2.5
39,airheadscherry,8.01
39,100grand,5.55
39,juniormints,7.06
39,laysclassic,0.78
39,layscheesygarlicbread,2.49
39,ghirardellicaramelsquares,0.84
39,popcornersjalapeno,0.4
39,kettlejalapenochips,1.53
39,kettlebbqchips,0.48
39,munchiesnachocheese,0.52
39,cheetoscrunchy,0.46
39,skittlestropical,2.56
39,dovecaramelmilkchocolate,3.51
39,doritosnachocheese,5.4
39,munchiespeanutbutter,3.55
39,skittles,8.56
39,reesespieces,8.45
39,chexmixtraditional,8.49
39,bunchacrunch,1.48
39,take5,1.6
39,sunchipscheddar,1.51
39,laysdillpickle,1.47
39,spree,0.47
39,sunchipsgardensalsa,0.51
39,sourpatchkids,0.59
39,cheetospuffs,0.45
39,ritzbitspeanutbutter,0.79
39,doritoscoolranch,0.4
39,oreos,1.56
39,sourpunchstrawsapple,9
39,lindtmilkchocolate,9.77
39,doritospicychili,9.65
39,cheezit,6.51
39,lifesaversgummiessours,1
39,snickersalmond,9.49
39,goldfishcheddar,8.59
39,snickers,7.54
39,keeblerfudgestripes,3.56
39,snickerspeanutbutter,0.31
39,twizzlersstrawberry,0.31
39,mentosrainbow,0.5
39,crunch,0.44
39,milanocookies,0.43
39,kitkatwhitechocolate,0.4
39,kettlesaltpepperchips,0.12
39,dovedarkchocolatebites,0.43
39,toblerone,3.44
39,starburst,3.98
39,heathbar,1.47
39,butterfinger,1.47
39,popcornwhitecheddar,0.39
39,roldgoldtinytwistpretzels,1.49
39,pez,0.43
39,lindtdarkchocolate,0.52
39,fritosbbq,1.62
39,sunchipsoriginal,9.51
39,pringlesoriginal,0.58
39,dots,1.27
39,cheezitwhitecheddar,2.58
39,laffytaffysourapple,0.42
39,twixpeanutbutter,0.07
39,hostesschocolatedonuts,7.57
39,yorkpeppermintpatty,0.51
40,grandmasoatmealraisincookies,1.9
40,twix,3.46
40,airheadsblueraspberry,1.99
40,gobstoppers,1.09
40,grandmaschocolatechipcookies,1.84
40,ghirardellicaramelsquares,2.19
40,pez,0.06
40,reesesbigcup,1.38
40,goldfishcheddar,0.36
40,pringlescheddar,0.27
40,goobers,0.39
40,chexmixtraditional,0.57
40,juniorcaramels,0.17
40,dovedarkchocolatebites,1.82
40,blowpopblueraspberry,2.67
40,twixpeanutbutter,3
40,ritzbitspeanutbutter,9.96
40,sourpunchstrawsapple,8.46
40,nerdsrope,8.08
40,giantsweetarts,9.33
40,airheadscherry,0.05
40,hostesscupcakes,8.15
40,pringlessourcreamonion,8.04
40,crunch,7.17
40,famousamos,0.13
40,babyruth,0.96
40,doritosnachocheese,4.29
40,sourpunchstrawsstrawberry,6.9
40,skittlestropical,9.64
40,keeblerrainbowcookies,4.63
40,runts,0.06
40,popcornerskettle,0.65
40,milkyway,9.43
40,doritoscoolranch,6.97
40,laffytaffysourapple,0.75
40,kettlejalapenochips,7.29
40,whoppers,0.17
40,swedishfish,0.24
40,kitkat,3.77
40,rufflescheddarsourcreamchips,9.57
40,lifesaversgummiessours,7.9
40,snickersalmond,3.01
40,skittlewildberry,2.01
40,nerdsstrawberrygrape,8.82
40,warheads,0.18
40,blowpopsourapple,0.87
40,milanocookies,1.03
40,juniormints,0.72
40,milkywaycaramel,3.82
40,sunchipsgardensalsa,0.54
40,mmspretzel,5.56
40,milkduds,1.13
40,keeblerfudgestripes,2.1
40,roldgoldtinytwistpretzels,0.98
40,ritzbitscheese,6.45
40,snydersminipretzels,7.76
40,cheetoscrunchy,6.85
40,butterfingerbites,7.74
40,kettlesaltvinegarchips,9.81
40,starbursttropical,9.93
40,butterfinger,9.92
40,snickerspeanutbutter,7.15
40,lindtdarkchocolate,0.03
40,trailmix,2.6
40,pringlesoriginal,5.3
40,snyderspretzelsticks,5.5
40,airheadswatermelon,6.14
40,toblerone,8.45
40,lifesaversgummies,9.17
40,popcornersjalapeno,2.77
40,sunchipscheddar,3.15
40,sunchipsoriginal,9.93
40,blowpopcherry,6.49
40,twizzlersstrawberry,8.03
40,snydershoneymustardonionnibblerpretzels,5.79
40,mmsmilkchocolate,5.14
40,snickers,7.35
40,razzles,0.85
40,laysdillpickle,4.67
40,comboscheddar,8.8
40,reesespeanutbuttercup,1.45
40,lindtmilkchocolate,1.88
40,layscheesygarlicbread,2.37
40,sunchipsfrenchonion,3.33
40,skittles,0.01
40,oreosgolden,1.84
40,spree,9.86
40,blowpopwatermelon,2.38
40,take5,1.27
40,dovecaramelmilkchocolate,9.21
40,cheezitwhitecheddar,4.4
40,starburst,2.46
40,munchiespeanutbutter,10
40,doritospicychili,9.39
40,skittlessours,0.54
40,kettlesaltpepperchips,6.01
40,bunchacrunch,7.24
40,ghirardellimilkchocolatesquares,6.2
40,chipsahoy,5.38
40,yorkpeppermintpatty,9.89
40,layssweetsouthernheatbarbecue,0.14
40,dovemilkpeanutbutterbites,6.42
40,slimjim,8.41
40,laysclassic,6.71
40,hostesschocolatedonuts,0
40,popcornerswhitecheddar,8.69
40,oreos,7.22
40,airheadsgreenapple,7.82
40,snydersoriginalnibblers,1.93
40,layssourcreamandonion,4.65
40,swedishfishassorted,0.97
40,cheesepeanutbuttercrackers,1.71
40,munchiesjalapenocheddar,6.99
40,hostesspowdereddonut,1.73
40,100grand,5.98
40,caramelapplepops,7.11
40,mmspeanuts,1.08
40,kitkatwhitechocolate,7.06
40,popcornwhitecheddar,7.49
40,mikeikezours,8.84
40,funyuns,9.02
40,almondjoy,5.17
40,sourpatchkids,7.37
40,cheetospuffs,4.18
40,cheezit,4.32
40,reesespieces,1.87
40,grandmaspeanutbuttercookies,5.6
40,ghirardellidarkchocolatesquares,6.92
40,snickersdarkchocolate,3.8
40,kettlebbqchips,9.66
40,shockers,5.56
40,gummywormssour,9.31
40,munchiesnachocheese,8.25
40,mentosrainbow,1.15
40,combospizzeria,2.49
40,dots,6.29
40,3musketeers,1.95
40,mmsmint,8.08
40,fritosbbq,4.45
40,milkywaydark,6.29
40,chexmixcheddar,0.66
40,fritos,2.68
40,heathbar,1.44
40,raisinetsmilkchocolate,7.97
41,mmspeanuts,0.9
41,grandmasoatmealraisincookies,5.88
41,keeblerfudgestripes,2.69
41,sunchipsgardensalsa,2.54
41,blowpopwatermelon,2.58
41,mmspretzel,3.6
41,milkyway,0.16
41,grandmaspeanutbuttercookies,1.49
41,layssourcreamandonion,3.83
41,snickersalmond,5.06
41,dots,3.32
41,slimjim,4.48
41,sourpunchstrawsstrawberry,8.31
41,dovecaramelmilkchocolate,1.65
41,babyruth,0.3
41,snickersdarkchocolate,0.01
41,popcornerswhitecheddar,0.27
41,skittlewildberry,2.52
41,ritzbitscheese,0.93
41,crunch,7.49
41,airheadswatermelon,1.47
41,reesespieces,2.37
41,munchiesnachocheese,2.79
41,oreos,5.16
41,sunchipscheddar,1.67
41,popcornersjalapeno,0.06
41,twizzlersstrawberry,9.32
41,kettlesaltpepperchips,2.85
41,juniorcaramels,3.42
41,hostesscupcakes,5.5
41,kettlebbqchips,0.84
41,kettlejalapenochips,6.5
41,laffytaffysourapple,7.43
41,twix,6.66
41,munchiesjalapenocheddar,5.64
41,layscheesygarlicbread,0.38
41,butterfinger,0.13
41,goobers,0.05
41,warheads,6.71
41,butterfingerbites,4.83
41,airheadsgreenapple,5.44
41,dovedarkchocolatebites,0.38
41,chexmixcheddar,0.72
41,kitkatwhitechocolate,8.48
41,swedishfishassorted,0.48
41,chipsahoy,3.43
41,snyderspretzelsticks,1.03
41,trailmix,0.33
41,kettlesaltvinegarchips,0.79
41,lindtdarkchocolate,0.71
41,keeblerrainbowcookies,0.23
41,snickerspeanutbutter,0.22
41,skittles,0.18
41,gobstoppers,1.11
41,skittlessours,2.61
41,airheadsblueraspberry,4.02
41,snydersoriginalnibblers,6.57
41,toblerone,1.35
41,pringlessourcreamonion,0.65
41,mentosrainbow,0.43
41,popcornerskettle,0.6
41,bunchacrunch,8.51
41,milanocookies,2.27
41,doritosnachocheese,1.61
41,laysdillpickle,0.07
41,nerdsstrawberrygrape,0.9
41,sunchipsfrenchonion,0.18
41,heathbar,0
41,100grand,0.26
41,airheadscherry,0.62
41,oreosgolden,0.47
41,pringlesoriginal,4.57
41,starburst,7.27
41,mmsmint,9.34
41,cheetospuffs,4.15
41,gummywormssour,1
41,caramelapplepops,1.61
41,funyuns,0.86
41,runts,0.78
41,famousamos,6.48
41,blowpopcherry,2.47
41,goldfishcheddar,5.54
41,mmsmilkchocolate,5.11
41,laysclassic,2.52
41,raisinetsmilkchocolate,0.17
41,grandmaschocolatechipcookies,0.28
41,cheezitwhitecheddar,0.2
41,dovemilkpeanutbutterbites,0.2
41,ghirardellidarkchocolatesquares,3.18
41,3musketeers,7.81
41,sunchipsoriginal,3.37
41,reesespeanutbuttercup,0.75
41,pringlescheddar,7.48
41,ghirardellimilkchocolatesquares,0.18
41,blowpopblueraspberry,0.18
41,pez,0.21
41,munchiespeanutbutter,0.11
41,milkywaycaramel,0.67
41,cheetoscrunchy,0.17
41,chexmixtraditional,0.08
41,hostesschocolatedonuts,0.25
41,rufflescheddarsourcreamchips,0.43
41,cheezit,0.5
41,sourpunchstrawsapple,0.6
41,lifesaversgummies,1.23
41,juniormints,0.5
41,ritzbitspeanutbutter,8.86
41,spree,0.24
41,twixpeanutbutter,0.95
41,cheesepeanutbuttercrackers,0.38
41,skittlestropical,8.58
41,yorkpeppermintpatty,9.42
41,popcornwhitecheddar,2.51
41,starbursttropical,7.35
41,comboscheddar,0.01
41,ghirardellicaramelsquares,0.85
41,whoppers,0.43
41,snydersminipretzels,1.2
41,lifesaversgummiessours,0.83
41,doritospicychili,0.18
41,blowpopsourapple,9.11
41,fritosbbq,6.47
41,hostesspowdereddonut,6.38
41,sourpatchkids,3.84
41,giantsweetarts,0.67
41,swedishfish,0.31
41,milkywaydark,0.09
41,shockers,9.47
41,take5,5.36
41,milkduds,0.38
41,layssweetsouthernheatbarbecue,0.28
41,fritos,0.49
41,nerdsrope,0.35
41,mikeikezours,5.38
41,doritoscoolranch,4.51
41,combospizzeria,0.52
41,snydershoneymustardonionnibblerpretzels,0.66
41,snickers,0.63
41,almondjoy,8.39
41,reesesbigcup,0.35
41,kitkat,0.78
41,lindtmilkchocolate,0.57
41,roldgoldtinytwistpretzels,1.08
41,razzles,4.5
42,funyuns,9.99
42,milkduds,5.7
42,twizzlersstrawberry,9.18
42,starburst,9.33
42,skittles,5.82
42,popcornersjalapeno,9.35
42,reesespieces,2.24
42,laysclassic,1.66
42,pringlescheddar,4.51
42,starbursttropical,7.89
42,cheezit,7.2
42,take5,7.76
42,twixpeanutbutter,2.05
42,ritzbitscheese,2.04
42,heathbar,2.64
42,doritoscoolranch,9.75
42,babyruth,1.68
42,runts,9.69
42,milkyway,2.64
42,skittlestropical,6.36
42,grandmaschocolatechipcookies,1.95
42,chexmixcheddar,1.86
42,juniorcaramels,7.49
42,keeblerfudgestripes,2.43
42,yorkpeppermintpatty,1.79
42,raisinetsmilkchocolate,2.45
42,kettlejalapenochips,8.25
42,butterfingerbites,9.77
42,layscheesygarlicbread,5.42
42,goobers,4.72
42,cheetoscrunchy,4.39
42,giantsweetarts,2.89
42,goldfishcheddar,8.99
42,gobstoppers,4.59
42,kettlesaltpepperchips,2.53
42,kitkat,6.38
42,mmsmint,3.4
42,pringlesoriginal,2.01
42,sunchipsfrenchonion,3.77
42,skittlewildberry,9.54
42,grandmasoatmealraisincookies,6.41
42,snickersalmond,5.37
42,doritospicychili,3.36
42,kettlebbqchips,5.87
42,blowpopsourapple,1.89
42,ghirardellimilkchocolatesquares,2.22
42,roldgoldtinytwistpretzels,6.34
42,airheadsgreenapple,1.62
42,layssourcreamandonion,9.62
42,snydershoneymustardonionnibblerpretzels,9.64
42,almondjoy,1.76
42,airheadscherry,9.84
42,laysdillpickle,2.72
42,bunchacrunch,2.26
42,cheezitwhitecheddar,2.54
42,comboscheddar,1.94
42,snydersminipretzels,2.39
42,kitkatwhitechocolate,7.56
42,gummywormssour,2.2
42,lifesaversgummiessours,6.73
42,100grand,3.43
42,swedishfish,7.61
42,butterfinger,1.39
42,toblerone,6.65
42,juniormints,1.6
42,warheads,7.57
42,dots,2.56
42,whoppers,5.23
42,snickersdarkchocolate,2.2
42,nerdsstrawberrygrape,8.42
42,munchiespeanutbutter,9.55
42,dovecaramelmilkchocolate,4.9
42,ghirardellidarkchocolatesquares,5.46
42,reesespeanutbuttercup,3.67
42,shockers,3.46
42,mikeikezours,1.61
42,sunchipsgardensalsa,3.43
42,pringlessourcreamonion,6.64
42,popcornerswhitecheddar,4.47
42,sourpunchstrawsstrawberry,8.39
42,reesesbigcup,3
42,keeblerrainbowcookies,1.78
42,snickers,2.2
42,mmsmilkchocolate,1.72
42,famousamos,2.36
42,lifesaversgummies,2.47
42,milkywaydark,1.84
42,hostesspowdereddonut,6.62
42,sourpatchkids,3.63
42,sourpunchstrawsapple,9.93
42,trailmix,7.54
42,popcornerskettle,5.82
42,hostesschocolatedonuts,7.7
42,slimjim,2.01
42,crunch,1.42
42,caramelapplepops,4.76
42,chexmixtraditional,1.73
42,sunchipsoriginal,9.03
42,dovedarkchocolatebites,9.94
42,oreos,2.4
42,rufflescheddarsourcreamchips,3.33
42,lindtmilkchocolate,0.66
42,kettlesaltvinegarchips,0.71
42,skittlessours,0.08
42,razzles,1.62
42,munchiesnachocheese,1.39
42,airheadswatermelon,7.61
42,blowpopblueraspberry,6.96
42,spree,2.39
42,dovemilkpeanutbutterbites,2.6
42,3musketeers,4.73
42,mentosrainbow,3.01
42,ritzbitspeanutbutter,2.58
42,doritosnachocheese,2.56
42,twix,10
42,milanocookies,2.79
42,popcornwhitecheddar,3.32
42,laffytaffysourapple,3.08
42,hostesscupcakes,0.72
42,lindtdarkchocolate,3.54
42,blowpopcherry,5.9
42,sunchipscheddar,2.63
42,snickerspeanutbutter,6.45
42,mmspeanuts,9.82
42,layssweetsouthernheatbarbecue,3.92
42,blowpopwatermelon,8.76
42,combospizzeria,4.8
42,snydersoriginalnibblers,7.99
42,airheadsblueraspberry,8.52
42,nerdsrope,2.83
42,oreosgolden,3.35
42,ghirardellicaramelsquares,3.39
42,cheetospuffs,4.76
42,chipsahoy,9.26
42,munchiesjalapenocheddar,8.22
42,snyderspretzelsticks,2.49
42,mmspretzel,2.4
42,swedishfishassorted,3.5
42,pez,7.25
42,fritosbbq,1.33
42,fritos,9.01
42,milkywaycaramel,3.58
42,cheesepeanutbuttercrackers,3.58
42,grandmaspeanutbuttercookies,1.37
43,caramelapplepops,5.74
43,hostesspowdereddonut,7.98
43,layssourcreamandonion,1.99
43,mentosrainbow,2.01
43,snydershoneymustardonionnibblerpretzels,2
43,mmsmilkchocolate,1.99
43,sunchipsfrenchonion,7.64
43,munchiesnachocheese,6.74
43,kettlejalapenochips,1.62
43,swedishfishassorted,1.62
43,babyruth,3.91
43,sunchipscheddar,2.33
43,take5,6.19
43,blowpopwatermelon,7.72
43,pez,8.26
43,trailmix,5.29
43,kitkatwhitechocolate,5.59
43,ghirardellidarkchocolatesquares,7
43,nerdsrope,8.08
43,fritosbbq,4.28
43,heathbar,7.09
43,kettlesaltpepperchips,3.99
43,ritzbitspeanutbutter,4.01
43,giantsweetarts,3.57
43,goldfishcheddar,6.4
43,mmspeanuts,4.03
43,popcornersjalapeno,6.84
43,milkyway,1.28
43,hostesschocolatedonuts,3.47
43,grandmaschocolatechipcookies,5.92
43,crunch,3.38
43,sourpunchstrawsapple,6.41
43,hostesscupcakes,6.82
43,sunchipsgardensalsa,9.14
43,roldgoldtinytwistpretzels,3.62
43,ghirardellimilkchocolatesquares,7.05
43,starbursttropical,0.8
43,snyderspretzelsticks,7.86
43,snickers,8.22
43,layssweetsouthernheatbarbecue,8.78
43,snydersminipretzels,8.21
43,reesesbigcup,2.25
43,toblerone,3.93
43,laysclassic,4.13
43,bunchacrunch,8.06
43,pringlescheddar,5.18
43,mmsmint,3.77
43,famousamos,3.09
43,chipsahoy,2.71
43,nerdsstrawberrygrape,7.63
43,dovecaramelmilkchocolate,7.09
43,dovedarkchocolatebites,6.21
43,butterfinger,6.42
43,kettlebbqchips,7.17
43,skittles,0.83
43,lindtdarkchocolate,5.33
43,spree,6.1
43,rufflescheddarsourcreamchips,0.26
43,mmspretzel,4.18
43,goobers,7.75
43,gobstoppers,7.19
43,cheezit,9.97
43,dovemilkpeanutbutterbites,9.49
43,combospizzeria,2.5
43,sunchipsoriginal,7.56
43,snickersdarkchocolate,5.21
43,popcornwhitecheddar,7.31
43,lindtmilkchocolate,4.69
43,twizzlersstrawberry,0.44
43,whoppers,3.92
43,shockers,2.88
43,doritospicychili,9.42
43,butterfingerbites,9.56
43,starburst,7.64
43,milkduds,2.89
43,milkywaycaramel,8.47
43,sourpunchstrawsstrawberry,9.09
43,grandmaspeanutbuttercookies,2.91
43,snickerspeanutbutter,4.19
43,cheesepeanutbuttercrackers,7.27
43,keeblerrainbowcookies,7.65
43,oreos,8.51
43,airheadsgreenapple,8.32
43,milkywaydark,8.79
43,funyuns,3.21
43,dots,3.96
43,runts,6.6
43,ghirardellicaramelsquares,6.32
43,airheadscherry,5.11
43,cheetoscrunchy,6.99
43,cheezitwhitecheddar,8.72
43,snickersalmond,1.12
43,snydersoriginalnibblers,7
43,chexmixtraditional,4.39
43,reesespieces,7.47
43,cheetospuffs,7.02
43,milanocookies,3.89
43,lifesaversgummiessours,6.01
43,juniorcaramels,6.07
43,lifesaversgummies,6.31
43,laffytaffysourapple,2.24
43,warheads,7.26
43,gummywormssour,9.08
43,popcornerswhitecheddar,8
43,oreosgolden,7.01
43,skittlestropical,6.21
43,chexmixcheddar,5.47
43,juniormints,6.22
43,reesespeanutbuttercup,2.62
43,munchiespeanutbutter,2.91
43,doritoscoolranch,1.61
43,blowpopblueraspberry,1.88
43,airheadsblueraspberry,1.26
43,skittlessours,2.48
43,blowpopsourapple,3
43,keeblerfudgestripes,9.29
43,raisinetsmilkchocolate,9.53
43,munchiesjalapenocheddar,9.49
43,blowpopcherry,9.22
43,razzles,3.51
43,slimjim,3.95
43,twixpeanutbutter,3.99
43,kitkat,6.84
43,fritos,3.02
43,twix,3.58
43,comboscheddar,1.94
43,skittlewildberry,3.63
43,mikeikezours,0.95
43,swedishfish,2.08
43,airheadswatermelon,6.92
43,layscheesygarlicbread,5.56
43,almondjoy,6.51
43,grandmasoatmealraisincookies,7.86
43,100grand,7.09
43,ritzbitscheese,5.81
43,doritosnachocheese,8.77
43,yorkpeppermintpatty,9.34
43,pringlesoriginal,2.33
43,kettlesaltvinegarchips,9.46
43,laysdillpickle,7.43
43,3musketeers,6.11
43,sourpatchkids,2.3
43,popcornerskettle,7.64
43,pringlessourcreamonion,0.88
44,dovedarkchocolatebites,0
44,twixpeanutbutter,1.27
44,nerdsrope,4.99
44,runts,5.09
44,butterfinger,0.28
44,cheezitwhitecheddar,0.06
44,3musketeers,0.01
44,dovemilkpeanutbutterbites,2.66
44,cheetoscrunchy,0.15
44,mikeikezours,0.01
44,oreosgolden,0.44
44,reesespeanutbuttercup,0.04
44,famousamos,5.6
44,butterfingerbites,3.21
44,blowpopsourapple,2.78
44,milkywaycaramel,7.34
44,mentosrainbow,4.36
44,sourpunchstrawsstrawberry,3.09
44,sunchipsgardensalsa,6.36
44,pringlescheddar,0.03
44,pringlessourcreamonion,0.27
44,laysclassic,2.3
44,comboscheddar,0.02
44,caramelapplepops,3.78
44,kettlejalapenochips,0
44,shockers,0
44,goobers,9.52
44,layscheesygarlicbread,9.51
44,layssourcreamandonion,7.02
44,twix,2.62
44,chipsahoy,0.97
44,laffytaffysourapple,0.15
44,snydersminipretzels,10
44,snydersoriginalnibblers,8.47
44,milkyway,1.51
44,crunch,0.05
44,almondjoy,8.51
44,ghirardellimilkchocolatesquares,1.54
44,airheadswatermelon,0.03
44,babyruth,9.97
44,lindtmilkchocolate,8.35
44,fritosbbq,0.04
44,kettlesaltvinegarchips,1.43
44,hostesscupcakes,0.07
44,mmspeanuts,2.41
44,blowpopblueraspberry,6.04
44,layssweetsouthernheatbarbecue,0.02
44,ritzbitscheese,6.45
44,lifesaversgummies,2.52
44,kitkatwhitechocolate,1.28
44,gobstoppers,9.36
44,twizzlersstrawberry,6.13
44,grandmasoatmealraisincookies,0.31
44,bunchacrunch,0.1
44,ghirardellicaramelsquares,0.02
44,sourpunchstrawsapple,8.69
44,combospizzeria,0.18
44,laysdillpickle,9.97
44,cheetospuffs,7.97
44,popcornerswhitecheddar,7.02
44,razzles,8.06
44,grandmaspeanutbuttercookies,9.96
44,reesespieces,0.06
44,heathbar,0.09
44,keeblerfudgestripes,5.74
44,blowpopwatermelon,2.28
44,kitkat,5.94
44,doritospicychili,9.39
44,ghirardellidarkchocolatesquares,8.37
44,starbursttropical,0.12
44,snickersalmond,1.91
44,giantsweetarts,9.98
44,trailmix,9.98
44,cheesepeanutbuttercrackers,8.02
44,blowpopcherry,0
44,skittlestropical,9.57
44,popcornersjalapeno,5.45
44,toblerone,0.07
44,ritzbitspeanutbutter,1.14
44,hostesschocolatedonuts,7.22
44,kettlebbqchips,0.02
44,reesesbigcup,5.12
44,milkywaydark,0.44
44,100grand,1.69
44,swedishfishassorted,0.13
44,chexmixtraditional,0.01
44,milkduds,0.55
44,mmspretzel,0.65
44,mmsmilkchocolate,5.4
44,sourpatchkids,9.96
44,munchiesnachocheese,6.11
44,whoppers,0
44,airheadscherry,6.56
44,sunchipsoriginal,0.02
44,oreos,0.06
44,roldgoldtinytwistpretzels,3.34
44,hostesspowdereddonut,2.5
44,sunchipscheddar,0.12
44,snickers,6.14
44,snyderspretzelsticks,0.07
44,rufflescheddarsourcreamchips,0.22
44,snydershoneymustardonionnibblerpretzels,0.07
44,snickerspeanutbutter,7.51
44,swedishfish,7.44
44,doritoscoolranch,1.49
44,snickersdarkchocolate,8.32
44,lifesaversgummiessours,0.02
44,take5,1.57
44,doritosnachocheese,0.24
44,funyuns,0.23
44,pez,0.19
44,chexmixcheddar,0.97
44,pringlesoriginal,3.03
44,keeblerrainbowcookies,0.74
44,yorkpeppermintpatty,0.01
44,dovecaramelmilkchocolate,9.3
44,gummywormssour,8.64
44,skittlewildberry,9.46
44,goldfishcheddar,9.02
44,mmsmint,0.02
44,dots,0
44,skittles,0.03
44,kettlesaltpepperchips,0.05
44,popcornerskettle,6.5
44,raisinetsmilkchocolate,1.42
44,airheadsgreenapple,3.26
44,fritos,0.04
44,munchiespeanutbutter,6.81
44,grandmaschocolatechipcookies,6.47
44,popcornwhitecheddar,0.05
44,nerdsstrawberrygrape,0.12
44,skittlessours,0
44,lindtdarkchocolate,0.04
44,airheadsblueraspberry,0.9
44,juniormints,0.02
44,slimjim,0.06
44,starburst,4.37
44,warheads,2.6
44,cheezit,5.06
44,munchiesjalapenocheddar,7.6
44,sunchipsfrenchonion,0.04
44,spree,0.02
44,milanocookies,0.29
44,juniorcaramels,0.05
45,nerdsrope,10
45,kitkatwhitechocolate,9.55
45,oreos,9.96
45,twix,2.21
45,ghirardellicaramelsquares,5.8
45,doritoscoolranch,6.45
45,airheadscherry,5.42
45,raisinetsmilkchocolate,6.09
45,butterfinger,3.93
45,kettlesaltvinegarchips,0.56
45,sourpunchstrawsstrawberry,2.44
45,sunchipscheddar,2.37
45,munchiesnachocheese,0.01
45,sourpunchstrawsapple,3.93
45,doritospicychili,7.15
45,caramelapplepops,2.42
45,milanocookies,0
45,hostesscupcakes,7.17
45,grandmasoatmealraisincookies,8.47
45,cheezit,7.48
45,reesespieces,8.2
45,grandmaspeanutbuttercookies,7.4
45,dots,9.92
45,heathbar,10
45,bunchacrunch,8.64
45,starbursttropical,6.87
45,popcornerswhitecheddar,3.13
45,skittlewildberry,5.03
45,hostesspowdereddonut,3.01
45,layssourcreamandonion,9.26
45,funyuns,0.25
45,lindtdarkchocolate,8.98
45,gobstoppers,7.52
45,snickersdarkchocolate,0.04
45,kitkat,10
45,reesesbigcup,10
45,mmspretzel,1.48
45,lindtmilkchocolate,3.26
45,take5,8
45,pringlessourcreamonion,8.26
45,blowpopsourapple,8.58
45,pringlesoriginal,1.26
45,sunchipsoriginal,7.63
45,lifesaversgummies,8
45,mentosrainbow,0
45,kettlebbqchips,8.02
45,dovedarkchocolatebites,0
45,kettlesaltpepperchips,0.01
45,skittlessours,8.37
45,cheetospuffs,8.71
45,swedishfishassorted,6.63
45,laysclassic,7.66
45,butterfingerbites,5.01
45,kettlejalapenochips,9.33
45,layscheesygarlicbread,4.06
45,crunch,8.45
45,chexmixtraditional,10
45,pringlescheddar,9.98
45,blowpopblueraspberry,6.42
45,famousamos,7.52
45,munchiespeanutbutter,10
45,oreosgolden,8.57
45,laysdillpickle,7.01
45,mikeikezours,7.42
45,airheadswatermelon,9.95
45,snickerspeanutbutter,5.06
45,snydershoneymustardonionnibblerpretzels,2.37
45,chexmixcheddar,4.39
45,skittles,9.98
45,slimjim,4.41
45,cheetoscrunchy,5.51
45,cheesepeanutbuttercrackers,9.83
45,reesespeanutbuttercup,9.97
45,juniormints,1.02
45,trailmix,8.21
45,razzles,0.01
45,runts,3.47
45,yorkpeppermintpatty,6.66
45,mmspeanuts,5.57
45,mmsmilkchocolate,0.01
45,skittlestropical,7.75
45,babyruth,8.68
45,sunchipsfrenchonion,5.02
45,swedishfish,7.47
45,popcornersjalapeno,0.45
45,milkywaydark,0.05
45,fritosbbq,0
45,keeblerfudgestripes,7
45,100grand,7.78
45,laffytaffysourapple,4.99
45,dovecaramelmilkchocolate,7.02
45,shockers,0
45,juniorcaramels,10
45,airheadsblueraspberry,1.1
45,layssweetsouthernheatbarbecue,2
45,pez,2.55
45,goobers,6.78
45,nerdsstrawberrygrape,8.47
45,toblerone,3.57
45,combospizzeria,0
45,popcornerskettle,1.98
45,whoppers,0.02
45,3musketeers,0
45,keeblerrainbowcookies,0.03
45,almondjoy,9.75
45,snydersoriginalnibblers,0
45,munchiesjalapenocheddar,3.52
45,blowpopcherry,10
45,dovemilkpeanutbutterbites,8.15
45,gummywormssour,5.56
45,warheads,6.46
45,twizzlersstrawberry,6.36
45,milkywaycaramel,5.38
45,ghirardellidarkchocolatesquares,7.67
45,starburst,1.9
45,mmsmint,7
45,lifesaversgummiessours,6.53
45,milkduds,8.39
45,rufflescheddarsourcreamchips,0.06
45,chipsahoy,0
45,popcornwhitecheddar,4.02
45,roldgoldtinytwistpretzels,2.2
45,sourpatchkids,3.97
45,hostesschocolatedonuts,8.7
45,comboscheddar,7.06
45,airheadsgreenapple,4.55
45,giantsweetarts,9.23
45,snickers,7.49
45,fritos,7.6
45,spree,9.37
45,ghirardellimilkchocolatesquares,0
45,milkyway,9.79
45,grandmaschocolatechipcookies,2.56
45,snickersalmond,5.56
45,doritosnachocheese,4.52
45,ritzbitscheese,9.97
45,goldfishcheddar,8
45,ritzbitspeanutbutter,9.74
45,snydersminipretzels,3.99
45,cheezitwhitecheddar,0
45,snyderspretzelsticks,5.43
45,blowpopwatermelon,2.48
45,twixpeanutbutter,9.57
45,sunchipsgardensalsa,6.37
46,toblerone,2.4
46,milkywaycaramel,8.17
46,blowpopcherry,0.36
46,blowpopblueraspberry,0.53
46,gobstoppers,0.61
46,oreosgolden,0
46,keeblerrainbowcookies,4.38
46,airheadsgreenapple,3.18
46,hostesspowdereddonut,1.99
46,oreos,0.98
46,lifesaversgummies,2.6
46,chexmixtraditional,0.12
46,dovecaramelmilkchocolate,2.28
46,sunchipsfrenchonion,4
46,juniorcaramels,5.21
46,mmsmilkchocolate,1.68
46,rufflescheddarsourcreamchips,1.27
46,kettlesaltvinegarchips,3
46,cheetospuffs,3.03
46,layscheesygarlicbread,7.31
46,skittlewildberry,9.42
46,pringlescheddar,4.46
46,babyruth,7.8
46,mikeikezours,4.87
46,popcornerskettle,2.85
46,laysdillpickle,1.56
46,take5,3
46,sunchipsoriginal,7.25
46,ghirardellidarkchocolatesquares,6.45
46,kettlejalapenochips,6.23
46,milkduds,0
46,cheetoscrunchy,4.65
46,layssourcreamandonion,10
46,hostesschocolatedonuts,10
46,butterfinger,10
46,crunch,0.47
46,gummywormssour,5.26
46,kitkat,2.28
46,reesesbigcup,10
46,munchiesnachocheese,10
46,100grand,10
46,trailmix,0.42
46,dovedarkchocolatebites,1
46,lindtdarkchocolate,10
46,nerdsstrawberrygrape,0.87
46,starburst,2.17
46,whoppers,2.43
46,blowpopsourapple,5.52
46,hostesscupcakes,4.43
46,twix,3.37
46,snydershoneymustardonionnibblerpretzels,5
46,lifesaversgummiessours,3.99
46,swedishfish,3.67
46,chipsahoy,2.99
46,mmspretzel,7.25
46,sourpatchkids,6.15
46,juniormints,6.13
46,dots,10
46,goobers,6.01
46,swedishfishassorted,9.47
46,snydersminipretzels,3.01
46,laysclassic,4.57
46,popcornersjalapeno,5.56
46,snickersalmond,0
46,skittlessours,3.01
46,kitkatwhitechocolate,8.57
46,munchiespeanutbutter,4.15
46,airheadswatermelon,3
46,laffytaffysourapple,7.31
46,twixpeanutbutter,0.16
46,sourpunchstrawsapple,0.21
46,cheezit,10
46,popcornerswhitecheddar,10
46,dovemilkpeanutbutterbites,7.69
46,snyderspretzelsticks,9.3
46,3musketeers,8.59
46,bunchacrunch,6.15
46,raisinetsmilkchocolate,0
46,butterfingerbites,3.16
46,comboscheddar,10
46,keeblerfudgestripes,1
46,snickersdarkchocolate,6.22
46,starbursttropical,2.99
46,funyuns,4.74
46,reesespieces,1.92
46,slimjim,0.13
46,pringlessourcreamonion,0
46,grandmaschocolatechipcookies,0.68
46,lindtmilkchocolate,0.34
46,mmsmint,5.5
46,nerdsrope,0.88
46,skittles,0
46,kettlesaltpepperchips,10
46,sunchipsgardensalsa,7.82
46,doritosnachocheese,3.19
46,ritzbitspeanutbutter,6.99
46,doritoscoolranch,3.03
46,ritzbitscheese,10
46,caramelapplepops,5.7
46,fritos,9.26
46,razzles,0
46,pez,6.62
46,milanocookies,10
46,combospizzeria,5.3
46,layssweetsouthernheatbarbecue,4.48
46,famousamos,6.42
46,fritosbbq,8.85
46,skittlestropical,4.01
46,mentosrainbow,0
46,snickers,0
46,milkywaydark,1
46,chexmixcheddar,1.17
46,airheadsblueraspberry,5.58
46,almondjoy,2.76
46,sunchipscheddar,3.27
46,milkyway,2.71
46,grandmaspeanutbuttercookies,6.34
46,heathbar,6.22
46,cheesepeanutbuttercrackers,8.06
46,runts,4.5
46,twizzlersstrawberry,6.87
46,warheads,8.73
46,blowpopwatermelon,10
46,kettlebbqchips,7.23
46,munchiesjalapenocheddar,4.76
46,goldfishcheddar,4.24
46,grandmasoatmealraisincookies,0.49
46,doritospicychili,0.76
46,mmspeanuts,1.22
46,sourpunchstrawsstrawberry,10
46,roldgoldtinytwistpretzels,5.24
46,snickerspeanutbutter,8.22
46,spree,10
46,giantsweetarts,0.36
46,yorkpeppermintpatty,1.75
46,airheadscherry,4.23
46,ghirardellicaramelsquares,9.99
46,cheezitwhitecheddar,10
46,ghirardellimilkchocolatesquares,3.54
46,pringlesoriginal,5.1
46,popcornwhitecheddar,0
46,snydersoriginalnibblers,1.34
46,shockers,1.24
46,reesespeanutbuttercup,10
